entry_id,entry_type,parent_id,title,description,metadata,version,text_content,code_content,sparse_title_description,dense_text_content,dense_code_snippet,tag
15_1_0_errors_no_script_component_in_head_mdx,document,,No Script Component in Head,,{'related_links': []},15.1.0,"> Prevent usage of `next/script` in `next/head` component.

## Why This Error Occurred

The `next/script` component should not be used in a `next/head` component.

## Possible Ways to Fix It

Move the `<Script />` component outside of `<Head>` instead.

**Before**

```jsx filename=""pages/index.js""
import Script from 'next/script'
import Head from 'next/head'

export default function Index() {
  return (
    <Head>
      <title>Next.js</title>
      <Script src=""/my-script.js"" />
    </Head>
  )
}
```

**After**

```jsx filename=""pages/index.js""
import Script from 'next/script'
import Head from 'next/head'

export default function Index() {
  return (
    <>
      <Head>
        <title>Next.js</title>
      </Head>
      <Script src=""/my-script.js"" />
    </>
  )
}
```

## Useful Links

- [next/head](/docs/pages/api-reference/components/head)
- [next/script](/docs/pages/building-your-application/optimizing/scripts)Prevent usage of `` in `` component.
",,"[(np.int64(23), np.float64(0.06211715564131737)), (np.int64(438), np.float64(0.17494840919971466)), (np.int64(3288), np.float64(0.09432924538850784)), (np.int64(44816), np.float64(0.29439470171928406)), (np.int64(54137), np.float64(0.21633756160736084)), (np.int64(84654), np.float64(0.2589145302772522))]","[-0.008686748333275318, 0.020366184413433075, -0.04576174542307854, 0.02757091447710991, -0.006019168999046087, -0.029879624024033546, -0.00848436076194048, -0.004004559013992548, -0.005590877495706081, -0.007937300950288773, -0.004310117568820715, 0.0031062995549291372, -0.030708858743309975, -0.03226753696799278, -0.028710246086120605, -0.00869613979011774, 0.0022307299077510834, 0.010748046450316906, 0.01527015957981348, 0.014959750697016716, -0.025081459432840347, -0.025381367653608322, 0.014398534782230854, 0.04191216453909874, -0.014484088867902756, 0.0029609662014991045, -0.01199198979884386, 0.014449519105255604, 0.022775251418352127, 0.05605781823396683, 0.010632675141096115, -0.0306599922478199, 0.0039598350413143635, 0.009104379452764988, -0.022473245859146118, -0.0012665903195738792, 0.016737477853894234, -0.00487746624276042, -0.026046330109238625, 0.011398743838071823, -0.00817831326276064, 0.03601003438234329, 0.015292595140635967, -0.05848512053489685, -0.004517245572060347, 0.004893956705927849, 0.02344396337866783, -0.014278518967330456, 0.02710312232375145, 0.023651378229260445, -0.03192153573036194, 0.004527694545686245, 0.029775088652968407, -0.08051077276468277, 0.05210494250059128, 0.008994108065962791, -0.0024808798916637897, -0.030675336718559265, -0.007714400999248028, 0.01929621957242489, -0.026387622579932213, -0.029248356819152832, -0.016645440831780434, 0.023015785962343216, 0.012217051349580288, 0.011735047213733196, -0.031183723360300064, 0.007846861146390438, -0.031049029901623726, -0.05033998563885689, -0.0015279775252565742, -0.006605875678360462, -0.028302280232310295, -0.030126862227916718, -0.007564233615994453, 0.03679423779249191, 0.03572355955839157, -0.06193205714225769, -0.020105550065636635, 0.025599339976906776, 0.01577651873230934, -0.02584792487323284, 0.025342648848891258, -0.0003744271816685796, 0.03340798616409302, -0.005163421854376793, -0.038917094469070435, 0.02342384122312069, 0.02887147106230259, 0.031047316268086433, -0.011645764112472534, -0.04902293533086777, 0.04405626654624939, -0.0229021068662405, -0.02051440253853798, 0.028663363307714462, 0.018782537430524826, 0.006406593602150679, 0.05431925505399704, -0.04401392489671707, 0.0015831290511414409, 0.0035421547945588827, -0.0012468008790165186, -0.029691699892282486, 0.09453529119491577, 0.03445706516504288, 0.030796406790614128, 0.009234068915247917, 0.04444088786840439, -0.020490426570177078, 0.02155192382633686, 0.015788257122039795, 0.009532751515507698, -0.011474775150418282, -0.012812050059437752, -0.020430415868759155, 0.009462651796638966, -0.048605699092149734, 0.02740403451025486, -0.02572452463209629, 0.016896521672606468, 0.022487035021185875, 0.024110637605190277, -0.025009309872984886, 0.05347864329814911, 0.010312245227396488, -0.012096932157874107, 0.020816124975681305, -0.036574915051460266, -0.022597774863243103, 0.0011518876999616623, 0.022220905870199203, 0.04484144225716591, 0.032042454928159714, -0.018946591764688492, 0.03922131657600403, -0.001382663962431252, 0.014654451049864292, 0.017664240673184395, -0.07009436935186386, 0.017014846205711365, 0.016270717605948448, 0.013432914391160011, -0.018590489402413368, 0.022424671798944473, 0.017640309408307076, 0.03140191361308098, 0.03277977555990219, 0.021291740238666534, -0.04710574448108673, -0.000516611966304481, 0.05512343719601631, 0.014333000406622887, -0.012397966347634792, 0.04664549604058266, -0.00790976919233799, -0.01992015726864338, 0.007382545154541731, 0.03858879208564758, 0.0022266933228820562, -0.016062041744589806, -0.011533490382134914, -0.031833287328481674, 0.020073644816875458, 0.04095795378088951, -0.041850246489048004, -0.010490204207599163, -0.0015335290227085352, -0.0249104592949152, -0.016282642260193825, 0.008463549427688122, -0.006831133272498846, 0.03713146597146988, -0.02679702639579773, 0.024447686970233917, 0.040234051644802094, 0.02490910142660141, 0.009456761181354523, -0.026253025978803635, -0.008517906069755554, -0.0028884517960250378, 0.031859200447797775, 0.005926190409809351, -0.05049756541848183, -0.041480451822280884, -0.003853522939607501, 0.025331104174256325, -0.0229337178170681, -0.010098805651068687, -0.0008544855518266559, -0.053206201642751694, -0.03955845534801483, 0.09249628335237503, 0.01685604453086853, 0.04605213552713394, -0.010549163445830345, 0.021837687119841576, -0.0637984648346901, 0.009022017940878868, 0.018588609993457794, -0.024130625650286674, 0.01726606674492359, 0.006105071399360895, -0.014332741498947144, -0.04142308235168457, -0.005083461757749319, -0.03489387780427933, -0.036001116037368774, 0.003941026516258717, 0.009211371652781963, 0.0283061470836401, -0.039246685802936554, -0.01974250003695488, 0.0010552265448495746, -0.0440538227558136, 0.014149455353617668, -0.008242130279541016, -0.005668552592396736, -0.012582152150571346, -0.06457512825727463, -0.009788489900529385, -0.01634828932583332, -0.012161248363554478, 0.0023983961436897516, 0.020550068467855453, 0.009203366935253143, 0.08335696160793304, 0.010259595699608326, 0.05194935202598572, 0.023556319996714592, -0.003800999838858843, -0.020246721804142, 0.02071475051343441, -0.039089053869247437, 0.04068825766444206, -0.04278252273797989, -0.028643470257520676, -0.013603839091956615, 0.0017404623795300722, 0.012005318887531757, 0.04252574220299721, -0.02550038881599903, 0.017264720052480698, 0.030870359390974045, -0.05789056047797203, -0.031253475695848465, 0.05172654986381531, -0.003001138102263212, -0.015597742050886154, 0.01910647377371788, 0.004134020302444696, 0.032157476991415024, -0.010466360487043858, -0.0008123508305288851, 0.02561846747994423, 0.008149487897753716, -0.037329185754060745, -0.02498129941523075, -0.0059057180769741535, -0.03064233437180519, -0.0021249332930892706, 0.07031763345003128, -5.64578986086417e-05, 0.006551606580615044, -0.012032734230160713, 0.0082620307803154, -0.014727462083101273, -0.01821049116551876, -0.007274743169546127, 0.011221611872315407, -0.07789021730422974, 0.005468744318932295, 0.055647123605012894, -0.051124174147844315, -0.024645211175084114, 0.026881026104092598, -0.014661013148725033, -0.025055814534425735, 0.09128426015377045, 0.014347068965435028, -0.02937471494078636, 0.0371621698141098, 0.05462118983268738, 0.03706604987382889, 0.05902271717786789, 0.01171309594064951, -0.03703499212861061, -0.07285601645708084, 0.01859566755592823, 0.04785258322954178, -0.04200279340147972, 0.015399421565234661, 0.035836443305015564, -0.010985593311488628, -0.02290724404156208, 0.042631108313798904, 0.02770927920937538, -0.133284330368042, -0.042318616062402725, 0.047558363527059555, -0.026000728830695152, 0.03346814215183258, 0.01927938684821129, -0.036878641694784164, -0.013753009028732777, -0.017575431615114212, 0.02436419576406479, -0.030842669308185577, -0.04788024723529816, 0.0037674165796488523, -0.030689239501953125, 0.002711365930736065, 0.03640104830265045, -0.016371559351682663, -0.0059890784323215485, 0.03542393445968628, -0.034929245710372925, -0.024811802431941032, -0.018725641071796417, 0.01732647977769375, -0.01695803552865982, -0.011815465055406094, -0.04647689312696457, 0.06508547812700272, 0.018974753096699715, -0.03946814313530922, 0.004892419558018446, -0.03456480801105499, -0.03811846673488617, -0.005164436995983124, 0.008300453424453735, 0.0013605301501229405, 0.02688843384385109, 0.00016578618669882417, 0.0012472930829972029, -0.05101228877902031, -0.02972627431154251, 0.0456518828868866, 0.03179057314991951, -0.00833199080079794, -0.007689721416682005, 0.05159476026892662, -0.06264456361532211, 0.008624262176454067, -0.044690631330013275, -0.029617493972182274, -0.03371948003768921, 0.007261497434228659, 0.008199972100555897, -0.00812297873198986, 0.0012578468304127455, -0.00777856633067131, 0.024729805067181587, -0.009388741105794907, 0.03510522097349167, -0.04386788606643677, 0.009947710670530796, 0.015199596993625164, -0.05067026615142822, 0.03483790159225464, -0.02435007505118847, -0.04835702106356621, 0.002796629909425974, 0.03774004057049751, -0.03630372881889343, 0.035835422575473785, -0.034479305148124695, 0.007144035305827856, -0.05484569072723389, 0.02200719527900219, 0.0047347950749099255, -0.007304362952709198, -0.012380018830299377, 0.04896211996674538, -0.003174327313899994, 0.017914103344082832, -0.10897886008024216, 0.021868208423256874, 0.016141807660460472, -0.018801821395754814, 0.042548589408397675, -0.015878798440098763, -0.005747056100517511, -0.0012366236187517643, -0.014761150814592838, -0.004505142569541931, 0.21945004165172577, 0.03898180276155472, 0.04731960594654083, -0.006428796797990799, 0.055160265415906906, -0.012958980165421963, 0.00043283417471684515, 0.005160846747457981, 0.05997290834784508, -0.051905665546655655, -0.016528960317373276, 0.002713682595640421, 0.02196463942527771, -0.008622214198112488, 0.04210423678159714, 0.03512883186340332, -0.01836983673274517, 0.0526614747941494, 0.05152377486228943, -0.0662035420536995, 0.019839856773614883, -0.039788421243429184, 0.05712943524122238, 0.02500097081065178, -0.06861893087625504, 0.016165731474757195, -0.017202487215399742, 0.029016295447945595, -0.054845087230205536, 0.021727439016103745, -0.028913890942931175, 0.04785454273223877, 0.05618356540799141, -0.10147147625684738, -0.015124170109629631, -0.03648034855723381, 0.03323417901992798, -0.013481968082487583, -0.02115575410425663, 0.003717830404639244, -0.004356549587100744, 0.0032360036857426167, 0.0053699687123298645, 0.012525806203484535, 0.005452933255583048, -0.001992227043956518, -0.01939556375145912, -0.002091317670419812, 0.0339771993458271, -0.016256125643849373, -0.017535362392663956, -0.020637592300772667, 0.005021252203732729, 0.000486187229398638, -0.02345971204340458, -0.006573664490133524, -0.009797153994441032, 0.012515353970229626, 0.002938403282314539, 0.0343264676630497, 0.009821007028222084, 0.0241832472383976, -0.002989226719364524, 0.009568900801241398, -0.009848957881331444, -0.009614529088139534, 0.009042486548423767, -0.04138961806893349, 0.011266689747571945, 0.05694040656089783, 0.025260450318455696, -0.000979340635240078, 0.034186236560344696, -0.031114190816879272, -0.024143867194652557, -0.04575430974364281, -0.0003986921801697463, 0.019417230039834976, -0.050714049488306046, 0.05242333933711052, -0.001690157107077539, 0.01409263163805008, -0.04941193759441376, -0.021966276690363884, 0.006313856225460768, -0.003903549863025546, 0.00899101048707962, 0.05892113223671913, -0.02871917188167572, 0.00259564071893692, 0.01724528707563877, -0.014466107822954655, -0.01974356546998024, 0.05549218878149986, -0.03684621676802635, -0.009545383043587208, 0.024113062769174576, 0.013951409608125687, 0.0033211365807801485, 0.016254529356956482, -0.02837592363357544, -0.011742892675101757, -0.019512534141540527, -0.08181650936603546, 0.04120989143848419, -0.02300604060292244, 0.03196165710687637, -0.008407355286180973, 0.017686495557427406, -0.006456075236201286, -0.029672794044017792, 0.004145060665905476, 0.046894676983356476, -0.0063727549277246, -0.02383151464164257, 0.014293641783297062, 0.0262261014431715, 0.0004290764045435935, -0.0008418148499913514, 0.03980378434062004, 0.016307178884744644, 0.0034978303592652082, -0.033452462404966354, 0.011300547979772091, 0.025561708956956863, -0.02650751918554306, -0.004359557759016752, -0.026983048766851425, -0.03468197211623192, 0.01891031488776207, 0.03683217614889145, -0.015869908034801483, -0.07220293581485748, 0.032725390046834946, 0.0005280559416860342, 0.007134045474231243, 0.015183341689407825, 0.020962674170732498, -0.00973032508045435, -0.003628541948273778, -0.0069502731785178185, -0.030583197250962257, 0.0072622443549335, 0.03740936890244484, 0.02565649151802063, 0.07144119590520859, 0.004701224621385336, -0.015245887450873852, -0.0065704695880413055, 0.025949152186512947, 0.021051667630672455, 0.046836428344249725, 0.040632475167512894, -0.042289044708013535, -0.03246181830763817, -0.06954635679721832, -0.0036907305475324392, -0.017480576410889626, 0.03066805936396122, 0.0018930664518848062, 0.007958461530506611, 0.03326869010925293, 0.03894216939806938, 0.0009610864799469709, 0.03692500665783882, 0.027605140581727028, -0.04334385320544243, -0.0002533405786380172, -0.020038068294525146, 0.012464509345591068, -0.006936405785381794, -0.04190175607800484, -0.011524969711899757, 0.012383551336824894, -0.0340474434196949, -0.012518931180238724, -0.07316280901432037, 0.006985943764448166, 0.012262021191418171, -0.024147331714630127, 0.009006726555526257, -0.00010989655129378662, -0.04308631271123886, -0.02701479382812977, 0.03810669481754303, 0.0021431995555758476, 0.029385458678007126, -0.013224232010543346, 0.036220844835042953, -0.05023553594946861, -0.033427588641643524, 0.09757215529680252, 0.0075401128269732, -0.0015272349119186401, 0.05114533752202988, -0.02832542546093464, 0.096034936606884, -0.00866291206330061, -0.013528943993151188, -0.008230331353843212, 0.018870923668146133, 0.01530471071600914, -0.008085615001618862, 0.04905351623892784, -0.03278215974569321, -0.02005532570183277, 0.0008923460845835507, -0.001404531765729189, -0.038098178803920746, 0.026545358821749687, 0.01511305384337902, 0.046081673353910446, -0.05911892652511597, 0.03002854995429516, 0.046298250555992126, -0.021969271823763847, 0.06091083213686943, 0.026392048224806786, -0.016193106770515442, -0.010599259287118912, 0.009966889396309853, -0.0018680650973692536, 0.00794325489550829, -0.07876526564359665, 0.0071980939246714115, -0.022164400666952133, -0.002606816589832306, -0.019621195271611214, 0.011386092752218246, -0.010150122456252575, -0.015048699453473091, 0.058539047837257385, 0.041592538356781006, -0.03972610458731651, 0.016228483989834785, 0.015227384865283966, -0.02071451209485531, 0.02159741334617138, 0.07531790435314178, -0.01167089119553566, 0.01404979731887579, -0.026647131890058517, 0.05113022401928902, 0.033233143389225006, 0.0030867524910718203, -0.0007635834044776857, 0.01743343099951744, -0.02094293013215065, -0.0336509607732296, -0.009401550516486168, -0.0015040910802781582, 0.020730415359139442, -0.00044769421219825745, -0.007320365868508816, -0.0030939332209527493, -0.008391527459025383, 0.03399913012981415, 0.007645535282790661, -0.05457040295004845, 0.003577336436137557, -0.004592814948409796, 0.013395554386079311, -0.03417138382792473, 0.0031578117050230503, -0.00899153109639883, -0.0009033308597281575, 0.03486424684524536, -0.06439822167158127, -0.011793438345193863, -0.06016096845269203, -0.02562255598604679, -0.010047144256532192, -0.01271704863756895, -0.024324441328644753, 0.021781861782073975, -0.010487261228263378, 0.007498651277273893, 0.0018566864309832454, 0.0564044825732708, -0.07314205169677734, -0.021102985367178917, -0.044322773814201355, 0.02915656939148903, 0.05540243163704872, 0.03785870596766472, 0.01977802999317646, 0.059594254940748215, 0.04224767908453941, -0.009144583716988564, -0.021262286230921745, 0.0051501099951565266, -0.025690393522381783, -0.04387348145246506, -0.03260381892323494, -0.021671315655112267, -0.0025754545349627733, 0.011190727353096008, -0.0025717851240187883, 0.03397955000400543, 0.020755261182785034, -0.012856938876211643, -0.014055621810257435, -0.013524160720407963, -0.015796121209859848, -0.02366000972688198, 0.04392465204000473, 0.020177019760012627, -0.009935559704899788, -0.0024623849894851446, -0.007618639152497053, -0.013226930983364582, -0.04897109791636467, 0.0328417606651783, 0.01652439311146736, 0.05090447515249252, 0.005861436482518911, 0.043032631278038025, -0.021724751219153404, -0.005217442754656076, 0.020556338131427765, 0.0011886721476912498, -0.012580988928675652, -0.044597797095775604, -0.016221923753619194, -0.058788929134607315, -0.0031665933784097433, 0.032959699630737305, -0.0034448173828423023, -0.01573595590889454, -0.04404691979289055, -0.02250533550977707, 0.01808052510023117, -0.004407621920108795, -0.025335272774100304, 0.008242402225732803, -0.011814385652542114, 0.025534387677907944, -0.05789535120129585, 0.01843959279358387, -0.005990264005959034, -0.00632466422393918, -0.03699628636240959, 0.040867820382118225, -0.02936769463121891, 0.005320994183421135, -0.022337328642606735, -0.016976043581962585, -0.013995073735713959, -0.0258269514888525, 0.0033464429434388876, -0.016010113060474396, -0.01998436264693737, -0.013451852835714817, -0.02753976732492447, -0.01913045160472393, 0.03872174769639969, 0.00444300752133131, 0.004999550990760326, 0.032615456730127335, -0.0070754047483205795, -0.039552513509988785, 0.008538760244846344, -0.014090212993323803, -0.015642454847693443, 0.02250773459672928, 0.03734869509935379, -0.0077719539403915405, -0.019405316561460495, -0.02489476650953293, -0.007356880232691765, -0.017932213842868805, -0.03243575990200043, 0.022450722754001617, -0.03756938874721527, 0.01869826391339302, -0.013258122839033604, -0.03387928009033203, 0.001216104137711227, 0.019457530230283737, 0.005091653671115637, -0.01407014299184084, -0.05517727881669998, -0.003980217967182398, -0.0202681515365839, -0.014522486366331577, -0.032925497740507126, -0.02530801296234131, -0.029620440676808357, 0.008743363432586193, -0.0009991130791604519, 0.005515730939805508, 0.02866397611796856, -0.011079704388976097, 0.009686368517577648, -0.12034039944410324, 0.013883478008210659, -0.021147482097148895, 0.038037870079278946, -0.01372107956558466, 0.0019147716229781508, -9.239048085873947e-05, -0.03737413138151169, 0.03806619718670845, -0.024163709953427315, -0.06960109621286392, -0.02028530091047287, -0.0010158584918826818, -0.00870033260434866, -0.010251658968627453, 0.05646778270602226, -0.011727221310138702, 0.022853942587971687, -0.046218086034059525, 0.0025022607296705246, -0.00011272964911768213, -0.0099104605615139, 0.023860346525907516, -0.0016836861614137888, 0.025297781452536583, -0.003579836804419756, 0.00652613490819931, 0.011411307379603386, -0.007510978262871504, 0.01794338785111904, 0.007928374223411083, -0.028113897889852524, -0.016335628926753998, -0.009836412034928799, -0.012497707270085812, 0.029776742681860924, 0.0019997095223516226, 0.004782505799084902, 0.006976892706006765, 0.020182356238365173, 0.01825655810534954, 0.009313266724348068, -0.0182118471711874, -0.052366651594638824, 0.0109225083142519, 0.05300670862197876, -0.01347597036510706, -0.0016339145367965102, -0.0006010415963828564, -0.008362670429050922, 0.015242707915604115, -0.0005937532405368984, -0.01287036668509245, 0.0031375507824122906, -0.00462944945320487, 0.004248924553394318, -0.035117123275995255, 0.008871094323694706, -0.04944195598363876, 0.05050834268331528, -0.011440410278737545, 0.0009984152857214212, -0.017917901277542114, -0.018298888579010963, 0.0006794178625568748, 0.03068634681403637, -0.04854729399085045, 0.027842773124575615, 0.013087432831525803, -0.01371064968407154, -0.00463605672121048, -0.08928943425416946, -0.05469450727105141, -0.01199578307569027, 0.01677316054701805, 0.023834943771362305, -0.025480639189481735, -0.061755526810884476, -0.019575854763388634, 0.021397624164819717, -0.06828519701957703, 0.010236206464469433, -0.08737313002347946, 0.038472980260849, 0.044218700379133224, 0.008836201392114162, -0.00961773470044136, -0.01788048818707466, -0.02578609436750412, -0.05108215659856796, -0.006312742363661528, -0.013837327249348164, -0.01625942252576351, 0.002553605707362294, -0.016835210844874382, 0.008468071930110455, 0.04642114415764809, 0.005832217168062925, 0.01430276408791542, -0.027544450014829636, -0.05339374765753746, -0.013044660910964012, 0.004378982819616795, -0.0015192715218290687, -0.01469441782683134, 0.04189440608024597, 0.025449493899941444, -0.013802132569253445, -0.013214916922152042, -0.04027341306209564, -0.02200084552168846, 0.01704549603164196, -0.02784639783203602, 0.004292489495128393, -0.0881449431180954, 0.0037923993077129126, -0.02992943488061428, 0.007546223700046539, 0.010669058188796043, 0.012615920975804329, 0.0002309246629010886, -0.008468871004879475, -0.018570028245449066, -0.014376823790371418, 0.022926412522792816, -0.012547469697892666, 0.021631402894854546, 0.04982920363545418, -0.029074952006340027, -0.001506066182628274, 0.009594855830073357, -0.05685335770249367, 0.013156664557754993, 0.0035980562679469585, 0.001030350336804986, 0.006215335801243782, 0.009346001781523228, 0.021897267550230026, -0.06483793258666992, 0.03853410482406616, -0.032889846712350845, 0.0006203975644893944, 0.03235975280404091, -0.06864483654499054, -0.01888016052544117, -0.009159923531115055, 0.05104577913880348, -0.00947553664445877, -0.025623679161071777, -0.00239950860850513, 0.0034946142695844173, 0.007557220757007599, -0.00310656800866127, 0.016981571912765503, -0.047527819871902466, 0.00475011020898819, -0.018377039581537247, 0.031021617352962494, -0.037871647626161575, 0.04872594028711319, -0.02879488095641136, -0.027583451941609383, 0.023984339088201523, -0.010911079123616219, -0.009154530242085457, -0.000588432711083442, 0.004900941159576178, 0.022082244977355003, -0.005094548221677542, 0.03878042846918106, -0.01868470199406147, 0.06285499036312103, -0.013004408217966557, 0.007268628105521202, 0.02799825184047222, -0.04252215102314949, -0.0018141396576538682, 0.013009075075387955, 0.03043210320174694, -0.017790330573916435, 0.04616479203104973, -0.010164772160351276, 0.01453755795955658, -0.004973250906914473, 0.05274267494678497, -0.03530658036470413, 0.010818789713084698, 0.030384283512830734, 0.000774298794567585, -0.029198747128248215, -0.04587801173329353, -0.018248360604047775, 0.03651190176606178, 0.015037012286484241, -0.028547605499625206, -9.155764928436838e-06, -0.0023243383038789034, -0.019543852657079697, 0.05320213362574577, 0.03723448887467384, 0.044408347457647324, -0.008989814668893814, 0.055610958486795425, -0.043979398906230927, -0.02241974137723446, 0.04506944119930267, -0.001004389370791614, 0.01995987817645073, 0.017557475715875626, 0.06249634176492691, -0.03951990231871605, -0.002119719050824642, 0.03808651864528656, -0.012997719459235668, -0.040425870567560196, -0.02582724764943123, 0.002989088650792837, 0.06070435047149658, 0.013527749106287956, -0.014718908816576004, 0.04233699291944504, 0.04492393508553505, -0.008591486141085625, -0.0735352411866188, -0.02129870280623436, -0.0088147958740592, -0.004249163903295994, 0.031028643250465393, -0.0004626027657650411, 0.023317648097872734, -0.06919166445732117, 0.016808606684207916, -0.022844847291707993, 0.014670329168438911, 0.026743639260530472, 0.001595257897861302, -0.03303110972046852, 0.02938728965818882, -0.03981159254908562, 0.011926760897040367, 0.026739109307527542, 0.031117519363760948, -0.003808192675933242, 0.02783581241965294]",,
15_1_0_errors_no_script_component_in_head_mdx_section_2,section,15_1_0_errors_no_script_component_in_head_mdx,No Script Component in Head - Why This Error Occurred,,{},15.1.0,"The `` component should not be used in a `` component.
",,"[(np.int64(23), np.float64(0.06696014106273651)), (np.int64(438), np.float64(0.1695350706577301)), (np.int64(3288), np.float64(0.11512711644172668)), (np.int64(3293), np.float64(0.09800750762224197)), (np.int64(44084), np.float64(0.07507553696632385)), (np.int64(44816), np.float64(0.30864521861076355)), (np.int64(54137), np.float64(0.24203597009181976)), (np.int64(64240), np.float64(0.03650883957743645)), (np.int64(84654), np.float64(0.27058055996894836)), (np.int64(212059), np.float64(0.22868388891220093))]","[0.0073065971955657005, 0.024238063022494316, -0.04880835860967636, 0.01583666168153286, -0.015150070190429688, -0.034655358642339706, 0.041550252586603165, 0.043350525200366974, -0.018866827711462975, 0.006097427103668451, 0.028241988271474838, 0.006534256041049957, 0.02111734263598919, -0.04251044616103172, 0.001774266012944281, -0.02793300896883011, 0.03914925828576088, 0.006488119717687368, 0.013116945512592793, -0.004095711745321751, -0.021476073190569878, -0.007515132427215576, -0.04000967741012573, 0.035882897675037384, -0.0040731895714998245, 0.009839032776653767, -0.006483565550297499, 0.024441365152597427, 0.05626340210437775, 0.01257417444139719, -0.012121988460421562, -0.05878555029630661, 0.019372612237930298, -0.03871217370033264, -0.03425928205251694, -0.054983463138341904, -0.015192737802863121, 0.04419068247079849, -0.022685766220092773, -0.021071812137961388, -0.028140606358647346, -0.03204077109694481, -0.005390762351453304, -0.08761696517467499, 0.006732886657118797, -0.02243027836084366, 2.5210938474629074e-05, -0.048948872834444046, -0.004811521619558334, 0.01973532885313034, -0.002709054620936513, 0.0065828366205096245, 0.035149719566106796, -0.04380866512656212, 0.01919807679951191, 0.010557646863162518, -0.016750352457165718, -0.01579306088387966, -0.027390534058213234, 0.0009098643204197288, -0.025855354964733124, -0.0619058795273304, -0.04056491702795029, 0.054818931967020035, -0.010387108661234379, 0.0450703389942646, 0.010514057241380215, 0.017141936346888542, -0.015306334011256695, -0.0547696053981781, -0.02653784118592739, 0.02230217307806015, -0.0026932470500469208, -0.02448166161775589, -0.026388688012957573, 0.04825730249285698, 0.02910061925649643, -0.04120752587914467, -0.042424146085977554, 0.046318236738443375, 0.05050765350461006, -0.012435957789421082, 0.013938197866082191, -0.002825981704518199, 0.03274041414260864, 0.030829668045043945, -0.024532753974199295, -0.0177153367549181, -0.024241028353571892, -0.004318935330957174, -0.03450756147503853, -0.046344906091690063, 0.052558913826942444, 0.013328776694834232, -0.025704417377710342, 0.02163819596171379, 0.009686543606221676, 0.022807758301496506, 0.020857594907283783, -0.022059602662920952, -0.019105687737464905, 0.021368438377976418, -0.016621684655547142, -0.05556679517030716, 0.08194418996572495, -0.027956750243902206, 0.022824503481388092, 0.03822555020451546, 0.036468036472797394, -0.008631649427115917, 0.0131224999204278, 0.03523409739136696, 0.029983609914779663, -0.0023049246519804, 0.0061433687806129456, -0.0018858229741454124, -0.012295030988752842, -0.010182955302298069, 0.06842182576656342, -0.01723632588982582, 0.03136787191033363, 0.01068810187280178, 0.01274959184229374, -0.0227349903434515, 0.04215138033032417, 0.014322688803076744, -0.022028863430023193, 0.03434356302022934, -0.04745953902602196, 0.001579251023940742, -0.009927748702466488, 0.02187945879995823, 0.018640173599123955, -0.011556156910955906, -0.0248867254704237, -0.009742037393152714, 0.020748168230056763, -0.00517193553969264, -0.009116694331169128, -0.07813439518213272, -0.005794181488454342, -0.027989141643047333, 0.04259900376200676, -0.021712759509682655, -0.001648999284952879, 0.007881718687713146, -0.04081997275352478, 0.006914905738085508, 0.007058726157993078, -0.050723254680633545, 0.01134844496846199, 0.006657893769443035, -0.004405613522976637, 0.01801847293972969, 0.04539079591631889, -0.02884117141366005, -0.009180465713143349, 0.0450882762670517, -0.008728804998099804, 0.04219076782464981, 0.0031619148794561625, 0.020640872418880463, -0.024008870124816895, 0.005764548666775227, -0.002837375272065401, -0.010674957185983658, 0.01564898155629635, 0.015105895698070526, -0.025096895173192024, -0.010871476493775845, -0.00474074250087142, -0.010465751402080059, -0.0010000790935009718, -0.014256560243666172, 0.027020469307899475, 0.03722506761550903, 0.030263258144259453, -0.006640186998993158, -0.05696369707584381, -0.0056334929540753365, -0.015747563913464546, -0.009973815642297268, -0.005600066855549812, 0.0426744744181633, -0.025087904185056686, 0.013585993088781834, 0.012637825682759285, -0.014079430140554905, 0.01042312104254961, 0.04586414992809296, -0.04594699665904045, -0.025158140808343887, 0.025987552478909492, -4.653662472264841e-05, 0.028979938477277756, 0.013055983930826187, -0.006656680256128311, 0.004658449906855822, -0.0045991200022399426, 0.017147401347756386, -0.04337695240974426, -0.01262233778834343, 0.04064129292964935, -0.022359251976013184, -0.03859090805053711, 0.02906484343111515, -0.038079939782619476, -0.0605681911110878, 0.02662045694887638, -0.02465808391571045, 0.0686454325914383, -0.026849834248423576, -0.012903759256005287, -0.02425823174417019, -0.0514775849878788, -0.01113496720790863, -0.04542931914329529, 0.0009161243797279894, -0.009054887108504772, -0.0550074465572834, -0.04780524969100952, -0.02917822077870369, 0.008241871371865273, 0.1007331982254982, 0.022581597790122032, -0.016915418207645416, 0.006937997881323099, -0.014535986818373203, 0.049202315509319305, -0.014299668371677399, 0.004314919002354145, -0.03106599487364292, 0.012471155263483524, -0.027473386377096176, 0.08348438888788223, -0.024334734305739403, -0.014678401872515678, 0.05751548334956169, 0.007128659635782242, -0.031028447672724724, -0.02642684243619442, 0.01718500256538391, 0.05293506011366844, 0.01935884729027748, -0.014535547234117985, -0.02232818864285946, 0.003642877098172903, 0.006716740783303976, -0.008894301019608974, -0.044949039816856384, 0.010886220261454582, -0.00330789340659976, -0.018143467605113983, 0.022830858826637268, 0.014867562800645828, 0.0026425975374877453, -0.009859627112746239, -0.0033942521549761295, 0.012737026438117027, -0.03720483556389809, 0.044009651988744736, 0.06722070276737213, 0.009340597316622734, 0.030327817425131798, -0.014003932476043701, -0.019132453948259354, -0.005934210494160652, -0.025524737313389778, 0.023525571450591087, -0.00857603084295988, -0.02760818786919117, -0.03079104609787464, 0.02616242878139019, -0.001624753698706627, -0.021392593160271645, 0.05051835626363754, 0.0001774163538357243, -0.04481066018342972, 0.1027681976556778, -0.013199079781770706, 0.009179813787341118, 0.06045300140976906, 0.04716193675994873, -0.013682511635124683, 0.0020531145855784416, 0.0013287973124533892, -0.030175786465406418, -0.009294857271015644, -0.05866000056266785, 0.0013766568154096603, 0.005269190296530724, -0.003308293642476201, 0.06381644308567047, -0.0028270776383578777, -0.0565161369740963, 0.009833285585045815, 0.0154581842944026, -0.14931730926036835, 0.008245308883488178, 0.008263793773949146, 0.00999071728438139, 0.04875646531581879, 0.010547497309744358, -0.05674292519688606, -0.006012302823364735, 0.010010953061282635, 0.005984143353998661, -0.008256569504737854, -0.05944231152534485, 0.009053663350641727, 0.002867616480216384, 0.010339374653995037, 0.007816294208168983, -0.02947237901389599, -0.022264473140239716, 0.042349036782979965, -0.021656418219208717, -0.021999027580022812, -0.033415287733078, 0.029258010908961296, -0.01602020300924778, 0.00840391032397747, -0.02237936109304428, 0.06411600112915039, 0.028103265911340714, -0.019940800964832306, -0.029774608090519905, -0.07948193699121475, 0.05654020234942436, -0.010572225786745548, 0.047135673463344574, 0.017867695540189743, 0.03107382170855999, 0.024001028388738632, 0.006199547089636326, -0.053654227405786514, -0.030511463060975075, 0.050834234803915024, 0.026971178129315376, -0.009599899873137474, -0.007870763540267944, 0.027949869632720947, -0.07440236955881119, 0.002645909320563078, -0.05991005897521973, -0.031187882646918297, 0.028906583786010742, 0.021192114800214767, -0.02235136181116104, -0.019367529079318047, -0.03614092618227005, -0.006353211589157581, 0.03956354781985283, -0.0013869373360648751, 0.020787836983799934, -0.028789667412638664, 0.01940801739692688, -0.024609632790088654, -0.01785586215555668, 0.0025680779945105314, 0.003430491080507636, -0.03135853260755539, -0.027273263782262802, 0.04397051781415939, -0.03608538955450058, 0.08178693801164627, 0.010035607032477856, -0.021573755890130997, 0.04496541991829872, 0.02364729717373848, 0.0004438743053469807, -0.04997044801712036, -0.01856345869600773, 0.04224545881152153, -0.010781893506646156, -0.019261356443166733, -0.09256239980459213, 0.03477591648697853, -0.02748497948050499, 0.003588026622310281, 0.03810470178723335, -0.002917616395279765, -0.01866760291159153, -0.022669445723295212, 0.028054850175976753, 0.00983328465372324, 0.20185217261314392, 0.04968167096376419, 0.02853771485388279, -0.036565329879522324, 0.03163481503725052, 0.023044321686029434, 0.0017038073856383562, -0.00657372223213315, -0.0016976946499198675, -0.03512777015566826, -0.05021354556083679, -0.023463517427444458, 0.001657446613535285, -0.05258861556649208, 0.020912183448672295, -0.00592177314683795, -0.028558433055877686, 0.019453465938568115, 0.08557002991437912, -0.018909450620412827, 0.0035204971209168434, -0.03186897188425064, 0.05901646986603737, -0.008567649871110916, -0.055991031229496, 0.01099451631307602, -0.023807652294635773, -0.0006634940509684384, -0.021734047681093216, 0.035541173070669174, -0.030146505683660507, 0.0325971394777298, 0.048880089074373245, -0.05675163120031357, 0.03771486505866051, -0.022672083228826523, 0.00014106955495662987, 0.011431938968598843, 0.011086447164416313, 0.03321923315525055, 0.004713229835033417, -0.0024120211601257324, -0.0033316242042928934, -0.0006756170769222081, -0.01585412584245205, -0.002068333560600877, 0.033973753452301025, -0.052072156220674515, 0.015470927581191063, 0.015720581635832787, -0.006756612099707127, -0.01099366694688797, -0.015775399282574654, -0.006325020454823971, -0.01433294266462326, -0.0021373555064201355, -0.060887984931468964, 0.009977472946047783, 0.019122513011097908, 0.03950507193803787, 0.0535113550722599, 0.018939124420285225, 0.0002952836803160608, 0.008719036355614662, -0.0031267404556274414, 0.01840655319392681, -0.029614487662911415, -0.027633002027869225, 0.006155380513519049, 0.018244298174977303, 0.027366260066628456, 0.0038195301312953234, 0.003774087643250823, 0.006250589620321989, 0.013323446735739708, 0.02589149959385395, 0.03615228459239006, 0.031873684376478195, -0.04002775996923447, 0.006811818107962608, -0.02411487326025963, -0.026801802217960358, -0.029997680336236954, -0.020319471135735512, -0.0002229793753940612, -0.05055418238043785, -0.017659641802310944, 0.01872619427740574, -0.05185087025165558, -0.03659069538116455, -0.013680962845683098, 0.002986626699566841, -0.008530268445611, -0.029990434646606445, -0.06744547188282013, -0.018038496375083923, 0.04812520742416382, 0.016072414815425873, -0.016269177198410034, -0.02476176992058754, -0.041389349848032, -0.03023482859134674, -0.021370964124798775, -0.031779322773218155, 0.06181693077087402, -0.012845342978835106, -0.013599665835499763, -0.056766610592603683, 0.004061152692884207, -0.030590960755944252, 0.00036831083707511425, 0.03599715977907181, -0.02211018092930317, 0.04071660339832306, 0.009227895177900791, 0.025638269260525703, 0.007625814992934465, 0.030553843826055527, -0.011714794673025608, 0.03142975643277168, -0.02731664851307869, -0.08746165782213211, 0.03830031305551529, -0.019604071974754333, -0.04453502222895622, -0.007291355635970831, -0.04549902677536011, -0.021280063316226006, -0.018617838621139526, 0.029286157339811325, 0.047196898609399796, -0.025673508644104004, -0.10185854882001877, 0.034302596002817154, 0.03541059419512749, -0.03502630814909935, 0.01570739783346653, 0.03132452443242073, -0.013129682280123234, -0.02208751067519188, -0.03769265487790108, -0.01403158437460661, -0.0018725997069850564, 0.06092006713151932, -0.004121088422834873, -0.014875896275043488, -0.031064916402101517, -0.013790159486234188, 0.010789072141051292, 0.03276548534631729, 0.0351545624434948, 0.04448552057147026, -0.021977869793772697, -0.029126042500138283, -0.0057101259008049965, -0.05032092705368996, -0.0031804500613361597, 0.016773881390690804, -0.006257275119423866, -0.01529511995613575, 0.014193960465490818, 0.014917228370904922, 0.056325532495975494, 0.021804044023156166, 0.04349382221698761, 0.10768923908472061, -0.02773737721145153, 0.028283515945076942, -0.002306019188836217, -0.032858435064554214, 0.02992101013660431, -0.0304552149027586, -0.02941041626036167, 0.019900359213352203, -0.025081628933548927, -0.00256602605804801, -0.03346159681677818, 0.016808217391371727, -0.017136456444859505, -0.017167774960398674, 0.00581299839541316, 0.0028438731096684933, -0.018595626577734947, 0.0125883212313056, 0.014634120278060436, 0.0023749424144625664, 0.03464387357234955, -0.023190967738628387, 0.03957781568169594, -0.047466643154621124, -0.023359613493084908, 0.10526187717914581, -0.02420775219798088, -0.0286317840218544, 0.04173409566283226, -0.014151595532894135, -0.009184413589537144, -0.023021256551146507, -0.023799853399395943, -0.050306301563978195, -0.005889941472560167, 0.018047744408249855, -0.004153617657721043, 0.0040675196796655655, -0.03162708133459091, -0.030040591955184937, -0.0390465222299099, 0.034202978014945984, -0.018757188692688942, -0.0022970212157815695, -0.014191608875989914, 0.0548575222492218, -0.034626562148332596, 0.02263650670647621, 0.02923661097884178, 0.00690186582505703, 0.00933244451880455, 0.027870163321495056, -0.015561009757220745, -0.03322683647274971, -0.014757783152163029, -0.011101853102445602, 0.055930789560079575, -0.04153933748602867, -0.00912111159414053, -0.00047648974577896297, -0.003058232832700014, -0.03461319953203201, 0.007199892308562994, -0.016422802582383156, 0.0022475584410130978, 0.029481591656804085, -0.04401944577693939, 0.008752833120524883, 0.013908843509852886, -0.0129883186891675, -0.028065303340554237, 0.03743376210331917, 0.013660209253430367, -0.021223122254014015, 0.02167939580976963, -0.02938687987625599, 0.05288509279489517, 0.07380600273609161, -0.01646958664059639, -0.023921595886349678, -0.0476246252655983, -0.03842390701174736, -0.011411873623728752, 0.03219032660126686, -0.01287179347127676, 0.04717257246375084, -0.01978939026594162, -0.005070772022008896, -0.017272070050239563, -0.003466302528977394, 0.03532321751117706, -0.013721151277422905, -0.06141766905784607, -0.01629655621945858, 0.007939623668789864, 0.019930271431803703, -0.029452307149767876, -0.021383153274655342, -0.023741286247968674, -0.004771064966917038, 0.03211839869618416, -0.0015634725568816066, 0.003667233046144247, -0.015423371456563473, -0.007213462609797716, -0.009329734370112419, -0.035773999989032745, -0.06262536346912384, 0.008386162109673023, -0.008561287075281143, -0.026206158101558685, 0.025063863024115562, 0.02165449969470501, -0.009526118636131287, -0.0012852295767515898, -0.0037682289257645607, -0.025363754481077194, 0.04437621310353279, 0.03069882094860077, 0.021323084831237793, 0.040435828268527985, 0.03981126472353935, 0.02471088618040085, -0.05082152783870697, 0.002250959165394306, -0.00792606920003891, -0.07248316705226898, 0.011835265904664993, -0.038809746503829956, 0.016259457916021347, -0.015992384403944016, -0.011433601379394531, 0.023769749328494072, 0.03273090720176697, 2.2263899154495448e-05, 0.006439730990678072, -0.014754285104572773, -0.03143196925520897, -0.01007152907550335, 0.03216065466403961, -0.0005185093614272773, -0.02103179320693016, -0.011195160448551178, -0.001558853080496192, 0.04867766425013542, -0.025107936933636665, -0.008182736113667488, 0.021734081208705902, 0.04444851726293564, -0.001333586755208671, 0.056158747524023056, 0.017006264999508858, 0.010977028869092464, 0.01012077834457159, -0.01453801617026329, -0.009592588990926743, -0.03772728145122528, -0.03624262660741806, -0.0644533559679985, -0.004540241323411465, 0.01856488548219204, -0.027661165222525597, -0.010889440774917603, -0.025285448879003525, -0.04820306599140167, -0.00914741400629282, -0.033804941922426224, -0.0016280722338706255, 0.07305917143821716, 0.02316671796143055, -0.018767843022942543, -0.05588600039482117, 0.023335129022598267, 0.03539522364735603, 0.012308289296925068, -0.06325412541627884, 0.01494485605508089, -0.0055879633873701096, 0.018726283684372902, -0.03298042342066765, 0.007497619837522507, 0.021242162212729454, 0.03710072115063667, -0.00010660793486749753, 0.011100100353360176, 0.00850095134228468, -0.04955161362886429, -0.030402252450585365, -0.00172333640512079, 0.01641700230538845, 0.015342554077506065, 0.051514629274606705, 0.013973727822303772, 0.002002978464588523, -0.028990192338824272, 0.017161238938570023, -0.03145934268832207, -0.000498055771458894, 0.002879444509744644, 0.036720335483551025, 0.010875819250941277, -0.017587359994649887, 0.013418082147836685, -0.018909327685832977, -0.031770989298820496, 0.0076209926046431065, 0.019066285341978073, 0.0012108221417292953, 0.004191263113170862, -0.01598990708589554, 0.0030326659325510263, 0.02327570505440235, -0.021857425570487976, 0.0005179027211852372, -0.017793860286474228, -0.04783015698194504, -0.01588679477572441, -0.036349423229694366, 0.05559590458869934, -0.010511745698750019, 0.027371393516659737, -0.04293423146009445, 0.04361410066485405, 0.02375546656548977, -0.010507471859455109, -0.0030310810543596745, -0.033055178821086884, 0.0056528253480792046, -0.15021933615207672, 0.032114602625370026, -0.044281262904405594, 0.01863417960703373, -0.04459124431014061, -0.0028803355526179075, 0.0019482049392536283, -0.021844107657670975, 0.019938744604587555, -0.024043936282396317, -0.02299867942929268, -0.04404789209365845, 0.051239557564258575, -0.03156108409166336, -0.06138131394982338, 0.025332413613796234, 0.01664387620985508, -0.014104867354035378, 0.0171760693192482, 0.012465384788811207, 0.0049893357791006565, -0.017951151356101036, -0.005237242206931114, -0.011550945229828358, 0.009938198141753674, -0.004623303655534983, -0.03515840321779251, 0.02057688869535923, -0.03608955815434456, -0.0071849459782242775, 0.04749894514679909, 0.030052684247493744, 0.007639502175152302, 0.011098381131887436, -0.010561534203588963, 0.012614349834620953, 0.023468993604183197, -0.01992771215736866, -0.01821809820830822, 0.026330040767788887, 0.018385812640190125, 0.022200576961040497, -0.005205209832638502, 0.002206905046477914, 0.03280611336231232, 0.05191829428076744, -0.009567408822476864, 0.004548294935375452, -0.03912978619337082, 0.04365115985274315, -0.0077352216467261314, -0.04636387154459953, 0.0072795734740793705, 0.04616110771894455, -0.0007760367006994784, -0.026685649529099464, 0.0006465154583565891, 0.03478570654988289, -0.03899432718753815, 0.053696099668741226, -0.0474463626742363, 0.002143547870218754, -0.028983471915125847, -0.031185423955321312, 0.0008419453515671194, 0.02489524707198143, -0.03422127291560173, -0.03457875922322273, -0.00910593569278717, 0.004856415092945099, -0.019117943942546844, -0.019735660403966904, -0.006850756239145994, -0.052789729088544846, 0.04004760831594467, 0.030776377767324448, 0.018172407522797585, -0.0021187704987823963, 0.02693641185760498, -0.02369690127670765, -0.025950655341148376, 0.010589138604700565, -0.053002841770648956, 0.04187895730137825, 0.0027152944821864367, -0.0063615539111196995, -0.024203598499298096, 0.0027260833885520697, 0.01068196352571249, -0.0038094010669738054, -0.06002011150121689, -0.00033547496423125267, 0.0072166044265031815, -0.01909392513334751, -0.013583911582827568, 0.02737634815275669, 0.016624389216303825, 0.002045259578153491, 0.0023363777436316013, -0.007569807581603527, -0.018358761444687843, -0.014834310859441757, 0.017788557335734367, 0.025937577709555626, -0.03192465752363205, -0.0032306299544870853, 0.04450324922800064, -0.01259920559823513, 0.0006331555196084082, 0.004545813426375389, -0.031632039695978165, 0.005791444797068834, 0.00980252306908369, 0.0036681783385574818, -0.023834753781557083, -0.004574532620608807, 0.02124590240418911, -0.022166365757584572, -0.03416437283158302, -0.00534829730167985, -0.011729968711733818, -0.021978728473186493, -0.014808861538767815, -0.02419324405491352, 0.0009742808761075139, -0.004419669508934021, 0.01589777134358883, 0.03960425779223442, -0.006390401162207127, 0.003243269631639123, 0.08264684677124023, -0.006719166878610849, 0.021593786776065826, 0.00422192458063364, 0.008899516426026821, 0.002399606164544821, -0.03169341757893562, 0.05274682864546776, -0.06711908429861069, -0.019777871668338776, 0.00042754068272188306, -0.0218281839042902, 0.01260736957192421, -0.022050272673368454, 0.026310143992304802, -0.028220392763614655, 0.041639745235443115, 0.014894879423081875, -0.017941338941454887, 0.002554745879024267, 0.01104777492582798, -0.008624943904578686, 0.0019410543609410524, 0.0032445064280182123, -0.03729734942317009, -0.025987504050135612, -0.01611664891242981, 0.01789630949497223, -0.011855396442115307, 0.00020146473252680153, 0.01927586831152439, -0.03297923505306244, 0.022801954299211502, 0.020956311374902725, -0.03053179569542408, 0.02192261442542076, 0.0052193813025951385, 0.023259557783603668, 0.026897424831986427, -0.01109948381781578, -0.04785587638616562, 0.033617645502090454, 0.0066809505224227905, 0.028681568801403046, -0.00016004986537154764, -0.014081642962992191, 0.003993368241935968, -0.02591935731470585, 0.0018269987776875496, -0.018730470910668373, 0.04450596123933792, -0.006209717132151127, 0.07053195685148239, -0.027627713978290558, 5.26496150996536e-05, 0.03408533334732056, 0.023230277001857758, 0.04992157593369484, -0.009295214898884296, 0.0151008740067482, -0.030753357335925102, 0.015019407495856285, 0.012209774926304817, -0.010882302187383175, -0.0047398400492966175, 0.04893788695335388, -0.0025844178162515163, 0.037433478981256485, 0.010543803684413433, 0.0071082995273172855, 0.031326476484537125, 0.03187936171889305, 0.036378733813762665, -0.059217970818281174, -0.016990909352898598, 0.021531004458665848, 0.00573454424738884, 0.016239861026406288, 9.073643013834953e-05, 0.053354717791080475, -0.03185422718524933, 0.023333009332418442, 9.23649495234713e-05, 0.006149237975478172, -0.025415610522031784, -0.021483995020389557, 0.05921151489019394, 0.04843263328075409, 0.037349019199609756, -0.015124049037694931, 0.03370761498808861, 0.030227238312363625, 0.01986514776945114, -0.04272418096661568, 0.01346751768141985, -0.007920143194496632, -0.023995472118258476, -0.014161698520183563, 0.032964836806058884, 0.01832103729248047, -0.029700269922614098, 0.014289532788097858, -0.004186255857348442, 0.012596986256539822, 0.0324745774269104, 0.050682432949543, 0.025014419108629227, 0.04051097482442856, -0.025080975145101547, -0.030819803476333618, 0.06393694132566452, 0.024893155321478844, -0.021813184022903442, 0.026166308671236038]",,
15_1_0_errors_no_script_component_in_head_mdx_section_3,section,15_1_0_errors_no_script_component_in_head_mdx,No Script Component in Head - Possible Ways to Fix It,,{},15.1.0,"Move the `` component outside of `` instead.
Before
After
",,"[(np.int64(23), np.float64(0.0975605770945549)), (np.int64(438), np.float64(0.18950098752975464)), (np.int64(1650), np.float64(0.0379771962761879)), (np.int64(2661), np.float64(0.038299113512039185)), (np.int64(3288), np.float64(0.13546545803546906)), (np.int64(42261), np.float64(0.05886425822973251)), (np.int64(44816), np.float64(0.3152197599411011)), (np.int64(54137), np.float64(0.25931644439697266)), (np.int64(84654), np.float64(0.30326220393180847)), (np.int64(96746), np.float64(0.1644810140132904)), (np.int64(115861), np.float64(0.08129635453224182))]","[-0.002625362714752555, -0.00242340425029397, -0.03664018213748932, 0.03599921986460686, -0.010596935637295246, -0.03253704309463501, -0.017413174733519554, 0.005765639245510101, -0.007183787878602743, 0.004991280846297741, 0.01677713543176651, -0.00420621782541275, -0.02011851780116558, -0.022050630301237106, 0.0050119091756641865, 0.037041179835796356, 0.04478790611028671, 0.03020823933184147, 0.03182073310017586, -0.006233661901205778, -0.05992046371102333, -0.04698600620031357, -0.013791746459901333, 0.03032730519771576, 0.010200240649282932, 0.017954763025045395, -0.01913481578230858, -0.005082158837467432, 0.053274910897016525, 0.028375132009387016, -0.009097686037421227, -0.04544481635093689, 0.019029879942536354, -0.019210074096918106, 0.001377543667331338, -0.019226107746362686, 0.01486664917320013, 0.003144829999655485, -0.051985710859298706, -0.017976030707359314, -0.028516491875052452, 0.017852244898676872, -0.013747068122029305, -0.03689509630203247, 0.008280140347778797, -0.006054532248526812, -0.004082192201167345, -0.029714662581682205, -0.022598132491111755, -0.029935361817479134, 0.00762423500418663, 0.00032973699853755534, 0.023015905171632767, -0.054141443222761154, 0.012968768365681171, -0.014846277423202991, -0.03933066129684448, -0.047600626945495605, -0.018372710794210434, 0.002920735627412796, -0.05750947445631027, -0.0192632544785738, -0.021721115335822105, 0.015880806371569633, 0.006090420298278332, 0.08711815625429153, -0.01173168234527111, -0.00023803161457180977, -0.0254574753344059, -0.019711870700120926, 0.005226030945777893, -0.0018394781509414315, 0.007352957036346197, -0.04904033988714218, -0.02294236794114113, 0.027304494753479958, 0.003770694835111499, -0.06530611962080002, 0.0012400414561852813, 0.04892950877547264, 0.02377377264201641, -0.0007169112213887274, 0.028830893337726593, -0.00847833976149559, 0.026839133352041245, 0.048055499792099, -0.04232540354132652, 0.014734952710568905, -0.014926603995263577, -0.009277934208512306, -0.007214071694761515, -0.03608621284365654, 0.06594912707805634, 0.0009457209380343556, -0.009626980870962143, 0.008139963261783123, 0.015405718237161636, -0.0006474167457781732, 0.03377409279346466, -0.016276342794299126, 0.015361368656158447, 0.0029034700710326433, 0.004208959173411131, -0.014610156416893005, 0.04099161922931671, 0.020095642656087875, 0.011281818151473999, 0.06348694115877151, 0.027091650292277336, -0.015381971374154091, 0.05171780660748482, 0.028857329860329628, 0.04442787170410156, 0.03315344080328941, 0.013444800861179829, -0.012416994199156761, -0.04467937350273132, -0.03469477593898773, 0.020916201174259186, 0.01708151027560234, 0.0529358871281147, 0.0019478141330182552, 0.03608373552560806, -0.020740903913974762, 0.06053638085722923, 0.012129305861890316, 0.04978479817509651, 0.042046863585710526, -0.05328290909528732, 0.0022763588931411505, -0.008587976917624474, 0.010581819340586662, 0.020009256899356842, -0.004868096671998501, -0.04751705005764961, -0.010756646282970905, -0.013537470251321793, -0.03531968221068382, 0.008033676072955132, -0.06093534827232361, -0.01687067374587059, -0.01427956111729145, 0.007074130233377218, -0.023809824138879776, 0.01034028735011816, 0.0054353876039385796, 0.03668473660945892, 0.016265012323856354, 0.0049197557382285595, -0.017538784071803093, -0.020686710253357887, 0.046236924827098846, -0.013577512465417385, -0.021823829039931297, 0.027796555310487747, -0.012344448827207088, -0.002515265252441168, 0.04372215270996094, -0.008388103917241096, -0.0013312229420989752, -0.030554253607988358, 0.012231913395226002, -0.06823500990867615, -0.008190810680389404, 0.029114197939634323, 0.005798586644232273, -0.0118595315143466, 0.007781007327139378, -0.01796097680926323, -0.033554431051015854, -0.027119165286421776, 0.055443175137043, 0.013416396453976631, 0.009607857093214989, 0.033312536776065826, 0.05623316019773483, 0.03316238150000572, -0.003994264639914036, -0.022112863138318062, -0.024586712941527367, -0.014649693854153156, 0.016153916716575623, 0.015413147397339344, -0.02305562235414982, -0.04716076701879501, -0.026405761018395424, -0.0037655974738299847, -0.02109009586274624, 0.0054453294724226, 0.04041176289319992, -0.022801660001277924, -0.006753754336386919, 0.03590308502316475, -0.03807669132947922, 0.03629332780838013, 0.011671815998852253, -0.001173835014924407, -0.027893058955669403, -0.007597250398248434, -0.031002359464764595, 0.0016942390939220786, -0.0035285535268485546, 0.014836625196039677, -0.0700083076953888, -0.03424224629998207, -0.0038490514270961285, -0.05518212169408798, -0.05459458380937576, -0.013998439535498619, 0.023387674242258072, 0.036481939256191254, -0.009963163174688816, 0.016357071697711945, -0.01712501421570778, -0.025113284587860107, 0.03443705290555954, -0.009429987519979477, -0.0030144089832901955, -0.016991406679153442, -0.039350930601358414, -0.0015214876038953662, -0.028135083615779877, 0.014023135416209698, 0.018612610176205635, -0.02886832319200039, 0.022602107375860214, 0.03527810424566269, 0.015104899182915688, 0.008260166272521019, -0.02415679767727852, 0.008445979095995426, -0.029785117134451866, 0.0037370496429502964, -0.03584345057606697, -0.007083893287926912, -0.011523843742907047, -0.012859068810939789, 0.04363381490111351, 0.03522432595491409, 0.009684599936008453, -0.017799410969018936, 0.004851241130381823, 0.05051727965474129, 0.06084165349602699, 0.0028060285840183496, 0.009891410358250141, 0.013541975989937782, -0.024579737335443497, 0.0035815411247313023, 0.015688901767134666, 0.025160029530525208, -0.001740749110467732, -0.01569397933781147, 0.003515689168125391, 0.017235903069376945, 0.005034574773162603, 0.0013853019336238503, -0.0002184198092436418, -0.004503456875681877, -0.03220495954155922, 0.017329122871160507, 0.05993170291185379, 0.03750395402312279, 0.02705330029129982, 0.03032834455370903, -0.004932626616209745, -0.036517661064863205, 0.03307011350989342, 0.00623932434245944, 0.024618251249194145, -0.010142111219465733, -0.008784385398030281, 0.018413029611110687, -0.026132937520742416, 0.03591730073094368, 0.0715692788362503, -0.0024299980141222477, -0.03712495416402817, 0.08866140991449356, 0.02151983417570591, 0.017863407731056213, -0.0004093180177733302, 0.03662049025297165, -0.010392632335424423, 0.03987890109419823, -0.021677911281585693, -0.02430729940533638, 0.03168201819062233, -0.005679560359567404, -0.034652501344680786, -0.02614305354654789, 0.005976648535579443, 0.05625331401824951, -0.0006056384299881756, -0.023085666820406914, -0.0334344357252121, 0.010585986077785492, -0.1516655832529068, 0.0024148249067366123, 0.0007400359027087688, 0.00963427871465683, 0.03912511095404625, 0.019162381067872047, -0.05963581055402756, -0.013220514170825481, 0.033906489610672, -0.0019113359740003943, -0.06569846719503403, -0.07171899080276489, 0.003886367427185178, -0.015246736817061901, 0.038530588150024414, -0.002666659653186798, -0.03406967222690582, -0.04390489682555199, -0.010077481158077717, -0.031984154134988785, -0.02535586804151535, -0.018018219619989395, 0.049891434609889984, -0.040115274488925934, 0.0005744531517848372, -0.008366983383893967, 0.002803843468427658, 0.02617768570780754, -0.04680074751377106, 0.012721067294478416, -0.03791875019669533, 0.017363334074616432, -0.014249099418520927, 0.047631580382585526, -0.012660476379096508, 0.04149945080280304, -0.0030290025752037764, -0.0013939014170318842, -0.026845749467611313, 0.008006821386516094, 0.02658417448401451, 0.024057980626821518, -0.006379340309649706, 0.004121698904782534, 0.02313889004290104, -0.07783752679824829, -0.008924617432057858, -0.028356030583381653, -0.03982312232255936, 0.03650281950831413, 0.012845161370933056, -0.010783646255731583, -0.004734115209430456, -0.0006375000812113285, -0.014334822073578835, 0.0183336790651083, -0.009409656748175621, 0.01112411729991436, -0.09878066927194595, 0.05347393825650215, 0.01480848528444767, -0.004890118725597858, -0.004151899833232164, -0.0009464500471949577, -0.021022848784923553, -0.006752347107976675, -0.016353636980056763, -0.04920336231589317, 0.045879434794187546, -0.024425135925412178, 0.02956351637840271, 0.004292815458029509, 0.033705148845911026, -0.0035040504299104214, -0.02140107750892639, 0.009417749010026455, 0.002729348372668028, 0.0036142689641565084, -0.02376236580312252, -0.08047296851873398, -0.006698912475258112, -0.007140289060771465, -0.008476092480123043, -0.002641689032316208, -0.02098889648914337, -0.02752564661204815, 0.013239026069641113, 0.02024254947900772, 0.008620915934443474, 0.2393779307603836, 0.11109823733568192, 0.00933439377695322, -0.0247857216745615, 0.04183781147003174, 0.008299281820654869, 0.03944357484579086, -0.03926617279648781, 0.004688165616244078, -0.03811769187450409, -0.029305709525942802, 0.0038280601147562265, 0.00914261769503355, -0.029890654608607292, 0.03008223883807659, 0.009437022730708122, -0.02234909124672413, 0.015322375111281872, 0.10217724740505219, -0.004813318606466055, 0.012729804031550884, -0.025877945125102997, 0.038138244301080704, 0.029645485803484917, -0.05845213308930397, -0.012532844208180904, -0.012990203686058521, 0.011269144713878632, 0.0010339354630559683, 0.007270861882716417, -0.024726368486881256, 0.013303355313837528, 0.06547483056783676, 0.005185951013118029, -0.018303686752915382, 0.006827254313975573, 0.03258773684501648, 0.004639949183911085, -0.038003966212272644, 0.019248642027378082, -0.029233170673251152, -0.009655297733843327, -0.016512975096702576, -0.020742133259773254, 0.00810132548213005, -0.002403195481747389, 0.03196224942803383, -0.002601108280941844, 0.016645625233650208, 0.01756563037633896, 0.0240294449031353, -0.005308222491294146, -0.016064275056123734, 0.003720714943483472, 0.00847763754427433, -0.027592485770583153, -0.022298868745565414, 0.02183092013001442, -0.019627971574664116, -0.0055326358415186405, 0.009394826367497444, 0.014474239200353622, -0.003979198634624481, -0.010137896053493023, 0.0127858966588974, 0.0005850549205206335, 0.0037792681250721216, -0.045421626418828964, -0.015193178318440914, 0.032143257558345795, 0.04613961651921272, 0.006075951270759106, -0.011668648570775986, -0.026963457465171814, 0.008976498618721962, 0.021705985069274902, 0.015676310285925865, 0.0009348172461614013, 0.02651379257440567, 0.01775716058909893, -0.02616354264318943, -0.03664615750312805, -0.031219499185681343, -0.02825126051902771, 0.0020176488906145096, 0.0023512556217610836, -0.02958637848496437, 0.03732483834028244, -0.021100450307130814, -0.03457832708954811, -0.013655933551490307, -0.01565643586218357, -0.04654946178197861, 0.010085251182317734, -0.038483086973428726, -0.03734036162495613, 0.056781161576509476, -0.023024877533316612, -0.029405193403363228, -0.03104706108570099, -0.04129938408732414, -0.018585452809929848, 0.0233303215354681, -0.030115559697151184, 0.0718284323811531, -0.04508642479777336, -0.04854259267449379, -0.01393965631723404, 0.01794237643480301, 0.01796993426978588, 0.001281120115891099, 0.026197213679552078, -0.020895695313811302, 0.003935065120458603, -0.0012991505209356546, 0.04619830101728439, 0.011174263432621956, 0.04251237213611603, -0.0006062333122827113, 0.03958072140812874, -0.0299003217369318, -0.02568032033741474, 0.03358231857419014, 0.010442481376230717, -0.02610039710998535, -0.030757436528801918, 0.011598854325711727, 0.0018268853891640902, -0.023825373500585556, 0.0607093945145607, 0.0019278916297480464, -0.015104680322110653, -0.06420210748910904, -0.005570490378886461, 0.06251972168684006, -0.03479035198688507, 0.009472700767219067, 0.0027867485769093037, 0.040021494030952454, -0.04007658362388611, -0.00709717208519578, -0.04707387089729309, -0.03582112491130829, 0.004350001458078623, 0.018136467784643173, 0.008589046075940132, -0.011742508970201015, -0.03102574311196804, -0.02678130939602852, 0.036880284547805786, 0.05890297517180443, 0.04453049972653389, -0.004554670304059982, -0.035707585513591766, -0.047875672578811646, -0.009277768433094025, -0.012298368848860264, -0.004576300270855427, -0.022722886875271797, 0.008442459627985954, 0.005891826469451189, 0.005137273110449314, 0.0027810547035187483, 0.01554543524980545, 0.02538309618830681, 0.06289560347795486, -0.034542717039585114, 0.08106572926044464, -0.002006029011681676, -0.004492149222642183, 0.010119184851646423, -0.03873824328184128, -0.02388313226401806, 0.028998101130127907, -0.035945408046245575, 0.02556181512773037, -0.05769365280866623, 0.03378671035170555, -0.030947232618927956, -0.02919953688979149, -0.0008484373101964593, -0.013293310068547726, -0.05614897236227989, -0.004238767083734274, 0.009902135469019413, -0.018286511301994324, 0.019379304721951485, -0.012636592611670494, 0.04887347295880318, -0.035468533635139465, -0.007237518206238747, 0.12703680992126465, 2.689530811039731e-05, -0.03336126357316971, 0.046644266694784164, 0.012985482811927795, 0.1049332246184349, -0.05499553307890892, -0.020562732592225075, -0.03719403222203255, -0.027056384831666946, 0.030577735975384712, -0.019399061799049377, 0.01207081601023674, -0.01590500958263874, -0.008978104218840599, -0.019031982868909836, 0.028081068769097328, -0.055597610771656036, -0.04704880714416504, 0.001991369528695941, -0.008318944834172726, -0.0040063741616904736, 0.02073419652879238, 0.03805433586239815, 0.018383771181106567, 0.05691686272621155, 0.04385882616043091, -0.012409238144755363, -0.03573817014694214, -0.015264533460140228, -0.0042494479566812515, 0.005124616902321577, -0.04338032007217407, -0.008047630079090595, -0.013831514865159988, 0.030613277107477188, -0.012008167803287506, 0.03445928916335106, -0.011794156394898891, -0.00021099249715916812, 0.013547960668802261, -0.029961708933115005, 4.020358755951747e-05, 0.02353721112012863, -0.03357227146625519, 0.015417383052408695, 0.02976394258439541, 0.032219331711530685, -0.02570248581469059, 0.035486284643411636, -0.007355071138590574, 0.08875428885221481, 0.06431784480810165, -0.02012549713253975, -0.01344339456409216, -0.014912142418324947, -0.06274079531431198, 0.002946111373603344, 0.0350666418671608, -0.04606352001428604, 0.009809010662138462, -0.009843144565820694, -0.022469619289040565, -0.012749199755489826, -0.042682867497205734, 0.052114758640527725, -0.011150537990033627, -0.05785423889756203, 0.004092485178261995, 0.012546291574835777, 0.051856350153684616, -0.025982683524489403, -0.025275718420743942, -0.003658236935734749, 0.012035560794174671, 0.05554059147834778, -0.04200593754649162, -0.006773746106773615, -0.03705059364438057, -0.012213209643959999, -0.008089524693787098, -0.013658436946570873, -0.07908192276954651, 0.029800213873386383, -0.01940247043967247, -0.031480614095926285, 0.016726166009902954, 0.04952002689242363, 0.016376232728362083, 0.02428797259926796, -0.01407632976770401, 0.01750277355313301, 0.041550084948539734, -0.022300222888588905, -0.02526533231139183, 0.047765038907527924, 0.05807651951909065, 0.020175812765955925, -0.04272729158401489, 0.01287984848022461, 0.004930256865918636, -0.04120306670665741, -0.0014241322642192245, -0.05162498354911804, -0.033758752048015594, -0.0018609992694109678, 0.01829415187239647, 0.014726189896464348, 0.02658309042453766, -0.004085926804691553, -0.013425297103822231, -0.015759363770484924, -0.02014823444187641, 0.010409139096736908, 0.03942837938666344, 0.020266219973564148, -0.017582468688488007, 0.027156095951795578, -0.0017797801410779357, 0.011762323789298534, -0.058662038296461105, -0.02769310027360916, -0.014688249677419662, 0.062489718198776245, -0.015588107518851757, 0.008731458336114883, 0.008748275227844715, 0.00017680392193142325, 0.046418022364377975, 0.01849284954369068, 0.0010942780645564198, -0.025223780423402786, -0.029648855328559875, -0.0511382557451725, 0.005287999752908945, 0.032892439514398575, -0.015910452231764793, -0.029487095773220062, -0.041636958718299866, 0.011327729560434818, 0.0005307789542712271, 0.014540531672537327, 0.0128101771697402, 0.01051893550902605, -0.015494003891944885, 0.0023664552718400955, -0.048784464597702026, 0.025504592806100845, -0.005916730500757694, -0.042288679629564285, -0.03761688619852066, 0.04480353370308876, -0.03809279948472977, 0.031246110796928406, -0.03506284952163696, -0.016622239723801613, 0.00021012951037846506, 0.03735073283314705, -0.013523443602025509, -0.020226549357175827, 0.01501906756311655, -0.02361619472503662, -0.024166950955986977, -0.052093505859375, -0.0188505407422781, -0.0042224726639688015, 0.017896343022584915, 0.04583000764250755, -0.011719533242285252, -0.025659458711743355, -0.021976999938488007, -0.015484882518649101, -0.0012669424759224057, -0.001059380592778325, 0.02755717560648918, 0.018408430740237236, -0.02393524721264839, -0.0620695985853672, -0.04019392281770706, -0.006851038429886103, -0.021925881505012512, 0.019015805795788765, 0.026059772819280624, 0.009037145413458347, 0.006513257045298815, -0.030044933781027794, 0.009645217098295689, 0.01025812141597271, -0.009763065725564957, -0.016913576051592827, -0.012278599664568901, 0.0032384400255978107, -0.00464233523234725, 0.0028103329241275787, -0.01574302837252617, 0.009053644724190235, -0.0345403216779232, 0.03668150678277016, 0.0349089652299881, -0.038139402866363525, -0.0058947899378836155, -0.02981114760041237, 4.688680201070383e-05, -0.1715727597475052, 0.03093356266617775, -0.017072468996047974, 0.009717700071632862, -0.03315263241529465, -0.009543283842504025, 0.0009512948454357684, -0.03859724476933479, 0.0016684371512383223, -0.025697290897369385, -0.03942175582051277, -0.03264951705932617, 0.027548043057322502, 0.005721930880099535, -0.034971605986356735, 0.009387392550706863, -0.005654440727084875, -0.005806462839245796, -0.013101767748594284, 0.05089564248919487, -0.009842353872954845, -0.01591198891401291, -0.03987894207239151, 0.01333281584084034, 0.047887928783893585, -0.00021185114746913314, -0.04459391161799431, 0.05176648870110512, -0.02544347196817398, -0.01729206182062626, -0.027397597208619118, -0.010757478885352612, -0.004930293187499046, 0.013858506456017494, 0.000882002932485193, -0.008233989588916302, 0.01256216038018465, -0.008027357049286366, 0.01460582297295332, -0.016105705872178078, 0.01647435873746872, 0.03021903894841671, -0.004587133415043354, -0.014559329487383366, 0.02381090819835663, 0.023795416578650475, 0.02730298973619938, 0.03432236611843109, -0.04918978735804558, -0.0038121517281979322, 0.0035829893313348293, -0.00043429838842712343, -0.0019219620153307915, 0.03453320637345314, -0.004769152496010065, 0.010402867570519447, -0.004256824962794781, 0.040130630135536194, -0.021811706945300102, 0.04643283411860466, -0.01164329331368208, -0.03230081871151924, -0.0028054253198206425, -0.0560927540063858, -0.04199794679880142, 0.015833955258131027, -0.06831030547618866, -0.05101586878299713, 0.01985725574195385, 0.009848926216363907, -0.020446350798010826, 0.013803526759147644, -0.012962953187525272, -0.025603491812944412, 0.02564115636050701, 0.058825887739658356, 0.02168061025440693, 0.006181103177368641, 0.009144086390733719, -0.015275897458195686, -0.003326686564832926, 0.0017146860482171178, -0.02664582058787346, 0.02325325831770897, 0.0017564132576808333, -0.0071110171265900135, -0.04204957187175751, -0.00740616861730814, -0.07291916757822037, -0.002837252337485552, -0.04175826907157898, 0.012729828245937824, 0.02138654515147209, 0.020644502714276314, -0.022669518366456032, 0.029876289889216423, -0.017481209710240364, 0.0023041125386953354, 0.0007335578557103872, -0.03416658937931061, -0.05942215025424957, -0.020957250148057938, -0.008801942691206932, 0.044284604489803314, -0.05534934252500534, 0.03576124459505081, 0.037206605076789856, -0.0019776972476392984, 0.010617051273584366, 0.0006205433164723217, -0.016988703981041908, 0.025213783606886864, -0.039353519678115845, -0.005771225783973932, -0.049509864300489426, 0.00013401432079263031, 0.020766552537679672, -0.004803485237061977, 0.013432661071419716, 0.013494368642568588, -0.0270469319075346, 0.003864013822749257, 0.03103114850819111, -0.02985316701233387, 0.010691577568650246, 0.02768448367714882, 0.02558169700205326, 0.014257578179240227, 0.0034949176479130983, 0.013281991705298424, 0.055502112954854965, -0.024391019716858864, 0.03512844443321228, -0.024869900196790695, 0.008749009110033512, 0.0299663208425045, -0.013675485737621784, 0.051871784031391144, -0.07659956067800522, -0.021931368857622147, -0.034405652433633804, -0.05341203883290291, 0.01818506233394146, -0.03924287110567093, -0.011970343068242073, -0.0013512837467715144, 0.02012532204389572, -6.402026338037103e-05, -0.009919255040585995, -0.008164376951754093, -0.000710157270077616, 0.0034031164832413197, -0.0023128772154450417, -0.0038202358409762383, -0.022551603615283966, -0.021325094625353813, 0.06749285012483597, 0.01771286502480507, 0.023617466911673546, 0.033096794039011, -0.01667066663503647, -0.04042890667915344, 0.004279978107661009, -0.021809261292219162, -0.0125271612778306, 0.04027877002954483, -0.028890399262309074, 0.01663413643836975, -0.0010301017900928855, 0.025569383054971695, -0.014165843836963177, 0.040891729295253754, -0.01368312444537878, 0.0033259601332247257, -0.019741926342248917, -0.050092216581106186, 0.005197463557124138, -0.013373758643865585, 0.016586391255259514, -0.01720774732530117, 0.018237091600894928, -0.04911544546484947, 0.0647716298699379, -0.00660621328279376, 0.03182653710246086, 0.04987473785877228, -0.025867052376270294, 0.09634175151586533, -0.007294069044291973, 0.004238018300384283, 0.011711704544723034, -0.013013873249292374, 0.016274798661470413, -0.004329283721745014, 0.021029524505138397, 0.007173508871346712, 0.0012447808403521776, 0.0333830825984478, -0.0027322829701006413, -0.013600138016045094, 0.0154188871383667, 0.018519164994359016, 0.013227108865976334, -0.011819832026958466, -0.028151575475931168, -0.02464555948972702, -0.027004223316907883, 0.03697365149855614, 0.009388506412506104, 0.049123529344797134, 0.011457034386694431, -0.0013355145929381251, -0.02914714254438877, 0.02833435870707035, 0.01617434434592724, 0.03386687859892845, 0.06937291473150253, 0.02320280112326145, 0.03396036475896835, -0.008393448777496815, 0.02734498307108879, 0.055242422968149185, 0.010350662283599377, -0.036827538162469864, -0.011279155500233173, -0.002626364817842841, -0.02113889344036579, -0.01841600611805916, -0.03960578143596649, -0.018392840400338173, -0.032419249415397644, 0.01584945246577263, -0.014706064946949482, 0.02010503225028515, 0.02373732253909111, -0.006037480663508177, 0.02889857441186905, 0.061334893107414246, 0.013828855939209461, -0.003581830533221364, 0.03709930181503296, 0.011773969046771526, -0.03175684064626694, -0.038626618683338165]",,
15_1_0_errors_no_script_component_in_head_mdx_section_3_code_1,code_snippet,15_1_0_errors_no_script_component_in_head_mdx_section_3,Possible Ways to Fix It - code_1,,"{'programming_language': 'jsx', 'filename': 'pages/index.js', 'switcher': False}",15.1.0,,"import Script from 'next/script'
import Head from 'next/head'

export default function Index() {
  return (
    <Head>
      <title>Next.js</title>
      <Script src=""/my-script.js"" />
    </Head>
  )
}
","[(np.int64(5), np.float64(0.051139213144779205)), (np.int64(7), np.float64(0.050085410475730896)), (np.int64(64), np.float64(0.08470764011144638)), (np.int64(425), np.float64(0.20894235372543335)), (np.int64(1647), np.float64(0.11614690721035004)), (np.int64(4711), np.float64(0.26316002011299133)), (np.int64(28175), np.float64(0.23372647166252136)), (np.int64(37967), np.float64(0.1779259741306305))]",,"[-0.03648051247000694, -0.013890528120100498, -0.0015628577675670385, 0.03254576027393341, -0.009577861055731773, -0.003304079407826066, -0.014769681729376316, -0.007199519779533148, -0.016830885782837868, -0.014426948502659798, -0.041793342679739, 0.01663430780172348, -0.040364254266023636, 0.01709495112299919, -0.008485042490065098, 0.010591979138553143, 0.0015143216587603092, 0.0014870960731059313, 0.017376042902469635, -0.021492203697562218, -0.03356165066361427, 0.004496569745242596, 0.006223440635949373, 0.046784207224845886, 0.0037041055038571358, 0.007860042154788971, -0.0001424458168912679, -0.02550577186048031, -0.00048390880692750216, 0.030100703239440918, 0.02283037081360817, -0.007619290146976709, -0.003747647162526846, -0.014145218767225742, -0.025345584377646446, 0.0057469746097922325, 0.014988280832767487, 0.008558150380849838, -0.043873321264982224, 0.0376448929309845, -0.003987669944763184, 0.03901485726237297, 0.05530346557497978, -0.022025026381015778, 0.025812620297074318, 0.010033550672233105, 0.04648929834365845, -0.018944909796118736, -0.016066070646047592, 0.012058132328093052, -0.0253814235329628, 0.027747774496674538, 0.036191362887620926, -0.017546115443110466, 0.08511530607938766, 0.020926788449287415, -0.013961355201900005, -0.005056814290583134, -0.025797387585043907, 0.00704966438934207, -0.004645172972232103, -0.016185982152819633, -0.04578644037246704, 0.05151683837175369, 0.021235674619674683, 0.019489819183945656, -0.009573676623404026, 0.003905052086338401, -0.026139508932828903, -0.005781667307019234, -0.03631387650966644, 0.031253088265657425, -0.0652642771601677, -0.02280425652861595, -0.04158135503530502, 0.02537953481078148, 0.03306250646710396, -0.04051448777318001, 0.036020632833242416, -0.007937248796224594, -0.01113118790090084, -0.0320478156208992, 0.026718543842434883, 0.01998036913573742, 0.0008114724769257009, -0.01332564651966095, -0.011551016941666603, 0.050878968089818954, 0.037858568131923676, 0.039325863122940063, -0.023396030068397522, -0.06094837933778763, 0.016127372160553932, -0.063140369951725, -0.026836711913347244, -0.038609784096479416, 0.003924307879060507, 0.009589883498847485, 0.0445956215262413, -0.02788911573588848, 0.0074940393678843975, 0.008563481271266937, 0.005925714038312435, -0.008157570846378803, 0.09323551505804062, 0.04296797886490822, 0.03576044365763664, -0.011094598099589348, 0.027695951983332634, -0.0011242958717048168, 0.028165403753519058, 0.02287728525698185, -0.011857041157782078, -0.01414783950895071, -0.03513036668300629, -0.04047391191124916, -0.004703698214143515, -0.016496596857905388, -0.005379108712077141, 0.004016133490949869, -0.005980695132166147, 0.004616572521626949, 0.022574422881007195, 0.0022522069048136473, 0.04073093831539154, 0.015165571123361588, -0.005975468084216118, 0.00804125890135765, -0.02573423832654953, 0.016475645825266838, 0.027570776641368866, 0.05828634649515152, 0.042863741517066956, 0.013912481255829334, -0.0021604199428111315, 0.008156809955835342, -0.011532047763466835, 0.024501321837306023, 0.008794302120804787, -0.026941165328025818, 0.03048146888613701, 0.044316377490758896, -0.0031345109455287457, -0.026736456900835037, 0.03656440228223801, -0.03737444058060646, 0.07146567106246948, 0.041428349912166595, 0.0013617569347843528, -0.03312798589468002, 0.006938808597624302, 0.07066147774457932, 0.023292411118745804, -0.004057942423969507, 0.054101571440696716, -0.019194401800632477, 0.0018400873523205519, -0.008342210203409195, 0.0372183658182621, 0.0075194695964455605, -0.027090653777122498, -0.0007438766770064831, 0.004189076367765665, -0.009367813356220722, 0.035838738083839417, -0.05639699846506119, -0.009934612549841404, -0.011761326342821121, -0.007240693550556898, -0.0184333436191082, 0.021217234432697296, -0.013392954133450985, 0.0249333456158638, -0.0040521868504583836, -0.009715073741972446, 0.0328083261847496, 0.059520311653614044, 0.022689834237098694, 0.0022367993369698524, -0.017807770520448685, 0.01462410669773817, 0.012324037030339241, -0.010219038464128971, -0.0476316399872303, -0.022316021844744682, 0.03361158072948456, 0.039449360221624374, -0.023732803761959076, -0.017982078716158867, -0.021918712183833122, -0.05073772743344307, -0.02332041598856449, 0.082926444709301, 0.047251127660274506, 0.03446446359157562, 0.015839625149965286, 0.03371691703796387, -0.05692969262599945, 0.0007312420639209449, 0.002019851468503475, 0.0013585551641881466, 0.013703729026019573, -0.012717395089566708, -0.03543093055486679, -0.015350601635873318, -0.01921556144952774, -0.034888166934251785, -0.023608524352312088, -0.020038863644003868, 0.058343905955553055, -0.02982940338551998, -0.01657485030591488, -0.028403684496879578, 0.0071462057530879974, -0.06975778937339783, 0.0009497625287622213, 0.025451654568314552, 0.003000224009156227, -0.02749527059495449, -0.04716348648071289, -0.011290999129414558, 0.05156894400715828, 0.034434352070093155, 0.008537678979337215, 0.022357266396284103, -0.0012654330348595977, 0.08618487417697906, 0.006147665902972221, 0.020767008885741234, 0.025671254843473434, -0.00835126917809248, -0.006473789922893047, -0.0017140191048383713, -0.014627211727201939, 0.03180760145187378, -0.01930929906666279, -0.032547157257795334, -0.033520206809043884, 0.011392174288630486, -0.009293079376220703, 0.02020200900733471, -0.01325929630547762, 0.017757683992385864, 0.03495093062520027, -0.05397697538137436, -0.02874663472175598, 0.023034755140542984, -0.01413676980882883, -0.008085922338068485, -0.0042237285524606705, -0.008412330411374569, 0.020393192768096924, -0.023279134184122086, 0.022881029173731804, 0.0006283910479396582, 0.015302368439733982, -0.006777774542570114, -0.020721448585391045, -0.03320436552166939, -0.0038760139141231775, -0.017191199585795403, 0.04627314954996109, 0.006369369104504585, 0.002011546166613698, 0.004993237555027008, 0.014332978054881096, -0.029903816059231758, 0.007105391006916761, -0.002636665478348732, -0.005850732792168856, -0.047176335006952286, -0.00017622721497900784, 0.01959994062781334, -0.036294419318437576, -0.005954585038125515, 0.018987523391842842, -0.029997454956173897, -0.010123899206519127, 0.06385289132595062, 0.0062354933470487595, -0.04723525047302246, -0.002783255185931921, 0.027637869119644165, 0.0443551167845726, 0.06530176103115082, -0.024579379707574844, -0.014774165116250515, -0.06645653396844864, 0.01291921641677618, 0.01712312549352646, -0.04684924706816673, 0.027091076597571373, 0.04620947316288948, -0.022104650735855103, -0.025391466915607452, 0.05278722196817398, 0.0058788033202290535, -0.1489119529724121, -0.04504534229636192, 0.038662318140268326, -0.02510993741452694, 0.012181838974356651, 0.02683563344180584, -0.010694339871406555, -0.028945209458470345, -0.011737216264009476, 0.04483523964881897, -0.027541881427168846, -0.05361861363053322, 0.009420366026461124, -0.06917526572942734, -0.012685062363743782, 0.03516428545117378, -0.007691740524023771, 0.0025388665962964296, 0.0272046010941267, -0.033849965780973434, -0.01964395120739937, -0.019664624705910683, 0.040884021669626236, -0.010792110115289688, -0.02265230193734169, -0.020866477862000465, 0.027917446568608284, -0.015028571709990501, -0.013344435021281242, 0.0445827953517437, -0.0023177640978246927, -0.0636928454041481, -0.0008407183340750635, 0.016757655888795853, 0.0036225183866918087, 0.045889273285865784, -0.009111934341490269, 0.026258790865540504, -0.015296055935323238, -0.03367822989821434, 0.04012046381831169, 0.012025130912661552, -0.010807563550770283, 0.029979825019836426, -0.000734867702703923, -0.008292286656796932, -0.00868918839842081, -0.01254192553460598, -0.054994791746139526, -0.002653379226103425, 0.03273541480302811, -0.01901167258620262, 0.004731423687189817, -0.0035854417365044355, -0.03952322155237198, 0.020153451710939407, 0.010319473221898079, 0.019134243950247765, -0.0021609333343803883, 0.0142296077683568, -0.032700564712285995, -0.04361523315310478, 0.02478651888668537, -0.0269625186920166, -0.03780068829655647, 0.028470689430832863, 0.050943244248628616, 0.011713189072906971, 0.012646549381315708, -0.008118116296827793, 0.012566427700221539, -0.06133224442601204, 0.022344887256622314, -0.00623325863853097, -0.022393813356757164, 0.009502737782895565, 0.021299777552485466, -0.014548956416547298, 0.059413280338048935, -0.0975157842040062, 0.015497355721890926, 0.0029695148114115, -0.020640695467591286, 0.060336578637361526, -0.01619335450232029, -0.005898185074329376, 0.00032443206873722374, -0.006635483354330063, 0.01724354922771454, 0.24236758053302765, 0.020024104043841362, 0.026328381150960922, 0.03687587007880211, 0.032078828662633896, -0.015794698148965836, -0.03391800448298454, -0.00359346903860569, 0.044045619666576385, -0.040329113602638245, -0.017375508323311806, 0.015792254358530045, 0.021976733580231667, -0.02117270417511463, 0.015962615609169006, 0.02955884300172329, -0.023145465180277824, 0.048738379031419754, 0.03999455273151398, -0.05679963529109955, 0.03229295834898949, -0.02867625653743744, 0.024795254692435265, 0.014984048902988434, -0.07894532382488251, 0.000539257365744561, 0.010148633271455765, 0.013757859356701374, -0.035169586539268494, 0.01970241777598858, -0.026846762746572495, 0.04507461190223694, 0.02570589818060398, -0.050475623458623886, -0.0016821695026010275, -0.03392041102051735, 0.052307553589344025, -0.041595324873924255, -0.01643231324851513, 0.012511705048382282, 0.004180599004030228, -0.008600456640124321, -0.0017868202412500978, 0.017619725316762924, -0.000760021444875747, 0.002545177936553955, -0.006929492577910423, -0.013739127665758133, 0.03167886659502983, -0.01699214242398739, 0.008764795027673244, -0.037810418754816055, -0.004608800169080496, -0.022098859772086143, 0.029064452275633812, -0.01988907903432846, 0.018689732998609543, 0.010473140515387058, -0.006894058547914028, 0.017888715490698814, 0.0004394955758471042, 0.018783550709486008, -0.015822159126400948, -0.006190713029354811, 0.006974367890506983, 0.0012875305255874991, 0.03987337648868561, -0.034028321504592896, 0.0441942922770977, 0.0722174197435379, 0.01902954652905464, 0.002790766069665551, 0.010788454674184322, -0.02708124741911888, -0.03135102614760399, -0.045217569917440414, 0.004132708068937063, 0.022566597908735275, -0.01936085894703865, 0.04756321758031845, 0.004899553954601288, 0.012432864867150784, -0.07236833870410919, 0.005219477228820324, 0.03015868179500103, -0.014919750392436981, 0.030606377869844437, 0.04309827834367752, -0.006758263800293207, -0.003376413369551301, -0.015992598608136177, -0.020889494568109512, -0.019567131996154785, 0.07034730166196823, -0.033571384847164154, -0.00964009203016758, -0.018872905522584915, -0.004678535740822554, -0.029577141627669334, 0.030075890943408012, -0.038301173597574234, -0.006680797319859266, -0.002600304316729307, -0.04162439703941345, 0.025999678298830986, -0.020949656143784523, 0.0484774112701416, -0.005617538001388311, 0.002731678541749716, -0.01344769075512886, -0.035003531724214554, 0.007414613384753466, 0.039694517850875854, 0.005053600296378136, 0.015424929559230804, -0.003280104137957096, 0.02556312270462513, -0.022785920649766922, 0.033440396189689636, 0.036103129386901855, 0.007011845242232084, 0.008313204161822796, -0.07440495491027832, -0.012807327322661877, 0.040153346955776215, -0.03233359754085541, -0.03317637741565704, -0.02117890864610672, -0.04355253651738167, 0.02269488200545311, 0.03746979683637619, 0.006918012164533138, 0.00478495704010129, 0.020727984607219696, -0.018309399485588074, 0.01913672313094139, 0.03348970413208008, 0.00703009869903326, -0.0027256666216999292, 0.02745566889643669, -0.0240248404443264, 0.008958397433161736, -0.005016427952796221, 0.03460110351443291, 0.01762716844677925, 0.06576833128929138, 0.04927043616771698, 0.0041863261722028255, -0.026209630072116852, 0.01937674917280674, 0.03515048697590828, 0.0260592233389616, 0.05672895163297653, -0.03845997154712677, -0.01474250853061676, -0.09095282107591629, -0.009538339450955391, -0.04645291715860367, 0.008017334155738354, -0.0050344085320830345, 0.0012952873948961496, 0.02920297533273697, 0.05154699832201004, 0.03664012253284454, -0.011087990365922451, -0.01220859307795763, -0.05800886079668999, -0.02224891260266304, -0.010265923105180264, -0.00018504004401620477, -0.008854316547513008, -0.046450018882751465, -0.008147737942636013, -0.0030654266010969877, -0.0071175419725477695, -0.045019347220659256, -0.07678653299808502, -0.01982835866510868, 0.012735724449157715, -0.01606283150613308, 0.009252693504095078, 0.0043041217140853405, -0.03449404612183571, -0.019743936136364937, 0.03457830473780632, -0.006652547977864742, -0.004005979280918837, -0.007663247175514698, 0.032047927379608154, -0.026969078928232193, -0.04263338819146156, 0.10687542706727982, 0.013877266086637974, 0.0025602856185287237, 0.020113814622163773, -0.024039119482040405, 0.05167439207434654, -0.011690665036439896, 0.004554079845547676, 0.0030412403866648674, 0.04721590131521225, 0.010091864503920078, -0.0011888478184118867, 0.009616044349968433, 0.01634773425757885, 0.019704626873135567, -0.03132041171193123, 0.019598953425884247, -0.02543087862432003, 0.03560933843255043, 0.016996581107378006, 0.05023500323295593, -0.041484635323286057, -0.005523282568901777, 0.03717908635735512, -0.033911410719156265, 0.08794651925563812, -0.0013909059343859553, 0.030672341585159302, -0.03646480664610863, 0.03815054893493652, -0.026945695281028748, -0.007335042580962181, -0.047415025532245636, 0.025551719591021538, 0.012239725328981876, -0.0001928994752233848, -0.016589676961302757, 0.022870207205414772, 0.015679307281970978, -0.012801751494407654, 0.034825894981622696, 0.059133052825927734, -0.01753815822303295, 0.03703847900032997, 0.04646452143788338, -0.005695173051208258, 0.01641303114593029, 0.0780910849571228, -0.02688574604690075, 0.0006929290248081088, -0.0268227718770504, 0.0317799411714077, 0.04251060262322426, 0.024372437968850136, 0.025633415207266808, 0.023381831124424934, -0.02311602048575878, -0.006098542828112841, -0.03332376852631569, -0.020114712417125702, -0.021623976528644562, 0.006990076042711735, -0.02298884652554989, -0.025698641315102577, -0.0086152832955122, -0.01067913044244051, 0.008376594632863998, -0.04218265041708946, 0.0024036697577685118, -0.012512516230344772, 0.013529938645660877, -0.02628914825618267, -0.0008217950235120952, -0.0005856897914782166, -0.03877047821879387, 0.0535900741815567, -0.10437535494565964, -0.016422834247350693, -0.020744306966662407, -0.0344119518995285, -0.006485360208898783, 0.006238813977688551, -0.00117502361536026, 0.0458223782479763, 0.0036755262408405542, 0.0018169974209740758, -0.038301900029182434, 0.03538508340716362, -0.07550173252820969, -0.04152148216962814, -0.03573206067085266, 0.05168743431568146, 0.024829227477312088, 0.03020734339952469, 0.02546747773885727, 0.03489018976688385, 0.03755412995815277, -0.012401463463902473, -0.037994980812072754, -0.03117964044213295, -0.03755853325128555, -0.040909212082624435, -0.004307216499000788, -0.02875874750316143, -0.02227097749710083, 0.009027753956615925, 0.022960107773542404, -0.008963700383901596, -0.0070370095781981945, -0.006259963847696781, -0.02714027650654316, 0.0021661859937012196, -0.020371098071336746, -0.02856411412358284, 0.029180364683270454, -0.00997768621891737, -0.013899194076657295, 0.027893681079149246, -0.0039555951952934265, -0.024598699063062668, -0.029508549720048904, 0.04993223026394844, 0.035484448075294495, 0.03820021077990532, -0.01420316006988287, 0.03582199662923813, -0.02384943887591362, -0.018964000046253204, -0.025337055325508118, -0.003942360635846853, -0.03075641207396984, -0.03190029785037041, -0.026811404153704643, -0.03020104579627514, -0.011545171961188316, 0.036978546530008316, 0.030004529282450676, -0.014330431818962097, -0.056183330714702606, 0.0002290414849994704, 0.02529187500476837, 0.011284016072750092, 0.004775229375809431, -0.04496961086988449, -0.0073072477243840694, 0.03480881452560425, -0.029727863147854805, 0.0168745219707489, -0.04753709211945534, 0.02562265656888485, -0.02682342566549778, 0.049245137721300125, -0.029784565791487694, 0.03689664229750633, -0.015363114885985851, -0.03275137394666672, -0.02004888281226158, -0.011479442939162254, -0.011527598835527897, -0.0281987227499485, -0.0019586284179240465, -0.0034757223911583424, -0.043436214327812195, -0.010685905814170837, 0.0301744993776083, 0.0010909481206908822, 0.006622822489589453, 0.0687510073184967, -0.03882092610001564, -0.04225996881723404, -0.001458319602534175, -0.024578796699643135, -0.02740314230322838, 0.020449170842766762, 0.0364370197057724, 0.0009770554024726152, 0.0025738764088600874, -0.006492153275758028, 0.02527846209704876, -0.02489277347922325, -0.015878092497587204, 0.007920830510556698, -0.014371360652148724, 0.0008324187365360558, 0.013852458447217941, -0.049946513026952744, -0.000844245427288115, 0.023354992270469666, -0.00977818202227354, 0.002962772035971284, -0.05135314166545868, -0.01204757671803236, -0.02580108679831028, -0.027959946542978287, -0.050111450254917145, -0.05033135786652565, -0.01556779257953167, 0.0005194719415158033, 0.001677519059740007, -0.003537630895152688, 0.009898019023239613, -0.023067058995366096, 0.003925578203052282, -0.13744042813777924, 0.011469061486423016, -0.040202971547842026, 0.014365597628057003, -0.010926647111773491, -0.0024941577576100826, -0.022893745452165604, -0.04408673569560051, 0.04306669160723686, 0.0007822521147318184, -0.06431949138641357, 0.006141886115074158, -0.027868302538990974, -0.006113171111792326, -0.000997958006337285, 0.03902270272374153, -0.018695447593927383, 0.02453882433474064, -0.05079329386353493, 0.011848696507513523, 0.0030879166442900896, -0.0036883284337818623, 0.07950672507286072, 0.010814495384693146, 0.014051379635930061, 0.0018124872585758567, -0.002475186251103878, 0.045893799513578415, -0.014161757193505764, -0.006087318994104862, 0.015731623396277428, -0.040720030665397644, 0.0021564785856753588, 0.010031838901340961, 0.006972983945161104, 0.0420072115957737, -0.01038387045264244, 0.03970344364643097, 0.018884658813476562, 0.0163589920848608, 0.030402952805161476, 0.010526982136070728, -0.029087230563163757, -0.07406409084796906, 0.021873285993933678, 0.010938446968793869, 0.007867190055549145, 0.02354319952428341, 0.005371679086238146, -0.040194444358348846, 0.008307620882987976, 0.03113732673227787, 0.010119952261447906, 0.015901833772659302, 0.005046716891229153, 0.0002501626149751246, -0.053746696561574936, 0.020193027332425117, -0.05025363340973854, 0.023884393274784088, -0.032088395208120346, -0.01822948269546032, -0.015143725089728832, -0.02586343139410019, 0.006024534814059734, 0.021366745233535767, -0.05884679779410362, 0.0368197038769722, -0.015705708414316177, -0.017753005027770996, 0.009144598618149757, -0.06376277655363083, -0.06358905136585236, -0.011840165592730045, 0.000701425364241004, 0.02922285906970501, 0.0037281878758221865, -0.03875811770558357, -0.033463459461927414, 0.01856997050344944, -0.06399258971214294, 0.006128173321485519, -0.051257308572530746, 0.027519723400473595, 0.0226823128759861, 0.05213605612516403, -0.014587723650038242, 0.007617805153131485, -0.04801265150308609, -0.04102154076099396, 0.011057315394282341, -0.02441607601940632, -0.025287140160799026, -0.04040471464395523, -0.04149526730179787, 0.00451801810413599, 0.015405735932290554, 0.009272410534322262, 0.044533561915159225, -0.008963481523096561, -0.018536336719989777, -0.030484823510050774, 0.010637992061674595, 0.015057227574288845, -0.02706112712621689, 0.03902682289481163, 0.005125515162944794, -0.01241919957101345, -0.0396905317902565, -0.025549083948135376, -0.01804087497293949, 0.02442464791238308, -0.03238866105675697, 0.02898310124874115, -0.08369532227516174, -0.00037316654925234616, -0.028837580233812332, 0.026974063366651535, 0.010345990769565105, 0.008777434006333351, -0.006787380203604698, -0.013965833932161331, 0.00201238295994699, -0.020969321951270103, 0.03517980873584747, -0.0045850868336856365, -0.009623144753277302, 0.01889198087155819, -0.03400908783078194, 0.04309636726975441, -0.0252531785517931, -0.04632749781012535, 0.038620397448539734, 0.02446388266980648, 0.03116539493203163, -0.013827972114086151, -0.014199011959135532, 0.023451710119843483, -0.03698597848415375, 0.030855951830744743, -0.025766752660274506, 0.011850434355437756, 0.02689182758331299, -0.05299108475446701, -0.03291548788547516, -0.030979329720139503, 0.04190338775515556, -0.021789507940411568, -0.04988723620772362, -0.01489038486033678, 0.02289438433945179, 0.03847441077232361, -0.004019159823656082, 0.05747265741229057, -0.04549643397331238, 0.02173524722456932, -0.030677488073706627, 0.005035659298300743, -0.01577422022819519, 0.05364255979657173, -0.043332453817129135, -0.02312088944017887, -0.007425264921039343, -0.003124895039945841, 0.02350875362753868, -0.04319261759519577, 0.004912805277854204, 0.02739306539297104, -0.011178743094205856, 0.03910378739237785, -0.025313304737210274, 0.01760939136147499, -0.020421519875526428, -0.031391680240631104, 0.05560748651623726, -0.02465449832379818, -0.00053576281061396, -0.023371700197458267, 0.058281250298023224, 0.022559039294719696, 0.014262410812079906, 0.0119249876588583, -0.006210219115018845, 0.02125232107937336, 0.06002383306622505, -0.031994450837373734, 0.0016897926107048988, 0.031783368438482285, 0.01101774163544178, -0.050656791776418686, -0.02352588251233101, -0.032816082239151, 0.02498684637248516, -0.010881944559514523, -0.017646444961428642, -0.030842242762446404, 0.013040019199252129, -0.030093800276517868, 0.02393578551709652, 0.06999673694372177, -0.011768292635679245, 0.004334025550633669, -0.013289256952702999, -0.030670249834656715, -0.02045939490199089, 0.011350125074386597, 0.0021644970402121544, 0.014394190162420273, 0.0036371739115566015, 0.02140440233051777, -0.009330575354397297, -0.01568913273513317, -0.01634523831307888, 0.009746269322931767, -0.03543364629149437, -0.016692450270056725, -0.04815630242228508, 0.053911514580249786, -0.0009370479383505881, -0.012376478873193264, 0.02458210662007332, 0.02682146430015564, -0.021862633526325226, -0.02762911655008793, -0.017344100400805473, -0.008684257045388222, -0.020647462457418442, 0.012022100389003754, 7.110331353032961e-05, 0.01215130090713501, -0.07342294603586197, 0.011498350650072098, 0.002207002369686961, 0.02852063812315464, -0.023438364267349243, -0.007108347024768591, -0.020358851179480553, 0.022873863577842712, -0.02586294151842594, 0.01289172749966383, -0.020991390570998192, 0.018978193402290344, -0.005483776796609163, 0.016442343592643738]",
15_1_0_errors_no_script_component_in_head_mdx_section_3_code_2,code_snippet,15_1_0_errors_no_script_component_in_head_mdx_section_3,Possible Ways to Fix It - code_2,,"{'programming_language': 'jsx', 'filename': 'pages/index.js', 'switcher': False}",15.1.0,,"import Script from 'next/script'
import Head from 'next/head'

export default function Index() {
  return (
    <>
      <Head>
        <title>Next.js</title>
      </Head>
      <Script src=""/my-script.js"" />
    </>
  )
}
","[(np.int64(5), np.float64(0.051139213144779205)), (np.int64(7), np.float64(0.050085410475730896)), (np.int64(64), np.float64(0.08470764011144638)), (np.int64(425), np.float64(0.20894235372543335)), (np.int64(1647), np.float64(0.11614690721035004)), (np.int64(4711), np.float64(0.26316002011299133)), (np.int64(28175), np.float64(0.23372647166252136)), (np.int64(37967), np.float64(0.1779259741306305))]",,"[-0.03726472333073616, -0.011683563701808453, -0.0026457582134753466, 0.034508321434259415, -0.01141323335468769, -0.0061173164285719395, -0.014737634919583797, -0.011374540627002716, -0.016153324395418167, -0.014555235393345356, -0.03979380801320076, 0.014243935234844685, -0.03780737519264221, 0.013389835134148598, -0.012218986637890339, 0.01100364699959755, -0.00041273306123912334, -0.0010544366668909788, 0.018140053376555443, -0.021448809653520584, -0.029429420828819275, 0.004414101131260395, 0.006384911015629768, 0.04837289825081825, 0.0029222762677818537, 0.008278370834887028, 0.0008563049486838281, -0.024660486727952957, -0.004405275918543339, 0.03362634778022766, 0.024266604334115982, -0.007565024774521589, -0.0025406789500266314, -0.01691628433763981, -0.03027869574725628, 0.006232606712728739, 0.01264683436602354, 0.008004299364984035, -0.039975356310606, 0.03369974344968796, -0.001095654908567667, 0.04246803745627403, 0.05229242146015167, -0.020372869446873665, 0.025388609617948532, 0.00971718318760395, 0.047421328723430634, -0.017315249890089035, -0.018426189199090004, 0.013262355700135231, -0.02623857371509075, 0.027795854955911636, 0.03951060771942139, -0.016163164749741554, 0.08282633870840073, 0.01863960549235344, -0.014294189400970936, -0.005061781965196133, -0.023915287107229233, 0.005586723331362009, -0.0033040614798665047, -0.017561577260494232, -0.04718392342329025, 0.05036259442567825, 0.01876610331237316, 0.016858292743563652, -0.009583625942468643, 0.006697294767946005, -0.02333330363035202, -0.006861538626253605, -0.03296101465821266, 0.02854466810822487, -0.06417737156152725, -0.02322375401854515, -0.03824056312441826, 0.028088882565498352, 0.035797346383333206, -0.04123767092823982, 0.032560911029577255, -0.006372632458806038, -0.009946233592927456, -0.02961132489144802, 0.026660896837711334, 0.01793770305812359, 0.00037902998155914247, -0.015298644080758095, -0.0069977035745978355, 0.04926874488592148, 0.042003728449344635, 0.040387801826000214, -0.021926144137978554, -0.059766873717308044, 0.015329398214817047, -0.0614088699221611, -0.028853200376033783, -0.041058480739593506, 0.007355192676186562, 0.008412949740886688, 0.04608243331313133, -0.028608502820134163, 0.007945084013044834, 0.009501030668616295, 0.008185855112969875, -0.011934547685086727, 0.09594342112541199, 0.04100664705038071, 0.037057727575302124, -0.0074768816120922565, 0.028641002252697945, -0.0013292162911966443, 0.027680939063429832, 0.020980626344680786, -0.013178881257772446, -0.014411341398954391, -0.03430558741092682, -0.03931990638375282, -0.003300599753856659, -0.01894400455057621, -0.006058129947632551, 0.002759843599051237, -0.0024324581027030945, 0.0019011788535863161, 0.02682759240269661, 0.0031314033549278975, 0.040565866976976395, 0.013207877054810524, -0.009000041522085667, 0.009703148156404495, -0.0272572822868824, 0.016420667991042137, 0.02895299158990383, 0.05938580259680748, 0.04336067661643028, 0.0160128865391016, 0.0006376457749865949, 0.010357525199651718, -0.00894605740904808, 0.026338716968894005, 0.009085988625884056, -0.029103076085448265, 0.03250162675976753, 0.04292704164981842, 0.0008021533139981329, -0.030441084876656532, 0.038221389055252075, -0.0386645570397377, 0.07182146608829498, 0.04107894003391266, 0.0008584293536841869, -0.03656705468893051, 0.009500671178102493, 0.0709918662905693, 0.023323453962802887, -0.0033772436436265707, 0.0564696304500103, -0.019541263580322266, -0.0017051362665370107, -0.012906242161989212, 0.03957059234380722, 0.004390005022287369, -0.02670176327228546, -0.0004169768653810024, 0.004340775310993195, -0.010070587508380413, 0.035304415971040726, -0.05464509129524231, -0.00815518107265234, -0.01072243507951498, -0.007406943943351507, -0.017274506390094757, 0.021297195926308632, -0.012412535957992077, 0.02728581242263317, -0.0031000571325421333, -0.005416516680270433, 0.030028726905584335, 0.0580216608941555, 0.02315685898065567, 0.0024370173923671246, -0.01594662107527256, 0.014702264219522476, 0.014700453728437424, -0.011213024146854877, -0.04922781139612198, -0.02100885473191738, 0.033909715712070465, 0.0379381887614727, -0.02487536519765854, -0.020750803872942924, -0.02524656243622303, -0.05008741840720177, -0.02323395572602749, 0.0857388824224472, 0.04404028132557869, 0.03538507968187332, 0.01337429415434599, 0.03518694266676903, -0.055227130651474, 0.00046612118603661656, 0.0025842536706477404, -0.0021281323861330748, 0.01201317273080349, -0.015137826092541218, -0.035669200122356415, -0.01959729939699173, -0.018586790189146996, -0.03876473009586334, -0.024104032665491104, -0.018201904371380806, 0.05420471355319023, -0.03082089126110077, -0.0180414617061615, -0.027663694694638252, 0.008116503246128559, -0.06835146248340607, 0.0005145005998201668, 0.021690893918275833, -0.003035880159586668, -0.0256438460201025, -0.04559871926903725, -0.007662322372198105, 0.0471060611307621, 0.03478211909532547, 0.008112735114991665, 0.023975690826773643, -0.004502492491155863, 0.08676569908857346, 0.00748316990211606, 0.025452222675085068, 0.023579247295856476, -0.00792557280510664, -0.007154076360166073, 0.0011716849403455853, -0.013695301488041878, 0.029652634635567665, -0.017522767186164856, -0.03509515896439552, -0.034915629774332047, 0.01116116438060999, -0.01174396276473999, 0.019308460876345634, -0.015488246455788612, 0.018423259258270264, 0.03311533108353615, -0.054209500551223755, -0.030566759407520294, 0.02328120917081833, -0.01649700477719307, -0.009418095462024212, -0.0038129105232656, -0.005304442252963781, 0.02069099247455597, -0.02709883823990822, 0.02292879857122898, 0.002399612218141556, 0.014199580997228622, -0.007068108767271042, -0.02096480503678322, -0.0309859961271286, -0.0031503138598054647, -0.015854064375162125, 0.04734265059232712, 0.004296900238841772, 0.0004989214357919991, 0.0065247551538050175, 0.017090093344449997, -0.030655179172754288, 0.0060361227951943874, -0.002921048551797867, -0.0020903930999338627, -0.04774697497487068, -0.0012291989987716079, 0.016761692240834236, -0.03804333880543709, -0.007741404697299004, 0.018773766234517097, -0.030660444870591164, -0.013135042041540146, 0.06531655043363571, 0.0041859932243824005, -0.048679690808057785, 0.00024152695550583303, 0.0313941165804863, 0.04195757210254669, 0.06849711388349533, -0.022271431982517242, -0.011589243076741695, -0.06635385006666183, 0.012224946171045303, 0.018395962193608284, -0.04292178899049759, 0.028394820168614388, 0.04377026483416557, -0.022580238059163094, -0.027035200968384743, 0.050111185759305954, 0.00587961170822382, -0.14435353875160217, -0.047224968671798706, 0.037740882486104965, -0.02660846896469593, 0.013523508794605732, 0.024942630901932716, -0.011444809846580029, -0.026574790477752686, -0.011769669130444527, 0.0422520749270916, -0.023405931890010834, -0.05233774706721306, 0.012243174016475677, -0.06866864114999771, -0.013716337271034718, 0.03346656635403633, -0.01031434629112482, 0.0018142217304557562, 0.024338148534297943, -0.03453011065721512, -0.01836690679192543, -0.02431378699839115, 0.04247424378991127, -0.012660644948482513, -0.022846156731247902, -0.024249974638223648, 0.030783284455537796, -0.014637752436101437, -0.016280528157949448, 0.04690232127904892, 0.00014072211342863739, -0.06501597911119461, -0.0010792464017868042, 0.014192057773470879, 0.005345400422811508, 0.04405386373400688, -0.007592527195811272, 0.02544097788631916, -0.01596292480826378, -0.036058209836483, 0.04207505285739899, 0.01212601363658905, -0.013827582821249962, 0.026603708043694496, 4.765534322359599e-05, -0.005440202075988054, -0.006526533979922533, -0.011508811265230179, -0.05203676223754883, -0.0021005221642553806, 0.029762549325823784, -0.018911374732851982, 0.006110298912972212, -0.0015420162817463279, -0.03815069794654846, 0.020495397970080376, 0.010507301427423954, 0.020870491862297058, -0.0056645218282938, 0.015081695280969143, -0.03172728419303894, -0.04502930864691734, 0.02845759689807892, -0.024890435859560966, -0.037170737981796265, 0.026598986238241196, 0.055791132152080536, 0.008920365944504738, 0.012340218760073185, -0.011155826970934868, 0.012310238555073738, -0.06068169325590134, 0.02540435828268528, -0.004220054484903812, -0.023281686007976532, 0.009945398196578026, 0.027779173105955124, -0.015501379035413265, 0.060647152364254, -0.09458167850971222, 0.014243420213460922, 0.0016834858106449246, -0.020350195467472076, 0.06150494143366814, -0.01919681392610073, -0.004041971173137426, 0.0029477900825440884, -0.009565684013068676, 0.018609391525387764, 0.240647554397583, 0.021166225895285606, 0.028201108798384666, 0.03394589573144913, 0.03556206822395325, -0.01328821200877428, -0.03201846405863762, -0.003052047686651349, 0.043545451015233994, -0.03959936648607254, -0.014747707173228264, 0.014333276078104973, 0.024241093546152115, -0.01930539496243, 0.018486138433218002, 0.03210410475730896, -0.02172011509537697, 0.04622620344161987, 0.03900514170527458, -0.05697045847773552, 0.031093589961528778, -0.03265839442610741, 0.02486220933496952, 0.012410740368068218, -0.0812656506896019, 0.0030254258308559656, 0.01165499072521925, 0.012766757979989052, -0.03639538586139679, 0.016413463279604912, -0.024364707991480827, 0.043132513761520386, 0.023494066670536995, -0.056482184678316116, -0.002538637723773718, -0.03431631997227669, 0.05031560733914375, -0.046089451760053635, -0.015813741832971573, 0.012902156449854374, 0.0026101930998265743, -0.008698918856680393, -0.006215998902916908, 0.021539555862545967, -0.000315659970510751, 0.0003960107860621065, -0.008983523584902287, -0.014938694424927235, 0.028500553220510483, -0.016992520540952682, 0.006155657581984997, -0.035455122590065, -0.008051357232034206, -0.023982683196663857, 0.028567207977175713, -0.02131878212094307, 0.017575306817889214, 0.010001295246183872, -0.005981238093227148, 0.021759523078799248, -0.0012803070712834597, 0.020025739446282387, -0.014796013943850994, -0.003137741005048156, 0.005341789685189724, 0.002087241970002651, 0.038935985416173935, -0.03483555093407631, 0.04327723756432533, 0.07716571539640427, 0.019358621910214424, 0.0025013480335474014, 0.00934493076056242, -0.025245923548936844, -0.0334874764084816, -0.045356299728155136, 0.0041116331703960896, 0.023712757974863052, -0.020292840898036957, 0.04753156006336212, 0.0030027416069060564, 0.012505991384387016, -0.07183004170656204, -0.002234790241345763, 0.029881009832024574, -0.016714198514819145, 0.03200312331318855, 0.0430617593228817, -0.007737631443887949, -0.004766442812979221, -0.013801006600260735, -0.02031874656677246, -0.02197865955531597, 0.06838907301425934, -0.03092387318611145, -0.011305444873869419, -0.01684124767780304, -0.00465755071491003, -0.029180072247982025, 0.027156954631209373, -0.03936966136097908, -0.005356134846806526, -0.003546505467966199, -0.04643333703279495, 0.028857655823230743, -0.022240042686462402, 0.050096217542886734, -0.0058548301458358765, 0.0018862189026549459, -0.013970034196972847, -0.030670857056975365, 0.007242286112159491, 0.0401618517935276, 0.004519631154835224, 0.014372829347848892, -0.0023937413934618235, 0.02365795522928238, -0.024018973112106323, 0.03341221436858177, 0.03530799224972725, 0.004714377224445343, 0.007499579340219498, -0.07204950600862503, -0.01398827601224184, 0.04089169576764107, -0.030429888516664505, -0.03391340747475624, -0.021877320483326912, -0.04249155521392822, 0.02085171267390251, 0.033097416162490845, 0.005983950104564428, 0.001209437265060842, 0.018912995234131813, -0.01914881356060505, 0.018470872193574905, 0.03528919070959091, 0.006159545853734016, -0.007553958334028721, 0.023465722799301147, -0.02388920448720455, 0.011695160530507565, -0.0015802141278982162, 0.0344894677400589, 0.020212259143590927, 0.06909707933664322, 0.047216664999723434, 0.002022199332714081, -0.02222704328596592, 0.02233234979212284, 0.037945788353681564, 0.024376286193728447, 0.054451748728752136, -0.0414930023252964, -0.015223481692373753, -0.09322796016931534, -0.011881917715072632, -0.04391709342598915, 0.011297944001853466, -0.005381178576499224, 0.0013838147278875113, 0.03143787384033203, 0.04887441545724869, 0.037820253521203995, -0.008597353473305702, -0.010820194147527218, -0.05755383521318436, -0.021261949092149734, -0.012761077843606472, -0.0005486627342179418, -0.013612075708806515, -0.04564926028251648, -0.010678119026124477, -0.004036091733723879, -0.0077350931242108345, -0.044759202748537064, -0.07907836139202118, -0.019133321940898895, 0.01046762429177761, -0.014715621247887611, 0.013115345500409603, -0.000804815674200654, -0.035148173570632935, -0.02220637910068035, 0.0351739302277565, -0.0037410587538033724, -0.0029760401230305433, -0.007720577530562878, 0.032764557749032974, -0.02671516127884388, -0.04225588217377663, 0.10567567497491837, 0.011313607916235924, 0.0027470143977552652, 0.02606392838060856, -0.028177570551633835, 0.050539400428533554, -0.013391456566751003, 0.00245348596945405, 0.0007538130739703774, 0.04805431887507439, 0.008732904680073261, 0.001520103425718844, 0.010419466532766819, 0.016043808311223984, 0.017403481528162956, -0.03149877116084099, 0.015198621898889542, -0.02773045189678669, 0.03743390738964081, 0.019982289522886276, 0.04911460727453232, -0.042473338544368744, -0.005215884651988745, 0.03765874728560448, -0.03469978645443916, 0.09362474828958511, 0.00011447633005445823, 0.03100239858031273, -0.039341364055871964, 0.03590911254286766, -0.0285810474306345, -0.008179315365850925, -0.049204591661691666, 0.027109883725643158, 0.011707493104040623, -0.002194842556491494, -0.017631230875849724, 0.024179358035326004, 0.014820951037108898, -0.0134345181286335, 0.03644963726401329, 0.06133661046624184, -0.01837128959596157, 0.038771096616983414, 0.04859652742743492, -0.003446307498961687, 0.012695059180259705, 0.07672274857759476, -0.024060064926743507, 0.0003551562549546361, -0.026138093322515488, 0.03442756086587906, 0.04235919564962387, 0.022800849750638008, 0.025564229115843773, 0.025838397443294525, -0.02831912413239479, -0.010168813169002533, -0.03576895222067833, -0.021547311916947365, -0.02068956010043621, 0.006109091453254223, -0.023494023829698563, -0.023233002051711082, -0.010271075181663036, -0.01137329451739788, 0.008954769000411034, -0.04388842731714249, 0.00488239387050271, -0.01144016720354557, 0.011884520761668682, -0.024762915447354317, 0.0015118924202397466, -0.0016978895291686058, -0.03658207133412361, 0.0503167025744915, -0.10259392857551575, -0.01543479785323143, -0.023045547306537628, -0.036216188222169876, -0.00876124482601881, 0.00677409628406167, -0.0013279457343742251, 0.0472211129963398, 0.004676363430917263, 0.0001273688394576311, -0.036783166229724884, 0.031014882028102875, -0.07611091434955597, -0.042966295033693314, -0.03672819957137108, 0.0482269749045372, 0.029534203931689262, 0.030967235565185547, 0.02307809144258499, 0.03656495735049248, 0.03569112718105316, -0.013603080995380878, -0.034308820962905884, -0.033253420144319534, -0.03710849955677986, -0.039933815598487854, -0.005374504718929529, -0.02565646730363369, -0.02130798250436783, 0.011832342483103275, 0.026799935847520828, -0.008505175821483135, -0.00678957998752594, -0.006660293787717819, -0.02257324941456318, 0.0019503073999658227, -0.021585624665021896, -0.028578052297234535, 0.027823321521282196, -0.007959755137562752, -0.015048197470605373, 0.031564898788928986, -0.0052098240703344345, -0.026900501921772957, -0.0294810701161623, 0.049620214849710464, 0.0372866727411747, 0.040596283972263336, -0.011683305725455284, 0.04012572765350342, -0.025495894253253937, -0.01762291043996811, -0.02556031197309494, -0.002330095274373889, -0.028149401769042015, -0.029873235151171684, -0.024997802451252937, -0.03329969570040703, -0.00888176541775465, 0.04012991487979889, 0.030431067571043968, -0.012917226180434227, -0.05375140532851219, -0.00262366677634418, 0.022901002317667007, 0.00967374723404646, 0.0039666034281253815, -0.042265914380550385, -0.005358872469514608, 0.033470410853624344, -0.02893408201634884, 0.013519315980374813, -0.04919232800602913, 0.026636460795998573, -0.02618507668375969, 0.0496499128639698, -0.027688048779964447, 0.037091467529535294, -0.014508508145809174, -0.03314658999443054, -0.022389180958271027, -0.011534485034644604, -0.00858041550964117, -0.025923477485775948, -0.0019206287106499076, -0.0031137343030422926, -0.041077569127082825, -0.010999035090208054, 0.03530004993081093, 0.00039438376552425325, 0.006176661234349012, 0.06520169228315353, -0.03178436681628227, -0.038343969732522964, -0.0006809522747062147, -0.02685086987912655, -0.02787787653505802, 0.022181428968906403, 0.03485409915447235, -0.002030796604231, -0.0018160030012950301, -0.009963381104171276, 0.02736486867070198, -0.02537248283624649, -0.018424591049551964, 0.012240367010235786, -0.017959311604499817, 0.0021185060031712055, 0.01503409817814827, -0.05055221542716026, 0.0036517165135592222, 0.023666176944971085, -0.010540168732404709, 0.001081655384041369, -0.04902312532067299, -0.011873362585902214, -0.026322709396481514, -0.02719339355826378, -0.05102387070655823, -0.050362758338451385, -0.016220122575759888, -0.002071728929877281, 0.003261743113398552, -0.006254217587411404, 0.01057843305170536, -0.022863933816552162, 0.007080188021063805, -0.13390593230724335, 0.011720390059053898, -0.03742767497897148, 0.014130331575870514, -0.009883693419396877, 5.988690463709645e-05, -0.023417329415678978, -0.04199984297156334, 0.040948767215013504, 0.0024264720268547535, -0.06844817847013474, 0.005163366906344891, -0.029377251863479614, -0.007048285566270351, -0.003949400503188372, 0.038358576595783234, -0.017984744161367416, 0.02375284768640995, -0.05013265088200569, 0.011633491143584251, 0.0033649916294962168, -0.003398886416107416, 0.07957961410284042, 0.00939217023551464, 0.014041629619896412, 0.0013215196086093783, -0.003193596377968788, 0.04268653690814972, -0.014044285751879215, -7.726749026915058e-05, 0.015916891396045685, -0.03770678490400314, 0.002526095835492015, 0.013629558496177197, 0.010686962865293026, 0.041034068912267685, -0.009468493983149529, 0.03902138024568558, 0.021086419001221657, 0.017231376841664314, 0.03217111900448799, 0.011994928121566772, -0.030280906707048416, -0.0757296159863472, 0.02262497879564762, 0.00985368900001049, 0.007348377723246813, 0.021276818588376045, 0.008317445404827595, -0.04059745743870735, 0.007178814150393009, 0.030056294053792953, 0.012550368905067444, 0.014387707225978374, 0.005623780656605959, 0.001879473915323615, -0.0529552586376667, 0.02221769653260708, -0.04936571046710014, 0.029304012656211853, -0.029437359422445297, -0.017233971506357193, -0.0158245787024498, -0.02614765428006649, 0.004808858502656221, 0.02326432429254055, -0.060078393667936325, 0.03564690798521042, -0.016313694417476654, -0.017365489155054092, 0.010945356450974941, -0.06417921185493469, -0.06441289931535721, -0.01033114641904831, -0.0026129374746233225, 0.02804051898419857, 0.0023814672604203224, -0.039169155061244965, -0.03513304889202118, 0.01723388023674488, -0.06367924064397812, 0.005538280587643385, -0.053483929485082626, 0.032007116824388504, 0.021526474505662918, 0.0540430024266243, -0.016392024233937263, 0.006473138462752104, -0.050506286323070526, -0.04255736991763115, 0.016576221212744713, -0.02586243487894535, -0.027560114860534668, -0.03921524062752724, -0.038616981357336044, 0.0019425852224230766, 0.017623938620090485, 0.00944836437702179, 0.042777612805366516, -0.008038738742470741, -0.02127913199365139, -0.031633105129003525, 0.008948012255132198, 0.01718551479279995, -0.028103042393922806, 0.04044433683156967, 0.005619220435619354, -0.010507501661777496, -0.039434440433979034, -0.025837533175945282, -0.02011808566749096, 0.02553974837064743, -0.030595337972044945, 0.027074279263615608, -0.08252216875553131, 0.0007785644847899675, -0.029165098443627357, 0.024342019110918045, 0.010284305550158024, 0.010890518315136433, -0.007037199102342129, -0.009278313256800175, 0.005244567058980465, -0.02149096131324768, 0.03388924524188042, -0.00389048526994884, -0.007686076685786247, 0.020697928965091705, -0.03704032674431801, 0.042268622666597366, -0.025078458711504936, -0.045954421162605286, 0.039364755153656006, 0.02174750342965126, 0.02767329290509224, -0.013897005468606949, -0.014141619205474854, 0.021190539002418518, -0.03691592812538147, 0.03247477486729622, -0.025822049006819725, 0.010527116246521473, 0.02539220079779625, -0.05571873113512993, -0.03057389333844185, -0.029733065515756607, 0.04551124945282936, -0.020184848457574844, -0.047757163643836975, -0.010825141333043575, 0.025094956159591675, 0.035402268171310425, -0.0008874410414136946, 0.056705161929130554, -0.04341810196638107, 0.0229254849255085, -0.02755337953567505, 0.005300166551023722, -0.017351854592561722, 0.051974326372146606, -0.0427451990544796, -0.02446790412068367, -0.01020680833607912, -0.002833832520991564, 0.022671137005090714, -0.039494384080171585, 0.008355045691132545, 0.026824243366718292, -0.011888029053807259, 0.03571149334311485, -0.025985920801758766, 0.017981909215450287, -0.019807055592536926, -0.03475797176361084, 0.05394846573472023, -0.026987146586179733, -0.00405146274715662, -0.020425723865628242, 0.06071026995778084, 0.021047359332442284, 0.016093695536255836, 0.009513611905276775, -0.00621965155005455, 0.021580137312412262, 0.06390158832073212, -0.0321638323366642, -0.0023566042073071003, 0.02996927872300148, 0.011113705113530159, -0.05047793313860893, -0.02440582402050495, -0.03183678165078163, 0.020318221300840378, -0.010027344338595867, -0.018343422561883926, -0.030157512053847313, 0.013890073634684086, -0.02994115836918354, 0.02208317443728447, 0.07034847885370255, -0.00896182656288147, 0.0032180382404476404, -0.01032897550612688, -0.030376343056559563, -0.02307555079460144, 0.013382024131715298, 6.0334234149195254e-05, 0.010766365565359592, 0.004448984749615192, 0.020031394436955452, -0.008087320253252983, -0.015728158876299858, -0.015043143182992935, 0.010765904560685158, -0.035509057343006134, -0.015773221850395203, -0.04839758574962616, 0.053683552891016006, 0.0005998921697027981, -0.015238380990922451, 0.023785555735230446, 0.028021717444062233, -0.02545245923101902, -0.025683462619781494, -0.018396614119410515, -0.005022967699915171, -0.019014226272702217, 0.01365712657570839, 0.0010791263775900006, 0.01591806299984455, -0.07412481307983398, 0.012541919015347958, 0.0007391650578938425, 0.02486078441143036, -0.01709854230284691, -0.005087309516966343, -0.0217537060379982, 0.017289280891418457, -0.025342315435409546, 0.01607196219265461, -0.02192716859281063, 0.021807298064231873, -0.00397672550752759, 0.015018919482827187]",
15_1_0_errors_no_script_component_in_head_mdx_section_4,section,15_1_0_errors_no_script_component_in_head_mdx,No Script Component in Head - Useful Links,,{},15.1.0,"[/docs/pages/api-reference/components/head](/docs/pages/api-reference/components/head)
[/docs/pages/building-your-application/optimizing/scripts](/docs/pages/building-your-application/optimizing/scripts)
",,"[(np.int64(23), np.float64(0.016167189925909042)), (np.int64(438), np.float64(0.16729462146759033)), (np.int64(3288), np.float64(0.07071515172719955)), (np.int64(7844), np.float64(0.16609014570713043)), (np.int64(36836), np.float64(0.19080102443695068)), (np.int64(44816), np.float64(0.2666842043399811)), (np.int64(54137), np.float64(0.20266377925872803)), (np.int64(57890), np.float64(0.26207882165908813)), (np.int64(84654), np.float64(0.2407912015914917))]","[-0.007716816384345293, -0.008508101105690002, -0.02192031219601631, 0.014149213209748268, -0.04503149911761284, -0.06201479211449623, 0.009482757188379765, 0.022693131119012833, 0.004751489497721195, 0.00743149733170867, -0.0493207685649395, -0.004476173315197229, 0.02481750398874283, 0.026886556297540665, -0.008971606381237507, -0.014353293925523758, 0.0022085390519350767, 0.004675695206969976, 0.036697376519441605, 0.009517913684248924, -0.00919863861054182, -0.0013232383644208312, 0.019412511959671974, -0.0029594406951218843, -0.04297347366809845, 0.003194062039256096, -0.035162780433893204, -0.020837126299738884, 0.04670638218522072, 0.02947903610765934, 0.03246745467185974, -0.043079983443021774, 0.0159507654607296, -0.013770814053714275, -0.026707777753472328, -0.037306077778339386, -0.007295146584510803, -0.02935110591351986, -0.039991531521081924, 0.015065375715494156, 0.003570035332813859, 0.0005988155025988817, -0.013929319567978382, -0.024330848827958107, 0.04114760085940361, -0.0208481065928936, 0.02194307930767536, -0.024454103782773018, 0.006754795089364052, -0.004942922852933407, -0.014482063241302967, -0.016924479976296425, -0.0034862386528402567, -0.046949733048677444, 0.015816647559404373, 0.028608493506908417, -0.024495210498571396, -0.021495984867215157, -0.06978261470794678, 0.022933879867196083, -0.03926168009638786, -0.02275470830500126, -0.013865272514522076, 0.00812430027872324, 0.013605304062366486, 0.04152674973011017, 0.020678386092185974, 0.004957655444741249, -0.02544024959206581, -0.04404594749212265, -0.008848713710904121, 0.03480993211269379, -0.05310584604740143, -0.033405352383852005, -0.05159817636013031, 0.04938025772571564, 0.02689419500529766, -0.03793437406420708, -0.031551066786050797, 0.02719738520681858, -0.012425591237843037, -0.022246725857257843, 0.031371794641017914, -0.01744498312473297, 0.0266641266644001, 0.01529059000313282, 0.0017412417801097035, 0.020560570061206818, 0.021837977692484856, 0.04310495778918266, -0.01547310035675764, -0.04541798308491707, 0.06769410520792007, -0.043688517063856125, -0.0060797487385571, -0.035082656890153885, 0.013727654702961445, 0.02341838926076889, 0.04732086881995201, -0.0141292130574584, 0.01730242744088173, -0.007926317863166332, 0.01947900280356407, -0.01742791198194027, 0.0912039503455162, 0.010448471643030643, 0.007735589053481817, -0.011861697770655155, -0.004786095581948757, -0.005207954905927181, 0.019915487617254257, -0.014310234226286411, 0.015794187784194946, -0.0006502159521915019, 0.025286395102739334, -0.03357044607400894, -0.006863842252641916, -0.03428345173597336, 0.00023708058870397508, 0.026912488043308258, -0.009969744831323624, 0.03996368870139122, 0.03582229092717171, -0.02469617873430252, 0.05718360096216202, 0.0552077442407608, 0.02657214365899563, 0.04201638326048851, 0.006932175252586603, -0.003999350126832724, 0.010005760937929153, 0.02677641622722149, -0.007201574742794037, -0.015086119063198566, -0.03590843826532364, 0.0052462066523730755, 0.02436005510389805, 0.02681080251932144, 0.012514354661107063, -0.05604375898838043, 0.03217368200421333, 0.04218285530805588, -0.016825253143906593, -0.01763257384300232, 0.044200219213962555, -0.02765333279967308, 0.06792759150266647, 0.054631754755973816, 0.003090147627517581, -0.019928820431232452, -0.014977818354964256, 0.004981991369277239, 0.02325739897787571, -0.012214272283017635, 0.0242781825363636, -0.02544110268354416, -0.0027533785905689, 0.031815055757761, 0.03256572410464287, -0.01985056698322296, -0.02975950576364994, -0.0013312747469171882, -0.016687193885445595, 0.026263151317834854, 0.028693106025457382, -0.03695200756192207, 0.00428244611248374, 0.0024865632876753807, -0.0216197706758976, -0.022342054173350334, 0.004264850169420242, -0.022813690826296806, -0.007600301411002874, 0.00018110698147211224, -0.005649241153150797, 0.032569970935583115, 0.07499021291732788, 0.03460266813635826, 0.004790010396391153, -0.017629602923989296, -0.03400005027651787, 0.02062644436955452, -0.027816902846097946, -0.009162737987935543, -0.058297526091337204, 0.0002224851632490754, -0.015352003276348114, -0.00235102535225451, 0.010460751131176949, 0.019114211201667786, -0.005907602608203888, -0.01308247447013855, 0.04566923901438713, -0.009263518266379833, 0.02626209333539009, 0.010985778644680977, 0.04461785778403282, 0.03151005879044533, -0.016494467854499817, -0.008124860003590584, 0.013921074569225311, 0.042272746562957764, 0.05613549426198006, -0.032225873321294785, -0.023018669337034225, -0.02084328606724739, -0.010812733322381973, -0.0735577866435051, 0.008368723094463348, -0.01161076407879591, 0.018190326169133186, -0.023501984775066376, -0.04500439018011093, -0.012281112372875214, -0.08099091053009033, -0.007154534105211496, 0.010941309854388237, -0.005830590147525072, 0.002070199465379119, -0.06016659364104271, -0.021710939705371857, 0.03942588344216347, -0.0008213293040171266, 0.007291134912520647, 0.027138857170939445, -0.0055444431491196156, 0.016828225925564766, 0.03621380776166916, 0.020565154030919075, 0.0018907943740487099, -0.012982207350432873, -0.02021317556500435, 0.03473694622516632, -0.03704299405217171, 0.07329494506120682, -0.03591173142194748, -0.008422324433922768, -0.013255486264824867, 0.02053573541343212, -0.01354270800948143, 0.04201412945985794, -0.016360824927687645, 0.02913638949394226, -0.00786847434937954, -0.06048421561717987, -0.024413809180259705, 0.0257291030138731, 0.025120120495557785, -0.013457342982292175, -0.03199206292629242, -0.0003919741720892489, 0.017060721293091774, -0.002535228617489338, -0.00696931965649128, 0.019117368385195732, -0.002501495648175478, 0.017414866015315056, -0.0009039086871780455, -0.03675020486116409, -0.014960258267819881, -0.014397173188626766, 0.016430234536528587, 0.004349108319729567, 0.023166459053754807, -0.00198986753821373, -0.007015957031399012, -0.026272358372807503, -0.011725051328539848, 0.012955951504409313, 0.039536137133836746, -0.022642338648438454, 0.014048485085368156, 0.026544880121946335, -0.028781374916434288, -0.0014965675072744489, 0.015383897349238396, -0.05458490923047066, 0.010205966420471668, 0.09386319667100906, 0.008352566510438919, 0.022098571062088013, 0.049837108701467514, 0.036486390978097916, 0.024699091911315918, 0.08331593871116638, -0.020209360867738724, -0.027954628691077232, -0.026870718225836754, 0.04456508159637451, 0.04131988435983658, -0.06613707542419434, -0.006348211783915758, 0.06823279708623886, -0.0143601568415761, -0.00027160931495018303, 0.018796194344758987, -0.0122019462287426, -0.15311449766159058, -0.031426869332790375, 0.01383398286998272, 0.02034648507833481, 0.023585664108395576, 0.02555699646472931, -0.008748102001845837, -0.02042268216609955, -0.0030010102782398462, 0.027485515922307968, -0.013102123513817787, -0.05562101677060127, -0.003039174247533083, -0.05868041142821312, -0.00799612794071436, 0.028883738443255424, -0.01999124512076378, 0.00042438527452759445, -0.01958269439637661, -0.01881103403866291, -0.034151311963796616, -0.005309504922479391, 0.03309930860996246, -0.04071603715419769, -0.0006217724876478314, 0.016432838514447212, 0.010859261266887188, 0.035640135407447815, -0.03535184636712074, 0.022105490788817406, -0.03150023892521858, -0.03920460492372513, 0.007288448046892881, -0.005534866824746132, -0.007992188446223736, 0.042657315731048584, 0.006714098621159792, -8.92663883860223e-05, -0.012490838766098022, -0.049999386072158813, 0.03595699369907379, 0.04520101845264435, 0.028915923088788986, -0.017624206840991974, 0.017886830493807793, -0.02456982620060444, -0.005657711066305637, -0.015992339700460434, 0.017368538305163383, -0.05463636294007301, 0.0561789907515049, -0.016191871836781502, 0.009076974354684353, 0.019733119755983353, -0.039276376366615295, 0.0215597040951252, 0.002417711541056633, 0.05390584096312523, -0.022983640432357788, 0.033775120973587036, 0.011420043185353279, -0.025702740997076035, 0.040973000228405, -0.060284294188022614, -0.014576437883079052, 0.0043919989839196205, 0.05701915919780731, -0.00876641646027565, 0.020038649439811707, -0.00605941703543067, -0.001538315787911415, -0.041076503694057465, 0.013612915761768818, -0.03238701447844505, 0.004838315304368734, 0.020399488508701324, 0.013941250741481781, -0.007288845721632242, -0.0008256164728663862, -0.11432243138551712, 0.013146640732884407, 0.011473660357296467, -0.01980186067521572, 0.014952919445931911, -0.03472413122653961, -0.018914660438895226, -0.004262196831405163, -0.001254575909115374, 0.037081729620695114, 0.2546631395816803, -0.023284783586859703, 0.025774920359253883, 0.0013965705875307322, 0.043520279228687286, -0.03623112663626671, -0.026277195662260056, 0.03332315757870674, 0.019915154203772545, -0.020751552656292915, -0.002127229468896985, -0.00463296240195632, 0.010299182496964931, -0.0030169247183948755, 0.027759432792663574, 0.016383839771151543, -0.04523158073425293, 0.024256478995084763, 0.05269758403301239, -0.010561087168753147, 0.006492149084806442, -0.07657352834939957, 0.039606496691703796, 0.002601157408207655, -0.06272903829813004, -0.03356111794710159, -0.006418893579393625, 0.052834402769804, -0.045679349452257156, 0.056244418025016785, -0.004272968042641878, 0.02674989216029644, 0.04322053864598274, -0.04396693408489227, -0.056923989206552505, -0.016092810779809952, 0.0498044416308403, 0.0004602448898367584, 0.006867256015539169, -0.020283672958612442, -0.04015769436955452, -0.0014216307317838073, 0.02525312826037407, 0.005379850976169109, -0.03022427298128605, -0.015372244641184807, 0.02794567681849003, -0.008449843153357506, 0.009407300502061844, -0.03858490288257599, -0.004555747844278812, -0.026426173746585846, -0.005593324080109596, -0.014168372377753258, 0.02723183110356331, 0.002666906686499715, -0.02755173295736313, 0.04084598273038864, -0.022598227486014366, 0.03442841395735741, -0.014686904847621918, 0.012670106254518032, -0.02207247167825699, 0.01612267456948757, -0.013842535205185413, -0.00525820953771472, -0.02241339161992073, -0.02358262427151203, 0.01978018879890442, 0.061535388231277466, 0.035535771399736404, 0.03144635632634163, 0.026317767798900604, -0.028211357071995735, 0.009643331170082092, -0.04291519895195961, 0.053846992552280426, 0.015315386466681957, -0.040452990680933, 0.012454400770366192, -0.02727830410003662, 0.0009193212608806789, -0.054069697856903076, -0.0025228692684322596, 0.00425342470407486, -0.0069307200610637665, -0.011977063491940498, 0.04621439054608345, -0.035557303577661514, 0.0006049146759323776, -0.013327118009328842, -0.01059174444526434, -0.011971699073910713, 0.034577056765556335, -0.03673110902309418, -0.006229200400412083, 0.0077285608276724815, -0.011015634983778, -0.03414936363697052, -9.971932740882039e-05, -0.03758485987782478, -0.008433958515524864, -0.017382150515913963, -0.0221248771995306, 0.030652904883027077, -0.015324573032557964, 0.0098249651491642, 0.006811776664108038, 0.00012716458877548575, 0.03930777683854103, -0.0005529789486899972, 0.019814006984233856, 0.027219325304031372, -0.05330789089202881, -0.028447018936276436, 0.021008634939789772, 0.00898896437138319, 0.03486832603812218, 0.00547057157382369, 0.052555833011865616, -0.01754235289990902, 0.01776018552482128, -0.005333648528903723, 0.032626472413539886, 0.0019531885627657175, -0.061517614871263504, -0.006494965869933367, 0.014677966013550758, -0.06533993035554886, 0.04031674191355705, 0.026387019082903862, -0.01651938073337078, -0.04901209473609924, 0.029413556680083275, 0.008467147126793861, -0.00795836839824915, 0.005815799813717604, 0.04319702461361885, -0.007282479666173458, -0.012800519354641438, -0.07114778459072113, -0.03096560761332512, 0.023393573239445686, 0.02116292156279087, 0.0305193904787302, 0.005472263321280479, -0.008558587171137333, -0.0014329651603475213, 0.018982507288455963, -0.01207039412111044, 0.0329928919672966, 0.03374883532524109, 0.04084949940443039, -0.06127821281552315, -0.027866141870617867, -0.07837892323732376, 0.0018960342276841402, -0.008900770917534828, 0.031152548268437386, -0.005378519184887409, -0.002773079788312316, 0.040779147297143936, 0.051273807883262634, 0.038073889911174774, -0.024730529636144638, 0.024650782346725464, -0.03397156298160553, -0.006810637190937996, -0.007232191972434521, 0.003591337939724326, -0.0230562761425972, -0.030977392569184303, -0.03359358012676239, 0.045754022896289825, -0.02576589211821556, -0.022713221609592438, -0.01256418414413929, -0.00945650227367878, 0.02870212495326996, -0.050524357706308365, 0.015397551469504833, 0.0024390227627009153, -0.05611270293593407, -0.0024268431589007378, 0.03821785748004913, -0.006913017947226763, -0.026153896003961563, -0.010357407853007317, 0.02230183221399784, -0.02233237773180008, -0.025059353560209274, 0.13026367127895355, -0.001655364059843123, -0.013666973449289799, 0.05440303310751915, 0.006737569812685251, 0.037433844059705734, 0.05538099259138107, 0.015683382749557495, 0.032810378819704056, 0.0038093433249741793, 0.0014768497785553336, -0.010748068802058697, 0.022401750087738037, -0.034475646913051605, -0.019037503749132156, -0.01398510206490755, 0.012337607331573963, -0.007414928637444973, 0.042173441499471664, 0.04636252298951149, 0.011408517137169838, -0.048677634447813034, 0.00024902867153286934, 0.0342530682682991, -0.003877756418660283, 0.058872342109680176, 0.049508482217788696, -0.017492951825261116, 0.020276183262467384, -0.03913956880569458, -0.01088838279247284, -0.004926192574203014, -0.04570718854665756, -0.01209685206413269, 0.005505365319550037, -0.0051145716570317745, -0.010911085642874241, 0.0002610351948533207, 0.005376575980335474, -0.009698554873466492, 0.014069264754652977, 0.026034561917185783, -0.010276068933308125, -0.012925666756927967, -0.02221231907606125, 0.010134460404515266, 0.01786668226122856, 0.018390366807579994, -0.055151887238025665, 0.017697034403681755, -0.0423419252038002, 0.05152861773967743, 0.040088631212711334, 0.02155309170484543, -0.028631335124373436, -0.009654630906879902, -0.03770027682185173, 0.00552575895562768, 0.004246583674103022, -0.004716122057288885, -0.05215427279472351, -0.008641453459858894, -0.020836615934967995, -0.01803911104798317, -0.021176403388381004, -0.007312966510653496, 0.036293547600507736, -0.030656035989522934, 0.02024868316948414, -0.004438281524926424, 0.020847754552960396, -0.003105515381321311, 0.00019149520085193217, -0.015592997893691063, 0.025374658405780792, 0.0360102653503418, -0.05375654250383377, -0.04445954039692879, -0.042121097445487976, -0.057866331189870834, -0.013491012156009674, -0.02133120782673359, -0.022121844813227654, 0.05503357946872711, -0.01847239024937153, -0.009748266078531742, 0.02712017111480236, 0.011998952366411686, -0.0459817498922348, -0.0755617544054985, 0.014752163551747799, 0.0005909166648052633, 0.041059330105781555, 0.018426084890961647, -0.005413332022726536, 0.066536545753479, 0.026678187772631645, 0.006513143423944712, -0.03562447056174278, 0.03264908865094185, -0.003242265433073044, -0.05129295587539673, 0.006476964335888624, -0.03357595205307007, -0.029790014028549194, -0.007883046753704548, 0.004294584505259991, 0.002152233850210905, 0.01576601341366768, 0.003493348602205515, -0.005587917752563953, -0.012542751617729664, -0.01945623941719532, -0.007181884255260229, 0.047998636960983276, -0.0026341271586716175, -0.030932454392313957, -0.004931431729346514, -0.01164779718965292, -0.024706445634365082, -0.028938565403223038, 0.014521583914756775, 0.044035013765096664, 0.009866203181445599, -0.014140387065708637, 0.0344395749270916, -0.0013963717501610518, -0.013087227009236813, -0.004205902107059956, 0.0206025131046772, 0.004511399194598198, -0.009604863822460175, 0.011156484484672546, -0.03436548262834549, -0.02406667359173298, -0.005546808708459139, -0.009184096939861774, -0.0568593293428421, -0.015072409994900227, -0.032572343945503235, 0.018985191360116005, -0.018575720489025116, 0.005779345519840717, 0.025926360860466957, -0.026353849098086357, 0.03920014202594757, -0.046461429446935654, 0.019000712782144547, 0.00023278519802261144, 0.008799823001027107, -0.03196262568235397, 0.054763417690992355, -0.012064408510923386, -0.011834572069346905, 0.007039148360490799, 0.006828967947512865, -0.05504004284739494, -0.016599467024207115, -0.0037842304445803165, -0.03344947099685669, -0.0012599078472703695, -0.013554793782532215, -0.025179456919431686, -0.022149471566081047, -0.007589960936456919, 0.01780262216925621, 0.021628698334097862, 0.049609605222940445, -0.016253553330898285, -0.03292277455329895, 0.01876508817076683, -0.018312806263566017, -0.018975835293531418, 0.007210882380604744, 0.031052418053150177, -0.026419471949338913, -0.041490186005830765, -0.031908195465803146, 0.0007708386401645839, -0.019193513318896294, -0.011751220561563969, 0.015105023048818111, -0.0010091932490468025, 0.01888093538582325, 0.007944833487272263, -0.033178772777318954, 0.03227642551064491, 0.039383068680763245, -0.007991241291165352, -0.0115245021879673, -0.05480412766337395, -0.026916854083538055, -0.04395199567079544, -0.029435697942972183, -0.044079966843128204, -0.009197256527841091, 0.005932206753641367, 0.03762632608413696, 0.043123867362737656, -0.0002482041309121996, 0.00209653633646667, -0.02718307450413704, -0.005981012713164091, -0.1518394500017166, 0.011548898182809353, -0.05007031187415123, 0.028897760435938835, -0.02027132175862789, 0.001067719771526754, -0.033536288887262344, -0.05953909456729889, 0.010799619369208813, -0.026962200179696083, -0.04899599030613899, -0.004287311807274818, 0.0005557456170208752, -0.006515089888125658, -0.010257011279463768, 0.05466797575354576, -0.008491097018122673, 0.008609076030552387, -0.027866652235388756, 0.013824395835399628, -0.012143777683377266, -0.006138565018773079, 0.036972034722566605, -0.022813256829977036, 0.016666486859321594, 0.019416244700551033, 0.004850533325225115, -0.020793454721570015, -0.024865999817848206, 0.009543371386826038, -0.013735233806073666, -0.013926218263804913, 0.006984854582697153, 0.021980874240398407, -0.009543915279209614, 0.02866457775235176, 0.005246360786259174, 0.00880467239767313, 0.0022674258798360825, 0.04950771480798721, 0.035858504474163055, 0.026280386373400688, 0.015239679254591465, -0.01390754897147417, 0.026129242032766342, 0.03704661503434181, -0.0003265842969994992, -0.02573152631521225, -0.019703155383467674, -0.007983834482729435, -0.016116123646497726, 0.003556842915713787, 0.02792307361960411, 0.03728090599179268, 0.0029058638028800488, -0.0035044909454882145, -0.038740165531635284, 0.03259282186627388, -0.06581803411245346, 0.04585246369242668, -0.011110467836260796, 0.015198202803730965, -0.02008511871099472, 0.0019730250351130962, 0.00925857201218605, 0.04124915599822998, -0.07257772237062454, 0.032844286412000656, -0.0052285282872617245, -0.03958848491311073, -0.005556774791330099, -0.06894852221012115, -0.010493508540093899, -0.011603017337620258, 0.02437153458595276, 0.05468958243727684, 0.0008279526955448091, -0.0262624379247427, -0.01795123517513275, -0.0012622452341020107, -0.053414151072502136, -0.013080762699246407, -0.07351169735193253, 0.07328252494335175, 0.04387804865837097, 0.024998435750603676, 0.0060157314874231815, 0.011223257519304752, -0.04773123934864998, -0.03264004737138748, -0.02959383837878704, -0.031510837376117706, -0.0004365057102404535, -0.005043468438088894, -0.003994722384959459, 0.031396348029375076, 0.013726314529776573, -0.018681103363633156, 0.032527703791856766, -0.02564924955368042, 0.008735678158700466, 0.004689839202910662, -0.014111518859863281, -0.014603675343096256, -0.04629496857523918, 0.040191132575273514, 0.03093731217086315, -0.01511929277330637, 0.002399868331849575, -0.011760122142732143, -0.07024747133255005, 0.02456703409552574, -0.02187938243150711, 0.03628222271800041, -0.0898522362112999, -0.008659308776259422, 0.0047836704179644585, -0.00026552591589279473, 0.028401905670762062, 0.023914501070976257, -0.027630116790533066, -0.03699791431427002, -0.01629531756043434, -0.021573998034000397, 0.04905460774898529, 0.01635424979031086, 0.061244670301675797, 0.06301642954349518, 0.027648422867059708, 0.018682148307561874, 0.007864318788051605, -0.09179002791643143, 0.01154609490185976, 0.0074626365676522255, 0.03742188960313797, -0.010447334498167038, -0.0034034387208521366, 0.05321212857961655, -0.05098823085427284, 0.02230260707437992, -0.03508782014250755, 0.006284976378083229, 0.028920885175466537, -0.015739096328616142, -0.00039526144973933697, -0.024593181908130646, 0.05280963331460953, -0.00622048694640398, 0.010938148945569992, -0.003326006466522813, 0.0251793023198843, 0.014374521560966969, -0.03705364465713501, 0.0442764014005661, -0.04728540778160095, 0.010399614460766315, -0.03966566175222397, 0.01491489540785551, -0.06313958019018173, 0.0286015123128891, -0.035224851220846176, -0.021962983533740044, -0.00294497050344944, 0.001999071566388011, -0.006402621045708656, 0.003434963757172227, -0.016915706917643547, 0.021220389753580093, -0.048372432589530945, 0.04802185297012329, -0.014999251812696457, 0.03889622539281845, -0.0162196047604084, -0.0030076217371970415, 0.06614580005407333, -0.023640885949134827, 0.012159595265984535, 0.019791096448898315, 0.022094404324889183, 0.0047359769232571125, 0.03932098299264908, -0.00754231121391058, 0.02767573855817318, -0.0021989131346344948, -0.00456976005807519, 0.005763164255768061, -0.01058394555002451, 0.008681584149599075, 0.027812611311674118, -0.032701410353183746, -0.020591504871845245, -0.013792303390800953, -0.014355034567415714, 0.008337016217410564, -0.009235596284270287, 0.02823367342352867, 0.0261573176831007, -0.05268460884690285, -0.015129175037145615, 0.047670621424913406, 0.0009892067173495889, 0.03245938941836357, 0.0011341393692418933, -0.04080338031053543, -0.01783119887113571, -0.008132055401802063, -0.01946222223341465, -0.025939492508769035, 0.017457474023103714, 0.04623528942465782, 0.009733814746141434, 0.011953169479966164, -0.022822409868240356, -0.015687597915530205, -0.008959268219769001, -0.016981247812509537, 0.06688741594552994, 0.029956620186567307, -0.03030899539589882, -0.02041652239859104, 0.036336749792099, -0.0018280381336808205, 0.0016058183973655105, -0.025805236771702766, -0.017183659598231316, -0.014900424517691135, -0.0009335030918009579, 0.025248141959309578, 0.012905409559607506, 0.008236322551965714, -0.04020388796925545, -0.006599527318030596, -0.0037038770969957113, 0.005736418068408966, 0.01338113471865654, -0.01822204329073429, -0.02723083086311817, 0.00923966709524393, -0.018034685403108597, -0.002465278608724475, 0.051184024661779404, 0.039543211460113525, 0.018662672489881516, -0.0012056868290528655]",,
15_1_0_errors_no_script_in_document_mdx,document,,No Script in Document,,{'related_links': []},15.1.0,"> Prevent usage of `next/script` in `pages/_document.js`.

> **Note**: ⚠️ This error is not relevant in Next.js versions 12.1.6 or later. Please refer to the updated [error message](/docs/messages/no-before-interactive-script-outside-document).

## Why This Error Occurred

You should not use the `next/script` component in `pages/_document.js` in Next.js versions prior to 12.1.6. That's because the `pages/_document.js` page only runs on the server and `next/script` has client-side functionality to ensure loading order.

## Possible Ways to Fix It

If you want a global script, use `next/script` in `pages/_app.js` instead.

```jsx filename=""pages/_app.js""
import Script from 'next/script'

function MyApp({ Component, pageProps }) {
  return (
    <>
      <Script src=""/my-script.js"" />
      <Component {...pageProps} />
    </>
  )
}

export default MyApp
```

## Useful Links

- [custom-app](/docs/pages/building-your-application/routing/custom-app)
- [next-script](/docs/pages/building-your-application/optimizing/scripts)Prevent usage of `` in ``.
Note: ⚠️ This error is not relevant in Next.js versions 12.1.6 or later. Please refer to the updated [/docs/messages/no-before-interactive-script-outside-document](/docs/messages/no-before-interactive-script-outside-document).
",,"[(np.int64(23), np.float64(0.1307750791311264)), (np.int64(438), np.float64(0.20354031026363373)), (np.int64(43101), np.float64(0.3101307153701782)), (np.int64(84654), np.float64(0.32151204347610474))]","[-0.025869810953736305, 0.03879270702600479, -0.04869752377271652, 0.021783702075481415, -0.01462937705218792, -0.024598021060228348, -0.0420985110104084, 0.0031898915767669678, -0.01916169747710228, -0.0034463161136955023, 0.019181394949555397, -0.0008918793173506856, 0.00207709614187479, -0.03331374377012253, -0.030288392677903175, 0.030320631340146065, -0.001779347425326705, 0.031402941793203354, 0.012133401818573475, 0.013148286379873753, -0.03395562618970871, -0.013349027372896671, 0.050235260277986526, 0.02639183960855007, 0.003680730704218149, 0.02832363173365593, -0.026691313832998276, -0.004636650905013084, 0.027470072731375694, 0.01859070360660553, 0.03650899603962898, -0.02677282691001892, -0.004355630837380886, 0.011917313560843468, -0.006698756944388151, 0.009165344759821892, 0.005275398027151823, -0.009674656204879284, -0.029036516323685646, 0.012165280058979988, -0.0244398545473814, -0.008812295272946358, 0.00777269946411252, -0.025630738586187363, -0.005315796937793493, 0.0003618231858126819, 0.00873542856425047, -0.014398249797523022, 0.03536553308367729, -0.02002881094813347, -0.02172655425965786, 0.02265843376517296, 0.060116253793239594, -0.06209482252597809, 0.06340234726667404, 0.0002622237370815128, -0.0005532608483918011, -0.02837652713060379, -0.0036626553628593683, 0.02898421324789524, -0.04172542318701744, -0.02493414282798767, -0.0023852705489844084, -0.005744589027017355, 0.016488566994667053, 0.01567104272544384, -0.005871374625712633, -0.012053768150508404, -0.03139708563685417, -0.044088322669267654, 0.00814887136220932, 0.011633208021521568, -0.006744786631315947, -0.052214156836271286, -0.025017281994223595, 0.022780949249863625, 0.03466496989130974, -0.04556719586253166, 0.0105369221419096, 0.010317835956811905, 0.022291716188192368, -0.009275300428271294, 0.01659798063337803, 0.010954931378364563, 0.02639986015856266, -0.012436826713383198, -0.038518838584423065, 0.019830482080578804, 0.0573718287050724, 0.0429525151848793, 0.006998893804848194, -0.03642958030104637, 0.06828510761260986, -0.016519388183951378, -0.022532489150762558, 0.029424218460917473, 0.00483505567535758, 0.023962445557117462, 0.0587974488735199, -0.049365852028131485, 0.008761543780565262, -0.013968076556921005, 0.004160230979323387, -0.03485988453030586, 0.03985665738582611, 0.03575710579752922, 0.03803570941090584, 0.043323319405317307, 0.01935826614499092, -0.03505945950746536, 0.009967627003788948, -0.005551186390221119, 0.03552670776844025, 0.015041203238070011, 0.0051945834420621395, -0.0008316747844219208, 0.030552156269550323, -0.020739324390888214, 0.024083415046334267, -0.04712875559926033, 0.032786913216114044, 0.022239750251173973, 0.019680766388773918, -0.03321509435772896, 0.037834856659173965, 0.003096445230767131, -0.014614205807447433, 0.0492665059864521, -0.020580699667334557, -0.009904793463647366, -0.010752633213996887, 0.014491507783532143, 0.028110118582844734, -0.011783672496676445, -0.024977995082736015, 0.03889087587594986, -0.017393818125128746, 0.01935146562755108, 0.04487426578998566, -0.06457401067018509, 0.027514537796378136, -0.001374762156046927, -0.0014022727264091372, -0.002265393966808915, 0.02367493510246277, -0.014239637181162834, 0.03455526381731033, -0.02995873987674713, 0.02306794561445713, -0.052092552185058594, -0.0061781080439686775, 0.027498943731188774, 0.027750281617045403, -0.006359762977808714, 0.006205271929502487, -0.025383273139595985, -0.022002195939421654, -0.010715210810303688, 0.027617957442998886, -0.004388612229377031, 0.0009416429093107581, -0.008449165150523186, -0.052574556320905685, 0.03616483509540558, 0.017891598865389824, 0.006075484678149223, -0.013638642616569996, -0.0010100138606503606, -0.02824498899281025, -0.022632963955402374, 0.027013549581170082, -0.0007534774485975504, 0.046210188418626785, -0.03557200729846954, 0.026869311928749084, 0.034279849380254745, 0.033513765782117844, 0.01223248615860939, -0.015889987349510193, -6.286238931352273e-05, -0.04698312655091286, 0.03449312597513199, 0.02149762585759163, -0.015032297000288963, -0.02665066160261631, -0.01875222846865654, -0.007579922676086426, -0.021851010620594025, -0.007869638502597809, -0.01938101463019848, -0.05088021978735924, -0.03576749935746193, 0.06936706602573395, -0.0025529731065034866, 0.007734676357358694, -0.040811143815517426, 0.025671595707535744, -0.03184898570179939, -0.004429550375789404, -0.012351642362773418, -0.0412704236805439, 0.03838451951742172, 0.010897545143961906, 0.027158468961715698, -0.04208846762776375, -0.02959803305566311, -0.01707950234413147, -0.02616128884255886, 0.02414795383810997, -0.037520136684179306, 0.019798031076788902, -0.020064426586031914, 0.005383513402193785, 0.029578907415270805, -0.04744718223810196, 0.044356945902109146, -0.026303887367248535, 0.01575290411710739, -0.015393163077533245, -0.04049307852983475, 0.004456748254597187, 0.01044644694775343, 0.003001848002895713, -0.01407424733042717, 0.008488190360367298, 0.027069738134741783, 0.07836726307868958, 0.02422783151268959, 0.039687927812337875, 0.008839121088385582, 0.015373846516013145, -0.0157979354262352, 0.0241737961769104, -0.036351270973682404, 0.023230457678437233, -0.03830905258655548, -0.0071917627938091755, 0.0010578135261312127, 0.004404603969305754, 0.02009487897157669, 0.02064988948404789, -0.08209390938282013, 0.029784787446260452, 0.04145582392811775, -0.05125914514064789, -0.017859652638435364, 0.02739175781607628, 0.027267755940556526, -0.04238111898303032, -0.005684861913323402, 0.02066553197801113, 0.0259100254625082, -0.010198448784649372, 0.01379034947603941, 0.00698440708220005, -0.004143853671848774, -0.04684436693787575, -0.02423728071153164, 0.001703907735645771, -0.02459196001291275, 0.02615811489522457, 0.04737693816423416, -0.044345077127218246, 0.015245013870298862, -0.010300383903086185, -0.008989040739834309, -0.03884219750761986, -0.022318542003631592, -0.010616951622068882, -0.01679476723074913, -0.046694282442331314, 0.00827821809798479, 0.0410248227417469, -0.027099283412098885, -0.030226845294237137, 0.04322686046361923, -0.015571339055895805, -0.025741325691342354, 0.08832542598247528, 0.03439464047551155, -0.028106607496738434, 0.07602964341640472, 0.055843841284513474, 0.025581657886505127, 0.04565419256687164, -0.01480256486684084, -0.006584206596016884, -0.04209434241056442, 0.0036520955618470907, 0.018543627113103867, -0.02810194343328476, 0.017927944660186768, 0.026364291086792946, -0.022770969197154045, 0.00550580071285367, -0.012531363405287266, 0.012450037524104118, -0.12760184705257416, -0.04634993150830269, 0.04483000189065933, -0.010672950185835361, 0.022073158994317055, 0.04038900509476662, -0.032498493790626526, 0.0037584579549729824, 0.0020686271600425243, 0.053410205990076065, -0.03753817453980446, -0.042875222861766815, -0.025426162406802177, -0.017166342586278915, -0.01653115637600422, 0.04261086881160736, -0.04805988445878029, -0.01547479722648859, 0.02157284878194332, -0.03487340360879898, -0.01619577594101429, -0.01738112047314644, -0.013007615692913532, -0.03945792093873024, 0.013532307930290699, -0.05588523671030998, 0.04918446019291878, 0.0254043098539114, -0.05342297628521919, -0.0009690080187283456, -0.025377953425049782, -0.03073718771338463, -0.009085440076887608, -0.010212583467364311, -0.007729421369731426, 0.01513945683836937, 0.02434753067791462, -0.001941411872394383, -0.04052973911166191, -0.029682662338018417, 0.013004826381802559, 0.04363967478275299, -0.03533581271767616, -0.029230181127786636, 0.0377250537276268, -0.04493103548884392, 0.011050709523260593, -0.018493885174393654, -0.024456312879920006, -0.05040407553315163, 0.007435621228069067, 0.019060825929045677, -0.017176246270537376, 0.006396581884473562, -0.008447155356407166, -0.002976680640131235, -0.020317966118454933, 0.05060931295156479, -0.035822752863168716, 0.006197151727974415, 0.01616346836090088, -0.024570748209953308, 0.030932800844311714, -0.02382928878068924, -0.038041986525058746, 0.03236636891961098, 0.0382654033601284, -0.04277174174785614, 0.04136005416512489, -0.04057133197784424, 0.021372655406594276, -0.0409531332552433, 0.030984925106167793, -0.0007534976466558874, -0.005895474459975958, 0.0022655664943158627, 0.06468695402145386, 0.0007802689215168357, 0.011565481312572956, -0.11445444077253342, -0.00501597486436367, 0.006321438588202, -0.016122713685035706, 0.046709831804037094, -0.04253802075982094, -0.018128037452697754, 0.001172004034742713, -0.01937473751604557, -0.014081034809350967, 0.20334850251674652, 0.026753928512334824, 0.03011387027800083, 0.009362317621707916, 0.07143901288509369, -0.02243541181087494, 0.007339398376643658, 0.011836404912173748, 0.048092007637023926, -0.041761644184589386, -0.011604225262999535, -0.023563966155052185, 0.0077790324576199055, -0.019599296152591705, 0.02600003033876419, 0.036203619092702866, -0.015459009446203709, 0.07469229400157928, 0.04950420558452606, -0.047391556203365326, 0.021904312074184418, -0.015385237522423267, 0.03566040098667145, 0.05042308568954468, -0.08120957762002945, 0.0015308099100366235, -0.006564265117049217, -0.02063637599349022, -0.030645135790109634, 0.004255248699337244, -0.025644103065133095, 0.02012556977570057, 0.06506709009408951, -0.0993013009428978, -0.0035521041136235, -0.029362807050347328, 0.02388216368854046, -0.019659312441945076, -0.008808239363133907, -0.001478575635701418, 0.004659112077206373, 0.011920304968953133, 0.027526214718818665, 0.0371301993727684, 0.007391509134322405, -0.0018697495106607676, -0.037550993263721466, -0.020601874217391014, 0.016484634950757027, -0.017195995897054672, 0.010046795010566711, -0.04094730690121651, -0.01813151128590107, 0.030294710770249367, 0.0067423866130411625, -0.016969140619039536, 0.004703400190919638, 0.01579774171113968, -0.016299745067954063, 0.05094591900706291, -0.03963815048336983, 0.037780437618494034, -0.038524821400642395, 0.028820833191275597, -0.020065581426024437, -0.005520957987755537, 0.025497520342469215, -0.03227914124727249, 0.010339227505028248, 0.035599008202552795, -0.0026609792839735746, -0.006908411625772715, 0.01663997210562229, -0.020162656903266907, 0.0043374826200306416, -0.041634757071733475, -0.0009705019765533507, 0.046109624207019806, -0.021539878100156784, 0.06565117835998535, -0.006417091470211744, 0.02024259604513645, -0.036736808717250824, 0.0026472832541912794, 0.013168125413358212, -0.021104596555233, 0.011349787004292011, 0.07287657260894775, -0.012444245629012585, -0.0127400578930974, 0.009112928062677383, -0.009381597861647606, 0.005082736257463694, 0.04959842190146446, -0.0029962363187223673, -0.0021782852709293365, 0.03827865421772003, -0.013039110228419304, 0.010554810985922813, 0.00015489294310100377, -0.01723010279238224, -0.011710035614669323, -0.013327605091035366, -0.03852030262351036, 0.013115194626152515, -0.04327577352523804, 0.02597314491868019, -0.001636889181099832, 0.022236278280615807, 0.009247509762644768, -0.05357583612203598, -0.0004437094903551042, 0.03240688517689705, -0.03823848441243172, -0.032229263335466385, 0.03570378199219704, 0.04270017892122269, 0.006546856369823217, 0.01656198874115944, 0.025542553514242172, 0.013195330277085304, -0.00822657160460949, -0.01232861541211605, -0.009123400785028934, 0.020070787519216537, 0.0039718435145914555, -0.027856269851326942, -0.024531656876206398, -0.043164655566215515, 0.0036756484769284725, 0.03444311022758484, -0.026368284597992897, -0.06951449066400528, 0.03942371904850006, 0.02035476826131344, 0.02219965122640133, 0.021985039114952087, 0.031326159834861755, 0.013399397023022175, -0.003708658507093787, 0.00522635830566287, -0.06327477842569351, 0.02622530423104763, 0.022649673745036125, 0.03255198895931244, 0.07210026681423187, -0.0015028320485725999, -0.030389565974473953, 0.028913002461194992, 0.06380817294120789, 0.055140864104032516, 0.062450576573610306, 0.01511099748313427, -0.01116882637143135, -0.00805861596018076, -0.03985275700688362, 0.0010924001690000296, 0.014119540341198444, 0.04293205216526985, 0.005561704281717539, 0.030087612569332123, -0.012867654673755169, 0.004309661220759153, 0.01266777329146862, 0.029464557766914368, -0.015639210119843483, -0.014672762714326382, 0.030215444043278694, -0.028812000527977943, 0.0011969470651820302, -0.002066774759441614, -0.05863077938556671, -0.031185191124677658, 0.028221827000379562, -0.014638371765613556, -0.01410889346152544, -0.06011941656470299, 0.014076229184865952, -0.036350563168525696, -0.015885980799794197, 0.005003002472221851, 0.005651045124977827, -0.02019699290394783, -0.026135198771953583, 0.03867948427796364, 0.0009676757617853582, 0.03674796596169472, -0.009769725613296032, 0.012174412608146667, -0.04059609770774841, -0.006139562465250492, 0.10047527402639389, -0.014918692409992218, -0.008567566983401775, 0.02603081986308098, -0.03790377452969551, 0.09320760518312454, 0.007340617943555117, -0.03406333550810814, 0.013381828553974628, 0.017884626984596252, 0.03144783899188042, -0.012900663539767265, 0.04020219296216965, -0.037855472415685654, -0.031062008813023567, 0.01473911665380001, -0.003887047991156578, -0.054295606911182404, 0.01928245648741722, 0.001066097291186452, 0.0335719920694828, -0.05542752519249916, 0.0191657654941082, 0.04698755964636803, -0.045096222311258316, 0.07138568162918091, 0.03893865644931793, 0.03385651856660843, 0.010100292041897774, -0.03646739199757576, -0.007397468667477369, 0.004919613711535931, -0.04743647575378418, -0.0033437772653996944, -0.03128662705421448, 0.022544559091329575, -0.0243721641600132, 0.024839239194989204, -0.026052696630358696, -0.015848618000745773, 0.06173129752278328, 0.03660612925887108, -0.05210176110267639, -0.015063628554344177, 0.027794286608695984, -0.009262247942388058, 0.04273402318358421, 0.02119055949151516, -0.008307276293635368, -0.019785407930612564, -0.049498215317726135, 0.05299711972475052, 0.00028844279586337507, 0.016416732221841812, 0.013844958506524563, -0.025000760331749916, 0.0011469190940260887, 0.007375774439424276, 0.02971533313393593, 0.00125626171939075, 0.02298772521317005, 0.017168095335364342, -0.019277455285191536, 0.04444935917854309, -0.005894324742257595, 0.013591932132840157, -0.0076691871508955956, -0.061160776764154434, -0.025515522807836533, -0.036801405251026154, 0.03202270716428757, -0.033707909286022186, 0.001105100498534739, -0.017289822921156883, -0.03846471384167671, 0.0669189840555191, -0.06055942922830582, 0.008396865800023079, -0.07788413763046265, -0.02446720562875271, -0.011586003005504608, -0.005657081492245197, 0.034403689205646515, 0.0073224883526563644, 0.0056825666688382626, 0.00012381603301037103, -0.013307753019034863, 0.05574874207377434, -0.026381799951195717, -0.009337774477899075, -0.0300372876226902, 0.005355687811970711, 0.05079581215977669, 0.01408045832067728, 0.01778312958776951, 0.06548720598220825, 0.030601808801293373, -0.02217637374997139, -0.044654518365859985, 0.010875798761844635, -0.019988175481557846, -0.0450032576918602, 0.006506901700049639, -0.0017777165630832314, 0.01388830877840519, 0.002380701247602701, -0.0015001881401985884, 0.035487741231918335, 0.02666916325688362, -0.00017015548655763268, -0.03543439134955406, -0.018637605011463165, -0.022702567279338837, -0.039861734956502914, 0.056927863508462906, 0.00917050987482071, -0.011885887011885643, -0.013124585151672363, -0.03583677485585213, -0.037491925060749054, -0.06019242852926254, 0.03360776975750923, 0.020495451986789703, 0.06639716774225235, -0.02932516671717167, 0.05435701459646225, -0.015168835408985615, -0.0030191221740096807, 0.027361784130334854, 0.011383356526494026, -0.006169268861413002, -0.04512016102671623, -0.008687501773238182, -0.04298057034611702, 0.02298099361360073, 0.02614274062216282, -0.030633023008704185, -0.013986618258059025, -0.030003689229488373, -0.022287385538220406, -0.0015894519165158272, -0.010749912820756435, -0.02021070197224617, 0.006455387454479933, -0.020362835377454758, 0.011887447908520699, -0.05198397487401962, 0.009253223426640034, 0.005567086394876242, 0.0036952707450836897, -0.04408363625407219, 0.02870534546673298, -0.014404775574803352, 0.0053621623665094376, -0.03208101540803909, -0.0047154207713902, -0.003742699511349201, -0.04609726741909981, -0.04049455001950264, -0.002119173761457205, -0.033426813781261444, -0.00554610462859273, -0.03180321305990219, 0.0011929984902963042, 0.03396306186914444, -0.003745987080037594, -0.006721186451613903, 0.005590511951595545, 0.019216520711779594, -0.02902350388467312, -0.008311595767736435, -0.04039434716105461, 0.00967264175415039, 0.03817751631140709, 0.031046295538544655, -0.010487200692296028, 0.0010645148577168584, -0.013039686717092991, -0.010854796506464481, -0.0057989307679235935, 0.012854610569775105, 0.011890793219208717, -0.01361183449625969, 0.005267167463898659, -0.0022992040030658245, -0.043190259486436844, 0.006412188522517681, 0.01871669851243496, 0.026972031220793724, -0.014882035553455353, -0.03918614983558655, -0.003933788742870092, -0.009281701408326626, 0.0087168263271451, -0.038937944918870926, -0.026851613074541092, -0.031099945306777954, -0.01353534311056137, 0.014630762860178947, -0.016971120610833168, 0.017808634787797928, -0.006118494551628828, 0.06016220524907112, -0.11883265525102615, 0.016110926866531372, -0.01592179946601391, 0.014852005988359451, -0.00662984699010849, -0.011563163250684738, 0.01621279865503311, -0.027917999774217606, 0.05711313337087631, -0.035682909190654755, -0.055692996829748154, -0.04920855164527893, 0.004125761799514294, -0.022983580827713013, 0.01664547063410282, 0.056258898228406906, 0.02828495018184185, 0.01935717649757862, -0.04390547052025795, -0.009120739065110683, -0.0017700559692457318, 0.005933066364377737, 0.009757534600794315, -0.0013511668657884002, -0.0007146915886551142, 0.0029155262745916843, -0.010034569539129734, 0.0042124297469854355, -0.009616129100322723, 0.026590533554553986, -0.0037752268835902214, -0.028935682028532028, -0.016957931220531464, 0.0029285226482897997, -0.02672004885971546, 0.0025387126952409744, 0.015549356117844582, 0.001024086493998766, -0.010387256741523743, 0.015530191361904144, -0.01362859457731247, 0.006228048354387283, -0.052311934530735016, -0.030376523733139038, 0.023025333881378174, 0.013723856769502163, -0.0137605220079422, -0.039520520716905594, -0.006985555402934551, 0.017403999343514442, 0.010725150816142559, 0.016041986644268036, -0.02471248432993889, 0.012618147768080235, -0.005695099011063576, 0.015156439505517483, -0.04285961017012596, 0.008504379540681839, -0.04336715489625931, 0.02758503146469593, -0.004444368649274111, 0.008795643225312233, -0.011502956971526146, -0.010678591206669807, -0.05261722579598427, 0.05153979733586311, -0.06288620829582214, 0.04180454462766647, 0.027708658948540688, -0.002910258714109659, -0.030079063028097153, -0.08337528258562088, -0.03368333727121353, -0.003268503351137042, 0.023001959547400475, 0.018548965454101562, -0.01202995516359806, -0.06099351495504379, -0.035164546221494675, 0.029185233637690544, -0.06816864758729935, -0.012601939961314201, -0.0659424439072609, 0.03727961331605911, 0.04968254640698433, 0.0034746546298265457, -0.005033690948039293, -0.014248967170715332, -0.033104974776506424, -0.03693878650665283, -0.014191173948347569, -0.016773546114563942, -0.04625480994582176, -0.007543862331658602, -0.0064198849722743034, 0.001043772790580988, 0.03007618710398674, 0.01701405830681324, -0.01819784753024578, -0.0475192554295063, -0.040238697081804276, -0.030708160251379013, 0.004281759727746248, 0.0018700181972235441, 0.0022559440694749355, 0.014229333959519863, 0.045947879552841187, 0.004289267584681511, 0.018004760146141052, -0.013707424513995647, -0.051515549421310425, -0.007978777401149273, -0.01376167219132185, -0.007465346250683069, -0.1113891527056694, 0.010166766121983528, -0.03372634947299957, 0.008209099993109703, -0.0010784879559651017, 0.0036723727826029062, -0.0016200056998059154, -0.04148614779114723, 0.009095593355596066, -0.02639235183596611, 0.028162116184830666, -0.008525720797479153, 0.0353950597345829, 0.01951594278216362, -0.019737791270017624, -0.022720569744706154, 0.001101294532418251, -0.027675189077854156, -0.0003603173536248505, 0.005515608470886946, -0.004234057851135731, 0.0280251894146204, 0.01600128784775734, 0.03910522535443306, -0.08136869966983795, 0.02433355525135994, -0.0543961226940155, 0.014265904203057289, 0.02903427928686142, -0.0773642286658287, 0.002024757442995906, -0.011791699565947056, 0.02960113435983658, -0.02995028719305992, -0.03558693453669548, 0.008108774200081825, 0.0020072804763913155, 0.0031817411072552204, -0.004822499584406614, -0.01574145071208477, -0.03725188970565796, 0.012108017690479755, -0.00010076187027152628, 0.02568988688290119, -0.025622982531785965, 0.05364423990249634, -0.03082520328462124, 0.01139700599014759, 0.012148881331086159, -0.03559434413909912, 0.013663405552506447, 0.014163234271109104, -0.011637101881206036, -0.008354997262358665, -0.018319275230169296, 0.036046482622623444, -0.015453319996595383, 0.06516208499670029, -0.017557326704263687, 0.0220489464700222, 0.02431783452630043, -0.03668144345283508, 0.010362648405134678, 0.0014603285817429423, 0.014539238065481186, -0.037679266184568405, 0.04080171883106232, -0.014316368848085403, 0.05210079625248909, -0.004535736981779337, -0.0037104692310094833, -0.021710684522986412, -0.00456573162227869, -0.006734215188771486, 0.007484036032110453, -0.009870658628642559, -0.07216636091470718, 0.005398891866207123, 0.019580453634262085, -0.01901969313621521, 0.0156809501349926, -0.016347305849194527, -0.025791725143790245, -0.018947143107652664, 0.051337700337171555, 0.055433135479688644, 0.04140870273113251, 0.023509491235017776, 0.05386624112725258, -0.014173490926623344, 0.0195033960044384, 0.037314921617507935, -0.02406209520995617, 0.007615787908434868, 0.011699710041284561, 0.042689789086580276, -0.022851651534438133, -0.00846030656248331, 0.049833592027425766, 0.0232771597802639, -0.053304221481084824, -0.020015113055706024, 0.03278696537017822, 0.06791863590478897, 0.031246256083250046, 0.015923600643873215, 0.05133920535445213, 0.02304532378911972, -0.009620672091841698, -0.06436149775981903, -0.04593247175216675, -0.0025548823177814484, -0.01611403189599514, 0.020348355174064636, -0.0010500234784558415, -0.0012919033179059625, -0.01854523830115795, 0.028991926461458206, -0.019955256953835487, 0.034188494086265564, 0.028480984270572662, 0.008543405681848526, 0.0047149271704256535, 0.045088108628988266, -0.0506497360765934, -0.01655789278447628, 0.026748260483145714, 0.015072221867740154, -0.019505193457007408, 0.0009215729078277946]",,
15_1_0_errors_no_script_in_document_mdx_section_2,section,15_1_0_errors_no_script_in_document_mdx,No Script in Document - Why This Error Occurred,,{},15.1.0,"You should not use the `` component in `` in Next.js versions prior to 12.1.6. That's because the `` page only runs on the server and `` has client-side functionality to ensure loading order.
",,"[(np.int64(23), np.float64(0.08558676391839981)), (np.int64(438), np.float64(0.18968459963798523)), (np.int64(3293), np.float64(0.12442091107368469)), (np.int64(43101), np.float64(0.3128792643547058)), (np.int64(44084), np.float64(0.09630732238292694)), (np.int64(64240), np.float64(0.05903157964348793)), (np.int64(84654), np.float64(0.32998520135879517)), (np.int64(212059), np.float64(0.24984484910964966))]","[-0.01968398690223694, 0.019357897341251373, -0.019926656037569046, 0.04770270735025406, -0.012222728691995144, 0.01235375925898552, 0.03660368546843529, 0.025003988295793533, -0.03519747033715248, 0.011551192961633205, 0.032874882221221924, -0.013338825665414333, 0.012604078277945518, -0.01713201217353344, -0.019857842475175858, 0.04154038056731224, -0.010982392355799675, 0.03329574689269066, 0.008409501984715462, -0.008935140445828438, -0.01190728135406971, -0.01114373654127121, 0.013428587466478348, 0.06117940694093704, -0.007348085753619671, 0.01753823459148407, -0.03316441550850868, 0.015616538934409618, 0.007789012510329485, 0.05105265974998474, 0.02640063501894474, -0.015357381664216518, 0.02013368532061577, 0.010768384672701359, -0.02801044099032879, -0.07835554331541061, 0.017907695844769478, -0.000762245908845216, -0.033841822296381, 0.015563128516077995, -0.0209698136895895, -0.01299357134848833, -0.008754014037549496, -0.020049234852194786, 0.04152384027838707, -0.0229178573936224, -0.002233120845630765, -0.017457323148846626, 0.008460129611194134, -0.007047059014439583, -0.01694215089082718, -0.01024347823113203, 0.02434203214943409, -0.03953775763511658, 0.021472562104463577, 0.0022222534753382206, -0.017391793429851532, -0.07386884093284607, -0.01459570974111557, 0.02757694013416767, -0.06153335049748421, -0.018393339589238167, -0.012489400804042816, 0.012564277276396751, -0.04067106544971466, 0.041237737983465195, -0.025664590299129486, -0.014248787425458431, -0.03142594173550606, -0.04926283657550812, -0.0006671787705272436, 0.02302250638604164, -0.030887959524989128, -0.05487086996436119, -0.015544585883617401, 0.0477684810757637, 0.033273544162511826, -0.05568432807922363, -0.027097484096884727, -0.001574249705299735, 0.0399833582341671, -0.005571241024881601, 0.042839165776968, -0.03050682507455349, 0.042829640209674835, 0.02167043834924698, -0.0421990267932415, -0.005078964401036501, 0.044803500175476074, 0.011630833148956299, -0.020160183310508728, -0.029209444299340248, 0.06568863987922668, -0.010181467980146408, -0.012076928280293941, -0.004929556977003813, -0.028622059151530266, 0.02354787476360798, 0.0800248384475708, -0.04585831239819527, 0.009900938719511032, -0.04568035528063774, -0.0020705964416265488, -0.0026126268785446882, 0.021886855363845825, 0.038460008800029755, 0.03196105360984802, 0.018988436087965965, 0.010553128086030483, -0.018416939303278923, 0.032702717930078506, 0.03646562248468399, 0.027592090889811516, -0.0033181640319526196, 0.003750621108338237, -0.03571546450257301, -0.005943069700151682, -0.02117820642888546, 0.023065531626343727, -0.04012385755777359, 0.03768947347998619, 0.016473915427923203, 0.005712577607482672, -0.03421059995889664, 0.033496659249067307, -0.016126560047268867, -0.012598752975463867, 0.03847873955965042, -0.028613464906811714, 0.02141503617167473, -0.0006754054338671267, 0.022759385406970978, 0.03169940412044525, -0.0035437194164842367, -0.05468219518661499, 0.009731637313961983, -0.0026116822846233845, 0.0014033025363460183, 0.023290948942303658, -0.043215807527303696, 0.01793639175593853, 0.005114835221320391, 0.029755275696516037, -0.0270859245210886, 0.02364385314285755, 0.010153884068131447, 0.024057537317276, 0.021754363551735878, 0.01816781610250473, -0.0880507156252861, -0.0066663469187915325, 0.0048891897313296795, 0.009315280243754387, -0.01911861263215542, 0.0025957950856536627, -0.027159908786416054, 0.007923746481537819, 0.020131301134824753, 0.0002179011789849028, 0.03384114429354668, 0.004679743200540543, 0.014928226359188557, -0.01275684218853712, 0.016854265704751015, 0.02773989364504814, 0.012377859093248844, -0.018272537738084793, -0.010092366486787796, -0.04557279124855995, -0.03242650628089905, -0.015456938184797764, 0.012681061401963234, 0.01785973832011223, 0.005111691076308489, 0.04109262302517891, 0.05291123688220978, 0.05431109294295311, 0.00479339761659503, -0.040470466017723083, 0.0016557229682803154, -0.02519136108458042, 0.015670418739318848, 0.021626953035593033, 0.009446615353226662, -0.05440400913357735, -0.00227141659706831, -0.007501116022467613, -0.0067513687536120415, -0.020585432648658752, 0.0015320098027586937, -0.04966023936867714, -0.0426463857293129, 0.04294143617153168, -0.001494528609327972, 0.03528926149010658, -0.001677600434049964, 0.008019915781915188, -0.021489771082997322, 0.005308663006871939, -0.005414530634880066, -0.045404620468616486, 0.0088685667142272, 0.02082454040646553, -0.0012301424285396934, -0.043968603014945984, 0.03148619458079338, -0.04558011144399643, -0.0687469020485878, 0.005126707721501589, -0.019269375130534172, 0.01869562454521656, -0.024962354451417923, -0.00028826817288063467, -0.025540415197610855, -0.05553865060210228, 0.0012151324190199375, -0.027307994663715363, 0.023862432688474655, -0.0013006083900108933, -0.06700322777032852, -0.015664249658584595, -0.011023398488759995, 0.006078036036342382, -0.010751319117844105, -0.01024958398193121, 0.01211165264248848, 0.04608381167054176, 0.019213492050766945, 0.04596762731671333, -0.006921007763594389, 0.015428399667143822, 0.0006222072406671941, 0.018508419394493103, -0.020060786977410316, 0.05027224123477936, -0.07791835069656372, 0.002626438857987523, 0.04927476495504379, 0.002377388533204794, -0.01880684494972229, -0.0055478704161942005, -0.02916470356285572, 0.049559228122234344, 0.01676059141755104, -0.003729479620233178, -0.02939303033053875, -0.0002564390015322715, 0.03994680568575859, -0.031255416572093964, -0.018335973843932152, 0.03760984539985657, -0.001574935857206583, -0.012979785911738873, -0.0021547104697674513, -0.01068139635026455, -0.0018320369999855757, -0.024064360186457634, 0.002058848738670349, 0.016232557594776154, -0.047860849648714066, 0.02274060994386673, 0.03032369166612625, 0.0031810991931706667, 0.01795358397066593, -0.0014366109389811754, -0.020148612558841705, -0.01009663287550211, -0.009578303433954716, -2.2795140466769226e-05, 0.00111814693082124, -0.025836970657110214, -0.019532693549990654, 0.018237406387925148, -0.026943664997816086, -0.013614860363304615, 0.0670635923743248, -0.03072933480143547, -0.0063315327279269695, 0.08926993608474731, 0.01973588392138481, -0.015804199501872063, 0.06473561376333237, 0.04576148837804794, 0.02635452151298523, 0.0450112447142601, -0.028190594166517258, -0.007590924855321646, 0.013670112937688828, -0.016838442534208298, 0.002127237617969513, 0.01965576969087124, 0.018191905692219734, 0.05607359856367111, -0.021494025364518166, -0.0003958220186177641, 0.001658433466218412, 0.0335712693631649, -0.14663265645503998, -0.008648267015814781, 0.041274335235357285, -0.023423243314027786, 0.01211903989315033, 0.02893715724349022, -0.06045842170715332, 0.005360581446439028, 0.02012147568166256, 0.024706538766622543, -0.008272066712379456, -0.051839422434568405, 0.01272124145179987, -0.03670516982674599, -0.016862396150827408, 0.03389665111899376, -0.03534643352031708, -0.009560683742165565, 0.016706105321645737, -0.036932654678821564, -0.0010849256068468094, -0.03074575588107109, 0.03306832164525986, -0.028864076361060143, 0.0006700520170852542, -0.017777105793356895, 0.061169110238552094, 0.00874907523393631, -0.04317310079932213, -0.031456198543310165, -0.032815150916576385, 0.04043486341834068, -0.003932387568056583, 0.011866540648043156, 0.009074550122022629, 0.02708783559501171, 0.0751693993806839, 0.008345500566065311, -0.04911820963025093, -0.020805036649107933, 0.023357674479484558, 0.03427562490105629, -0.024820862337946892, -0.02497473917901516, 0.0555465929210186, -0.08828950673341751, -0.00033003324642777443, -0.051617372781038284, -0.049783170223236084, -0.021421154960989952, 0.03818635269999504, 0.00023624363529961556, -0.02076585218310356, -0.01811056211590767, -0.04661015421152115, 0.001057093613781035, 0.016953811049461365, 0.01979881525039673, 0.012980437837541103, 0.010364381596446037, -0.005741555709391832, -0.01836501993238926, 0.05007144436240196, 0.009036731906235218, -0.0651111975312233, -0.018872441723942757, 0.03337569907307625, -0.02889394573867321, 0.04463931545615196, -0.03985278308391571, 0.01686874032020569, 0.003804537234827876, 0.007873445749282837, 0.010098960250616074, -0.004749496933072805, 0.005746917333453894, 0.012378460727632046, -0.014651813544332981, 0.016737166792154312, -0.08552970737218857, 0.00914878211915493, -0.0018915580585598946, -0.027633806690573692, 0.06203984469175339, -0.03321969509124756, -0.031218990683555603, -0.009763228707015514, -0.003050783649086952, 0.019504526630043983, 0.2063472419977188, 0.03409259393811226, 0.013405542820692062, 0.026019694283604622, 0.03403397276997566, 0.008120457641780376, 0.017385607585310936, 0.008799073286354542, 0.013203783892095089, -0.04380069300532341, -0.036496710032224655, -0.0418621264398098, 0.00537988543510437, -0.017947813495993614, 0.014867942780256271, 0.020381320267915726, -0.06899745017290115, 0.03166288137435913, 0.07411478459835052, -0.023570602759718895, 0.02516923099756241, 0.005891773849725723, 0.03645995259284973, 0.007659062743186951, -0.08699896931648254, 0.044356442987918854, -0.02447820082306862, -0.07197004556655884, -0.0010327150812372565, 0.0029696880374103785, -0.04648001119494438, 0.01719607599079609, 0.018306689336895943, -0.069789819419384, -0.005516776815056801, -0.048943616449832916, 0.020523428916931152, 0.039058834314346313, -0.01090710423886776, 0.018890032544732094, -0.003157201688736677, 0.0063833212479949, 0.020836040377616882, 0.024714455008506775, -0.0054580410942435265, -0.025304872542619705, 0.00788557343184948, -0.023667652159929276, -0.005819993559271097, 0.0068159946240484715, -0.0024998646695166826, -0.035625070333480835, -0.018141983076930046, 0.005049309227615595, 0.0161688644438982, -0.04485611990094185, -0.024329833686351776, 0.024131638929247856, 0.00863687414675951, 0.058933768421411514, 0.020182279869914055, 0.03482922166585922, 0.006611401215195656, 0.03130321949720383, 0.009968919679522514, 0.005615582689642906, 0.03176955133676529, -0.04086994752287865, 0.03401048853993416, 0.012197836302220821, -0.043895818293094635, -0.008014935068786144, 0.013938616029918194, -0.024671074002981186, 0.015615686774253845, -0.02550969459116459, 0.0464140884578228, 0.04228438064455986, -0.01956786774098873, 0.053257670253515244, -0.014757413417100906, -0.015841016545891762, -0.0416947677731514, 0.0331687405705452, -0.004858244210481644, -0.03551208972930908, 0.004791804123669863, 0.04506410285830498, -0.024495955556631088, -0.01618955098092556, -0.033717330545186996, -0.010410682298243046, 0.020767709240317345, 0.0014014295302331448, -0.023364275693893433, -0.007817238569259644, 0.013117955066263676, 0.0032913056202232838, -0.01690554991364479, 0.03612717241048813, -0.029710812494158745, -0.01915709860622883, -0.025149982422590256, -0.031691424548625946, 0.016815904527902603, -0.06856398284435272, 0.02257608063519001, -0.04706844314932823, 0.03437326103448868, -0.006034364458173513, -0.027526605874300003, 0.01402264554053545, 0.010087607428431511, 0.03501160815358162, -0.00491647282615304, -0.006546359043568373, 0.027495738118886948, 0.04913351312279701, 0.035861238837242126, 0.05851593613624573, -0.005222897510975599, 0.009025957435369492, 0.04430109262466431, -0.039595115929841995, -0.024031098932027817, -0.026252057403326035, -0.01136238593608141, -0.04230628162622452, -0.061473142355680466, -0.010955996811389923, 0.06047316640615463, -0.0366387739777565, -0.07850158214569092, 0.008259332738816738, 0.034143440425395966, -0.02026696689426899, 0.008376801386475563, 0.006037622224539518, -0.01429166179150343, 0.013414420187473297, -0.06385904550552368, -0.06520232558250427, -0.004768118727952242, 0.010029704309999943, 0.017642328515648842, 0.03654611110687256, 0.004712781403213739, 0.0025758249685168266, -0.0044091991148889065, 0.01462270226329565, 0.047506898641586304, 0.0844777524471283, -0.0009891765657812357, -0.0466102659702301, -0.026900101453065872, -0.05964748561382294, -0.010082123801112175, 0.02137991227209568, -0.012638583779335022, -0.005332504864782095, 0.018277179449796677, 0.029459914192557335, 0.01776694692671299, 0.04957761988043785, 0.035235147923231125, 0.03883704915642738, -0.02326478622853756, 0.026889191940426826, -0.035798992961645126, -0.025351017713546753, 0.013946997933089733, -0.051035325974226, -0.02245117723941803, 0.03598294034600258, -0.020277421921491623, -0.01878417655825615, -0.0677211657166481, 0.03674108907580376, -0.019831260666251183, -0.035877861082553864, -0.009564248844981194, -0.0012006375472992659, -0.026777861639857292, -0.02117503248155117, 0.019841598346829414, -0.032382626086473465, 0.042086679488420486, -0.012051096186041832, 0.008566942065954208, -0.03746452182531357, -0.01294617261737585, 0.12906818091869354, 0.0004991246969439089, -0.0030373551417142153, 0.06883107125759125, -0.010054415091872215, 0.031966861337423325, -0.014045024290680885, -0.039472028613090515, -0.0028013011906296015, -0.01644573174417019, 0.010839936323463917, 0.00974985770881176, 0.05357066169381142, 0.015991317108273506, -0.04262615740299225, -0.03125683218240738, 0.01074239145964384, -0.015779318287968636, 0.058174967765808105, -0.011044682934880257, 0.02415163815021515, -0.060659971088171005, 0.004107337910681963, 0.046746626496315, -0.011167025193572044, 0.034795183688402176, 0.03580097481608391, 0.03994274511933327, 0.014868470840156078, -0.03826672211289406, 0.01097435224801302, 0.04516720399260521, -0.030182363465428352, 0.002737072529271245, -0.028294771909713745, 0.05953115597367287, -0.027817778289318085, 0.0334882028400898, -0.022213460877537727, -0.015035838820040226, 0.05128288269042969, -0.033167701214551926, -0.024481985718011856, 0.00041118086664937437, -0.009553181938827038, 0.011025418527424335, 0.03420845419168472, 0.0028014914132654667, -0.03910660743713379, -0.022082578390836716, -0.020094163715839386, 0.05336466431617737, 0.02562442421913147, 0.01554953958839178, -0.01312046218663454, -0.049533307552337646, -0.029102064669132233, 0.0006188353290781379, 0.031728483736515045, -0.04668625444173813, 0.024947185069322586, 0.0014318255707621574, -0.014251500368118286, 0.03897394239902496, -0.02318655513226986, 0.03223100304603577, -0.0063637252897024155, -0.04386376589536667, -0.04880126193165779, -0.030299289152026176, -0.004677633289247751, -0.02626947872340679, -0.0009667110862210393, 0.024817246943712234, -0.01650369167327881, 0.04878814145922661, -0.04275171086192131, -0.027824094519019127, -0.03504249453544617, -0.012026744894683361, 0.0025934940204024315, -0.02377079427242279, -0.017561649903655052, 0.0245504230260849, 0.002023315755650401, -0.016187595203518867, -0.005790265742689371, -0.007669487502425909, -0.025841955095529556, -0.040467750281095505, -0.03694899380207062, -0.008802192285656929, 0.0627402514219284, 0.009054669179022312, 0.023704219609498978, 0.05049815773963928, 0.02507692016661167, 0.02221849001944065, -0.03345324844121933, 0.037183649837970734, 0.014616064727306366, -0.04345599189400673, 0.02759452536702156, -0.029528027400374413, 0.0016999696381390095, -0.0015443953452631831, -0.018692323938012123, -0.0011363924713805318, 0.04099705442786217, -0.003785933367908001, -0.011187296360731125, -0.002243013121187687, -0.01584213599562645, -0.018790245056152344, 0.07337061315774918, -0.007811248768121004, 0.015059608034789562, 0.0024871828500181437, -0.022921305149793625, -0.028554165735840797, -0.046354714781045914, 0.0313292071223259, 0.021460410207509995, 0.06558206677436829, 0.004806729033589363, 0.052349042147397995, -0.019867965951561928, -0.027139566838741302, 0.016120024025440216, -0.010481713339686394, 0.01924959570169449, -0.02144550159573555, -0.02219262719154358, -0.03139578178524971, 0.015925845131278038, 0.06962773948907852, -0.029191413894295692, -0.014924122951924801, 0.0026791365817189217, -0.02779732272028923, -0.0054108197800815105, -0.026749297976493835, -0.038086824119091034, 0.013501541689038277, 0.004561787936836481, -0.0034613548777997494, -0.057902995496988297, 0.020466772839426994, 0.018234699964523315, -0.0011390304425731301, -0.07018909603357315, -0.007206054404377937, 0.0011358943302184343, -0.005739571060985327, -0.03265959024429321, 0.006676483433693647, -0.00447189761325717, -0.020160116255283356, 0.008040390908718109, 0.01417576801031828, 0.007515932433307171, -0.03348533809185028, -0.039367739111185074, -0.015338758938014507, 0.01293275412172079, 0.007388546597212553, 0.006496846675872803, 0.021874237805604935, 0.027447953820228577, -0.025807572528719902, 0.01702697202563286, -0.03055683523416519, 0.0007368820952251554, 0.019751569256186485, 0.03721236065030098, 0.017482634633779526, -0.03827694430947304, 0.026925818994641304, -0.010357831604778767, -0.01776961423456669, -0.006559897214174271, 0.02325696125626564, -0.0054713282734155655, 0.02313951589167118, -0.01920224167406559, -0.004159130156040192, 0.019321555271744728, 0.009979247115552425, 0.011996044777333736, -0.03380716219544411, -0.047269921749830246, -0.02358853816986084, 0.0023430739529430866, 0.0010451598791405559, -0.028928186744451523, 0.015468806959688663, -0.03388242796063423, 0.037149716168642044, 0.02625451609492302, -0.011674315668642521, 0.007794152479618788, -0.020804839208722115, 0.004370361100882292, -0.12980501353740692, 0.02628609538078308, -0.02576344832777977, 0.015848925337195396, -0.030153708532452583, -0.0026249249931424856, -0.0038729137741029263, -0.008692276664078236, 0.012930911965668201, -0.023797282949090004, -0.02908116951584816, -0.04483998566865921, 0.05915556848049164, -0.03010764718055725, -0.01676882617175579, 0.02273000404238701, 0.011222034692764282, -0.028989525511860847, -0.008937537670135498, 0.010923284105956554, -0.0025299566332250834, -0.021085428074002266, -0.007901228033006191, 0.0006732242763973773, -0.021857237443327904, 0.008180694654583931, -0.006332291290163994, 0.008750716224312782, -0.018436847254633904, -0.00018092937534675002, 0.018404504284262657, -0.025945335626602173, -0.015301590785384178, 0.038224123418331146, -0.0011352148139849305, -0.0001187199741252698, 0.034367792308330536, -0.013912477530539036, -0.016143184155225754, 0.03515954688191414, 0.039011020213365555, 0.023786235600709915, -0.0034634307958185673, 0.007417652290314436, 0.02307267114520073, 0.02596443146467209, -0.004713891074061394, -0.010891794227063656, -0.06848851591348648, 0.04115527123212814, -0.004783241078257561, 0.034885820001363754, 0.015345871448516846, 0.002794808940961957, -0.0066681415773928165, -0.01674829050898552, -0.019146231934428215, 0.004950176924467087, -0.03786670044064522, 0.04641113802790642, -0.052876248955726624, 0.030590709298849106, -0.038832999765872955, -0.018285533413290977, -0.03358771651983261, 0.013904952444136143, -0.048563335090875626, -0.0026044375263154507, 0.007544194348156452, -0.009656991809606552, -0.03770589828491211, -0.05789731442928314, -0.02057739906013012, -0.032207004725933075, 0.0028286136221140623, 0.0037291988264769316, 0.004028969444334507, -0.025996796786785126, -0.007091468200087547, 0.02919056825339794, -0.05758281424641609, -0.00035092918551526964, -0.043804824352264404, 0.035618141293525696, 0.0682644471526146, -0.006300969980657101, -0.00776646239683032, -0.013651732355356216, -0.0031184337567538023, -0.03812890872359276, -0.036825139075517654, 0.008687224239110947, 0.010127535089850426, -0.01633344776928425, 0.014126021414995193, 0.048750512301921844, 0.03582978621125221, 0.052793219685554504, 0.00816425122320652, -0.02156437560915947, -0.04626854136586189, -0.02102898620069027, 0.023604655638337135, 0.022751612588763237, -0.01927146129310131, -0.00516281183809042, 0.05063581094145775, 0.0072584911249578, -0.0508885495364666, -0.009492709301412106, 0.009959462098777294, -0.008775051683187485, -0.006394045427441597, -0.012724590487778187, -0.054098088294267654, -0.01660168170928955, 0.00233862129971385, -0.030128004029393196, -0.0156570877879858, 0.019060105085372925, 0.004359777085483074, -0.04020785167813301, 0.024756181985139847, -0.03909406065940857, -0.012534196488559246, -0.013570301234722137, 0.04080488905310631, 0.03191044554114342, 0.002649282570928335, -0.01687202788889408, 0.019400129094719887, -0.039798762649297714, 0.0030777924694120884, 0.024593353271484375, 0.04030046984553337, 0.019970392808318138, 0.01318548247218132, 0.04235931113362312, -0.05668993666768074, 0.0017192309023812413, -0.03624768182635307, -0.04921603947877884, 0.02718360163271427, -0.05948465317487717, -0.0019784970209002495, -0.026945030316710472, 0.04875074326992035, 0.0073465825989842415, 0.00395251763984561, 0.003733457066118717, -0.04076634347438812, -0.01816134713590145, 0.013556425459682941, 0.008114398457109928, -0.03726997226476669, 0.016254497691988945, -0.028292447328567505, 0.026855003088712692, -0.03950492665171623, -0.0028583891689777374, 0.0040981280617415905, -0.0064955586567521095, -0.011981748975813389, -0.018022580072283745, 0.004709123633801937, 0.03148037940263748, -0.021085768938064575, 0.028315791860222816, 0.02670443058013916, -0.009433610364794731, -0.04459105804562569, 0.05662836506962776, -0.013347340747714043, 0.027160173282027245, -0.0007903577643446624, 0.005997216794639826, 0.010590093210339546, -0.0012047728523612022, 0.04918192699551582, -0.0170154869556427, 0.06705292314291, -0.023963531479239464, 0.07786031812429428, -0.022702697664499283, 0.02521725371479988, -0.0004910633433610201, 0.007564273662865162, 0.04179969057440758, 0.014634335413575172, -0.027364414185285568, -0.02464190684258938, -0.007435058709233999, 0.024422265589237213, -0.015016073361039162, -0.008397785946726799, -0.0028245251160115004, -0.03203854709863663, 0.0030121507588773966, 0.03752714395523071, 0.0456201508641243, 0.022782115265727043, 0.036372099071741104, 0.05824200436472893, -0.015519865788519382, -0.0001103903996408917, 0.03241981193423271, 0.018576370552182198, -0.006188068073242903, -0.026739738881587982, 0.04063405841588974, -0.03733120113611221, -0.00636183051392436, 0.03603057563304901, 0.0026903359685093164, -0.021634340286254883, -0.04330729693174362, 0.01866217702627182, 0.039626043289899826, 0.04691389203071594, 0.029097767546772957, 0.027741940692067146, 0.021892931312322617, -0.004887815564870834, -0.05481225252151489, -0.05155042186379433, -0.01903081126511097, -0.028169961646199226, -0.016921455040574074, -0.027421044185757637, 0.049279406666755676, -0.0338205061852932, -0.018916364759206772, -0.014370446093380451, 0.034879498183727264, 0.02134397067129612, 0.04313810169696808, -0.006267967168241739, 0.030962670221924782, -0.05193910002708435, -0.02451161853969097, 0.04141794517636299, 0.008383446373045444, -0.01797732338309288, 0.02373887225985527]",,
15_1_0_errors_no_script_in_document_mdx_section_3,section,15_1_0_errors_no_script_in_document_mdx,No Script in Document - Possible Ways to Fix It,,{},15.1.0,"If you want a global script, use `` in `` instead.
",,"[(np.int64(23), np.float64(0.1507667601108551)), (np.int64(438), np.float64(0.21307721734046936)), (np.int64(1650), np.float64(0.05743606761097908)), (np.int64(2661), np.float64(0.0604376345872879)), (np.int64(42261), np.float64(0.08783745765686035)), (np.int64(43101), np.float64(0.31641286611557007)), (np.int64(84654), np.float64(0.3587758541107178)), (np.int64(96746), np.float64(0.19717752933502197)), (np.int64(115861), np.float64(0.12588128447532654))]","[-0.056680019944906235, 0.0045100245624780655, -0.03960606828331947, 0.04601948335766792, 0.007386234123259783, -0.04470009729266167, -0.040962956845760345, -0.006724809296429157, -0.023816989734768867, 0.012279829010367393, 0.010112131014466286, 0.026334837079048157, 0.014988435432314873, -0.025544729083776474, -0.014252124354243279, 0.030723456293344498, -0.009670431725680828, 0.025090429931879044, 0.006557826418429613, -0.01179660763591528, -0.023002635687589645, -0.020767485722899437, -0.0005829741712659597, -0.012335135601460934, -0.011766552925109863, 0.03065681643784046, -0.00931751448661089, -0.01265204418450594, 0.039652276784181595, -0.025371095165610313, 0.03361907973885536, -0.03810058906674385, -0.0026563648134469986, -0.046160660684108734, -0.006596948020160198, -0.0014373748563230038, -0.007704536896198988, 0.017823275178670883, -0.033640239387750626, -0.03688715770840645, -0.041142433881759644, 0.03935761749744415, 0.036657195538282394, -0.03283873200416565, 0.0030366689898073673, -0.01184836309403181, -0.005486699286848307, -0.029392624273896217, 0.0057142493315041065, -0.005852078553289175, 0.01222837995737791, 0.03224156051874161, 0.043801624327898026, -0.04345361888408661, 0.051894109696149826, 0.038013238459825516, -0.028407126665115356, 0.0021905109751969576, -0.06509297341108322, -0.014726593159139156, -0.020715413615107536, -0.039519548416137695, -0.06342913955450058, 0.025464152917265892, 0.02243708074092865, 0.030025461688637733, 0.0005127709009684622, 0.00789252296090126, -0.02744603157043457, -0.043655335903167725, -0.0310196690261364, 0.008311955258250237, -0.052546001970767975, -0.015198961831629276, -0.04728464037179947, 0.03304240107536316, 0.009364797733724117, -0.04962170496582985, -0.020250169560313225, 0.02426254004240036, 0.042151786386966705, -0.0047590951435267925, 0.010039746761322021, 0.03702894225716591, -0.007406242191791534, -0.01943860948085785, -0.030241375789046288, 0.008618250489234924, 0.013877143152058125, 0.049982644617557526, 0.00952764879912138, -0.047267213463783264, 0.06855571269989014, 0.012776868417859077, -0.02068091742694378, 0.008946755900979042, 0.00747258123010397, 0.01917392574250698, 0.006669486407190561, -0.013300948776304722, 0.018956050276756287, 0.020056191831827164, -0.028991980478167534, -0.02097398228943348, 0.05008707940578461, 0.03082151897251606, 0.03175061568617821, 0.0395624041557312, -0.0018663937225937843, -0.02487395517528057, 0.03491049259901047, 0.044312816113233566, 0.012822880409657955, -0.006263275630772114, -0.015129907988011837, -0.009004827588796616, -0.02892826311290264, -0.012964501045644283, 0.08223918080329895, -0.012150279246270657, 0.024295751005411148, -0.006473206449300051, 0.019108938053250313, 0.0019472120329737663, 0.020733175799250603, 0.017871789634227753, 0.005575844552367926, 0.027466192841529846, -0.0561850443482399, -0.006141755264252424, -0.015118476003408432, 0.04366040974855423, 0.014975553378462791, 0.009100480005145073, -0.010412097908556461, -0.0026898954529315233, -0.028635645285248756, 0.008391262032091618, -0.017882443964481354, -0.06926807016134262, 0.011754839681088924, 0.03995732218027115, -0.0034777484834194183, -0.009852292016148567, 0.04222487285733223, -0.03405449539422989, 0.042860280722379684, -0.01181954238563776, 0.014333292841911316, -0.015092155896127224, -0.021690847352147102, 0.0403108075261116, -0.01354972179979086, 0.015983836725354195, 0.0012850126950070262, -0.018516823649406433, -0.029377419501543045, -0.00582839734852314, -0.005863420199602842, 0.025526951998472214, -0.04626489803195, 0.0006378164398483932, -0.042220018804073334, -0.009852400980889797, -0.000570723379496485, -0.057722002267837524, -0.009042879566550255, 0.0058930558152496815, 0.0006690487498417497, -0.009488238021731377, 0.0292094424366951, -0.0003215322212781757, 0.03792622312903404, 0.002885157708078623, -0.005855623632669449, 0.05890856683254242, 0.04776669666171074, 0.014802084304392338, 0.008896101266145706, -0.02425353042781353, -0.04391026124358177, 0.029881441965699196, 0.025091225281357765, -0.007647261489182711, -0.04107246547937393, -0.005099406931549311, -0.016389450058341026, -0.04357083514332771, -0.00023738022719044238, -0.00444762222468853, -0.011389417573809624, -0.00603072252124548, 0.04362860321998596, 0.032519444823265076, -0.0008294832659885287, 0.013577597215771675, 0.030891872942447662, -0.049600791186094284, -0.039721839129924774, -0.0010701999999582767, -0.041552189737558365, 0.008281384594738483, 0.03313557803630829, -0.030610622838139534, -0.0662444457411766, -0.007324166130274534, -0.027638552710413933, -0.03904517740011215, 0.013441880233585835, 0.008212624117732048, 0.050011005252599716, 0.001905192737467587, -0.04481368511915207, -0.0084176454693079, -0.04547136276960373, 0.01983531564474106, -0.013226490467786789, 0.014737988822162151, -0.03654704615473747, -0.06036975979804993, -0.018054533749818802, 0.03026222251355648, 0.019661998376250267, 0.0071386354975402355, 0.027166884392499924, 0.009519201703369617, 0.06681068986654282, 0.010806153528392315, 0.025107022374868393, 0.021740633994340897, -0.011542160995304585, -0.009650801308453083, -0.023346643894910812, 0.01006606500595808, 0.047803618013858795, -0.020598480477929115, -0.017469922080636024, 0.03455765172839165, 0.02144678309559822, 0.0187748521566391, -0.002736572176218033, 0.00269689760170877, 0.06857263296842575, 0.033526819199323654, -0.034861017018556595, 0.013906272128224373, -0.004216389264911413, 0.01360886637121439, -0.0350065603852272, -0.01159757748246193, 0.05328367277979851, 0.021825699135661125, -0.026763496920466423, -0.008197757415473461, -0.025706332176923752, -0.023457732051610947, -0.0046494947746396065, -0.020947251468896866, -0.037004757672548294, -0.009960277937352657, 0.024974022060632706, 0.03216160088777542, -0.005751838441938162, 0.014114762656390667, -0.01159065030515194, 0.0030405253637582064, -0.04935244843363762, -0.04032658413052559, 0.008577780798077583, 0.015600399114191532, -0.039521463215351105, -0.002970858244225383, 0.017928751185536385, 0.038275353610515594, -0.03197753429412842, 0.0459582582116127, -0.03552959859371185, -0.05976303666830063, 0.05774173140525818, 0.02902122214436531, -0.004580478649586439, 0.03839515522122383, 0.03104136325418949, 0.014574508182704449, 0.04673587903380394, -0.03703967481851578, 0.011954926885664463, -0.046754419803619385, -0.0038447824772447348, -0.008298601023852825, 0.0019179298542439938, -0.028002995997667313, 0.03878701105713844, -0.02596285380423069, -0.0377466082572937, -0.023695744574069977, 0.0008845760603435338, -0.17533491551876068, 0.015307675115764141, 0.03181042522192001, 0.010963637381792068, 0.01061900146305561, 0.04350508749485016, -0.02691783383488655, -0.019556935876607895, -0.012465321458876133, 0.01553385704755783, -0.04609202221035957, -0.051027920097112656, 0.014056946150958538, -0.026627512648701668, -0.006455583963543177, 0.019417602568864822, -0.019851308315992355, -0.019986862316727638, 0.02208000235259533, -0.027556084096431732, -0.01073001604527235, -0.042902324348688126, 0.037176985293626785, -0.01481066644191742, 0.0005040277610532939, -0.00334136257879436, 0.03427892178297043, 0.015039094723761082, -0.036535490304231644, -0.019956056028604507, -0.01031791977584362, 0.013325758278369904, -0.013173085637390614, 0.036950528621673584, -0.03115997090935707, 0.03530740737915039, 0.0006344314897432923, -0.0025146070402115583, 0.007922153919935226, -0.013579816557466984, 0.04839260131120682, 0.01162214670330286, 0.01254756934940815, -0.0011309771798551083, -0.00800918135792017, -0.01993095874786377, -0.0061250408180058, -0.031459905207157135, -0.05898690223693848, 0.008277654647827148, 0.01768624037504196, -0.012609764002263546, -0.0175869632512331, -0.02582831121981144, -0.031092574819922447, 0.015543057583272457, -0.020406655967235565, 0.007497780956327915, -0.03851190209388733, 0.02656913921236992, -0.005088119301944971, 0.04237039387226105, -0.013273983262479305, -0.016187328845262527, -0.025561751797795296, 0.018438400700688362, 0.04593120515346527, 0.012139372527599335, 0.05380212143063545, -0.025456150993704796, 0.021291740238666534, -0.0035948371514678, 0.041744817048311234, 0.017077205702662468, -0.04486288130283356, 0.007633600849658251, 0.06075352802872658, -0.010168749839067459, -0.037068795412778854, -0.12729784846305847, -0.020183051005005836, -0.007666181772947311, -3.5056821161560947e-06, 0.023987658321857452, -0.01760953851044178, -0.035256993025541306, -0.005370767321437597, 0.0626893937587738, 0.0009041979210451245, 0.2283230870962143, 0.05840938910841942, 0.02777278423309326, -0.007814054377377033, 0.0777728483080864, -0.015199786052107811, 0.016764508560299873, 0.01235890295356512, 0.013595208525657654, -0.037339452654123306, -0.012040087953209877, 0.029333578422665596, 0.008203712292015553, -0.053630005568265915, 0.05934000387787819, 0.017903372645378113, -0.03294231370091438, 0.02223898470401764, 0.07141650468111038, 0.02000785991549492, 0.019663432613015175, -0.022938713431358337, 0.047749731689691544, 0.00461208401247859, -0.06860395520925522, -0.020721280947327614, -0.029865654185414314, 0.028149206191301346, -0.01502275187522173, 0.05955576151609421, -0.02522757090628147, 0.05169513076543808, 0.08434067666530609, -0.04086894914507866, 0.004355823155492544, -0.023915426805615425, 0.0456448569893837, -0.011050683446228504, -0.03686068207025528, 0.009559730999171734, -0.006999333389103413, -0.038318317383527756, 0.009633127599954605, -0.00705975154414773, 0.0022191444877535105, -0.0005582463345490396, -0.012909597717225552, 0.0010504181263968349, 0.0016769020585343242, -0.020075544714927673, 0.0024476307444274426, -0.05633421242237091, -0.0463164746761322, -0.02922665700316429, 0.01908011920750141, -0.007332845591008663, -0.01870003156363964, -0.0027798886876553297, -0.026928981766104698, 0.0262827817350626, -0.0063467309810221195, 0.010198581963777542, 0.003919521346688271, -0.004135475493967533, 0.014723126776516438, 0.02347608283162117, -0.008851383812725544, -0.03115987963974476, 0.010499195195734501, 0.055202800780534744, 0.00970030389726162, 0.005934051238000393, -0.025549883022904396, -0.0071176690980792046, 0.05662484094500542, 0.003215912263840437, 0.033616941422224045, -0.012779273092746735, 0.003984526265412569, 0.06183630973100662, -0.026560578495264053, -0.01930207945406437, -0.011927913874387741, -0.0037847666535526514, 0.012472393922507763, -0.002209288068115711, -0.005503255873918533, 0.0673498883843422, -0.017678672447800636, -0.029165711253881454, -0.004636411089450121, 0.02767774648964405, -0.004983123857527971, 0.025331491604447365, -0.046231403946876526, -0.047788191586732864, 0.014115826226770878, 0.011656594462692738, -0.024843033403158188, -0.03417307883501053, -0.020890075713396072, 0.006100078579038382, -0.03463131561875343, -0.04027403146028519, 0.04838452488183975, -0.04975069686770439, -0.020858747884631157, -0.024595556780695915, 0.03130394592881203, 0.0145292729139328, -0.04856089502573013, -0.0013538000639528036, 0.02192288264632225, -9.974001295631751e-05, -0.013743946328759193, 0.033778972923755646, 0.023565566167235374, -0.00011181754234712571, 0.04744802415370941, 0.06530766189098358, -0.005217880941927433, -0.03323495015501976, -0.030666612088680267, -0.004703375045210123, -0.013605540618300438, 0.016839580610394478, -0.03453946113586426, 0.04335016384720802, -0.006256185006350279, 0.0283828005194664, 0.08141946792602539, -0.01799662411212921, -0.04556724801659584, 0.012669852003455162, 0.016458814963698387, -0.020643295720219612, 0.09014979749917984, -0.010338564403355122, -0.0021210433915257454, 0.01518328208476305, 0.005831520538777113, 0.00413114856928587, -0.02149159461259842, 0.007292554248124361, 0.011523227207362652, 0.03508145362138748, 0.013587243854999542, -0.0038017972838133574, 0.033304981887340546, 0.054345544427633286, 0.015881530940532684, 0.03594160079956055, -0.002739921910688281, 0.0025719483382999897, -0.009237087331712246, -0.026190636679530144, -0.025788070634007454, 0.03617413341999054, 0.043038465082645416, -0.02061835676431656, 0.03232840448617935, 0.005861273501068354, 0.043492261320352554, 0.058727189898490906, 0.02660553902387619, 0.017700884491205215, -0.03544561564922333, 0.02258991077542305, -0.023722272366285324, -0.0025556080508977175, -0.03387497365474701, -0.028713766485452652, -0.0515446811914444, 0.02575433999300003, -0.016340287402272224, -0.019370192661881447, -0.033255938440561295, -0.012703231535851955, -0.018794821575284004, 0.02709413692355156, 0.024548528715968132, -0.04185350984334946, -0.01681418903172016, -0.0023603036534041166, 0.02508009411394596, -0.028529537841677666, 0.009196083061397076, -0.02208460122346878, 0.02119338884949684, -0.020532600581645966, -0.006413034163415432, 0.10989947617053986, 0.004194017965346575, -0.032516952604055405, -0.011122315190732479, 0.0018603804055601358, 0.053944140672683716, 0.009970249608159065, -0.031965579837560654, -0.0210647564381361, 0.05802355706691742, 0.005583686288446188, 0.015915831550955772, -0.01199158001691103, -0.019369689747691154, 0.020449889823794365, -0.01717047393321991, 0.055825941264629364, 0.004560273606330156, 0.002378942212089896, 0.019815638661384583, 0.033047549426555634, -0.030046334490180016, 0.011710542254149914, 0.06002943962812424, -0.009153911843895912, 0.07970750331878662, -0.009497747756540775, 0.01202048547565937, -0.011642245575785637, -0.025032920762896538, 0.007709686178714037, 0.0002281362103531137, -0.01635633409023285, -0.0009671567240729928, 0.02383241057395935, 0.03113647736608982, -0.07191380113363266, -0.02528451383113861, -0.036181461066007614, -0.007833181880414486, 0.029727255925536156, -0.005730973556637764, 0.0023248011711984873, 0.01269068568944931, 0.019336700439453125, -0.013027523644268513, 0.032655052840709686, 0.037887949496507645, -0.040463391691446304, 0.0017257905565202236, -0.04707494005560875, 0.007858999073505402, 0.03842347860336304, -0.015108361840248108, -0.016000917181372643, -0.032734110951423645, -0.07368321716785431, 0.015548096969723701, 0.02926892600953579, -0.03867923095822334, 0.0014150218339636922, 0.003008191240951419, -0.03494415432214737, -0.02882499061524868, -0.022577019408345222, -0.027236858382821083, -0.003884718520566821, -0.001865759608335793, -0.019527994096279144, -0.010193822905421257, -0.007373006083071232, -0.02329253777861595, -0.024444682523608208, -0.005982463248074055, -0.052391231060028076, 0.025391487404704094, -0.02086925134062767, 0.007892247289419174, -0.0525633879005909, 0.005641628988087177, -0.013555261306464672, 0.004992755129933357, 0.013512006029486656, 0.0036198068410158157, 0.03323972225189209, -0.022151853889226913, -0.03726332262158394, 0.0376962386071682, -0.015423595905303955, -0.014710950665175915, -0.01182588841766119, 0.003237534314393997, 0.03735040873289108, -0.013397076167166233, 0.028178347274661064, 0.05573103949427605, 0.048176031559705734, 0.003928815480321646, -0.07316391170024872, 0.009783589281141758, -0.006330615840852261, -0.02033451572060585, -0.019212326034903526, -0.05461902916431427, -0.013469977304339409, -0.0014463516417890787, 0.017635023221373558, 0.003985464107245207, -0.004115172661840916, -0.019402524456381798, -0.02629055082798004, -0.00036180237657390535, -0.00366981141269207, -0.01432622130960226, 0.0414050854742527, -0.00369967776350677, -0.0052385288290679455, 0.03863469138741493, -0.029044222086668015, 0.03992829471826553, -0.04736276715993881, 0.009851439855992794, 0.051862142980098724, 0.02632705122232437, -0.007656519766896963, 0.05548223853111267, -0.015023410320281982, 0.014164295047521591, 0.016929136589169502, -0.004834952298551798, -0.01515196543186903, 0.022147171199321747, -0.04250461608171463, -0.015394852496683598, -0.0011229627998545766, -0.01695670746266842, -0.0018549266969785094, -0.04944397881627083, -0.0024622816126793623, -0.04484451934695244, 0.019589731469750404, -0.006119682919234037, 0.015417785383760929, 0.022727223113179207, -0.04483633115887642, 0.05786390230059624, -0.06677749007940292, 0.017351383343338966, -0.03669280931353569, 0.010750587098300457, -0.03729582950472832, 0.03769223019480705, -0.027446340769529343, 0.061408717185258865, -0.00018581352196633816, -0.015568399801850319, -0.0031170982401818037, 0.01809263974428177, 0.0008374506141990423, -0.020773086696863174, 0.03686258941888809, -0.025712354108691216, 0.012444808147847652, 0.01747347041964531, -0.016224224120378494, -0.028284838423132896, 0.02908540703356266, 0.017989128828048706, -0.023233234882354736, -0.0233775544911623, 0.018838131800293922, -0.013500838540494442, -0.0031176982447504997, 0.02715957909822464, 0.0489162914454937, 0.007294388487935066, 0.010096676647663116, -0.0020527367014437914, 0.00033341272501274943, -0.04201936721801758, 0.016626670956611633, 0.012524317018687725, 0.01037397887557745, 0.0017467847792431712, 0.031996212899684906, 0.003860622877255082, -7.220788393169641e-05, 0.04325631260871887, 0.023666905239224434, -0.021050630137324333, -0.02193847857415676, -0.015222784131765366, -0.010768699459731579, 0.030981820076704025, -0.025950388982892036, -0.032734911888837814, -0.02031604014337063, -0.0009985329816117883, -0.018951954320073128, -0.03660055249929428, -0.05299128219485283, -0.036732520908117294, 0.022247470915317535, -0.1614517718553543, 0.013743897899985313, -0.04906236752867699, 0.0024081901647150517, -0.03025042451918125, -0.013527446426451206, -0.05425926670432091, -0.009631458669900894, 0.010706457309424877, -0.036111388355493546, -0.034360621124506, -0.009300668723881245, -0.006993983872234821, 0.010297912172973156, -0.040269140154123306, 0.005863831378519535, 0.02175643853843212, 0.0451020747423172, -0.035190582275390625, 0.03596138954162598, 0.028390351682901382, -0.006835616193711758, 0.007524713408201933, 0.009134439751505852, 0.007790207397192717, 0.0001276386610697955, -0.0406532809138298, 0.007303907070308924, -0.02297949604690075, -0.016877010464668274, 0.05308202654123306, -0.00363057479262352, -0.004830637481063604, 0.0049317143857479095, 0.03622262552380562, 0.002706513972952962, 0.019024427980184555, 0.0117496894672513, 0.02580575831234455, 0.005507392808794975, -0.002229199279099703, 0.03311386704444885, 0.002966239582747221, -0.021233590319752693, 0.020848963409662247, -0.00617298623546958, 0.010430008172988892, 0.025075530633330345, -0.010016839019954205, 0.002467166632413864, -0.04869122803211212, 0.01950809173285961, -0.0373840294778347, 0.018734557554125786, 0.01989438384771347, 0.006231957580894232, -0.05157160758972168, 0.022384800016880035, 0.026665769517421722, 0.03586691990494728, 0.009105920791625977, -0.009508375078439713, -0.03720000758767128, -0.051042892038822174, -0.030908750370144844, 0.01552555151283741, -0.0713924691081047, -0.050205960869789124, 0.017829131335020065, 0.010151693597435951, 0.0028413301333785057, -0.01624520868062973, -0.027507474645972252, 0.008838078007102013, 0.044953249394893646, 0.04898522049188614, 0.0004919238272123039, 0.008797506801784039, 0.002252590609714389, 0.029098153114318848, -0.05178271234035492, -0.015212798491120338, -0.03793422877788544, 0.017591996118426323, -0.012992559932172298, 0.002064627595245838, -0.018940787762403488, 0.04327614605426788, -0.04722679406404495, 0.00484485412016511, -0.032353948801755905, -0.0059832679107785225, -0.03045623004436493, 0.0016516587929800153, -0.04404029995203018, -0.02445574849843979, -0.018116341903805733, 0.022507190704345703, -0.015559809282422066, -0.029087690636515617, -0.04700476676225662, -0.012877117842435837, -0.030911967158317566, -0.02964984066784382, -0.033013008534908295, 0.00787956453859806, -0.0053937481716275215, -0.015755338594317436, 0.004392168018966913, -0.031886760145425797, -0.05461907014250755, -0.024726055562496185, -0.014451143331825733, -0.012564807198941708, -0.033551596105098724, -0.005088756326586008, 0.004216755740344524, 0.008862758986651897, 0.021681299433112144, 0.0200580395758152, -0.0286269374191761, -0.03905646875500679, 0.017275581136345863, -0.025922436267137527, 0.021948175504803658, -0.026136428117752075, -0.030094055458903313, 0.0037476858124136925, -0.05142570659518242, -0.016074679791927338, 0.0016152821481227875, -0.039433419704437256, 0.06420440226793289, 0.013974946923553944, 0.019537197425961494, 0.013739662244915962, -0.025139402598142624, 0.06129756197333336, -0.08407304435968399, -0.030345261096954346, -0.02460109256207943, 0.0002481334959156811, -0.00510516157373786, -0.043222591280937195, 0.004141972865909338, -0.04155392199754715, -0.010782662779092789, 0.03547152131795883, -0.03599606454372406, -0.015625469386577606, 0.052584435790777206, 0.011206131428480148, 0.009632861241698265, -0.006889782380312681, -0.021434808149933815, -0.03234399855136871, -0.0065802112221717834, 0.025086551904678345, 0.014846750535070896, 0.030958496034145355, 0.002831831807270646, -0.0245117899030447, 0.018955670297145844, -0.03779560327529907, 0.02130160667002201, 0.004907221999019384, -0.0066963196732103825, -0.018099242821335793, 0.005967875011265278, -0.032972920686006546, 0.016938509419560432, 0.029964052140712738, -0.050265923142433167, 0.013342306017875671, 0.033680081367492676, -0.049143701791763306, 0.0025419353041797876, 0.008557252585887909, 0.016027195379137993, -0.003250946057960391, 0.026420768350362778, 0.03844432160258293, 0.0753331333398819, 0.03349781408905983, -0.002323218621313572, -0.007156232837587595, -0.010504264384508133, 0.07505281269550323, 0.006766666192561388, 0.03822097182273865, -0.020908258855342865, 0.010798567906022072, 0.013557648286223412, -0.02705535665154457, 0.02232285961508751, 0.035470664501190186, -0.020358463749289513, 0.027202947065234184, 0.014803742989897728, 0.00039246855885721743, 0.0194627083837986, 0.015569574199616909, 0.011608041822910309, -0.03303711488842964, -0.0009872179944068193, 0.05506148189306259, -0.009972183033823967, 0.05311564728617668, 0.010641376487910748, 0.05148226022720337, 0.03913269564509392, 0.029413413256406784, 0.0012633932055905461, 0.01102352887392044, -0.04308971017599106, -0.02162521332502365, 0.03240220248699188, 0.07458995282649994, 0.028855811804533005, -0.04305071383714676, 0.029311157763004303, 0.0261407308280468, -0.017852678894996643, -0.04946153238415718, -0.060441356152296066, 0.017591029405593872, -0.04133450612425804, -0.0030976305715739727, -0.003622771007940173, -0.003418099833652377, -0.029960554093122482, 0.006784830708056688, -0.026522735133767128, 0.043112218379974365, 0.017461063340306282, 0.01577255316078663, 0.00666586821898818, 0.05800047889351845, -0.005117316264659166, -0.029361208900809288, 0.017165672034025192, 0.033383190631866455, -0.009208942763507366, -0.015453650616109371]",,
15_1_0_errors_no_script_in_document_mdx_section_3_code_1,code_snippet,15_1_0_errors_no_script_in_document_mdx_section_3,Possible Ways to Fix It - code_1,,"{'programming_language': 'jsx', 'filename': 'pages/_app.js', 'switcher': False}",15.1.0,,"import Script from 'next/script'

function MyApp({ Component, pageProps }) {
  return (
    <>
      <Script src=""/my-script.js"" />
      <Component {...pageProps} />
    </>
  )
}

export default MyApp
","[(np.int64(5), np.float64(0.04056369885802269)), (np.int64(7), np.float64(0.04390070587396622)), (np.int64(64), np.float64(0.07137967646121979)), (np.int64(425), np.float64(0.20870757102966309)), (np.int64(454), np.float64(0.003988027572631836)), (np.int64(1647), np.float64(0.11073054373264313)), (np.int64(9007), np.float64(0.24482083320617676)), (np.int64(28175), np.float64(0.23761066794395447)), (np.int64(37967), np.float64(0.1776828020811081))]",,"[-0.025099702179431915, -0.011271309107542038, -0.01338131818920374, 0.02890600450336933, 0.0034600154031068087, -0.028822848573327065, -0.011494176462292671, 0.02346801944077015, -0.02541710063815117, 0.012141440063714981, -0.0323043018579483, 0.02210545353591442, -0.028985286131501198, 0.011195317842066288, -0.00796149205416441, 0.037407778203487396, -0.0015783311100676656, 0.03433186933398247, 0.010750947520136833, -0.0066058337688446045, -0.032272856682538986, -0.023816019296646118, 0.03297300264239311, 0.028705378994345665, 0.012787429615855217, 0.00381151819601655, -0.024970684200525284, -0.013162660412490368, 0.021535484120249748, -0.007752859033644199, 0.02510768733918667, -0.022047746926546097, -0.01592499017715454, -0.024657893925905228, -0.013366431929171085, 0.02116270922124386, 0.011793741956353188, -0.03337303549051285, -0.0419202521443367, 0.033912837505340576, -0.021031761541962624, -0.00985268596559763, 0.012009481899440289, -0.014025675132870674, -0.010098351165652275, -0.013042242266237736, 0.05881505459547043, -0.020132768899202347, 0.028948292136192322, 0.0009519638842903078, -0.027152078226208687, 0.019398057833313942, 0.048575032502412796, -0.05466577410697937, 0.0529768206179142, -0.0003795324300881475, -0.011142252013087273, -0.008302726782858372, -0.034791000187397, 0.00857915636152029, -0.018616195768117905, -0.017487986013293266, -0.014842841774225235, 0.03669578582048416, 0.024199387058615685, 0.031552281230688095, -0.015249070711433887, -0.008882571943104267, -0.04251221939921379, -0.0022652882616966963, -0.011861252598464489, 0.029442792758345604, -0.05657007172703743, -0.036125652492046356, -0.055812153965234756, 0.007399621419608593, 0.03525562584400177, -0.03263894468545914, 0.006838140543550253, 0.029352597892284393, -0.005732808727771044, -0.01099326740950346, 0.0290855523198843, 0.011562589555978775, 0.03948134928941727, -0.026427818462252617, -0.024219386279582977, 0.024260925129055977, 0.015847129747271538, 0.013364000245928764, -0.008341165259480476, -0.029143746942281723, 0.0510900653898716, -0.07318184524774551, -0.02315790206193924, -0.004207415506243706, 0.006809132639318705, 0.033862125128507614, 0.05716268718242645, -0.016389496624469757, -0.020713936537504196, -0.03897634521126747, 0.009279351681470871, -0.028415311127901077, 0.042720191180706024, 0.03963235020637512, 0.014889496378600597, 0.011751209385693073, 0.019946100190281868, -0.031855467706918716, 0.007699816953390837, 0.005472766701132059, 0.027814004570245743, 0.0033454857766628265, 0.0007686509052291512, 0.0010947327828034759, 0.024334605783224106, -0.03387376666069031, 0.0038758416194468737, 0.0014695406425744295, -0.0027785643469542265, 0.014047312550246716, 0.011203897185623646, 0.002439583884552121, 0.017507700249552727, -0.011316277086734772, -0.006324601825326681, 0.06041264906525612, 0.0026881673838943243, 0.008885952644050121, 0.04731336236000061, 0.02426253817975521, 0.005367552395910025, 0.011858147569000721, -0.023959631100296974, -0.005630612373352051, -0.0024453673977404833, 0.03602024167776108, 0.016373639926314354, -0.05738404020667076, 0.02088233456015587, 0.031024755910038948, 0.0005938202957622707, -0.0017507956363260746, 0.031275469809770584, -0.031176496297121048, 0.04643109813332558, -0.05124511197209358, -0.012440340593457222, -0.054279495030641556, -0.019826507195830345, 0.05387207120656967, 0.0027695242315530777, -0.033874452114105225, 0.027682166546583176, -0.01693304255604744, 0.01557759940624237, 0.024345826357603073, 0.051456958055496216, 0.00875886157155037, -0.03170078992843628, 0.021528691053390503, -0.01396382600069046, 0.008197356015443802, 0.03589890897274017, -0.07471847534179688, -0.01429127249866724, -0.00913867074996233, -0.03323919326066971, -0.06243729218840599, 0.032963842153549194, 0.01152867916971445, 0.029965849593281746, -0.008186127990484238, 0.00978631991893053, 0.02730916067957878, 0.044410284608602524, 0.011044036597013474, 0.015361517667770386, -0.01549818366765976, 0.016366153955459595, 0.041225530207157135, -0.009746474213898182, -0.014492163434624672, -0.019856899976730347, 0.014078701846301556, 0.04115845635533333, -0.019360315054655075, 0.011364901438355446, 0.009863992221653461, -0.054722435772418976, -0.016948096454143524, 0.07536978274583817, -0.017068110406398773, 0.011441890150308609, -0.013674981892108917, 0.020012468099594116, -0.026189055293798447, -0.018645029515028, 0.00972287729382515, -0.01594894751906395, 0.0226383488625288, 0.022228026762604713, 0.014222380705177784, -0.019036751240491867, -0.03227828070521355, -0.02601034939289093, -0.04436463490128517, -0.020404914394021034, 0.02224375307559967, -0.03891662135720253, -0.026706568896770477, -0.013575345277786255, 0.05181489512324333, -0.05646057799458504, 0.023651277646422386, 0.022174442186951637, 0.0032915454357862473, -0.022621730342507362, -0.01877419650554657, -0.031088214367628098, 0.0419345498085022, 0.0012135260039940476, 0.03901415690779686, 0.01607026718556881, -0.018678786233067513, 0.05555538460612297, -0.01563965156674385, 0.026000957936048508, 0.007975973188877106, 0.013656915165483952, -0.011841369792819023, 0.015077169053256512, -0.010213426314294338, 0.03259595111012459, -0.04724464565515518, -0.020904697477817535, -0.011516550555825233, 0.021839136257767677, -0.014682181179523468, 0.02049659565091133, -0.03589029982686043, 0.008077673614025116, 0.04571414738893509, -0.04760829359292984, -0.001058509573340416, 0.008669937029480934, 0.012027149088680744, -0.00900182593613863, -0.04491770267486572, -0.03056914731860161, 0.035313669592142105, -0.019941451027989388, 0.02770247496664524, 0.008070030249655247, 0.014685003086924553, -0.032134998589754105, -0.011682083830237389, -0.021556807681918144, 0.010546044446527958, 0.020748917013406754, 0.04311124235391617, -0.02451437897980213, 0.013208352960646152, 0.022200383245944977, -0.010998084209859371, -0.03813476115465164, 0.014569220133125782, -0.024664560332894325, -0.001786856446415186, -0.004627307411283255, 0.011234100908041, 0.039608653634786606, -0.06577049195766449, 0.004485654644668102, 0.046302180737257004, 0.0031581425573676825, -0.023775139823555946, 0.08659054338932037, 0.020136509090662003, -0.02749781310558319, 0.041541293263435364, 0.02332727424800396, 0.028900938108563423, 0.05346958339214325, -0.041103463619947433, -0.008635709062218666, -0.02610602416098118, 0.015241693705320358, -0.01910654827952385, -0.040565162897109985, -0.0002476442896295339, 0.04282217100262642, -0.013973166234791279, 0.02291812188923359, -0.00011227024515392259, -0.0075628566555678844, -0.15380652248859406, -0.03736753389239311, 0.020422203466296196, -0.01683557778596878, 0.002357558347284794, 0.02629581280052662, 0.007897170260548592, -0.005892510991543531, -0.010628900490701199, 0.045823074877262115, -0.037474919110536575, -0.05198250338435173, 0.011525426991283894, -0.07182999700307846, -0.000852162716910243, 0.011241277679800987, 0.0070172748528420925, 0.009393037296831608, -0.015227352268993855, -0.025714565068483353, 0.009861334227025509, -0.05344342067837715, 0.008131721056997776, -0.003130456665530801, 0.023941338062286377, -0.06393587589263916, 0.03814087435603142, 0.024654490873217583, -0.0077186524868011475, 0.048744890838861465, 0.003482751315459609, -0.04275369644165039, 0.008339446038007736, 0.007613831199705601, -0.019646011292934418, 0.0451081357896328, -0.018920931965112686, 0.03543386608362198, -0.02089933305978775, -0.00694377813488245, 0.026980120688676834, 0.038347356021404266, -0.015868816524744034, 0.02055763453245163, -0.014585591852664948, -0.014661736786365509, -0.0205897968262434, 0.014647012576460838, -0.03581274673342705, -0.040698714554309845, 0.02035018801689148, -0.0223550945520401, -0.015479464083909988, 0.03224405273795128, -0.06288567185401917, 0.05553796887397766, -0.006242804229259491, 0.04350588098168373, -0.008312448859214783, 0.012407234869897366, -0.013286528177559376, -0.01214540284126997, 0.02152656950056553, -0.010889195837080479, -0.016288381069898605, 0.03390178084373474, 0.04859251528978348, 0.002884739311411977, 0.03127435967326164, -0.006428846158087254, 0.0271697286516428, -0.04666919633746147, 0.02167009748518467, -0.034357018768787384, -0.0017084969440475106, 0.024600226432085037, 0.04107578843832016, -0.015698637813329697, 0.03110211342573166, -0.07902417331933975, -0.006474100053310394, -0.009056956507265568, 0.0006264552939683199, 0.05440598353743553, -0.02720355987548828, -0.02583811990916729, 0.002305828034877777, -0.04150276258587837, -0.01389381941407919, 0.23046450316905975, 0.0004220481205265969, 0.026596710085868835, 0.07486283034086227, 0.07584501802921295, -0.03224080428481102, -0.009595053270459175, 0.02648504450917244, 0.05598319321870804, -0.026289798319339752, -0.006947083864361048, -0.005855387542396784, -0.005375314969569445, -0.01290340255945921, 0.02782639116048813, 0.011670539155602455, -0.048708148300647736, 0.03079606406390667, 0.04101071134209633, -0.026126757264137268, 0.015368148684501648, -0.033623404800891876, 0.0388936921954155, -0.005662316456437111, -0.05607937276363373, 0.023219337686896324, -0.013604200445115566, 0.0004760990559589118, -0.025695890188217163, 0.0030145274940878153, -0.051209744065999985, 0.024357357993721962, 0.04954254999756813, -0.0533921904861927, 0.028936095535755157, -0.04197245091199875, 0.03982856497168541, -0.027508659288287163, -0.01179533638060093, 0.019412094727158546, 0.011758442036807537, -0.003084667259827256, -0.0010611537145450711, 0.023807963356375694, 0.0076372213661670685, -0.0026043583638966084, -0.0025926220696419477, -0.014842735603451729, 0.023755405098199844, -0.031175684183835983, 0.01828317530453205, -0.037125129252672195, -0.018571581691503525, 0.0024612508714199066, 0.019452985376119614, -0.008937311358749866, 0.03115699253976345, 0.02492152526974678, -0.005923790857195854, 0.0028743543662130833, -0.05422969162464142, 0.028614871203899384, -0.013141087256371975, -0.03088941052556038, -0.03265690803527832, -0.012408810667693615, 0.02980640158057213, -0.043530840426683426, 0.035403475165367126, 0.04471303150057793, 0.0016771812224760652, -0.008218633942306042, 0.0007053923909552395, -0.016679510474205017, -0.022761967033147812, -0.034536104649305344, -0.004053066018968821, 0.03817300871014595, -0.027469772845506668, 0.033953964710235596, -0.006422208622097969, 0.04865631088614464, -0.048526544123888016, 0.016695963218808174, 0.017304999753832817, -0.018660325556993484, 0.045851368457078934, 0.03298863023519516, 0.007139280438423157, -0.021959036588668823, -0.01712610200047493, -0.03556288033723831, -0.00288399588316679, 0.062318481504917145, 0.03233463317155838, -0.0011731721460819244, 0.00763877434656024, -0.004140070173889399, 0.0029240837320685387, 0.03718157112598419, -0.027915146201848984, -0.0018702053930610418, 0.0004292236117180437, -0.04137130826711655, 0.004205889068543911, -0.005596680101007223, 0.018195288255810738, -0.03055722452700138, -0.0023837180342525244, -8.672293915878981e-05, -0.09259232878684998, 0.014756089076399803, -0.011386135593056679, -0.030007706955075264, 0.01384054496884346, 0.01665259525179863, 0.059737544506788254, 0.005341978743672371, 0.00783014390617609, 0.03669697791337967, -0.01078377477824688, -0.029078755527734756, -0.020081637427210808, -0.0018185852095484734, 0.02963494509458542, -0.05483404919505119, -0.04982184246182442, 0.013371288776397705, -0.05760684981942177, 0.0079179173335433, 0.019722390919923782, 0.0014291685074567795, 0.016567999497056007, 0.025916671380400658, 0.005868450738489628, 0.018068207427859306, 0.024676145985722542, 0.05859177187085152, 0.011391961015760899, -0.01893841102719307, -0.03920275717973709, -0.02507149800658226, 0.01968219131231308, 0.02534940280020237, 0.05611849203705788, 0.05294347554445267, 0.036263782531023026, -0.01130259782075882, 0.019421381875872612, 0.031727105379104614, 0.06854834407567978, 0.03261737897992134, 0.041726239025592804, -0.018828168511390686, -0.007466485258191824, -0.0746234729886055, 0.0012199834454804659, -0.0036844839341938496, 0.021604573354125023, -0.007775031961500645, 0.044865988194942474, 0.029212728142738342, 0.03862438723444939, 0.06126180663704872, -0.0034687635488808155, -0.014455700293183327, -0.05447828769683838, 0.010149403475224972, -0.02147837169468403, 0.011808430776000023, 0.011270779184997082, -0.06223766505718231, -0.06688199937343597, 0.00816724169999361, -0.02564329095184803, 0.01238561887294054, -0.03929503634572029, -0.010655347257852554, -0.025759298354387283, -0.03954281657934189, -0.01139508280903101, 0.012479132041335106, -0.05412968248128891, 0.004208067897707224, 0.04105712100863457, 0.016972960904240608, 0.01182917132973671, -0.005571391433477402, 0.013351460918784142, -0.02685658074915409, -0.05737132206559181, 0.11555077135562897, -0.02136874757707119, -0.03518657758831978, 0.01746571809053421, -0.008906370960175991, 0.04498672112822533, -0.01929493248462677, -0.006392723880708218, 0.02606184408068657, 0.018671220168471336, 0.020654967054724693, -0.01534158457070589, 0.034269481897354126, -0.04712053760886192, -0.01890656165778637, -0.04849574342370033, 0.003963736817240715, -0.03830139711499214, 0.030874822288751602, 0.008291336707770824, 0.046262048184871674, 0.012754326686263084, -0.013237901031970978, 0.057184722274541855, -0.04075763747096062, 0.0684751644730568, 0.011136329732835293, 0.004617350175976753, -0.026006577536463737, -0.027541080489754677, 0.007448301650583744, -0.033091310411691666, -0.0385279655456543, 0.008056551218032837, 0.01730019971728325, 0.0076237875036895275, -0.023038528859615326, 0.024709157645702362, 0.0014067895244807005, -0.011951795779168606, 0.05363510176539421, 0.04241099953651428, -0.01988256722688675, -0.0017337327590212226, 5.8699566579889506e-05, -0.005262335762381554, 0.029227986931800842, 0.03981057181954384, -0.043519336730241776, 0.012995043769478798, -0.021902920678257942, 0.02664773538708687, 0.03550196811556816, 0.00217564613558352, 0.0381963774561882, -0.02427828684449196, 0.01709463819861412, 0.02372920699417591, 0.004734809044748545, -0.007882080040872097, 0.022041279822587967, 0.04213576018810272, -0.012659368105232716, -0.004956841468811035, -0.013424906879663467, -0.011418770998716354, -0.0020754814613610506, -0.04271908849477768, -0.0012811081251129508, -0.011816627345979214, 0.03783733397722244, -0.03413056954741478, -0.0032788736280053854, 0.0253668874502182, -0.021155042573809624, 0.09616413712501526, -0.0882357507944107, -0.016179008409380913, -0.030912546440958977, -0.03558269143104553, -0.010827500373125076, -0.012343079783022404, 0.007312952075153589, 0.035889361053705215, 0.0074590956792235374, 0.013558387756347656, -0.0013547221897169948, 0.07299874722957611, -0.033185239881277084, -0.03263193741440773, -0.025446059182286263, 0.024838045239448547, -0.004444723483175039, 0.05410970747470856, 0.02786506712436676, 0.04517252370715141, 0.003060149261727929, 0.005826897453516722, -0.040599118918180466, -0.045680541545152664, -0.016760993748903275, -0.05977001041173935, 0.03532269969582558, 0.028665687888860703, -0.01667018234729767, -0.028041530400514603, 0.07313477247953415, 0.00537157105281949, 0.021288961172103882, 0.009118152782320976, -0.040009528398513794, -0.020323293283581734, -0.021229861304163933, -0.04237454757094383, 0.02946355752646923, -0.005085565149784088, 0.01085224375128746, -0.030758287757635117, 0.012972553260624409, 0.013587678782641888, -0.07155608385801315, 0.017805416136980057, 0.049284759908914566, 0.040596071630716324, -0.031769346445798874, 0.02513786591589451, 0.016119148582220078, 0.007470938842743635, 0.007177948020398617, -0.00822808314114809, -0.019881006330251694, -0.03385022655129433, -0.06450983136892319, -0.010426193475723267, -0.015477272681891918, 0.010426287539303303, -0.011578685604035854, -0.009559365920722485, -0.017693739384412766, -0.005370895378291607, 0.01665518805384636, -0.011800485663115978, -0.004873379599303007, -0.04168500751256943, -0.008864151313900948, 0.02984887734055519, -0.039340004324913025, 0.03072519227862358, 0.006144525948911905, 0.01680186204612255, -0.03783813863992691, 0.025344686582684517, -0.010026621632277966, 0.013239794410765171, -0.0595511831343174, 0.004783040378242731, -0.012193543836474419, -0.03699491545557976, -0.05365308001637459, -0.04107482731342316, -0.02653106115758419, 0.01850856840610504, -0.06490612775087357, -0.013825589790940285, -0.008757947944104671, 0.0054137734696269035, -0.019665781408548355, 0.04529916122555733, -0.03151513263583183, -0.031013691797852516, -0.0011367668630555272, -0.018272103741765022, -0.027666302397847176, 0.020188797265291214, 0.03637109324336052, 0.013699477538466454, -0.001384888542816043, -0.0110043715685606, -0.010758629068732262, -0.01302572712302208, -0.0037513761781156063, 0.030671898275613785, 0.004071936476975679, 0.005968846846371889, 0.03634531423449516, -0.044729024171829224, 0.03552067279815674, -0.0010221264092251658, -0.02250136062502861, -0.0027707808185368776, -0.053887031972408295, 0.0023130951449275017, -0.03518638387322426, -0.031807754188776016, -0.025364819914102554, -0.00999370776116848, -0.03713694587349892, -0.0012515847338363528, 0.05760406702756882, -0.049370817840099335, 0.0010442162165418267, -0.012759638018906116, 0.013266609981656075, -0.13467489182949066, -0.0018553518457338214, -0.008078420534729958, -0.0038071044255048037, -0.03193347156047821, -0.020814169198274612, 0.00424905214458704, -0.066127248108387, 0.07117021083831787, -0.008490224368870258, -0.042517535388469696, -0.05859328806400299, 0.031529463827610016, -0.020932285115122795, 0.01087801530957222, 0.03698863834142685, 0.013726168312132359, -0.014324355870485306, -0.03388506919145584, 0.02435488998889923, -0.03138711303472519, 0.030666833743453026, 0.07273673266172409, -0.02895737998187542, 0.018801739439368248, 0.004203018266707659, -0.0039412593469023705, 0.014333339408040047, -0.029819078743457794, 0.006225916091352701, 0.0452096164226532, -0.001912180450744927, 0.003755055833607912, 0.0265730619430542, -0.010935183614492416, 0.00019137837807647884, -0.016530867666006088, 0.006694217212498188, 0.01040633860975504, 0.02607453055679798, 0.002430820604786277, 0.0183118749409914, -0.030349796637892723, -0.03358433023095131, 0.01162767969071865, -0.021832959726452827, -0.017254961654543877, -0.02764974720776081, -0.02784278802573681, -0.014829742722213268, 0.014016739092767239, 0.0010190133471041918, 0.010107435286045074, 0.035692185163497925, -0.040013305842876434, -0.045494068413972855, -0.027078699320554733, 0.042761676013469696, -0.06648977845907211, 0.023970359936356544, -0.047960638999938965, 0.01299483422189951, 0.000654068891890347, -0.05032889544963837, 0.006264937575906515, 0.029283598065376282, -0.032515835016965866, 0.03870423510670662, 0.0041325208730995655, -0.0609346441924572, -0.010905958712100983, -0.023574579507112503, -0.03351983428001404, -0.025149580091238022, 0.007831265218555927, 0.02156210131943226, 0.020195499062538147, -0.038668256253004074, -0.048210904002189636, 0.009034641087055206, -0.04291105270385742, 0.005002216435968876, -0.042119529098272324, 0.054660454392433167, 0.01885354518890381, -0.0025368265341967344, -0.01626264490187168, 0.002440920565277338, -0.04423455893993378, -0.03421453386545181, -0.038823843002319336, -0.04642674699425697, -0.05106585472822189, -0.02112768590450287, 0.011830043978989124, 0.028789468109607697, 0.023076100274920464, -0.0007624141871929169, 0.03462761640548706, -0.011206639930605888, 0.004571045748889446, -0.04802251234650612, 0.0071215033531188965, 0.009955983608961105, -0.00031918735476210713, 0.019786464050412178, 0.015120074152946472, -0.0070099313743412495, 0.009989464655518532, -0.008115074597299099, -0.03232191503047943, 0.0297683198004961, -0.0335782989859581, 0.011999494396150112, -0.08648360520601273, -0.007814254611730576, -0.01307451631873846, 0.02598210982978344, 0.005039679817855358, -0.010488015599548817, 0.001174267497844994, -0.008866839110851288, 0.0025491092819720507, -0.014598642475903034, 0.056207504123449326, 0.0013457128079608083, 0.010276438668370247, 0.013363984413444996, 0.003015693975612521, -0.007783606182783842, -0.016624411568045616, -0.03793758898973465, 0.03459339961409569, -0.0035288927610963583, 0.018732547760009766, 0.03614412993192673, 0.0011053011985495687, 0.054851043969392776, -0.03272783383727074, -0.002563872840255499, -0.04426287114620209, -0.008037418127059937, 0.0413069874048233, -0.04917188733816147, 0.0030371733009815216, 0.00468708761036396, 0.03226512670516968, -0.04896584153175354, -0.028535865247249603, -0.017356039956212044, -0.002290986245498061, 0.01275727991014719, -0.02609887905418873, 0.030157051980495453, -0.03770032152533531, 0.02344881184399128, -0.015200968831777573, -0.030343549326062202, 0.014102699235081673, 0.05967153236269951, -0.030000213533639908, -0.036868974566459656, 0.027117375284433365, 0.004808245226740837, 0.02364308200776577, -0.023809561505913734, -0.00962301716208458, 0.016221938654780388, -0.024953871965408325, 0.05883757770061493, -0.020365115255117416, 0.010968289338052273, -0.00040774684748612344, -0.01920044608414173, 0.05752990394830704, -0.005822132807224989, 0.016582245007157326, -0.020274480804800987, 0.029964780434966087, -0.0011026652064174414, 0.025368016213178635, 0.024236366152763367, 0.05022647976875305, -0.010916509665548801, 0.04929126426577568, -0.010190516710281372, 0.012168945744633675, -0.007419157773256302, 0.02500210888683796, -0.04654637351632118, -0.029171021655201912, -0.009954903274774551, 0.050435613840818405, -0.01619819924235344, -0.00635084742680192, 0.010222497396171093, -0.02234758995473385, -0.03144768998026848, -0.0021274557802826166, 0.05763066187500954, 0.022404562681913376, 0.02050720900297165, 0.00028351059881970286, -0.03994639217853546, 0.005914208944886923, -0.024303587153553963, -0.04081607609987259, -0.015183379873633385, 0.008931467309594154, 0.01679820753633976, 0.009806323796510696, -0.006671454757452011, -0.0215196181088686, -0.0015439307317137718, -0.04500143975019455, -0.02325068600475788, 0.020503591746091843, 0.07269574701786041, -0.005252588074654341, 0.017521942034363747, 0.03166776895523071, -0.01748443953692913, -0.01581750437617302, -0.013081084005534649, -0.046826355159282684, -0.011609797365963459, -0.03314276412129402, 0.0303521566092968, 0.007057840935885906, 0.003601551754400134, -0.09749390929937363, -0.012533813714981079, 0.003905888181179762, 0.010240769013762474, -0.0034820663277059793, -0.011109709739685059, 0.04148032143712044, 0.03890739008784294, 0.004986483603715897, 0.012776321731507778, -0.013724750839173794, 0.00995890237390995, -0.031823888421058655, -0.016005007550120354]",
15_1_0_errors_no_script_in_document_mdx_section_4,section,15_1_0_errors_no_script_in_document_mdx,No Script in Document - Useful Links,,{},15.1.0,"[/docs/pages/building-your-application/routing/custom-app](/docs/pages/building-your-application/routing/custom-app)
[/docs/pages/building-your-application/optimizing/scripts](/docs/pages/building-your-application/optimizing/scripts)
",,"[(np.int64(23), np.float64(0.08284229785203934)), (np.int64(438), np.float64(0.17445647716522217)), (np.int64(7844), np.float64(0.16358059644699097)), (np.int64(36836), np.float64(0.17854808270931244)), (np.int64(43101), np.float64(0.24980592727661133)), (np.int64(57890), np.float64(0.2648877501487732)), (np.int64(84654), np.float64(0.2734840512275696))]","[-0.030759897083044052, 0.004772753920406103, -0.016976486891508102, 0.006259281653910875, -0.024586191400885582, -0.014016389846801758, -0.019969260320067406, 0.0014821015065535903, -0.0015231568831950426, 0.01762162707746029, -0.03149424493312836, 0.016135796904563904, 0.020809395238757133, -0.020054232329130173, -0.014329632744193077, -0.0034760115668177605, -0.0035064525436609983, 0.016749706119298935, 0.008078422397375107, -0.011860144324600697, -0.006162491627037525, -0.010379675775766373, 0.026462091132998466, -0.0053349691443145275, -0.009243586100637913, 0.026833537966012955, -0.006399214733392, 0.011024384759366512, 0.045694660395383835, -0.01578587479889393, 0.048140060156583786, -0.026510339230298996, 0.01353779248893261, -0.017072850838303566, -0.04895290732383728, -0.07094888389110565, -0.028616560623049736, -0.025011107325553894, -0.03208183869719505, 0.0013669943436980247, 0.012145936489105225, 0.013350904919207096, -0.015871621668338776, 0.002341111423447728, 0.03765539452433586, -0.02992885559797287, 0.02145889401435852, -0.014990737661719322, 0.03305673971772194, -0.0037172494921833277, -0.007659412454813719, -0.006552806124091148, -0.0028596341144293547, -0.08655229955911636, 0.05000744014978409, 0.07369725406169891, 0.0145041448995471, -0.04298710078001022, -0.0233905166387558, 0.006739340256899595, -0.021123968064785004, -0.023624258115887642, -0.00723227858543396, -0.04104747995734215, 0.012975942343473434, 0.005417281296104193, 0.027095545083284378, -0.011281541548669338, -0.013763939030468464, -0.05665590241551399, 0.008744264021515846, 0.03573917970061302, -0.06791654974222183, -0.04676999896764755, -0.04965673014521599, -0.010576778091490269, 0.04490577429533005, -0.0038747452199459076, -0.008148730732500553, 0.004580377135425806, -0.021772539243102074, 0.02151927351951599, 0.03434161841869354, -0.023570243269205093, 0.021593639627099037, -0.015556002967059612, -0.00963399838656187, 0.06495212018489838, 0.04075298830866814, 0.012247064150869846, -0.010374186560511589, -0.0243916567414999, 0.04884188994765282, -0.04772888123989105, -0.0028204191476106644, -0.012688192538917065, 0.02843674086034298, 0.011423615738749504, 0.02211177907884121, -0.010613812133669853, 0.03917466476559639, -0.026883309707045555, 0.014588981866836548, -0.019891604781150818, 0.025244535878300667, -0.01561036054044962, 0.002470238134264946, 0.025563152506947517, -0.016063911840319633, -0.014746815897524357, -0.007860887795686722, 0.003086573677137494, 0.03637486323714256, -0.0169741902500391, 0.015686947852373123, -0.024062737822532654, -0.00634319381788373, -0.029275819659233093, 0.018079686909914017, 0.006771791260689497, 0.004241549409925938, 0.037193913012742996, 0.0420079343020916, -0.007343502249568701, 0.00655029434710741, 0.05374520644545555, 0.016677912324666977, 0.03918138146400452, 0.008641431108117104, -0.028892967849969864, 0.026519840583205223, 0.010873033665120602, -0.009604386053979397, -0.0016040983609855175, -0.023429058492183685, -0.007833798415958881, 0.022452445700764656, 0.018881961703300476, -0.006448058877140284, -0.06923667341470718, 0.024325694888830185, 0.038171250373125076, 0.0007633289787918329, -0.005766460672020912, 0.03304535523056984, -0.045898038893938065, 0.07397843897342682, 0.02931402251124382, -0.007608713116496801, -0.05411125347018242, 0.010135150514543056, 0.008831184357404709, 0.009434264153242111, 0.025532925501465797, -0.010942752473056316, -0.022380314767360687, 0.026379762217402458, 0.026105325669050217, 0.04675224795937538, 0.004951226990669966, -0.03849651664495468, 0.0010718381963670254, -0.007324137259274721, 0.0220293290913105, 0.009676860645413399, -0.05813644081354141, 0.009450250305235386, -0.003136236686259508, -0.02783016301691532, -0.03468792885541916, 0.027338534593582153, -0.03103066422045231, -0.011605353094637394, 0.013356861658394337, 0.007484083529561758, 0.015667270869016647, 0.08153321593999863, 0.01947266422212124, 0.011915305629372597, -0.04004795849323273, -0.02300252579152584, 0.00930691510438919, -0.03688221052289009, 0.018989551812410355, -0.0241994708776474, -0.0021682758815586567, -0.02572236955165863, 0.0016560668591409922, 0.00872801337391138, 0.002533035119995475, -0.006903806701302528, 0.006064279470592737, 0.025963474065065384, -0.0023730560205876827, 0.01277892291545868, -0.006320982705801725, 0.03137919679284096, 0.02080530673265457, -0.004568357486277819, -0.012997488491237164, 0.03745012357831001, 0.03590109944343567, 0.043817002326250076, -0.003387617412954569, -0.015951743349432945, -0.040065113455057144, 0.006335166282951832, -0.05373736098408699, -0.013696135021746159, -0.041704319417476654, 0.0012278127251192927, -0.04526456072926521, -0.046338893473148346, 0.019529106095433235, -0.06058192625641823, 0.03668464720249176, 0.017082322388887405, 0.014132178388535976, 0.018732530996203423, -0.00792109314352274, -0.021184369921684265, 0.05562279000878334, -0.015269788913428783, -0.0007850932306610048, 0.02336878702044487, -0.007586541119962931, 0.03637402877211571, 0.011364026926457882, 0.024215850979089737, -0.022462867200374603, -0.04118872061371803, -0.012720433995127678, 0.002131309825927019, -0.03724846988916397, 0.061406057327985764, -0.018086107447743416, -0.011120915412902832, -0.016764681786298752, 0.0004500079376157373, -0.0355134978890419, 0.015418292954564095, -0.05068695917725563, 0.03914308175444603, -0.0029245612677186728, -0.050600986927747726, 0.011223481968045235, -0.017221610993146896, 0.045814722776412964, -0.025263454765081406, -0.026249166578054428, 0.013955211266875267, -0.021929042413830757, 0.010981173254549503, -0.006349270232021809, 0.0007039308547973633, 0.008253348991274834, 0.008937112055718899, 0.0137041499838233, -0.05235664173960686, -0.010747971013188362, -0.0002135744725819677, 0.028750503435730934, -0.043271228671073914, 0.017779512330889702, 0.011177830398082733, -0.03772282972931862, 0.005304491613060236, -0.060448676347732544, 0.018405579030513763, 0.0003256186901126057, -0.039764635264873505, 0.03287189453840256, 0.023827333003282547, -0.010810764506459236, -0.02688838541507721, -0.004435616545379162, -0.03391961380839348, -0.04271145910024643, 0.06929616630077362, -0.024471372365951538, 0.024009007960557938, 0.08747294545173645, 0.010724821127951145, 0.021240338683128357, 0.07905922085046768, -0.04381871595978737, 0.004240280948579311, -0.04175415635108948, 0.05027173087000847, -0.001042608986608684, -0.04716109484434128, -0.02150329388678074, 0.05807909369468689, -0.035235993564128876, 0.0053564091213047504, 0.005274671129882336, -0.007629614323377609, -0.16986054182052612, -0.022003237158060074, 0.04267921298742294, 0.06254740804433823, 0.005582389887422323, 0.019496750086545944, -0.044554971158504486, -0.0020587656181305647, 0.00285526760853827, 0.030798012390732765, -0.010871262289583683, -0.05415031313896179, -0.00358054437674582, -0.04481905698776245, 0.0077054365538060665, 0.025424938648939133, -0.0011433643521741033, 0.007809117436408997, -0.011440698057413101, -0.018199658021330833, -0.013962261378765106, -0.012019379064440727, 0.0029247289057821035, 0.018034055829048157, 0.00280088372528553, -0.02705998346209526, 0.02628071792423725, 0.04628715664148331, 0.016962556168437004, 0.013709157705307007, -0.004543788731098175, -0.037165433168411255, 0.006630303338170052, -0.02372284233570099, -0.0066694230772554874, -0.003179682418704033, 0.004655893426388502, 0.020460955798625946, 0.013085207901895046, -0.022577479481697083, 0.031920239329338074, 0.03161405026912689, -0.01320718601346016, -0.012800446711480618, -0.0006976424483582377, 0.011900488287210464, 0.0030083530582487583, -0.029033569619059563, -0.01539913285523653, -0.07310091704130173, 0.015110271982848644, -0.003159246640279889, 0.0236719511449337, 0.004423315171152353, -0.042115096002817154, 0.013354858383536339, 0.04152410104870796, 0.049075569957494736, -0.014233391731977463, 0.023651761934161186, -0.003359040478244424, 0.020400065928697586, 0.048015858978033066, -0.044859521090984344, 0.002958977594971657, 0.03236239030957222, 0.08339785784482956, 0.010963709093630314, 0.008880380541086197, -0.018875619396567345, -0.003370021004229784, -0.04151628911495209, 0.02330489084124565, -0.007320030126720667, -0.033511143177747726, 0.0024287120904773474, 0.0407821349799633, -0.03385939449071884, -0.001470338087528944, -0.10155484825372696, -0.04643294960260391, 0.01344601996243, 0.016355805099010468, 0.02221382036805153, -0.032176513224840164, -0.05710115656256676, 0.0061989896930754185, -0.04079844430088997, 0.026330213993787766, 0.2461986094713211, -0.021451350301504135, 0.0387844517827034, 0.004822381306439638, 0.058523911982774734, -0.01852821558713913, 0.011699553579092026, 0.03642949461936951, 0.021744759753346443, -0.017529448494315147, 0.0024709890130907297, 0.061475720256567, -0.016029927879571915, 0.0011087489547207952, 0.008654837496578693, 0.027428459376096725, -0.07038013637065887, -0.011129634454846382, 0.02982291392982006, -0.00042797968490049243, -0.01428582426160574, -0.0858796238899231, 0.028817519545555115, 0.013403575867414474, -0.035293761640787125, -0.026079853996634483, -0.02277565933763981, 0.019740473479032516, -0.038429223001003265, 0.032063134014606476, -0.02376558445394039, 0.02087377943098545, 0.07487568259239197, -0.036419328302145004, -0.059112392365932465, 0.0070479209534823895, 0.054190922528505325, -0.02208353951573372, -0.007928473874926567, -0.019073324277997017, -0.041223157197237015, -0.007124571595340967, -0.0037666140124201775, -0.01491591241210699, -0.03224384784698486, -0.021307846531271935, 0.006316747982054949, 0.02429095096886158, 0.025994859635829926, -0.03881966322660446, 0.033262573182582855, -0.017218029126524925, -0.005544891115278006, 0.007724138908088207, 0.023755544796586037, -0.007816375233232975, -0.004060827661305666, 0.018465908244252205, -0.003891360480338335, 0.007090353406965733, 0.017835654318332672, 0.008143614046275616, -0.052305012941360474, 0.011029720306396484, -0.012579210102558136, 0.00397459464147687, -0.02315884828567505, -0.028326211497187614, 0.01592283509671688, 0.05712888017296791, 0.015530520118772984, 0.016383491456508636, 0.022241992875933647, -0.025655191391706467, 0.010736091062426567, 0.0006396881071850657, 0.034784186631441116, 0.021469010040163994, -0.026131512597203255, 0.023885969072580338, -0.01759839989244938, 0.015293573960661888, -0.016727089881896973, -0.009283330291509628, 0.014421270228922367, -0.020322630181908607, 0.03190650790929794, 0.08309178054332733, -0.0036497022956609726, 0.026234246790409088, -0.008757397532463074, -0.016808686777949333, -0.014049184508621693, 0.021799372509121895, -0.03502647951245308, -0.018858419731259346, 3.770740249819937e-06, 0.0030766010750085115, -0.06417503952980042, 0.01083667203783989, 0.0009390690829604864, 0.027008602395653725, -0.028177661821246147, -0.004996944218873978, 0.0482625775039196, 0.007085293065756559, -0.00861167162656784, -0.0041497740894556046, -0.008834597654640675, 0.01354343630373478, -0.03330755606293678, 0.010160478763282299, 0.037341631948947906, -0.0384124293923378, -0.037375424057245255, 0.0387415736913681, -0.008432086557149887, 0.0289214588701725, 0.03088613599538803, 0.06846289336681366, -0.005653323605656624, -0.01265684049576521, -0.007225112523883581, 0.01338121946901083, -0.002589802024886012, -0.046998031437397, -0.035264819860458374, 0.037761006504297256, -0.05558132007718086, 0.031490541994571686, 0.03483878821134567, -0.016993310302495956, -0.010726867243647575, 0.011137215420603752, 0.014257543720304966, 0.012501020915806293, 0.0457770861685276, 0.057688888162374496, -0.009469996206462383, -0.005639227107167244, -0.04440629109740257, -0.009794850833714008, 0.013683237135410309, 0.009294395335018635, 0.02943250723183155, 0.008865145035088062, -0.013482555747032166, -0.0019566412083804607, 0.04908040538430214, 0.015215364284813404, 0.03022124618291855, 0.029997140169143677, 0.01727229356765747, -0.03818273916840553, -0.005960466340184212, -0.03923342376947403, -0.003490017494186759, -0.01542080007493496, 0.03898584842681885, -0.0324086993932724, 0.039651598781347275, 0.021974066272377968, 0.047654345631599426, 0.07658958435058594, -0.0326966755092144, -0.030934305861592293, -0.02863943576812744, 0.02829466015100479, -0.02870875783264637, 0.006979427766054869, -0.03176756948232651, -0.0070347231812775135, -0.06440721452236176, 0.03468095138669014, 0.0014943727292120457, -0.0042474339716136456, -0.011928169056773186, -0.033802878111600876, -0.039124827831983566, -0.045357946306467056, 0.012004861608147621, -0.0038898573257029057, -0.05046737939119339, 0.005344553384929895, 0.01800759881734848, -0.02444446086883545, -0.021655138581991196, -0.008763963356614113, -0.0015459725400432944, -0.0385761633515358, -0.008466864936053753, 0.10915594547986984, -0.029856592416763306, -0.014813996851444244, 0.049690987914800644, 0.021570637822151184, -0.003476959653198719, 0.000518452434334904, -0.015961624681949615, 0.040202535688877106, 0.011727429926395416, 0.036174383014440536, -0.02077736333012581, 0.009752411395311356, -0.03450334072113037, -0.032457564026117325, -0.020341146737337112, 0.020710183307528496, -0.0066313049755990505, 0.028005696833133698, -0.009065430611371994, 0.013212019577622414, -0.05026720464229584, -0.0038673928938806057, 0.038912322372198105, -0.02500723861157894, 0.06287114322185516, 0.039817772805690765, 0.009995018132030964, 0.013742461800575256, -0.06072302535176277, -0.004573505371809006, -0.027306096628308296, -0.008173116482794285, -0.009309749118983746, -0.0013851926196366549, 0.012042279355227947, -0.013971317559480667, -0.007377611938863993, 0.008759185671806335, -0.010262636467814445, 0.06014920771121979, 0.012159164994955063, 0.002564729657024145, -0.015462412498891354, -0.003611924359574914, 0.02046532742679119, 0.004690237808972597, 0.041189126670360565, -0.05432229861617088, 0.018011020496487617, 0.007526799105107784, 0.060218553990125656, 0.03433315083384514, 0.010767542757093906, -0.005186585243791342, -0.06753601133823395, -0.018136633560061455, 0.04280015826225281, 0.005803266074508429, 0.021603208035230637, -0.04317747801542282, -0.013829920440912247, -0.004989137873053551, 0.010816508904099464, 0.017243020236492157, 0.014601096510887146, -0.004202653653919697, -0.041414517909288406, 0.022678280249238014, 0.007211294490844011, 0.00534523231908679, 0.0004739043943118304, -0.00570399034768343, 0.01190903689712286, -0.017614830285310745, 0.01735745370388031, -0.03138263151049614, -0.03017030470073223, -0.03478754311800003, -0.03204711899161339, 0.004983319900929928, -0.03273165225982666, 0.03599390760064125, 0.03716995194554329, 0.01987726241350174, -0.015076355077326298, 0.033541567623615265, 0.004200492519885302, -0.03665881231427193, -0.0935463011264801, 0.022078244015574455, -0.01477442029863596, 0.007701083552092314, 0.00798407569527626, 0.027744824066758156, 0.059579286724328995, 0.008883373811841011, -0.007320894859731197, -0.04469792917370796, -0.0039211539551615715, 0.001110236393287778, -0.03327139839529991, 0.03306332975625992, 0.0032174803782254457, -0.019665716215968132, -0.033120475709438324, 0.06403367966413498, 0.003294705180451274, 0.02055971324443817, 0.00028311251662671566, 0.004385220352560282, 0.008548829704523087, -0.029858214780688286, 0.00014217349234968424, 0.056735891848802567, -0.03463853895664215, -0.021723123267292976, 0.027826810255646706, -0.014681808650493622, 0.01554019097238779, -0.05968206748366356, 0.0033996812999248505, 0.038746561855077744, 0.021809982135891914, -0.022100692614912987, 0.027572326362133026, 0.03950950875878334, 0.009636940434575081, -0.010243493132293224, -0.0021494384855031967, 0.025852374732494354, 0.006712188478559256, -0.00461134547367692, -0.01042868196964264, 0.009059024974703789, -0.03832713142037392, 0.003942862618714571, -0.02962428703904152, 0.0357181690633297, -0.05998672544956207, 0.031670406460762024, -0.014972850680351257, 0.0044102855026721954, -0.008992097340524197, -0.02606687881052494, 0.021387917920947075, -0.01666215807199478, -0.011062662117183208, -0.003527075285091996, 0.010636964812874794, -0.00817650556564331, 0.04533722251653671, -0.00913650169968605, 0.004273422062397003, -0.061522629112005234, 0.008780783042311668, -0.017073169350624084, -0.047330643981695175, 0.0018924331525340676, -0.024852029979228973, 0.011232112534344196, -0.008390040136873722, -0.007057878188788891, 0.03291260078549385, -0.02716672234237194, -0.010585532523691654, -0.020493270829319954, 0.03965570032596588, 0.05240996554493904, -0.025954008102416992, 0.039255011826753616, -0.018868383020162582, -0.018055781722068787, -0.004090734291821718, -0.018188228830695152, -0.006508163176476955, -0.02329878881573677, -0.02254580333828926, 0.014821188524365425, 0.011674150824546814, -0.0417323112487793, 0.008091420866549015, 0.012204463593661785, -0.034484319388866425, 0.004675145260989666, -0.019294530153274536, -1.7359900084557012e-05, 0.02158871293067932, -0.04375822842121124, 0.003968749660998583, -0.05136346444487572, -0.010691013187170029, -0.03473149985074997, -0.048768043518066406, -0.015719233080744743, -0.013944822363555431, 0.008501279167830944, 0.02507985569536686, 0.08750259876251221, -0.02531253546476364, -0.019348960369825363, -0.019006110727787018, 0.016106927767395973, -0.14526861906051636, -0.006890217773616314, -0.04151223599910736, 0.0071196225471794605, -0.03212098032236099, -0.0063209026120603085, -0.008543797768652439, -0.05950852483510971, 0.01634993962943554, -0.035410769283771515, -0.025108369067311287, 0.004769549705088139, 0.022526344284415245, -0.016441771760582924, 0.0015118794981390238, 0.04647243395447731, 0.01226399838924408, -0.017355114221572876, -0.019974300637841225, 0.0060065374709665775, -0.03112897463142872, 0.0037196942139416933, 0.0213155634701252, -0.0060250950045883656, -0.01698734238743782, -0.052205491811037064, -0.01025797612965107, -0.02862161584198475, -0.0354926735162735, 0.013681606389582157, -0.023615235462784767, 0.010496166534721851, 0.029240025207400322, 0.02410617098212242, -0.059145938605070114, 0.029195403680205345, 0.008992183953523636, -0.019394228234887123, -0.0019988310523331165, 0.009739205241203308, -0.0031969749834388494, 0.007534418720752001, -0.005316301714628935, -0.00026351772248744965, 0.018937740474939346, -0.007425131741911173, 0.04574964940547943, -0.016117436811327934, 0.007689625956118107, -0.02017052471637726, -0.03715771809220314, 0.026195751503109932, 0.0042638820596039295, 0.021812163293361664, -0.009361880831420422, 0.028708195313811302, 0.003993247635662556, 0.029540954157710075, -0.036775197833776474, 0.027364514768123627, -0.005200440064072609, 0.036144744604825974, -0.0038144919089972973, 0.01483939215540886, -0.00043292553164064884, 0.01635619066655636, -0.03434690833091736, 0.020313909277319908, -0.013987859711050987, -0.030860040336847305, -0.013526086695492268, -0.026628946885466576, -0.03640780225396156, -0.01545695960521698, 0.034261222928762436, 0.015304246917366982, -0.02020757645368576, -0.03531136363744736, -0.013973601162433624, -0.03208712115883827, -0.008204249665141106, -0.01151516754180193, -0.04122939705848694, 0.07416336983442307, 0.04105468839406967, 0.01576387695968151, 0.012304961681365967, 0.016711195930838585, -0.008556034415960312, -0.023435786366462708, -0.023839157074689865, -0.06782025843858719, -0.034737203270196915, 0.005986262112855911, 0.005413425154983997, 0.04063165560364723, -0.01781405508518219, -0.00523777399212122, 0.01583073101937771, -0.020438071340322495, 0.03313731029629707, 0.01365627907216549, 0.012228389270603657, -0.012488092295825481, -0.022953948006033897, 0.03552935644984245, 0.037859249860048294, -0.004089077468961477, -0.02432059682905674, -0.025102844461798668, -0.11428415775299072, 0.003269959008321166, -0.019169095903635025, -0.004962918348610401, -0.0574011392891407, -0.007499700412154198, 0.00590950483456254, 0.012176292017102242, 0.03749082610011101, -0.006945053581148386, -0.02791706658899784, -0.05101263150572777, -0.0014181049773469567, -0.028834685683250427, 0.012893249280750751, 0.009990795515477657, 0.0683717131614685, 0.03724212199449539, 0.0370037704706192, -0.016172712668776512, -0.01800251007080078, -0.08189065009355545, 0.030860047787427902, -0.009240647777915001, 0.009807512164115906, -0.00669529614970088, -0.007202005013823509, 0.042500969022512436, -0.03318009525537491, -0.05099181458353996, -0.05045023560523987, 0.020373396575450897, 0.031146975234150887, -0.04141891002655029, 0.013021953403949738, -0.049341484904289246, -0.001729563344269991, 0.005136905238032341, 0.016010362654924393, -0.05923551321029663, 0.03999318554997444, -0.0004152159672230482, -0.04753471910953522, 0.05214853212237358, -0.012414778582751751, 0.040561869740486145, -0.020463766530156136, -0.007255405653268099, -0.04573114961385727, 0.056722983717918396, 0.005152614787220955, -0.02693629264831543, -0.001814818475395441, -0.022209160029888153, 0.007969182915985584, 0.03719746321439743, -6.93143010721542e-05, -0.009839109145104885, -0.059797920286655426, 0.06625514477491379, 0.020868711173534393, 0.03843837231397629, -0.010062605142593384, 0.012026365846395493, 0.0593193843960762, -0.037340521812438965, 0.01821134425699711, 0.03365660831332207, -0.017838602885603905, -0.04727967455983162, 0.013572684489190578, 0.021096987649798393, 0.03979647532105446, 0.031330548226833344, 0.008308141492307186, -0.021861540153622627, 0.0019480186747387052, 0.006891751196235418, 0.02097044512629509, -0.03134908527135849, -0.035993486642837524, 0.0264365766197443, -0.022734276950359344, -0.021826231852173805, 0.00945328176021576, 0.04181041941046715, -0.009382889606058598, 0.02100984752178192, -0.0015837445389479399, 0.044425200670957565, 0.012644022703170776, 0.004333560820668936, 0.017070477828383446, -0.058919139206409454, 0.0016498657641932368, 0.0025313643272966146, -0.0243160892277956, -0.03968031704425812, -0.0014079061802476645, 0.028852082788944244, 0.014050428755581379, 0.01672401651740074, -0.030450260266661644, 0.013833533972501755, -0.01198158971965313, -0.048863574862480164, 0.08050470799207687, 0.04484410956501961, -0.022556278854608536, 0.014375418424606323, 0.02008720673620701, 0.01464956533163786, -0.01744496077299118, -0.019274936988949776, -0.032586876302957535, 0.002284152200445533, -0.029307959601283073, 0.04283050820231438, -0.016314275562763214, 0.018689800053834915, -0.053206801414489746, -0.034282274544239044, 0.027937840670347214, -0.0019911453127861023, 0.017819158732891083, -0.016766047105193138, 0.021548274904489517, 0.01908608339726925, 0.005028459709137678, -0.008082815445959568, 0.040015239268541336, -0.010606257244944572, 0.049863576889038086, 0.006205902434885502]",,
