entry_id,entry_type,parent_id,title,description,metadata,version,text_content,code_content,sparse_title_description,dense_text_content,dense_code_snippet,tag
15_1_0_errors_inline_script_id_mdx,document,,Inline script id,,{'related_links': []},15.1.0,"> Enforce `id` attribute on `next/script` components with inline content.

## Why This Error Occurred

`next/script` components with inline content require an `id` attribute to be defined to track and optimize the script.

## Possible Ways to Fix It

Add an `id` attribute to the `next/script` component.

```jsx filename=""pages/_app.js""
import Script from 'next/script'

export default function App({ Component, pageProps }) {
  return (
    <>
      <Script id=""my-script"">{`console.log('Hello world!');`}</Script>
      <Component {...pageProps} />
    </>
  )
}
```

## Useful links

- [Docs for Next.js Script component](/docs/pages/building-your-application/optimizing/scripts)Enforce `` attribute on `` components with inline content.
",,"[(np.int64(6), np.float64(0.013514362275600433)), (np.int64(360), np.float64(0.12804177403450012)), (np.int64(2256), np.float64(0.241625115275383)), (np.int64(3447), np.float64(0.272158682346344)), (np.int64(26499), np.float64(0.2815369665622711))]","[-0.021336114034056664, 0.01283205859363079, -0.03562993183732033, 0.02175314724445343, -0.030410263687372208, -0.03612503781914711, 0.009885983541607857, 0.019283439964056015, -0.032406121492385864, 0.006081648636609316, -0.022529341280460358, -0.03571534901857376, -0.010102756321430206, -0.01236292440444231, -0.014236134476959705, 0.035760778933763504, 0.007138944696635008, 0.022270802408456802, 0.025240501388907433, 0.000677787815220654, -0.03900574892759323, -0.017628131434321404, 0.01862860843539238, 0.0275507140904665, 0.004153341520577669, 0.04493371397256851, -0.03230968117713928, 0.021719977259635925, 0.018860947340726852, 0.04470699280500412, 0.022074755281209946, -0.020554080605506897, 0.010566029697656631, 0.012891179881989956, -0.025172846391797066, 0.0016425572102889419, 0.018557468429207802, -0.025394883006811142, -0.014250429347157478, 0.03954349085688591, -0.023345980793237686, -0.003594368929043412, 0.002323852851986885, -0.014176654629409313, 0.008593364618718624, -0.018194101750850677, 0.052294522523880005, -0.03297789767384529, 0.007735610473901033, -0.003644157899543643, -0.002643578452989459, -0.01642504893243313, 0.027985507622361183, -0.04495174437761307, 0.04849855229258537, 0.0017471419414505363, -0.02060624212026596, -0.02084062248468399, -0.02096002735197544, -0.00411771796643734, -0.030771641060709953, -0.028308922424912453, -0.02713010460138321, 0.005448687355965376, -0.00020460644736886024, -0.0011690135579556227, -0.057843465358018875, -0.007580726407468319, -0.0129993986338377, -0.060053758323192596, 0.0018760449020192027, 0.02228792943060398, -0.03079717606306076, -0.015282794833183289, -0.03351627662777901, 0.01871407777070999, 0.04108395799994469, -0.02904619090259075, -0.03414924070239067, 0.03537691757082939, -0.00827194843441248, -0.012404725886881351, 0.021154606714844704, 0.008710557594895363, 0.04323989897966385, 0.0036928527988493443, -0.0201696939766407, -0.0022113975137472153, 0.033941444009542465, 0.04748282954096794, -0.01965845189988613, -0.02559494972229004, 0.06773988902568817, -0.0572272427380085, -0.011181216686964035, -0.009296857751905918, 0.01685422658920288, -0.023889075964689255, 0.056743886321783066, -0.025952428579330444, -0.020598318427801132, -0.009990159422159195, 0.024365879595279694, -0.006546827033162117, 0.028194107115268707, -0.0034860821906477213, 0.019332006573677063, 0.001979249529540539, 0.007552961818873882, -0.042681362479925156, 0.003365426557138562, 0.03219452127814293, 0.0157554242759943, 0.02893928810954094, -0.018240395933389664, -0.01507941447198391, 0.024169178679585457, -0.004367395304143429, 0.06045255437493324, -0.02612411044538021, 0.07173202931880951, 0.056254398077726364, 0.008987744338810444, -0.04731837287545204, 0.04076746478676796, 0.011897343210875988, -0.03821920230984688, 0.054680511355400085, -0.025716591626405716, -0.0050092581659555435, 0.016988305374979973, 0.023611463606357574, 0.0032812042627483606, 0.03367222473025322, -0.04715876281261444, 0.005196710117161274, 0.011322778649628162, 0.06770480424165726, -0.0008941165870055556, -0.07587093114852905, 0.03701947256922722, 0.01034665759652853, -0.014146947301924229, -0.04073673486709595, 0.04972772300243378, 0.0018955564592033625, 0.040083371102809906, 0.008639811538159847, 0.012206071987748146, -0.07655379176139832, -0.01105019822716713, 0.032050684094429016, 0.006255047861486673, -0.03969850763678551, 0.024823304265737534, -0.043763257563114166, 0.0009862988954409957, 0.014351348392665386, 0.06520857661962509, 0.024866074323654175, -0.024732228368520737, -0.033319391310214996, -0.020239630714058876, 0.0027999794110655785, 0.03924546018242836, 0.007129591889679432, 0.01958516053855419, -0.0025364502798765898, -0.021930042654275894, -0.0310053750872612, 0.023609470576047897, -0.0016736423131078482, 0.008337139151990414, -0.006959218997508287, 0.01749878190457821, 0.0375361405313015, 0.06018958240747452, 0.0195063017308712, -0.03283428028225899, 0.0023118287790566683, -0.015994392335414886, 0.03663843125104904, 0.021610872820019722, -0.03054521232843399, -0.049646999686956406, -0.033989716321229935, 0.034767452627420425, -0.022483740001916885, -0.008011369034647942, 0.014993356540799141, -0.07122554630041122, -0.005202885251492262, 0.041445352137088776, -0.0035602108109742403, 0.0364135280251503, -0.008182317018508911, 0.030766062438488007, -0.03798745945096016, 0.019517647102475166, -0.019645333290100098, -0.058544471859931946, -0.016876673325896263, 0.0319049134850502, -0.044646427035331726, -0.04592006653547287, -0.015893414616584778, -0.06630650162696838, -0.007347512058913708, 0.025205206125974655, -0.038758691400289536, 0.009595559909939766, -0.019818639382719994, -0.03234143182635307, -0.01629883609712124, -0.06875962018966675, 0.027324629947543144, -0.009094992652535439, 0.008181532844901085, -0.01486603356897831, -0.008233952336013317, 0.015039356425404549, 0.02127506025135517, -0.006404017098248005, 0.010974167846143246, 0.00415660347789526, 0.031767480075359344, 0.04578322917222977, 0.017215821892023087, 0.036147646605968475, -0.04797719419002533, 0.015900619328022003, -0.009705625474452972, -0.0035324497148394585, -0.03594319149851799, 0.03109562397003174, -0.016443178057670593, -0.007945360615849495, 0.0030181114561855793, -0.003912751562893391, -0.004892259836196899, 0.02080530859529972, -0.03172321617603302, 0.044828373938798904, 0.025282658636569977, -0.037235260009765625, -0.05834799259901047, 0.006136392708867788, -0.011551338247954845, -0.030172063037753105, -0.020714543759822845, -0.020329557359218597, 0.025304220616817474, -0.03296530991792679, 0.003924904391169548, 0.027160318568348885, 0.025099478662014008, -0.02090609259903431, -0.019123349338769913, -0.034202802926301956, 0.00530222849920392, -0.004687733482569456, 0.00596235366538167, -0.00828144233673811, 0.003376038745045662, 0.04732116684317589, 0.011367477476596832, 0.006273188162595034, 0.013612322509288788, -0.004081074148416519, 0.0023856153711676598, -0.030115807428956032, -0.010812219232320786, 0.03489319607615471, -0.03107193112373352, 0.006233597174286842, 0.05403732880949974, -0.0007299290155060589, -0.02859536185860634, 0.10843933373689651, 0.026137616485357285, -0.05453251302242279, 0.0624917596578598, 0.05230490863323212, 0.005217243451625109, 0.04707570746541023, 0.0234351996332407, -0.016246432438492775, -0.050793785601854324, 0.03491877019405365, -0.02494060806930065, -0.031561050564050674, 0.00229343818500638, 0.050118446350097656, 0.0023965067230165005, -0.021899502724409103, -0.020056510344147682, 0.01331146340817213, -0.1468145102262497, -0.016282929107546806, 0.0039909472689032555, 0.0038140714168548584, 0.02175908349454403, 0.030525056645274162, -0.04920048266649246, -0.03835475444793701, -0.007410240359604359, 0.05139152705669403, -0.013876862823963165, -0.0508015975356102, 0.03413202986121178, -0.0261386688798666, -0.01833006553351879, 0.005381807219237089, 0.004262872505933046, 0.010990368202328682, 0.007291865069419146, -0.004041867796331644, -0.03592836856842041, -0.04084977135062218, 0.027402492240071297, -0.04310334101319313, -0.0022121260408312082, -0.026664918288588524, 0.026098694652318954, 0.01576497219502926, -0.045779913663864136, 0.012428046204149723, -0.02297486923635006, -0.02750847488641739, 0.0032107417937368155, -0.015126025304198265, 0.014742241241037846, 0.03229228034615517, 0.009247241541743279, -0.007066854275763035, -0.009933981113135815, -0.016414320096373558, 0.05215468630194664, -0.01192002184689045, -0.027045339345932007, -0.02930741384625435, 0.0004217543755657971, -0.03790295124053955, 0.044658951461315155, 0.0030584707856178284, 0.0038424006197601557, -0.030510490760207176, 0.014897691085934639, 0.043429795652627945, -0.001776974881067872, 0.015306082554161549, -0.04260879009962082, 0.034984104335308075, 0.02486324869096279, 0.06250907480716705, 0.004360524006187916, -0.007570388726890087, -0.00397261418402195, -0.021337799727916718, 0.024043409153819084, -0.013394718989729881, -0.02630065754055977, -0.02405414544045925, 0.06329192221164703, -0.015551969408988953, 0.02241627871990204, -0.07086528837680817, -0.008537312969565392, -0.03589615970849991, 0.008970074355602264, -0.013272495940327644, -0.011644318699836731, -0.02028942108154297, 0.037706408649683, -0.015532090328633785, -0.02971133403480053, -0.08183859288692474, 0.018702182918787003, 0.0011460500536486506, 0.0029671357478946447, 0.04726623743772507, -0.036942463368177414, -0.025997336953878403, 0.03044135496020317, -0.02919650636613369, 0.013877738267183304, 0.2183704972267151, 0.028168752789497375, 0.03949080407619476, 0.033547110855579376, 0.06564849615097046, -0.06047751009464264, -0.010288648307323456, 0.04559727758169174, 0.027756892144680023, -0.036676179617643356, 0.0062051452696323395, -0.006062218453735113, 0.011940745636820793, -0.018775513395667076, 0.042131584137678146, 0.008652200922369957, -0.007108557038009167, 0.06519720703363419, 0.03563568368554115, -0.040433499962091446, 0.04030338674783707, -0.01578431949019432, 0.047545116394758224, 0.0109572634100914, -0.04117279872298241, 0.039248958230018616, -0.0001079021385521628, -0.04298971965909004, -0.027146128937602043, -0.007792203221470118, -0.027021387591958046, 0.03642841801047325, 0.048447031527757645, -0.06745588034391403, 0.0302988663315773, -0.035666972398757935, 0.038702499121427536, -0.025196686387062073, -0.01725994609296322, 0.0274569820612669, -0.01744784601032734, 0.03218471631407738, 0.03158116340637207, -0.001737962244078517, 0.016206786036491394, 0.01005229540169239, -0.003761767642572522, -0.022701887413859367, 0.024921556934714317, -0.030144812539219856, -0.009086458012461662, -0.03232564032077789, -0.01680772751569748, 0.017868921160697937, -0.0018897848203778267, -0.02070036344230175, -0.01614212989807129, 0.029634669423103333, -0.026856862008571625, 0.030406596139073372, 0.00698305806145072, 0.039324384182691574, -0.010904398746788502, 0.0157746821641922, -0.014869672246277332, -0.007814297452569008, 0.01614014431834221, -0.0434795543551445, 0.018523462116718292, 0.05689932405948639, 0.004203156568109989, 0.02717784233391285, -0.011702340096235275, 0.00012938839790876955, -0.011606158688664436, -0.07716690748929977, 0.03425786271691322, 0.0360519178211689, -0.03333888202905655, 0.044256772845983505, -0.01464191172271967, 0.01873072423040867, -0.04627940431237221, 0.007417719811201096, 0.025633610785007477, -0.027813244611024857, 0.026824960485100746, 0.05287450551986694, -0.025079596787691116, -0.012920742854475975, 0.005436161998659372, -0.008935189805924892, -0.02269444428384304, 0.04690033569931984, -0.008019578643143177, 0.043124906718730927, 0.004182203207165003, 0.010841749608516693, -0.04036514088511467, 0.01600681059062481, -0.013963498175144196, -0.013773501850664616, -0.02451387047767639, -0.05858815088868141, 0.051196690648794174, -0.04982785880565643, 0.019357480108737946, 0.015253559686243534, -0.02319309115409851, 0.037645962089300156, -0.0326145775616169, 0.002296728314831853, 0.028231792151927948, -0.025072898715734482, -0.012353705242276192, 0.0013863518834114075, 0.022658955305814743, -0.007573345676064491, 0.038958754390478134, 0.0038102613762021065, -0.002017449354752898, 0.03724096342921257, -0.017254093661904335, 0.00721511198207736, 0.034046124666929245, -0.04417187720537186, 0.0013757477281615138, 0.01910792663693428, -0.06492001563310623, 0.005113808438181877, 0.0026933324988931417, -0.027875179424881935, -0.039355020970106125, 0.017826830968260765, 0.0008234114502556622, 0.008631039410829544, 0.027767110615968704, 0.020617680624127388, -0.014474881812930107, 0.006902351044118404, -0.03727079555392265, -0.042601849883794785, -0.008898786269128323, 0.020311318337917328, 0.02410980872809887, 0.042386494576931, -0.02678505890071392, -0.0069953505881130695, -0.0203253086656332, 0.03548204526305199, 0.0557088740170002, 0.06311573833227158, 0.022062530741095543, -0.027410496026277542, -0.012416305020451546, -0.08986180275678635, 0.002851663390174508, -0.01955368183553219, -0.024074524641036987, -0.0010574284242466092, 0.04332051798701286, 0.02658430114388466, 0.02571120299398899, 0.024425266310572624, -0.010800505056977272, 0.0033779493533074856, -0.022191403433680534, 0.01080777682363987, -0.06627761572599411, -0.014598323963582516, -0.038532841950654984, -0.0630468875169754, -0.03464740142226219, 0.04984869435429573, -0.02072213403880596, 0.020486880093812943, -0.08997613191604614, -0.013310430571436882, -0.012478047050535679, -0.04384737089276314, -0.022964678704738617, -0.011711033061146736, -0.08142691850662231, 0.0010949386050924659, 0.051567498594522476, -0.025301996618509293, 0.01415526308119297, -0.03031216561794281, 0.0645049437880516, -0.018989870324730873, -0.04536474868655205, 0.09618658572435379, -0.024734213948249817, -0.009741592220962048, 0.04561161994934082, -0.01685108244419098, 0.03747721388936043, 0.0019474641885608435, -0.01777743734419346, -0.0058941468596458435, -0.004124255385249853, -0.02335655316710472, -0.036479800939559937, 0.058745115995407104, 0.005898871459066868, -0.010967723093926907, -0.007353814318776131, 0.033116910606622696, -0.04684377834200859, 0.029208794236183167, 0.036319345235824585, 0.03332889452576637, -0.030412165448069572, -0.0012984819477424026, 0.03064860962331295, -0.05156012997031212, 0.06088675558567047, 0.018294308334589005, 0.022521816194057465, -0.0161428302526474, -0.026114176958799362, 0.015110420994460583, 0.02616923488676548, -0.03967086970806122, 0.012929828837513924, 0.011283460073173046, 0.025118965655565262, -0.03822898119688034, 0.013960574753582478, -0.02659769169986248, -0.010813047178089619, 0.006672276649624109, 0.028919968754053116, 0.0005505181616172194, 0.009852045215666294, 0.02365901879966259, -0.014835553243756294, 0.012785842642188072, 0.032119523733854294, -0.034365009516477585, 0.04327566176652908, -0.03969187289476395, 0.06247895583510399, 0.01393396407365799, 0.002561498899012804, 0.054518088698387146, 0.006762680131942034, -0.04792587086558342, -0.010386886075139046, 0.004597847815603018, 0.027250969782471657, -0.01112704910337925, 0.030625326558947563, -0.010564560070633888, 0.026145290583372116, 0.008693104609847069, -0.01138607319444418, 0.005878012627363205, -0.04427095875144005, -0.018043983727693558, -0.050298187881708145, 0.05258232727646828, -0.014101964421570301, 0.004430915229022503, -0.012611429207026958, -0.013312464579939842, 0.011339975520968437, -0.0896240770816803, -0.02347734570503235, -0.03679216653108597, 0.0013508419506251812, 0.0020315879955887794, -0.025816166773438454, -0.00868526753038168, 0.03750235587358475, 0.02214578539133072, -0.008948307484388351, 0.01986807957291603, 0.050108402967453, -0.016117911785840988, -0.005838029086589813, -0.03338150680065155, -5.077754394733347e-05, 0.03348779305815697, 0.026984326541423798, 0.020580558106303215, 0.0287136510014534, 0.023798178881406784, -0.0062777516432106495, -0.04108031466603279, 0.05015728250145912, -0.026015454903244972, -0.050193190574645996, 0.0025761357974261045, -0.01727471500635147, 0.02300199121236801, -0.019598040729761124, 0.017582371830940247, 0.007410549558699131, 0.016903698444366455, -0.006247402634471655, -0.00508988369256258, -0.0073727797716856, -0.014809503220021725, -0.02364543080329895, 0.0334700271487236, 0.015482833608984947, 0.03117215260863304, 0.008886157535016537, 0.007839157246053219, -0.013162371702492237, -0.06764405965805054, 0.006998869590461254, 0.023015428334474564, 0.008158992044627666, 0.0168941468000412, 0.06924744695425034, -0.018729526549577713, -0.004481913056224585, -0.011560054495930672, -0.007959295064210892, -0.00527910515666008, -0.024101389572024345, -0.05135081708431244, -0.030574576929211617, -0.0013999975053593516, 0.029586637392640114, -0.0001127388677559793, -0.006320931948721409, -0.01611812599003315, -0.028446810320019722, -0.00011138999252580106, -0.021256957203149796, -0.023894809186458588, 0.007263220380991697, 0.031147515401244164, 0.016822993755340576, -0.04968097805976868, 0.010539797134697437, 0.028356365859508514, -0.007189641706645489, -0.04761124774813652, 0.04912739247083664, -0.04689694568514824, -0.025722086429595947, -0.07153848558664322, -0.009723559953272343, 0.013848042115569115, -0.04127504304051399, -0.0037842229939997196, -0.0005103130242787302, -0.04684757441282272, 0.004553351551294327, -0.05143661051988602, -0.04054475575685501, 0.00015834120858926326, 0.010886152274906635, -0.019526226446032524, 0.0037530672270804644, 0.02712273597717285, -0.03746616095304489, 0.03556123748421669, -0.046022143214941025, -0.00010710636706789955, 0.026949742808938026, 0.021359706297516823, -0.004107359796762466, -0.03212492913007736, -0.02072235383093357, -0.007888246327638626, 0.012987134046852589, -0.04030384123325348, 0.035277318209409714, -7.883518264861777e-05, 0.014280647970736027, 0.0020150630734860897, -0.016734246164560318, -0.000738957547582686, -0.008567076176404953, 0.02082730457186699, -0.016221489757299423, -0.0006816678214818239, -0.026711713522672653, -0.029975855723023415, -0.007240717764943838, -0.03267000988125801, -0.05412524938583374, 0.01638597995042801, -0.005522831808775663, 0.033205460757017136, -0.01339613925665617, 0.007875638082623482, -0.014715107157826424, 0.04118640720844269, -0.13406537473201752, 0.019912539049983025, -0.0061342460103333, 0.03101200796663761, 0.003019425319507718, 0.013090652413666248, 0.0039125061593949795, -0.04345943033695221, 0.03872675448656082, -0.05363434553146362, -0.0737307071685791, -0.08500093966722488, 0.019265804439783096, -0.023219287395477295, 0.03071051463484764, 0.03547880798578262, -0.00722383800894022, 0.007586774881929159, -0.03124336525797844, -0.014863165095448494, -0.019098486751317978, -0.005989261902868748, 0.027467502281069756, -0.020225804299116135, 0.017783770337700844, 0.0011714340653270483, 0.014895942062139511, -0.012851107865571976, 0.0049553001299500465, -0.02628234028816223, -0.005878108087927103, 0.012015747837722301, -0.009278767742216587, 0.030581656843423843, 0.0022903757635504007, 0.020899498835206032, 0.015993408858776093, -0.0009118759189732373, 0.015348323620855808, 0.04087402671575546, 0.017645401880145073, 0.006619177758693695, 0.010219688527286053, -0.02235119603574276, 0.025155607610940933, 0.057654645293951035, -0.017603853717446327, -0.0302809476852417, -0.020950965583324432, 0.020875172689557076, 0.032114963978528976, 0.008349057286977768, -0.011745921336114407, 0.012054688297212124, -0.012829035520553589, 0.0037361702416092157, -0.022399310022592545, -0.025218337774276733, -0.07762403041124344, 0.021647097542881966, -0.017993032932281494, -0.01851707510650158, -0.014260411262512207, -0.022967608645558357, -0.0007426125812344253, 0.024946559220552444, -0.06906984001398087, 0.01640705019235611, 0.013592238537967205, -0.012592025101184845, -0.015316165052354336, -0.07351262867450714, -0.022192813456058502, -0.04094592109322548, 0.016685787588357925, 0.022895416244864464, 0.033832333981990814, -0.01352800615131855, -0.024654069915413857, 0.0026189256459474564, -0.03490791842341423, -0.012770725414156914, -0.04355619475245476, 0.06523818522691727, 0.04531276226043701, 0.024894122034311295, -0.004653154406696558, 0.00245094345882535, -0.029929503798484802, -0.02712113782763481, -0.04307154193520546, -0.026253899559378624, 0.0012937600258737803, 0.009376022964715958, 0.0007241661078296602, 0.028951361775398254, 0.007882197387516499, 0.019708551466464996, 0.04001549258828163, -0.04935159534215927, -0.027093665674328804, -0.010065522976219654, 0.0027514363173395395, -0.009817172773182392, -0.018401531502604485, 0.02173466607928276, 0.03811530023813248, -0.003509338479489088, 0.008867624215781689, -0.014351618476212025, -0.007524807006120682, 0.023250114172697067, -0.05842551216483116, 0.0031768486369401217, -0.054891861975193024, -0.019034693017601967, -0.0007669708575122058, 0.01933969371020794, 0.006824115756899118, 0.026015261188149452, 0.0306696854531765, -0.016306718811392784, 0.007586992345750332, -0.02312895469367504, 0.04474137723445892, 0.001541206263937056, 0.05575764924287796, 0.03515809029340744, -0.024948865175247192, -0.0032981080003082752, 0.004838957451283932, -0.06737884879112244, -0.012090264819562435, 0.01571461372077465, 0.014700869098305702, 0.024766312912106514, 0.0161863062530756, 0.04939190298318863, -0.03802284225821495, 0.0008307792595587671, -0.005901758559048176, -0.01668458990752697, 0.024514831602573395, -0.02561555616557598, 0.0072975605726242065, -0.014100986532866955, 0.04488299414515495, -0.005706743337213993, -0.02331562712788582, -0.0421847440302372, -0.021751638501882553, 0.006938862148672342, 0.006025040987879038, 0.019110439345240593, 0.0019749493803828955, 0.03936781361699104, 0.008980081416666508, -0.0021717629861086607, -0.0010154542978852987, 0.006709261331707239, -0.016383979469537735, -0.0900878831744194, -0.0021465530153363943, -0.014540225267410278, 0.009532713331282139, -0.030264679342508316, -0.014524986036121845, 0.013890923000872135, -0.007120198104530573, 0.029952852055430412, -0.0076956981793046, 0.02954952046275139, -0.014244932681322098, 0.02564312517642975, 0.02413361147046089, 0.002557315630838275, 0.02232751064002514, 0.017824966460466385, 0.060424644500017166, -0.03564373403787613, 0.024757253006100655, -0.01765436865389347, 0.01671595312654972, 0.0045361872762441635, 0.019154570996761322, -0.0202702097594738, 0.0067011089995503426, 0.006278341636061668, 0.03687473386526108, -0.025587499141693115, -0.05472322925925255, -0.0183162372559309, -0.01691315323114395, 0.0009767384035512805, 0.03273262828588486, 0.005621744319796562, -0.01936560869216919, -0.029722822830080986, 0.007932999171316624, 0.021204805001616478, 0.054071828722953796, -0.014917537569999695, 0.03803085908293724, -0.005375107284635305, -0.004294327460229397, 0.039583295583724976, 0.007101882714778185, 0.028753528371453285, -0.002456310670822859, -0.004302166402339935, -0.048958539962768555, -0.00923248566687107, 0.017737489193677902, 0.022191956639289856, 2.9431252187350765e-05, -0.04840020090341568, 0.032460808753967285, 0.03909457102417946, 0.005685373209416866, 0.008345374837517738, 0.05412270873785019, 0.033696290105581284, -0.008009016513824463, -0.06826794147491455, -0.05915800482034683, -0.012057173997163773, -0.0029611564241349697, 0.032576337456703186, 0.0006714746123179793, 0.02861856110394001, -0.03456639125943184, -0.03355460986495018, -0.038278743624687195, 0.002077715704217553, 0.02789836935698986, 0.028429079800844193, -0.01019964274019003, 0.04145825654268265, -0.051716148853302, 0.010944029316306114, 0.050225332379341125, 0.03316663205623627, -0.0003920076705981046, 0.012172327376902103]",,
15_1_0_errors_inline_script_id_mdx_section_2,section,15_1_0_errors_inline_script_id_mdx,Inline script id - Why This Error Occurred,,{},15.1.0,"`` components with inline content require an `` attribute to be defined to track and optimize the script.
",,"[(np.int64(180), np.float64(0.03812533617019653)), (np.int64(238), np.float64(0.032220546156167984)), (np.int64(297), np.float64(0.018854346126317978)), (np.int64(360), np.float64(0.13930268585681915)), (np.int64(2256), np.float64(0.25457999110221863)), (np.int64(3293), np.float64(0.1551092565059662)), (np.int64(3447), np.float64(0.2552845776081085)), (np.int64(26499), np.float64(0.2762758731842041)), (np.int64(44084), np.float64(0.16578903794288635)), (np.int64(64240), np.float64(0.11459130793809891)), (np.int64(212059), np.float64(0.2580278217792511))]","[-0.029973018914461136, -0.009946074336767197, -0.03796100616455078, 0.038508590310811996, -0.01663096249103546, -0.02560996264219284, 0.004119288641959429, 0.008750177919864655, -0.014684565365314484, 0.02381344512104988, -0.012856777757406235, -0.01791117899119854, -0.004368327558040619, 0.01811828650534153, 0.022695625200867653, 0.02340114302933216, 0.047883789986371994, -0.004403416998684406, 0.04816584289073944, -0.027964167296886444, -0.015942513942718506, -0.03290300443768501, 0.0018625406082719564, -0.004883793648332357, -0.011519258841872215, 0.034764230251312256, -0.013765576295554638, -0.0026383688673377037, 0.03541816398501396, 0.048463959246873856, 0.0159757062792778, -0.03304527699947357, 0.012902895919978619, -0.0028510154224932194, -0.02595996856689453, -0.025609038770198822, -0.009792492724955082, 0.010238615795969963, -0.01980329118669033, 0.027312321588397026, -0.013182386755943298, -0.014025837182998657, -0.017774593085050583, -0.03927656263113022, 0.014745316468179226, -0.037272583693265915, 0.011870061978697777, -0.03884804993867874, -0.007818364538252354, -0.0045266603119671345, 0.0028865376953035593, -0.027933292090892792, -0.020911214873194695, -0.04137153923511505, 0.03933028504252434, 0.019868558272719383, -0.06833131611347198, -0.020883632823824883, -0.0437336303293705, 0.0053482744842767715, -0.02502884902060032, -0.017265433445572853, -0.028689252212643623, 0.02188306674361229, -0.00814811047166586, 0.021476320922374725, -0.004731624387204647, -0.007832727394998074, -0.0031545497477054596, -0.054314885288476944, 0.008838633075356483, 0.018627328798174858, -0.04584762454032898, -0.0026264258194714785, -0.05861480534076691, 0.04554815962910652, 0.03199254721403122, -0.05100618302822113, -0.05060916393995285, 0.0306010153144598, -0.01841551437973976, -0.04280176758766174, 0.017563683912158012, 0.004353304393589497, 0.024909622967243195, -0.0057138423435389996, -0.024844877421855927, 0.021453045308589935, 0.013627368025481701, 0.015474666841328144, -0.008457462303340435, -0.019734574481844902, 0.07106722891330719, -0.029453380033373833, -0.017975613474845886, -0.0477212518453598, 0.00011248255032114685, 0.02007998526096344, 0.036160871386528015, -0.004543442279100418, 0.005509188864380121, 0.009233184158802032, 0.03277135267853737, -0.01634613424539566, 0.051711563020944595, -0.021177619695663452, 0.015805404633283615, 0.016687974333763123, 0.03428277373313904, -0.02680075727403164, 0.0009225426474586129, 0.053660523146390915, -0.008443966507911682, 0.0008836938650347292, 0.0027587071526795626, -0.03055833838880062, 0.021815774962306023, -0.013177292421460152, 0.055323969572782516, -0.0028501476626843214, 0.0512322373688221, 0.03898250684142113, -0.011821459978818893, -0.04485463723540306, 0.0019417440053075552, -0.0011853266041725874, 0.011310604400932789, 0.042783744633197784, -0.01316963229328394, 0.0076378812082111835, -0.008014271967113018, 0.03831789270043373, -0.017984014004468918, -0.0121458163484931, -0.05596344918012619, -0.029164757579565048, 0.03311290591955185, 0.05991489440202713, -0.011894945986568928, -0.051866717636585236, 0.030873306095600128, 0.015025571919977665, -0.016682647168636322, -0.049248360097408295, 0.03742947801947594, -0.03343161568045616, 0.0079185264185071, 0.03211506828665733, -0.021518472582101822, -0.060645900666713715, -0.00954610388725996, 0.044446323066949844, 0.0064272829331457615, -0.007285581901669502, -0.0025080705527216196, -0.026124456897377968, 0.02378874272108078, 0.026400884613394737, 0.017655806615948677, 0.04361209645867348, -0.0028941454365849495, -0.034740760922431946, 0.008554669097065926, 0.006776473019272089, 0.0499863363802433, -0.01950545608997345, 0.03632696717977524, 0.026429563760757446, -0.02696215733885765, -0.023259013891220093, 0.01242685317993164, -0.023790016770362854, -0.005441512446850538, 0.010958059690892696, 0.0417712964117527, 0.021448472514748573, 0.06651969999074936, 0.013068927451968193, -0.027987247332930565, -0.016695216298103333, -0.019104160368442535, 0.0018400282133370638, 0.025735430419445038, 0.0074556139297783375, -0.024060728028416634, -0.03107316419482231, 0.02881203591823578, -0.014459839090704918, -0.002971929730847478, -0.001757749356329441, -0.020028337836265564, -0.008405979722738266, 0.009505271911621094, 0.01224841084331274, 0.055681321769952774, -0.007690431550145149, 0.031351689249277115, -0.004070820286870003, 0.016520097851753235, -0.015583772212266922, -0.015936050564050674, -0.0009934945264831185, 0.012149985879659653, -0.05713596194982529, -0.038154177367687225, 0.021492134779691696, -0.08035781234502792, -0.010364232584834099, 0.011821041814982891, -0.0191053356975317, 0.03591872379183769, -0.01036747731268406, -0.029717622324824333, -0.020723506808280945, -0.0563722662627697, 0.0012694064062088728, -0.016333818435668945, 0.016074543818831444, -0.024886295199394226, -0.05717310309410095, 0.00020340067567303777, 0.011927178129553795, 0.021066850051283836, 0.03031451255083084, 0.028408445417881012, -0.007895753718912601, 0.028601093217730522, 0.020068028941750526, 0.03412674739956856, -0.035121019929647446, 0.01272767223417759, 0.020397614687681198, -0.024047696962952614, 0.006440260447561741, 0.030540285632014275, -0.017367590218782425, 0.008536322973668575, 0.016314135864377022, 0.0028214778285473585, -0.021498601883649826, 0.020051905885338783, -0.005973368417471647, 0.05920834094285965, 0.0029056400526314974, -0.024578364565968513, -0.06519696116447449, -0.04084204509854317, -0.010247033089399338, -0.019692961126565933, -0.016790874302387238, -0.0011656522983685136, 0.01997111178934574, -0.026664461940526962, -0.009926517494022846, 0.025219934061169624, 0.00976948719471693, 0.012442379258573055, 0.009962694719433784, -0.022984303534030914, -0.021294569596648216, 0.01930997148156166, 0.017921151593327522, 0.027524258941411972, 0.01855599321424961, 0.039723530411720276, 0.003124592127278447, 0.019422641023993492, -0.021146230399608612, 0.01973491534590721, 0.01552412286400795, -0.0031712199561297894, -0.04043547436594963, 0.04523488134145737, 0.0009935855632647872, 0.014448233880102634, 0.03901398926973343, -0.013670885935425758, -0.02250131033360958, 0.07916320115327835, 0.01229767594486475, -0.028042109683156013, 0.05666298046708107, 0.023439332842826843, -0.023452751338481903, 0.062387239187955856, 0.0054343827068805695, -0.02959277853369713, -0.026778019964694977, 0.006662730127573013, -0.040778208523988724, -0.028602641075849533, -0.0033246674574911594, 0.06743445247411728, 0.00799936056137085, -0.012264926917850971, -0.01663161814212799, -0.0026496625505387783, -0.16134850680828094, 0.004655837547034025, -0.021596571430563927, 0.04277481883764267, 0.0188025813549757, 0.02076510153710842, -0.03349225968122482, -0.0284732598811388, 0.0036736540496349335, 0.06049127131700516, -0.019950082525610924, -0.07058575749397278, 0.035853106528520584, -0.0327477864921093, 0.020159035921096802, 0.0010770036606118083, 0.0037264497950673103, 0.019922006875276566, -0.026361700147390366, 0.01013522781431675, -0.038653675466775894, -0.03155937418341637, 0.04331231862306595, -0.036674000322818756, 0.031476810574531555, -0.03177995607256889, 0.00048576618428342044, 0.054003871977329254, -0.04849320277571678, 0.0063051460310816765, -0.01970859058201313, 0.024250376969575882, -0.0019133728928864002, -0.001839321106672287, -0.005934314802289009, -0.008483322337269783, 0.01942906528711319, -0.006590649019926786, 0.010332495905458927, 0.005007205996662378, 0.06649606674909592, -0.005817425437271595, 0.012583380565047264, 0.013702340424060822, -0.012790989130735397, -0.06652788817882538, 0.012661921791732311, -0.01610489934682846, -0.03302304446697235, -0.012461484409868717, 0.036156557500362396, -0.012155208736658096, 0.003736163256689906, 0.0010211542248725891, -0.06994614005088806, 0.01531087514013052, 0.045423977077007294, 0.018584808334708214, 0.010885908268392086, 0.05833804979920387, -0.018878525123000145, -0.00642772763967514, 0.03231930732727051, -0.02724538743495941, -0.030126025900244713, -0.03730352222919464, 0.06199432536959648, -0.013037430122494698, 0.03357362374663353, -0.038792651146650314, -0.005157038569450378, -0.004546002484858036, 0.037659332156181335, 0.036503586918115616, -0.007900123484432697, 0.0018262402154505253, 0.043551553040742874, 0.0008097115787677467, -0.027815649285912514, -0.05240193009376526, 0.01775500737130642, -0.011355485767126083, 0.028534848242998123, 0.05462567135691643, -0.01235191896557808, -0.07053875178098679, 0.035974547266960144, 0.018366415053606033, 0.009593739174306393, 0.2490895390510559, -0.015250660479068756, 0.012643564492464066, 0.02158387191593647, 0.059506747871637344, -0.027530765160918236, -0.00832789484411478, 0.04727242514491081, -0.01663012057542801, -0.031554169952869415, -0.001945188269019127, 0.0174619909375906, 0.0262873787432909, -0.03755274787545204, 0.022209996357560158, -0.02205175906419754, -0.05003305524587631, 0.009967450983822346, 0.046544164419174194, 0.011001832783222198, 0.0298954788595438, -0.0380055196583271, 0.05581565201282501, 0.02004626765847206, -0.03976701200008392, 0.004561042878776789, -0.006362009793519974, -0.03666117787361145, -0.0047845058143138885, 0.01190110668540001, -0.03732726722955704, 0.01172955334186554, 0.040000274777412415, -0.04110051691532135, -0.01770031824707985, -0.031009351834654808, 0.04613589867949486, -0.00908342283219099, -0.013870034366846085, 0.01014747191220522, -0.021164515987038612, 0.0024645307566970587, -0.03514409810304642, -0.05527700111269951, 0.011601499281823635, -0.02566489204764366, 0.028296485543251038, -0.040261466056108475, 0.0014805812388658524, -0.010903636924922466, 0.011859525926411152, -0.02497192658483982, -0.008485344238579273, -0.008069724775850773, 0.028664061799645424, -0.01517866738140583, 0.0015740959206596017, 0.06364019960165024, -0.0272492878139019, 0.03045404516160488, 0.06257884949445724, 0.01965864561498165, 0.009584305807948112, 0.004096165299415588, 0.00291428086347878, 0.027771716937422752, -0.03129308670759201, -0.05231330543756485, 0.03742128610610962, 0.020545240491628647, -0.003760476130992174, 0.029794905334711075, -0.011609374545514584, 0.003794099437072873, -0.0009143557981587946, -0.019391633570194244, 0.027410706505179405, 0.02357359789311886, -0.02460871823132038, 0.003875334979966283, -0.0667748972773552, -0.025621159002184868, -0.025504417717456818, -0.022539962083101273, 0.01300786156207323, -0.03785320371389389, -0.02756846882402897, 0.0537666454911232, -0.0353843979537487, -0.0005048414459452033, -0.00510885426774621, -0.008191216737031937, -0.04124106466770172, -0.008515303023159504, -0.03156724572181702, 0.0402788370847702, -0.004495096392929554, -0.011599281802773476, -0.0518973246216774, -0.0003313564811833203, -0.010915596038103104, -0.011753658764064312, -0.025453897193074226, -0.036475855857133865, 0.09871981292963028, -0.01852402091026306, -0.004667562898248434, 0.019412050023674965, -0.023635059595108032, 0.03159166872501373, 0.008265024982392788, 0.02768215909600258, 0.0013695762027055025, 0.005939262453466654, -0.011851378716528416, 0.03557208180427551, 0.00924843829125166, 0.039633218199014664, 0.03807741776108742, 0.001876814174465835, -0.024409636855125427, 0.0334320031106472, 0.0033853629138320684, -0.013142922893166542, -0.011289121583104134, -0.05048937723040581, 0.0004921306390315294, 0.0005957134417258203, -0.047078508883714676, 0.03064996935427189, 0.012702262960374355, -0.028080616146326065, -0.010870501399040222, 0.02808082103729248, 0.0435313880443573, -0.009030882269144058, 0.002958767581731081, 0.00454449187964201, 0.012052509933710098, -0.001183719839900732, -0.03581520542502403, -0.05927785485982895, -0.0385279580950737, 0.026395689696073532, 0.0098807942122221, -0.012908471748232841, -0.034122586250305176, 0.003640616312623024, -0.040346305817365646, 0.025532880797982216, 0.049922335892915726, 0.060586947947740555, 0.05380479618906975, -0.05044311285018921, -0.01908506266772747, -0.054597366601228714, -0.008409429341554642, -0.016513768583536148, 0.0036903019063174725, 0.009257462806999683, 0.02649502083659172, 0.04198327288031578, 0.025104215368628502, 0.04319149628281593, -0.0003353901265654713, 0.003235572949051857, -0.01383835170418024, 0.0012683835811913013, -0.0815691277384758, -0.041853148490190506, -0.02554137073457241, -0.04274163022637367, -0.021803664043545723, 0.06317182630300522, -0.007279051933437586, 0.013042603619396687, -0.042876265943050385, 0.041068464517593384, -0.04346074163913727, -0.0334712490439415, 0.0016692387871444225, -0.012719049118459225, -0.0357147641479969, 0.026321828365325928, 0.002928151749074459, -0.03710070252418518, -0.01804949901998043, -0.025695128366351128, 0.059880468994379044, -0.0069078304804861546, -0.03492002561688423, 0.09611309319734573, -0.03773041069507599, -0.034211862832307816, 0.01737634837627411, 0.0017324235523119569, 0.007682968396693468, -0.01551066804677248, -0.017243221402168274, -0.023604990914463997, 0.004909091629087925, -0.03226577863097191, -0.021114477887749672, 0.0017131725326180458, 0.006661248859018087, -0.0003543620405253023, -0.030738534405827522, 0.038047388195991516, -0.03356645256280899, 0.03122687339782715, 0.03832920640707016, 0.022703668102622032, -0.056677620857954025, 0.010114154778420925, 0.014322998002171516, -0.027500398457050323, 0.01723858341574669, 0.02507892996072769, 0.007403123192489147, -0.030045965686440468, -0.030361510813236237, 0.0029006446711719036, 0.008482423610985279, -0.05336017161607742, 0.008664412423968315, 0.0009244914981536567, 0.03929416462779045, -0.03310773894190788, 0.0059885382652282715, -0.031077586114406586, 0.002416085684671998, -0.023521892726421356, -0.016176966950297356, 0.012265344150364399, 0.0035219741985201836, -0.010740005411207676, 0.00911036692559719, 0.024837791919708252, -0.01104707457125187, -0.06970815360546112, 0.03738335147500038, -0.014582711271941662, 0.03181318938732147, 0.02950245514512062, -0.012003134936094284, 0.02932066097855568, 0.005921396426856518, -0.06757509708404541, 0.0218831654638052, -0.008717999793589115, 0.012963339686393738, 0.007846338674426079, 0.007447261828929186, -0.004720197059214115, 0.015784068033099174, -0.014288431964814663, -0.026906456798315048, 0.012435080483555794, -0.02755136229097843, -0.02332618087530136, -0.0479302741587162, 0.04434223473072052, 0.0012445045867934823, -0.01190218236297369, -0.014015119522809982, -0.010663492605090141, -0.0004224019357934594, -0.046878404915332794, -0.02652839757502079, -0.024751942604780197, 0.01607539691030979, 0.006748544983565807, -0.0190105177462101, -0.034022118896245956, 0.03861875832080841, 0.00605669803917408, -0.046198613941669464, 0.01849052496254444, 0.013053436763584614, 0.0008087911992333829, -0.01551602128893137, 0.04668357968330383, -0.009349730797111988, -0.0010750513756647706, 0.01852882280945778, 0.020623087882995605, 0.005196590442210436, -0.006861008703708649, 0.027274640277028084, -0.06149011850357056, 0.032383933663368225, 0.0016252824570983648, -0.020268533378839493, 0.009927554987370968, -0.055412691086530685, 0.018018554896116257, -0.041356898844242096, 0.009599631652235985, -0.00902966596186161, -0.016493430361151695, -0.008287794888019562, 0.030685342848300934, -0.001524246297776699, -0.04385838657617569, 0.04149165377020836, 0.03772120177745819, 8.788348350208253e-05, 0.008812972344458103, 0.028362389653921127, 0.022100159898400307, -0.010820319876074791, -0.04486629366874695, -0.008790518157184124, 0.04915015399456024, -0.013905428349971771, 0.0002798112400341779, 0.07312009483575821, -0.002592595759779215, 0.020883452147245407, -0.014764000661671162, -0.05799870565533638, -0.0016952502774074674, -0.016034912317991257, -0.043449245393276215, -0.04583561047911644, -0.0011105446610599756, 0.006229394115507603, 0.004399854689836502, -0.026585018262267113, 0.022816697135567665, -0.009935537353157997, -0.03722847253084183, 0.0007628166931681335, -0.01776442676782608, 0.047355588525533676, 0.025461044162511826, 0.030777093023061752, -0.04468207433819771, 0.07584846019744873, 0.03180905804038048, -0.003212226554751396, -0.04188847169280052, 0.04340571537613869, -0.035889457911252975, 0.01568387635052204, -0.10080789029598236, -0.0010723917512223125, -0.0026678021531552076, 0.01147518865764141, 0.0026532558258622885, -0.0031752430368214846, -0.01351848989725113, -0.023188835009932518, -0.018720081076025963, -0.02553194761276245, -0.021895447745919228, 0.010349694639444351, -0.012306759133934975, 0.053006988018751144, 0.013863627798855305, -0.041318368166685104, 0.04079841822385788, -0.045667678117752075, -0.004145710729062557, 0.03057902120053768, 0.024303315207362175, 0.032737236469984055, -0.026018377393484116, 0.0035562817938625813, -0.01325189508497715, -0.01570199429988861, -0.033427804708480835, 0.029827289283275604, 0.03054063394665718, 0.013582870364189148, 0.02384958043694496, -0.00892226118594408, 0.006117457058280706, 0.016590813174843788, -0.012189768254756927, -0.020141271874308586, -0.015779029577970505, -0.03765740618109703, -0.015420565381646156, 0.04615967720746994, -0.03547642379999161, -0.03850405663251877, 0.008850518614053726, 0.017433732748031616, 0.010837185196578503, -0.012162690982222557, 0.0005470397300086915, -0.03220604732632637, 0.0037581182550638914, -0.16682519018650055, 0.02858196571469307, -0.015075627714395523, 0.002838829066604376, -0.022067762911319733, 0.030672812834382057, -0.012986816465854645, -0.010336366482079029, 0.007356945890933275, -0.06307132542133331, -0.06727997213602066, -0.06868233531713486, 0.010395948775112629, -0.036735713481903076, 0.0047834343276917934, 0.02984236553311348, -0.02201198972761631, -0.013785080052912235, -0.008359394036233425, 0.01917296275496483, -0.01308942586183548, -0.020129287615418434, -0.007254078518599272, -0.02198980376124382, 0.03200008347630501, -0.0036949855275452137, -0.02208564430475235, -0.030653392896056175, -0.020100293681025505, -0.05898504704236984, 0.012377937324345112, 0.02429504133760929, 0.016368770971894264, 0.02818302810192108, -0.01451009139418602, 0.009390457533299923, 0.019578419625759125, -0.014293556101620197, -0.0013755019754171371, 0.012497944757342339, 0.027429483830928802, 0.012043415568768978, 0.013552617281675339, -0.0013374878326430917, 0.022496074438095093, 0.0525326207280159, 0.02289889194071293, 0.00024153609410859644, -0.020613957196474075, 0.014840424060821533, -0.023578153923153877, -0.016089748591184616, 0.003907662816345692, 0.03255797550082207, -0.0019326488254591823, -0.013433164916932583, -0.009805591776967049, 0.003131263656541705, -0.055027399212121964, 0.04010770097374916, -0.026444880291819572, -0.0012741137761622667, -0.046678170561790466, -0.021090174093842506, 0.000838165171444416, 0.010156862437725067, -0.07112130522727966, -0.03774969279766083, 0.0036563239991664886, 0.030496029183268547, -0.00788839440792799, -0.007603072561323643, -0.007773843128234148, -0.04088952764868736, 0.023796677589416504, 0.026217391714453697, 0.031094787642359734, 0.017434999346733093, -0.006851968355476856, -0.004760985728353262, -0.01586250029504299, 0.01029051560908556, -0.03231000155210495, 0.08296307921409607, 0.048458535224199295, 0.008667532354593277, -0.02889564447104931, 0.020843444392085075, -0.03599018603563309, -0.03737616166472435, -0.06792333722114563, -0.013461058959364891, 0.021141180768609047, 0.01644776202738285, -0.027908986434340477, 0.03325570374727249, 0.017004484310746193, 0.04126427322626114, 0.03470994532108307, -0.022040633484721184, -0.016898468136787415, -0.023793324828147888, 0.008181658573448658, -0.007553915027529001, -0.04874219372868538, 0.029239345341920853, 0.02598179504275322, -0.010489434003829956, -0.0058372062630951405, 0.0026193405501544476, -0.009517399594187737, 0.03321116045117378, -0.02575196698307991, 0.0048824516125023365, -0.03942487761378288, -0.03789110481739044, 0.04827647656202316, 0.00847445148974657, -0.01719638518989086, 0.04123889282345772, 0.0435468852519989, -0.046156153082847595, 0.018116721883416176, -0.045843351632356644, 0.03277988359332085, 0.036141157150268555, 0.06348904222249985, 0.03932589292526245, -0.03443360701203346, 0.011537855491042137, 0.05068043991923332, -0.0775788202881813, -0.020786866545677185, 0.00987330637872219, 0.014608033932745457, -0.02074723318219185, 0.01534185279160738, 0.06657247990369797, -0.07933670282363892, -0.04060450941324234, 0.0030674210283905268, -0.01482689194381237, 0.039379190653562546, 0.011091148480772972, 0.016747944056987762, -0.03743711858987808, 0.01727001741528511, 0.024480970576405525, -0.012431350536644459, -0.06695932894945145, 0.012959089130163193, -0.0015126646030694246, 0.010870692320168018, 0.028214536607265472, 0.0056283557787537575, 0.007207650691270828, -0.004360330291092396, 0.047122299671173096, 0.020367300137877464, 0.0033398594241589308, 0.022356431931257248, -0.08705093711614609, 0.007773382123559713, 0.0027832931373268366, -0.013033255003392696, -0.025817405432462692, -0.019983448088169098, -0.007177944295108318, 0.017626147717237473, -0.007658061105757952, -0.009905742481350899, 0.00243394891731441, -0.03515297546982765, 0.055201318114995956, 0.008489187806844711, -0.00344059313647449, 0.016033761203289032, 0.01061337348073721, 0.02694053016602993, -0.016599809750914574, 0.03180195391178131, -0.030503353103995323, 0.03511035069823265, 0.036261554807424545, -0.0043920534662902355, 0.015873026102781296, -0.01074533723294735, 0.029939759522676468, 0.03904261067509651, -0.003313042689114809, -0.04143799841403961, -0.004108036868274212, -0.013896878808736801, -0.030309926718473434, 0.010799230076372623, 0.055155232548713684, 0.0015716945054009557, 0.026520147919654846, -0.013343523256480694, 0.0183631032705307, 0.009976711124181747, 0.02574129030108452, 0.011710401624441147, -0.017017828300595284, -0.027341220527887344, 0.01354755274951458, 0.011056236922740936, 0.005509945563971996, -0.008639045059680939, 0.018331877887248993, -0.0281810462474823, 0.03603024780750275, 0.01834718883037567, 0.010183746926486492, -0.014660297892987728, -0.040615975856781006, 0.02848057448863983, 0.016374127939343452, 0.01097539346665144, 0.00956717599183321, 0.027263525873422623, 0.01439139898866415, -0.007970239967107773, -0.04470513388514519, -0.05419498682022095, -0.010154034942388535, -0.014442489482462406, 0.005515356548130512, 0.001877090078778565, 0.02756364457309246, -0.027839820832014084, -0.03489191085100174, -0.014789761044085026, -0.012465907260775566, 0.032869670540094376, 0.026383843272924423, 0.0032835023012012243, 0.062347330152988434, -0.008844617754220963, 0.007830842398107052, 0.08371637016534805, 0.03077584318816662, 0.006516008637845516, 0.010874460451304913]",,
15_1_0_errors_inline_script_id_mdx_section_3,section,15_1_0_errors_inline_script_id_mdx,Inline script id - Possible Ways to Fix It,,{},15.1.0,"Add an `` attribute to the `` component.
",,"[(np.int64(7), np.float64(0.013372372835874557)), (np.int64(47), np.float64(0.04708535224199295)), (np.int64(360), np.float64(0.16105541586875916)), (np.int64(1650), np.float64(0.1167488843202591)), (np.int64(2256), np.float64(0.2830106019973755)), (np.int64(2661), np.float64(0.09982923418283463)), (np.int64(3447), np.float64(0.29351598024368286)), (np.int64(26499), np.float64(0.3141038417816162)), (np.int64(42261), np.float64(0.10907192528247833)), (np.int64(96746), np.float64(0.2228812426328659)), (np.int64(115861), np.float64(0.13075044751167297))]","[-0.028342166915535927, -0.002313998294994235, -0.01542731188237667, 0.036364879459142685, -0.014002066105604172, -0.036297284066677094, 0.06380409002304077, 0.027107343077659607, -0.005039974115788937, 0.004499626345932484, 0.024165205657482147, -0.009605780243873596, -0.01576629839837551, 0.008373846299946308, 0.042316872626543045, 0.032266322523355484, 0.043542422354221344, 0.018833406269550323, 0.02580356039106846, -0.0022604241967201233, -0.044124990701675415, -0.0002323711378267035, -0.027763817459344864, 0.03034178353846073, -0.026352262124419212, 0.0005775497993454337, -0.01121639646589756, -0.005107136443257332, 0.06097019091248512, 0.016392655670642853, 0.013309705071151257, -0.03946457803249359, -0.018095778301358223, -0.029517777264118195, -0.03143564984202385, -0.025999000295996666, -0.021141428500413895, 0.024867938831448555, -0.05196776241064072, 0.0008990779751911759, -0.039759255945682526, -0.03234943374991417, -0.0023254421539604664, -0.06285116076469421, 0.01505302358418703, -0.022227859124541283, 0.014443906024098396, -0.02790348418056965, -0.009801624342799187, -0.018504060804843903, 0.01609005220234394, 0.010468685068190098, 0.01655743457376957, -0.02882440760731697, 0.021313469856977463, 0.007479051128029823, -0.061505574733018875, -0.042052291333675385, -0.0678485780954361, -0.021108798682689667, -0.040345385670661926, 0.002598648890852928, -0.04375208914279938, 0.03537973389029503, -0.009515409357845783, 0.06099598482251167, 0.006044471636414528, -0.003823733190074563, 0.0038891700096428394, -0.022735776379704475, -0.0030174904968589544, -0.0012993592536076903, -0.054208338260650635, -0.0013087266124784946, -0.01695779338479042, 0.04730265215039253, 0.04762556031346321, -0.032062072306871414, -0.038406748324632645, 0.010485950857400894, -0.0013096363982185721, -0.029994333162903786, 0.037032488733530045, -0.011851874180138111, 0.016295330598950386, 0.03503832593560219, -0.01984258182346821, 0.020348863676190376, -0.02696513943374157, 0.0102536054328084, -0.020476551726460457, -0.011309299618005753, 0.06786400079727173, -0.028035644441843033, -0.026522459462285042, -0.02505522407591343, 0.010195206850767136, 0.008888262324035168, 0.02906551957130432, 0.00253231730312109, -0.030026493594050407, 0.008204038254916668, -0.00500010559335351, 0.011352506466209888, 0.05979697406291962, -0.018380573019385338, 0.014048326760530472, 0.019122324883937836, 0.03652343153953552, -0.027623899281024933, -0.006772172637283802, 0.041795216500759125, 0.001183112501166761, 0.0076046413742005825, 0.009032214991748333, -0.05058792233467102, -0.008869633078575134, 0.0047503504902124405, 0.027601847425103188, 0.009529192931950092, 0.06862383335828781, 0.04465861991047859, -0.007980935275554657, -0.019760651513934135, 0.0693662166595459, 0.035114631056785583, 0.0419885627925396, 0.04229455813765526, -0.05403066799044609, 0.02187521941959858, 0.017177894711494446, 0.01790825091302395, -0.01418076828122139, -0.016411295160651207, -0.06451272964477539, -0.013985560275614262, -0.0023780895862728357, 0.02501637488603592, -0.005576931871473789, -0.06226786971092224, 0.00616855314001441, 0.00652345409616828, 0.010639927349984646, -0.0399722196161747, 0.03077622316777706, 0.004924250300973654, -0.002044621156528592, 0.0015743590192869306, -0.002351307077333331, -0.03952424228191376, -0.015582204796373844, 0.023818407207727432, 0.013583648018538952, -0.04853938892483711, 0.021642932668328285, -0.04592522978782654, 0.019792621955275536, 0.07570505142211914, 0.023044824600219727, 0.021816467866301537, -0.00781265739351511, -0.01579604111611843, -0.008126307278871536, -0.00967271439731121, 0.028992583975195885, -0.003804864827543497, 0.02870660275220871, -0.007421968970447779, -0.0036164592020213604, -0.01735689863562584, -0.0031476744916290045, 0.009684688411653042, -0.003535255091264844, 0.0039845737628638744, 0.052440956234931946, 0.033199768513441086, 0.02983858622610569, 0.010305216535925865, -0.0014369409764185548, -0.02050381526350975, -0.004651679657399654, 0.004680692218244076, -0.009925958700478077, 0.0034977116156369448, -0.040329501032829285, 0.012773867696523666, 0.01978471130132675, -0.00030099618015810847, 0.0009848541812971234, 0.056591231375932693, -0.003983743488788605, -0.008411252871155739, 0.013820088468492031, -0.02805393561720848, 0.05551188066601753, 0.040606968104839325, 0.0008585571777075529, 0.006161792203783989, 0.006461919751018286, -0.003986145369708538, 0.0039050322957336903, -0.005713965278118849, 0.03105849027633667, -0.062060143798589706, -0.0266330037266016, 0.0010067281546071172, -0.03860915079712868, -0.03643421083688736, 0.03931235149502754, -0.02507464773952961, 0.0044341557659208775, 0.023575160652399063, -0.011655017733573914, -0.032516591250896454, -0.037628933787345886, 0.01151328720152378, -0.028222059831023216, 0.01655416749417782, -0.05163288861513138, -0.04460623487830162, -0.05243165045976639, 0.016475558280944824, 0.015310029499232769, 0.08059978485107422, -6.333568308036774e-05, 0.002090905560180545, 0.016012737527489662, -0.009971133433282375, 0.012348414398729801, -0.04140161722898483, -0.0014451666502282023, -0.009223966859281063, -0.01249754149466753, -0.01682407036423683, 0.03557996451854706, -0.009261835366487503, -0.020452504977583885, 0.02067739889025688, 0.011363711208105087, -0.02526044473052025, -0.02809530682861805, 0.0380668044090271, 0.051958117634058, 0.015287026762962341, -0.018267648294568062, -0.03300649672746658, -0.008424988947808743, 0.029340079054236412, 0.00904108677059412, -0.03231427073478699, -0.006819207686930895, 0.005451366771012545, -0.024360090494155884, 0.02577371895313263, -0.016903432086110115, 0.005450580269098282, 0.040739789605140686, 0.00818115845322609, -0.01918049529194832, 0.005674919579178095, 0.030410487204790115, 0.008327224291861057, 0.0017973383655771613, 0.030244579538702965, 0.023687822744250298, -0.013762946240603924, -0.022091520950198174, 0.012622606009244919, 0.014480624347925186, -0.009742991998791695, -0.0001889312989078462, -0.02945050224661827, 0.015334253199398518, 0.016604654490947723, 0.015964867547154427, 0.053321342915296555, -0.00037383887683972716, -0.03368372842669487, 0.08901777118444443, 0.0025374023243784904, 0.001077241962775588, 0.04576612636446953, 0.03779870644211769, 0.003768341150134802, 0.026217395439743996, 0.03376534581184387, -0.006198394577950239, 0.00391446752473712, -0.03675961121916771, -0.07559975236654282, -0.050167493522167206, -0.010454701259732246, 0.07056683301925659, -0.009351818822324276, -0.03976235166192055, -0.0012265018885955215, -0.0021685692481696606, -0.1453143209218979, -0.01939956471323967, -0.027048729360103607, 0.038259152323007584, 0.05109861493110657, 0.01708173006772995, -0.06595606356859207, -0.01901960000395775, 0.025139257311820984, 0.0128266466781497, -0.01724122278392315, -0.07210753858089447, 0.03249957785010338, -0.02397856116294861, -0.024747556075453758, 0.00626952201128006, -0.027765188366174698, -0.005591044668108225, -0.007612425368279219, -0.015572489239275455, -0.019707493484020233, -0.034445278346538544, 0.05206668749451637, -0.014552313834428787, 0.014187419787049294, -0.030555061995983124, 0.01154178474098444, 0.043065909296274185, -0.04027621075510979, 0.021687490865588188, -0.0054923854768276215, 0.026583101600408554, -0.00705587537959218, 0.0434592179954052, -0.007374265231192112, 0.025594599545001984, 0.01539190486073494, -0.014160788618028164, -0.02178480103611946, -0.042423855513334274, 0.05235580727458, 0.001984823029488325, -0.010312178172171116, 0.011196206323802471, -0.013653122819960117, -0.08544696122407913, -0.006717654410749674, -0.009791295975446701, -0.05358057841658592, 0.02189728058874607, 0.005822591483592987, -0.04100300744175911, -0.0005448503070510924, -0.010251173749566078, -0.05562426522374153, 0.02631510980427265, -0.02597299963235855, 0.00961085595190525, -0.02325357496738434, 0.04888734221458435, -0.03214380517601967, -0.009723136201500893, 0.031464073807001114, 0.0047875442542135715, -0.03141479566693306, -0.01679312251508236, 0.024427784606814384, -0.02533853054046631, 0.04169154167175293, -0.01608492247760296, 0.01972181536257267, 0.007431344594806433, 0.02559712342917919, 0.008642777800559998, -0.023213280364871025, 0.005516307894140482, 0.031899288296699524, -0.012539485469460487, -0.03921656310558319, -0.09446778893470764, 0.0334608294069767, -0.0012266605626791716, -0.008453945629298687, 0.03722080588340759, -0.022679809480905533, -0.046435557305812836, 0.004271273501217365, 0.02138056419789791, 0.014485785737633705, 0.23241214454174042, 0.0627075582742691, 0.026062030345201492, -0.02079944685101509, 0.03676951304078102, -0.03234848752617836, -0.0020334830041974783, 0.002245471114292741, -0.014662103727459908, -0.025704434141516685, -0.012744341976940632, 0.009283584542572498, 0.005731971003115177, -0.035334937274456024, 0.04263995960354805, -0.007521855644881725, -0.03590953350067139, -0.008546975441277027, 0.06872634589672089, -0.006369621492922306, 0.022448381409049034, -0.04272429645061493, 0.03962135687470436, -0.02207225002348423, -0.035957057029008865, 0.017453666776418686, -0.02961237169802189, -0.02178323082625866, 0.007088921498507261, 0.05241018906235695, -0.011551001109182835, 0.03053818643093109, 0.03670365363359451, -0.014508667401969433, -0.02994730696082115, -0.03528135269880295, 0.011358292773365974, -0.0102017717435956, -0.021130703389644623, 0.024053459987044334, -0.02031802572309971, -0.010887091048061848, 0.014512335881590843, -0.022902624681591988, -0.011774125508964062, -0.02268388867378235, 0.0518503412604332, -0.03280336409807205, 0.006401453632861376, -0.009288421832025051, 0.0060569182969629765, -0.022121738642454147, -0.022799469530582428, -0.004627021495252848, 0.021921413019299507, -0.009656304493546486, -0.016258452087640762, 0.025433918461203575, -0.008744236081838608, 0.023729534819722176, 0.041879404336214066, 0.02152113802731037, -0.012788202613592148, 0.011638426221907139, 0.0098942331969738, 0.020086470991373062, -0.00021716383344028145, -0.049017272889614105, 0.03015178255736828, 0.034730590879917145, 0.0003696421335916966, 0.029853472486138344, -0.0020713009871542454, 0.0052011506631970406, 0.007253572810441256, 0.01694580912590027, 0.03516000136733055, 0.024904172867536545, -0.0036127050407230854, 0.008417082019150257, -0.02942705899477005, -0.006629308685660362, -0.03644236549735069, 0.0052191391587257385, 0.023367594927549362, -0.029557807371020317, -0.0335075780749321, 0.03558817133307457, -0.02633650414645672, -0.048139333724975586, -0.01644163765013218, 0.0005737894680351019, -0.011477506719529629, -0.003945458680391312, -0.005806440021842718, 0.000530690886080265, 0.0592418797314167, -0.010414850898087025, -0.04606353119015694, -0.01657806895673275, -0.035045646131038666, -0.01889251172542572, -0.02213745377957821, -0.048372458666563034, 0.07640612870454788, -0.05948173627257347, -0.013090447522699833, -0.015256902202963829, 0.006022889632731676, -0.002980878110975027, 0.009170446544885635, 0.04466339945793152, -0.010004791431128979, 0.04736088588833809, -0.002415027469396591, 0.030637864023447037, 0.02022361382842064, 0.021106872707605362, -0.00011184578033862635, -0.0040229372680187225, -0.015719039365649223, -0.0401352234184742, 0.0004938426427543163, -0.008828206919133663, -0.0506536029279232, -0.02404104918241501, 0.02688555419445038, 0.034415654838085175, -0.06368981301784515, 0.034973129630088806, 0.024742769077420235, -0.027027640491724014, -0.032757632434368134, 0.027739988639950752, 0.05026745796203613, -0.04632965847849846, 0.025574572384357452, 0.03365373983979225, 0.01342632807791233, 0.003689303994178772, -0.038506314158439636, -0.052194204181432724, -0.02077297866344452, 0.03066284768283367, 0.002238632645457983, -0.03839492425322533, -0.014357869513332844, -0.0031431359238922596, -0.027607716619968414, 0.038889773190021515, 0.0656154677271843, 0.06882078945636749, 0.030561547726392746, -0.025167232379317284, -0.03882845491170883, -0.04708264768123627, 0.006045874673873186, 0.023383313789963722, -0.033749401569366455, -0.0258333683013916, 0.018760720267891884, 0.016635755077004433, 0.0418853759765625, 0.02405092865228653, -0.016631532460451126, 0.021492913365364075, -0.05490579456090927, 0.0024049815256148577, -0.046188391745090485, -0.03155151382088661, -0.0052003273740410805, -0.05058578774333, -0.05808594450354576, 0.0036529707722365856, -0.020131736993789673, 0.024085836485028267, -0.056956563144922256, 0.04144982993602753, -0.04334130883216858, -0.03758891671895981, 0.017645638436079025, -0.021357020363211632, -0.052175816148519516, 0.0037595131434500217, 0.019999511539936066, -0.035588864237070084, -0.03529675304889679, -0.03321552276611328, 0.05151434987783432, -0.02458382584154606, -0.049411047250032425, 0.1160641461610794, -0.0007929105195216835, -0.04182035103440285, 0.02180107682943344, 0.006915678735822439, 0.02495414949953556, -0.015965435653924942, -0.03881220519542694, -0.031147029250860214, -0.035805102437734604, -0.00287513411603868, -0.013824192807078362, 0.0128938602283597, 0.0004254666273482144, -0.009156669490039349, -0.046158093959093094, 0.041376128792762756, -0.02976186014711857, -0.010872290469706059, -0.013415304012596607, 0.02699563093483448, -0.02041301317512989, 0.009562755934894085, 0.016554465517401695, -0.021157339215278625, 0.018703505396842957, 0.004886093083769083, -0.011583917774260044, -0.02556074596941471, 0.0015490046935155988, -0.024489326402544975, 0.0025024055503308773, -0.030550917610526085, -0.007546168752014637, -0.0075068287551403046, 0.01679520681500435, -0.012421704828739166, 0.0216095931828022, -0.050616148859262466, 0.0043305205181241035, 0.008167285472154617, -0.061629410833120346, 0.019586831331253052, 0.023509152233600616, -0.04253875091671944, 0.01953885518014431, 0.052693840116262436, 0.002771940315142274, -0.07019813358783722, 0.05344904214143753, -0.029563942924141884, 0.03547850623726845, 0.08276792615652084, -0.010990097187459469, 0.0273726936429739, -0.041106924414634705, -0.04575329273939133, 0.02901761792600155, -0.013317650184035301, -0.032526496797800064, 0.01966029964387417, 0.006364466156810522, -0.02016633376479149, -0.0039118812419474125, -0.013775471597909927, -0.003368537873029709, -0.013932649977505207, -0.06386099755764008, -0.01519376877695322, -0.018821312114596367, 0.047172911465168, -0.018742574378848076, -0.02305595763027668, 0.010297711938619614, 0.012366131879389286, 0.05454098805785179, -0.03880365192890167, -0.0023479268420487642, 0.036422137171030045, 0.019234824925661087, -0.0007387358346022666, -0.03128175809979439, -0.03360778093338013, 0.04661553353071213, 0.01742645725607872, -0.022002559155225754, 0.020015614107251167, 0.03753011301159859, 0.030670111998915672, -0.016599508002400398, -0.00018880241259466857, -0.012270009145140648, 0.02405298501253128, 0.002757241716608405, -0.0034381572622805834, 0.014720987528562546, 0.04272114112973213, 0.030122699216008186, -0.08731193095445633, -0.0006096528959460557, -0.008718830533325672, -0.06152403727173805, 0.029354598373174667, -0.06874846667051315, -0.02296978235244751, -0.04480588436126709, 0.001421891269274056, -0.012020272202789783, 0.029275214299559593, 0.00023423333186656237, -0.0016229563625529408, -0.0035420642234385014, -0.018632913008332253, 0.03635594621300697, 0.033832136541604996, -0.012237672694027424, -0.014163400046527386, 0.007362168747931719, -0.0016864995704963803, 0.012019108049571514, -0.034206949174404144, -0.0008916303631849587, 0.028649482876062393, 0.032300785183906555, 0.011887328699231148, 0.05357220023870468, -0.01205116230994463, 0.006059269420802593, 0.0032308553345501423, -0.0008826502598822117, -0.004147615283727646, -0.011003267951309681, -0.029135562479496002, -0.014585730619728565, -0.004157099407166243, 0.04224642738699913, -0.02794538252055645, -0.01639808714389801, -0.0035975154023617506, -0.02797577902674675, -0.022357841953635216, -0.022860867902636528, -0.0177073385566473, 0.021781355142593384, 0.00803365744650364, 0.01601593755185604, -0.030192969366908073, 0.012566013261675835, 0.031870316714048386, -0.04227520152926445, -0.02733394131064415, 0.045957062393426895, -0.033371251076459885, -0.0016379954759031534, -0.07500552386045456, -0.02174757979810238, 0.002977206604555249, 0.042166415601968765, -0.001078881206922233, -0.017461640760302544, 0.021421972662210464, -0.028071530163288116, -0.05267679691314697, -0.050288621336221695, -0.02692032791674137, -0.009106375277042389, -0.0033988445065915585, 0.01852809078991413, -0.025370458140969276, -0.033874254673719406, -0.011706518009305, -0.007908406667411327, -0.019262224435806274, -0.001713621080853045, 0.03644121065735817, 0.025210034102201462, -0.0016620694659650326, -0.026568332687020302, -0.013860591687262058, -0.0015440532006323338, -0.004118756856769323, 0.003454189980402589, 0.04807787016034126, -0.006523282267153263, -0.004306643735617399, -0.019175885245203972, 0.021404001861810684, -0.000835494021885097, -0.005499816033989191, -0.01528376154601574, -0.037653848528862, -0.012582951225340366, -0.031145082786679268, 0.01690511964261532, 0.002758221235126257, 0.006771383341401815, 0.002000266220420599, 0.05664132907986641, 0.06716644018888474, -0.017408577725291252, 0.01223928015679121, -0.037243157625198364, 0.0023974550422281027, -0.17417186498641968, 0.008946966379880905, -0.0367715023458004, 0.0031527841929346323, -0.0367155596613884, 0.015679119154810905, -0.03831971436738968, -0.014784707687795162, 0.006808048114180565, -0.05134213715791702, -0.05164468660950661, -0.051741648465394974, 0.040765706449747086, -0.024740321561694145, -0.018882952630519867, 0.01118419598788023, 0.01403963752090931, -0.004970892798155546, -0.013376614078879356, 0.057576507329940796, 0.005252201110124588, -0.012166786938905716, -0.011601146310567856, 0.0033317741472274065, 0.02853100188076496, -0.007798565085977316, -0.033402375876903534, 0.03761094808578491, -0.03280455991625786, 0.007222912274301052, 0.008108380250632763, 0.027567515149712563, 0.018180543556809425, 0.02859453856945038, -0.00037642972893081605, 0.006847699638456106, 0.023000791668891907, 0.015412010252475739, 0.009807622991502285, 0.032185859978199005, 0.023768512532114983, 0.028181560337543488, -0.00716596283018589, 0.01808726228773594, 0.016860919073224068, 0.0503615066409111, 0.03057582676410675, -0.0041695088148117065, -0.04597091302275658, 0.011476319283246994, 0.01187354326248169, -0.02879493497312069, 0.03284726291894913, 0.043381642550230026, 0.007536024320870638, -0.026551738381385803, 0.035722605884075165, 0.0246773362159729, -0.06157711520791054, 0.044244714081287384, -0.025103868916630745, 0.0011040599783882499, -0.03641985356807709, -0.050493136048316956, -0.010338298045098782, 0.022829590365290642, -0.05417647585272789, -0.04395367205142975, -0.013873309828341007, 0.025154385715723038, -0.013651559129357338, -0.02555951289832592, 0.012313202023506165, -0.06078745424747467, 0.054722752422094345, 0.03623712807893753, 0.03488738834857941, 0.027662431821227074, -0.03831702098250389, -0.022682160139083862, 0.014800995588302612, 0.0073907217010855675, -0.02323344349861145, 0.0389687642455101, 0.022663168609142303, 0.015545816160738468, -0.0202797818928957, -0.0014148433692753315, -0.06113230809569359, 0.015576985664665699, -0.057414084672927856, -0.02615913189947605, 0.05329382047057152, -0.011316021904349327, -0.009421602822840214, 0.03435176983475685, 0.01893538422882557, 0.037007980048656464, 0.04133893921971321, -0.024229412898421288, -0.03417181596159935, -0.021497808396816254, 0.036060869693756104, 0.022182848304510117, -0.03993794694542885, 0.008479902520775795, 0.031532175838947296, -0.007819082587957382, 0.010856701992452145, -0.011049277149140835, -0.02145763672888279, 0.03290652856230736, -0.03478405252099037, -0.010824042372405529, -0.005359477363526821, -0.010645347647368908, 0.05122152343392372, 0.020309343934059143, -0.03019692562520504, 0.016513189300894737, 0.031825754791498184, 0.0031507061794400215, 0.015923291444778442, -0.0416862890124321, 0.0019996794871985912, 0.02469157800078392, 0.0503673292696476, 0.03442646190524101, 0.004931553732603788, 0.039602916687726974, 0.05411744862794876, -0.017521752044558525, 0.015859348699450493, 0.027267439290881157, 0.01229791808873415, -0.040399760007858276, -0.022213885560631752, 0.059845924377441406, -0.06672631204128265, -0.030206244438886642, 0.011945653706789017, -0.047632522881031036, 0.004986040759831667, -0.010519078932702541, 0.009177055209875107, -0.01742667891085148, -0.0019805326592177153, 0.027718743309378624, 0.00354227633215487, -0.016919676214456558, 0.021058766171336174, -0.024181339889764786, -0.010586568154394627, 0.058651264756917953, -0.005038060713559389, -0.0030224714428186417, -0.0068068294785916805, 0.04034660756587982, 0.003729772288352251, -0.0072337910532951355, 0.011157311499118805, -0.068275086581707, 0.029496606439352036, -0.0023962678387761116, -0.06079036742448807, -0.02443462796509266, -0.011750207282602787, 0.002200680784881115, -0.00032130733598023653, 0.026486199349164963, -0.02330322004854679, 0.006155362352728844, -0.017760924994945526, 0.015541231259703636, 0.008898353204131126, -0.019986795261502266, 0.0062043373472988605, -0.010889481753110886, 0.04586165025830269, 0.001587959355674684, 0.01578914374113083, -0.037552881985902786, 0.06921780109405518, -0.019428027793765068, 0.025735938921570778, 0.02667667530477047, -0.012083953246474266, 0.05597364157438278, 0.01095946878194809, -0.00913921371102333, -0.004871809389442205, -0.012875726446509361, 0.021230094134807587, -0.01681007444858551, 0.023344574496150017, 0.02318989858031273, -0.0012989507522433996, 0.012049071490764618, -0.005962366703897715, -0.00806403812021017, -0.018858853727579117, 0.025983605533838272, 0.005761151667684317, -0.0359496995806694, -0.02660701796412468, -0.00013229688920546323, -0.01374766230583191, 0.02747931517660618, 0.0018438732950016856, 0.055180661380290985, -0.025838088244199753, 0.016330022364854813, -0.029831763356924057, 0.02693268284201622, 0.007317854557186365, -0.02310732565820217, 0.04634147137403488, 0.021789364516735077, 0.023859934881329536, -0.006100731436163187, 0.04429738223552704, 0.03567777946591377, 0.01508477982133627, -0.02819328010082245, -0.025356274098157883, 0.013867995701730251, -0.009196070954203606, -0.006659182719886303, -0.0011485813884064555, 0.0044601899571716785, -0.02891579642891884, 0.009923497214913368, -0.011843675747513771, 0.020415492355823517, 0.035819217562675476, 0.01695159263908863, 0.054427552968263626, 0.049155671149492264, -0.008151917718350887, -0.0012019441928714514, 0.06387907266616821, 0.014934655278921127, -0.05266121029853821, -0.009559152647852898]",,
15_1_0_errors_inline_script_id_mdx_section_3_code_1,code_snippet,15_1_0_errors_inline_script_id_mdx_section_3,Possible Ways to Fix It - code_1,,"{'programming_language': 'jsx', 'filename': 'pages/_app.js', 'switcher': False}",15.1.0,,"import Script from 'next/script'

export default function App({ Component, pageProps }) {
  return (
    <>
      <Script id=""my-script"">{`console.log('Hello world!');`}</Script>
      <Component {...pageProps} />
    </>
  )
}
","[(np.int64(5), np.float64(0.04056369885802269)), (np.int64(7), np.float64(0.04390070587396622)), (np.int64(64), np.float64(0.07137967646121979)), (np.int64(425), np.float64(0.20870757102966309)), (np.int64(454), np.float64(0.003988027572631836)), (np.int64(1647), np.float64(0.11073054373264313)), (np.int64(9007), np.float64(0.24482083320617676)), (np.int64(28175), np.float64(0.23761066794395447)), (np.int64(37967), np.float64(0.1776828020811081))]",,"[-0.012786952778697014, -0.012841249816119671, -0.019139301031827927, 0.045051850378513336, -0.013168860226869583, -0.028594044968485832, 0.0009589254623278975, 0.009406233206391335, -0.020812397822737694, 0.006717477459460497, -0.028886379674077034, 0.014403153210878372, -0.004172005690634251, 0.005747432354837656, -0.018912237137556076, 0.032359302043914795, 0.00041452585719525814, 0.017535557970404625, 0.012622487731277943, -0.00408567488193512, -0.05044412985444069, -0.011685448698699474, 0.022936373949050903, 0.019224679097533226, -0.008627094328403473, 0.016398703679442406, -0.04768527299165726, -0.02164643630385399, 0.009465939365327358, -0.0218748040497303, 0.04352090135216713, 0.005050673149526119, -0.02672106958925724, -0.016755197197198868, -0.028494441881775856, 0.0227996576577425, 0.008453937247395515, -0.031840384006500244, -0.04155919328331947, 0.026721611618995667, -0.03627544268965721, -0.015046345070004463, 0.009833801537752151, -0.04090996831655502, -0.010173887014389038, -0.025214966386556625, 0.03580927476286888, -0.02104712463915348, 0.03419636934995651, -0.0024998285807669163, -0.017042940482497215, 0.014054648578166962, 0.047920551151037216, -0.03443898633122444, 0.05425941199064255, 0.0025189027655869722, -0.027155859395861626, -0.006874375510960817, -0.029279367998242378, 0.01740821823477745, -0.028305137529969215, -0.011805231682956219, -0.0302717424929142, 0.03446068987250328, 0.028225267305970192, 0.054606713354587555, -0.019628211855888367, -0.005910188890993595, -0.032514724880456924, -0.0042322915978729725, -0.031024064868688583, 0.025195060297846794, -0.03489847853779793, -0.03382633626461029, -0.0690298080444336, 0.03400775045156479, 0.03544891998171806, -0.034282755106687546, 0.004288115538656712, 0.027809927240014076, 0.0005800346843898296, -0.027042685076594353, 0.036547087132930756, 0.030143098905682564, 0.028242215514183044, 0.009948673658072948, -0.0029014688916504383, 0.009921500459313393, 0.006716317031532526, 0.021840933710336685, -0.032517388463020325, -0.0302672628313303, 0.056458376348018646, -0.06823603063821793, -0.03997619077563286, -0.024156592786312103, 0.020498761907219887, 0.033476028591394424, 0.030968856066465378, -0.010923146270215511, -0.003576719667762518, -0.011127626523375511, 0.012342703528702259, -0.023534582927823067, 0.04114285856485367, 0.047169171273708344, 0.018870389088988304, 0.012364608235657215, 0.04371418431401253, -0.020020147785544395, 0.0177838746458292, -0.012619107030332088, 0.027862342074513435, 0.003851964371278882, 0.006391438189893961, -0.00850061047822237, 0.007409432902932167, -0.030034272000193596, 0.015392014756798744, -0.0002370793226873502, -0.0030886977910995483, 0.04870838671922684, 0.00187571975402534, 0.01288325060158968, 0.01728828437626362, -0.020982135087251663, -0.00037601563963107765, 0.05723726749420166, -5.285502993501723e-05, 0.015369937755167484, 0.032850541174411774, 0.03879563510417938, 0.0019349296344444156, 0.02409430220723152, -0.028298895806074142, 0.0027218973264098167, 0.00215795892290771, 0.028733041137456894, 0.02563401870429516, -0.06687616556882858, 0.028959600254893303, 0.04046514257788658, -0.037753812968730927, -0.016392907127738, 0.0281547661870718, -0.04544518142938614, 0.03577691316604614, -0.01724419742822647, 0.003511659102514386, -0.05741323530673981, -0.03391128405928612, 0.038541000336408615, 0.006977325305342674, -0.021103478968143463, 0.04089682549238205, -0.01735890842974186, 0.008981293067336082, 0.021435223519802094, 0.06518060714006424, 0.015802854672074318, -0.030720099806785583, 0.027470611035823822, -0.016102449968457222, -0.007544306106865406, 0.029799479991197586, -0.0668107271194458, -0.01599336415529251, -0.008350522257387638, -0.0199181716889143, -0.04318664222955704, 0.023969123139977455, -0.0049279797822237015, 0.026633156463503838, 0.0007783086039125919, -0.0015334264608100057, 0.02550417184829712, 0.06319595128297806, 0.013369563966989517, 0.03392866253852844, 0.001258311327546835, -0.0037495982833206654, 0.022866539657115936, 0.004165410064160824, -0.02158145233988762, -0.03780685365200043, 0.039930444210767746, 0.03330353647470474, 0.005304411984980106, 0.01773659884929657, 0.021157488226890564, -0.036429356783628464, -0.020777035504579544, 0.08072680234909058, -0.0011533977231010795, -0.016176827251911163, -0.026629099622368813, 0.028023064136505127, -0.022493010386824608, -0.028193147853016853, 0.003279581433162093, -0.01324397698044777, 0.009662189520895481, 0.017216280102729797, 0.023863160982728004, -0.03599260747432709, -0.02499264106154442, -0.03577503189444542, -0.048777345567941666, -0.025623751804232597, 0.02720310539007187, -0.02393326722085476, 0.010970842093229294, -0.014699396677315235, 0.03646339103579521, -0.06918888539075851, 0.01584288850426674, -0.0012517214054241776, -0.0010313810780644417, -0.0069801090285182, -0.04010245203971863, -0.015181361697614193, 0.03995828330516815, 0.008922820910811424, 0.016451677307486534, 0.010052075609564781, -0.003210467519238591, 0.06516088545322418, -0.01259459275752306, 0.0374506339430809, 0.018118461593985558, 0.03870602324604988, -0.023694662377238274, 0.045529261231422424, -0.020236527547240257, 0.02102826163172722, -0.06321872025728226, -0.015169191174209118, -0.006930280942469835, 0.025176215916872025, -0.011413139291107655, 0.017938818782567978, -0.016225401312112808, 0.027051609009504318, 0.014636469073593616, -0.04667611047625542, -0.01663323864340782, 0.021207459270954132, -0.013780143111944199, -0.02583538182079792, -0.02348536252975464, -0.02499992400407791, 0.018948817625641823, -0.01603522337973118, 0.043568290770053864, 0.012538429349660873, 0.027276093140244484, -0.030790790915489197, -0.016540076583623886, -0.021467147395014763, 0.008611992932856083, 0.0106577817350626, 0.031025713309645653, -0.013468647375702858, 0.03235932067036629, 0.031563252210617065, -0.0005688053206540644, -0.04598696157336235, -0.006945753935724497, -0.013039227575063705, 0.007125447504222393, -0.003414697712287307, -0.008919551968574524, 0.0349443256855011, -0.06799275428056717, -0.0006447518826462328, 0.023600870743393898, -0.020657943561673164, -0.020141206681728363, 0.09463769942522049, 0.009052887558937073, -0.048266246914863586, 0.023335209116339684, 0.01980890892446041, 0.01130056381225586, 0.03591768071055412, -0.01876785047352314, -0.009296813979744911, -0.01066329050809145, 0.026944197714328766, -0.02654341794550419, -0.021383529528975487, 0.00298311491496861, 0.04387017711997032, -0.015561443753540516, 0.017662925645709038, -0.0014863586984574795, -0.007038732524961233, -0.16235530376434326, -0.04664398729801178, 0.005003271624445915, -0.014567576348781586, 0.009058213792741299, 0.01730920374393463, 0.016726350411772728, -0.018685150891542435, 0.01680508814752102, 0.04961484670639038, -0.02905944176018238, -0.04598833993077278, 0.010886190459132195, -0.06527233123779297, -0.0063582006841897964, 0.015077982097864151, 0.005561059806495905, -0.0003442340239416808, 0.012479179538786411, -0.034879911690950394, -0.003404374700039625, -0.058589138090610504, 0.03270148113369942, -0.004473060369491577, 0.005032049957662821, -0.048530176281929016, 0.03687899932265282, -0.013931636698544025, -0.03327237814664841, 0.0543113611638546, -0.0039389850571751595, -0.0110000716522336, 0.007980262860655785, 0.01793932169675827, -0.003118331776931882, 0.038690272718667984, -0.010350004769861698, 0.03070853091776371, -0.028090113773941994, -0.004647455643862486, 0.026318015530705452, 0.029205908998847008, -0.02809208817780018, 0.020007560029625893, -0.011054959148168564, -0.043364476412534714, -0.0018810861511155963, -4.292967787478119e-05, -0.027550291270017624, -0.03286299109458923, 0.010593801736831665, -0.029137277975678444, -0.03929632529616356, 0.031406864523887634, -0.05622679367661476, 0.05449305474758148, -0.023099206387996674, 0.03788449615240097, -0.01786905527114868, 0.010979496873915195, -0.015214832499623299, -0.006526267621666193, 0.01678408682346344, -0.023707972839474678, -0.02394498698413372, 0.03412080556154251, 0.05049578845500946, -0.009333932772278786, 0.02943449094891548, -0.009846578352153301, 0.023609871044754982, -0.03222065791487694, 0.004922649823129177, -0.03244006633758545, -0.003440935630351305, 0.015803221613168716, 0.02267623506486416, 0.020384231582283974, 0.024395132437348366, -0.10257122665643692, 0.004972722381353378, -0.0040611340664327145, 0.014726953580975533, 0.04540198668837547, -0.036377739161252975, -0.021813176572322845, 0.015852024778723717, -0.015981383621692657, 0.011943837627768517, 0.240426167845726, 0.02841411717236042, 0.018024375662207603, 0.060705337673425674, 0.07776153832674026, -0.05666873976588249, -0.03250660374760628, 0.034744564443826675, 0.036612145602703094, -0.016381824389100075, -0.036996904760599136, -0.034434448927640915, -0.0015846973983570933, -0.025767408311367035, 0.033414047211408615, 0.010675527155399323, -0.05281609296798706, 0.03904571011662483, 0.049064673483371735, -0.03307141736149788, -0.0018208851106464863, -0.0029887163545936346, 0.033007968217134476, -0.01002360600978136, -0.04600664600729942, 0.017607377842068672, 0.005572570487856865, 0.007250257767736912, -0.026214048266410828, 0.028506986796855927, -0.035335853695869446, 0.04168585315346718, 0.05166381597518921, -0.022889399901032448, 0.011408590711653233, -0.0384412445127964, 0.02611396834254265, -0.033515047281980515, -0.004596924874931574, 0.022155046463012695, 0.0032767108641564846, 0.008044293150305748, 0.02557276003062725, 0.028952356427907944, -0.000893411401193589, 0.0018942594761028886, 0.004043914843350649, 0.003789046546444297, 0.007667946629226208, -0.024473704397678375, 0.01601709984242916, -0.02466544508934021, -0.014735730364918709, 0.000679060525726527, 0.036548636853694916, -0.01086080726236105, 0.015812594443559647, 0.01357709988951683, 0.01380830630660057, 0.017027249559760094, -0.026870349422097206, 0.03439386561512947, 0.0011244917986914515, -0.032185811549425125, -0.03383277729153633, -0.029346013441681862, 0.031757816672325134, -0.05958686023950577, 0.03589968383312225, 0.07155320793390274, -0.0031621286179870367, 0.0013418346643447876, -0.006792332511395216, -0.023658830672502518, -0.010957112535834312, -0.04606753960251808, 0.01212042011320591, 0.02929476834833622, -0.03359142318367958, 0.031511228531599045, -0.0077564166858792305, 0.0205067228525877, -0.05997638776898384, 0.02520429901778698, 0.018887775018811226, -0.022140970453619957, 0.032412830740213394, 0.06443465501070023, 0.0058236923068761826, -0.02326497621834278, -0.02133764699101448, -0.02545078657567501, -0.023049166426062584, 0.043213676661252975, -0.004056709352880716, 0.0017935987561941147, -0.010619474574923515, -0.01495028380304575, -0.009449673816561699, 0.04757803678512573, -0.026277344673871994, -0.007517178542912006, -0.023188389837741852, -0.023698605597019196, 0.016384193673729897, -0.024284834042191505, 0.008141822181642056, -0.03064762055873871, -0.005803246982395649, 0.031299956142902374, -0.09184204787015915, -0.0037936726585030556, 0.0037802373990416527, -0.023522773757576942, 0.019882144406437874, 0.004698082804679871, 0.06876467913389206, 0.0013204046990722418, 0.02798611856997013, 0.02125726267695427, -0.017285242676734924, -0.005272771697491407, -0.019872156903147697, 0.014536788687109947, 0.01150029432028532, -0.03855452314019203, -0.03553339093923569, 0.018314259126782417, -0.05038058012723923, 0.002875340636819601, 0.033658843487501144, -0.002017158782109618, 0.008732961490750313, 0.030456257984042168, 0.00385914440266788, 0.037306420505046844, 0.031296636909246445, 0.04059336706995964, 0.003170931711792946, -0.008553867228329182, -0.03992696478962898, -0.01272051315754652, 0.013750654645264149, 0.018516188487410545, 0.033769045025110245, 0.037336427718400955, 0.043851014226675034, -0.02536604180932045, 0.008853859268128872, 0.029888413846492767, 0.05857522040605545, 0.027492713183164597, 0.03992609679698944, -0.024143096059560776, -0.006135221570730209, -0.06294099241495132, -0.002524681854993105, -0.0024689522106200457, 0.009074438363313675, -0.0040650200098752975, 0.037804652005434036, 0.04733419045805931, 0.07304837554693222, 0.05449511110782623, -0.02484428696334362, -0.029276158660650253, -0.05974392592906952, 0.03770223259925842, -0.024237973615527153, 0.02020781673491001, 0.021610550582408905, -0.04547922685742378, -0.05671248212456703, 0.008420693688094616, -0.016626626253128052, -0.015373030677437782, -0.04805373027920723, -0.003926548641175032, -0.030694957822561264, -0.013519796542823315, -0.016835955902934074, 0.022996118292212486, -0.03427145257592201, -0.01351893413811922, 0.04076537489891052, -0.0021767031867057085, 0.03722824156284332, -0.009007557295262814, 0.03319044038653374, -0.018097154796123505, -0.06354515254497528, 0.13283735513687134, -0.006336020305752754, -0.03157662972807884, 0.024686723947525024, -0.02355385012924671, 0.05034923553466797, -0.014668338000774384, -0.012439321726560593, 0.006343421526253223, 0.008477479219436646, 0.03144961595535278, -0.00786992534995079, 0.036543648689985275, -0.04762500151991844, -0.02039886824786663, -0.03817502781748772, 0.01826336607336998, -0.04429517313838005, 0.02906881459057331, 0.03200806677341461, 0.04540909454226494, 0.0005644074990414083, 0.0055521391332149506, 0.06177961453795433, -0.05018345266580582, 0.0708148255944252, 0.025019381195306778, -0.0007963185198605061, -0.037858590483665466, -0.015839409083127975, 0.004218744114041328, -0.013271267525851727, -0.05902067944407463, 0.011127534322440624, 0.01742827147245407, 0.03920212388038635, -0.027025382965803146, 0.0032776615116745234, -0.017914781346917152, -0.010234350338578224, 0.026460779830813408, 0.05046085640788078, -0.027044760063290596, 0.03171922639012337, -0.011579333804547787, -0.014613989740610123, 0.020076772198081017, 0.0261587705463171, -0.026698777452111244, -0.00426496984437108, -0.008133281022310257, 0.041106343269348145, 0.03094915673136711, 0.026615222916007042, 0.049065083265304565, -0.015555021353065968, 0.005684743169695139, 0.009507856331765652, 0.006711470428854227, -0.04392540827393532, 0.017680929973721504, 0.04909440502524376, -0.034783799201250076, -0.014168652705848217, -0.009482371620833874, 0.0031246254220604897, 0.011892780661582947, -0.04219641536474228, 0.014615699648857117, -0.004590484779328108, 0.028059639036655426, -0.03240059316158295, 0.006219032686203718, 0.005344677716493607, -0.022467343136668205, 0.09013354778289795, -0.08698613941669464, -0.02591114677488804, -0.02602747268974781, -0.012805411592125893, -0.012593422085046768, 0.0020536493975669146, 0.011211409233510494, 0.03329423442482948, 0.0017052899347618222, 0.009200128726661205, -0.019988015294075012, 0.0815434679389, -0.02092408947646618, -0.0399710088968277, -0.061562977731227875, 0.030711716040968895, 0.026196079328656197, 0.04694169759750366, 0.025608215481042862, 0.04370427131652832, -0.013469782657921314, 0.016370324417948723, -0.03990912064909935, -0.006552380044013262, -0.023083629086613655, -0.0608789399266243, 0.021449442952871323, 0.005425774957984686, -0.014620896428823471, -0.0019491888815537095, 0.06571394950151443, 0.013843495398759842, 0.008159881457686424, 0.004327712580561638, -0.023059695959091187, -0.006106355227530003, -0.028991619125008583, -0.03528760373592377, 0.018664536997675896, -0.011135898530483246, 0.022710522636771202, -0.009812313131988049, -0.002097682561725378, 0.015551012940704823, -0.06340469419956207, 0.012310653924942017, 0.04519542306661606, 0.053983062505722046, -0.021550538018345833, 0.03497403487563133, -0.0058770389296114445, 0.0063850455917418, 0.007321836426854134, 0.011047025211155415, -0.027041753754019737, -0.020453860983252525, -0.043978750705718994, 0.005759187508374453, -0.020620817318558693, 0.007043623365461826, -0.012094559147953987, -0.03075716830790043, -0.016570638865232468, -0.014754030853509903, 0.004672734998166561, -0.024431949481368065, -0.007143322844058275, -0.03986164182424545, -0.03288887441158295, 0.029476402327418327, -0.029325971379876137, 0.020049214363098145, 0.011463292874395847, 0.026042615994811058, -0.0344361737370491, 0.05466541275382042, -0.016816740855574608, 0.0035295472480356693, -0.04695017263293266, -0.01325067039579153, -0.034811489284038544, -0.018946561962366104, -0.05494770407676697, -0.0545634888112545, -0.003918133210390806, -0.0019082295475527644, -0.07242823392152786, -0.014931350015103817, -0.008068700321018696, 0.007401428651064634, -0.008712021633982658, 0.020206812769174576, -0.02830319292843342, -0.0271038506180048, -0.0005127445328980684, -0.014873785898089409, -0.011353080160915852, 0.016625788062810898, 0.04903746396303177, 0.006240002810955048, 0.017406735569238663, 0.0038238046690821648, -0.005373992957174778, -0.005712526384741068, -0.004504133015871048, -0.0020813364535570145, 0.004552817903459072, 0.006550597492605448, 0.0239610243588686, -0.03979189693927765, 0.022435732185840607, 0.022017784416675568, -0.02878769487142563, -0.013930295594036579, -0.0568767748773098, -0.01547632459551096, -0.03912872448563576, -0.017941217869520187, -0.02675306424498558, -0.03149094805121422, -0.004829757381230593, -0.0075484951958060265, 0.05581480637192726, -0.03247859328985214, -0.023380426689982414, -0.03168376907706261, 0.010285989381372929, -0.15156830847263336, -0.027897432446479797, -0.021249208599328995, 0.0008107675821520388, -0.05072006955742836, -0.010735386051237583, -0.0022887703962624073, -0.07633765041828156, 0.054292354732751846, -0.015192749910056591, -0.04894774407148361, -0.03420216217637062, 0.022020023316144943, -0.029419492930173874, -0.0047638313844799995, 0.03609412908554077, 0.016144676133990288, 0.005663460120558739, -0.03431226313114166, 0.010139948688447475, -0.03413233906030655, 0.01366583164781332, 0.05838261917233467, -0.007304464001208544, 0.039570651948451996, 0.003468514420092106, -0.020384812727570534, -0.0011592241935431957, -0.02096005529165268, 0.003057093359529972, 0.027129624038934708, -0.03162183612585068, 6.79818112985231e-05, 0.01311228796839714, -0.01613369770348072, 0.018315685912966728, 0.0013255381491035223, 0.010676190257072449, 0.019743148237466812, 0.025767788290977478, 0.013023290783166885, 0.012764842249453068, -0.03495602309703827, -0.04187886789441109, 0.004496286157518625, -0.0024493751116096973, -0.01856805384159088, -0.0227965097874403, -0.024851350113749504, -0.028888646513223648, 0.025784436613321304, 0.0005516296369023621, 0.008661696687340736, 0.023196326568722725, -0.025849327445030212, -0.02051388844847679, -0.01775183528661728, 0.03503980115056038, -0.08177579194307327, 0.010290542617440224, -0.04625315219163895, -0.0008842854294925928, -0.012110907584428787, -0.04953739792108536, -0.01757827401161194, 0.016961710527539253, -0.044997844845056534, 0.03465406969189644, 0.015284745022654533, -0.02790171094238758, -0.018174398690462112, -0.03614482283592224, -0.028038455173373222, -0.02243790589272976, 0.017354868352413177, 0.01656254008412361, 0.008928658440709114, -0.03638598695397377, -0.051286108791828156, 0.012124915607273579, -0.05382873862981796, -0.001348187681287527, -0.0511341318488121, 0.05311073735356331, 0.014729242771863937, 0.02767733857035637, -0.014285716228187084, 0.01915978640317917, -0.05065365880727768, -0.03682039678096771, -0.03403255715966225, -0.03434973582625389, -0.05892796441912651, -0.02862122841179371, -0.0027763477992266417, 0.011861965991556644, 0.027299469336867332, 0.006435440853238106, 0.0237005315721035, -0.016201389953494072, -0.013251174241304398, -0.03482825309038162, 0.019629744812846184, 0.01173753384500742, 0.004896420054137707, 0.008941016159951687, 0.02901206910610199, -0.00040643871761858463, -0.004272462334483862, -0.018518775701522827, -0.05214295908808708, 0.01406907755881548, -0.019145343452692032, -0.002209464553743601, -0.07040420174598694, -0.013524961657822132, -0.003143701469525695, 0.02472515217959881, -0.00559546472504735, 0.010314078070223331, -0.017734138295054436, -0.011878003366291523, 0.011123504489660263, -0.0173958633095026, 0.05027119442820549, -0.002055014716461301, 0.022864673286676407, 0.03249523788690567, -0.01778169348835945, 0.001642553135752678, -0.009597880765795708, -0.029002370312809944, 0.033490896224975586, 0.0035506112035363913, 0.034903354942798615, 0.007165343966335058, -0.0019949369598180056, 0.05725383758544922, -0.028884731233119965, -0.0026925799902528524, -0.024483921006321907, -0.013813809491693974, 0.04087638109922409, -0.05309923365712166, 0.0045699626207351685, 0.019752049818634987, 0.036509256809949875, -0.04403043910861015, -0.0205755103379488, 0.006321054883301258, 0.014435569755733013, 0.026935242116451263, -0.012685731053352356, 0.01996675133705139, -0.04470513015985489, 0.017309559509158134, -0.029245367273688316, 0.017231790348887444, -0.0020860794465988874, 0.05775345861911774, -0.027647128328680992, -0.02611302211880684, 0.017421264201402664, -0.022633176296949387, 0.024556022137403488, -0.012388128787279129, 0.0027358296792954206, 0.0068548922426998615, -0.015881504863500595, 0.019722072407603264, -0.02834533527493477, 0.006681447848677635, -0.022542603313922882, -0.03143373876810074, 0.07112288475036621, -0.010930700227618217, 0.021734418347477913, -0.015470682643353939, 0.03731992468237877, 0.0016569190192967653, 0.0369223952293396, 0.024474626407027245, 0.024672619998455048, -0.007597861345857382, 0.04151660203933716, -0.002862941473722458, 0.02825579233467579, -5.4502907005371526e-05, 0.04229733720421791, -0.03842606022953987, -0.007595776580274105, -0.015283861197531223, 0.052765537053346634, -0.02299676090478897, 0.0020212389063090086, 0.013103250414133072, -0.01448857132345438, -0.04342030733823776, 0.009079348295927048, 0.046414054930210114, 0.010394020937383175, 0.011812850832939148, -0.012827971950173378, -0.050444792956113815, 0.0017375434981659055, 0.0007391764083877206, -0.035587627440690994, -0.004407355561852455, 0.022438574582338333, 0.01313530933111906, 0.006449712440371513, -0.02351529151201248, -0.012922277674078941, 0.0123605253174901, -0.043079204857349396, -0.00019083941879216582, -0.004327924456447363, 0.07384230196475983, 0.0028974178712815046, 0.013325957581400871, 0.02579008974134922, -0.006466266233474016, -0.01511781569570303, -0.013124226592481136, -0.03564636781811714, -0.01784299500286579, -0.030307980254292488, 0.00698532210662961, 0.008175572380423546, 0.017064636573195457, -0.09418978542089462, -0.007913399487733841, -0.00970273558050394, 0.005623308476060629, 0.011353159323334694, -0.0014358445769175887, 0.02389858104288578, 0.05550360307097435, -0.012568219564855099, 0.035924892872571945, -0.000695135269779712, 0.03633420914411545, -0.025116413831710815, -0.002661515260115266]",
15_1_0_errors_inline_script_id_mdx_section_4,section,15_1_0_errors_inline_script_id_mdx,Inline script id - Useful links,,{},15.1.0,"[/docs/pages/building-your-application/optimizing/scripts](/docs/pages/building-your-application/optimizing/scripts)
",,"[(np.int64(360), np.float64(0.10481023043394089)), (np.int64(2256), np.float64(0.19764165580272675)), (np.int64(3447), np.float64(0.2402564138174057)), (np.int64(7844), np.float64(0.1189785897731781)), (np.int64(22317), np.float64(0.24500234425067902)), (np.int64(26499), np.float64(0.23681490123271942)), (np.int64(36836), np.float64(0.17960137128829956))]","[-0.02295263297855854, 0.002774737076833844, -0.04332790896296501, 0.007559881079941988, -0.02349466271698475, -0.028088686987757683, -0.01045389473438263, 0.017121750861406326, -0.005068166647106409, 0.014220918528735638, -0.02378777042031288, 0.011445635929703712, 0.02584499679505825, -0.009087400510907173, 0.0018255166942253709, -0.00045355939073488116, 0.014373545534908772, 0.018499527126550674, 0.03572918102145195, -0.009464665316045284, -0.015465451404452324, -0.0064880745485424995, 0.044211775064468384, -0.012155846692621708, -0.007286724168807268, 0.01788017526268959, -0.019279561936855316, -0.006531513761729002, 0.03056069277226925, 0.014454296790063381, 0.05158441141247749, -0.02792077511548996, 0.00807808618992567, -0.02921721525490284, -0.012000993825495243, -0.030216814950108528, -0.01999913528561592, -0.026456886902451515, -0.02788032777607441, 0.0009980269242078066, 0.015000134706497192, 0.02306361496448517, -0.013910873793065548, -0.012270422652363777, 0.03776862844824791, -0.010837269015610218, 0.028549201786518097, -0.026762478053569794, 0.0034484348725527525, -0.012222643941640854, 0.004493029322475195, -0.019746622070670128, 0.019868871197104454, -0.053136952221393585, 0.07181696593761444, 0.04864538833498955, -0.0161749217659235, -0.03016108274459839, -0.03195197507739067, 0.028283586725592613, -0.03205277398228645, -0.033934250473976135, -0.014044382609426975, -0.006828965153545141, 0.01063471008092165, 0.041455209255218506, 0.020538870245218277, -0.02495178021490574, -0.025119293481111526, -0.034320537000894547, 0.005027758423238993, 0.03740091994404793, -0.03195316717028618, -0.03789249062538147, -0.0660393014550209, 0.009050106629729271, 0.010866531170904636, -0.018962616100907326, -0.026142286136746407, 0.03088518977165222, -0.013947623781859875, 0.011067468672990799, 0.030688799917697906, -0.0034273299388587475, 0.007967719808220863, 0.03350972384214401, 0.016344130039215088, 0.016099343076348305, 0.039384495466947556, 0.047574784606695175, -0.0029298176523298025, -0.028260959312319756, 0.05496180057525635, -0.038702551275491714, -0.00934583693742752, -0.027183908969163895, 0.01991170272231102, 0.02422228455543518, 0.05479583889245987, -0.0009996738517656922, 0.045733459293842316, -0.03284770995378494, 0.0053558507934212685, -0.02256636507809162, 0.039670925587415695, -0.010389319621026516, -0.008933530189096928, 0.00943045224994421, 0.004603467881679535, -0.0035939167719334364, 0.0069479066878557205, 0.026578957214951515, 0.031708065420389175, -0.014647739008069038, 0.03125634789466858, -0.012386707589030266, -0.011662839911878109, -0.01724885404109955, 0.024692991748452187, 0.006136600859463215, 0.023297058418393135, 0.026336705312132835, 0.05378478392958641, -0.021298611536622047, 0.04154248908162117, 0.0445193350315094, 0.0018875888781622052, 0.043491676449775696, 0.009205111302435398, -0.02378741279244423, 0.008889044634997845, 0.01427468378096819, 0.0016445169458165765, -0.013524403795599937, -0.03729168698191643, -0.004153006710112095, 0.0019690843764692545, 0.017700690776109695, 0.009992687031626701, -0.052387747913599014, 0.014256146736443043, 0.0009261469240300357, -0.006831193808466196, -0.02592863328754902, 0.03345407545566559, -0.04861552268266678, 0.07239916175603867, 0.011075560934841633, 0.009076454676687717, -0.06248178333044052, -0.03589538484811783, 0.013312428258359432, 0.027459386736154556, 0.01974574476480484, -0.01160400826483965, -0.029444867745041847, -0.013657803647220135, 0.01066391821950674, 0.004859463311731815, -0.021520059555768967, -0.05305095762014389, -0.025878826156258583, -0.018605738878250122, 0.01712118089199066, 0.01385252084583044, -0.024133266881108284, 0.004809599835425615, 0.00011501273547764868, -0.03599365055561066, -0.015130171552300453, 0.03722262755036354, -0.06798168271780014, 0.005422382615506649, 0.002924407133832574, -0.011965814046561718, 0.028599761426448822, 0.08452331274747849, 0.022731618955731392, 0.02192012220621109, -0.039063893258571625, -0.020172948017716408, 0.01681324653327465, -0.018699636682868004, -0.0009566314402036369, -0.052015457302331924, -0.00015342178812716156, 0.007202888373285532, -0.00528699392452836, 0.0035536871291697025, -0.032003287225961685, 0.0044381748884916306, -0.019375266507267952, 0.02772524207830429, -0.0004999581724405289, 0.024719463661313057, -0.01482508983463049, 0.04603073000907898, 0.010253298096358776, -0.004078872036188841, -0.007901576347649097, 0.016098013147711754, 0.02959338016808033, 0.03141584247350693, -0.019075509160757065, -0.018945178017020226, -0.05214597284793854, -0.011268098838627338, -0.05078597739338875, 0.00742335245013237, -0.005660913418978453, 0.0052346838638186455, -0.034805867820978165, -0.05603726580739021, 0.030316613614559174, -0.07840164005756378, 0.012676263228058815, -0.014114124700427055, 0.013180254958570004, -0.004910909570753574, -0.03170255199074745, -0.007559741381555796, 0.02758905291557312, 0.013513190671801567, 0.025873519480228424, 0.03578150272369385, -0.013850978575646877, 0.04093324393033981, 0.05109178274869919, 0.01621166430413723, -0.024511873722076416, -0.02410249039530754, -0.021012509241700172, 0.021651212126016617, -0.03862110897898674, 0.06309731304645538, -0.030865002423524857, 0.023900171741843224, -0.0028119049966335297, 0.007917474023997784, -0.036638401448726654, 0.028292763978242874, -0.04058730602264404, 0.061762735247612, 0.0001705078611848876, -0.05550713464617729, -0.006477658636868, -0.010648244060575962, 0.038584187626838684, -0.0227967482060194, -0.055063776671886444, 0.012905504554510117, -0.0006777268135920167, 0.004900751169770956, 0.00803359691053629, 0.009633630514144897, 0.02700887620449066, 0.023182976990938187, 0.004493537824600935, -0.08146212995052338, -0.01107785478234291, -0.003721238113939762, 0.005058692302554846, -0.03666294366121292, 0.0244793351739645, 0.02556445263326168, -0.030968083068728447, -0.00019552628509700298, -0.02701375260949135, 0.015008287504315376, -0.0025448515079915524, -0.008520758710801601, 0.0012869624188169837, 0.015528926625847816, -0.007692496292293072, -0.006236386019736528, 0.007426301948726177, -0.04363125562667847, -0.02452482469379902, 0.07579334080219269, -0.012889731675386429, 0.025497600436210632, 0.05892808362841606, 0.02392362616956234, 0.034374918788671494, 0.0933833047747612, -0.0263461172580719, -0.01705080084502697, -0.041871752589941025, 0.06525368988513947, 0.020153619349002838, -0.06207524240016937, -0.04864494130015373, 0.041056498885154724, -0.025357769802212715, 0.005444332491606474, 0.007088777609169483, -0.004458956886082888, -0.15366287529468536, -0.0333588607609272, 0.022746680304408073, 0.04371416196227074, 0.006293329410254955, 0.02104521542787552, -0.021834155544638634, -0.0037617264315485954, -0.00015816593077033758, 0.01771802455186844, -0.024661241099238396, -0.06034049391746521, 0.008716439828276634, -0.04220833256840706, 0.0072678811848163605, 0.037573814392089844, -0.0035477003548294306, 0.005319003015756607, -0.0015040684957057238, -0.0061062476597726345, -0.02942952886223793, 0.003893013810738921, 0.021385937929153442, -0.026903465390205383, 0.002070000395178795, -0.00503752613440156, 0.015358438715338707, 0.03669833391904831, -0.018850333988666534, 0.037665024399757385, -0.03461601957678795, -0.029672201722860336, 0.0009539020829834044, -0.027639800682663918, -0.00694724265486002, 0.032112911343574524, 0.008393373340368271, -0.01490231417119503, -0.0024942895397543907, -0.030542274937033653, 0.035122327506542206, 0.013170382007956505, -0.018768930807709694, -0.014598741196095943, 0.007690964266657829, -0.0027691705618053675, 0.002643871121108532, -0.010601172223687172, -0.012688517570495605, -0.08459474891424179, 0.01804395020008087, -0.0020617241971194744, 0.013799666427075863, 0.018006999045610428, -0.04063350707292557, 0.01625477895140648, 0.01782407984137535, 0.06796668469905853, -0.053247276693582535, 0.03667492792010307, 0.01365742553025484, -0.004861403722316027, 0.043554212898015976, -0.039031870663166046, -0.014378679916262627, 0.01793471910059452, 0.07597755640745163, -0.007774608209729195, 0.012059135362505913, 0.002438885858282447, -0.01343582198023796, -0.031888216733932495, 0.04170314967632294, -0.01162898913025856, -0.019958894699811935, 0.0183657668530941, 0.042678430676460266, -0.017518457025289536, 0.003345932113006711, -0.12438641488552094, -0.028507985174655914, 0.01833447441458702, 0.0055044651962816715, 0.048617783933877945, -0.019480662420392036, -0.031364209949970245, -0.0011430904269218445, -0.003966786898672581, 0.01265965960919857, 0.24893173575401306, -0.019329151138663292, 0.029207132756710052, 0.0023392222356051207, 0.03340187668800354, -0.04171520099043846, -0.014014523476362228, 0.032347407191991806, 0.01062414888292551, -0.035460494458675385, 0.00023323087953031063, 0.027851328253746033, 0.0009199721971526742, -0.012337295338511467, 0.020103825256228447, 0.013594813644886017, -0.052836671471595764, 0.0011106907622888684, 0.06962023675441742, 0.0023440259974449873, -0.003583234967663884, -0.07267793267965317, 0.03718191757798195, 0.018512817099690437, -0.06905270367860794, -0.051348160952329636, -0.017376476898789406, 0.030428513884544373, -0.02608502097427845, 0.014194885268807411, -0.008488186635077, 0.0391940176486969, 0.0817384123802185, -0.023817207664251328, -0.017676573246717453, 0.00032766585354693234, 0.0789661779999733, 0.0016783507307991385, -0.02683240920305252, -0.011616641655564308, -0.03159691393375397, 0.005692361854016781, 0.011510489508509636, 0.011656902730464935, -0.05455842614173889, -0.023112844675779343, 0.007618377450853586, 0.018509970977902412, 0.028814325109124184, -0.021029474213719368, 0.04610840231180191, -0.028209399431943893, -0.0072222002781927586, 0.0016816208371892571, 0.03549860417842865, 0.001293357228860259, -0.006267228629440069, 0.022909928113222122, -0.026096723973751068, 0.018516162410378456, 0.017734413966536522, 0.022650567814707756, -0.0218527689576149, 0.018807439133524895, -0.010291078127920628, 0.014662748202681541, -0.014466376043856144, -0.05040280520915985, 0.00910995900630951, 0.06171054765582085, 0.022961823269724846, 0.04118133336305618, 0.02050704136490822, -0.03592175245285034, -0.015405438840389252, -0.01862948387861252, 0.03965410590171814, 0.015157117508351803, -0.02640477940440178, 0.02504579909145832, -0.03151967376470566, 0.011709333397448063, -0.039954785257577896, 0.006489547435194254, 0.0012110464740544558, -0.03762087970972061, -0.006589433178305626, 0.06596682965755463, -0.010722149163484573, -0.0037097185850143433, -0.00023016986961010844, 0.012999961152672768, -0.018313594162464142, 0.006002694834023714, -0.0406305305659771, 0.00599213782697916, -0.010552278719842434, 0.00025422967155463994, -0.06480136513710022, 0.021562395617365837, -0.024218853563070297, 0.009724149480462074, -0.011473320424556732, -0.01876690424978733, 0.0296078622341156, -0.0007176584331318736, -0.00047647018800489604, -0.005848159547895193, 0.014494407922029495, 0.03961276262998581, -0.01692398637533188, 0.030002251267433167, 0.02958766184747219, -0.04989014193415642, -0.03618738427758217, 0.028142573311924934, 0.008801298215985298, 0.027136296033859253, 0.01893247477710247, 0.04698975011706352, -0.017252251505851746, 0.014295186847448349, -0.024892181158065796, 0.022883407771587372, 0.006248238030821085, -0.03792937844991684, -0.025366265326738358, 0.07228678464889526, -0.031699128448963165, 0.034437648952007294, 0.05121792107820511, -0.039530716836452484, -0.02062443643808365, 0.015984736382961273, 0.01594489812850952, 0.022830937057733536, 0.02869121916592121, 0.04333032667636871, -0.004773938562721014, -0.0029606029856950045, -0.037415675818920135, -0.018482038751244545, 0.009656750597059727, 0.02404278703033924, 0.011801389046013355, 0.030573932453989983, -0.016686715185642242, 0.005656753201037645, 0.042500149458646774, 0.01402852963656187, 0.04435314983129501, 0.033960431814193726, 0.012313387356698513, -0.01608397252857685, -0.01438916102051735, -0.0422508530318737, -0.007986423559486866, -0.01061773020774126, 0.04187477380037308, -0.013960650190711021, 0.037710633128881454, 0.015468593686819077, 0.03199483081698418, 0.07033047080039978, -0.03593730553984642, -0.021509528160095215, -0.01966157928109169, 0.022215165197849274, -0.03538404405117035, 0.006880719680339098, -0.029612815007567406, 0.004766035825014114, -0.0609622597694397, 0.04830821976065636, -0.023883061483502388, -0.024103719741106033, -0.004409127403050661, -0.032202281057834625, -0.0327121838927269, -0.03844998776912689, 0.02158193849027157, -0.022778762504458427, -0.049560464918613434, 0.012718564830720425, 0.017588330432772636, -0.004219683352857828, -0.01505154836922884, -0.016620779410004616, 0.01858251914381981, -0.031133199110627174, -0.026571491733193398, 0.12973985075950623, -0.019405607134103775, -0.035797394812107086, 0.03574882820248604, 0.008580107241868973, 0.008680199272930622, 0.03536929562687874, 0.007167292293161154, 0.031214455142617226, 0.008435686118900776, 0.014216057024896145, -0.022900931537151337, 0.02948414720594883, -0.025080259889364243, -0.03312383219599724, -0.023831807076931, 0.02674025297164917, -0.012983374297618866, 0.019145842641592026, 0.010765870101749897, 0.009667797945439816, -0.03783007711172104, -0.008035378530621529, 0.04572430998086929, -0.03036610409617424, 0.06814620643854141, 0.04849734902381897, 0.008214183151721954, -0.006217925809323788, -0.057149775326251984, -0.011846432462334633, -0.011334910057485104, 0.0032595088705420494, 0.0006823648582212627, -0.0011224804911762476, 0.0028971938882023096, -0.02812190167605877, -0.007797004655003548, 0.02902790531516075, -0.009777074679732323, 0.024290237575769424, 0.01317831315100193, -0.004303379915654659, -0.0020360946655273438, 0.01744905859231949, 0.03186098486185074, 0.023517606779932976, 0.030030321329832077, -0.033539727330207825, -0.004986713174730539, -0.029213061556220055, 0.062066592276096344, 0.03662259504199028, 0.009901204146444798, 0.003008676692843437, -0.0324317142367363, -0.015911566093564034, 0.023493895307183266, -0.005559345241636038, 0.021519744768738747, -0.04167819023132324, -0.012406041845679283, -0.02375781163573265, -0.004570453893393278, -0.00332840858027339, -0.012697434984147549, 0.004044863395392895, -0.03171760216355324, 0.009870970621705055, -0.016304442659020424, 0.03170762211084366, 0.00894222967326641, 0.01603146269917488, 0.0036741711664944887, -0.03312096372246742, 0.018182771280407906, -0.024963190779089928, -0.03069309890270233, -0.043609343469142914, -0.04360661283135414, -0.0027020114939659834, -0.03131916746497154, 0.009244893677532673, 0.07855212688446045, 0.013871397823095322, -0.013308292254805565, 0.01258001010864973, 0.00034670610330067575, -0.04934810847043991, -0.08032551407814026, 0.022927481681108475, -0.015353505499660969, 0.012280477210879326, 0.01247495599091053, 0.0088664460927248, 0.05714374780654907, 0.0018308375729247928, -0.013125435449182987, -0.05061784014105797, 0.009303160011768341, 0.0028015729039907455, -0.032814137637615204, 0.017350075766444206, 0.004283077083528042, -0.024465959519147873, -0.027380740270018578, 0.024198045954108238, 0.0018028137274086475, 0.015263170003890991, 0.00833132490515709, -0.004641241859644651, -0.011624704115092754, -0.03122122399508953, -0.021099800243973732, 0.04996966943144798, -0.014234243892133236, -0.023413805291056633, 0.023728441447019577, 0.0028369659557938576, -0.008154746145009995, -0.02867637388408184, -0.009423194453120232, 0.06602969020605087, 0.01633823849260807, -0.023143045604228973, 0.030821362510323524, 0.03121860884130001, 0.012526774778962135, 0.01178364735096693, 0.00702429236844182, 0.005852429196238518, -0.014390397816896439, 0.009095918387174606, -0.029367929324507713, -0.003786848159506917, -0.030918166041374207, 0.023280952125787735, -0.05588102713227272, 0.004356204532086849, -0.049904000014066696, 0.00316798803396523, -0.025081021711230278, 0.016269082203507423, 0.026384390890598297, -0.03726084902882576, 0.03317025676369667, -0.017941849306225777, 0.003944904077798128, 0.010962950065732002, 0.03172485530376434, -0.03080563433468342, 0.07466985285282135, -0.021511299535632133, 0.02484319917857647, -0.015132282860577106, 0.005959007889032364, -0.042768899351358414, -0.035137906670570374, -0.01089178305119276, -0.01826070062816143, 0.01816643960773945, -0.027198700234293938, -0.007565255276858807, -0.013739874586462975, -0.01078946702182293, -0.004471533931791782, 0.005601853597909212, 0.042458754032850266, 0.011979151517152786, -0.011951357126235962, 0.0078056990168988705, -0.08157861977815628, -0.013881828635931015, -0.00396698247641325, 0.026585564017295837, -0.012945495545864105, 0.011503880843520164, -0.02789556048810482, 0.021607456728816032, -0.012380740605294704, -0.004508840851485729, -0.012328442186117172, 0.005287884268909693, -0.02811642549932003, 0.028503557667136192, -0.028308089822530746, 0.022557521238923073, 0.03826151043176651, -0.022280551493167877, 0.00699789822101593, -0.050859853625297546, -0.02295524626970291, -0.043870020657777786, -0.017525671049952507, -0.024706028401851654, -0.04646811634302139, 0.025689003989100456, 0.018239883705973625, 0.06410263478755951, -0.008952276781201363, -0.02158774621784687, -0.014202903024852276, -0.0006585202645510435, -0.16630229353904724, 0.011284231208264828, -0.05591482296586037, 0.014098885469138622, -0.035320479422807693, -0.014552080072462559, -0.036592818796634674, -0.06166680529713631, 0.0035114744678139687, -0.0259886272251606, -0.02995523251593113, -0.023879293352365494, 0.012922217138111591, -0.024667121469974518, -0.018820445984601974, 0.06149908900260925, 0.00190362602006644, 0.0005430023302324116, -0.04373006522655487, 0.024883808568120003, -0.0194311011582613, 0.0016729882918298244, 0.00805597472935915, -0.01622280664741993, -0.003447152441367507, -0.014020600356161594, 0.01509764138609171, -0.0319080613553524, -0.014143160544335842, 0.0037944745272397995, 0.006734980270266533, 0.00589350750669837, 0.028534946963191032, 0.005724885500967503, -0.031610991805791855, 0.040248654782772064, -0.00696169026196003, -0.02296217903494835, -0.003462410531938076, 0.013761737383902073, 0.015236583538353443, 0.012910140678286552, -0.00948177371174097, -0.018063383176922798, 0.06287551671266556, -0.01095087081193924, 0.015626560896635056, -0.027747664600610733, -0.019458292052149773, 0.012748898938298225, -0.054462578147649765, 0.0001138536463258788, -0.04005378112196922, 0.022394167259335518, -0.027704421430826187, 0.0016353505197912455, -0.020245293155312538, 0.015766140073537827, -0.07146427780389786, 0.03780265524983406, -0.0015351391630247235, 0.03460667282342911, 0.0032297936268150806, -0.013031469658017159, -0.0078096105717122555, 0.016169460490345955, -0.05619938671588898, 0.015078612603247166, -0.019974837079644203, -0.01770140789449215, -0.015897728502750397, -0.04731649160385132, -0.01520889438688755, -0.026249853894114494, 0.037449054419994354, 0.03663521260023117, -0.01771644689142704, -0.04164893180131912, -0.010728697292506695, -0.037829626351594925, -0.031213195994496346, -0.018359223380684853, -0.05081640183925629, 0.07619666308164597, 0.05405694991350174, 0.029454704374074936, 0.011599116027355194, 0.011029627174139023, -0.02261361852288246, -0.017667356878519058, -0.032818667590618134, -0.03664644807577133, -0.03810374066233635, 0.0019553075544536114, -0.026612618938088417, 0.026941882446408272, 0.00525618763640523, -0.003308134153485298, 0.011285257525742054, -0.03155942261219025, 0.041930779814720154, 0.01327994279563427, -0.026825934648513794, -0.011702176183462143, -0.03128819540143013, 0.049656596034765244, 0.045034050941467285, 0.004693800583481789, 0.008007807657122612, -0.021566642448306084, -0.11064843833446503, 0.021968843415379524, -0.017131533473730087, -0.0008702714694663882, -0.08997435867786407, 0.00846655759960413, -0.003227975917980075, 0.005109608639031649, 0.005753665696829557, 0.01979108341038227, -0.027578070759773254, -0.07949629426002502, 0.017569852992892265, -0.011334719136357307, 0.050312645733356476, 0.015947600826621056, 0.06380803883075714, 0.042355094105005264, 0.005138774868100882, -0.0021950025111436844, -0.019655520096421242, -0.08858850598335266, 0.01572991907596588, -0.007244402542710304, 0.03935158997774124, -0.013904807157814503, -0.0031609213910996914, 0.047202277928590775, -0.0651019737124443, -0.025075117126107216, -0.04261036217212677, 0.03705392777919769, 0.026342418044805527, -0.036727406084537506, 0.015487361699342728, -0.03493509441614151, 0.015229009091854095, -0.012044606730341911, 0.01859343983232975, -0.027830000966787338, 0.03303231671452522, 0.03512148931622505, -0.04372681304812431, 0.016572805121541023, -0.019249269738793373, 0.016753006726503372, -0.0228054691106081, -0.003361878450959921, -0.0494292788207531, 0.04768392816185951, -0.01705886609852314, -0.0033663674257695675, -0.009071056731045246, 0.0006861169822514057, 0.0006108942325226963, 0.024368571117520332, -0.00600206246599555, 0.009199288673698902, -0.035129670053720474, 0.0405874028801918, 0.002961676334962249, 0.03130965307354927, -0.027886120602488518, -0.0005675496067851782, 0.060290396213531494, -0.04392146319150925, 0.02772144414484501, 0.00928015261888504, 0.006798486225306988, -0.01825588382780552, 0.028436265885829926, 0.005870953667908907, 0.026783794164657593, 0.015591433271765709, -0.01782877743244171, -0.01223099883645773, -0.013940509408712387, -0.009993482381105423, 0.029386358335614204, -0.023736916482448578, -0.023216983303427696, 0.018778176978230476, -0.041751883924007416, -0.015196087770164013, -0.0005262441118247807, 0.028468044474720955, 0.00397852249443531, -0.006458507850766182, -0.003815065138041973, 0.051419585943222046, 0.0009179977350868285, 0.031187549233436584, 0.014159069396555424, -0.02436663955450058, -0.003899372648447752, -0.00825049914419651, -0.016092568635940552, -0.023399002850055695, 0.023213669657707214, 0.03861759603023529, -0.0014585359022021294, 0.034631118178367615, -0.019490094855427742, 0.003103795228525996, -0.027573151513934135, -0.027901889756321907, 0.06449781358242035, 0.03914548456668854, -0.02897387370467186, 0.00429469533264637, 0.018283290788531303, 0.019603554159402847, -0.02212521992623806, -0.012585490942001343, -0.022306913509964943, 0.006499741692095995, -0.01858414337038994, 0.017447955906391144, 0.0194009430706501, 0.011953767389059067, -0.035773370414972305, -0.016166916117072105, 0.004109871573746204, 0.013961059972643852, 0.01652703993022442, -0.022723091766238213, 0.00010347385978093371, 0.04010603204369545, -0.011685356497764587, -0.010381769388914108, 0.04691696539521217, 0.005410579964518547, 0.016979889944195747, -0.011282367631793022]",,
15_1_0_errors_install_sass_mdx,document,,Install `sass` to Use Built-In Sass Support,,{'related_links': []},15.1.0,"## Why This Error Occurred

Using Next.js' [built-in Sass support](/docs/pages/building-your-application/styling/sass) requires that you bring your own version of Sass.

## Possible Ways to Fix It

Please install the `sass` package in your project.

```bash filename=""Terminal""
npm i sass
# or
yarn add sass
```

## Useful Links

- [Sass Support in Documentation](/docs/pages/building-your-application/styling/sass)",,"[(np.int64(7), np.float64(0.224628746509552)), (np.int64(47), np.float64(0.0463528037071228)), (np.int64(667), np.float64(0.07964682579040527)), (np.int64(1135), np.float64(0.00754605233669281)), (np.int64(4153), np.float64(0.1220424622297287)), (np.int64(15796), np.float64(0.226516455411911)), (np.int64(24908), np.float64(0.14163020253181458)), (np.int64(36836), np.float64(0.11925210803747177)), (np.int64(58832), np.float64(0.262594074010849)), (np.int64(107951), np.float64(0.18638628721237183)), (np.int64(199876), np.float64(0.34474068880081177))]","[-0.04458767920732498, 0.03165982663631439, -0.030968112871050835, 0.024964110925793648, -0.030716754496097565, -0.00404400797560811, -0.021442502737045288, 0.022670047357678413, -0.026892853900790215, 0.028460362926125526, 0.012687099166214466, 0.020133208483457565, 0.004896591417491436, -0.013418678194284439, -0.02811954729259014, 0.015675393864512444, -0.0032400330528616905, 0.045439478009939194, 0.004628641065210104, -0.008582687005400658, -0.015669187530875206, -0.026807202026247978, 0.0504927858710289, -0.0041002132929861546, -0.015021166764199734, 0.040815453976392746, 0.0072026909328997135, -0.017369305714964867, 0.035600848495960236, 0.0021067634224891663, 0.00993763655424118, -0.03933700546622276, 0.03474899381399155, -0.01930330879986286, -0.034808266907930374, -0.034697793424129486, -0.030168386176228523, 0.024680722504854202, -0.03927610069513321, 0.04024708643555641, -0.009458411484956741, -0.002838559215888381, 0.016384607180953026, -0.01705039292573929, 0.03245283290743828, -0.014438514597713947, 0.00718548521399498, -0.008446765132248402, 0.010595330968499184, -0.030299469828605652, -0.010866605676710606, -0.005608282517641783, 0.07084866613149643, -0.04002586379647255, 0.04503655061125755, 0.02696641907095909, -0.00539481220766902, -0.0024150931276381016, -0.023880166932940483, 0.025997862219810486, -0.08656108379364014, -0.012179913930594921, -0.02393886260688305, 0.0038145778235048056, 0.009900856763124466, 0.030614087358117104, -0.02805502712726593, 0.01362465601414442, -0.025392502546310425, -0.042931217700242996, 0.01241836417466402, -0.008045653812587261, -0.054891437292099, -0.019570408388972282, -0.0634748637676239, -0.009754170663654804, 0.043574512004852295, -0.009893432259559631, 0.03163238987326622, -0.0022397900465875864, 0.0364542156457901, 0.012488055042922497, 0.005658598151057959, -0.03810231387615204, 0.004269294440746307, -0.04106689617037773, -0.013172751292586327, 0.049434199929237366, 0.05946236103773117, -0.010126378387212753, 0.021184042096138, -0.026598382741212845, 0.017313530668616295, -0.020236965268850327, -0.010793646797537804, 0.02224499173462391, -0.03526337444782257, -0.015897467732429504, 0.04798737168312073, 0.025254279375076294, -0.03324359282851219, -0.013765617273747921, -0.043456654995679855, -0.03357405215501785, 0.03824959322810173, 3.1810941436560825e-05, 0.029226867482066154, 0.015298323705792427, -0.01973908580839634, -0.03135087713599205, 0.0003915022243745625, 0.00873218197375536, -0.013838689774274826, -0.020626574754714966, -0.00977072399109602, -0.007959002628922462, -0.017354167997837067, -0.01889718510210514, 0.0351218655705452, -0.013332372531294823, 0.041800953447818756, -0.001789491856470704, 0.03763348609209061, -0.05252537876367569, 0.014630384743213654, -0.016884835436940193, -0.04394278675317764, 0.03184891492128372, -0.01893293857574463, 0.010645583271980286, 0.02700229175388813, 0.013747967779636383, -0.0036097329575568438, -0.005353441461920738, -0.03539552167057991, 0.03688832372426987, -0.010647643357515335, 0.0008384078973904252, 0.05577818304300308, -0.0047300830483436584, 0.032039254903793335, -0.024893898516893387, 0.04439645633101463, -0.04712170362472534, 0.010251129977405071, -0.06039275974035263, 0.04134274274110794, 0.0035806139931082726, -0.016351813450455666, -0.046046484261751175, 0.008482257835566998, -0.018701620399951935, -0.002039560815319419, -0.04465186968445778, 0.007502922788262367, -0.016535161063075066, 0.025511514395475388, -0.0013823460321873426, -0.004116143099963665, 0.006601344328373671, -0.03288063034415245, 0.03684409707784653, -0.04009470343589783, -0.005843576043844223, 0.03598739579319954, -0.009387874975800514, 0.011196807026863098, 0.007920663803815842, -0.05558796226978302, -0.055371034890413284, -0.003843101439997554, -0.0006964142085053027, 0.036842092871665955, -0.0038368860259652138, 0.008337578736245632, 0.058822374790906906, 0.03306299448013306, 0.017059409990906715, 0.01755066029727459, -0.019672168418765068, -0.06739909201860428, 0.05146675184369087, -0.017932860180735588, -0.000279938307357952, -0.024255182594060898, -0.006411407142877579, -0.016843173652887344, 0.008233773522078991, -0.010221275500953197, -0.01071383897215128, -0.057333268225193024, 0.002217263448983431, 0.03096146695315838, 0.03144248202443123, 0.01530001312494278, 0.01220700889825821, 0.018117696046829224, -0.02520032413303852, 0.002588182920590043, -0.02251375839114189, -0.0768229067325592, -0.00383138214237988, 0.022705622017383575, -0.022598659619688988, -0.015396522358059883, -0.019846975803375244, -0.018624750897288322, -0.024480042979121208, 0.021437792107462883, -0.011954255402088165, 0.022675013169646263, -0.01078327838331461, -0.026156356558203697, -0.004020924214273691, -0.04983857646584511, 0.026390062645077705, -0.016511067748069763, 0.06356563419103622, 0.004105204250663519, 0.006035950500518084, -0.013130701147019863, -0.013052609749138355, -0.004298577085137367, 0.010380539111793041, -0.004197718109935522, -0.007279665675014257, 0.05711837485432625, 0.017170390114188194, 0.014855518937110901, -0.034851234406232834, -0.025731554254889488, 0.0033266188111156225, 0.02935653179883957, 0.0007198334205895662, 0.04826187714934349, -0.03230224549770355, -0.02489207498729229, 0.02564340829849243, 0.014628474600613117, 0.009748287498950958, 0.011223775334656239, -0.05012119188904762, 0.001975157530978322, 0.02471066266298294, -0.038682617247104645, -0.020791666582226753, 0.05334171652793884, -0.005266727413982153, -0.05872434005141258, -0.04268518462777138, 0.03687797859311104, 0.012331263162195683, 0.01473762933164835, -0.030271446332335472, -0.01341125275939703, 0.03253791481256485, 0.021017352119088173, -0.01348093431442976, -0.04659242182970047, -0.027209827676415443, 0.026094455271959305, 0.03713764622807503, -0.007175746373832226, 0.0027199003379791975, 0.0117341885343194, -0.017771892249584198, -0.01028304174542427, 0.009778185747563839, -0.034996189177036285, -0.018079319968819618, -0.03284980356693268, 0.006596580147743225, -0.03227344900369644, -0.0019242365378886461, 0.008885116316378117, 0.029551420360803604, 0.007866567932069302, -0.037648480385541916, 0.06242034584283829, 0.017362123355269432, -0.0045294747687876225, 0.052223414182662964, 0.020600156858563423, 0.012424910441040993, 0.02353420853614807, 0.022330401465296745, 0.001121113309636712, -0.05533487722277641, 0.03383137658238411, -7.40394534659572e-05, 0.019383937120437622, -0.014649794436991215, 0.038187336176633835, -0.03898438438773155, -0.024950051680207253, -0.00046656420454382896, 0.0028753492515534163, -0.1705930382013321, -0.0024738183710724115, 0.04399321228265762, -0.010852866806089878, 0.007931182160973549, 0.04225917160511017, -0.053320012986660004, -0.016568979248404503, -0.05264115333557129, 0.05657447502017021, 0.01138901337981224, -0.04924168065190315, 0.025765690952539444, 0.012443991377949715, -0.023369599133729935, 0.020361391827464104, -0.030238816514611244, 0.006343184504657984, 0.03688788041472435, -0.03649412840604782, -0.0030786171555519104, -0.0394800566136837, 0.03554806113243103, -0.017508303746581078, 0.0009678833303041756, -0.041504424065351486, 0.04907676950097084, -0.010942325927317142, -0.04511600732803345, 0.04283931106328964, -0.03990236297249794, 0.014645778574049473, -0.005378953646868467, 0.021773286163806915, 0.008106554858386517, 0.037288591265678406, 0.046243153512477875, 0.0040459949523210526, 0.0013231807388365269, -0.05639588460326195, 0.005292635411024094, 0.026403669267892838, -0.022618094459176064, -0.023747287690639496, 0.004235435742884874, -0.06825648993253708, 0.04541740566492081, 0.006483437959104776, -0.01777827925980091, -0.0595308355987072, 0.014397744089365005, -0.010014179162681103, 0.006597459781914949, -0.02869086153805256, -0.008556114509701729, -0.00631779246032238, -0.01970835030078888, 0.01865983195602894, -0.038095906376838684, -0.04603511840105057, -0.03362315893173218, -0.02177775278687477, 0.03275076299905777, -0.01283231656998396, -0.060002461075782776, -0.010393984615802765, 0.02743220515549183, -0.007679477799683809, 0.013447550125420094, -0.031134741380810738, 0.025795551016926765, -0.025342140346765518, 0.00023332861019298434, 0.00028371039661578834, -0.02146400511264801, 0.020560191944241524, 0.013489714823663235, -0.04772356152534485, 0.002405396196991205, -0.11641700565814972, 0.016569143161177635, -0.01038425974547863, -0.011240128427743912, 0.035040341317653656, -0.00012106557551305741, -0.004714764654636383, 0.012159522622823715, -0.02419028989970684, 0.033385999500751495, 0.24131615459918976, 0.03640465810894966, -0.010071233846247196, -0.005278782453387976, 0.06979993730783463, -0.06862541288137436, 0.007462125737220049, 0.008392917923629284, 0.038219936192035675, -0.05960296466946602, -0.022505983710289, 0.02731790952384472, -0.022759540006518364, -0.005311335436999798, -0.014643594622612, 0.01842653937637806, -0.057953037321567535, 0.05181001499295235, 0.04873358830809593, -0.027284987270832062, 0.022536147385835648, -0.023248223587870598, 0.03444172069430351, 0.016056392341852188, -0.07748561352491379, -0.0018754848279058933, -0.052137959748506546, -0.042489416897296906, -0.040143463760614395, 0.015977460891008377, -0.066927969455719, 0.03218527510762215, 0.039702095091342926, -0.06849639862775803, 0.009898396208882332, -0.02570813149213791, 0.006570411846041679, -0.027767634019255638, 0.0016572753665968776, 0.011473399586975574, -0.018795490264892578, 0.007589622866362333, 0.013168997131288052, 0.03629225119948387, 0.003522939747199416, -0.03266170620918274, 0.0044752503745257854, -0.009233715943992138, 0.019699033349752426, -0.03662826493382454, 0.010171962901949883, -0.054121121764183044, -0.054349385201931, -0.012575725093483925, -0.026472771540284157, -0.02814849093556404, 0.009288154542446136, -0.06032922863960266, -0.005718063563108444, 0.0004169470048509538, -0.008596831001341343, 0.02416449971497059, -0.04138217493891716, 0.0026782082859426737, -0.03099120408296585, 0.010141520760953426, 0.02558749169111252, -0.02164815552532673, 0.012894392013549805, 0.0400032140314579, 0.018620647490024567, -0.004155403934419155, 0.007094531320035458, 0.006350379437208176, 0.0006881898152641952, -0.00676555885002017, 0.05309377983212471, 0.07942838966846466, -0.004883418790996075, 0.01550174318253994, -0.04286393150687218, 0.039935022592544556, -0.048170968890190125, 0.005776841659098864, -0.007987502962350845, -0.009621922858059406, 0.0225203987210989, 0.05025620386004448, -0.03857212886214256, -0.03374691680073738, -0.011758633889257908, 0.0038493715692311525, -0.0028919950127601624, 0.05293572321534157, -0.007875091396272182, 0.009846841916441917, 0.026870789006352425, -0.017623571678996086, 0.0011201341403648257, 0.010880673304200172, -0.03680454567074776, 0.0020447683054953814, -0.002490363549441099, -0.021786769852042198, 0.03268934413790703, -0.07075072824954987, -0.011532223783433437, -0.0018308769213035703, 0.05741865932941437, -0.012289767153561115, -0.027864666655659676, 0.014237591065466404, 0.022992508485913277, -0.013458740897476673, -0.036267127841711044, 0.017707083374261856, 0.02467733807861805, 0.007178376894444227, 0.034941986203193665, -0.014551484026014805, 0.06022278591990471, 0.01706046797335148, -0.015477597713470459, -0.0353577584028244, 0.024182312190532684, -0.0246573593467474, 0.003218169091269374, -0.009344625286757946, -0.07223852723836899, -0.0030021709389984608, 0.045253340154886246, -0.03631210699677467, -0.0068069943226873875, 0.049646005034446716, 0.01879829540848732, 0.02036268077790737, 0.019322797656059265, 0.028983868658542633, -0.03468868136405945, 0.02557973563671112, 0.00014315667795017362, -0.016284573823213577, 0.018221696838736534, -0.02385965920984745, -0.004993261303752661, 0.04219627380371094, -0.018358362838625908, -0.0003369739861227572, 0.043755903840065, 0.033610749989748, 0.04052305966615677, 0.019361574202775955, 0.02637077122926712, -0.029438447207212448, -0.02048211358487606, -0.05575351417064667, -0.004938286263495684, 0.004816994536668062, 0.016747528687119484, -0.02434404194355011, 0.0148130739107728, 5.6640736147528514e-05, 0.011387122794985771, 0.053602296859025955, 0.008307527750730515, 0.0067185028456151485, -0.013334245420992374, 0.022023648023605347, -0.039259325712919235, -0.00680903997272253, -0.011264676228165627, -0.0587448850274086, -0.02051623910665512, 0.06528494507074356, 0.006256531924009323, -0.027308698743581772, -0.0597727932035923, 0.006341627333313227, -0.0013912915019318461, -0.013684759847819805, -0.006307512987405062, -0.026976002380251884, -0.07531774789094925, -0.007508224807679653, 0.04787609726190567, -0.02288512885570526, -0.001901934971101582, -0.0028847146313637495, -0.006132706068456173, -0.026273801922798157, -0.016583625227212906, 0.09559109061956406, -0.0062701087445020676, 0.013633651658892632, 0.04524003714323044, 0.004044533707201481, 0.05832681432366371, 0.00037669274024665356, -0.008069243282079697, -0.012246208265423775, 0.013022801838815212, -0.00878702662885189, 0.01362527534365654, 0.02230122871696949, 0.021298665553331375, -0.058387622237205505, 0.0146322101354599, 0.024329619482159615, -0.04395270347595215, 0.016153616830706596, 0.023148322477936745, 0.0033903303556144238, -0.05775397643446922, -0.0057945637963712215, 0.02869931049644947, -0.009411359205842018, 0.05223213508725166, 0.028220947831869125, 0.025801656767725945, -0.015588239766657352, -0.05792570114135742, -0.03307966887950897, 0.0270274318754673, -0.027901262044906616, 0.03543917462229729, 0.012290439568459988, 0.04398917034268379, -0.011181621812283993, 0.02530662715435028, -0.003491664305329323, -0.0031366380862891674, 0.025888187810778618, -0.007277859374880791, -0.03173293173313141, -0.0028640178497880697, 0.034490667283535004, -0.0007185416179709136, 0.02174374833703041, 0.005539759062230587, -0.01960114575922489, -0.023228110745549202, -0.027033086866140366, 0.04970821738243103, -0.00147395976819098, -0.027499379590153694, 0.018337784335017204, -0.05982249602675438, -0.040987685322761536, 0.00046680038212798536, 0.043472304940223694, 0.006805398967117071, -0.014209234155714512, -0.004501484800130129, -0.0072583225555717945, 0.028760457411408424, -0.01630069687962532, -0.027444379404187202, -0.01690134033560753, -0.01531680952757597, -0.017114711925387383, 0.016095459461212158, 0.01156491320580244, -0.015087026171386242, -0.00038304354529827833, 0.03619474917650223, -0.06727084517478943, 0.013765552081167698, -0.011219926178455353, -0.010477093048393726, -0.0154170673340559, -0.036268096417188644, -0.01604890264570713, -0.011457949876785278, 0.003213181160390377, 0.030438121408224106, 0.003604882163926959, -0.02140055224299431, 0.029935985803604126, 0.04557284712791443, -0.02823919802904129, -0.05381907522678375, -0.028354210779070854, -0.01703295111656189, 0.035798121243715286, 0.011921818368136883, 0.04508256912231445, 0.02556845359504223, 0.031055845320224762, -0.015851840376853943, -0.045990362763404846, -0.01204273197799921, -0.021335173398256302, -0.03679608553647995, -0.0019427192164584994, -0.015630925074219704, -0.023348964750766754, -0.021305816248059273, 0.008150273934006691, 0.010791147127747536, 0.02376818098127842, -0.01348815392702818, -0.01433843094855547, 0.02027914486825466, -0.026289522647857666, -0.07602468878030777, 0.039988987147808075, -0.0012890625512227416, -0.003805304178968072, 0.0324145145714283, 0.013827449642121792, -0.006254331208765507, -0.07152803987264633, 0.02844679169356823, 0.03447918966412544, 0.013712845742702484, -0.006545752752572298, 0.05480540171265602, -0.018224164843559265, 0.0028653061017394066, -0.0012327979784458876, 0.013807957991957664, -0.016591740772128105, -0.019506994634866714, 0.0180341899394989, 0.006756627932190895, 0.00898161344230175, 0.05005798488855362, -0.04029709845781326, -0.028406038880348206, -0.009059978649020195, -0.03705376759171486, -0.0020039225928485394, -0.012269247323274612, 0.014433363452553749, 0.004602797795087099, 0.0010161787504330277, 0.006521790754050016, -0.03329768404364586, 0.03929463401436806, 0.003259435761719942, -0.027474896982312202, 0.0322762206196785, 0.040265362709760666, -0.017170201987028122, -0.0168736781924963, -0.06535828858613968, 0.016665177419781685, 0.0166572667658329, -0.021625813096761703, -0.008069799281656742, 0.013295697048306465, 0.02524830959737301, 0.0028045710641890764, -0.026718299835920334, 0.027639124542474747, 0.043642643839120865, -0.012875347398221493, 0.023745985701680183, -0.023620648309588432, 0.018458878621459007, -0.05003044009208679, 0.028721297159790993, -0.02464568428695202, -0.023748550564050674, -0.0031657915096729994, 0.023160332813858986, 0.017481468617916107, 0.017610395327210426, -0.01939297281205654, 0.01211926806718111, -0.0251996498554945, 0.007390779443085194, 0.06300979107618332, 0.025535758584737778, 0.031929582357406616, 0.0397278256714344, -0.002964581595733762, 0.04815087467432022, -0.01220538280904293, 0.05247151479125023, -0.03574172779917717, -0.0019241267582401633, -0.008571287617087364, -0.021106723695993423, -0.01137065514922142, 0.03606606647372246, -0.021665940061211586, -0.005524723324924707, 0.029786832630634308, 0.04010389372706413, 0.009746816009283066, 0.052035123109817505, -0.014121383428573608, 0.02359103597700596, -0.13280466198921204, 0.012363584712147713, -0.002763128839433193, 0.01298044715076685, 0.013437658548355103, -0.01580876298248768, -0.005694069899618626, -0.004568084143102169, -0.010914755053818226, -0.05556098744273186, -0.007243490312248468, 0.01531639602035284, 0.0517343245446682, -0.007481516804546118, 0.032992757856845856, 0.023792656138539314, 0.016873657703399658, -0.019004488363862038, -0.028926676139235497, 0.0035483839455991983, 0.003354903543367982, 0.012115859426558018, 0.02285183034837246, 0.010088368318974972, -0.04925287142395973, -0.03305552899837494, 0.010769909247756004, -0.004362940788269043, -0.006923884619027376, -0.02740788459777832, -0.010333538055419922, -0.042290449142456055, 0.0027167408261448145, 0.015842143446207047, -0.01114492118358612, -0.009819285944104195, 0.009885232895612717, 0.00492464704439044, -0.05105847492814064, 0.025331415235996246, 0.04888581484556198, 0.041289426386356354, -0.039241109043359756, 0.011658692732453346, 0.07649800926446915, 0.03461754322052002, -0.014283898286521435, -0.03635711222887039, -0.029797106981277466, -0.0005884416750632226, 0.014091663993895054, 0.05421533063054085, -0.0246826633810997, -0.000625346670858562, -0.022178253158926964, 0.016260867938399315, -0.0637296736240387, -0.038133930414915085, -0.02133234031498432, 0.02882499247789383, -0.006361803039908409, 0.04235637187957764, -0.024012701585888863, -0.06882379204034805, -0.013785827904939651, 0.037555940449237823, -0.018310673534870148, 0.016689486801624298, -0.011117720976471901, -0.013648832216858864, -0.02386256493628025, -0.01623632200062275, -0.056358300149440765, -0.018668100237846375, -0.003469734685495496, -0.006917264778167009, -0.0019414450507611036, -0.023826297372579575, 0.04034526273608208, 0.0017397738993167877, -0.0513441264629364, -0.036270320415496826, -0.0232660174369812, 0.004340467043220997, 0.12185446918010712, 0.017004389315843582, 0.009317717514932156, 0.022822728380560875, -0.004225381184369326, -0.049418725073337555, -0.03536072000861168, -0.0071374098770320415, -0.001519653364084661, -0.010279740206897259, -0.010618827305734158, 0.03711644187569618, 0.0019363489700481296, -0.003822159022092819, 0.004206540063023567, -0.025064263492822647, -0.01185575034469366, -0.01489672064781189, -0.008896385319530964, 0.013498990796506405, 0.0029058426152914762, 0.020203083753585815, 0.027559345588088036, 0.029446734115481377, 0.004407986998558044, -0.02723529376089573, -0.04096383601427078, -0.01249074749648571, -0.03170202299952507, -0.015655823051929474, -0.07340042293071747, 0.04430815950036049, -0.0226120688021183, 0.03818970173597336, -0.012510138563811779, -0.03163916617631912, 0.026012998074293137, -0.026535792276263237, 0.036671657115221024, -0.0174589641392231, 0.03446322679519653, 0.003578661475330591, 0.04904472455382347, 0.019214605912566185, -0.0029920001979917288, 0.018617404624819756, 0.0010080898646265268, -0.04813621565699577, -0.01852523535490036, 0.04772581532597542, 0.060042768716812134, 0.008434328250586987, -0.012090879492461681, 0.0322716124355793, -0.06525026261806488, 0.027655934914946556, -0.007494519464671612, -0.010843683034181595, 0.04274272918701172, -0.045792244374752045, 0.007149814162403345, -0.041860368102788925, 0.03422683849930763, -0.023172888904809952, 0.016698479652404785, -0.004463850520551205, -0.004271653946489096, -0.009087037295103073, -0.019306115806102753, 0.0270736925303936, 0.009011326357722282, 0.019893385469913483, 0.0008101953426375985, -0.03991026431322098, -0.0131210433319211, 0.04760674014687538, -0.017255151644349098, -0.02107059210538864, -0.025360221043229103, -0.012866348028182983, 0.008786997757852077, 0.04040055349469185, 0.0012712657917290926, 0.017883874475955963, 0.00815665628761053, 0.03730415552854538, 0.029010774567723274, 0.012805342674255371, 0.003204314736649394, 0.02396361716091633, 0.013625657185912132, -0.03755693882703781, 0.006295031867921352, 0.0023626447655260563, 0.02971271052956581, -0.021691186353564262, 0.05271880701184273, -0.0019546663388609886, 0.06210129335522652, 0.038081057369709015, 0.0046782721765339375, -0.009494427591562271, 0.024427097290754318, -0.01873679645359516, -0.003289521671831608, -0.025027070194482803, -0.004298327956348658, -0.023010412231087685, -0.020377933979034424, -0.025233350694179535, 0.023326531052589417, -0.013521125540137291, -0.011119486764073372, -0.001927475444972515, 0.04069186747074127, 0.060034338384866714, 0.023496054112911224, 0.015624881722033024, 0.05702337622642517, -0.031909018754959106, 0.0005484276916831732, -0.015832215547561646, -0.05782745033502579, 0.014543679542839527, 0.0020037770736962557, 0.07638353854417801, -0.03599342703819275, 0.013067012652754784, 0.039267685264348984, 0.011969804763793945, -0.03423430025577545, -0.030185900628566742, -0.012917599640786648, 0.03254689648747444, 0.01248151995241642, 0.0243741013109684, 0.04496467486023903, 0.015223204158246517, -0.012871373444795609, -0.021154066547751427, -0.00853389035910368, 0.0032003128435462713, -0.06940917670726776, 0.020972678437829018, -0.03562390059232712, 0.03301256150007248, 0.010948468931019306, 0.016928112134337425, -0.01290072500705719, 0.06043299287557602, 0.00890486128628254, 0.011657444760203362, 0.004319838713854551, 0.0451572947204113, -0.015174148604273796, 0.013768219389021397, 0.006916440092027187, -0.024644747376441956, 0.009453720413148403, 0.041815511882305145]",,
15_1_0_errors_install_sass_mdx_section_1,section,15_1_0_errors_install_sass_mdx,Install `sass` to Use Built-In Sass Support - Why This Error Occurred,,{},15.1.0,"Using Next.js' [/docs/pages/building-your-application/styling/sass](/docs/pages/building-your-application/styling/sass) requires that you bring your own version of Sass.
",,"[(np.int64(7), np.float64(0.21191173791885376)), (np.int64(180), np.float64(0.011133410036563873)), (np.int64(238), np.float64(0.013197939842939377)), (np.int64(667), np.float64(0.06121496111154556)), (np.int64(3293), np.float64(0.12118179351091385)), (np.int64(4153), np.float64(0.1098892092704773)), (np.int64(15796), np.float64(0.21609175205230713)), (np.int64(24908), np.float64(0.13085706532001495)), (np.int64(36836), np.float64(0.1097286194562912)), (np.int64(44084), np.float64(0.09881987422704697)), (np.int64(58832), np.float64(0.25159138441085815)), (np.int64(64240), np.float64(0.0883687362074852)), (np.int64(107951), np.float64(0.1582544445991516)), (np.int64(199876), np.float64(0.32424354553222656)), (np.int64(212059), np.float64(0.24986931681632996))]","[-0.049512263387441635, -0.005423014052212238, -0.0413128025829792, 0.031209545210003853, -0.029638327658176422, -0.007295399438589811, 0.0014756061136722565, -0.001379149965941906, -0.026441432535648346, 0.025227664038538933, 0.016201350837945938, 0.026603976264595985, 0.02928582765161991, -0.003932921681553125, 0.0030748164281249046, 0.04959452524781227, -1.4143453881843016e-05, 0.03061181679368019, 0.011467586271464825, 7.72163039073348e-05, -0.007443453650921583, 0.000794256804510951, 0.03726557269692421, 0.011139373295009136, 0.015783235430717468, 0.014097972773015499, -0.0334627628326416, -0.021065227687358856, 0.025562729686498642, -0.010039526969194412, 0.023816576227545738, -0.01391044445335865, 0.04367945343255997, 0.015909668058156967, -0.025598810985684395, -0.06849616020917892, -0.04428945481777191, 0.006937643047422171, -0.02497570402920246, 0.034579165279865265, 0.010679281316697598, -0.015255594626069069, -2.785147080430761e-05, -0.008302162401378155, 0.01937815174460411, -0.017256317660212517, 0.00928415171802044, -0.013943971134722233, 0.008204283192753792, -0.015884840860962868, -0.008386876434087753, 0.015541011467576027, 0.04850821942090988, -0.03633466735482216, 0.019681785255670547, 0.05669507756829262, 0.007984058000147343, -0.03375541418790817, -0.030875656753778458, 0.02867736481130123, -0.08640512079000473, -0.005643171723932028, -0.04236789420247078, -0.0009618394542485476, 0.009533404372632504, 0.014824013225734234, -0.02882644534111023, -0.00418463908135891, -0.024775639176368713, -0.04367755725979805, 0.022632382810115814, -0.028200708329677582, -0.05541570857167244, -0.010509434156119823, -0.05810334160923958, -0.034024957567453384, 0.03565593436360359, -0.011536778882145882, 0.011893751099705696, 0.014467294327914715, -0.002269590040668845, 0.03088572435081005, 0.0582900308072567, -0.040450625121593475, 0.012442837469279766, -0.037294771522283554, 0.0002024181594606489, 0.042198628187179565, 0.08252516388893127, 0.014864049851894379, -0.0004870834236498922, -0.027796490117907524, 0.0530238039791584, -0.036632806062698364, -0.033852655440568924, 0.008177561685442924, -0.019667183980345726, -0.011918690986931324, 0.04604024067521095, 0.009572186507284641, -0.014750666916370392, -0.04628380760550499, -0.021655898541212082, -0.019489610567688942, 0.04194223880767822, -0.012816165573894978, 0.010454349219799042, 0.026956981047987938, -0.014404558576643467, -0.027900341898202896, 0.011883645318448544, -0.001351290731690824, -0.020282121375203133, -0.0030859261751174927, -0.00797523558139801, -0.009726319462060928, -0.010650642216205597, -0.030754011124372482, 0.04929094761610031, -0.015071894973516464, 0.04847473278641701, 0.008995362557470798, 0.056065283715724945, -0.03856469318270683, 0.03971997648477554, -0.012016232125461102, -0.032453205436468124, 0.03877287358045578, -0.005570992827415466, 0.0038440467324107885, 0.03728335723280907, 0.005297612864524126, -0.005303378216922283, -0.018285783007740974, -0.017483264207839966, 0.0357811376452446, -0.007438008673489094, 0.004760118201375008, 0.03440002351999283, -0.02275107242166996, 0.024004757404327393, -0.03402921184897423, 0.014393690973520279, -0.05600513890385628, 0.006233908701688051, -0.05858796462416649, 0.0469277948141098, -0.0038398969918489456, -0.002358603524044156, -0.06325626373291016, -0.01241830550134182, -0.004787472542375326, 0.002396560274064541, -0.010862474329769611, 0.030685655772686005, -0.0260025542229414, 0.03839324787259102, -0.026172799989581108, 0.012344926595687866, -0.005776192061603069, -0.012727214954793453, 0.0002596040430944413, -0.054501261562108994, 0.01738777942955494, 0.05549748241901398, -0.012669142335653305, 0.013342594727873802, 0.0009826304158195853, -0.038872312754392624, -0.043366339057683945, -0.006190309301018715, 0.023904388770461082, 0.03615725785493851, -0.0023552398197352886, 0.036434367299079895, 0.04063631594181061, 0.030746258795261383, 0.018512148410081863, 0.005095940548926592, -0.031743090599775314, -0.07223939895629883, 0.04316486418247223, -0.03377770632505417, -0.011503741145133972, -0.0343155674636364, -0.0015378269599750638, -0.02146591618657112, -0.017524603754281998, -0.009246129542589188, 0.006015614606440067, -0.04833723604679108, -0.02707969956099987, 0.022112011909484863, 0.022420264780521393, 0.015282278880476952, 0.026218757033348083, 0.027437852695584297, 0.011145095340907574, -0.010396215133368969, -0.01851155422627926, -0.03525128215551376, 0.008313802070915699, -0.0014999187551438808, -0.02990005724132061, -0.01673508808016777, -0.04627697914838791, -0.052898138761520386, -0.021714236587285995, 0.04751245677471161, -0.017737429589033127, 0.021468939259648323, -0.0021723571699112654, -0.0237433984875679, -0.01084989681839943, -0.06801920384168625, 0.05023900046944618, -0.021527210250496864, 0.03548724949359894, 0.009408584795892239, -0.0029351916164159775, 0.020154383033514023, -0.019185740500688553, 0.011017554439604282, -0.02116125077009201, -0.002801523543894291, -0.034621912986040115, 0.007777662482112646, 0.024407224729657173, 0.022987529635429382, -0.014667913317680359, 0.008495003916323185, -0.020295511931180954, 0.03117949143052101, -0.03458138555288315, 0.04305531457066536, -0.04000911861658096, -0.013102719560265541, 0.030229931697249413, -0.008356730453670025, -0.002072392962872982, 0.0075302873738110065, -0.0630434900522232, -0.016196712851524353, 0.0356300063431263, -0.034676678478717804, 0.00278596137650311, 0.017948530614376068, 0.018291177228093147, -0.029698804020881653, -0.057828132063150406, 0.04410620406270027, 0.03322865441441536, -0.014066876843571663, -0.02021578699350357, -0.00413177628070116, 0.031248804181814194, 0.01841806061565876, 0.001024882891215384, -0.04912649095058441, -0.007227758411318064, 0.008841944858431816, 0.04282589256763458, -0.014367668889462948, 0.012284642085433006, 0.00851692445576191, -0.023265870288014412, -0.018598277121782303, 0.0010037253377959132, -0.02016320824623108, -0.0102482158690691, -0.023236703127622604, 0.023965537548065186, -0.0278994832187891, -0.03731648251414299, -0.024736493825912476, 0.017959119752049446, 0.0025395487900823355, -0.032618448138237, 0.06550958752632141, 0.0017488752491772175, -0.05000721663236618, 0.030866649001836777, 0.031208647415041924, 0.035096313804388046, 0.01654934510588646, -0.009511676616966724, 0.04581490904092789, -0.0378272719681263, 0.015122991986572742, -0.01561512891203165, -0.02426323853433132, -0.0065461862832307816, 0.05986719951033592, -0.013112965039908886, -0.0478493757545948, -0.02633802779018879, -0.01978548802435398, -0.1593313068151474, -0.015070646069943905, 0.030906137079000473, 0.01264906208962202, -0.010707620531320572, 0.02005879022181034, -0.06383583694696426, 0.0075611937791109085, -0.028318194672465324, 0.05065171420574188, 0.005799651145935059, -0.06102200970053673, 0.012024800293147564, -0.0063067334704101086, 0.018194442614912987, 0.016569508239626884, -0.033219508826732635, 0.0029343997593969107, 0.015456154011189938, -0.052021414041519165, 0.01115694921463728, -0.0421869158744812, -0.006823274772614241, 0.018134701997041702, 0.02614136040210724, -0.04143140837550163, 0.02812875434756279, 0.0217038132250309, -0.0357946939766407, 0.03899218514561653, -0.028353029862046242, 0.0023901057429611683, -0.002671993337571621, -0.009607401676476002, -0.013652765192091465, 0.022660434246063232, 0.049123045057058334, -0.009115474298596382, -0.003627872560173273, -0.03600253909826279, 0.024356655776500702, 0.019438721239566803, -0.034488193690776825, -0.019682880491018295, 0.013030357658863068, -0.05934387072920799, 0.03144897148013115, 0.00016146273992490023, -0.011580248363316059, -0.042914994060993195, 0.024801461026072502, -0.029073229059576988, -0.010936366394162178, -0.015485145151615143, -0.03150991350412369, -0.011536267586052418, 0.010035645216703415, 0.02516503445804119, 0.0011844877153635025, -0.022607870399951935, -0.02705497294664383, -0.047543641179800034, 0.05928385630249977, -0.04654369130730629, -0.04748253896832466, 0.012432563118636608, 0.05517198517918587, -0.002620445331558585, 0.025064392015337944, -0.040183909237384796, 0.0356270968914032, -0.03977324441075325, -0.0029703888576477766, 0.0033107695635408163, -0.040739238262176514, 0.0008783476077951491, 0.007183637470006943, -0.04747113958001137, 0.03749706223607063, -0.10245798528194427, 0.011205699294805527, 0.0023601881694048643, 0.013500414788722992, 0.04009411856532097, -0.008475670590996742, -0.009480400942265987, -0.021353822201490402, -0.007403276860713959, 0.015727762132883072, 0.25277599692344666, 0.03622260317206383, 0.024836694821715355, 0.027903391048312187, 0.08025720715522766, -0.03209451586008072, 0.030531613156199455, 0.03052116371691227, 0.028964698314666748, -0.039451032876968384, -0.011365295387804508, 0.009589912369847298, 0.002871310105547309, -0.0038694902323186398, -0.03197130560874939, -0.0026679672300815582, -0.07017145305871964, 0.0334821492433548, 0.05384323000907898, -0.01788119599223137, 0.024406075477600098, -0.020399518311023712, 0.015411374159157276, 0.05903996527194977, -0.07077517360448837, 0.012332957237958908, -0.028332078829407692, -0.03236756473779678, -0.03623417019844055, -0.01174430176615715, -0.03913639113306999, 0.030830956995487213, 0.024769820272922516, -0.0637829452753067, -0.003655598498880863, -0.03521116450428963, 0.022857189178466797, -0.003707695286720991, -0.00962798297405243, 0.028199629858136177, -0.027247799560427666, 0.019179707393050194, 0.0049154446460306644, 0.004479591269046068, -0.02380233444273472, -0.02027926594018936, 0.011134535074234009, -0.03544456139206886, 0.006579583045095205, -0.04851904883980751, 0.03157956898212433, -0.07240340113639832, -0.059900734573602676, -0.003329976461827755, 0.014101807959377766, -0.02992730773985386, -0.004642421379685402, -0.035469889640808105, -0.001561069511808455, 0.015723267570137978, 0.0030628961976617575, 0.030623041093349457, -0.038655124604701996, -0.008263923227787018, -0.044538725167512894, -0.003130232449620962, 0.023763855919241905, 0.0025739267002791166, -0.014389066025614738, 0.0438673198223114, 0.015227113850414753, 0.0028489360120147467, -0.0024537635035812855, 0.0055504958145320415, -0.017994046211242676, -0.021950911730527878, 0.037613969296216965, 0.0638733059167862, -0.003542404156178236, 0.029036903753876686, -0.003594645531848073, 0.04525900259613991, -0.03943620249629021, 0.012491799890995026, 0.024170955643057823, -0.016596728935837746, -0.006527600809931755, 0.047598835080862045, -0.008580192923545837, -0.03938776254653931, 0.014458202756941319, -0.005037966649979353, -0.014755521900951862, 0.021180467680096626, 0.0003854213864542544, -0.017803378403186798, -0.0006630271673202515, -0.023742210119962692, -0.024054482579231262, 0.024281373247504234, -0.01646818220615387, 0.0046348003670573235, -0.028935477137565613, -0.03083353489637375, 0.04566610977053642, -0.0390581376850605, -0.0042518447153270245, -0.011295383796095848, 0.026924900710582733, 0.007967639714479446, 0.007524484768509865, 0.017830608412623405, 0.024668380618095398, -0.010704907588660717, -0.023991744965314865, 0.015308240428566933, 0.03763418644666672, 0.007867768406867981, 0.04489680007100105, 0.011763380840420723, 0.005230092443525791, 0.001804167521186173, -0.011234059929847717, -0.03203120827674866, 0.006968339439481497, -0.02973269671201706, -0.01203316729515791, -0.004045035690069199, -0.0646611824631691, -0.014363043941557407, 0.0163615383207798, -0.02815317176282406, -0.010486545972526073, 0.054976075887680054, 0.02454742044210434, 0.007485941518098116, 0.013005794957280159, 0.03652522340416908, -0.03466261178255081, 0.02084743045270443, -0.047980036586523056, -0.024865787476301193, 0.015387074090540409, -0.01897556707262993, -0.0009664918761700392, 0.06013145670294762, -0.009910696186125278, 0.0013866594526916742, 0.053122129291296005, 0.033081308007240295, 0.04171334579586983, 0.05056604743003845, 0.03850606456398964, -0.038602281361818314, 0.003010381478816271, -0.03829009458422661, -0.009205647744238377, 0.025776436552405357, 0.025805475190281868, -0.025551266968250275, 0.012528402730822563, 0.03105746954679489, 0.016774296760559082, 0.04660331830382347, 0.02842232584953308, 0.007214033044874668, -0.03257448598742485, 0.029318638145923615, -0.02696065418422222, -0.001492546172812581, -0.0020155790261924267, -0.036948613822460175, -0.016375459730625153, 0.040257059037685394, 0.028284313157200813, -0.010048219002783298, -0.08080132305622101, 0.008149937726557255, -0.012596925720572472, -0.04510977119207382, 0.006870904937386513, -0.021590417250990868, -0.05517342686653137, -0.03790813684463501, 0.041861820966005325, -0.03863583132624626, 0.020050732418894768, -0.018224257975816727, 0.0123212905600667, -0.03625016286969185, -0.014289043843746185, 0.09908585995435715, -0.02318832464516163, -0.02043323777616024, 0.07277721911668777, -0.017783425748348236, 0.0433201938867569, 0.014308103360235691, -0.028892898932099342, -0.008843282237648964, 0.0031426004134118557, -0.01379458885639906, 0.0019083067309111357, 0.02428833581507206, 0.018051855266094208, -0.04613875970244408, 0.019650951027870178, 0.03969607874751091, -0.07559177279472351, 0.018158895894885063, -0.01029287837445736, -0.005856623407453299, -0.03210854530334473, -0.02591770514845848, 0.034963466227054596, -0.03542693704366684, 0.03417348116636276, 0.04283079132437706, 0.02961423061788082, 0.007266352418810129, -0.034956250339746475, -0.006979865487664938, 0.016260631382465363, -0.021956229582428932, 0.05342567339539528, -0.007054395508021116, 0.07691057026386261, 0.0003603718359954655, -0.007477344013750553, 0.026678748428821564, -0.007018306292593479, 0.019994886592030525, -0.014112811535596848, -0.0326976478099823, 0.0170246884226799, 0.03639692813158035, 0.018060600385069847, 0.02058498002588749, -0.010346817784011364, -0.0329241007566452, -0.02515346370637417, -0.02874906174838543, 0.07227514684200287, -0.01286991499364376, -0.007329187355935574, -0.012303355149924755, -0.02970683015882969, -0.009726615622639656, 0.007297482807189226, 0.03868703544139862, -0.011863728985190392, -0.021673401817679405, -0.02362600713968277, -0.009724042378365993, 0.03914796561002731, -0.04177194461226463, -0.026620108634233475, -0.012525558471679688, -0.024205483496189117, 0.00641082925722003, 0.025356173515319824, 0.02273355983197689, -0.027900919318199158, -0.011140504851937294, 0.010170357301831245, -0.04481068626046181, 0.02182254195213318, -0.04362883046269417, -0.02357281744480133, -0.04367174580693245, -0.019108662381768227, 0.0017532291822135448, -0.036317311227321625, -0.018884295597672462, 0.05641118809580803, 0.017430618405342102, 0.0009848764166235924, 0.011665294878184795, 0.02999873086810112, -0.00676369946449995, -0.05906282737851143, -0.022827617824077606, -0.01863909885287285, 0.0428001768887043, -0.016034593805670738, 0.0019626887515187263, 0.04378592222929001, 0.045815832912921906, -0.017230689525604248, -0.06139485165476799, 0.001754746655933559, -0.011191041208803654, -0.028453458100557327, 0.0006485498743131757, -0.019955631345510483, -0.011317049153149128, -0.01629059575498104, 0.008157684467732906, 0.010912317782640457, 0.036179110407829285, -0.020863790065050125, -0.011327274143695831, 0.008159139193594456, -0.03828587010502815, -0.041443321853876114, 0.0489540658891201, 0.0049130478873848915, -0.009639338590204716, 0.00474515138193965, -0.01671181619167328, -0.02093181572854519, -0.04012679308652878, 0.02332739159464836, 0.02592897228896618, 0.019112084060907364, -0.0075893583707511425, 0.07257935404777527, -0.025069551542401314, -0.009637696668505669, -0.010068761184811592, 0.02649843506515026, 0.00801925454288721, -0.02896515280008316, -0.002196145709604025, -0.01758490316569805, 0.013173048384487629, 0.038834862411022186, -0.034729648381471634, 0.0022015601862221956, 0.021463477984070778, -0.03285476192831993, 0.0019718848634511232, 0.022255482152104378, 0.006949440110474825, 0.04285131022334099, -0.015748433768749237, 0.011608362197875977, -0.029523689299821854, 0.040165890008211136, 0.019032152369618416, -0.0450705923140049, -0.012090942822396755, 0.03418732061982155, -0.008315145038068295, 0.006997611373662949, -0.07264863699674606, 0.009111275896430016, -0.007238570135086775, -0.05235223472118378, -0.015805473551154137, 0.020141679793596268, 0.03430544212460518, -0.018925746902823448, -0.041616927832365036, 0.016961216926574707, 0.021626319736242294, -0.014154192060232162, 0.008949690498411655, 0.023503923788666725, 0.04010806977748871, -0.044362738728523254, 0.01405392773449421, -0.008925464004278183, -0.029523620381951332, -0.0015022295992821455, 0.008108154870569706, 0.005240451078861952, -0.025997040793299675, -0.005440810229629278, 0.012867024168372154, 0.020961562171578407, -0.022546319290995598, 0.04353933781385422, 0.002995503367856145, 0.019760815426707268, 0.025853784754872322, -0.006176401861011982, 0.06803368777036667, -0.0003851588990073651, 0.01967538706958294, -0.022829080000519753, -0.03304619342088699, -0.019617237150669098, -0.016322610899806023, -0.0009963966440409422, 0.009548727422952652, -0.015428663231432438, 0.019129572436213493, 0.04430858790874481, 0.07614623755216599, -0.028308091685175896, 0.03797668591141701, 0.0023100972175598145, 0.023203229531645775, -0.134051114320755, -0.012023168615996838, -0.005039034876972437, 0.02828120067715645, 0.02153511717915535, -0.024737998843193054, -0.012905463576316833, 0.005124512128531933, -0.004638004582375288, -0.02602812647819519, -0.0161192137748003, 0.0014815996401011944, 0.059541355818510056, -0.029783135280013084, 0.024707725271582603, 0.043058447539806366, -0.019587062299251556, -0.017648305743932724, -0.022726375609636307, -0.008484747260808945, -0.009381414391100407, 0.02145228162407875, 0.019742898643016815, 0.021219488233327866, -0.04817342758178711, -0.016800247132778168, 0.012807730585336685, 0.003481185995042324, -0.018173158168792725, -0.02810165472328663, 0.013941041193902493, 0.0003052348911296576, -0.0022180017549544573, 0.03527620807290077, -0.04501161351799965, -0.02904004231095314, 0.016246691346168518, 0.00561580341309309, -0.03694887459278107, 0.016642073169350624, 0.03249042108654976, 0.028018852695822716, -0.042397987097501755, 0.01174069382250309, 0.07836455851793289, 0.028825685381889343, -0.02080564945936203, -0.03640475124120712, -0.03290921077132225, 0.00739561440423131, 0.00038202921859920025, 0.03295563533902168, 0.00090711226221174, 0.011824392713606358, -0.02669983170926571, 0.04248391464352608, -0.020269639790058136, -0.02815433219075203, -0.038410019129514694, 0.03276901692152023, -0.002805833937600255, 0.05681052803993225, -0.02567637525498867, -0.03332673758268356, -0.032017432153224945, 0.006989764515310526, -0.0706702396273613, 0.011336496099829674, -0.01316429115831852, 0.0007264534360729158, -0.023250559344887733, -0.02218165062367916, -0.04629838466644287, -0.02860996313393116, 0.014360809698700905, -0.010765207931399345, 0.0195013340562582, 0.011013799346983433, 0.0433228500187397, -0.0025027282536029816, -0.0056641921401023865, -0.039071209728717804, -0.043392688035964966, 0.023727310821413994, 0.06685405224561691, 0.019468162208795547, 0.0011957926908507943, 0.014545327052474022, -0.01923680305480957, -0.06139887496829033, 0.005499857012182474, -0.024141760542988777, -0.049545109272003174, -0.03198334202170372, 0.004245381336659193, 0.03791993111371994, -0.021487098187208176, -0.009341886267066002, 0.02166701853275299, -0.0075777373276650906, -0.012350034900009632, -0.009920790791511536, -0.020010363310575485, 0.028090694919228554, -0.018792271614074707, 0.013535582460463047, -0.0025574059691280127, 0.039444174617528915, -0.0003387653559911996, -0.01409967802464962, -0.014327439479529858, 0.00282748113386333, -0.02550041861832142, -0.016818255186080933, -0.08630774915218353, 0.018805012106895447, -0.01288218330591917, 0.016011489555239677, 0.02210024744272232, -0.012008395045995712, 0.016411714255809784, -0.012237688526511192, 0.06548890471458435, -0.029794620350003242, 0.032161466777324677, 0.02631177380681038, 0.054096758365631104, 0.02965392731130123, 0.0069120656698942184, 0.025255270302295685, 0.019615935161709785, -0.06383439153432846, 0.009553397074341774, -0.003280445234850049, 0.04332558810710907, 0.012004145421087742, 0.002244647592306137, 0.047993920743465424, -0.04340221732854843, 0.02637081779539585, -0.020343001931905746, -0.018684977665543556, 0.04071676731109619, -0.024915242567658424, 0.02420935407280922, -0.03011760674417019, 0.05513078719377518, -0.013625684194266796, -0.003437098814174533, -0.025888733565807343, -0.004420527257025242, -0.0037123337388038635, -0.003266797633841634, 0.014098616316914558, 0.021170103922486305, 0.018264852464199066, 0.01842561364173889, -0.03277362138032913, -0.026092832908034325, 0.034771040081977844, 0.019436830654740334, 0.008532737381756306, -0.022778533399105072, -0.03893127664923668, 0.016845207661390305, 0.00532112130895257, 0.0022961152717471123, 0.009268810041248798, -0.0009797917446121573, 0.06101017817854881, 0.04213715344667435, 0.019414786249399185, -0.0053210631012916565, -0.050277747213840485, 0.005337955430150032, -0.02248332090675831, 0.010145417414605618, 0.0028232932090759277, 0.0527733638882637, -0.038308318704366684, 0.042751114815473557, 0.002850799821317196, 0.09289885312318802, 0.031056564301252365, 0.02512170933187008, 0.007884508930146694, -0.018088122829794884, -0.04096440598368645, -0.004448216874152422, -0.030389614403247833, -0.022043844684958458, 0.012919234111905098, -0.04620290920138359, -0.050200317054986954, 0.0005130934878252447, 0.0050722090527415276, -0.014566523022949696, -0.009030668064951897, 0.028293011710047722, 0.05935610830783844, 0.03927977755665779, 0.007978091016411781, 0.036958400160074234, -0.0340106263756752, 0.0032433841843158007, -0.024769986048340797, -0.03120247647166252, -0.02445928566157818, -0.003934013657271862, 0.051113683730363846, -0.0482940711081028, 0.021375810727477074, 0.010840027593076229, 0.012406891211867332, -0.013254592195153236, -0.02365228906273842, 0.008196321316063404, 0.03618673235177994, -0.0074083697982132435, 0.006818409543484449, 0.05131750553846359, 0.021338321268558502, -0.00043585675302892923, -0.0036061706487089396, -0.012798055075109005, 0.011758890934288502, -0.05826539546251297, 0.03022908605635166, -0.026883935555815697, -0.002649096306413412, 0.02110130898654461, 0.024517234414815903, -0.008116746321320534, 0.051184095442295074, 0.02728007361292839, -0.013204729184508324, 0.034754298627376556, 0.046522144228219986, -0.024918977171182632, 0.009625974111258984, 0.005760838743299246, 0.005431396886706352, -0.004666904453188181, 0.02584857866168022]",,
15_1_0_errors_install_sass_mdx_section_2,section,15_1_0_errors_install_sass_mdx,Install `sass` to Use Built-In Sass Support - Possible Ways to Fix It,,{},15.1.0,"Please install the `` package in your project.
",,"[(np.int64(7), np.float64(0.20930513739585876)), (np.int64(47), np.float64(0.04625430703163147)), (np.int64(667), np.float64(0.06881660223007202)), (np.int64(1135), np.float64(0.01892980933189392)), (np.int64(1650), np.float64(0.12825165688991547)), (np.int64(2661), np.float64(0.02725672721862793)), (np.int64(4153), np.float64(0.11916428059339523)), (np.int64(15796), np.float64(0.22288507223129272)), (np.int64(24908), np.float64(0.1372363567352295)), (np.int64(36836), np.float64(0.1385505497455597)), (np.int64(42261), np.float64(0.07039627432823181)), (np.int64(58832), np.float64(0.24976272881031036)), (np.int64(96746), np.float64(0.21094129979610443)), (np.int64(107951), np.float64(0.17456600069999695)), (np.int64(115861), np.float64(0.06791101396083832)), (np.int64(199876), np.float64(0.3421581983566284))]","[-0.06063094735145569, -0.0054908073507249355, -0.03613046184182167, 0.03193206340074539, 0.013009845279157162, -0.025708122178912163, 0.038592588156461716, -0.011234489269554615, 0.009970154613256454, 0.007924476638436317, 0.05324776470661163, 0.010004921816289425, -0.0037162138614803553, -0.030180664733052254, 0.04442616179585457, -0.008515623398125172, 0.03967420384287834, 0.016266698017716408, 0.055225227028131485, -0.004759318195283413, 0.0005432475009001791, -0.03327707201242447, 0.013164889067411423, 0.038781147450208664, 0.0011027684668079019, 0.013749027624726295, 0.02052418515086174, -0.0022026223596185446, 0.06855753064155579, -0.01588214561343193, 0.012593415565788746, -0.029177606105804443, 0.011160708963871002, -0.02800307609140873, -0.04901895672082901, -0.022181566804647446, -0.010303836315870285, 0.02221974916756153, -0.0476316399872303, -0.0059743314050138, -0.0455971285700798, -0.03561236709356308, 0.033119719475507736, -0.026659486815333366, 0.018908945843577385, -0.0237039253115654, -0.03210964426398277, -0.017664659768342972, 0.012237124145030975, 0.007432682905346155, -0.006257058121263981, 0.0054521625861525536, 0.022461066022515297, -0.047925181686878204, 0.018899215385317802, 0.016998110339045525, -0.06091901659965515, -0.026496903970837593, -0.047712452709674835, -0.008331659249961376, -0.05957935005426407, 0.00852975994348526, -0.05658109486103058, 0.02299690432846546, 0.008943179622292519, 0.0631493404507637, 0.015537582337856293, 8.743718353798613e-05, -0.01028694212436676, -0.011141729541122913, -0.030848156660795212, -0.02296418324112892, -0.04174291715025902, -0.011815204285085201, -0.04245851933956146, 0.0576733835041523, 0.03460368514060974, -0.023544155061244965, 0.011128781363368034, 0.06947892904281616, 0.011241729371249676, -0.037530459463596344, 0.020199226215481758, 0.01539185456931591, 0.005004307720810175, 0.04211314022541046, -0.017148010432720184, 0.0409420020878315, 0.015746381133794785, 0.007506106980144978, -0.047200560569763184, -0.037764426320791245, -0.005619777366518974, -0.02612980455160141, -0.05080481246113777, 0.011412523686885834, -0.013200868852436543, 0.02401064708828926, 0.054886944591999054, -0.008688414469361305, 0.01762574352324009, 0.03518003597855568, -0.0018135322025045753, -0.0060007451102137566, 0.041481513530015945, -0.005089168902486563, 0.01717347279191017, 0.026940980926156044, 0.016295606270432472, -0.022895853966474533, 0.0018292716704308987, 0.029087183997035027, 0.010923841968178749, -0.0069050597958266735, 0.014108123257756233, -0.06641822308301926, -0.017023473978042603, -0.025018569082021713, 0.03746320307254791, -0.0012855454115197062, 0.06050022691488266, -0.00659295916557312, -0.018224598839879036, -0.03589477762579918, 0.06213423237204552, -0.025255218148231506, -0.00749232666566968, 0.009778894484043121, 0.008054882287979126, 0.015518398955464363, 0.014638114720582962, 0.03399866446852684, 0.02094551920890808, -0.013873900286853313, -0.036964647471904755, 0.010489476844668388, -0.0022921909112483263, 0.0009314213530160487, -0.010359182022511959, -0.051214370876550674, 0.027419421821832657, 0.0018109562806785107, 0.027154570445418358, -0.0417117215692997, 0.026832349598407745, -0.057395197451114655, 0.031018124893307686, -0.011660710908472538, 0.024732965975999832, -0.020328784361481667, 0.0026169491466134787, 0.04682843014597893, 0.01548345759510994, 0.02153622731566429, 0.042595021426677704, -0.017911560833454132, -0.014067175798118114, 0.013849832117557526, -0.007479440420866013, 0.01253200601786375, -0.020442377775907516, 0.0022328104823827744, 0.02831125818192959, 0.007018266245722771, -0.003777142381295562, -0.017824232578277588, 0.014273273758590221, 0.020397687330842018, 0.014059722423553467, 0.02754673734307289, -0.000779232825152576, -0.012466653250157833, -0.014932496473193169, 0.007999257184565067, 0.03944757953286171, 0.05115818977355957, 0.00594355957582593, 0.003688646014779806, 0.00547961238771677, -0.04015026241540909, -0.021308818832039833, 0.0028286597225815058, -0.024449454620480537, -0.0018891667714342475, -0.040087588131427765, 0.02230852097272873, 0.04159871116280556, 0.011338955722749233, -0.008909341879189014, 0.027915310114622116, 0.0017866906709969044, 0.010877307504415512, 0.0015150288818404078, -0.001673441263847053, 0.026622584089636803, 0.021858224645256996, 0.016760211437940598, 0.0071160998195409775, -0.023289596661925316, -0.024336498230695724, -0.022649049758911133, 0.010084490291774273, 0.027346795424818993, -0.010446452535688877, 0.004707843530923128, -0.004519479349255562, -0.037909798324108124, -0.03309594467282295, 0.041330013424158096, -0.027304543182253838, -0.012431926093995571, 0.006431153509765863, -0.027327638119459152, 0.004979304037988186, -0.02877621538937092, 0.03027016669511795, -0.01642223633825779, 0.013267047703266144, -0.05054336413741112, -0.042609378695487976, -0.02750072441995144, -0.007928104139864445, 0.04034195840358734, 0.038089871406555176, 0.006787302903831005, -0.011764737777411938, 0.03747846558690071, 0.02106274478137493, -0.009380238130688667, -0.018786652013659477, -0.046337708830833435, -0.04192902892827988, -0.002299089217558503, -0.014403868466615677, 0.07802299410104752, -0.008610393851995468, -0.01757121831178665, 0.009043343365192413, 0.029191579669713974, -0.019940432161092758, 0.004314210265874863, 0.011461418122053146, 0.03449605032801628, 0.022198881953954697, -0.05027274414896965, -0.0134537722915411, 0.021738482639193535, 0.05382576212286949, -0.0280466265976429, -0.03734010085463524, 0.01515723392367363, 0.0011796951293945312, -0.015776915475726128, 0.042664267122745514, -0.02475181221961975, 0.044277459383010864, 0.0473535992205143, -0.0010514972964301705, -0.008067584596574306, 0.0009651760337874293, 0.050045620650053024, -0.015987489372491837, -0.02134326845407486, 0.02412308193743229, -0.017079003155231476, 0.012170232832431793, -0.06063483655452728, -0.004704303573817015, 0.0626574233174324, -0.05058739706873894, -0.028147203847765923, -0.021420497447252274, -0.008243902586400509, 0.024869782850146294, -0.014843654818832874, 0.016230909153819084, -0.020974187180399895, -0.04413066804409027, 0.05795874446630478, 0.0024861712008714676, -0.023398343473672867, 0.056979160755872726, 0.05045688897371292, 0.021105866879224777, -0.00225774641148746, 0.012927418574690819, -0.014893105253577232, 0.006395723670721054, -0.029531879350543022, -0.027003517374396324, -0.02446777932345867, 0.002263239584863186, 0.05899522826075554, -0.014309210702776909, -0.04306887835264206, 0.01893763802945614, 0.015631018206477165, -0.17539365589618683, -0.02641921676695347, -0.00645568547770381, 0.02706308104097843, 0.006754733622074127, 0.02585872821509838, -0.031004423275589943, -0.011262018233537674, -0.012323589064180851, 0.037736862897872925, -0.03604956716299057, -0.04856141284108162, 0.06750409305095673, -0.012457611970603466, -0.038715019822120667, 0.04359700530767441, -0.06117280200123787, -0.0006330903270281851, 0.023895060643553734, -0.0445442721247673, -0.0030156264547258615, -0.045957837253808975, 0.06103120371699333, -0.014882359653711319, 0.050493694841861725, -0.005219979211688042, 0.0495336651802063, 0.006087800487875938, -0.04863303154706955, 0.025006094947457314, -0.01775026135146618, 0.01798941195011139, -0.010118887759745121, 0.03975088894367218, 0.0072504254058003426, 0.031765855848789215, 0.03905922546982765, -0.02180141769349575, -0.005950328893959522, -0.04631560668349266, 0.06110728159546852, 0.029482534155249596, -0.0026076664216816425, 0.031063776463270187, -0.027213560417294502, -0.029977409169077873, -0.0036897470708936453, -0.03085252270102501, -0.05000797286629677, 0.009494176134467125, 0.02005954086780548, -0.040740203112363815, -0.0013406005455181003, -0.021649939939379692, -0.023937426507472992, -0.006096614990383387, -0.042626362293958664, 0.008990686386823654, -0.05237671732902527, 0.030189404264092445, -0.02311989851295948, -0.06139080226421356, 0.05698926001787186, -0.0031546116806566715, -0.039295852184295654, -0.0426483191549778, -0.015522966161370277, 0.002290177857503295, 0.015150613151490688, 0.017583230510354042, 0.025496814399957657, 0.009202816523611546, 0.009952747263014317, -0.0057346634566783905, -0.010635620914399624, 0.004829523619264364, 0.03559116646647453, -0.00778684439137578, -0.023627309128642082, -0.08680961281061172, 0.006578883621841669, -0.00082549819489941, -0.029697896912693977, 0.04384637624025345, -0.003587892046198249, -0.018797175958752632, 0.0071885124780237675, 0.025278329849243164, 0.02127748727798462, 0.2565394341945648, 0.0292834285646677, 0.05941333249211311, -0.0209133792668581, 0.07540333271026611, -0.031342364847660065, -0.029046310111880302, 0.019699137657880783, -0.020538341253995895, -0.037421610206365585, -0.018669480457901955, 0.016888165846467018, 0.010080868378281593, -0.010848099365830421, 0.034961093217134476, -0.003031061729416251, -0.044904306530952454, 0.011858101934194565, 0.08023124933242798, -0.014020129106938839, 0.004045846406370401, -0.06683450192213058, 0.007267432752996683, 0.0011508569587022066, -0.0500105656683445, -0.019812006503343582, -0.031620293855667114, 0.0310516320168972, -0.002927027642726898, 0.009984959848225117, -0.01830120198428631, 0.032929010689258575, 0.04623808711767197, -0.02001829445362091, -0.006971128284931183, -0.005005385261029005, 0.00658767344430089, -0.021492009982466698, -0.037779778242111206, -0.00026199562125839293, -0.009481633082032204, -0.01931489072740078, 0.010570554062724113, -0.014020565897226334, -0.0237866397947073, -0.032211482524871826, 0.04276462644338608, -0.036003824323415756, -0.04915875941514969, -0.0017325079534202814, -0.0035700080916285515, -0.041367173194885254, -0.044748421758413315, -0.027206415310502052, -0.0025930695701390505, -0.013782470487058163, -0.036399148404598236, -0.015052152797579765, -0.009639192372560501, 0.029294390231370926, 0.02152259647846222, 0.020297687500715256, -0.03690312057733536, 0.04203859344124794, 0.003848913824185729, 0.03274086117744446, -0.01834254525601864, -0.03054876998066902, 0.024166174232959747, 0.03634076192975044, 0.009807751514017582, 0.023668108507990837, -0.013370584696531296, 0.005205613560974598, 0.048158083111047745, 0.05696415901184082, 0.029454069212079048, 0.06753179430961609, -0.007359888404607773, 0.019257204607129097, -0.030113177374005318, -0.016585467383265495, -0.036029595881700516, -0.02136901021003723, 0.011758715845644474, -0.05584845319390297, -0.025341887027025223, 0.014409148134291172, -0.04561735317111015, -0.041071172803640366, 0.021572785452008247, 0.0007037401665002108, -0.010530136525630951, -0.024484043940901756, -0.043056175112724304, -0.01671772636473179, 0.040192075073719025, -0.017128007486462593, -0.018563026562333107, -0.01342268567532301, -0.054678402841091156, -0.0125421779230237, -0.02626228705048561, -0.015559254214167595, 0.02441999688744545, -0.02128712087869644, -0.0003262754762545228, -0.02580510638654232, 0.020625444129109383, -0.004285099916160107, -0.006815797183662653, 0.018886243924498558, 0.025302479043602943, -0.021998820826411247, 0.009161875583231449, 0.06356946378946304, 0.04963668808341026, 0.008855646476149559, 0.04917265102267265, -0.0015648177359253168, 0.022670777514576912, -0.027874939143657684, -0.015419254079461098, 0.027279889211058617, -0.07746601849794388, -0.010759334079921246, -0.023752037435770035, 0.036399729549884796, -0.008402020670473576, 0.016896335408091545, 0.03688795119524002, -0.02346877008676529, -0.003267888445407152, 0.0665847510099411, 0.03545663133263588, -0.011538353748619556, 0.06597242504358292, 0.03699755668640137, -0.010175653733313084, 0.02928028255701065, -0.01750657521188259, -0.03638099879026413, -0.021217800676822662, -0.005701563786715269, 0.00527432095259428, 0.037349849939346313, -0.0030686301179230213, -0.012155113741755486, 0.010843398049473763, 0.03524332493543625, 0.002246555872261524, 0.049106284976005554, 0.04074084013700485, -0.01694645918905735, -0.020363815128803253, -0.04676569998264313, 0.0040958900935947895, 0.025561511516571045, 0.014054451137781143, -0.03077803924679756, -0.005701118148863316, 0.01965293660759926, 0.05936799198389053, 0.08855129778385162, 0.004251766484230757, 0.01581507921218872, -0.055371250957250595, 0.04750023037195206, -0.020534653216600418, -0.03441552445292473, 0.03490882366895676, -0.02146509662270546, -0.06110861897468567, 0.014424510300159454, 0.007367541082203388, -0.04499198496341705, -0.0449407696723938, 0.041018981486558914, -0.027321355417370796, -0.016665738075971603, 0.02930583991110325, -0.011225941590964794, -0.07083714008331299, -0.014119689352810383, 0.011889674700796604, -0.07038453221321106, -0.052949223667383194, -0.012940527871251106, 0.019532259553670883, -0.022424986585974693, -0.04920046031475067, 0.10575956851243973, -0.013257605023682117, -0.02656175009906292, 0.03472977876663208, -0.018801944330334663, 0.02321140468120575, -0.05192627012729645, -0.025182822719216347, -0.004414891824126244, -0.021682344377040863, -0.02580965682864189, 0.018186001107096672, -0.03984219208359718, -0.0107831796631217, -0.038991834968328476, -0.049924690276384354, 0.028953127562999725, -0.012424731627106667, 0.015614345669746399, -0.03274912387132645, 0.006328572519123554, -0.03221080079674721, 0.018121931701898575, 0.022816309705376625, -0.003681192407384515, 0.027386799454689026, 0.02975943498313427, -0.016104547306895256, -0.022923097014427185, 0.019283883273601532, -0.05264721065759659, -0.0030128301586955786, -0.007643842604011297, 0.0508577935397625, 0.019495761021971703, 0.024708474054932594, -0.044259265065193176, 0.005845424719154835, -0.02464703842997551, -0.0009998505702242255, 0.010218285955488682, -0.02159532904624939, 0.0054890806786715984, 0.008459795266389847, -0.011997384019196033, 0.0252008605748415, 0.01963837258517742, 0.0061477539129555225, -0.037647146731615067, -0.014731782488524914, -0.0474117249250412, 0.01232857909053564, 0.07621133327484131, 0.005549951922148466, 0.010576398111879826, -0.011425850912928581, -0.05371002107858658, 0.050255678594112396, 0.00407636072486639, -0.02532145567238331, -0.0016310729552060366, -0.0027269385755062103, -0.03179081156849861, -0.00647689588367939, 0.0016041221097111702, -0.01739649288356304, -0.012529469095170498, -0.03474396839737892, -0.013305244967341423, -0.010503183118999004, 0.017046574503183365, -0.03381890058517456, -0.004721271805465221, 0.0006737734074704349, -0.04226041957736015, 0.046174127608537674, 0.0028541339561343193, -0.0023484001867473125, -0.006422066129744053, -0.02383851446211338, -0.021783411502838135, -0.02326776459813118, -0.011478487402200699, 0.0393039807677269, -0.015398127026855946, -0.028462108224630356, 0.05482730641961098, 0.026512643322348595, 0.004385810345411301, -0.03498627245426178, -0.008880111388862133, -0.027135096490383148, 0.0017124374862760305, -0.005141690373420715, 0.0162686537951231, 0.03209954872727394, 0.03174879401922226, 0.006556412670761347, -0.05061470717191696, -0.0035832764115184546, -0.017311977222561836, -0.03868740051984787, 0.019473087042570114, -0.022817371413111687, -0.026704875752329826, -0.028745137155056, 0.013887961395084858, -0.016839902848005295, 0.028005322441458702, -0.01888883300125599, 0.007148498669266701, -0.024811595678329468, -0.013213382102549076, 0.001967983553186059, 0.023820990696549416, -0.009279750287532806, -0.03136347234249115, 0.04140005260705948, 0.04579653963446617, 0.03243277594447136, -0.07227823138237, 0.00015586915833409876, 0.06277613341808319, 0.02345247007906437, -0.025125935673713684, 0.05210170894861221, -0.004513275343924761, 0.014483550563454628, 0.0015227741096168756, -0.015142332762479782, 0.013037811033427715, -0.014866800978779793, -0.004636396653950214, 0.007732857018709183, 0.02228694036602974, 0.0382668599486351, 0.020672418177127838, -0.02968679368495941, 0.006789978127926588, -0.03455029055476189, -0.018147287890315056, -0.029343605041503906, -0.011770345270633698, 0.01353160198777914, -0.021219531074166298, 0.04401794448494911, -0.030712435021996498, 0.03194321691989899, 0.007110672537237406, -0.013833295553922653, 0.01135814469307661, 0.02783302590250969, -0.03459451347589493, 0.03650478646159172, -0.06169315427541733, 0.005674504209309816, 0.013792571611702442, 0.004924373235553503, -0.00726625369861722, 0.013513553887605667, 0.03524964302778244, -0.029641764238476753, -0.03755816072225571, 0.035739775747060776, 0.004335271194577217, -0.005552463699132204, -0.004627574235200882, 0.009981920011341572, -0.025620007887482643, -0.02565762959420681, -0.001573210465721786, -0.0295050498098135, 0.007158936001360416, 0.0008624150068499148, 0.05050762742757797, 0.010220625437796116, 0.02110094018280506, -0.001993325538933277, 0.012982664629817009, -0.026634154841303825, 0.0018521673046052456, -0.008445685729384422, 0.0455072782933712, -0.03308849409222603, 0.017102058976888657, -0.005057435017079115, 0.024350997060537338, 0.022983001545071602, 0.0061082434840500355, -0.0007637020898982882, -0.009184279479086399, -0.011837792582809925, -0.04150988534092903, 0.04941562935709953, 0.008019362576305866, 0.0036901975981891155, -0.012121807783842087, 0.01670784316956997, 0.036552634090185165, -0.017692212015390396, 0.013045715168118477, -0.03536248952150345, 0.007116731721907854, -0.1793789267539978, 0.002516817068681121, -0.04471968486905098, -0.005611245520412922, -0.024959854781627655, -0.0163728017359972, -0.024297520518302917, -0.02182399481534958, 0.014293436892330647, -0.026652704924345016, -0.03729082643985748, -0.02508348412811756, 0.006798660382628441, -0.0035165720619261265, -0.029209546744823456, 0.02037927880883217, -0.0028903556521981955, 0.015159857459366322, -0.036268167197704315, 0.00036302083753980696, 0.04378020763397217, -0.03080292046070099, 0.004997496958822012, 0.03013021871447563, 0.0046257516369223595, -0.005692640319466591, -0.004395186435431242, -0.0036795202177017927, -0.024901054799556732, 0.028133349493145943, 0.0022106131073087454, -0.02518489956855774, 0.023100534453988075, 0.06905762851238251, -0.014193891547620296, -0.027364829555153847, 0.022183703258633614, 0.02745119296014309, -0.03264332935214043, -0.006972079165279865, 0.004470390733331442, 0.020582715049386024, -0.025222187861800194, 0.005467296112328768, 0.028166145086288452, 0.055901315063238144, 0.028224697336554527, 0.0018166634254157543, -0.05584266781806946, 0.01381071750074625, -0.015278979204595089, 0.0083926348015666, -0.01766999252140522, 0.06908341497182846, 0.025111695751547813, -0.0422525629401207, -0.008240552619099617, 0.026521040126681328, -0.0444418340921402, 0.06336284428834915, -0.04097319021821022, 0.004142758436501026, -0.045650433748960495, -0.04502800479531288, -0.03542361035943031, -0.005456353537738323, -0.014119192026555538, -0.0131758414208889, -0.03210797905921936, 0.029728936031460762, -0.007808176334947348, -0.02099301479756832, -0.011536932550370693, -0.032191310077905655, 0.029763536527752876, 0.015830684453248978, 0.015687162056565285, 0.010095394216477871, -0.006128062028437853, -0.03313219174742699, -0.006326187867671251, -0.019457442685961723, -0.027779066935181618, -0.012568727135658264, 0.05433867499232292, 0.01994345895946026, -0.028862280771136284, 0.04369526728987694, -0.02431485801935196, -0.00046278806985355914, -0.0402161106467247, -0.053140539675951004, -0.014779728837311268, 0.005984592251479626, -0.06682850420475006, 0.007536034565418959, -0.007657019421458244, 0.009767679497599602, 0.020124515518546104, 0.003908778075128794, -0.05473804473876953, 0.002389698289334774, -0.012990515679121017, -0.018770964816212654, -0.020340828225016594, 0.024593496695160866, 0.005488252267241478, -0.013930206187069416, 0.03844914212822914, -0.01369771733880043, -0.08225015550851822, 0.02285422943532467, 0.011418982408940792, -0.018084118142724037, -0.04253546521067619, 0.006238754838705063, 0.05029881000518799, 0.033872079104185104, -0.05775155872106552, -0.03201514109969139, 0.02682012878358364, -0.014089999720454216, -0.018029920756816864, -0.04737430065870285, 0.023154711350798607, -0.00936061516404152, 0.03128306195139885, 0.0220164954662323, -0.03307299315929413, 0.017869725823402405, 0.023546062409877777, -0.010421651415526867, 0.01159433089196682, 0.02552207186818123, 0.022931549698114395, -0.03135927394032478, 0.0015379482647404075, 0.041246894747018814, -0.05633800849318504, -0.01780206523835659, -0.01430270541459322, -0.006005035247653723, 0.0015242809895426035, -0.028282612562179565, -0.0005908713210374117, -0.055512964725494385, -0.008957372047007084, 0.0070036835968494415, -0.006774685345590115, -0.01316462829709053, 0.03969570994377136, 0.004807921592146158, -0.0001521310769021511, 0.0014186888001859188, -0.005174064077436924, 0.014096599072217941, -0.0009417475084774196, 0.03836787864565849, -0.002371749375015497, 0.023109296336770058, 0.022134752944111824, -0.025740792974829674, 0.01223125122487545, 0.02973652258515358, -0.0506478026509285, 0.038619644939899445, -0.014940514229238033, -0.020781811326742172, 0.020733317360281944, -0.021052619442343712, 0.014932033605873585, 0.029829634353518486, -0.015188382007181644, 0.03859790414571762, 0.01696217805147171, -0.026548391208052635, -0.02183341607451439, -0.01859181746840477, 0.05406641215085983, 0.00357759278267622, 0.026894282549619675, 0.0007429938996210694, 0.0755404680967331, 0.009564603678882122, 0.001826747553423047, 0.005040095653384924, -0.01716960407793522, 0.035810500383377075, -0.010478083975613117, 0.00637629022821784, -0.027577722445130348, 0.01170505490154028, 0.0020511301700025797, -0.006030035670846701, 0.016812464222311974, 0.030820386484265327, -0.002628026995807886, 0.005614600609987974, 0.012117505073547363, 0.013753005303442478, 0.020852508023381233, 0.026236971840262413, 0.02201680839061737, -0.01736227422952652, -0.05467652902007103, 0.016385860741138458, -0.034621596336364746, 0.01594972051680088, -0.01330868061631918, 0.03266516327857971, -0.013510813005268574, 0.02328350953757763, -0.042911726981401443, 0.028374845162034035, -0.027315733954310417, 0.0050559560768306255, 0.01742963306605816, 0.044826917350292206, 0.016091248020529747, 0.01230880431830883, 0.02638346701860428, 0.004786926321685314, -0.0013086165999993682, -0.005851808935403824, 0.013021023012697697, -0.0027228714898228645, -0.03061860054731369, 0.01597711257636547, 0.022309133782982826, -0.0016091509023681283, -0.013692350126802921, 0.01528400368988514, -0.01277127768844366, 0.025162387639284134, 0.011742003262043, -0.0069567132741212845, 0.051382046192884445, 0.046485356986522675, -0.0008657226571813226, -0.005364579148590565, 0.04788927733898163, -0.002458602422848344, -0.0605144165456295, -0.011333885602653027]",,
15_1_0_errors_install_sass_mdx_section_2_code_1,code_snippet,15_1_0_errors_install_sass_mdx_section_2,Possible Ways to Fix It - code_1,,"{'programming_language': 'bash', 'filename': 'Terminal', 'switcher': False}",15.1.0,,"npm i sass
# or
yarn add sass
","[(np.int64(6), np.float64(0.05181024968624115)), (np.int64(87109), np.float64(0.23644021153450012)), (np.int64(124090), np.float64(0.33392333984375))]",,"[-0.021134786307811737, -0.012819493189454079, -0.03168031945824623, 0.0012760336976498365, -0.037699125707149506, -0.050232186913490295, 0.0004266676842235029, 0.0203687883913517, 0.000985922641120851, 0.05552360415458679, -0.0086616026237607, 0.0310373492538929, -0.04995262250304222, -0.001982335466891527, -0.00774573115631938, 0.01375416200608015, -0.002941042883321643, 0.04206855967640877, 0.009866160340607166, -0.008521996438503265, -0.015728844329714775, -0.02525586634874344, -0.026543566957116127, 0.03639993444085121, 0.006865651346743107, 0.06486282497644424, 0.023934992030262947, -0.00984241347759962, 0.030467132106423378, -0.02037675306200981, 0.008554826490581036, -0.039538607001304626, -0.008659804239869118, -0.05528292804956436, -0.03498097509145737, 0.0030577080324292183, -0.006482759490609169, 0.02133857272565365, -0.05052700266242027, -0.008009986951947212, -0.038971561938524246, 0.027434948831796646, 0.006901342887431383, -0.025235919281840324, 0.048135481774806976, -0.0032933708280324936, 0.03335258364677429, -0.043885793536901474, -0.0003264771949034184, -0.0208734143525362, -5.829328529216582e-06, 0.016425861045718193, 0.038343001157045364, -0.05073223635554314, 0.035959139466285706, 0.017243104055523872, -0.06651320308446884, 0.04868270829319954, -0.05785751715302467, -0.00821204949170351, -0.02231222577393055, -0.007097269408404827, -0.034227434545755386, -0.002350220689550042, 0.03951887786388397, 0.01466429140418768, -0.03094552829861641, 0.0363396480679512, -0.014219400472939014, -0.02273264341056347, -0.0005024574347771704, 0.00815573986619711, -0.025670170783996582, -0.019066549837589264, -0.06765402853488922, -0.02941124327480793, 0.023311613127589226, -0.046778589487075806, -0.021824946627020836, 0.030789030715823174, 0.016335638239979744, 0.0010603287955746055, -0.008723145350813866, -0.015420807525515556, -0.007884806953370571, 0.03863725811243057, -0.02359924279153347, 0.047753091901540756, 0.005094338208436966, -0.010839377529919147, 0.025068577378988266, -0.013032160699367523, 0.012917468324303627, -0.05651969835162163, 0.017564235255122185, -0.026898041367530823, -0.02622280642390251, -0.022828297689557076, 0.02239023521542549, 0.028003113344311714, -0.024062495678663254, 0.007264737971127033, -0.04297462850809097, -0.008855195716023445, 0.03578167036175728, 0.00644707353785634, -0.010565266944468021, 0.011340290307998657, -0.013761945068836212, -0.03151315823197365, -0.0033080580178648233, 0.03726125881075859, 0.001720211934298277, 0.019401730969548225, -0.023710303008556366, -0.03352455794811249, -0.020965347066521645, -0.004569302778691053, 0.027576977387070656, -0.02053416334092617, 0.04618491604924202, -0.012092412449419498, 0.07224468886852264, -0.032306741923093796, 0.03352528065443039, 0.003951485268771648, -0.005671128164976835, 0.0351150743663311, -0.03915859013795853, -0.006348015274852514, 0.008361841551959515, 0.03395929932594299, -0.017900267615914345, 0.02031373605132103, -0.0002103662845911458, 0.025868156924843788, -0.0005040576215833426, -0.024722609668970108, 0.0367845818400383, -0.012351227924227715, 0.020460166037082672, 0.007863064296543598, -0.0018736759666353464, -0.03932223841547966, 0.014229743741452694, -0.05764661729335785, -0.007796738762408495, -0.007835328578948975, -0.006761348340660334, -0.0457327626645565, -0.008246532641351223, 0.005219979211688042, 0.006822851952165365, -0.038640134036540985, 0.026157040148973465, 0.013890602625906467, 0.04412821680307388, 0.07583155483007431, -0.014339824207127094, 0.018943263217806816, -0.019617760553956032, 0.0022639352828264236, -0.024357659742236137, -0.03343123942613602, 0.05857484042644501, -0.020819593220949173, 0.054117076098918915, -0.01666446030139923, 0.007575171999633312, -0.005461804568767548, -0.0025530820712447166, -0.006467022933065891, 0.04331282153725624, -0.031176632270216942, 0.02778918482363224, 0.05290001258254051, 0.034352343529462814, 0.015579860657453537, -0.013799341395497322, -0.035764411091804504, -0.02027873694896698, 0.04533015564084053, -0.031978756189346313, -0.03159881755709648, -0.02446800097823143, -0.001445174217224121, 0.003352923784404993, -0.023209858685731888, 0.01050587184727192, 0.02696937508881092, -0.003906367812305689, -0.007418366614729166, 0.028740592300891876, 0.02516074851155281, 0.02831718511879444, 0.009064875543117523, -0.0009080820600502193, -0.027487806975841522, 0.004582979250699282, -0.012901662848889828, -0.02002953179180622, 0.039485864341259, 0.025452319532632828, -0.034734539687633514, -0.06300301849842072, -0.030807651579380035, -0.002773286309093237, -0.005444136448204517, 0.004821423441171646, -0.012587783858180046, 0.02182205766439438, 0.04798344895243645, 0.005972781218588352, -0.006416488438844681, -0.003548760898411274, 0.010313756763935089, -0.029860038310289383, 0.013844436034560204, -0.03168652206659317, 0.00735565135255456, -0.0069430675357580185, 0.06908291578292847, -0.059415217489004135, 0.05086461827158928, 0.01842629350721836, 0.023008519783616066, 0.038142915815114975, 0.001545172301121056, 0.02619701437652111, -0.042959053069353104, -0.04641466587781906, 0.027282042428851128, -0.02725987136363983, 0.007300360593944788, -0.002996498718857765, 0.029179789125919342, -0.03547793626785278, 0.03681916743516922, 0.0026224476750940084, 0.013815275393426418, -0.012627191841602325, -0.02895033173263073, 0.013756055384874344, 0.03223089501261711, -0.05265657231211662, 0.00712079182267189, 0.005900138523429632, 0.010270505212247372, -0.01243298314511776, -0.023350350558757782, 0.030314529314637184, 0.014677186496555805, -0.042402707040309906, -0.0065054986625909805, 0.006026677321642637, 0.033585742115974426, 0.06655290722846985, -0.018856646493077278, -0.0016014156863093376, 0.007822985760867596, 0.02975943312048912, 0.055981528013944626, 0.028410177677869797, 0.02086535468697548, 0.05767255648970604, -0.044143225997686386, -0.0012950710952281952, 0.025925928726792336, -0.022492432966828346, 0.03898489847779274, -0.061569634824991226, 0.007779191248118877, -0.021546917036175728, 0.0012388094328343868, -0.0035924294497817755, 0.053065937012434006, -0.009609570726752281, -0.05965358018875122, 0.05093938484787941, -0.008502135053277016, -0.006928632501512766, -0.0008732457645237446, 0.023476887494325638, -0.03699583560228348, 0.025438714772462845, 0.014943793416023254, 0.016948411241173744, -0.005501999519765377, 0.017453288659453392, -0.03949771821498871, -0.01079652551561594, -0.012545723468065262, 0.06111253798007965, -0.04843539744615555, -0.033265817910432816, 0.00522054685279727, -0.025462107732892036, -0.17958331108093262, -0.03546798601746559, -0.008906100876629353, 0.007617626804858446, 0.04095922410488129, 0.018523799255490303, -0.07825059443712234, -0.005435306578874588, -0.06350972503423691, 0.007085076533257961, -8.892644473235123e-06, -0.06964059919118881, 0.002557657891884446, 0.008583592250943184, -0.02633730322122574, -0.005439803469926119, -0.03331104293465614, -0.015492372214794159, 0.010329793207347393, -0.0013174358755350113, -0.018339911475777626, -0.07716253399848938, 0.02093471772968769, -0.014175407588481903, -0.026429099962115288, -0.029595259577035904, 0.02308962680399418, 0.014892321079969406, -0.0570807121694088, 0.0016986916307359934, 0.010650203563272953, 0.019996682181954384, 0.0009663159144110978, -0.001124938833527267, -0.005752493627369404, 0.0281281229108572, 0.020748823881149292, -0.02908516302704811, 0.01853262446820736, -0.04519600793719292, -0.0018731955206021667, -0.011692035011947155, -0.009436170570552349, -0.012568306177854538, -0.022730935364961624, -0.0632958933711052, -0.004450356122106314, 0.01917942613363266, -0.0003555165894795209, 0.01447231974452734, -0.016726888716220856, 0.017097830772399902, 0.026805318892002106, -0.04503641277551651, -0.04272371903061867, -0.01450628787279129, 0.0020012694876641035, -0.010274358093738556, -0.00440258951857686, -0.029143240302801132, -0.045000169426202774, 0.003756927791982889, -0.021686900407075882, -0.04618271067738533, -0.02432275004684925, 0.007890885695815086, 0.00401258422061801, 0.02740711346268654, 0.020879575982689857, -0.012741864658892155, 0.027123060077428818, 0.021725498139858246, -0.03210822492837906, -0.014934304170310497, -0.03564155474305153, 0.02899928390979767, -0.0005986811593174934, -0.05912031978368759, -0.022893806919455528, -0.13001300394535065, -0.013500637374818325, -0.005163238383829594, -0.00178186793345958, 0.03225239738821983, -0.03022697940468788, 0.0031544796656817198, 0.004206221550703049, -0.019147517159581184, 0.046246226876974106, 0.21038444340229034, 0.03966323286294937, -0.0004652503994293511, -0.06408268958330154, 0.048354219645261765, -0.06336738169193268, 0.022233134135603905, 0.0073871552012860775, 0.009753894060850143, -0.024922484531998634, 0.021399525925517082, 0.016499921679496765, 0.019153669476509094, -0.03190474584698677, 0.004905197769403458, 0.00901365838944912, -0.0313919335603714, 0.0013210403267294168, 0.07741241902112961, -0.01822623424232006, 0.03152510151267052, -0.02041681297123432, -0.004727412946522236, -0.026773087680339813, -0.028513692319393158, -0.0051511917263269424, -0.04745212197303772, 0.0313979871571064, -0.01848457008600235, 0.041210468858480453, -0.03774145618081093, 0.03752003610134125, 0.018350189551711082, 0.013406781479716301, -0.0016372182872146368, -0.019511383026838303, -0.01563454605638981, -0.025844156742095947, 0.006382280495017767, 0.009411952458322048, -0.025060245767235756, -0.023322809487581253, 0.025868412107229233, 0.01440583448857069, 0.03883470967411995, -0.022997545078396797, 0.0012394872028380632, -0.004590719006955624, 0.014800799079239368, -0.04131416231393814, 0.013987853191792965, -0.04505535960197449, -0.05521376430988312, -0.0030096524860709906, -0.005458796862512827, -0.051882240921258926, 0.001602530013769865, -0.018849538639187813, -0.016000907868146896, 0.005964083131402731, 0.003941050264984369, 0.0031582789961248636, -0.023957427591085434, -0.01785256899893284, -0.013550558127462864, 0.003223033854737878, 0.015176729299128056, -0.0295052882283926, 0.01091703213751316, 0.014546042308211327, 0.009590860456228256, 0.010351029224693775, 0.010883402079343796, 0.03720340132713318, 0.02226254530251026, 0.006156386341899633, 0.045201390981674194, 0.02713964879512787, 0.022730326279997826, 0.0009309368906542659, -0.021144669502973557, 0.06474826484918594, -0.005802622996270657, -0.029532430693507195, -0.006672353018075228, -0.05108471214771271, -0.019938457757234573, 0.0275117214769125, -0.00927027128636837, -0.036778684705495834, 0.03309781476855278, 0.009328335523605347, 0.019341357052326202, 0.011836485005915165, 0.018131105229258537, 0.007301471661776304, 0.0401042141020298, 0.02492624707520008, 0.0033721420913934708, -0.03164162486791611, -0.027809929102659225, 0.01738491840660572, 0.029133688658475876, -0.03842661902308464, 0.02761988900601864, -0.03396640345454216, -0.056613218039274216, -0.011699005030095577, 0.014324259012937546, -0.03375975787639618, -0.024540282785892487, 0.06003831326961517, 0.06078158691525459, -0.010538041591644287, 0.002389744622632861, 0.030883869156241417, -0.02537994273006916, 0.03249405324459076, 0.03400927782058716, -0.005713960155844688, 0.01436814945191145, -0.003192885546013713, -0.04485654830932617, 0.029122961685061455, 0.01811954565346241, -0.0057629854418337345, 0.00864345207810402, 0.004782936070114374, -0.02337387017905712, 0.05333330109715462, 0.02216321788728237, -0.0018024662276729941, 0.014570774510502815, 0.019718050956726074, 0.009306350722908974, -0.011128358542919159, 0.02214367873966694, 0.0397644117474556, 0.026933278888463974, 0.03173763304948807, 0.0251479409635067, -0.013841278851032257, 0.04098878800868988, 0.025419412180781364, -0.008066722191870213, 0.0181287694722414, -0.019228147342801094, -0.018840232864022255, 0.00021278303756844252, 0.012944702059030533, 0.050805043429136276, 0.060435641556978226, 0.020172107964754105, -0.03489779308438301, -0.0336858406662941, -0.05471072345972061, 0.007675086613744497, -0.0067922757007181644, 0.0340549610555172, -0.032284460961818695, 0.029714414849877357, 0.030550476163625717, 0.029877442866563797, 0.02815803326666355, 0.02669360302388668, -0.00829885434359312, -0.020932795479893684, 0.026099391281604767, -0.033239010721445084, -0.026854518800973892, -0.016746332868933678, -0.08108839392662048, -0.02264000102877617, 0.05209324136376381, -0.004212592262774706, -0.0011146957986056805, -0.05328826233744621, 0.048282161355018616, -0.0143452612683177, -0.027643008157610893, 0.04120083525776863, -0.0331149697303772, -0.005574999377131462, 0.006191309541463852, -0.0005366883706301451, 0.006984999403357506, -0.03552109748125076, -0.004782023839652538, 0.0003453847602941096, -0.016961198300123215, -0.04914961755275726, 0.07390423864126205, -0.014128519222140312, -0.0018175964942201972, 0.030118724331259727, 0.03264607489109039, 0.01975490152835846, 0.006645189132541418, 0.0016365953488275409, -0.013630887493491173, -0.026501959189772606, -0.017810842022299767, -0.0014671424869447947, -0.06258995085954666, 0.0033207950182259083, -0.01103736087679863, 0.02836952917277813, 0.04010584577918053, -0.031258709728717804, -0.05025748163461685, 0.018694108352065086, -0.02981802076101303, -0.014947990886867046, -0.023763064295053482, 0.029575152322649956, 0.007157856598496437, 0.04082947596907616, 0.037406016141176224, -0.03864878788590431, -0.02709249220788479, -0.030387183651328087, -0.025912491604685783, 0.05092384293675423, -0.03572976961731911, -0.0013803169131278992, 0.01953960582613945, 0.013034003786742687, -0.0019508171826601028, 0.0030494246166199446, -0.017134226858615875, 0.01021003257483244, 0.012970936484634876, -0.03000982664525509, -0.0029984447173774242, 0.008379106409847736, 0.02445586584508419, 0.03783749043941498, 0.017966117709875107, 0.005177526269108057, -0.06680715084075928, 0.0037775642704218626, -0.015123584307730198, -0.004368413705378771, 0.031354472041130066, -0.03253700211644173, 0.016311530023813248, -0.046480923891067505, -0.012358896434307098, 0.014850012958049774, 0.025302167981863022, 0.0010941338259726763, -0.008485781028866768, -0.01348206214606762, -0.02265450358390808, 0.020116489380598068, -0.012560523115098476, -0.04967713728547096, -0.00778872799128294, 0.012131815776228905, -0.018839359283447266, 0.026331596076488495, 0.034440264105796814, -0.03147327899932861, -0.02425362542271614, 0.010774187743663788, -0.05564773455262184, 0.022266382351517677, -0.011000901460647583, 0.0028111115097999573, 0.012607600539922714, -0.0181202944368124, -0.0120017658919096, -0.045800331979990005, -0.03708542510867119, 0.03702412545681, 0.021050671115517616, -0.0019566724076867104, 0.00901854783296585, 0.10165189206600189, 0.05163738876581192, -0.03631402552127838, -0.034266017377376556, 0.018416373059153557, 0.032648615539073944, 0.013272691518068314, 0.04108002036809921, 0.00966418907046318, 0.019262144342064857, -0.01801135204732418, -0.053206801414489746, -0.007044130936264992, -0.04680826887488365, -0.04061030223965645, -0.012361588887870312, -0.027719469740986824, -0.018851388245821, -0.0010919924825429916, -0.0015328992158174515, 0.010724024847149849, 0.010007218457758427, -0.04120814427733421, 0.012234622612595558, -0.01737784408032894, -0.03238845616579056, -0.07330576330423355, 0.032539963722229004, 0.011097297072410583, -0.04354722797870636, 0.010045653209090233, 0.021134525537490845, 0.004144894424825907, 0.007712843362241983, 0.0008971954230219126, 0.03044104389846325, -0.024803904816508293, 0.029869286343455315, 0.0392182394862175, 0.021737365052103996, 0.00014044001000002027, 0.01028530765324831, -0.004085307940840721, -0.008502977900207043, -0.049474798142910004, 0.011584607884287834, 0.008328643627464771, 0.00026220164727419615, 0.048378732055425644, 0.01041075773537159, -0.004515613429248333, -0.016835730522871017, -0.015066932886838913, 0.020671620965003967, -0.012180333957076073, 0.028404761105775833, 0.03613834083080292, -0.010971715673804283, 0.03279910236597061, -0.022904392331838608, -0.009857994504272938, -0.00640343502163887, -0.04060325026512146, 0.04774535074830055, 0.0685979574918747, -0.05753680318593979, 0.020742490887641907, -0.05768125504255295, 0.002649738220497966, 0.03756731003522873, 0.015391451306641102, 0.011298301629722118, 0.012863360345363617, 0.02256614901125431, -0.0148078678175807, -0.0610290952026844, -0.028816362842917442, -0.01570230908691883, -0.00027654808945953846, -0.012394932098686695, -0.012196731753647327, -0.05230892449617386, -0.04158918932080269, -0.005585021805018187, -0.05151351913809776, -0.03600480780005455, -0.048875387758016586, 0.02304970659315586, -0.0016144928522408009, 0.020695647224783897, -0.06287647038698196, -0.019831638783216476, -0.01116946991533041, -0.005306900013238192, 0.017117947340011597, 0.05258361995220184, 0.021920736879110336, -0.016591819003224373, -0.007181997876614332, 0.0016090919962152839, -0.03344196081161499, 0.02529301866889, 0.0011948621831834316, -0.007928320206701756, -0.009948230348527431, -0.03643016889691353, -0.0007628652383573353, 0.02976297028362751, -0.03545096889138222, 0.004280991852283478, 0.08153261244297028, 0.0054744938388466835, -0.034786760807037354, 0.03377573937177658, -0.005473663564771414, 0.03574860095977783, -0.16026392579078674, 0.0019707067403942347, -0.01530112698674202, -0.003146596485748887, -0.0205191932618618, -0.0002650963724590838, -0.018292224034667015, 0.006045213434845209, 0.004226784687489271, -0.07061757147312164, -0.04153778776526451, -0.031602587550878525, 0.03734244406223297, -0.0004141400568187237, -0.008219686336815357, -0.005393021274358034, 0.028876449912786484, -0.00012137304292991757, 0.012070017866790295, 0.025583364069461823, -0.004909205716103315, -0.0011036575306206942, 0.047807589173316956, 0.04651189222931862, 0.022885307669639587, -0.0370691642165184, -0.007885687984526157, 0.02555588260293007, -0.042479902505874634, 0.007594230119138956, -0.0021669326815754175, -0.010294323787093163, 0.04356493428349495, 0.04973655939102173, 0.011999319307506084, -0.03559687361121178, -0.008943879045546055, -0.019366199150681496, -0.05173146724700928, 0.04994542524218559, 0.008162262849509716, 0.03335604816675186, -0.040345851331949234, -0.0012351631885394454, 0.035105593502521515, 0.04585007205605507, -0.00766300642862916, 0.006587485317140818, -0.010495428927242756, 0.007510214578360319, 0.028432084247469902, 0.011097289621829987, -0.0017746493685990572, 0.010771643370389938, -0.028633616864681244, -0.007411617320030928, -0.058359161019325256, 0.019630851224064827, -0.014590839855372906, 0.0463951975107193, 0.018679719418287277, 0.01877775974571705, 0.012734719552099705, -0.09378409385681152, -0.053448259830474854, 0.01949457637965679, -0.02948005683720112, -0.02174021676182747, 0.005427600350230932, 0.07405786216259003, -0.03619319200515747, -0.03744801878929138, -0.009586609899997711, -0.0042898342944681644, 0.019422827288508415, -0.004414911847561598, 0.015925267711281776, 0.05937549099326134, 0.03856541961431503, 0.003245321335271001, 0.014770126901566982, 0.005200383253395557, -0.009004561230540276, -0.02584235742688179, 0.03686548396945, 0.005447293631732464, 0.01700369454920292, 0.027052905410528183, -0.008191811852157116, 0.02243204042315483, -0.03241080418229103, -0.02433124929666519, 0.005354116205126047, 0.020356012508273125, -0.006739354692399502, 0.05231725424528122, -0.0037062233313918114, 0.026160258799791336, -0.008560389280319214, -0.0472501702606678, -0.017293406650424004, 0.03240017220377922, -0.016236240044236183, -0.017005153000354767, -0.0003436024999246001, -0.024554114788770676, -0.026968080550432205, -0.02657015435397625, 0.0327899269759655, 0.009668505750596523, 0.024342110380530357, 0.020814131945371628, -0.04162377119064331, -0.007084065116941929, -0.04384065046906471, 0.025121010839939117, 0.01784236915409565, 0.0341353639960289, -0.028837909922003746, -0.03554994985461235, 0.0036110994406044483, -0.022159205749630928, 0.02736150100827217, -0.029658259823918343, 0.05119656026363373, 0.04300229996442795, 0.01511505525559187, 0.007572440430521965, -0.0038197978865355253, 0.03491011634469032, 0.016339190304279327, -0.015657590702176094, 0.01742895506322384, 0.015155039727687836, 0.0030535864643752575, -0.006847688462585211, -0.0112451808527112, 0.06198794022202492, -0.061403147876262665, -0.020320676267147064, -0.0040938579477369785, 0.014643105678260326, 0.004466571379452944, -0.04260452091693878, 0.007977562956511974, -0.060921262949705124, -0.006693189963698387, -0.01762276701629162, -0.0016089468263089657, -0.021266961470246315, 0.026591196656227112, -0.01414735708385706, -0.003055861219763756, 0.048397280275821686, 0.020704813301563263, 0.023479105904698372, -0.0019429342355579138, -0.0030465335585176945, 0.03863854333758354, 0.030150284990668297, 0.03206244483590126, -0.07476673275232315, -0.005205720197409391, -0.016083041206002235, -0.01719748042523861, 0.01698620244860649, 0.017218610271811485, -0.0041646808385849, -0.02281723916530609, 0.06780345737934113, -0.019941067323088646, 0.044732194393873215, 0.011800242587924004, 0.00565764494240284, -0.00691391434520483, -0.04055382311344147, 0.01755843684077263, -0.011872721835970879, 0.03969055414199829, -0.011450737714767456, 0.02272978238761425, -0.046041786670684814, 0.05280409753322601, 0.020171286538243294, 0.011714517138898373, -0.008598441258072853, -0.012810762971639633, 0.004909825045615435, -0.003793857991695404, -0.004570744466036558, 0.02351333200931549, 0.004345258232206106, -0.004635144956409931, -0.041054680943489075, 0.021701879799365997, 0.031153742223978043, 0.025999516248703003, -0.015871210023760796, 0.013939972966909409, 0.032047923654317856, 0.00492525938898325, -0.006520463619381189, 0.019074955955147743, -0.029265882447361946, -0.057938847690820694, -0.0006870340439490974, -0.058556657284498215, 0.019821451976895332, -0.006091374438256025, 0.06120315194129944, -0.053757425397634506, 0.017284441739320755, -0.0011076773516833782, 0.008165625855326653, 0.017438901588320732, -0.06186628341674805, 0.005358019843697548, 0.06702891737222672, -0.009013520553708076, 0.02069205790758133, 0.04833244904875755, -0.0025009869132190943, -0.0034815447870641947, -0.03080793097615242, -0.004149868618696928, 0.012978658080101013, -0.06650541722774506, 0.0290677510201931, -0.07235448062419891, 0.04641880840063095, 0.045402638614177704, 0.04203801229596138, -0.017725996673107147, 0.046296391636133194, 0.03522459417581558, -0.03451401740312576, 0.032853864133358, 0.035361114889383316, 0.043618276715278625, -0.022739116102457047, 0.009081486612558365, -0.015124103054404259, -0.0003359623660799116, 0.03335239365696907]",
15_1_0_errors_install_sass_mdx_section_3,section,15_1_0_errors_install_sass_mdx,Install `sass` to Use Built-In Sass Support - Useful Links,,{},15.1.0,"[/docs/pages/building-your-application/styling/sass](/docs/pages/building-your-application/styling/sass)
",,"[(np.int64(7), np.float64(0.20026394724845886)), (np.int64(47), np.float64(0.019703000783920288)), (np.int64(667), np.float64(0.06630927324295044)), (np.int64(4153), np.float64(0.08849179744720459)), (np.int64(7844), np.float64(0.04567934572696686)), (np.int64(15796), np.float64(0.20167919993400574)), (np.int64(24908), np.float64(0.13776275515556335)), (np.int64(36836), np.float64(0.131441131234169)), (np.int64(57890), np.float64(0.22309565544128418)), (np.int64(58832), np.float64(0.22265592217445374)), (np.int64(107951), np.float64(0.1746472418308258)), (np.int64(199876), np.float64(0.31010714173316956))]","[-0.04138852283358574, -0.012371852993965149, -0.046553585678339005, -0.00039531418588012457, -0.014166975393891335, -0.04204525426030159, -0.0081707164645195, 0.04397677630186081, -0.0005180187290534377, 0.03165440261363983, 0.03382416442036629, 0.045224424451589584, 0.04483877867460251, -0.008590658195316792, 0.01629997231066227, 0.010196841321885586, -0.0036076661199331284, 0.023047855123877525, 0.028145261108875275, 0.011173127219080925, -0.031535789370536804, 0.0027763221878558397, 0.04525989666581154, -0.031224660575389862, -0.014175936579704285, 0.01529256533831358, 0.007378568407148123, -0.009934529662132263, 0.021730996668338776, -0.006492081563919783, 0.03405497595667839, -0.026911862194538116, 0.05410313978791237, -0.028890851885080338, -0.010276978835463524, -0.04980279505252838, -0.029681721702218056, -0.0104552386328578, -0.03528543561697006, -8.935207733884454e-05, -0.001487772329710424, 0.01185382530093193, -0.0070299021899700165, -0.015694910660386086, 0.05419749394059181, -0.028024017810821533, 0.0011266646906733513, -0.03532243147492409, -9.389303272655525e-07, 0.005036836490035057, -0.006647173780947924, 0.0011550725903362036, 0.008363580331206322, -0.06444112956523895, 0.03878733888268471, 0.06179686263203621, -0.008675084449350834, -0.02853100746870041, -0.05226100608706474, 0.03143258020281792, -0.06374423950910568, -0.012045475654304028, -0.030453380197286606, -0.0025348004419356585, 0.017490355297923088, 0.03070713020861149, 0.0013206511503085494, -0.004548622760921717, -0.025400198996067047, -0.04540039598941803, 0.025851668789982796, 0.005940909497439861, -0.025461478158831596, -0.006064094137400389, -0.06783841550350189, -0.021022306755185127, 0.024808747693896294, 0.0038759438320994377, 0.0034598095808178186, 0.014787235297262669, -0.007712368853390217, 0.045122675597667694, 0.04137158766388893, -0.04069411754608154, -0.022066619247198105, 0.028996609151363373, -0.0065862140618264675, 0.036320820450782776, 0.04835810139775276, 0.005531485192477703, 0.0073002097196877, -0.023704154416918755, 0.033732037991285324, -0.02921912632882595, -0.015513506717979908, 0.014688865281641483, -0.0014226189814507961, 0.0051849475130438805, 0.04005729779601097, 0.02476189099252224, 0.02203146554529667, -0.046726636588573456, -0.01588275283575058, -0.008864927105605602, 0.032022904604673386, -0.033983264118433, -0.004381230100989342, 0.01642324961721897, -0.0015997850568965077, -0.035559747368097305, 0.0068406336940824986, 0.016750594601035118, 0.010843576863408089, 0.008636643178761005, 0.012933081015944481, -0.0003240233054384589, -0.034204766154289246, -0.02254476398229599, 0.03918541222810745, 0.0342634953558445, 0.030306806787848473, 0.012606394477188587, 0.06688214838504791, -0.014462495222687721, 0.053653497248888016, 0.036376047879457474, -0.016437141224741936, 0.027001718059182167, -0.01210757065564394, 0.009847539477050304, 0.014898773282766342, 0.024851132184267044, 0.0002812533639371395, 0.009692550636827946, -0.025386029854416847, 0.012011966668069363, -0.0020866054110229015, 0.01669972762465477, 0.012383771128952503, -0.020519476383924484, 0.02696382999420166, -0.001594423083588481, 0.014442994259297848, -0.04290727525949478, 0.023337094113230705, -0.049232713878154755, 0.06697651743888855, 0.03440883010625839, -0.007117060944437981, -0.050098732113838196, -0.011416618712246418, 0.004002530127763748, 0.019095012918114662, 0.019541999325156212, 0.01691747084259987, -0.026017459109425545, 0.01592719368636608, 0.02109699510037899, 0.027923040091991425, -0.028427718207240105, -0.03356722369790077, 0.01062870118767023, -0.046342190355062485, 0.03280496597290039, 0.04534180089831352, -0.03852454200387001, 0.031213274225592613, 0.0007395741995424032, -0.03896718844771385, -0.04309172183275223, 0.012475792318582535, -0.023475920781493187, 0.011433986015617847, 0.013111624866724014, 0.007783365901559591, 0.023829631507396698, 0.07929832488298416, 0.022599661722779274, 0.021474948152899742, -0.035916127264499664, -0.06927822530269623, 0.0349527969956398, -0.06182670220732689, 0.02179238386452198, -0.04901013895869255, -0.01588921993970871, -0.021133918315172195, -0.015049041248857975, 0.004835326690226793, 0.007268891204148531, -0.008316351100802422, -0.016987761482596397, -0.011408648453652859, -0.0045885662548244, 0.008858119137585163, 0.013105159625411034, 0.03118511103093624, 0.03436877578496933, -0.015974482521414757, -0.03170565515756607, 0.015737637877464294, -0.008425463922321796, 0.016594965010881424, -0.043269068002700806, -0.017468707635998726, -0.07182000577449799, -0.02596956305205822, -0.02354011870920658, 0.028361022472381592, -0.003705817274749279, -0.010855721309781075, -0.019046196714043617, -0.050919558852910995, 0.02625368721783161, -0.07712717354297638, 0.02119971252977848, -0.01484643667936325, 0.0163706187158823, 0.01359845232218504, -0.014990132302045822, -0.014931476674973965, 0.001910983002744615, 0.008848454803228378, 0.03131735324859619, 0.01697387732565403, -0.01154390163719654, 0.004806116223335266, 0.02927902154624462, 0.00926185492426157, -0.02616349793970585, -0.03133415803313255, -0.006338933017104864, 0.03150176629424095, -0.051582030951976776, 0.08664415776729584, -0.019352663308382034, -0.017119349911808968, 0.015158222056925297, -2.883803790609818e-05, -0.03377538174390793, -0.01084565557539463, -0.04918280988931656, 0.0018280134536325932, -0.008241986855864525, -0.048254743218421936, 0.01683514378964901, 0.011227840557694435, 0.04742346331477165, -0.029984701424837112, -0.049046751111745834, 0.03038984350860119, 0.023772766813635826, 0.0038710362277925014, -0.031576573848724365, 0.008763380348682404, 0.023010453209280968, 0.04792754724621773, -0.0001382922928314656, -0.07232370972633362, 6.007969204802066e-05, -0.03185930848121643, 0.010922006331384182, -0.019489452242851257, 0.028446413576602936, 0.03288989141583443, -0.014034907333552837, -0.018815573304891586, -0.023125221952795982, -0.021553345024585724, 0.04131250083446503, -0.024704748764634132, 0.01812213845551014, 0.0007928172126412392, -0.004465179517865181, -0.004201030824333429, 0.01435068715363741, 0.0006543857743963599, -0.032452292740345, 0.08291403949260712, -0.010327181778848171, 0.004237652290612459, 0.04897242411971092, 0.016652997583150864, 0.04082564264535904, 0.04433777183294296, -0.03443021699786186, 0.0010617139050737023, -0.062724269926548, 0.04239419475197792, -0.028606221079826355, -0.06573764979839325, -0.029710279777646065, 0.05393023043870926, -0.012697606347501278, 0.00032673735404387116, -0.0033456904347985983, -0.02353541925549507, -0.16390031576156616, -0.01227272767573595, 0.012816228903830051, 0.04813515394926071, 0.02341953106224537, 0.03064776584506035, -0.04841742664575577, -0.0385000966489315, -0.050113990902900696, -0.00166266318410635, 0.00850126426666975, -0.057778965681791306, -0.019707269966602325, -0.028340579941868782, 0.02633580006659031, 0.035505276173353195, -0.020451564341783524, 0.008398526348173618, 0.012016075663268566, -0.00932032335549593, -0.01997297815978527, -0.019414067268371582, 0.012622789479792118, 0.018674997612833977, -0.015174921602010727, -0.017246676608920097, 0.020929573103785515, 0.024606874212622643, -0.004679532255977392, 0.03385894373059273, -0.018129432573914528, 0.01553449034690857, -0.00804093200713396, -0.012209447100758553, -0.0009536172146908939, 0.010800691321492195, 0.02612031251192093, -0.0065749892964959145, 0.0013429310638457537, -0.03130185604095459, 0.0190531425178051, 0.03884302079677582, -0.0006685104453936219, -0.04464009776711464, -0.02307991310954094, -0.04700775817036629, 0.01625879481434822, -0.005875902250409126, -0.012470300309360027, -0.06647694855928421, 0.004707497078925371, -0.051009517163038254, 0.021176563575863838, 0.014952804893255234, -0.05835910513997078, 0.009255370125174522, 0.014446364715695381, 0.04610171169042587, -0.02924751490354538, -0.007005081046372652, -0.018674097955226898, -0.04694468528032303, 0.025432094931602478, -0.0458686538040638, -0.028140567243099213, -0.0018278590869158506, 0.0497584342956543, -0.007202922832220793, 0.0001537987991468981, -0.017167260870337486, 0.02009853906929493, -0.013962711207568645, 0.019612548872828484, -0.015705378726124763, -0.04442495107650757, -0.0027232402935624123, 0.015836985781788826, -0.026408880949020386, 0.007956420071423054, -0.13200852274894714, -0.01454468909651041, 0.01871231384575367, 0.03291561082005501, 0.0038968566805124283, -0.013553197495639324, -0.015185218304395676, -0.02020552009344101, -0.00384765537455678, 0.005149856675416231, 0.25482597947120667, 0.030442601069808006, 0.007622093427926302, -0.0023042589891701937, 0.0868884027004242, -0.04387836530804634, 0.006126452703028917, 0.021303556859493256, 0.03575191646814346, -0.04157547652721405, -0.01439155638217926, 0.024802617728710175, -0.013822981156408787, 0.0006342865526676178, -0.007384517230093479, -0.0053764646872878075, -0.06510842591524124, 0.005428371950984001, 0.07203137129545212, -0.013009404763579369, 0.009812897071242332, -0.029070693999528885, 0.033177006989717484, 0.04166069254279137, -0.07526986300945282, -0.008872240781784058, -0.02617086097598076, 0.0018622083589434624, -0.05083417147397995, 0.03937659412622452, -0.019109269604086876, 0.03801443800330162, 0.05330875888466835, -0.011100251227617264, -0.017568431794643402, -0.03090176172554493, 0.06350245326757431, -0.01992480829358101, -0.029413975775241852, 0.005785584915429354, -0.053080346435308456, 0.008608141914010048, 0.027032451704144478, 0.012965656816959381, -0.057423919439315796, -0.03265669569373131, 0.042636942118406296, 0.0053971679881215096, 0.036107972264289856, -0.04687287285923958, 0.03521161526441574, -0.08099330216646194, -0.031484559178352356, -0.011552439071238041, -0.0033886986784636974, 0.000598725862801075, -0.008482611738145351, -0.033027637749910355, -0.001301186392083764, -0.012058297172188759, 0.03058723360300064, 0.0195634588599205, -0.02918371930718422, -0.0030433156061917543, -0.03091597557067871, 0.028131352737545967, -0.0005209810915403068, -0.028703482821583748, -0.0032018122728914022, 0.0681193396449089, 0.014117293991148472, 0.018801569938659668, 0.022495901212096214, 0.008248205296695232, -0.013002142310142517, -0.017396481707692146, 0.049759820103645325, 0.027489693835377693, -0.023969629779458046, 0.04608895629644394, -0.03229818120598793, 0.02501770667731762, -0.026450304314494133, 0.025484973564743996, 0.0034947469830513, 0.0024129743687808514, -0.026074843481183052, 0.04155593737959862, -0.016087552532553673, -0.017260737717151642, 0.024319559335708618, 0.011036735028028488, -0.010055997408926487, 0.0185573548078537, -0.027386337518692017, 0.0032060195226222277, -0.0061493003740906715, -0.017173340544104576, -0.04319994896650314, -0.009306073188781738, -0.008550084196031094, 0.011161502450704575, -0.021127011626958847, -0.04818464070558548, 0.06743919849395752, -0.03555169329047203, -0.016883794218301773, -0.019990349188447, 0.01934267021715641, -0.00042139331344515085, -0.01213703490793705, 0.03999818116426468, 0.02427985891699791, -0.02206859551370144, -0.028487611562013626, 0.04481182247400284, 0.029461601749062538, 0.012447052635252476, 0.0354212261736393, 0.023099353536963463, -0.011530134826898575, -0.0021337757352739573, -0.017956644296646118, 0.004342870321124792, -0.009951894171535969, -0.04903772845864296, 0.0031953067518770695, 0.047151949256658554, -0.031337738037109375, 0.03175677731633186, 0.03824378177523613, -0.047329917550086975, -0.04130536690354347, 0.04962897300720215, 0.029414022341370583, 0.011528697796165943, 0.02487878128886223, 0.050144992768764496, -0.023638509213924408, -0.006811852566897869, -0.027518242597579956, -0.02181583270430565, 0.013683860190212727, 0.008688311092555523, 0.005556046962738037, 0.044265907257795334, -0.012992349453270435, -0.0008204918121919036, 0.0367889441549778, 0.024739228188991547, 0.048982229083776474, 0.03598826378583908, 0.016246289014816284, -0.03926995396614075, 0.010952264070510864, -0.036538708955049515, -0.015523743815720081, 0.025875858962535858, 0.032491520047187805, -0.034821949899196625, 0.028584681451320648, 0.022649487480521202, 0.035396069288253784, 0.0729166641831398, -0.001902656746096909, -0.012298256158828735, -0.038345661014318466, 0.027203409001231194, -0.017002977430820465, 0.009900311008095741, 0.006979840341955423, -0.029905501753091812, -0.06003361940383911, 0.03311940282583237, 0.014184028841555119, -0.02472262643277645, -0.037319254130125046, -0.00829822663217783, -0.01741054654121399, -0.06409299373626709, 0.009646361693739891, -0.01951608993113041, -0.06476496160030365, 0.0038716690614819527, 0.03863281384110451, 0.006174307316541672, -0.006555717904120684, -0.011292714625597, 0.03221418708562851, -0.03143658861517906, -0.0254812091588974, 0.11505424976348877, -0.017899973317980766, -0.03697726130485535, 0.041443824768066406, 0.0041514551267027855, 0.019727317616343498, 0.028560027480125427, -0.001747062779031694, 0.0008624253678135574, 0.010522989556193352, -0.010394424200057983, 0.009552541188895702, 0.0004187943122815341, -0.02143245004117489, -0.03958909958600998, -0.0031511508859694004, 0.06349415332078934, -0.03328017517924309, 0.0033096647821366787, -0.0035739520099014044, 0.011694961227476597, -0.02252190373837948, -0.01480762381106615, 0.009091274812817574, -0.027654027566313744, 0.024543538689613342, 0.060859791934490204, 0.017008258029818535, -0.0040341950953006744, -0.04253057390451431, -0.008906371891498566, 0.0174633227288723, -0.014100988395512104, 0.028620241209864616, -0.009616690687835217, 0.049452364444732666, -0.01856854371726513, -0.03233180195093155, 0.029157809913158417, -0.010039213113486767, -0.003014073707163334, -0.014279400929808617, -0.012360773049294949, 0.008392208255827427, 0.023781144991517067, 0.05081057921051979, 0.02140621840953827, 0.016916323453187943, -0.03808495029807091, -0.019885653629899025, -0.004846995230764151, 0.07262443751096725, 0.013834335841238499, -0.025723548606038094, 0.009112604893743992, -0.056361932307481766, -0.0367346815764904, 0.004116467200219631, 0.014252330176532269, -0.005588994361460209, -0.028319494798779488, -0.012467975728213787, -0.04781327024102211, -0.006615367252379656, -0.017763812094926834, -0.034660447388887405, -0.007073178421705961, -0.029924947768449783, 0.022064464166760445, 0.008627288974821568, 0.03894152119755745, -0.015223430469632149, -0.005224240478128195, 0.019225113093852997, -0.033616505563259125, 0.030009407550096512, -0.0023929609451442957, -0.03857492655515671, -0.02205776609480381, -0.04457467421889305, -0.011270669288933277, -0.053652189671993256, -0.009004006162285805, 0.0856175422668457, 0.02304532565176487, 0.007686550263315439, 0.02191491238772869, 0.030987834557890892, -0.04930933192372322, -0.07581273466348648, 0.012263594195246696, -0.007306874729692936, 0.026482095941901207, -0.018870752304792404, 0.004168906714767218, 0.05178363621234894, 0.012443226762115955, -0.011880644597113132, -0.051532503217458725, 0.012254159897565842, 0.004365971311926842, -0.044713810086250305, 0.006052774377167225, 0.006126357242465019, -0.0033496739342808723, -0.030983181670308113, 0.03764975443482399, 0.0023244922049343586, 0.021227005869150162, 0.009577258490025997, -0.004938129801303148, -0.0019430211978033185, -0.04114435240626335, -0.03705159202218056, 0.04553506523370743, -0.01934327371418476, -0.020393118262290955, 0.006848878692835569, -0.021175308153033257, 0.009720477275550365, -0.03442157804965973, 0.0058068772777915, 0.03174828365445137, 0.028361639007925987, -0.01611286960542202, 0.028406133875250816, 0.024568311870098114, -0.006265163421630859, -0.006590105593204498, 0.052471913397312164, -0.004979667719453573, -0.023589013144373894, 0.009662279859185219, -0.015146811492741108, -0.007786010392010212, -0.0013869167305529118, -0.02952500805258751, -0.025557657703757286, 0.009812695905566216, -0.038757454603910446, 0.016370883211493492, 0.0010021014604717493, 0.02165153995156288, 0.032723333686590195, -0.005841257981956005, 0.0322393998503685, 0.0044182343408465385, 0.004531113430857658, -0.0039153750985860825, -0.011357307434082031, -0.005018951371312141, 0.04967425391077995, -0.0260620079934597, 0.020146092399954796, -0.06658609211444855, 0.0027037349063903093, -0.0174788199365139, -0.04313892871141434, -0.005545537453144789, 0.009819401428103447, 0.009833892807364464, -0.02500017173588276, -0.04998459294438362, -0.003048076294362545, -0.0067682694643735886, -0.013448288664221764, -0.021216439083218575, -0.0018313541077077389, 0.00871304702013731, -0.025488806888461113, 0.010749521665275097, -0.04302510619163513, -0.032635580748319626, -0.009351740591228008, 0.006552318576723337, 0.002667197724804282, -0.03505004942417145, -0.03256877511739731, 0.009889848530292511, 0.004026247654110193, 0.013065382838249207, 0.024577973410487175, 0.019704731181263924, -0.004428600426763296, 0.014012651517987251, -0.023186448961496353, 0.0674172192811966, 0.02194305695593357, 0.009954860433936119, 0.001388979610055685, -0.03942312300205231, -0.03740712255239487, -0.0305317509919405, 0.003592402208596468, 0.0039473422802984715, -0.01977049745619297, 0.027617530897259712, 0.02841974049806595, 0.0869193971157074, -0.03145892545580864, -0.0009474823018535972, 0.009647257626056671, -0.019602542743086815, -0.15523390471935272, -0.002125977538526058, -0.02472810260951519, 0.02390315942466259, -0.01034880056977272, -0.010282433591783047, -0.015803756192326546, -0.021388061344623566, -0.015561184845864773, -0.024603625759482384, -0.0013319018762558699, -0.01606663316488266, 0.05867878720164299, -0.021793890744447708, 0.016163069754838943, 0.055518873035907745, -0.008022557944059372, 0.0016799310687929392, -0.016339607536792755, 0.014339925721287727, 0.0050142742693424225, 0.03216889500617981, 0.02992517128586769, -0.007679391652345657, 0.010539217852056026, -0.03207467123866081, 0.008843495510518551, 0.006487579550594091, -0.019368885084986687, -0.015384174883365631, 0.014195946976542473, 0.03019212745130062, 0.014543377794325352, 0.019237449392676353, -0.04844219237565994, 0.006141702178865671, 0.010225017555058002, 0.008595352992415428, -0.01371166855096817, 0.015054048039019108, -0.018022123724222183, 0.009914981201291084, -0.04659000039100647, 0.01104386430233717, 0.07766139507293701, 0.026350049301981926, -0.011053974740207195, -0.024756109341979027, -0.01889330893754959, 0.008602694608271122, -0.02196013554930687, 0.025392720475792885, 0.0015749409794807434, 0.005247999913990498, -0.023609591647982597, 0.033598970621824265, 0.006501705851405859, 0.01897943764925003, -0.02431991696357727, 0.04194679111242294, -0.01600903458893299, 0.06301496922969818, -0.019253214821219444, -0.023907363414764404, -0.006938934791833162, 0.04305947944521904, -0.052323196083307266, -0.010197998024523258, -0.041532520204782486, -0.02034676820039749, -0.0145603371784091, -0.0014994575176388025, -0.019950013607740402, -0.023331770673394203, 0.03729977458715439, 0.02578296698629856, 0.00964272115379572, -0.007043327670544386, 0.0230900626629591, -0.03171118348836899, 0.010296313092112541, -0.04108517989516258, -0.03855273500084877, 0.042219024151563644, 0.05109553784132004, 0.002741544507443905, -0.0025305647868663073, 0.02063518390059471, -0.030280934646725655, -0.027492385357618332, -0.04104014113545418, -0.031241055577993393, -0.03776552155613899, -0.018011432141065598, 0.007851890288293362, 0.025410370901226997, -0.0007043072255328298, -0.024410976096987724, 0.011624190956354141, -0.031741511076688766, 0.025747576728463173, 0.002846035873517394, -0.04767842963337898, -0.010363432578742504, -0.03480210155248642, 0.05035805702209473, 0.020456602796912193, 0.01573573425412178, 0.019956408068537712, -0.012880015186965466, -0.06599720567464828, 0.00012275260814931244, -0.022080134600400925, -0.00428904639557004, -0.04811311140656471, 0.005955785047262907, 0.0028898189775645733, 0.018132878467440605, 0.03776033595204353, -0.005857748910784721, -0.01119464635848999, -0.04720486328005791, 0.026471707969903946, -0.014473171904683113, 0.017557037994265556, 0.06355078518390656, 0.05206841602921486, 0.037439461797475815, 0.026860540732741356, 0.00849921628832817, 0.016186833381652832, -0.06292968988418579, 0.01885267160832882, -0.02524174004793167, 0.02663927897810936, -0.031807735562324524, -0.010043309070169926, 0.05325107276439667, -0.04646160081028938, -0.0044303881004452705, -0.011942810378968716, 0.01113118790090084, 0.01740267686545849, -0.03442734107375145, 0.029777348041534424, -0.024358302354812622, 0.03270280361175537, -0.006372008938342333, -0.006909113377332687, -0.015082309953868389, 0.025663184002041817, 0.0032295873388648033, -0.0406978540122509, -0.015360153280198574, 0.020106036216020584, 0.01727382093667984, 0.005655733868479729, -0.010186173021793365, -0.03283315151929855, 0.049684468656778336, 0.00858564954251051, 0.006013455335050821, -0.022830061614513397, -0.0025297515094280243, 0.0036850280594080687, 0.03353484347462654, -0.0021407557651400566, 0.009448672644793987, -0.023219771683216095, 0.05322950333356857, 0.034563999623060226, 0.01091095432639122, -0.01202716026455164, -0.06197826936841011, 0.040860917419195175, -0.010909222066402435, 0.018747007474303246, 0.0023347889073193073, 0.020549027249217033, -0.042847342789173126, 0.02872692048549652, 0.016609644517302513, 0.058705538511276245, 0.013256831094622612, -0.005123276729136705, 0.022221358492970467, -0.02530301921069622, -0.027475843206048012, 0.007883691228926182, -0.01617511175572872, -0.0325060673058033, 0.0071184150874614716, -0.0650549829006195, -0.05094749107956886, 0.03281301259994507, 0.01399441808462143, 0.0005724160000681877, -0.017076868563890457, 0.01938188634812832, 0.03067793697118759, 0.022112110629677773, 0.02042505331337452, 0.003599460469558835, -0.045900050550699234, -0.010858871042728424, -0.023410852998495102, -0.025455357506871223, -0.00956333801150322, 0.00867435336112976, 0.038585420697927475, -0.016766265034675598, 0.03745349124073982, -0.028821300715208054, 0.019073594361543655, -0.006056645419448614, -0.022412164136767387, 0.025991251692175865, 0.023795951157808304, -0.04010443761944771, -0.018538331612944603, 0.0442950502038002, 0.0313604362308979, -0.020285043865442276, -0.017607809975743294, -0.0302285123616457, 0.006179642863571644, -0.0184701606631279, 0.03379243612289429, -0.0230062585324049, -0.0010879372712224722, -0.01945793256163597, 0.021675117313861847, 0.00981969852000475, 0.03222423046827316, 0.010324187576770782, -0.022396311163902283, 0.007660918403416872, 0.027978938072919846, -0.02062350884079933, -0.006064225919544697, 0.06154998019337654, -0.012356221675872803, 0.028751885518431664, -0.016167357563972473]",,
