entry_id,entry_type,parent_id,title,description,metadata,version,text_content,code_content,sparse_title_description,dense_text_content,dense_code_snippet,tag
15_1_0_errors_failed_to_fetch_devpagesmanifest_mdx,document,,Failed to fetch `devPagesManifest`,,{'related_links': []},15.1.0,"## Why This Error Occurred

The network request to load `_devPagesManifest.json` did not succeed.

The dev pages manifest file is used by `next/link` to retrieve the list of pages to be (pre-)loaded by Next.js.
If it fails, Next.js cannot properly navigate and link between pages.

## Possible Ways to Fix It

- Make sure your browser developer tools, extensions, and any other network tools aren't blocking that request.
- If you're running your Next.js application through a proxy, nginx, or other network layer, make sure links like `/_next/*` are configured to be allowed.

## Useful Links

- [Original GitHub Issue Thread](https://github.com/vercel/next.js/issues/16874)
- [GitHub Issue Thread With Reproduction](https://github.com/vercel/next.js/issues/38047)",,"[(np.int64(7), np.float64(0.05904844030737877)), (np.int64(14), np.float64(0.14993733167648315)), (np.int64(206), np.float64(0.039806585758924484)), (np.int64(297), np.float64(0.020014863461256027)), (np.int64(7647), np.float64(0.14458630979061127)), (np.int64(12662), np.float64(0.1189865693449974)), (np.int64(13576), np.float64(0.23390571773052216)), (np.int64(18548), np.float64(0.27283915877342224)), (np.int64(147101), np.float64(0.2725332975387573)), (np.int64(190355), np.float64(0.19817416369915009))]","[-0.027435695752501488, -0.0020277558360248804, -0.009775063022971153, -0.020652085542678833, -0.04193572700023651, 0.02458970434963703, 0.005730822216719389, -0.01871657371520996, -0.02509591169655323, 0.0036112628877162933, 0.04305918142199516, 0.014880564995110035, -0.0025082407519221306, 0.011571303009986877, -0.018646229058504105, 0.0020946029108017683, 0.02316768281161785, 0.009299765340983868, -0.008532058447599411, -0.007682628929615021, 0.003812394104897976, -0.0262744203209877, 0.03675080090761185, 0.03769984841346741, -0.002346664434298873, -0.0016522426158189774, 0.0009744148701429367, -0.019945461302995682, 0.03525468334555626, 0.015094737522304058, 0.026641787961125374, 0.014800016768276691, 0.034799084067344666, -0.004722825717180967, -0.021184299141168594, -0.05366532877087593, -0.015903290361166, -0.0030004417058080435, -0.01892762817442417, 0.02881585992872715, -0.015621790662407875, 0.025516262277960777, -0.015165094286203384, -0.04459796100854874, 0.016077743843197823, 0.00023540198162663728, 0.020181411877274513, -0.001957735512405634, 0.0063598561100661755, -0.007821188308298588, -0.057103291153907776, 0.010499550960958004, 0.061916548758745193, -0.032864462584257126, -0.02335084043443203, -0.01007858570665121, 0.019847767427563667, -0.020686747506260872, -0.035393040627241135, 0.00370429502800107, -0.013238930143415928, 0.0180609542876482, -0.04557505622506142, -0.033737048506736755, 0.000412525434512645, 0.042147256433963776, -0.019704056903719902, -0.02270619571208954, -0.04068131744861603, -0.03279237821698189, 0.014652795158326626, -0.0056486730463802814, 0.008309775032103062, -0.040428224951028824, -0.043669670820236206, -0.00412123603746295, 0.023024791851639748, -0.03653831034898758, -0.012402608059346676, 0.024010613560676575, 0.03555649518966675, -0.019700517877936363, -0.012487699277698994, -0.019301071763038635, 0.01681370660662651, -0.0035385095980018377, -0.02061031572520733, 0.03403925523161888, 0.04261681064963341, 0.005034042522311211, -0.004851543810218573, -0.047720711678266525, 0.033066295087337494, -0.05556695535778999, -0.01608957163989544, -0.003344471100717783, -0.06045616418123245, -0.012124965898692608, 0.09926355630159378, 0.004074115306138992, 0.009055662900209427, -0.010627983137965202, 0.012496111914515495, -0.010187703184783459, 0.02634822204709053, 0.04434611275792122, 0.04293133690953255, -0.011217303574085236, 0.007162413094192743, -0.015437725000083447, 0.0022997106425464153, -0.014815403148531914, 0.005309516564011574, 0.03152582421898842, -0.001071362174116075, 0.006410517729818821, 0.0038932457100600004, -0.021290497854351997, 0.009527992457151413, -0.016255436465144157, 0.05537649989128113, -0.026456456631422043, 0.0194992758333683, -0.04843704402446747, -0.000101088298833929, -0.06100036948919296, 0.002468606922775507, 0.06079844385385513, 0.008801978081464767, 0.0377468541264534, 0.011964101344347, 0.0009603092912584543, 0.018267260864377022, 0.02437763661146164, -0.01623658463358879, 0.05644210800528526, -0.00018239274504594505, 0.010874449275434017, 0.04488762840628624, -0.05544797331094742, 0.037377387285232544, -0.02528589591383934, -0.0006972995470277965, -0.012534293346107006, 0.03422824293375015, -0.045502323657274246, 0.03689733147621155, -0.0015651814173907042, 0.02679900825023651, -0.04143672063946724, -0.024615196511149406, 0.0029410822317004204, -0.009932007640600204, 0.006298696156591177, 0.017496004700660706, -0.005285882856696844, -0.004324139561504126, -0.06112923100590706, 0.029695942997932434, 0.04731322079896927, -0.05626288428902626, 0.049440547823905945, -0.055783770978450775, 0.0012257179478183389, 0.036164868623018265, 0.015363008715212345, 0.023219645023345947, 0.011499829590320587, -0.03512058034539223, -0.04826050624251366, 0.022926706820726395, 0.007905030623078346, 0.062430500984191895, -0.01601600833237171, 0.011790805496275425, 0.033204857259988785, 0.05951223894953728, 0.01773071475327015, 0.01040039025247097, -0.005182657856494188, -0.05984370782971382, 0.046243809163570404, 0.021325211971998215, -0.02669535018503666, -0.03380614519119263, -0.0012265670811757445, 0.01634644716978073, -0.03334522619843483, -0.011142337694764137, 0.031035499647259712, -0.027830718085169792, -0.02920573204755783, 0.06049821525812149, 0.018044980242848396, 0.0065315961837768555, -0.01090332493185997, 0.025477252900600433, 0.0030096392147243023, 0.008137943223118782, -0.0006810383638367057, -0.02233191952109337, 0.0002498923859093338, 0.06031794846057892, 0.034689731895923615, -0.024566030129790306, 0.028515227138996124, -0.0011384290410205722, -0.03787297010421753, 0.009333506226539612, -0.029730727896094322, -0.008891869336366653, 0.009715775027871132, -0.02616940066218376, 0.012979382649064064, -0.038887400180101395, 0.007143639959394932, -0.016702821478247643, 0.03754440322518349, 0.007104016374796629, -0.012554177083075047, -0.005757046397775412, -0.002873833291232586, 0.01892237924039364, -0.053340137004852295, 0.01613999903202057, 0.001994897611439228, 0.06350510567426682, 0.027575766667723656, 0.021659091114997864, -0.011422970332205296, -0.0071706403978168964, -0.00029809464467689395, 0.013562383130192757, -0.007141216658055782, 0.08061383664608002, -0.056886233389377594, -0.00033765213447622955, -0.022648504003882408, 0.0027284002862870693, 0.037557847797870636, -0.01785566285252571, -0.05851445347070694, -0.022703872993588448, -0.0025668716989457607, -0.014826939441263676, -0.0006980086909607053, 0.05466759204864502, 0.025796756148338318, -0.05140386521816254, -0.013279407285153866, 0.003711144672706723, 0.0007710231002420187, -0.02522754855453968, -0.018584584817290306, 0.02015908621251583, 0.004008857998996973, -0.007268521003425121, -0.02462523989379406, -0.01622750423848629, -0.04030622914433479, 0.04043782874941826, 0.03699229285120964, -0.016676651313900948, 0.0072212074883282185, -0.02852853387594223, 0.0007957243942655623, -0.04157146438956261, -0.006902550347149372, -0.00278995418921113, -0.004592289682477713, -0.044572461396455765, 0.013679652474820614, 0.01684786193072796, -0.029254894703626633, -0.01095028966665268, 0.02886662632226944, -0.025191552937030792, -0.006015968043357134, 0.059320639818906784, 0.02116955816745758, -0.05212012678384781, 0.07590499520301819, 0.04950598254799843, -0.017065292224287987, 0.05089205503463745, 0.009411508217453957, -0.006206119433045387, -0.029217634350061417, 0.01677745208144188, 0.012879876419901848, 0.0408383309841156, 0.04869433864951134, 0.03827030211687088, -0.029705757275223732, -0.016740456223487854, 0.03023832105100155, 0.031993668526411057, -0.13661819696426392, -0.027971606701612473, 0.08212611079216003, -0.017396435141563416, 0.004858451895415783, 0.01840337924659252, -0.02790960669517517, -0.012905902229249477, -0.011487306095659733, 0.03613936901092529, 0.0038030529394745827, -0.03947737440466881, -0.0309758223593235, 0.010487759485840797, -0.031231071799993515, 0.009439347311854362, -0.007765570189803839, -0.01480866875499487, -0.005478225648403168, -0.04528607428073883, -0.023941494524478912, -0.035097911953926086, 0.04556350037455559, -0.01709040254354477, 0.040371138602495193, -0.03627224266529083, 0.04539702087640762, 0.0027824135031551123, -0.03173712641000748, 0.003025936195626855, -0.03026685118675232, 0.031709976494312286, -2.51995625148993e-05, 0.008323395624756813, 0.019539043307304382, 0.03351256251335144, 0.04075716808438301, 0.001123529626056552, -0.019845500588417053, 0.003083521267399192, 0.008989444002509117, 0.03481937572360039, -0.03622778505086899, -0.01758725941181183, 0.023811601102352142, -0.03686992824077606, 0.005548748653382063, -0.026202760636806488, -0.014157823286950588, -0.06750325113534927, 0.005420164670795202, -0.008638164028525352, -0.0038231401704251766, -0.052992917597293854, -0.005997917149215937, -0.011561648920178413, 0.012682389467954636, -0.008240921422839165, -0.013169162906706333, 0.003052834654226899, -0.005476226098835468, -0.003514636307954788, 0.08317923545837402, 0.007936916314065456, -0.041135214269161224, 0.01547286007553339, 0.056400883942842484, -0.05582064390182495, 0.0499437041580677, -0.061731647700071335, 0.007623558863997459, -0.020090222358703613, 0.03130721300840378, 0.002360121812671423, 0.018897581845521927, 0.017038216814398766, 0.014923267997801304, -0.04205608367919922, 0.033592578023672104, -0.0726674422621727, 0.03023911453783512, 0.038019031286239624, -0.001438778592273593, 0.03716906160116196, -0.0398026742041111, 0.0006208618870005012, 0.013707567006349564, -0.03807631880044937, 0.005827450659126043, 0.18558654189109802, -0.005804547108709812, 0.019362926483154297, 0.02810247614979744, 0.0379149504005909, -0.022452078759670258, 0.014462506398558617, 0.02318539097905159, 0.02089936099946499, -0.05517808347940445, 0.011873394250869751, -0.028680982068181038, 0.006632412318140268, -0.00017769394617062062, 0.027631212025880814, 0.03596392646431923, -0.06119205057621002, 0.05628777667880058, 0.05173802375793457, -0.05797923728823662, 0.011119081638753414, -0.011584829539060593, 0.017466897144913673, 0.0474761500954628, -0.06013574078679085, -0.03590839356184006, -0.010397668927907944, -0.009229169227182865, -0.010657928884029388, 0.01578020490705967, -0.05598609521985054, 0.018145231530070305, 0.05024779587984085, -0.08255693316459656, -0.025540625676512718, -0.009838634170591831, 0.030224597081542015, -0.010109584778547287, 0.02212199568748474, -0.01326861884444952, 0.021367983892560005, 0.0038249222561717033, -0.019653301686048508, 0.06162364408373833, -0.02351541258394718, -0.02999558486044407, -0.02625649981200695, 0.017537465319037437, 0.00039902390562929213, -0.02069183997809887, 0.006644280161708593, -0.023678937926888466, -0.0449146032333374, 0.0030652424320578575, 0.0036597666330635548, -0.019725188612937927, 0.007976372726261616, 0.0030136241111904383, -0.022584279999136925, 0.04499875381588936, 0.0009225218673236668, 0.03107844479382038, -0.04856155812740326, 0.02386889047920704, -0.015317338518798351, -0.00558176776394248, -0.002436376176774502, -0.02589082345366478, 0.03539437800645828, 0.0392632856965065, -0.027351316064596176, -0.0266491137444973, 0.03197073936462402, -0.0057977638207376, 0.01212879829108715, -0.04674598202109337, 0.02535148151218891, 0.08010295033454895, -0.024750102311372757, 0.04891130328178406, -0.022534888237714767, 0.03664156794548035, -0.05416326969861984, 0.046338971704244614, -0.0035620725248008966, -0.021300876513123512, 0.06488236039876938, 0.04048376530408859, -0.05125526338815689, -0.011931930668652058, -0.012955720536410809, -0.001536741154268384, 0.004007034935057163, 0.027012256905436516, 0.01355097908526659, 0.029902275651693344, -0.03181673213839531, -0.022831540554761887, 0.020710986107587814, 0.014075042679905891, -0.042532067745923996, -0.007232096046209335, 0.007773272227495909, -0.03130031004548073, -0.00981593132019043, -0.03443475067615509, 0.037639912217855453, 0.010100818239152431, -0.0006268076249398291, 0.003707833355292678, -0.053933605551719666, 0.010582013987004757, 0.004150020889937878, -0.04358140751719475, -0.015296104364097118, 0.00551265012472868, 0.012595550157129765, 0.0010039281332865357, 0.03357608988881111, 0.017955036833882332, 0.011229341849684715, 0.01715085841715336, -0.04602214694023132, 0.01479573268443346, 0.007055658381432295, -0.052224814891815186, -0.023497972637414932, -0.0008211617241613567, -0.043699752539396286, -0.009299888275563717, 0.057322558015584946, -0.01588531956076622, -0.04786695912480354, 0.02382136508822441, -0.0036070842761546373, 0.021491622552275658, 0.031311996281147, 0.032114509493112564, -0.033305443823337555, 0.040716979652643204, -0.007674998138099909, -0.045549552887678146, 0.015653517097234726, -0.014375582337379456, 0.007703064940869808, 0.03529522567987442, 0.0025565053801983595, -0.013795235194265842, 0.03699929639697075, 0.015100057236850262, 0.09346619993448257, 0.061092015355825424, 0.0024493688251823187, -0.04811582341790199, -0.03155342489480972, -0.030973663553595543, -0.020847134292125702, -0.007250117138028145, -0.012534337118268013, -0.008501469157636166, -0.04660261049866676, -0.0013791968813166022, 0.039847828447818756, 0.012263067997992039, 0.0013465165393427014, -0.010838446207344532, -0.016455529257655144, 0.04056045785546303, 0.022930091246962547, -0.010926835238933563, 0.024044809862971306, -0.0608258880674839, -0.05852469056844711, 0.06828697770833969, -0.007854893803596497, -0.011718575842678547, -0.052358608692884445, -0.020766781643033028, -0.02513885125517845, 0.0035911796148866415, 0.03761572763323784, -0.036073967814445496, -0.04508056491613388, -0.0077900150790810585, 0.049383386969566345, 0.02468661405146122, -0.0019083123188465834, -0.025161616504192352, 0.0026656726840883493, -0.05506433919072151, 0.00698536541312933, 0.1057051569223404, -0.007404906675219536, -0.0023063684348016977, 0.051647577434778214, -0.0021475739777088165, 0.020164242014288902, 0.04733062535524368, -0.00941464863717556, 0.054664839059114456, 0.07132426649332047, -0.03333382308483124, 0.008605463430285454, 0.00784953124821186, 0.026882918551564217, -0.026562506332993507, -0.015698054805397987, -0.024640388786792755, -0.007914679124951363, 0.017641369253396988, 0.011570905335247517, 0.009127640165388584, -0.07269641757011414, -0.03822090104222298, 0.02249295823276043, -0.040525682270526886, 0.04040268063545227, 0.04929334297776222, -0.009879938326776028, -0.029204783961176872, -0.06885763257741928, -0.022316496819257736, -0.0016207215376198292, -0.015640858560800552, -0.0034197154454886913, -0.02258257567882538, -0.003414326114580035, -0.03607422113418579, 0.04946638271212578, 0.020217040553689003, -0.0009756972431205213, 0.04706753417849541, 0.007993407547473907, -0.04895574972033501, 0.04067397117614746, 0.04154142737388611, 0.005260028876364231, 0.018010610714554787, -0.032621175050735474, 0.0019939481280744076, -0.040765270590782166, -0.023386582732200623, 0.05329597368836403, 0.0048360675573349, 0.008071084506809711, 0.02548087202012539, 0.03164079040288925, -0.03298112004995346, 0.013921556062996387, 0.0001828945823945105, -0.009006555192172527, -0.007235703989863396, -0.012288655154407024, -0.015062686055898666, 0.04733181372284889, -0.005564579274505377, -0.00454114330932498, -0.020159311592578888, -0.029110418632626534, -0.010411998257040977, -0.016322659328579903, 0.00405711168423295, -0.02170342393219471, 0.0238833948969841, -0.009274700656533241, -0.05394959822297096, 0.030434032902121544, -0.04438184201717377, -0.012079514563083649, -0.06003955751657486, -0.011700451374053955, 0.028430292382836342, 0.0012505028862506151, -0.045934759080410004, 0.022034447640180588, -0.02430501952767372, 0.02221478335559368, -0.002989089349284768, 0.040660928934812546, -0.027894603088498116, -0.07019662857055664, -0.02821669727563858, -0.0065333847887814045, 0.0517328605055809, 0.01916741579771042, 0.018209263682365417, 0.019430696964263916, -0.0019333022646605968, -0.008658851496875286, -0.009643007069826126, 0.014917292632162571, -0.012349246069788933, -0.02260718308389187, -0.007651706226170063, 0.026012156158685684, 0.011495853774249554, 0.011664485558867455, 0.022320853546261787, 0.006655947305262089, 0.031683776527643204, -0.021743610501289368, -0.0025972796138375998, -0.00044259621063247323, -0.008817621506750584, -0.06911025941371918, 0.003992460202425718, -0.009311208501458168, 0.0192120298743248, -0.0009980570757761598, 0.018223313614726067, -0.01889955624938011, -0.04857242852449417, -0.006700021214783192, 0.03517438471317291, 0.03601278364658356, 0.01405477337539196, 0.06612364202737808, -0.027780214324593544, -0.011775214225053787, 0.022348226979374886, 0.005609709769487381, 0.013339642435312271, 0.003268562024459243, 0.03215012699365616, -0.009525176137685776, 0.00494264205917716, 0.06801751255989075, -0.008332798257470131, -0.004332180134952068, 0.016944119706749916, 0.0027923332527279854, -0.039590343832969666, -0.0023667055647820234, 0.0012782966950908303, -0.01891077309846878, -0.027483852580189705, 0.00915627833455801, -0.03331218659877777, 0.016546521335840225, -0.0018366248114034534, 0.057855140417814255, -0.01906038634479046, 0.039436932653188705, -1.3870297152607236e-05, 0.004583720117807388, -0.00952525157481432, 0.0182722806930542, 0.018754739314317703, -0.010915321297943592, -0.012456933967769146, 0.019682565703988075, 0.00703525822609663, -0.011961708776652813, -0.03721604496240616, 0.031668756157159805, 0.03480243310332298, -0.006602799985557795, 0.016023768112063408, -0.0023966897279024124, 0.06327450275421143, -0.01714180037379265, 0.018151890486478806, -0.027065306901931763, 0.005893574096262455, 0.024417618289589882, 0.013407344929873943, 0.008939841762185097, -0.0025086570531129837, -0.007287417072802782, -0.017559554427862167, -0.003428502706810832, -0.02714056707918644, 0.008318698965013027, -0.005048064514994621, -0.0005637302529066801, 0.02935118041932583, -0.033102937042713165, -0.006796670146286488, 0.029822921380400658, 0.024984780699014664, -0.037900570780038834, -0.01485634408891201, -0.00016229154425673187, -0.017675528302788734, -0.021874601021409035, -0.04713901877403259, 0.021421298384666443, -0.018657125532627106, -0.058314744383096695, 0.05014161765575409, -0.01529987808316946, 0.029130037873983383, -0.02885207161307335, 0.03597632050514221, -0.11496229469776154, 0.020222557708621025, 0.007904132828116417, -0.004611546639353037, -0.010635588318109512, -0.027758922427892685, 0.007899646647274494, -0.05295480415225029, 0.045491911470890045, -0.05923988297581673, -0.046546872705221176, -0.010850685648620129, -0.002435700735077262, -0.02999304234981537, 0.018489673733711243, 0.06618578732013702, 0.03559591993689537, -0.031136926263570786, -0.030443737283349037, -0.001801669946871698, 0.0012282483512535691, 0.006346316542476416, 0.030225254595279694, 0.0008393863099627197, -0.053235895931720734, 0.010716966353356838, 0.026772407814860344, -0.0457378514111042, -0.026788581162691116, 0.034107424318790436, -0.013170532882213593, -0.05734201893210411, 0.011564328335225582, 0.025138549506664276, 0.020772166550159454, -0.004112991504371166, 0.002750817919149995, -0.02894452027976513, -0.021553564816713333, 0.020891843363642693, -0.02098887786269188, 0.013228115625679493, -0.024691391736268997, -0.0014652905520051718, 0.044684071093797684, 0.03373069316148758, 0.01097175944596529, -0.03301769867539406, -0.0754944384098053, 0.033278290182352066, -0.039453234523534775, 0.05227169767022133, -0.00494066346436739, 0.009531250223517418, -0.032779261469841, -0.01638929359614849, -0.05648726597428322, -0.022276045754551888, -0.03322518616914749, 0.013676056638360023, -0.0710018128156662, -0.004223151598125696, -0.03628640994429588, -0.039528973400592804, -0.05387379229068756, 0.032847728580236435, -0.022318683564662933, 0.0659787580370903, -0.011570820584893227, -0.01288700383156538, -0.06360544264316559, -0.061320554465055466, -0.02712836302816868, -0.02994079701602459, -0.02628527581691742, 0.003234810894355178, 0.0025231135077774525, -0.059838686138391495, -0.0073098791763186455, 0.002586294896900654, -0.05869171395897865, -0.014403036795556545, -0.061109330505132675, 0.00894784927368164, 0.12168814241886139, 0.012136178091168404, -0.014376962557435036, 0.0066566625609993935, -0.0025932013522833586, -0.021829446777701378, -0.008909918367862701, -0.0010854208376258612, -0.016040660440921783, 0.013815919868648052, -0.010713580995798111, 0.013974428176879883, -0.013449196703732014, 0.01286254357546568, -0.008723231963813305, -0.019828064367175102, -0.009457839652895927, 0.005061195697635412, 0.014765921980142593, 0.03182811662554741, -0.0097526079043746, -0.0007053609588183463, 0.038288939744234085, 0.01245269924402237, -0.010631319135427475, -0.028322961181402206, -0.034704528748989105, -0.008525626733899117, -0.015913430601358414, -0.0007921517826616764, -0.06095464900135994, 0.020147377625107765, -0.013652371242642403, -0.017036544159054756, -0.013048768974840641, 0.005719694308936596, 0.003411060431972146, -0.04427701234817505, -0.0022228737361729145, -0.02064390294253826, 0.022534802556037903, -0.039829518646001816, 0.02227664180099964, 0.02753404714167118, 0.005656636320054531, -0.02110666036605835, 0.03095897100865841, -0.05040429159998894, -0.018663648515939713, 0.032639212906360626, -0.014389362186193466, 0.04745380952954292, 0.005820208229124546, 0.017315248027443886, -0.042791999876499176, 0.01332082599401474, -0.047616347670555115, -0.020609797909855843, 0.039410725235939026, -0.049588609486818314, 0.035388823598623276, 6.752800254616886e-05, 0.04324930161237717, -0.021362459287047386, -0.042751114815473557, -0.0024951891973614693, -0.0396258682012558, -0.012938394211232662, 0.015372484922409058, -0.003637505928054452, -0.018031306564807892, 0.04208922013640404, -0.014466913416981697, -0.004119028802961111, -0.06746482849121094, -0.006343183573335409, -0.015625635161995888, -0.01688857562839985, -0.023767493665218353, -0.011906967498362064, -0.005378955043852329, 0.03284359350800514, 0.038753069937229156, 0.005518043413758278, -0.024411240592598915, 0.005195473786443472, -0.03162585571408272, 0.0646662712097168, -0.0042183129116892815, 0.010125786997377872, 0.02457696944475174, -0.059637121856212616, 0.00793000590056181, 0.021768344566226006, 0.051159583032131195, -0.044595103710889816, 0.02378387562930584, -0.016646988689899445, 0.04320988804101944, 0.016055483371019363, 0.01602626033127308, -0.016162201762199402, 0.04027649015188217, 0.007938376627862453, 0.022744281217455864, -0.008951766416430473, -0.03682229295372963, -0.007519789971411228, -0.0034067477099597454, -0.004576260689646006, 0.0002526259049773216, -0.051748886704444885, -0.015948956832289696, -0.03453908860683441, 0.016751473769545555, 0.0943041741847992, 0.008447987958788872, 0.004874072037637234, 0.04523748531937599, 0.00961716566234827, -0.008955172263085842, -0.006424660794436932, -0.006488153710961342, 0.020505769178271294, -0.0009303749538958073, 0.07227359712123871, -0.008693180046975613, -0.017748739570379257, 0.03716017305850983, 0.02546192891895771, 0.0039810724556446075, -0.03650505095720291, 0.01862282119691372, 0.020149605348706245, 0.025528091937303543, 0.0030805745627731085, 0.029048282653093338, -0.011065557599067688, 0.008383100852370262, 0.002265023533254862, -0.06489532440900803, -0.05197402462363243, 0.0008744754013605416, 0.02558925189077854, 0.00492208544164896, 0.032066889107227325, -0.03307069465517998, -0.003400814486667514, -0.017849987372756004, 0.011959475465118885, 0.032601628452539444, 0.0007375740096904337, 0.022111965343356133, -0.00957393180578947, -0.02166694961488247, -0.022422635927796364, 0.002317165955901146, -0.010775129310786724, 0.0037092852871865034, 0.0128419678658247]",,
15_1_0_errors_failed_to_fetch_devpagesmanifest_mdx_section_1,section,15_1_0_errors_failed_to_fetch_devpagesmanifest_mdx,Failed to fetch `devPagesManifest` - Why This Error Occurred,,{},15.1.0,"The network request to load `` did not succeed.
The dev pages manifest file is used by `` to retrieve the list of pages to be (pre-)loaded by Next.js.If it fails, Next.js cannot properly navigate and link between pages.
",,"[(np.int64(7), np.float64(0.0630529597401619)), (np.int64(14), np.float64(0.14775976538658142)), (np.int64(206), np.float64(0.04937467351555824)), (np.int64(3293), np.float64(0.11177119612693787)), (np.int64(7647), np.float64(0.1418991982936859)), (np.int64(12662), np.float64(0.11585786938667297)), (np.int64(13576), np.float64(0.23044343292713165)), (np.int64(18548), np.float64(0.2685399651527405)), (np.int64(44084), np.float64(0.09269358217716217)), (np.int64(64240), np.float64(0.04980434477329254)), (np.int64(147101), np.float64(0.2686212658882141)), (np.int64(190355), np.float64(0.17416805028915405)), (np.int64(212059), np.float64(0.21112842857837677))]","[-0.02981390990316868, -0.006676849443465471, -0.024212582036852837, -0.01780524104833603, -0.028509169816970825, 0.012383826076984406, 0.02187306247651577, -0.014341880567371845, -0.02741115167737007, -0.0010702786967158318, 0.022556589916348457, 0.00629444932565093, -0.008619027212262154, 0.01429421454668045, -0.014938401989638805, 0.013494499959051609, 0.02204960212111473, -0.0047512296587228775, -0.01914714090526104, -0.0051529607735574245, 0.0077723064459860325, -0.021697718650102615, 0.03952551260590553, 0.02638157643377781, -3.709952807184891e-06, -0.011848077178001404, -0.000699043448548764, 0.0008132784278132021, 0.033052101731300354, 0.008774938993155956, 0.03149102255702019, 0.010132289491593838, 0.026161985471844673, 0.012365910224616528, -0.026673054322600365, -0.04336320981383324, -0.014614741317927837, 0.006790575105696917, -0.013937946408987045, 0.017641205340623856, -0.014299644157290459, 0.020478561520576477, -0.023742061108350754, -0.05122233182191849, 0.011289774440228939, 0.00028659135568886995, 0.015704946592450142, -0.0006167662795633078, 0.003814099356532097, 0.00978744588792324, -0.054145682603120804, 0.004309420939534903, 0.045425791293382645, -0.023430561646819115, -0.013055115938186646, 0.004968076478689909, 0.006645704619586468, -0.0328817255795002, -0.020571529865264893, -0.002403563354164362, -0.009114863350987434, 0.02092035487294197, -0.01993061788380146, -0.026033692061901093, -0.00686495378613472, 0.039151545614004135, -0.010949493385851383, -0.0275178961455822, -0.03623022884130478, -0.030223818495869637, 0.011270794086158276, 0.004007015842944384, -0.006877501495182514, -0.03625424578785896, -0.03582229092717171, 0.02914413809776306, 0.011161799542605877, -0.03814885392785072, -0.04128115251660347, 0.036622487008571625, 0.022354941815137863, -0.01968107745051384, -0.0029661431908607483, -0.010602406226098537, 0.02082495205104351, 0.00519708963111043, -0.027200818061828613, 0.03715396299958229, 0.03766544535756111, 0.015508665703237057, -0.013700799085199833, -0.04966805875301361, 0.039504051208496094, -0.06620898097753525, -0.03549639508128166, -0.006561608053743839, -0.0496017187833786, -0.014944654889404774, 0.08000107854604721, -0.001703578163869679, 0.016252076253294945, -0.010772451758384705, 0.010020260699093342, -0.01017067115753889, 0.03115336410701275, 0.027609482407569885, 0.027123259380459785, -0.006629694253206253, 0.008738496340811253, -0.011176928877830505, -0.0009458259446546435, -0.006965397857129574, 0.008855399675667286, 0.03811509162187576, -0.0069429995492100716, 0.006708373781293631, 0.018543586134910583, -0.03610363230109215, -0.011741024442017078, -0.02758173458278179, 0.049395978450775146, -0.04046345502138138, 0.024654656648635864, -0.03070858307182789, -0.010601080022752285, -0.05424841493368149, -0.014001048170030117, 0.026532700285315514, -0.00855223461985588, 0.026703912764787674, -0.008357799611985683, 0.0291689932346344, 0.01481273677200079, -0.000671000627335161, -0.013953612186014652, 0.041053932160139084, 0.014772758819162846, 0.03065822273492813, 0.023570658639073372, -0.06328769773244858, 0.031058505177497864, -0.012815576046705246, -0.008652293123304844, -0.014488446526229382, 0.029919207096099854, -0.04743540287017822, 0.04617062956094742, 0.0010973871685564518, 0.017639098688960075, -0.04397372528910637, -0.04023990407586098, -0.003439949592575431, -0.02261960506439209, 0.021163012832403183, 0.03471535071730614, -0.00010336252307752147, 0.013842415995895863, -0.05135297402739525, 0.046247195452451706, 0.05285376310348511, -0.07537950575351715, 0.04763621464371681, -0.034234724938869476, 0.024527469649910927, 0.04110722616314888, -0.003415066981688142, 0.043924275785684586, 0.014528891071677208, -0.03510892391204834, -0.03590252995491028, 0.019851423799991608, -0.004402558784931898, 0.07681367546319962, 0.0002012382901739329, 0.03162281587719917, 0.04486507177352905, 0.06685170531272888, 0.0036408882588148117, 0.0003500370658002794, -0.011367926374077797, -0.05234575271606445, 0.01932940073311329, 0.0212870966643095, -0.0076790605671703815, -0.017056776210665703, 0.014177818782627583, -0.0010178046068176627, -0.027533967047929764, -0.00968836434185505, 0.04695555567741394, -0.04040686413645744, -0.03064703568816185, 0.04473640397191048, 0.02986695058643818, 0.011869492940604687, -0.01396291982382536, 0.026033369824290276, 0.004420205019414425, -0.013580967672169209, 0.013514970429241657, -0.012656566686928272, 0.0025690647307783365, 0.06945157796144485, 0.029225312173366547, -0.008527275174856186, 0.023624729365110397, -0.009514415636658669, -0.0492539145052433, 0.0007207958842627704, -0.02845190092921257, 0.004317306913435459, -0.006206945050507784, -0.016949908807873726, 0.01564849354326725, -0.019338103011250496, 0.00303473649546504, -0.029136870056390762, 0.057659171521663666, -0.005028556566685438, -0.022588830441236496, 0.004814027808606625, -0.029491277411580086, 0.032053448259830475, -0.04106912389397621, 0.015096548944711685, 0.01437168475240469, 0.05176132917404175, 0.03152467682957649, 0.0085224574431777, -0.009651574306190014, 0.018547363579273224, 0.005943767726421356, -0.01585724949836731, -0.007792189251631498, 0.06912374496459961, -0.07265589386224747, 0.00599062442779541, 0.010153965093195438, -0.01510586403310299, 0.032505668699741364, -0.015268826857209206, -0.0326562263071537, -0.03252207860350609, 0.001731252414174378, -0.004059202969074249, -0.01187819242477417, 0.031698357313871384, 0.02287815324962139, -0.035739555954933167, -0.0009954627603292465, 0.012962918728590012, 0.00033565948251634836, -0.04328649118542671, -0.014917256310582161, 0.007020770572125912, 0.019723614677786827, 0.004138045012950897, -0.014003371819853783, -0.01114881131798029, -0.03050769492983818, 0.04149897024035454, 0.052015360444784164, -0.0073144459165632725, 0.0007815759745426476, -0.042146679013967514, -0.012555094435811043, -0.044085994362831116, -0.02611519768834114, 0.02229437232017517, 1.6965934264590032e-05, -0.06432945281267166, -0.01633959449827671, 0.010569490492343903, -0.007690968457609415, -0.013375273905694485, 0.014405641704797745, -0.03218313306570053, 0.008776736445724964, 0.06154052913188934, 0.008698718622326851, -0.03439394384622574, 0.0712132528424263, 0.05667009949684143, -0.02061392553150654, 0.04639723151922226, 0.00011813119635917246, -0.008060373365879059, -0.006079298444092274, 0.007460645399987698, 0.005936395842581987, 0.03615314140915871, 0.04390868917107582, 0.04789330065250397, -0.010740376077592373, -0.016653338447213173, 0.014779872260987759, 0.030106572434306145, -0.13528381288051605, -0.03247196599841118, 0.0618206262588501, -0.00857593398541212, 0.02185823768377304, 0.027682190760970116, -0.026521624997258186, -0.03345576673746109, -0.004827365279197693, 0.05336137115955353, 0.003776279743760824, -0.04669239744544029, -0.012355842627584934, 0.011188196018338203, -0.041085101664066315, 0.007819938473403454, -0.0029514373745769262, 0.007708631455898285, -0.00797621812671423, -0.04788179323077202, -0.027161331847310066, -0.0325343981385231, 0.03899528086185455, -0.02102861925959587, 0.05373247712850571, -0.043806292116642, 0.06362049281597137, 0.012027443386614323, -0.03222207725048065, 0.02037857286632061, -0.017218541353940964, 0.07482324540615082, 0.008221445605158806, 0.021271701902151108, -0.002002679044380784, 0.026092536747455597, 0.05273894965648651, 0.0058848680928349495, -0.030092516914010048, -0.013715476728975773, -0.0015280063962563872, 0.03776179626584053, -0.03955802321434021, 0.008116206154227257, 0.040925320237874985, -0.04161034896969795, -0.0104711027815938, -0.04302279278635979, -0.015054465271532536, -0.05406533554196358, 0.04997938126325607, -0.024484671652317047, -0.016529321670532227, -0.04124438017606735, -0.018914619460701942, -0.012232151813805103, 0.024836160242557526, -0.016188349574804306, 0.0026920470409095287, 0.025852607563138008, 0.004008537624031305, -0.00666767917573452, 0.08198732882738113, 0.006197615060955286, -0.03847059607505798, 0.02384132891893387, 0.05449610948562622, -0.034196991473436356, 0.03327008709311485, -0.05442783236503601, -0.003263997845351696, 0.001820520730689168, 0.013784514740109444, 0.004188830964267254, 0.004290425218641758, 0.007794711273163557, 0.009835856966674328, -0.026548435911536217, 0.01848597824573517, -0.07744158804416656, 0.019124502316117287, 0.02496013231575489, 0.005315570160746574, 0.02820407785475254, -0.033346567302942276, -0.013853629119694233, 0.011920799501240253, -0.043652355670928955, 0.016286548227071762, 0.19773627817630768, -0.004877915605902672, 0.023849721997976303, 0.019223853945732117, 0.021120471879839897, 0.016287200152873993, 0.011702739633619785, 0.037983156740665436, 0.026541022583842278, -0.056993819773197174, 0.026352083310484886, -0.033008623868227005, -0.000519873108714819, -0.007106703240424395, 0.020206188783049583, -0.003506109584122896, -0.06074613705277443, 0.034437768161296844, 0.07179099321365356, -0.05130276456475258, 0.026235634461045265, -0.021594658493995667, 0.03471061959862709, 0.041008349508047104, -0.06382283568382263, -0.019807610660791397, -0.0023260354064404964, -0.02021266147494316, -0.015642544254660606, 0.021786032244563103, -0.04945840686559677, 0.0001548554573673755, 0.038022298365831375, -0.08028684556484222, -0.02698689140379429, -0.013260076753795147, 0.02771328017115593, -0.011967172846198082, 0.0023658296559005976, -0.010824732482433319, 0.006449119187891483, -0.013726078905165195, -0.03940412774682045, 0.03683343157172203, -0.02274058759212494, -0.03617008402943611, -6.125294021330774e-05, 0.004306808114051819, -0.012760980054736137, -0.02102719433605671, 0.029390934854745865, -0.015736708417534828, -0.033544741570949554, -0.021649200469255447, 0.008387695997953415, -0.011558746919035912, 0.016032544896006584, 0.03047657199203968, -0.008975892327725887, 0.03051316924393177, 0.0185097586363554, 0.0228415559977293, -0.03184662386775017, 0.01346531417220831, -0.017293889075517654, 0.011045831255614758, -0.004351429175585508, -0.023995038121938705, 0.035467859357595444, 0.04176471009850502, -0.03427479416131973, -0.019348174333572388, 0.043323155492544174, -0.02075948566198349, 0.030590903013944626, -0.047096263617277145, 0.02177712880074978, 0.08437075465917587, -0.04036078602075577, 0.031523704528808594, -0.023045720532536507, 0.014161327853798866, -0.035922661423683167, 0.06175585836172104, -0.01946762390434742, -0.026214634999632835, 0.03948128595948219, 0.046528108417987823, -0.06941811740398407, -0.014648683369159698, -0.027361318469047546, -0.01337090041488409, 0.028297806158661842, -0.0004521380760706961, 0.00339141977019608, -0.0015176688320934772, -0.03605456277728081, -0.033378034830093384, 0.010236856527626514, 0.0025133502203971148, -0.05233781412243843, -0.0021075340919196606, -0.03135640546679497, -0.03230052813887596, 0.006124596111476421, -0.012374404817819595, 0.0433364175260067, 0.0039304159581661224, -0.005646734032779932, 0.03739446774125099, -0.02939694933593273, 0.002465727273374796, 0.00819442793726921, -0.035225965082645416, -0.01280392985790968, 0.01918783411383629, 0.008923926390707493, 0.004405071027576923, 0.03167079761624336, 0.042282041162252426, 0.0020043356344103813, -0.014698600396513939, -0.03993946686387062, 0.008286804892122746, -0.023852989077568054, -0.0695599690079689, 0.005255298689007759, -0.009523372165858746, -0.0347202867269516, -0.01520679984241724, 0.054649073630571365, -0.019277090206742287, -0.06298868358135223, 0.025129349902272224, -0.0017508628079667687, 0.006670460570603609, 0.060476649552583694, 0.01990201510488987, -0.02978554554283619, 0.033895839005708694, -0.00686325877904892, -0.04781791940331459, 0.0008393143652938306, -0.0029859424103051424, 0.00019799225265160203, 0.026475321501493454, 0.011299916543066502, 0.01588565483689308, 0.04187025502324104, 0.008476992137730122, 0.0923205241560936, 0.053530193865299225, -0.00742976414039731, -0.04593908041715622, -0.022038860246539116, -0.03543473035097122, -0.013723219744861126, -0.010930555872619152, -0.0032813281286507845, -0.008596912957727909, -0.05623539164662361, -0.013203399255871773, 0.0414741113781929, 0.01712867058813572, 0.005051403772085905, -0.004202175885438919, -0.014586931094527245, 0.04655691236257553, 0.018853332847356796, -0.0035027635749429464, 0.017690565437078476, -0.0666998028755188, -0.07406836748123169, 0.06951481103897095, 0.003679259680211544, -0.026937615126371384, -0.03787253051996231, -0.011463204398751259, -0.012081844732165337, -0.009157096035778522, 0.04775099456310272, -0.014845490455627441, -0.0365128330886364, -0.0074614291079342365, 0.040087003260850906, 0.029798395931720734, 0.006854992359876633, -0.035777680575847626, 0.020081378519535065, -0.04081924259662628, 0.010415306314826012, 0.1218293085694313, -0.022511139512062073, -0.013688486069440842, 0.04692257568240166, 0.010077674873173237, 0.017282020300626755, 0.03150777891278267, -0.017305677756667137, 0.04038563370704651, 0.060655321925878525, -0.030590342357754707, 0.022656673565506935, -0.00011855524644488469, 0.01182517595589161, -0.025851698592305183, -0.047317780554294586, -0.014925728552043438, -0.010228653438389301, 0.01858539506793022, 0.019373327493667603, 0.0257800854742527, -0.06657545268535614, -0.024063970893621445, 0.023825645446777344, -0.031039681285619736, 0.01892264559864998, 0.045306675136089325, -0.0023666182532906532, -0.04127791151404381, -0.06650567799806595, -0.01615094393491745, 0.012394673191010952, -0.021586790680885315, 0.020250339061021805, 0.02447671815752983, 0.02062121592462063, -0.04167722538113594, 0.03959406539797783, 0.011232101358473301, -0.005548959132283926, 0.06912015378475189, 0.024628525599837303, -0.053458090871572495, -0.0026350747793912888, 0.007847665809094906, 0.004563942551612854, 0.006010418292135, -0.06250845640897751, -0.02148638851940632, -0.02471882291138172, -0.006012154743075371, 0.052953775972127914, 0.02096470259130001, 0.018114633858203888, 0.01673152670264244, 0.02940661460161209, -0.029798686504364014, 0.022347554564476013, -0.005436291918158531, -0.0030815911013633013, -0.009366922080516815, -0.04363682493567467, -0.007287836633622646, 0.02097230963408947, -0.00610183784738183, -0.009051535278558731, -0.022617997601628304, -0.024663161486387253, -0.02081172913312912, -0.0018642980139702559, 0.0030599285382777452, -0.010123836807906628, 0.005648796446621418, -0.007054629735648632, -0.0400993637740612, 0.03405110538005829, -0.04014229401946068, -0.005424324423074722, -0.07196366041898727, 0.0037426056805998087, 0.03776165097951889, 0.001014724955894053, -0.046269454061985016, 0.026769161224365234, -0.04305229336023331, 0.010110840201377869, -0.006045897025614977, 0.040063656866550446, -0.017781943082809448, -0.0658343955874443, -0.027323167771100998, 0.010101261548697948, 0.05578996613621712, 0.01832524500787258, 0.005925887264311314, 0.012863827869296074, -0.004457388538867235, 0.011217997409403324, -0.00960974209010601, 0.006009601056575775, -0.01271515991538763, -0.03236151486635208, 0.012038367800414562, 0.006996836047619581, 0.017261644825339317, 0.01525111310184002, 0.022795865312218666, -0.004538952372968197, 0.013403601013123989, -0.03481132537126541, 0.021535983309149742, 0.0025203221011906862, -0.031056109815835953, -0.06278229504823685, 0.016847623512148857, 0.005617472343146801, 0.01754727214574814, 0.0044281804002821445, 0.024493519216775894, -0.007185554131865501, -0.0453958697617054, -0.006764732766896486, 0.035332221537828445, 0.027998309582471848, -0.0011138569097965956, 0.07837049663066864, -0.01844383031129837, -0.01333097368478775, -0.001867156708613038, 0.013010059483349323, 0.0340237021446228, -0.001937983906827867, 0.014820724725723267, -0.032897643744945526, 0.027267949655652046, 0.043491020798683167, 0.01400598045438528, 0.006697061937302351, 0.02802615985274315, -0.003933314234018326, -0.04736335948109627, 0.005307069513946772, -0.0010536607587710023, -0.005117063410580158, -0.030671052634716034, 0.023841828107833862, -0.0389687642455101, 0.05631772056221962, -0.007696961052715778, 0.07030194252729416, -0.038095224648714066, 0.024441426619887352, 0.015216652303934097, 0.015651743859052658, 0.0027482558507472277, 0.023954160511493683, 0.01303047128021717, -0.01706956885755062, -0.012447009794414043, 0.01644698902964592, 0.002222121926024556, -0.004021615721285343, -0.022407298907637596, 0.03574800491333008, 0.00570650352165103, 0.01589236408472061, 0.01927788555622101, 0.02745937928557396, 0.06771362572908401, -0.012124295346438885, 0.03604142740368843, -0.044443048536777496, 0.005903700366616249, 0.031168531626462936, 0.00024594817659817636, 0.02370026521384716, 0.007947382517158985, -0.015844881534576416, -0.012040981091558933, 0.011395451612770557, -0.03814806044101715, 0.009388440288603306, -0.013152560219168663, -0.0047160666435956955, 0.023151729255914688, -0.05179251730442047, 0.013599125668406487, 0.05371192842721939, -0.004204197786748409, -0.02368299849331379, -0.009147650562226772, 0.008392280898988247, -0.01929447054862976, -0.020016981288790703, -0.038630735129117966, 0.02044273354113102, -0.015284146182239056, -0.03006875514984131, 0.016576601192355156, -0.027606109157204628, 0.029785240069031715, -0.035561252385377884, 0.0310016218572855, -0.12358478456735611, 0.03291003406047821, -0.027792885899543762, 0.017074156552553177, -0.014641782268881798, -0.03034277632832527, 0.019323134794831276, -0.05334625765681267, 0.05117717757821083, -0.05581337586045265, -0.03769678995013237, -0.01562404539436102, -0.025875456631183624, -0.046789124608039856, -0.00012806513404939324, 0.04598807543516159, 0.03638836368918419, -0.01158132590353489, -0.021878443658351898, 0.0019819673616439104, 0.019764475524425507, -0.010491100139915943, 0.015268048271536827, -0.009723139926791191, -0.03130539506673813, 0.022069795057177544, 0.007246111519634724, -0.05519958212971687, -0.023566609248518944, 0.019335143268108368, 0.01196233183145523, -0.03170451894402504, 0.008189547806978226, 0.02631874941289425, 0.026011820882558823, -0.019854098558425903, -0.002697132294997573, -0.04335475713014603, -0.033703114837408066, 0.03162285313010216, -0.026538336649537086, 0.030071010813117027, -0.026552146300673485, -0.005103686358779669, 0.030635401606559753, 0.045596152544021606, -0.003399807261303067, -0.006336492020636797, -0.07053913176059723, 0.029489988461136818, -0.04419649764895439, 0.03759376332163811, -0.004667735192924738, 0.0022115574683994055, -0.05698826536536217, -0.0218915157020092, -0.05210451781749725, -0.030641114339232445, -0.04607038199901581, 0.024600818753242493, -0.0781213641166687, -0.005982580129057169, -0.026810741052031517, -0.02877967245876789, -0.04850064218044281, 0.02343672327697277, -0.018035966902971268, 0.03279711678624153, -0.003625686513260007, -0.008282341994345188, -0.07329332828521729, -0.06157400459051132, -0.028377458453178406, -0.04858072102069855, -0.036778971552848816, 0.02209748513996601, 0.005476983264088631, -0.026105090975761414, 0.004905641544610262, 0.003523034043610096, -0.052834153175354004, 0.0002498616522643715, -0.06387754529714584, -0.0019090794958174229, 0.1115807518362999, 0.006755989510565996, -0.012068919837474823, 0.023193666711449623, -0.03917420282959938, -0.010280659422278404, -0.038089584559202194, -0.007300874684005976, -0.031797200441360474, 0.004254959989339113, -0.019914517179131508, 0.01631232723593712, -0.006613040342926979, 0.0010760959703475237, 0.008974208496510983, 0.011727888137102127, -0.012881559319794178, 0.018658066168427467, 0.02824985794723034, 0.018706509843468666, 0.003462284803390503, 0.0003873507375828922, 0.04576195403933525, 0.02172761596739292, -0.021830035373568535, -0.002564458642154932, -0.02800099551677704, -0.00375962071120739, -0.011912372894585133, -0.012819935567677021, -0.07557477056980133, 0.0067881871946156025, 0.014636813662946224, -0.022301888093352318, -0.025287888944149017, 0.010688143782317638, 0.00782794039696455, -0.04280336573719978, -0.003430590033531189, -0.03312283009290695, 0.01683368906378746, -0.0292071346193552, -0.0012636027531698346, 0.020490670576691628, -0.002775438828393817, -0.03443348780274391, 0.03798677772283554, -0.04606936499476433, -0.023113640025258064, 0.020784391090273857, -0.01693776249885559, 0.018853092566132545, 0.011415805667638779, 0.034237079322338104, -0.04713454097509384, 0.031123820692300797, -0.04767781123518944, -0.03654693067073822, 0.03835965320467949, -0.04211528226733208, 0.04491649568080902, -0.011504297144711018, 0.03389890119433403, -0.000654375646263361, -0.027727443724870682, -0.00771242706105113, -0.05189860612154007, -0.026945479214191437, 0.003066395176574588, -0.006460837088525295, -0.01849091425538063, 0.006465594284236431, -0.0025912628043442965, 0.0009654151508584619, -0.054887555539608, -0.0023321560584008694, 0.019721560180187225, -0.01722743734717369, -0.003354605520144105, -0.021819517016410828, -0.008503924123942852, 0.03315097093582153, 0.02178705297410488, -0.0008184764883480966, -0.013476758264005184, -0.004453703295439482, -0.03210081160068512, 0.07356873899698257, 0.011326263658702374, 0.0037041560281068087, 0.015547214075922966, -0.0317121185362339, 0.00782175175845623, 0.012754717841744423, 0.05132129415869713, -0.012581376358866692, 0.022381160408258438, -0.01148690190166235, 0.06732744723558426, 0.03916590288281441, 0.018101472407579422, -0.012359155341982841, 0.02795114368200302, 0.021641887724399567, 0.016829902306199074, -0.02541309781372547, -0.037672363221645355, -0.0013205065624788404, -0.021300058811903, -0.008304151706397533, -0.0008439109078608453, -0.05593825876712799, -0.010690756142139435, -0.04548138380050659, 0.01791231520473957, 0.08747486025094986, -0.008201871998608112, 0.020230496302247047, 0.03195881471037865, 0.018861418589949608, -0.019611721858382225, 0.00688588060438633, -0.012900923378765583, 0.0017490616301074624, 0.014357198029756546, 0.056923702359199524, -0.004330847412347794, -0.01735442504286766, 0.03471136465668678, 0.020424822345376015, -0.013828464783728123, -0.041148874908685684, 0.005010644905269146, 0.01923493668437004, 0.018330389633774757, 0.006357406731694937, 0.01747659221291542, 0.0006656519835814834, 0.02199994958937168, -0.00010720748832682148, -0.09260997921228409, -0.044541485607624054, 0.013669722713530064, 0.02074827440083027, 0.026334786787629128, 0.04528999701142311, -0.03839651867747307, -0.02767254039645195, -0.009862018749117851, 0.013570844195783138, 0.030607566237449646, 0.005344655830413103, -0.009140050038695335, -0.0074713206849992275, -0.005752405617386103, -0.02488703280687332, 0.010083802044391632, 0.0032328814268112183, 0.01239589974284172, 0.013447531498968601]",,
15_1_0_errors_failed_to_fetch_devpagesmanifest_mdx_section_2,section,15_1_0_errors_failed_to_fetch_devpagesmanifest_mdx,Failed to fetch `devPagesManifest` - Possible Ways to Fix It,,{},15.1.0,"Make sure your browser developer tools, extensions, and any other network tools aren't blocking that request.
If you're running your Next.js application through a proxy, nginx, or other network layer, make sure links like `` are configured to be allowed.
",,"[(np.int64(7), np.float64(0.07997047901153564)), (np.int64(14), np.float64(0.15315744280815125)), (np.int64(206), np.float64(0.09422869980335236)), (np.int64(297), np.float64(0.010144166648387909)), (np.int64(7647), np.float64(0.17714045941829681)), (np.int64(12662), np.float64(0.1198645830154419)), (np.int64(13576), np.float64(0.23893612623214722)), (np.int64(18548), np.float64(0.28478431701660156)), (np.int64(42261), np.float64(0.03196293115615845)), (np.int64(96746), np.float64(0.1504744291305542)), (np.int64(115861), np.float64(0.05075790360569954)), (np.int64(147101), np.float64(0.27319076657295227)), (np.int64(190355), np.float64(0.20995649695396423))]","[-0.03466673195362091, 0.007972287014126778, -0.008719652891159058, 0.03725035861134529, -0.013232984580099583, 0.03696790337562561, -0.001467517577111721, 0.018934139981865883, -0.05173476040363312, -0.007892191410064697, 0.015657439827919006, -0.01771029829978943, -0.01031104102730751, -0.020825812593102455, -0.01047799177467823, -0.006901528686285019, 0.0008107778267003596, -0.014954027719795704, -0.0012774167116731405, -0.003268454223871231, -0.004361032973974943, -0.0089596938341856, 0.0018158601596951485, 0.023799438029527664, 0.0028193884063512087, 0.043661199510097504, -0.014731189236044884, -0.03933423012495041, 0.00046127551468089223, 0.006089396774768829, 0.015593546442687511, -0.02338525652885437, 0.05140424892306328, 0.014739645645022392, -0.011754636652767658, -0.059431083500385284, -0.03533027693629265, -0.008654395118355751, -0.025671863928437233, 0.03629755601286888, -0.034913428127765656, -0.01931687258183956, -0.007756948936730623, -0.01026904210448265, 0.052725788205862045, -0.012001237832009792, 0.0006331904442049563, -0.007950465194880962, 0.011270611546933651, -0.025576569139957428, -0.03839316964149475, -0.03415754437446594, 0.021703802049160004, -0.053823214024305344, 0.02908691018819809, 0.011735783889889717, 0.038724061101675034, -0.07908294349908829, -0.029085205867886543, 0.018497301265597343, -0.02769925817847252, -0.013603114522993565, -0.055651191622018814, -0.0029622153379023075, -0.021250799298286438, 0.03278069198131561, -0.011554458178579807, -0.022523360326886177, -0.029913533478975296, -0.057877350598573685, 0.0016640413086861372, 0.008327972143888474, -0.02254634164273739, -0.029016714543104172, -0.025476863607764244, 0.013473388738930225, 0.03251378610730171, -0.0131129901856184, 0.01768585294485092, 0.01644221879541874, 0.019924107939004898, -0.04693177714943886, 0.038535378873348236, 0.0010217168601229787, 0.017548680305480957, 0.0005306577077135444, -0.014590754173696041, -0.00852600671350956, 0.05234922468662262, 0.010048812255263329, 0.00983048789203167, -0.01512166764587164, 0.02133958600461483, -0.046314455568790436, -0.026459284126758575, 0.003488330403342843, -0.015189395286142826, -0.022384164854884148, 0.08858205378055573, -0.005328284576535225, -0.016863374039530754, -0.011860535480082035, -0.005227321293205023, -0.0034320447593927383, -0.004524500109255314, 0.04846528545022011, 0.039268407970666885, 0.008150031790137291, -0.0007955462206155062, -0.04482192546129227, 0.0036581808235496283, 0.005537612363696098, -0.003819233039394021, -0.0009564668289385736, -0.010458534583449364, -0.04417039081454277, -0.01742100901901722, 0.0014349791454151273, -0.014228150248527527, -0.024872707203030586, 0.046959809958934784, -0.01922227442264557, 0.014326950535178185, -0.03599703311920166, 0.03363315388560295, -0.011803558096289635, -0.014867091551423073, 0.042577847838401794, 0.011369990184903145, 0.06008460372686386, 0.005205701105296612, -0.011209972202777863, 0.01960357092320919, 0.015017173252999783, -0.0687311664223671, 0.007026846054941416, -0.018808435648679733, -0.0007676172535866499, 0.05262473225593567, -0.02891448512673378, 0.009956145659089088, 0.004315713420510292, 0.03117644228041172, -0.04989616200327873, 0.04224684461951256, -0.050725068897008896, 0.06918299198150635, 0.028192510828375816, -0.01125806849449873, -0.056900981813669205, 0.003623474156484008, -0.021008573472499847, 0.03656075522303581, -0.01767910085618496, 0.016139701008796692, -0.00489713903516531, -0.004274833016097546, -0.03349147364497185, 0.01894582249224186, 0.0501432903110981, -0.02754114381968975, 0.018649324774742126, -0.02960878238081932, 0.005502667278051376, 0.054257892072200775, 0.008183593861758709, -0.009964763186872005, 0.03367101773619652, -0.052561499178409576, -0.03265327587723732, -0.012947465293109417, 0.028820093721151352, 0.06684542447328568, -0.002924312138929963, -0.008561660535633564, 0.040031030774116516, 0.07839667052030563, 0.013876915909349918, 0.0028989913407713175, -0.008643942885100842, -0.042017802596092224, 0.008549274876713753, 0.025449175387620926, -0.021587587893009186, -0.012738066725432873, 0.010547390207648277, 0.028974376618862152, -0.002486394951120019, -0.026808718219399452, -0.014490303583443165, -0.041209518909454346, -0.01744881644845009, 0.04343333840370178, -0.005221082828938961, 0.02351248636841774, -0.018807677552103996, 0.024035034701228142, -0.023389076814055443, -0.00819773692637682, -0.030663134530186653, -0.04038922116160393, 0.00031722549465484917, 0.04189123213291168, 0.010625873692333698, -0.03632064908742905, 0.011513170786201954, -0.011594729498028755, -0.00976492278277874, -0.024986088275909424, -0.01482180692255497, -0.020147813484072685, -0.009998900815844536, -0.02342531830072403, -0.018536504358053207, -0.05140433833003044, 0.030250363051891327, -0.011530810967087746, 0.03259768709540367, -0.015160818584263325, -0.009792035445570946, -0.0256182961165905, 0.022256985306739807, 0.007060280069708824, -0.035966526716947556, -0.01211760938167572, 0.01505666971206665, 0.0571354441344738, 0.0170747023075819, -0.0016543015372008085, -0.02934933453798294, -0.028058666735887527, -0.009732349775731564, 0.014058433473110199, 0.000566768110729754, 0.06792047619819641, -0.05798153951764107, -0.026055695489048958, -0.018683653324842453, -0.01877531222999096, 0.0015167718520388007, 0.03855854272842407, -0.046484701335430145, 0.014906776137650013, 0.043524473905563354, 0.002519269473850727, -0.021341543644666672, 0.012025189585983753, 0.05332830920815468, -0.03921052813529968, -0.0440259724855423, 0.0230108629912138, 0.005806444212794304, -0.014227569103240967, -0.0027733019087463617, -0.0023999500554054976, 0.009984718635678291, -0.0072546461597085, -0.00701988535001874, -0.019052064046263695, -0.018056947737932205, 0.02605189010500908, 0.035074349492788315, 0.007045534905046225, 0.029499053955078125, -0.011919093318283558, -0.01425148919224739, -0.012510723434388638, -0.03175251558423042, -0.010517945513129234, -0.0047828820534050465, -0.05168190598487854, -0.0008036106009967625, 0.02640128880739212, -0.02387407422065735, -0.025866087526082993, 0.03603705018758774, -0.015231017954647541, -0.02332366444170475, 0.058939673006534576, 0.03212960809469223, -0.019443077966570854, 0.0452878512442112, 0.052443839609622955, 0.013614969328045845, 0.05067218840122223, -0.01300072018057108, -0.00665681017562747, 0.002757325069978833, 0.007956461049616337, -0.009437083266675472, -0.005117742344737053, 0.01035025343298912, 0.040530793368816376, -0.030378088355064392, -0.00804150104522705, 0.012785440310835838, 0.024168696254491806, -0.15517951548099518, -0.02326091378927231, 0.0851302444934845, -0.012633210979402065, -0.008800312876701355, 0.023111632093787193, -0.04650275781750679, 0.007361618336290121, 0.0015208193799480796, 0.0225669052451849, -0.017525557428598404, -0.03363129869103432, 0.025122011080384254, -0.016267377883195877, -0.021522074937820435, 0.02389259822666645, -0.014926282688975334, 0.009384161792695522, 0.00846906378865242, -0.04070189222693443, -0.008588764816522598, -0.04261479899287224, 0.0771365687251091, 0.002932027680799365, 0.032666660845279694, -0.015553575940430164, 0.053007565438747406, -0.01725984737277031, -0.039135780185461044, 0.026737423613667488, -0.0248179342597723, 0.027220120653510094, 0.0049167475663125515, 0.006784028839319944, 0.027219753712415695, -0.001380064175464213, 0.005725295748561621, -0.013059530407190323, -0.01509646512567997, -0.026110824197530746, 0.01362617127597332, 0.06034863367676735, -0.052494749426841736, -0.02087997831404209, 0.04691499471664429, -0.06723663955926895, -0.01962280087172985, -0.045126207172870636, -0.009800046682357788, -0.032204918563365936, 0.026908401399850845, -0.006778226234018803, -0.013919851742684841, -0.018674403429031372, -0.033348940312862396, 0.010824436321854591, 0.047178421169519424, 0.011423435062170029, 0.014213214628398418, -0.010163506492972374, 0.0066546481102705, -0.022398779168725014, 0.0856599286198616, -0.002007261151447892, -0.041173189878463745, 0.003328474937006831, 0.04927453771233559, -0.004939757287502289, 0.020575938746333122, -0.03843862935900688, -0.004861583933234215, -0.023191211745142937, 0.024171952158212662, 0.002962593687698245, -0.02712593413889408, 0.002832175465300679, 0.004771765787154436, -0.03864065557718277, 0.01747836172580719, -0.0953737273812294, 0.012249240651726723, 0.023005029186606407, -0.008533154614269733, 0.04387796297669411, -0.0361781120300293, -0.022731564939022064, 0.004075902514159679, -0.030370688065886497, 0.04672243446111679, 0.24182568490505219, 0.046384237706661224, 0.02977466583251953, 0.018300741910934448, 0.06002819165587425, 0.00823505874723196, 0.010920589789748192, 0.07241728156805038, 0.04958720505237579, -0.04117929935455322, 0.006497077643871307, -0.018385684117674828, -0.007604926824569702, -0.028742212802171707, 0.018461836501955986, 0.04908124729990959, -0.08035051822662354, 0.04569742828607559, 0.062006741762161255, -0.04424290359020233, 0.005692363251000643, -0.0004897803300991654, 0.04238569736480713, 0.013514561578631401, -0.06564566493034363, -0.003757881000638008, -0.0003688950964715332, -0.04193224385380745, 0.02673444151878357, 0.007669507060199976, -0.043803442269563675, 0.020572753623127937, 0.04746700078248978, -0.06968338042497635, 0.0004807286022696644, -0.005687951110303402, 0.028459638357162476, 0.019008122384548187, -0.010939682833850384, 0.016377829015254974, 0.0035710984375327826, -0.012260849587619305, -0.0267946720123291, 0.04859745129942894, -0.020397422835230827, -0.030008018016815186, -0.02046874724328518, 0.01855504885315895, -0.012621288187801838, -0.038425568491220474, -0.016090547665953636, -0.028873255476355553, -0.0344812348484993, -0.022062459960579872, 0.01161970291286707, -0.022081229835748672, 0.010276921093463898, -0.01264100894331932, 0.0010385835776105523, 0.06786330789327621, 0.002974100410938263, 0.021802857518196106, -0.017733102664351463, 0.05533404275774956, 0.004021264612674713, 0.017765510827302933, 0.014371826313436031, -0.04527544602751732, 0.05628301203250885, 0.05460679531097412, -0.032598815858364105, -0.02831277996301651, -0.0027251653373241425, -0.028120791539549828, 0.022674117237329483, -0.003963159397244453, 0.017319733276963234, 0.08681724965572357, -0.03033723495900631, 0.02559570036828518, 0.0003765938163269311, -0.0008263708441518247, -0.014082076027989388, 0.04367419704794884, 0.002516052918508649, -0.03320202976465225, 0.027019314467906952, 0.0284610353410244, -0.004328699316829443, -0.006698893383145332, -0.028633803129196167, -0.0077494168654084206, -0.006037762388586998, 0.03244081139564514, -0.04195559769868851, 0.008447634056210518, 0.011675137095153332, 0.0019344916800037026, -0.007520479615777731, -0.009960317984223366, -0.020764362066984177, 0.01243886724114418, -0.008855708874762058, -0.020322920754551888, 0.005486031994223595, -0.03574763983488083, 0.028992310166358948, 0.009803556837141514, 0.030697986483573914, 0.029037494212388992, -0.0642237737774849, -0.028023453429341316, 0.018657511100172997, -0.033964503556489944, -0.04434889182448387, 0.04377931356430054, 0.010803899727761745, 0.03625668212771416, 0.08414892852306366, 0.019273357465863228, 0.016304029151797295, 0.0037109246477484703, -0.004273181781172752, -0.00384032865986228, -0.007738915272057056, -0.03179914131760597, -0.03867731988430023, 0.016915230080485344, -0.030852138996124268, 0.011541646905243397, 0.05214892327785492, -0.01928742229938507, -0.05708945915102959, 0.03886238858103752, 0.010700708255171776, 0.009715997613966465, 0.06104939430952072, 0.0020254929549992085, 0.01078507024794817, 0.057701874524354935, -0.03329553082585335, -0.00634427648037672, 0.017012955620884895, 0.012825299054384232, -0.006326928269118071, 0.011878247372806072, -0.0312171783298254, 0.004676280543208122, 0.05564683675765991, 0.02033950947225094, 0.0370967872440815, 0.08278083056211472, -0.0018178013851866126, -0.0420435294508934, -0.025148630142211914, -0.0537484735250473, -0.01703551411628723, 0.024707352742552757, 0.012995091266930103, -0.009300416335463524, 0.00822759885340929, 0.012832713313400745, 0.023298058658838272, 0.06687382608652115, -0.0046716476790606976, 0.014198506250977516, -0.011804933659732342, 0.058391496539115906, -0.00918618030846119, -0.013668118976056576, -0.028443271294236183, -0.03746143355965614, -0.023340528830885887, 0.037050191313028336, -0.009731730446219444, -0.024559272453188896, -0.08848952502012253, 0.001280605560168624, -0.014291051775217056, -0.01843094825744629, 0.022238656878471375, 0.006419788580387831, -0.01878151297569275, -0.035515669733285904, 0.04348209500312805, -0.022123759612441063, 0.02593935653567314, -0.025021320208907127, -0.004475635476410389, -0.048444751650094986, 0.002961314283311367, 0.10923405736684799, -0.030621105805039406, 0.01048774179071188, 0.05825991556048393, 0.0005591039080172777, 0.04374559223651886, 0.01369091309607029, -0.0150765934959054, 0.014489264227449894, 0.01913759671151638, -0.038479674607515335, 0.006721853744238615, 0.011833632364869118, 0.03020421601831913, -0.036058757454156876, -0.05291525647044182, -0.015504861250519753, -0.022141454741358757, 0.006814420223236084, -0.007293028756976128, 0.021533720195293427, -0.0751006230711937, -0.03201180323958397, 0.04941337928175926, -0.020065126940608025, 0.025041185319423676, 0.024987760931253433, 0.02182619459927082, 0.01681971549987793, -0.027663614600896835, -0.021802224218845367, 0.04898601025342941, -0.030092036351561546, 0.019590869545936584, -0.0006737866788171232, 0.016349388286471367, 0.0028396006673574448, 0.013402348384261131, 0.01451992616057396, -0.01542164571583271, 0.05453293025493622, 0.014392612501978874, -0.02935751900076866, 0.006068448536098003, 0.02955085039138794, 0.011655716225504875, 0.003910304978489876, -0.0018360198009759188, -0.027416488155722618, -0.05539613962173462, 0.007024620659649372, 0.05023547261953354, 0.01283206045627594, 0.011586273089051247, 0.011595445685088634, 0.0012916000559926033, -0.013713924214243889, 0.035304103046655655, 0.008725372143089771, -0.06290324777364731, -0.026396596804261208, -0.026685668155550957, -0.01017505582422018, 0.071834497153759, -0.018375834450125694, 0.007847447879612446, -0.01815362274646759, -0.017413824796676636, -0.01878124102950096, -0.010559014976024628, 0.01885421946644783, -0.005058908835053444, -0.006127575878053904, 0.0021732724271714687, -0.03909994289278984, 0.04313361644744873, -0.025891456753015518, -0.04436739534139633, -0.0721803531050682, 0.00795905850827694, 0.004426541272550821, -0.009085036814212799, -0.01028038002550602, 0.026523837819695473, -0.03518303111195564, -0.03403763845562935, 0.021872833371162415, -0.01878335326910019, -0.028744688257575035, -0.04593562334775925, -0.023694349452853203, -0.010635736398398876, 0.020761065185070038, 0.01699673756957054, 0.048159159719944, 0.029728416353464127, -0.013370786793529987, -0.019749874249100685, -0.024995341897010803, 0.03468545898795128, -0.01378355547785759, -0.034545209258794785, 0.030048862099647522, 0.007707428652793169, 0.003581096651032567, -0.02634342759847641, 0.03750085458159447, -0.0067925406619906425, 0.030741455033421516, -0.016851695254445076, 0.011172584258019924, 0.013440879993140697, -0.01337456051260233, -0.047841932624578476, 0.028653794899582863, -0.019536681473255157, -0.008894999511539936, 0.02601483091711998, 0.005097974557429552, -0.005121696274727583, -0.05049077421426773, 0.039907291531562805, 0.016826454550027847, 0.045207634568214417, 0.014714342541992664, 0.07154721021652222, -0.03507532924413681, -0.013348537497222424, -0.010005352087318897, 0.008410600014030933, 0.024767665192484856, -0.040035028010606766, 0.024954158812761307, 0.009067627601325512, 0.028957193717360497, 0.03789674863219261, -0.005274796858429909, -0.02270635776221752, 0.018829459324479103, -0.030925914645195007, -0.04653358832001686, 0.0017524375580251217, -0.02980087138712406, 0.003985305782407522, -0.012468606233596802, -0.008956938050687313, -0.036845702677965164, 0.0035808037500828505, -0.016094617545604706, 0.027101730927824974, -0.03381965309381485, 0.04064517840743065, -0.003956914879381657, -0.01810397394001484, -0.02785392291843891, 0.031792692840099335, -0.0076133389957249165, -0.04997669532895088, -0.0002979662094730884, 0.014304205775260925, 0.0017919824458658695, -0.0012599003966897726, -0.04187009856104851, 0.024358123540878296, 0.002994745271280408, 0.013305753469467163, -0.036367204040288925, 0.011737159453332424, 0.04998192936182022, -0.03437840938568115, 0.051457084715366364, -0.025420870631933212, -0.012262861244380474, 0.027572520077228546, 0.0027956017293035984, 0.021911023184657097, -0.007795239333063364, 0.02581866644322872, -0.01544966734945774, 0.012592414394021034, 0.012642180547118187, 0.023503383621573448, -0.01176940742880106, -0.0067821079865098, 0.018469884991645813, -0.0013763044262304902, 0.009960840456187725, 0.011178663931787014, 0.025110896676778793, -0.03260790929198265, -0.035903193056583405, -0.00688535301014781, -0.01943213865160942, 0.0019292798824608326, 0.0007768138311803341, -0.001966537442058325, -0.031283970922231674, -0.01902669295668602, 0.0597868412733078, -0.003776752157136798, 0.02090403065085411, -0.005122396629303694, 0.03432849422097206, -0.15326286852359772, 0.02532353438436985, -0.029399670660495758, 0.02817125804722309, -0.0010877435561269522, -0.026058992370963097, 0.006152656860649586, -0.03468973562121391, 0.009595395997166634, -0.02790975570678711, -0.03852066770195961, -0.008795696310698986, -0.00752776674926281, -0.038452379405498505, 0.005217306315898895, 0.021320084109902382, 0.015598059631884098, -0.04296913370490074, -0.025035137310624123, 0.008724512532353401, -0.00638257060199976, -0.016972387209534645, 0.002263744128867984, 0.00224893307313323, -0.06132061034440994, -0.009134864434599876, 0.011262468993663788, -0.015516082756221294, 0.007834084331989288, 0.006385635118931532, -0.029381217435002327, -0.07200107723474503, -0.0001867263054009527, 0.05073986575007439, 0.02435850165784359, -0.008090943098068237, 0.003465903690084815, -0.009101560339331627, -0.04388091340661049, 0.022332025691866875, 0.02879967726767063, 0.036962978541851044, -0.02344217151403427, -0.003640672191977501, 0.012760788202285767, 0.032705847173929214, -0.0012228020932525396, -0.012098198756575584, -0.05073709785938263, -0.006256223190575838, -0.03563794121146202, 0.00938879232853651, -0.004187443293631077, 0.018861891701817513, -0.03642154484987259, 0.00653377128764987, -0.03754478693008423, -0.0077399867586791515, -0.04419127479195595, 0.030740011483430862, -0.06345955282449722, 0.019680330529808998, -0.04311775416135788, -0.01738118939101696, -0.049175262451171875, 0.01691427454352379, -0.02779405564069748, 0.03246450051665306, -0.01665254682302475, -0.016256069764494896, -0.0193456020206213, -0.06892072409391403, -0.03733174502849579, -0.003998284228146076, -0.009452614933252335, -0.006858312524855137, -0.009699330665171146, -0.017177004367113113, -0.0174868181347847, 0.003079152898862958, -0.056704457849264145, -0.039637040346860886, -0.03863675892353058, 0.027913564816117287, 0.09824776649475098, 0.02108628675341606, -0.005071805790066719, 0.01991884596645832, 0.012908236123621464, -0.02158866822719574, -0.01592974364757538, -0.013639716431498528, -0.012034532614052296, 0.03750763460993767, -0.009289327077567577, 0.02555430307984352, 0.016131721436977386, 0.028654439374804497, 0.01582968421280384, -0.027489593252539635, -0.023885948583483696, -0.00019581780361477286, 0.016608379781246185, 0.00047225694288499653, -0.01281810738146305, 0.019876237958669662, 0.03354702517390251, 0.01440531387925148, -0.01350264623761177, -0.04036511108279228, -0.01741819642484188, -0.010395879857242107, -0.017504002898931503, -0.008164288476109505, -0.04716337472200394, 0.01676313951611519, -0.005905779544264078, -0.008356520906090736, -0.00013111547741573304, 0.010894795879721642, -0.007633496075868607, -0.019323773682117462, 0.018020858988165855, -0.04571951553225517, 0.018156452104449272, -0.04524531587958336, 0.04707341641187668, 0.003414982696995139, 0.018310481682419777, -0.041954685002565384, -0.0019454625435173512, -0.0428730845451355, -0.056311819702386856, 0.030775507912039757, 0.024541281163692474, 0.014875349588692188, 0.009015176445245743, 0.04644601419568062, -0.06388967484235764, 0.001171074341982603, -0.0630151778459549, -0.0007910712156444788, 0.00490978779271245, -0.061999592930078506, -0.00508843595162034, -0.010117840953171253, 0.0037428727373480797, -0.013187810778617859, 0.0029370456468313932, -0.03322617709636688, -0.012323586270213127, -0.014849268831312656, 0.008859211578965187, 0.020412854850292206, -0.014867085963487625, 0.028559396043419838, -0.024906054139137268, -0.01237013004720211, -0.04140610620379448, 0.03213784471154213, 0.00991836842149496, -0.06646767258644104, -0.032004788517951965, -0.015887562185525894, 0.032116297632455826, 0.033419691026210785, 0.013397912494838238, 0.023095449432730675, -0.002279154723510146, 0.0009913406101986766, -0.06491854786872864, 0.061821386218070984, -0.0077220723032951355, 0.04286416247487068, 0.011181307956576347, -0.028488313779234886, 0.027394667267799377, 0.01907873898744583, 0.052991099655628204, 0.00737396813929081, 0.045233480632305145, -0.03195992484688759, 0.03635706380009651, -0.0059476010501384735, 0.005373684223741293, -0.007724090479314327, -0.00871901772916317, 0.02806190587580204, 0.03776799887418747, -0.016866454854607582, -0.042372412979602814, -0.007013765629380941, 0.008757000789046288, 0.003241581842303276, -0.007584440987557173, -0.01690440997481346, -0.014274738729000092, -0.021627366542816162, 0.04316689446568489, 0.04944529011845589, 0.032022617757320404, 0.013251179829239845, 0.04822947084903717, 0.00764390267431736, 0.006554639432579279, -0.010513219982385635, -0.01381534244865179, -0.017757879570126534, -0.022714823484420776, 0.03909021243453026, -0.005352779757231474, -0.016163112595677376, 0.022628866136074066, 0.005852754693478346, 0.007407058496028185, -0.054831888526678085, 0.030144186690449715, 0.013997132889926434, 0.027209652587771416, 0.014302302151918411, 0.022248566150665283, 0.03319171443581581, -0.016986770555377007, 0.030147692188620567, -0.05700704827904701, -0.047668423503637314, -0.013704247772693634, 0.004399141762405634, -0.01641887053847313, 0.0491960346698761, -0.02262911945581436, 0.02523919567465782, -0.008507399819791317, 0.01943918876349926, 0.04899467155337334, 0.007112335879355669, 0.00030087176128290594, -0.005218526814132929, 0.0005301001947373152, 0.004471677355468273, -0.01232676487416029, 0.0004902353975921869, 0.025051159784197807, 0.03229176625609398]",,
15_1_0_errors_failed_to_fetch_devpagesmanifest_mdx_section_3,section,15_1_0_errors_failed_to_fetch_devpagesmanifest_mdx,Failed to fetch `devPagesManifest` - Useful Links,,{},15.1.0,"[https://github.com/vercel/next.js/issues/16874](https://github.com/vercel/next.js/issues/16874)
[https://github.com/vercel/next.js/issues/38047](https://github.com/vercel/next.js/issues/38047)
",,"[(np.int64(7), np.float64(0.0276362095028162)), (np.int64(14), np.float64(0.12684771418571472)), (np.int64(206), np.float64(0.039116207510232925)), (np.int64(297), np.float64(0.004787430167198181)), (np.int64(7647), np.float64(0.1248258650302887)), (np.int64(7844), np.float64(0.10196503251791)), (np.int64(12662), np.float64(0.09201797842979431)), (np.int64(13576), np.float64(0.20794221758842468)), (np.int64(18548), np.float64(0.24259503185749054)), (np.int64(36836), np.float64(0.15322920680046082)), (np.int64(57890), np.float64(0.23554809391498566)), (np.int64(147101), np.float64(0.22983130812644958)), (np.int64(190355), np.float64(0.17094206809997559))]","[-0.021543020382523537, -0.0011531119234859943, -0.003169582923874259, 0.008622887544333935, -0.028295807540416718, 0.030614713206887245, 0.03957843780517578, 0.034839533269405365, -0.02436087280511856, 0.007796597201377153, 0.01495501771569252, -0.0030951849184930325, 0.017613286152482033, 0.012371066026389599, 0.003397111315280199, -0.02552698366343975, -0.0005078524700365961, -0.0030859243124723434, 0.019213492050766945, -0.07512685656547546, 0.03998461365699768, 0.016094444319605827, 0.029186077415943146, 0.03612788766622543, 0.026311201974749565, 0.01389798428863287, 0.0027807182632386684, -0.011134781874716282, -0.014756174758076668, 0.0016192939365282655, 0.01972861960530281, 0.009692505933344364, 0.053277406841516495, 0.017303280532360077, -0.04191506281495094, -0.04783140867948532, -0.006838843692094088, -0.032897256314754486, -0.04208127781748772, 0.07074987143278122, 0.01348157785832882, 0.010815484449267387, 0.024223536252975464, -0.029105205088853836, 0.053154367953538895, -0.0451880507171154, -0.001011876855045557, -0.01892732083797455, -0.023730915039777756, 0.018352359533309937, -0.04684634506702423, -0.01257406733930111, 0.03979784622788429, -0.01995006576180458, 0.05086273327469826, 0.0364995077252388, 0.037930332124233246, -0.049735378473997116, -0.030105294659733772, 0.02386944368481636, -0.02102513797581196, -0.01568051055073738, -0.03742854669690132, 0.006214730441570282, 0.03437931835651398, 0.05989489704370499, -0.013089711777865887, 0.014816640876233578, -0.022893814370036125, -0.05066145583987236, 0.013542813248932362, 0.015451174229383469, 0.006448595318943262, -0.05797461420297623, -0.031217476353049278, 0.006184189114719629, 0.0083879129961133, -0.02705334685742855, 0.02889983355998993, -0.012373187579214573, 0.016415145248174667, -0.0030218292959034443, 0.03850473463535309, -0.05859987437725067, 0.005074289161711931, 0.01060373242944479, -0.014195825904607773, 0.03818001598119736, 0.05579767003655434, 0.025945104658603668, 0.03045353852212429, -0.04779554903507233, 2.187080099247396e-07, -0.049215447157621384, 0.001132996054366231, 0.018680419772863388, -0.025280993431806564, 0.02256699837744236, 0.09850893169641495, -0.0014581066789105535, -0.0067955260165035725, -0.01969003677368164, -0.010769892483949661, -0.03175687789916992, 0.00245264102704823, 0.03059166483581066, 0.04522652551531792, 0.005601867567747831, -0.006550865713506937, -0.02750467136502266, 0.019297638908028603, 0.004686765838414431, -0.008116798475384712, 0.00810885801911354, 0.011775595135986805, -0.05304357409477234, -0.05703122913837433, -0.03568166866898537, -0.009990650229156017, -0.04423603042960167, 0.06081738695502281, -0.00709947943687439, 0.06391620635986328, -0.04268873110413551, 0.011968499980866909, -0.017442921176552773, -0.025007346644997597, 0.0028912988491356373, -0.010082605294883251, 0.03409178927540779, 0.00927130039781332, 0.00918276235461235, -3.2785606890683994e-05, 0.014020181261003017, -0.0067703439854085445, 0.019619092345237732, -0.03873104602098465, -0.004140051547437906, 0.03162544220685959, -0.017918238416314125, 0.043143998831510544, -0.026567112654447556, 0.018773382529616356, -0.03486776724457741, 0.05332431197166443, -0.0131716039031744, 0.04573439806699753, 0.025825606659054756, 0.018773425370454788, -0.050464730709791183, 0.008700522594153881, 0.028826985508203506, 0.04535210132598877, 0.013944411650300026, -0.01098505686968565, -0.016955949366092682, -0.004615724086761475, -0.02757418155670166, -0.02518969587981701, 0.005510684568434954, -0.06144360825419426, -0.017130974680185318, -0.05024125427007675, 0.0012485686456784606, 0.033650953322649, 0.012455220334231853, 0.007466430310159922, -0.004998445976525545, -0.05316275730729103, -0.034962549805641174, -0.012215333059430122, -0.013833556324243546, 0.03766563534736633, -0.01634732447564602, 0.00823065172880888, 0.027968009933829308, 0.06794548034667969, 0.016794530674815178, 0.016539542004466057, -0.005143354646861553, -0.03080120123922825, 0.020448172464966774, -0.00017010078590828925, -0.04854050651192665, -0.017437292262911797, 0.01079635787755251, 0.008787564001977444, -0.011341041885316372, 0.00383915938436985, 0.023886453360319138, -0.03923990577459335, -0.0006994032301008701, 0.05189976841211319, -0.026974067091941833, 0.03051403909921646, -0.011223841458559036, 0.024569496512413025, -0.026213068515062332, 0.010787589475512505, -0.04574161767959595, -0.05416036769747734, -0.0040230224840343, 0.02166004292666912, 0.0031068166717886925, -0.03565564379096031, -0.0213627889752388, 0.023926496505737305, -0.016697384417057037, 0.019633909687399864, -0.03927331790328026, -0.021626707166433334, 0.015101197175681591, -0.039576806128025055, 0.029750928282737732, -0.05350634828209877, 0.02487100474536419, 0.0037631867453455925, 0.014666675589978695, 0.029911793768405914, -0.01976754143834114, -0.016964834183454514, 0.010709095746278763, -0.0015683395322412252, 0.0133412666618824, 0.0027047717012465, -0.01779407076537609, 0.022725697606801987, 0.05079321935772896, 0.01037649717181921, -0.0032524873968213797, -0.04577910527586937, -0.026948407292366028, 0.06883171945810318, -0.0591338612139225, 0.03567829355597496, -0.022277990356087685, -0.004984650760889053, -0.0025410770904272795, -0.005716292653232813, -0.018985925242304802, 0.03432222455739975, -0.054355863481760025, 0.025449393317103386, -0.007380468770861626, -0.04385862126946449, 0.000723480072338134, 0.02870900183916092, 0.0488099679350853, -0.03144228458404541, -0.033885154873132706, 0.053369998931884766, 0.004303919617086649, 0.002250433899462223, 0.011000384576618671, 0.016331173479557037, 0.015030345879495144, -0.007095708046108484, -0.018065696582198143, -0.03798043727874756, -0.030146237462759018, 0.03491085022687912, 0.05484379827976227, 0.009345399215817451, 0.017390411347150803, 0.04022634029388428, 0.01423574984073639, 0.007041577715426683, 0.009562713094055653, -0.0040324367582798, 0.012527932412922382, -0.030847175046801567, 0.006165261380374432, 0.005751621909439564, -0.01172663178294897, -0.05815986543893814, 0.0018451857613399625, -0.029985249042510986, -0.0042120954021811485, 0.0865657776594162, 0.010994729585945606, -0.006111491937190294, 0.022271035239100456, 0.02684653177857399, 0.0034915879368782043, 0.061285506933927536, -0.018862318247556686, 0.0021202571224421263, -0.03422902524471283, 0.040177442133426666, -0.02459460310637951, -0.0273829884827137, 0.02428494393825531, 0.05310279130935669, -0.03755992278456688, -0.003966879565268755, 0.029366154223680496, 0.01776568964123726, -0.15067216753959656, -0.012028759345412254, 0.06072161719202995, 0.00654137646779418, -0.0076570576056838036, 0.01301630586385727, -0.05901087448000908, 0.016355544328689575, -0.0028621910605579615, 0.039680831134319305, -0.019653011113405228, -0.058027349412441254, -0.016408175230026245, -0.017843712121248245, -0.0032308350782841444, 0.046299491077661514, -0.04106816649436951, -0.007767413277179003, -0.010501178912818432, -0.05596837401390076, -0.027104659005999565, -0.020657328888773918, 0.03460359945893288, -0.004309475421905518, -0.009367273189127445, -0.020234977826476097, 0.032716456800699234, -0.003188908565789461, -0.004820740316063166, 0.024937903508543968, -0.02738964557647705, -0.0214461050927639, -0.0017908974550664425, -0.012142573483288288, 0.024270057678222656, 0.045756492763757706, 0.025100577622652054, -0.016181107610464096, -0.005582393147051334, -0.038337673991918564, 0.02940324693918228, 0.0644606426358223, -0.026525143533945084, -0.027864277362823486, 0.05369831621646881, -0.010579235851764679, 0.03290923312306404, -0.03697798401117325, -0.02509566769003868, -0.04623119533061981, 0.0042310841381549835, 0.005539359524846077, -0.014990989118814468, -0.04013044014573097, -0.03841181471943855, 0.034752797335386276, 0.031283799558877945, 0.01774587482213974, -0.004740527831017971, -0.014010503888130188, -0.03424030542373657, -0.05160030350089073, 0.05440782755613327, 0.03657693788409233, -0.017611123621463776, 0.00679402332752943, 0.018334422260522842, -0.0077954852022230625, 0.008900376036763191, -0.021005623042583466, 0.0473017543554306, -0.028106873854994774, 0.014895997941493988, -0.010907895863056183, -0.012978635728359222, 0.0037354615051299334, -0.0396084263920784, -0.033690523356199265, 0.030684327706694603, -0.10657432675361633, 0.03624594211578369, 0.01459179911762476, 0.014514190144836903, 0.024053310975432396, -0.04996578395366669, 0.027839934453368187, -0.01714121177792549, -0.028173888102173805, 0.016444379463791847, 0.2671642601490021, 0.0034428220242261887, 0.00938498880714178, 0.017243927344679832, 0.045520078390836716, -0.033469781279563904, 0.04751810431480408, 0.013949135318398476, 0.04663337022066116, -0.06465689837932587, -0.0037924530915915966, -0.015183385461568832, -0.031980909407138824, -0.0003640665381681174, -0.021799292415380478, 0.039326854050159454, -0.04421680048108101, 0.04489034041762352, 0.053939830511808395, -0.05782540142536163, 0.009425420314073563, -0.050342682749032974, 0.005565237253904343, -0.013222390785813332, -0.09495177119970322, -0.02814505808055401, -0.009607918560504913, -0.021765848621726036, 0.0034311122726649046, 0.0293610580265522, -0.05053606256842613, 0.04524204134941101, 0.04153693467378616, -0.04136400297284126, -0.03823646903038025, -0.020507529377937317, 0.024464258924126625, -0.01278140489012003, 0.00442531006410718, 0.014514770358800888, -0.005395480897277594, -0.001403072034008801, 0.018572920933365822, 0.030384713783860207, -0.02351124957203865, -0.039979733526706696, -0.008531365543603897, -0.0013828998198732734, -0.015044390223920345, -0.02044556848704815, -0.005947093479335308, -0.04004449024796486, -0.015442346222698689, 0.0019330920185893774, 0.004116674419492483, -0.01934904418885708, -0.0010878745233640075, 0.00034886313369497657, 0.03489696979522705, 0.028090208768844604, 0.038717471063137054, 0.004384004510939121, -0.02347351796925068, 0.016458725556731224, -0.03796245902776718, -0.0007357759168371558, 0.039235588163137436, -0.04825650155544281, 0.06313268095254898, 0.028633633628487587, -0.04343346133828163, 0.012829894199967384, 0.009980653412640095, -0.024755047634243965, -0.009433959610760212, -0.005584441591054201, 0.027022866532206535, 0.042148590087890625, -0.030138393864035606, 0.044495806097984314, -0.041244834661483765, 0.017719140276312828, -0.041718825697898865, 0.05201409012079239, 0.015413396060466766, -0.02071375772356987, 0.03965848684310913, 0.04671210050582886, -0.03362829610705376, -0.03337521106004715, -0.02671663649380207, 0.011050734668970108, 0.005288554821163416, 0.045029167085886, -0.009364694356918335, 0.013022557832300663, -0.007145632058382034, -0.03508921340107918, -0.04110049456357956, 0.023735444992780685, -0.00493902713060379, 0.001397725660353899, 0.011099775321781635, -0.03216787055134773, -0.008950752206146717, -0.07542684674263, -0.010528800077736378, -0.0037944698706269264, 0.01936279609799385, -0.018417704850435257, -0.028586968779563904, -0.00714949332177639, 0.02097528800368309, -0.0280265174806118, -0.028438372537493706, 0.024184152483940125, 0.04897981882095337, 0.0022079008631408215, 0.04185343161225319, 0.03342895954847336, 0.012122015468776226, -0.006649017799645662, -0.03599587455391884, 0.02221168391406536, -0.018889576196670532, -0.04420972988009453, -0.036583900451660156, 0.04045647382736206, -0.016947520896792412, 0.002411820460110903, 0.06026897951960564, -0.02827051840722561, -0.03669779375195503, 0.023508120328187943, 0.020414376631379128, 0.026270253583788872, 0.04563181474804878, 0.03196515515446663, 0.0007189342868514359, 0.0107809416949749, -0.039032045751810074, -0.03677979111671448, 0.02421668916940689, -0.03402971476316452, 0.022367611527442932, 0.030222920700907707, -0.014970284886658192, -0.00916436966508627, 0.006362839136272669, 0.028836028650403023, 0.028751563280820847, 0.07033707946538925, -0.003656766377389431, -0.05737696588039398, -0.015624591149389744, -0.06540904939174652, -0.013397209346294403, -0.014331175945699215, -0.019572600722312927, 0.0026318994350731373, 0.001652659266255796, 0.006479598581790924, -0.023069869726896286, 0.06502263993024826, -0.005252633709460497, 0.03267600014805794, -0.025942299515008926, 0.04310197755694389, 0.014356729574501514, 0.0014030213933438063, 0.008249734528362751, -0.03463281691074371, -0.049762971699237823, 0.04729684442281723, 0.022320806980133057, 0.002662940416485071, -0.05082137882709503, -0.011728801764547825, -0.012536855414509773, -0.0280055720359087, 0.005496491678059101, -0.03885047882795334, -0.015297875739634037, -0.03290979936718941, 0.04046478495001793, -0.004546353593468666, 0.006187891121953726, -0.03181339055299759, 0.025844285264611244, -0.015230420045554638, -0.03843246027827263, 0.1305377036333084, 0.001840383280068636, -0.013522178865969181, 0.037509795278310776, -0.023775706067681313, 0.050525784492492676, 0.01881822943687439, 0.008776022121310234, -0.018854184076189995, 0.010726393200457096, -0.0044456953182816505, 0.013207662850618362, 0.0013307981425896287, 0.028439749032258987, -0.025081638246774673, -0.008038702420890331, -0.003894123714417219, -0.013918556272983551, 0.02442280203104019, -0.026165829971432686, 0.03653663396835327, -0.047964029014110565, -0.05802611634135246, 0.012098259292542934, -0.02179727330803871, 0.04353281110525131, 0.0068282680585980415, -0.008116722106933594, -0.01777125708758831, -0.04337988793849945, -0.004737382289022207, 0.030274605378508568, -0.028714224696159363, 0.011361156590282917, -0.005711944308131933, 0.014798179268836975, -0.009563477709889412, 0.02790549211204052, 0.007500266190618277, -0.006668739952147007, 0.026000289246439934, 3.8111291360110044e-05, -0.021300317719578743, -0.0009703752002678812, 0.047222238034009933, 0.0456799753010273, 0.012687914073467255, -0.0012995566939935088, 0.0030560975428670645, -0.023100150749087334, -0.008049053139984608, 0.052402887493371964, 0.021117938682436943, 0.0034682312980294228, 0.03536331653594971, -0.022228768095374107, -0.008422850631177425, 0.030956288799643517, 0.022994589060544968, -0.01668485254049301, -0.04189636558294296, 0.019971627742052078, 0.011459767818450928, 0.055527087301015854, -0.004841355141252279, -0.01055782288312912, -0.026707744225859642, 0.001476492383517325, -0.021738369017839432, -0.03251137584447861, 0.010483120568096638, 0.008795078843832016, 0.03110356628894806, -0.016114767640829086, -0.03272946923971176, 0.027862994000315666, -0.015214182436466217, -0.028229400515556335, -0.048412859439849854, -0.046616081148386, -0.001016151043586433, -0.0021056646946817636, -0.023372793570160866, -0.0038544631097465754, 0.02313031069934368, -0.010368297807872295, -0.01912051811814308, -0.026665864512324333, -0.046456217765808105, -0.026652967557311058, -0.010339846834540367, 0.02116762287914753, 0.026970582082867622, 0.009194258600473404, 0.046125397086143494, 0.04210423305630684, 0.010501254349946976, -0.035361871123313904, -0.05437658727169037, 0.0050243232399225235, -0.0033144494518637657, -0.045043446123600006, 0.005494350101798773, 0.020292701199650764, 0.005431103985756636, -0.029255539178848267, 0.03000744804739952, -0.01674468070268631, 0.00786283053457737, -0.002562504494562745, -0.03093375451862812, 0.03062303550541401, -0.024886006489396095, -0.0732375904917717, 0.02942158281803131, -0.02338450774550438, -0.004528799559921026, -0.0011126311728730798, -0.027565782889723778, -0.052773367613554, -0.0416872501373291, 0.04569422826170921, 0.034534383565187454, 0.021142438054084778, -0.014686153270304203, 0.05073636397719383, -0.06635080277919769, 0.005138615611940622, -0.017337633296847343, 0.0034305471926927567, -0.009660238400101662, -0.03408318758010864, 0.0004047608526889235, 0.005733069032430649, 0.00466565927490592, 0.05538897588849068, -0.028026776388287544, -0.0253592561930418, 0.007845900021493435, -0.03555813804268837, -0.008199693635106087, -0.038298748433589935, -0.03179306909441948, -0.032641615718603134, -0.04120480641722679, -0.02824617736041546, -0.042374249547719955, 0.017829066142439842, -0.027381794527173042, 0.016398783773183823, 0.0016142515232786536, 0.043136537075042725, -0.02419080026447773, 0.008536350913345814, 0.008464428596198559, 0.02043822593986988, -0.055523067712783813, -0.04274645447731018, -0.002927134046331048, 0.02989964559674263, 0.02040737122297287, -0.0075187478214502335, -0.05453648790717125, 0.014691329561173916, 0.03471297025680542, -0.011439410038292408, 0.010988689959049225, 0.0115624675527215, 0.059903424233198166, -0.02432202734053135, 0.04394310712814331, -0.03941565379500389, 0.026030315086245537, -0.0023218358401209116, 0.017714044079184532, 0.021665053442120552, -0.0002535145322326571, -0.019488835707306862, 0.008066383190453053, 0.006140940822660923, 0.017769156023859978, 0.010815050452947617, -0.0002477079106029123, 0.007883641868829727, 0.047026898711919785, 0.0017751929117366672, -0.004731803201138973, 0.0279865600168705, 0.022124815732240677, -0.0427045039832592, -0.014435871504247189, -0.013479940593242645, -0.04477304965257645, -0.031511083245277405, -0.015479767695069313, -0.001449662377126515, 0.017883697524666786, 0.02984108030796051, 0.03240416198968887, -0.018248897045850754, 0.01871521957218647, -0.02171623893082142, 0.015789583325386047, -0.1460655778646469, -0.013675807043910027, -0.008862780407071114, 0.0369463711977005, -0.023826519027352333, -0.03314300253987312, 0.01510599534958601, -0.0598355233669281, 0.007751451339572668, -0.02645733766257763, -0.0009141316404566169, -0.00461453665047884, 0.04400942847132683, -0.04546117037534714, 0.0015553230186924338, 0.023090895265340805, -0.024226125329732895, 0.0015954088885337114, -0.023115968331694603, -0.015573820099234581, 0.010303111746907234, 0.014752672985196114, -0.006876030005514622, 0.016054337844252586, -0.00627379072830081, 0.0005980688147246838, 0.025270821526646614, -0.009554344229400158, 0.03321424126625061, 0.02372235618531704, -0.030870581045746803, -0.014480584301054478, 0.0009531164541840553, 0.060229744762182236, 0.01098515372723341, 0.03256498649716377, -0.010464840568602085, 0.004885273054242134, -0.01925889402627945, 0.01585123874247074, 0.009719514288008213, 0.030518479645252228, -0.03824511170387268, -0.010543257929384708, 0.048205915838479996, 0.03160175308585167, 6.547663360834122e-05, -0.035929977893829346, -0.06190964952111244, -0.01572469249367714, -0.003397136926651001, 0.024732116609811783, -0.02876863069832325, 0.03957812488079071, 0.007940349169075489, 0.00526479771360755, -0.023009326308965683, -0.04174942523241043, -0.028255529701709747, 0.015115667134523392, -0.0323653370141983, 0.04802684113383293, -0.04327351599931717, -0.04559948295354843, -0.012999364174902439, 0.016977019608020782, -0.0018373843049630523, 0.04946437105536461, -0.0242095198482275, -0.054119501262903214, -0.0499541349709034, -0.02656668797135353, -0.03229644522070885, -0.03224346414208412, -0.010123701766133308, 0.000468951155198738, 0.020894883200526237, -0.007529187481850386, 0.0007282181177288294, -0.015491868369281292, -0.020479606464505196, -0.0007962776580825448, -0.020181193947792053, 0.060049835592508316, 0.09748969227075577, 0.013698045164346695, -0.01522870548069477, -0.010397780686616898, -0.05653943866491318, -0.0562620647251606, -0.021418310701847076, -0.02898206189274788, -0.0469190776348114, 0.009608875960111618, -0.012064449489116669, 0.0012862903531640768, -0.0035393554717302322, 0.03698302432894707, 0.010170374996960163, 0.0039755054749548435, -0.030867621302604675, -0.007078045979142189, 0.01475161500275135, -0.0018988794181495905, -0.00341877737082541, 0.01981421560049057, 0.013440198265016079, 0.05304921418428421, -0.022393077611923218, 0.003777968930080533, -0.04383265599608421, -0.01575453393161297, -0.032753489911556244, -0.01064340677112341, -0.053397368639707565, 0.02961026318371296, -0.01749858260154724, 0.006569331977516413, 0.016499392688274384, 0.028198476880788803, 0.007152091711759567, 0.04069030284881592, 0.010322344489395618, -0.01891426555812359, -0.005877479910850525, -0.03965824842453003, 0.04362104833126068, 0.03902565315365791, 0.011481722816824913, 0.0019787123892456293, -0.01541861705482006, -0.004945751745253801, -0.01770615763962269, -0.0016032604034990072, 0.020675979554653168, 0.018859833478927612, -0.00851659756153822, 0.047378864139318466, -0.04160628095269203, -0.01814814656972885, -0.025736000388860703, -0.012109596282243729, 0.027009304612874985, -0.07602354884147644, 0.00040626604459248483, 0.015901383012533188, -0.01121929008513689, -0.017167208716273308, -0.01182773057371378, 0.009712917730212212, -0.02793874405324459, 0.0059422217309474945, -0.009321657009422779, 0.008112381212413311, -0.037030093371868134, 0.011229573749005795, -0.011337983421981335, 0.01693032495677471, -0.030139293521642685, 0.015384074300527573, -0.00127305812202394, -0.02470479905605316, -0.03133976459503174, 0.02010297030210495, 0.019344987347722054, 0.01927950233221054, -0.0022055369336158037, 0.009094973094761372, -0.018338724970817566, 0.015106454491615295, -0.010878024622797966, 0.03672831133008003, -0.028167469426989555, 0.005071224644780159, 0.02719622291624546, -0.052434395998716354, 0.012777825817465782, -0.01644003391265869, 0.05626050382852554, 0.005767276044934988, 0.020214945077896118, 0.016289787366986275, 0.050076454877853394, 0.010242504999041557, 0.022832734510302544, -0.0016219747485592961, 0.0014419261133298278, -0.02045736089348793, 0.013105195946991444, 0.035621222108602524, -0.04744045436382294, 0.004630770068615675, 0.004732711240649223, 0.0037080624606460333, 0.003966327756643295, -0.022519420832395554, 0.012960160151124, -0.0031204428523778915, 0.040421757847070694, 0.053240347653627396, -0.029344972223043442, 0.013276697136461735, 0.034108929336071014, 0.006609498988837004, -0.024710698053240776, -0.02173585444688797, -0.027195390313863754, -0.004111332353204489, -0.005750318523496389, 0.028632042929530144, -0.003357350593432784, 0.005655617453157902, 0.0031231686007231474, 0.02664211019873619, -0.018517034128308296, -0.016317982226610184, 0.006935624405741692, 0.023542091250419617, 0.027586277574300766, -0.01455129124224186, 0.06388899683952332, 0.0177414882928133, -0.024780552834272385, 0.010717494413256645, -0.03588540479540825, -1.4033172192284837e-05, -0.03253660723567009, 0.020524566993117332, -0.020181622356176376, 0.0023355847224593163, -0.028711888939142227, 0.03378157690167427, 0.00012927055649925023, 0.030319474637508392, 0.02409198321402073, 0.01705923303961754, 0.037124380469322205, 0.005247897002846003, 0.0038614091463387012, -0.02409948967397213, 0.014373410493135452, -0.013427754864096642, 0.0046354783698916435, 0.008861375041306019]",,
15_1_0_errors_fast_refresh_reload_mdx,document,,Fast Refresh had to perform full reload,,{'related_links': []},15.1.0,"## Why This Error Occurred

Fast Refresh had to perform a full reload when you edited a file. It may be because:

- The file you're editing might have other exports in addition to a React component.
- Your React component is an anonymous function.
- The component name is in camelCase and not PascalCase, for example `textField` instead of `TextField`.

## Possible Ways to Fix It

- Move your other exports to a separate file.
- Use a named function for your React component.
- Rename your component name to pascal case.

## Useful Links

- [Fast Refresh documentation](/docs/architecture/fast-refresh)",,"[(np.int64(6), np.float64(0.06171499192714691)), (np.int64(47), np.float64(0.08057782053947449)), (np.int64(456), np.float64(0.12900599837303162)), (np.int64(1902), np.float64(0.14285734295845032)), (np.int64(4393), np.float64(0.17230583727359772)), (np.int64(25290), np.float64(0.2155604362487793)), (np.int64(51339), np.float64(0.12907858192920685)), (np.int64(63033), np.float64(0.2628285884857178)), (np.int64(238781), np.float64(0.3238920569419861))]","[0.017622876912355423, 0.03367089852690697, -0.004530430305749178, 0.0011712709674611688, 0.0038558871019631624, -0.048633601516485214, 0.03974360227584839, 0.028978073969483376, -0.019168522208929062, 0.01017804816365242, 0.01474106777459383, -0.020994029939174652, -0.019704731181263924, 0.05136287212371826, -0.016408506780862808, -0.03431054204702377, -0.014863586984574795, 0.042856261134147644, 0.046241458505392075, 0.009140732698142529, 0.00479608029127121, 0.003223439445719123, 0.0049824826419353485, -0.041964344680309296, -0.01692606694996357, 0.027530409395694733, -0.036085668951272964, -0.008297967724502087, 0.023021474480628967, -0.016591349616646767, 0.005679115187376738, -0.027672693133354187, -0.006890163756906986, -0.022425111383199692, -0.03739524260163307, -0.02027917094528675, 0.008413005620241165, -0.04925946146249771, -0.021143175661563873, -0.01106251310557127, -0.04668963700532913, 0.02156381867825985, 0.011917970143258572, -0.04355591535568237, -0.02052575722336769, -0.0009648808627389371, 0.02204928919672966, -0.002460839692503214, -0.013103224337100983, -0.03677273541688919, -0.022482970729470253, -0.028290584683418274, 0.001143222558312118, -0.047043707221746445, -0.009695534594357014, -0.002605531131848693, -0.013678217306733131, -0.005436847917735577, -0.03738250955939293, 0.014800786040723324, -0.032359108328819275, -0.020464899018406868, 7.03931218595244e-05, -0.01863144338130951, 0.007940811105072498, 0.09611422568559647, 0.015216081403195858, 0.04640195518732071, -0.012129251845180988, -0.04144325852394104, 0.0018093190155923367, -0.014299257658421993, -0.03582186624407768, -0.03887473791837692, -0.04460395500063896, 0.06257593631744385, 0.07145743817090988, -0.02186444401741028, -0.06547240167856216, -0.0361848846077919, 0.023769473657011986, 0.004513404332101345, 0.0349174439907074, 0.018703468143939972, 0.011070170439779758, -0.016997797414660454, -0.005500365514308214, 0.03192829713225365, 0.029626496136188507, 0.0027457205578684807, 0.01980864629149437, -0.009880755096673965, 0.033010177314281464, -0.021039891988039017, -0.01592901721596718, 0.03640095144510269, -0.027776243165135384, -0.02147563546895981, 0.05118606984615326, -0.033769380301237106, 0.01932566799223423, 0.001290858257561922, -0.016901236027479172, -0.011359423398971558, 0.08534809201955795, 0.0028902168851345778, 0.01148566510528326, 0.00559467077255249, 0.012183144688606262, -0.006903754081577063, 0.025128483772277832, 0.0077360887080430984, -0.006602332927286625, -0.0033594488631933928, 0.009304700419306755, 0.006935640703886747, 0.009642298333346844, -0.004477078095078468, 0.05964526906609535, 0.030826352536678314, 0.007114497013390064, 0.061331722885370255, 0.03475341200828552, -0.002237834967672825, 0.005159758031368256, 0.0040749190375208855, -0.0034837385173887014, 0.007962571457028389, -0.01295743603259325, 0.025669246912002563, 0.00993564072996378, 0.05576177313923836, -0.03489956259727478, 0.023757871240377426, -0.04846098646521568, 0.035561926662921906, -0.024660678580403328, 0.06774769723415375, 0.030371597036719322, -0.04622054845094681, 0.05273519083857536, 0.014006661251187325, -0.006447714753448963, 0.001529001398012042, -0.0018011536449193954, -0.03393397107720375, 0.04758432134985924, 0.0021056747063994408, 0.00992663111537695, -0.013781661167740822, -0.012441443279385567, 0.006788254249840975, -0.030552340671420097, -0.023014836013317108, 0.03486720472574234, -0.05808349698781967, 0.009966070763766766, 0.039317984133958817, -0.008241774514317513, 0.001748272916302085, -0.031481754034757614, 0.023951100185513496, -0.05542933940887451, -0.018501900136470795, 0.015497295185923576, 0.023877272382378578, -0.03014431893825531, -0.005240457132458687, -0.029698027297854424, -0.02010660246014595, 0.0273902527987957, -0.031211210414767265, 0.013714470900595188, -0.031169775873422623, -0.006312892306596041, 0.019878901541233063, 0.050676379352808, 0.02661745250225067, 0.026362987235188484, -0.01570224016904831, -0.047811996191740036, 0.012653647921979427, -0.0030654463917016983, -0.055639807134866714, -0.026997245848178864, 0.006483639124780893, 0.017161061987280846, -0.006711216177791357, -0.034166138619184494, -0.012514538131654263, -0.060942769050598145, 0.002175672212615609, 0.026547322049736977, 0.025906560942530632, 0.0010605085408315063, -0.033161625266075134, 0.04430578276515007, -0.03466931730508804, 0.01862349547445774, 0.010812386870384216, 0.02391761727631092, 0.02160218544304371, 0.03156251087784767, -0.00401913421228528, 0.013994871638715267, 0.009167075157165527, 0.0008246898651123047, -0.10948244482278824, 0.04896530508995056, -0.008978859521448612, -0.0014723649946972728, -0.02969907969236374, -0.027199499309062958, 0.030643384903669357, -0.07840637862682343, 0.0538649819791317, 0.02266574837267399, 0.02407473511993885, -0.01831187680363655, -0.023722587153315544, -0.035285584628582, -0.009523934684693813, -0.023872241377830505, 0.017684591934084892, 0.02246083877980709, 0.04903429374098778, 0.019298160448670387, 0.0253538116812706, 0.00856904685497284, -0.007856043055653572, 0.01435111928731203, -0.010938983410596848, 0.03386087715625763, 0.02002102881669998, 0.08124126493930817, -0.029657406732439995, 0.006515895016491413, 0.019666362553834915, 0.0036341468803584576, 0.002479278016835451, 0.006040596403181553, -0.040329620242118835, 0.03063827194273472, 0.010504624806344509, -0.045692890882492065, 0.01673063635826111, -0.01566862314939499, -0.0066519491374492645, -0.03989174962043762, -0.05001867935061455, 0.005073452368378639, 0.013116653077304363, 0.0005006070132367313, -0.011976390145719051, -0.004433935042470694, -0.0075426832772791386, -0.002761003328487277, -0.005300162360072136, -0.009541340172290802, -0.005883060395717621, 0.03171050176024437, 0.023415787145495415, -0.012954866513609886, -0.0025619526859372854, -0.0063035921193659306, -0.002975116018205881, -0.023415368050336838, -0.03195643797516823, 0.0011287577217444777, 0.010976207442581654, -0.038764309138059616, -0.019037291407585144, 0.030135851353406906, 0.006789342500269413, 0.03526611998677254, 0.020460939034819603, -0.021565217524766922, 0.028923962265253067, 0.09804088622331619, 0.02424785867333412, -0.00041055146721191704, 0.052480559796094894, 0.03331827372312546, -0.01608468033373356, 0.028695126995444298, -0.018766943365335464, -0.023175586014986038, -0.058450210839509964, 0.01980367675423622, 0.006541399285197258, -0.035250473767519, -0.042082399129867554, 0.04093271866440773, -0.0024795879144221544, 0.03254544734954834, 0.0012394061777740717, 0.02525542490184307, -0.15527111291885376, -0.03642793744802475, 0.0015179675538092852, -0.06899233162403107, 0.0036047538742423058, 0.03389779478311539, -0.037484996020793915, -0.02601725235581398, 0.008122803643345833, 0.01789899729192257, -0.00833335891366005, -0.04669608175754547, -0.02548251301050186, -0.005069362465292215, -0.02022021822631359, 0.012490850873291492, -0.04248269647359848, 0.024996772408485413, 0.024577287957072258, -0.04145064204931259, -0.030917169526219368, 0.029313864186406136, 0.006568718235939741, -0.04317981377243996, -0.026943663135170937, -0.025403406471014023, 0.004850924946367741, -0.027784761041402817, -0.016044121235609055, -0.009544233791530132, -0.06389494985342026, -0.01022662129253149, 0.005999790504574776, 0.005612584762275219, -0.0037077609449625015, 0.03542523831129074, 0.0028485278598964214, -0.01775355264544487, -0.03174293786287308, -0.00704507390037179, -0.019263330847024918, 0.0342288576066494, 0.015673037618398666, 0.02297133579850197, 0.011346456594765186, 0.018784431740641594, 0.06275705993175507, -0.008160978555679321, -0.03011169843375683, -0.011640864424407482, -0.01382348220795393, 0.015307234600186348, 0.026162223890423775, 0.008460686542093754, -0.009298955090343952, -0.005085112992674112, -0.018022634088993073, 0.02116113342344761, -0.008631999604403973, 0.01367933303117752, 0.008659741841256618, -0.00022680970141664147, 0.02467941865324974, -0.008436184376478195, -0.06610897183418274, 0.025715293362736702, -0.01564546301960945, -0.020636603236198425, 0.038860537111759186, -0.033190567046403885, 0.032245196402072906, 0.001550638466142118, 0.0037341455463320017, -0.015981443226337433, -0.01597461849451065, 0.04531770572066307, 0.0052878400310873985, 0.012757326476275921, -0.021081402897834778, -0.09449942409992218, 0.010405577719211578, -0.027427179738879204, -0.011772053316235542, 0.015007012523710728, -0.021585732698440552, -0.006256572436541319, 0.02686549723148346, 0.037361618131399155, 0.04281208664178848, 0.20907969772815704, 0.044991545379161835, -0.01002818625420332, 0.008499128744006157, 0.04329501837491989, -0.035132259130477905, 0.03806465119123459, 0.040241774171590805, 0.04372444748878479, -0.038022223860025406, -0.0025812408421188593, 0.07067541033029556, 0.015103930607438087, 0.02764969877898693, -0.002446326892822981, 0.02937411703169346, -0.009306737221777439, 0.04657633230090141, 0.0809701606631279, -0.051259491592645645, 0.017342913895845413, 0.001427678856998682, 0.031238194555044174, 0.04602066054940224, -0.08440054953098297, -0.026879075914621353, -0.008879224769771099, -0.0042616925202310085, -0.06968234479427338, 0.048511408269405365, -0.04380029812455177, -0.007235112600028515, 0.06172870099544525, -0.020003480836749077, -0.02705189771950245, 0.012733914889395237, 0.049893490970134735, 0.03173330798745155, -0.010871697217226028, 0.04320121556520462, -4.157447619945742e-05, -0.014363566413521767, -0.014824516139924526, 0.008796134032309055, -0.012503371573984623, -0.03983306884765625, -0.038765210658311844, -0.026396796107292175, 0.007406820077449083, -0.04123368859291077, -0.009369311854243279, -0.02054816484451294, -0.010080049745738506, -0.007922815158963203, 0.005109688267111778, -0.022349538281559944, -0.025273295119404793, 0.0013136512134224176, -0.012028022669255733, 0.03312317654490471, -0.030059313401579857, 0.039038483053445816, -0.04490599408745766, 0.037731707096099854, -0.024087611585855484, 0.027758082374930382, 0.007224042899906635, -0.016124028712511063, -0.02314944937825203, 0.07213817536830902, 0.011224854737520218, -0.0027320096269249916, 0.00981215387582779, -0.012201971374452114, 0.006800507660955191, -0.020204737782478333, -0.006076565943658352, 0.024518603459000587, -0.06274698674678802, 0.009998008608818054, -0.023454410955309868, 0.016029229387640953, -0.032997675240039825, 0.0011965391458943486, 0.0007951829466037452, 0.0014527131570503116, 0.04587508365511894, 0.0436895377933979, -0.057328931987285614, -0.009961762465536594, -0.05975217744708061, 0.013858191668987274, -0.042360544204711914, 0.018811164423823357, -0.00014037037908565253, 0.048667918890714645, -0.008535576984286308, -0.029258405789732933, -0.006753362249583006, -0.026298951357603073, -0.02794044092297554, -0.024652782827615738, 0.03925585374236107, -0.021544788032770157, 0.04127661511301994, -0.06803560256958008, 0.009061015211045742, -0.009352424181997776, -0.02777497097849846, 0.024656224995851517, 0.003941270988434553, 0.01673027314245701, 0.0017299986211583018, -0.012147478759288788, -0.006521850358694792, 0.027272246778011322, 0.023367684334516525, 0.027750369161367416, 0.03980838134884834, 0.07041990756988525, -0.0026241412851959467, 0.017004385590553284, 0.0007830694084987044, -0.006636062171310186, 0.015293319709599018, -0.02552507445216179, -0.018745534121990204, -0.0013060822384431958, -0.014453376643359661, 0.027939029037952423, -0.0033780878875404596, -0.00903400033712387, -0.02123739942908287, 0.04397031292319298, -0.004110198002308607, 0.010632728226482868, -0.028569061309099197, 0.0305124893784523, 0.00809601042419672, 0.040078505873680115, -0.05004381388425827, -0.01656411960721016, -0.017153972759842873, 0.009656453505158424, 0.034757304936647415, 0.031130528077483177, -0.054907746613025665, -0.007909175008535385, -0.02972269058227539, 0.0188736654818058, 0.0449509359896183, 0.049314357340335846, -0.00995037890970707, -0.006412215065211058, -0.03857128694653511, -0.02799779362976551, -0.001752957934513688, -0.00024613187997601926, -0.014435852877795696, -0.031113704666495323, 0.02551126480102539, -0.003047137288376689, 0.036657851189374924, 0.06633010506629944, 0.07196805626153946, -0.02007371000945568, -0.02592242695391178, 0.019466806203126907, 0.0075262137688696384, -0.021582411602139473, -0.021545251831412315, 0.028070054948329926, -0.01694454438984394, -0.0027058173436671495, -0.021887682378292084, 0.03311013802886009, -0.036341629922389984, 0.028913017362356186, -0.03320777043700218, -0.0294374730437994, 0.0009827879257500172, -0.00279655191116035, -0.07048952579498291, -0.026293206959962845, 0.007704530842602253, 0.03614922612905502, -0.002859006403014064, -0.005574971903115511, 0.03944346681237221, -0.038647525012493134, -0.0027263700030744076, 0.08986366540193558, -0.06470227241516113, 0.001778812031261623, 0.022890476509928703, 0.043638262897729874, 0.0967622920870781, -0.01808658055961132, 0.014799535274505615, -0.019435718655586243, -0.024448832497000694, -0.03949003666639328, -0.008919787593185902, 0.005164538975805044, -0.01024453155696392, -0.028586501255631447, -0.016944576054811478, -0.005610957741737366, -0.023554805666208267, 0.02440066821873188, -0.06281118094921112, 0.008695759810507298, 0.006693024653941393, -0.0055999793112277985, 0.023175181820988655, -0.03781413286924362, 0.067573681473732, 0.0013851015828549862, 0.0036260010674595833, 0.05669691413640976, -0.015790864825248718, -0.0036711383145302534, 0.004758893977850676, -0.01985599845647812, 0.002282921690493822, 0.023541271686553955, -0.013281936757266521, -0.05257866531610489, -0.009145412594079971, -0.04149254411458969, -0.00795929878950119, 0.030256684869527817, -0.012404761277139187, 0.0022500811610370874, 0.022801890969276428, 0.019146129488945007, 0.014896336942911148, 0.042761173099279404, -0.003489420283585787, -0.009116534143686295, -0.01416042447090149, -0.020324429497122765, 0.03496311977505684, 0.06151339039206505, -0.05668187886476517, 0.009484346024692059, -0.06442839652299881, -0.010062200017273426, -0.005979008972644806, 0.02238849736750126, 0.021058104932308197, 0.023199724033474922, 0.0396590530872345, -0.03811681643128395, -0.03153549134731293, 0.019086657091975212, -0.028763586655259132, -0.012654196470975876, -0.01919076032936573, -0.04117509350180626, -0.04919510334730148, -0.03279736638069153, 0.02140011079609394, -0.027515580877661705, -0.01968974620103836, -0.0679059624671936, 0.05969472974538803, -0.01479393895715475, 0.003167106769979, -0.02943488582968712, -0.029978113248944283, -0.034205809235572815, -0.014063643291592598, 0.006226157303899527, 0.01793847791850567, -0.016863379627466202, 0.04094657301902771, 0.008297149091959, -0.0025729560293257236, -0.013658419251441956, -0.0016134181059896946, -0.014616426080465317, 0.0015811851480975747, 0.08851973712444305, -0.00952998548746109, -0.03289142996072769, 0.06923367083072662, 0.02551221288740635, 0.011217203922569752, -0.023153075948357582, -0.018413683399558067, -0.00026989608886651695, -0.01256121788173914, -0.022145621478557587, -0.026016615331172943, -0.023306556046009064, -0.016451576724648476, 0.04369213432073593, 0.006289734970778227, 0.02586323954164982, -0.00863136351108551, -0.009115573018789291, -0.016679314896464348, -0.006827505771070719, -0.04030105471611023, 0.028477231040596962, 0.002550461096689105, -0.011682260781526566, 0.05241522192955017, 0.019899487495422363, 0.016840878874063492, -0.045946117490530014, -0.008525080978870392, 0.06536577641963959, 0.04762638732790947, -0.04193514585494995, 0.0035716728307306767, -0.032679297029972076, -0.03624587133526802, 0.007747387047857046, 0.06730054318904877, -0.02278250828385353, -0.03613321855664253, -0.013190830126404762, -0.014546243473887444, 0.000626112800091505, -0.008146547712385654, -0.05573134496808052, -0.014815726317465305, 5.44566228199983e-06, 0.012218375690281391, -0.044347647577524185, 0.035091932862997055, -0.038114044815301895, 0.019041884690523148, 0.013698123395442963, -0.0042680236510932446, -0.012647009454667568, 0.038432762026786804, 0.007010289933532476, -0.004396530333906412, -0.01682819053530693, 0.011442050337791443, -0.020139232277870178, -0.005626593716442585, -0.020655091851949692, -0.002714514033868909, 0.029043639078736305, 0.005697507876902819, -0.0003834376693703234, 0.015450535342097282, -0.026296330615878105, -0.005615634843707085, -0.03233334794640541, 0.0072949775494635105, -0.05646434798836708, -0.029255149886012077, 0.04175064340233803, -0.009481907822191715, 0.06775546073913574, -0.020106373354792595, 0.07357157766819, -0.04178530350327492, -0.013517821207642555, 0.018873050808906555, 0.04618449509143829, 0.00963482353836298, -0.01989651657640934, -0.05082998424768448, -0.007633385714143515, -0.020258082076907158, 0.005962449125945568, 0.005379890091717243, 0.016977760940790176, 0.00015125643403735012, 0.043421801179647446, -0.04115527123212814, 0.017144551500678062, 0.005014368798583746, -0.015045302920043468, -0.01615528017282486, -0.05789101496338844, -0.026225106790661812, -0.01062452606856823, -0.011646991595625877, -0.004148567095398903, -0.00914036389440298, -0.0059107025153934956, -0.042555928230285645, -0.030438905581831932, -0.009462723508477211, 0.0164190661162138, -0.038496483117341995, -0.015639711171388626, -0.12193936854600906, 0.007584801409393549, -0.014218002557754517, 0.014985045418143272, -0.011447428725659847, -0.025624973699450493, 0.0033952153753489256, -0.013555929064750671, 0.012983126565814018, -0.002865905873477459, -0.07888657599687576, -0.02851884998381138, 0.041944243013858795, -0.015941433608531952, -0.011998516507446766, 0.0020872915629297495, -0.013954920694231987, 0.007738239597529173, 0.021940676495432854, 0.020777560770511627, -0.015372016467154026, -0.012786460109055042, -0.011679152026772499, -0.08187878876924515, -0.0259937085211277, -0.0031673479825258255, -0.004228775855153799, -0.00030550872907042503, -0.014227569103240967, -0.020231854170560837, 0.014829684980213642, 0.0016770620131865144, 0.023152349516749382, 0.010703188367187977, -0.04931231215596199, -0.0527849979698658, 0.003609895473346114, 0.012230070307850838, -0.003930564969778061, -0.041061047464609146, 0.00019166107813362032, 0.027744311839342117, 0.005962767172604799, -0.032827794551849365, 0.039475973695516586, 0.08421913534402847, 0.004317368846386671, 0.007218752056360245, -0.0363384410738945, -0.0442458912730217, -0.006379933562129736, 0.023880397900938988, 0.008887061849236488, -0.0019205090356990695, 0.03223293274641037, 0.01500051748007536, -0.03662102669477463, 0.02230033092200756, -0.04245982691645622, 0.03529923036694527, -0.01255678292363882, -0.003161181230098009, -0.04132974147796631, -0.057054247707128525, 0.006288090255111456, 0.015912767499685287, -0.07230906933546066, 0.012539485469460487, -0.016352670267224312, 0.038555875420570374, -0.005052907858043909, -0.040638621896505356, -0.0104993199929595, -0.015849925577640533, 0.023703251034021378, 0.01613502949476242, 0.02748090960085392, -0.0756659135222435, -0.004141480661928654, 0.013668852858245373, 0.005537034012377262, -0.022467590868473053, -0.06454453617334366, 0.002011349657550454, 0.022719405591487885, 0.006539315916597843, -0.048720650374889374, 0.0016776315169408917, 0.05702084302902222, 0.0010610378812998533, -0.02115505374968052, -0.007173466961830854, -0.0027566293720155954, 0.03294476494193077, 0.05915999040007591, 0.0349557138979435, 0.02158801071345806, 0.015588550828397274, 0.003682891372591257, -0.017662134021520615, -0.004732197616249323, -0.0240985918790102, 0.002934663789346814, 0.030543483793735504, -0.020822569727897644, 0.08075616508722305, 0.035485949367284775, 0.021989423781633377, 0.0010544669348746538, -0.00650092214345932, 0.004418570548295975, 0.018910793587565422, 0.001164880464784801, -0.023609768599271774, -0.02530710957944393, 0.0067809694446623325, 0.028739754110574722, 0.017528071999549866, 0.01987552084028721, -0.008114954456686974, -0.024740073829889297, 0.0030791223980486393, -0.005294846836477518, -0.022419532760977745, -0.00943805556744337, 0.005834032315760851, 0.05782387778162956, -0.0037814630195498466, 0.020209359005093575, -0.01520807296037674, 0.017623526975512505, -0.060608599334955215, -0.010642534121870995, 0.0690489187836647, 0.05226350575685501, 0.02192443236708641, 0.0061719175428152084, 0.01134228054434061, -0.04460761696100235, -0.009409308433532715, 0.007352498825639486, -0.06895937770605087, 0.0023161815479397774, -0.027446193620562553, -0.00733181182295084, 0.007114149164408445, 0.04585105925798416, -0.004961066879332066, -0.02008359506726265, -0.000783695955760777, 0.03201264515519142, 0.01343617308884859, 0.028177553787827492, -0.006786346901208162, -0.023115117102861404, 0.01911795698106289, 0.00044220846029929817, -0.008152496069669724, -0.05128055810928345, 0.01569662056863308, -0.00020402413792908192, 0.01107688806951046, -0.011918365024030209, 0.016146183013916016, -0.01858140155673027, 0.03358938917517662, -0.005239979829639196, -0.024261701852083206, -0.006524204276502132, 0.0036988267675042152, -0.00109215104021132, 0.0518212765455246, -0.025083957239985466, -0.04780050367116928, -0.0013504531234502792, -0.050416361540555954, 0.026745053008198738, -0.02205362357199192, 0.01659754104912281, -0.019865117967128754, 0.005354714579880238, 0.02489902451634407, 0.01430235244333744, 0.014319511130452156, 0.033269573003053665, 0.02235589735209942, -0.032247744500637054, 0.0018414987716823816, 0.00353065668605268, -0.01831313781440258, 0.012455610558390617, -0.03461930900812149, 0.017034156247973442, 0.019890647381544113, 0.00280571891926229, 0.013698650524020195, -0.015664588660001755, 0.0005621142336167395, -0.01937977783381939, 0.08833422511816025, 0.027730192989110947, -0.011581541039049625, 0.03825234994292259, 0.01009282935410738, 0.0356568768620491, -0.0038560598623007536, -0.057994261384010315, 0.03766970336437225, -0.02946731634438038, 0.03979289159178734, -0.02340031787753105, 0.021851276978850365, -0.04096514731645584, -0.011046414263546467, -0.04611678794026375, -0.043766532093286514, 0.024506747722625732, -0.008725940249860287, 0.017544521018862724, 0.017774835228919983, 0.009937177412211895, 0.021283291280269623, -0.016681905835866928, -0.030951447784900665, 0.0005360539653338492, 0.006299983244389296, -0.024620013311505318, 0.014710268937051296, 0.006607893854379654, 0.04598755016922951, -0.05750008299946785, -0.036917395889759064, -0.02397368662059307, -0.00877337995916605, 0.020308280363678932, -0.01949719712138176, -0.029907766729593277, 0.06296474486589432, -0.0030844206921756268, 0.0389716699719429, -0.002599481726065278, 0.005224752705544233, -0.006764514837414026, 0.03708793222904205]",,
15_1_0_errors_fast_refresh_reload_mdx_section_1,section,15_1_0_errors_fast_refresh_reload_mdx,Fast Refresh had to perform full reload - Why This Error Occurred,,{},15.1.0,"Fast Refresh had to perform a full reload when you edited a file. It may be because:
The file you're editing might have other exports in addition to a React component.
Your React component is an anonymous function.
The component name is in camelCase and not PascalCase, for example `` instead of ``.
",,"[(np.int64(6), np.float64(0.024722561240196228)), (np.int64(47), np.float64(0.08050169050693512)), (np.int64(456), np.float64(0.12207652628421783)), (np.int64(1902), np.float64(0.12175659835338593)), (np.int64(3293), np.float64(0.13953378796577454)), (np.int64(4393), np.float64(0.19064244627952576)), (np.int64(25290), np.float64(0.21610069274902344)), (np.int64(44084), np.float64(0.1038644015789032)), (np.int64(51339), np.float64(0.14629827439785004)), (np.int64(63033), np.float64(0.2656508684158325)), (np.int64(64240), np.float64(0.08641611784696579)), (np.int64(212059), np.float64(0.23046483099460602)), (np.int64(238781), np.float64(0.3221420347690582))]","[0.01496046781539917, 0.023945005610585213, -0.004672541748732328, 0.0018215832533314824, 0.014233054593205452, -0.05321897938847542, 0.06559682637453079, 0.022787082940340042, -0.034036993980407715, 0.015591707080602646, 0.000380686076823622, -0.02053143084049225, -0.020392121747136116, 0.04418282210826874, -0.01713159866631031, -0.020294280722737312, -0.011075315065681934, 0.03476184606552124, 0.05212290957570076, -0.00660457881167531, 0.0004994606133550406, 0.006552074104547501, 0.004100413527339697, -0.034419041126966476, -0.005632359068840742, 0.030168035998940468, -0.028193196281790733, -0.004507949110120535, 0.02043023146688938, -0.02488933689892292, 0.013097122311592102, -0.02128065936267376, -0.0014496156945824623, -0.007383771240711212, -0.03303444758057594, -0.03735753148794174, -0.002469320548698306, -0.03841598704457283, -0.02177804708480835, -0.030688563361763954, -0.050728462636470795, 0.026515420526266098, 0.008063043467700481, -0.030871069058775902, -0.007495669182389975, -0.0025983036030083895, 0.020290205255150795, -0.0037978654727339745, -0.018603956326842308, -0.031244762241840363, 0.002128570107743144, -0.0229127649217844, -0.003057398833334446, -0.04834927245974541, -0.014784757979214191, -0.006127751432359219, -0.01710142008960247, -0.018193094059824944, -0.04070658981800079, 0.019520651549100876, -0.008669031783938408, -0.019619697704911232, 0.0104423388838768, -0.02048775926232338, -0.0022322048898786306, 0.11307351291179657, 0.013346659019589424, 0.05580566078424454, -0.009576869197189808, -0.0534341000020504, -0.003298720810562372, -0.010601700283586979, -0.016799267381429672, -0.04309477284550667, -0.03729115426540375, 0.06773290783166885, 0.06340979784727097, -0.032140932977199554, -0.07309641689062119, -0.015421255491673946, 0.03894568607211113, 0.0268696341663599, 0.04386043921113014, 0.013039477169513702, 0.0034237373620271683, -0.009775238111615181, -0.0033426007721573114, 0.027304818853735924, 0.018703466281294823, 0.010519970208406448, 0.007429538294672966, -0.005081746261566877, 0.032862935215234756, -0.019810358062386513, -0.037870459258556366, 0.03149406611919403, -0.02192855440080166, -0.008190542459487915, 0.03917638584971428, -0.03025008924305439, 0.013390764594078064, 0.012955473735928535, -0.01241050474345684, -0.002026350237429142, 0.09513355791568756, -0.005071335472166538, -0.0012542098993435502, 0.017946699634194374, -0.0015506008639931679, 0.0018243353115394711, 0.034030523151159286, 0.019112443551421165, -0.000582789711188525, -0.002694087103009224, 0.017160898074507713, 0.008001783862709999, 0.005411840509623289, -0.0037682049442082644, 0.041819144040346146, 0.03818444162607193, 0.0029020856600254774, 0.05554302781820297, 0.022163288667798042, -0.0019851871766149998, 0.014875642023980618, 0.0020706995856016874, 0.00697599072009325, 0.012082258239388466, -0.01300731673836708, 0.021256566047668457, -0.00863744132220745, 0.05569406598806381, -0.02586262673139572, 0.013290050439536572, -0.05484917387366295, 0.015807747840881348, -0.020294195041060448, 0.06838294118642807, 0.028101792559027672, -0.024644725024700165, 0.05703693628311157, 0.014032852835953236, -0.008315585553646088, 0.005256202537566423, 0.0038369400426745415, -0.022229928523302078, 0.03899732232093811, 0.02110029198229313, -0.003185147186741233, -0.025931818410754204, -0.008204426616430283, -0.00223519210703671, -0.03988638147711754, -0.02503971941769123, 0.04700644686818123, -0.05164555087685585, 0.027528105303645134, 0.046923503279685974, -0.02065221779048443, 0.024324456229805946, -0.006722842808812857, 0.010209931060671806, -0.04264626279473305, -0.031575389206409454, 0.013134120032191277, 0.01371766533702612, -0.0340583473443985, 0.0032430458813905716, -0.031708795577287674, -0.0192716047167778, 0.012561114504933357, -0.028856316581368446, 0.011799451895058155, -0.02391921542584896, -0.00010654821380740032, 0.01925531215965748, 0.062380582094192505, 0.01890246942639351, 0.018090739846229553, -0.01660214550793171, -0.03758956119418144, 0.012443514540791512, -0.00611945940181613, -0.0423591248691082, -0.018147040158510208, 0.0005192106473259628, -0.01013313326984644, -0.005737271159887314, -0.024934696033596992, -0.015341348946094513, -0.05293761193752289, 0.0014963126741349697, 0.018557673320174217, 0.02887067012488842, 0.006835448555648327, -0.02441558614373207, 0.034253038465976715, -0.03472047671675682, -0.002524194773286581, -7.177858060458675e-05, 0.026877544820308685, 0.013152239844202995, 0.047863706946372986, 0.0030157456640154123, 0.009500616230070591, 0.003441402455791831, -0.028078923001885414, -0.10518563538789749, 0.03793904185295105, -0.017652027308940887, 0.0016034868312999606, -0.02307758666574955, -0.03308981657028198, 0.02183990553021431, -0.08379430323839188, 0.031410541385412216, 0.013952445238828659, 0.014529697597026825, -0.02965138852596283, -0.025011392310261726, -0.03909646347165108, -0.008039634674787521, -0.006965409033000469, 0.019703896716237068, 0.010047809220850468, 0.05112949013710022, 0.014001287519931793, 0.0139370271936059, 0.021581800654530525, 0.005851120222359896, 0.0027450770139694214, -0.01238634530454874, 0.030530579388141632, 0.036247555166482925, 0.07210803031921387, -0.03811550885438919, -0.008651678450405598, 0.027730857953429222, -0.010277239605784416, -0.007298117037862539, 0.0058440095745027065, -0.037350140511989594, 0.024489104747772217, 0.011815810576081276, -0.034424297511577606, 0.020827563479542732, -0.022852186113595963, -0.004058328457176685, -0.027074312791228294, -0.050468526780605316, 0.01816374436020851, 0.009391541592776775, -0.005336943082511425, 0.00026779124164022505, -0.012461245991289616, -0.008088295347988605, 0.008252779021859169, -0.009660521522164345, -0.018231356516480446, -0.012546787969768047, 0.023180225864052773, 0.02423017844557762, -0.004498918540775776, -0.002699588192626834, -0.012732168659567833, -0.014341223053634167, -0.014421342872083187, -0.03200918063521385, 0.0009130033431574702, 0.02075996808707714, -0.023371513932943344, -0.01694614067673683, 0.02589453011751175, 0.019050514325499535, 0.044498611241579056, 0.022062256932258606, -0.0302520003169775, 0.022600535303354263, 0.0976443737745285, 0.03373870253562927, 0.012192917056381702, 0.05649442970752716, 0.04370485246181488, 0.0197618268430233, 0.03820051997900009, -0.030972709879279137, -0.010371329262852669, -0.035556256771087646, 0.003858336014673114, 0.002235422609373927, -0.024542473256587982, -0.06153557822108269, 0.03979126363992691, -0.005572061985731125, 0.016263581812381744, -0.008953546173870564, 0.022613195702433586, -0.15538138151168823, -0.0208602212369442, 0.003524771425873041, -0.06774308532476425, 0.007354140281677246, 0.03515933081507683, -0.032576173543930054, -0.009272629395127296, 0.017451422289013863, 0.023918507620692253, -0.016640083864331245, -0.04414306581020355, -0.008415497839450836, -0.01406998373568058, -0.0240094643086195, 0.009210754185914993, -0.028029177337884903, 0.0288405641913414, 0.03869975358247757, -0.031465210020542145, -0.03309183940291405, 0.02560551092028618, 0.01938197761774063, -0.041234709322452545, -0.029305944219231606, -0.021129701286554337, 0.011392121203243732, -0.025066057220101357, -0.010679014027118683, -0.020093094557523727, -0.056550126522779465, 0.00873295497149229, 0.009258455596864223, 0.0279268566519022, -0.0013395200949162245, 0.019173944368958473, 0.021700935438275337, -0.006486793514341116, -0.03865585848689079, -0.012641099281609058, -0.02145337127149105, 0.03884955868124962, 0.02504214271903038, 0.039128098636865616, 0.012127213180065155, 0.02348111942410469, 0.0460149347782135, -0.01924789883196354, -0.017873799428343773, 0.0032838897313922644, -0.0027867869939655066, -0.002262307098135352, 0.03399773687124252, 3.024544639629312e-05, -0.028029533103108406, -0.01368393562734127, 0.010295369662344456, 0.015916572883725166, -0.0040339198894798756, 0.0228784941136837, 0.00279313325881958, 0.021844856441020966, 0.031592924147844315, 0.009403743781149387, -0.05809120088815689, 0.017378028482198715, -0.017213089391589165, -0.01316457986831665, 0.03594706580042839, -0.03542570397257805, 0.015745535492897034, 0.01814381033182144, 0.0036819090601056814, -0.016667231917381287, -0.01968231238424778, 0.03931758925318718, 0.0008436104981228709, 0.004113002680242062, -0.023547694087028503, -0.08290025591850281, 0.00551883690059185, -0.03168809041380882, -0.006874900311231613, 0.028986303135752678, -0.020240625366568565, -0.004086396656930447, 0.02934630587697029, 0.05125529319047928, 0.02749807760119438, 0.22987200319766998, 0.04792001098394394, -0.016744859516620636, 0.005280501674860716, 0.031151125207543373, -0.030449017882347107, 0.053992897272109985, 0.038963645696640015, 0.03133012354373932, -0.02872893027961254, -0.013121969066560268, 0.05813147872686386, 0.008378271944820881, 0.02641117572784424, -0.0021543458569794893, 0.04598863795399666, -0.013044165447354317, 0.03105022944509983, 0.086613729596138, -0.06114165857434273, 0.02232762984931469, 0.008083140477538109, 0.03569024056196213, 0.045856278389692307, -0.09893441200256348, -0.022224916145205498, 0.007215828634798527, -0.014329694211483002, -0.05946590378880501, 0.043497227132320404, -0.037294548004865646, -0.003604230238124728, 0.06331649422645569, -0.02539561502635479, -0.0038581949193030596, -0.008336937986314297, 0.05746947601437569, 0.03856504708528519, -0.013766549527645111, 0.050518523901700974, 0.00041280206642113626, -0.014064956456422806, -0.024872731417417526, -0.0043550459668040276, -0.008302838541567326, -0.04015877842903137, -0.037310317158699036, -0.032419975847005844, 0.01299713458865881, -0.03605881705880165, -0.017614545300602913, -0.02305801399052143, -0.006135282106697559, -0.021395869553089142, 0.021456385031342506, -0.01826470158994198, -0.03588924929499626, 0.011678159236907959, 0.0006318413070403039, 0.03614676371216774, -0.027814766392111778, 0.04141708090901375, -0.04508678987622261, 0.031407952308654785, -0.021772466599941254, 0.04756801202893257, 0.005071463994681835, -0.04882395267486572, -0.017220845445990562, 0.057677384465932846, 0.005293699912726879, 0.0066924630664289, 0.015007245354354382, -0.0038952070754021406, 0.020283972844481468, -0.0024838270619511604, -0.0032396542374044657, 0.010580716654658318, -0.04678334295749664, 0.012339258566498756, -0.021642740815877914, 0.01343083567917347, -0.020592404529452324, 0.004681621212512255, 0.003178135957568884, 0.0034915683791041374, 0.025581030175089836, 0.035611510276794434, -0.051596738398075104, -0.019074995070695877, -0.07580414414405823, 0.008113722316920757, -0.03611576184630394, 0.007555506657809019, 0.003486987669020891, 0.03838593140244484, 0.005171129480004311, -0.020865853875875473, -0.011576121672987938, -0.02531697414815426, -0.03538842499256134, -0.003139215987175703, 0.025266466662287712, -0.03155582770705223, 0.033980317413806915, -0.05966378003358841, -0.0012039067223668098, -0.010690290480852127, -0.030356669798493385, 0.029348919168114662, -0.0017248649382963777, 0.01994188502430916, 0.009391122497618198, -0.005183923523873091, 0.0026293566916137934, 0.036622848361730576, 0.031589921563863754, 0.038389772176742554, 0.04264103248715401, 0.09178273379802704, -0.0024469124618917704, -0.007794320583343506, 0.009197019040584564, 0.003949332982301712, 0.005582014098763466, -0.023784568533301353, -0.023816417902708054, -0.0026441237423568964, -0.030537022277712822, 0.0227035079151392, -0.0038677528500556946, -0.010334853082895279, -0.034803397953510284, 0.029455509036779404, -0.0031241513788700104, 0.002332465723156929, -0.011945057660341263, 0.03657614439725876, 0.004060395527631044, 0.03176243603229523, -0.059520870447158813, -0.009681884199380875, -0.012559670954942703, 0.021643053740262985, 0.03807617723941803, 0.033985599875450134, -0.048792097717523575, 0.006435350514948368, -0.027460971847176552, 0.011949638836085796, 0.026812586933374405, 0.05843407288193703, -0.007902081124484539, -0.02747543528676033, -0.03042241558432579, -0.024069255217909813, -0.006370206829160452, -0.013673759996891022, -0.030175095424056053, -0.04401514306664467, 0.027629276737570763, -0.00716931140050292, 0.0417204424738884, 0.0648990124464035, 0.05730156600475311, -0.0003169160336256027, -0.015346822328865528, 0.004698612727224827, 0.003645074088126421, -0.022997448220849037, -0.02438916452229023, 0.03538525477051735, -0.014751140959560871, -0.00032863160595297813, -0.012964794412255287, 0.014077777042984962, -0.027976112440228462, 0.030751850455999374, -0.025929458439350128, -0.04108491539955139, 0.013389800675213337, -0.006821240298449993, -0.054213449358940125, -0.01898052729666233, 0.004885520786046982, 0.04805883765220642, -0.0046452791430056095, -0.007389328442513943, 0.03824784979224205, -0.04729101061820984, 0.011453915387392044, 0.09850604832172394, -0.05854254215955734, -0.008428909815847874, 0.03352512791752815, 0.04094996303319931, 0.07740110903978348, -0.026555486023426056, 0.01688324101269245, -0.02123210020363331, -0.026202643290162086, -0.03987444192171097, 0.0037970400881022215, -0.013544207438826561, -0.001897050067782402, -0.025383882224559784, -0.013787169940769672, -0.003966967109590769, -0.026585275307297707, 0.02688499167561531, -0.057650819420814514, -0.002499636495485902, 0.026519320905208588, -0.005082519259303808, 0.022912688553333282, -0.02663864754140377, 0.05581287294626236, 0.00715565774589777, 0.014772620052099228, 0.058408141136169434, -0.022483350709080696, -0.006070149131119251, 0.014581926167011261, -0.014263221994042397, 0.0031415163539350033, 0.029490210115909576, -0.008494554087519646, -0.05698825791478157, -0.029546158388257027, -0.05208701267838478, -0.007142973598092794, 0.034227751195430756, -0.040950313210487366, 0.005049268715083599, 0.03279884532094002, 0.019271334633231163, 0.017010299488902092, 0.047509584575891495, -0.0019097523763775826, -0.020907459780573845, -0.011454146355390549, -0.03194013610482216, 0.044764742255210876, 0.05980970337986946, -0.06075145676732063, 0.005341667681932449, -0.06994420289993286, -0.011891608126461506, -0.011199891567230225, 0.015680676326155663, -0.0035195909440517426, 0.023760702461004257, 0.03372794762253761, -0.05234764143824577, -0.04332656413316727, 0.002855428494513035, -0.012402797117829323, -0.005830241832882166, -0.027873463928699493, -0.04900941252708435, -0.04834330826997757, -0.011011608876287937, 0.016845183447003365, -0.023871034383773804, -0.027396732941269875, -0.06763173639774323, 0.054495614022016525, -0.023706793785095215, -0.0025272888597100973, -0.039121463894844055, -0.03300687298178673, -0.037016477435827255, -0.018617233261466026, -0.013166963122785091, 0.025104131549596786, -0.013424428179860115, 0.011550159193575382, -0.0005159644642844796, -0.015264068730175495, -0.0006494161207228899, -0.0069920714013278484, -0.004546748474240303, -0.014009607955813408, 0.09421610087156296, -0.03452945500612259, -0.032856401056051254, 0.06331247091293335, 0.024968300014734268, 0.0411933958530426, -0.015751946717500687, -0.017246561124920845, -0.010969124734401703, -0.007072970736771822, -0.013196074403822422, -0.027439793571829796, -0.016929490491747856, -0.014483074657619, 0.02304520457983017, 0.011679433286190033, 0.022876113653182983, -0.004347329959273338, 0.0013734560925513506, -0.010071871802210808, -0.011173063889145851, -0.02001192979514599, 0.024412890896201134, 0.01421593688428402, -0.03134562447667122, 0.03622185438871384, 0.007078344468027353, 0.0017241640016436577, -0.03978045657277107, -0.008938747458159924, 0.052101489156484604, 0.030798571184277534, -0.03779398649930954, -0.010445432737469673, -0.03454030677676201, -0.04705649986863136, 0.02834228239953518, 0.0597192607820034, -0.02622048184275627, -0.04257528483867645, -0.013191982172429562, -0.013745415955781937, 0.010758678428828716, -0.008362965658307076, -0.058716125786304474, -0.011267860420048237, -0.009990409016609192, 0.02080422267317772, -0.056452032178640366, 0.03538326919078827, -0.027781154960393906, 0.019008688628673553, 0.007697409018874168, 0.00422942778095603, -0.01687275432050228, 0.05358947440981865, 0.024321509525179863, 0.002000521868467331, -0.02058470994234085, -0.004602404776960611, -0.0154256671667099, 0.009587550535798073, -0.022212613373994827, -0.014026600867509842, 0.0220537930727005, 0.017050575464963913, 0.00237193307839334, 0.025283876806497574, -0.018587687984108925, -0.007926687598228455, -0.030035044997930527, 0.002973814494907856, -0.05549877509474754, -0.029500287026166916, 0.03365043178200722, 0.008932577446103096, 0.061061881482601166, -0.017615308985114098, 0.07372554391622543, -0.052266865968704224, -0.013750655576586723, 0.022737083956599236, 0.042159441858530045, 0.008676072582602501, -0.022797778248786926, -0.058747004717588425, -0.01277026254683733, -0.0071823433972895145, 0.008395231328904629, -0.0013881856575608253, 0.015777887776494026, 0.007279885932803154, 0.02856133133172989, -0.04565125331282616, 0.01654410921037197, -0.0062501877546310425, -0.010679409839212894, -0.0032297156285494566, -0.07352659851312637, -0.023515041917562485, -0.00264419661834836, -0.01761140674352646, -0.01545089203864336, 0.00852750800549984, -0.0019731500651687384, -0.04637746512889862, -0.03257191553711891, -0.022378385066986084, 0.01460198312997818, -0.04688065126538277, -0.017985371872782707, -0.12785638868808746, 0.011670732870697975, -0.020548494532704353, 0.005094348452985287, -0.024466563016176224, -0.02604653872549534, 0.008632148616015911, -0.00678174989297986, 0.02159786969423294, -0.004184999503195286, -0.07708102464675903, -0.018059397116303444, 0.028273575007915497, -0.019133754074573517, -0.017583459615707397, -0.0262733343988657, -0.0013575833290815353, 0.0023061486426740885, 0.030007703229784966, 0.02684098295867443, -0.012889286503195763, -0.02055072970688343, -0.013663862831890583, -0.09315036982297897, -0.02454024739563465, -0.011171119287610054, -0.03367343544960022, 0.023716194555163383, -0.019104203209280968, -0.011765002273023129, 0.010916639119386673, 0.002829422242939472, 0.024952935054898262, 0.02540324442088604, -0.0351606160402298, -0.046087175607681274, 0.011855374090373516, 0.004465837962925434, -0.015315776690840721, -0.038337454199790955, -0.005391678772866726, 0.030871443450450897, 0.011853844858705997, -0.03130640834569931, 0.021653644740581512, 0.08586420863866806, 0.01581582985818386, 0.024011287838220596, -0.028688352555036545, -0.03888889029622078, -0.012197340838611126, -0.0073053003288805485, 0.005634899251163006, -0.01078424509614706, 0.031912218779325485, 0.020747710019350052, -0.03452681377530098, 0.010585743933916092, -0.03060268796980381, 0.037475503981113434, -0.019396008923649788, -0.008077869191765785, -0.04167955368757248, -0.04200995713472366, -0.003883415600284934, 0.01141033973544836, -0.06720174849033356, -0.01627204194664955, -0.007026251871138811, 0.03791504353284836, -0.0179396141320467, -0.03833568096160889, -0.008165128529071808, -0.020385203883051872, 0.012228335253894329, 0.020736848935484886, 0.028693920001387596, -0.06192226707935333, 0.0018480195431038737, 0.011488244868814945, 0.020928777754306793, -0.0037593694869428873, -0.06291985511779785, 0.005849553272128105, -0.002472564112395048, -0.0016732258955016732, -0.04337050020694733, 0.010724891908466816, 0.03724623844027519, 0.008389702998101711, -0.033722907304763794, -0.0014615278923884034, 0.00987208541482687, 0.014725375920534134, 0.06904059648513794, 0.03105335682630539, 0.028370486572384834, 0.02100876159965992, -0.002574311336502433, -0.014860914088785648, 0.00012039653665851802, -0.027819480746984482, 0.009498718194663525, 0.025669822469353676, -0.01842462830245495, 0.06009748578071594, 0.036989837884902954, 0.017553696408867836, -0.005635812412947416, -0.01790667325258255, 0.017292048782110214, 0.015886232256889343, 0.00673134857788682, -0.02361840009689331, -0.024389760568737984, 0.003615942085161805, 0.037145256996154785, 0.002138857264071703, 0.017624886706471443, 0.007860735058784485, -0.02605382911860943, -0.028572194278240204, -0.0005887214210815728, -0.031043903902173042, 0.0018926820484921336, 0.003531454596668482, 0.04614226892590523, -0.01154676079750061, 0.01865326054394245, -0.026210004463791847, 0.021822625771164894, -0.0534852109849453, 0.00015398638788610697, 0.0720565989613533, 0.06507028639316559, 0.019376961514353752, 0.025035176426172256, 0.021643878892064095, -0.06449767202138901, -0.02057933621108532, 0.0057427301071584225, -0.07076980173587799, -0.00998473260551691, -0.02834470570087433, 0.003902688855305314, 0.0007451656856574118, 0.04142434522509575, 0.006781863979995251, -0.02185242250561714, 0.002498703310266137, 0.01910603791475296, 0.0043652597814798355, 0.03206925466656685, -0.013691889122128487, -0.027650121599435806, 0.01806657202541828, 0.007586668245494366, 0.009653808549046516, -0.047593314200639725, 0.01814286783337593, 0.012855125591158867, 0.020577987655997276, -0.009971396997570992, 0.008047709241509438, -0.027793454006314278, 0.0233223345130682, -0.0030505850445479155, -0.024061037227511406, 0.014296702109277248, -0.010043056681752205, -0.0036728917621076107, 0.07703050225973129, -0.018711280077695847, -0.052027057856321335, -0.011316653341054916, -0.04682121425867081, 0.025679025799036026, -0.029088219627738, 0.012404246255755424, -0.004582298453897238, 0.003034285269677639, 0.022775141522288322, 0.025845453143119812, 0.004676077514886856, 0.02508772350847721, 0.02387804538011551, -0.03617115318775177, 0.008331868797540665, 0.005468045827001333, -0.021475473418831825, 0.013663092628121376, -0.03875437006354332, 0.007339603267610073, 0.007387206424027681, -0.01183287426829338, 0.029631929472088814, -0.018744172528386116, -0.005562963429838419, -0.02500196546316147, 0.07471799105405807, 0.04521777480840683, -0.01696019619703293, 0.041657157242298126, 0.004983475897461176, 0.0349372997879982, 0.004224257543683052, -0.05031387880444527, 0.023203345015645027, -0.023779340088367462, 0.03576640412211418, -0.027038054540753365, 0.024925759062170982, -0.03229457512497902, -0.008321352303028107, -0.031240247189998627, -0.03844427689909935, 0.033228550106287, 0.004693546332418919, 0.01151120476424694, 0.027623970061540604, -0.006878156680613756, 0.02455000765621662, -0.021273592486977577, -0.033975180238485336, -0.020352309569716454, 0.0030049262568354607, -0.029475217685103416, 0.008452842012047768, 0.007895277813076973, 0.049717605113983154, -0.05457157641649246, -0.027033764868974686, -0.021456068381667137, -0.001482172985561192, 0.011423638090491295, -0.003950250800698996, -0.03534502163529396, 0.06273182481527328, -0.0007547307759523392, 0.020184582099318504, -0.0008596744737587869, 0.013510286808013916, -0.023101411759853363, 0.030001778155565262]",,
15_1_0_errors_fast_refresh_reload_mdx_section_2,section,15_1_0_errors_fast_refresh_reload_mdx,Fast Refresh had to perform full reload - Possible Ways to Fix It,,{},15.1.0,"Move your other exports to a separate file.
Use a named function for your React component.
Rename your component name to pascal case.
",,"[(np.int64(6), np.float64(0.008671417832374573)), (np.int64(47), np.float64(0.06722470372915268)), (np.int64(456), np.float64(0.1336260437965393)), (np.int64(1650), np.float64(0.02861480414867401)), (np.int64(1902), np.float64(0.12297630310058594)), (np.int64(2661), np.float64(0.015176713466644287)), (np.int64(4393), np.float64(0.18365760147571564)), (np.int64(25290), np.float64(0.2123534232378006)), (np.int64(42261), np.float64(0.0661197379231453)), (np.int64(51339), np.float64(0.15384897589683533)), (np.int64(63033), np.float64(0.2708450257778168)), (np.int64(96746), np.float64(0.15766383707523346)), (np.int64(115861), np.float64(0.07637156546115875)), (np.int64(238781), np.float64(0.3235834836959839))]","[0.0018122398760169744, -0.020318297669291496, -0.0052564251236617565, 0.05351840704679489, -0.005340635776519775, 0.009231746196746826, 0.003987870644778013, -0.019602231681346893, -0.022863123565912247, 0.0030790672171860933, 0.008331796154379845, 0.029288899153470993, -0.008784336037933826, 0.03121359273791313, 0.016634216532111168, 0.028793862089514732, -0.00014203325554262847, 0.04091304913163185, 0.04815748333930969, 0.01316749770194292, 0.02354145608842373, -0.026149412617087364, 0.0032632339280098677, -0.012305905111134052, -0.021720942109823227, 0.015872115269303322, -0.016023579984903336, -0.051268320530653, 0.04379044100642204, 0.0038920422084629536, 0.006364455446600914, -0.028520571067929268, -0.03690364584326744, -0.028800545260310173, -0.04667934402823448, 0.007886171340942383, -0.008827341720461845, -0.01054228376597166, -0.04242532700300217, 0.015788210555911064, -0.05212201550602913, 0.03548852354288101, 0.03437032178044319, -0.03604958578944206, 0.002740286523476243, -0.006376970559358597, -0.0060188984498381615, -0.002965799532830715, -0.020291123539209366, -0.012655230239033699, -0.012003238312900066, 0.008113370276987553, 0.021932126954197884, -0.049359459429979324, 0.017965158447623253, 0.0294327512383461, -0.04314697906374931, -0.014027934521436691, -0.04076763987541199, 0.0005988455377519131, -0.013627758249640465, -0.0034852162934839725, -0.033215101808309555, 0.02287168800830841, -0.00037110477569513023, 0.06562191992998123, 0.0004850689438171685, 0.061705052852630615, 0.006417276803404093, -0.05096863582730293, -0.03232233226299286, 0.003672514110803604, -0.07404059916734695, -0.07789633423089981, -0.03969395160675049, 0.0006789162871427834, 0.05076040327548981, -0.029751304537057877, -0.0187756959348917, -0.005746571812778711, -0.012336796149611473, -0.02695276588201523, 0.07194989919662476, -0.02840193547308445, 0.026611756533384323, -0.030889123678207397, -0.002559581771492958, 0.03282678499817848, 0.012328875251114368, 0.0022649955935776234, -0.0052042859606444836, -0.05338750779628754, 0.004089814145117998, -0.008366831578314304, -0.03498224541544914, -0.006589814089238644, -0.018329987302422523, -0.0028320676647126675, 0.035083793103694916, -0.03166789188981056, 0.009570209309458733, -0.029466848820447922, -0.036173246800899506, -0.006105097942054272, 0.0660855770111084, 0.034629713743925095, 0.016468698158860207, -0.005065714009106159, -0.0006378762191161513, -0.026006286963820457, 0.01106591708958149, 0.025942908599972725, 0.0105361919850111, 0.010961771011352539, 0.008901484310626984, -0.02598164975643158, 0.0004558553919196129, -0.030193349346518517, 0.04748256504535675, 0.03967296704649925, 0.012285432778298855, -0.010401932522654533, 0.038503002375364304, 0.03345787525177002, 0.05567279830574989, 0.03940310701727867, 0.045563049614429474, 0.05558366701006889, -0.034715764224529266, 0.029931584373116493, 0.043737903237342834, 0.03453986719250679, -0.002962777391076088, 0.0378291979432106, -0.006363946944475174, 0.030780261382460594, -0.03572015091776848, -0.005900478921830654, 0.041458893567323685, -0.0724223330616951, 0.00511741079390049, 0.021316513419151306, -0.017793506383895874, 0.0025518399197608232, 0.008462007157504559, -0.0053607141599059105, 0.05472162738442421, 0.0108169661834836, -0.00047824118519201875, -0.01893247850239277, 0.0019192793406546116, 0.03595178574323654, 0.008157911710441113, 0.0052756392396986485, 0.06790314614772797, -0.043829113245010376, -0.003588559338822961, 0.05295239016413689, 0.05692436546087265, -0.029973940923810005, -0.006143992766737938, 0.017841173335909843, -0.03703462705016136, -0.006566906347870827, 0.020288413390517235, -0.0009049400105141103, -0.031020144000649452, 0.0053795878775417805, -0.006457129493355751, -0.02586723119020462, -0.0036941778380423784, 0.04860879108309746, -0.027426140382885933, 0.0013909819535911083, 0.03893028572201729, 0.0007923006196506321, -0.00945656280964613, 0.02634253166615963, 0.024079399183392525, -0.03751860186457634, 0.02358688786625862, 0.04220977798104286, 0.013519183732569218, -0.05663095414638519, -0.05504165589809418, 0.003237947588786483, 0.016001878306269646, -0.028007937595248222, 0.00419372133910656, 0.021497121080756187, -0.030246607959270477, 0.006287721451371908, 0.046432849019765854, 0.016674373298883438, 0.027797991409897804, 0.01660015806555748, 0.016952432692050934, -0.0034158993512392044, -0.02627408131957054, 0.01671454682946205, 0.007668452337384224, 0.01726612076163292, -0.01273040845990181, -0.028339505195617676, -0.0055414000526070595, -0.0015906996559351683, 0.023915739730000496, -0.05985286086797714, -0.020576296374201775, 0.009929830208420753, -0.012164116837084293, -0.009647526778280735, -0.056112490594387054, -0.006169227883219719, -0.0624905526638031, 0.055473826825618744, 0.015058212913572788, 0.0050258273258805275, -0.04357290640473366, -0.06460320204496384, -0.008948330767452717, 0.029667455703020096, -0.014240016229450703, 0.04878261685371399, -0.00381444557569921, 0.010349662974476814, 0.02481156401336193, -0.00733836367726326, 0.02080782875418663, 0.023038111627101898, -0.012466374784708023, -0.07599233835935593, 0.017178472131490707, 0.003938115201890469, 0.08541354537010193, -0.036462415009737015, -0.0252077654004097, 0.012230138294398785, -0.02573242597281933, -0.02496083453297615, -0.035597462207078934, -0.006228469777852297, 0.03396737948060036, 0.02198839746415615, -0.009827932342886925, -0.022214796394109726, 0.017477188259363174, -0.0067408448085188866, -0.00856536254286766, -0.023321853950619698, -0.01388899702578783, 0.056248512119054794, -0.009929330088198185, 0.030985763296484947, -0.029144108295440674, -0.003573016496375203, 0.01933971419930458, -0.0009934030240401626, 0.010066398419439793, 0.02773437649011612, 0.0231510978192091, 0.04877154529094696, -0.03143901750445366, 0.012586897239089012, -0.020415013656020164, 0.011538575403392315, -0.05402902141213417, -0.0039593824185431, -0.0017696762224659324, 0.0126046072691679, -0.035428836941719055, 0.04743172600865364, 0.02034183219075203, -0.001483691856265068, 0.011382860131561756, 0.025686193257570267, -0.046443890780210495, 0.0034262940753251314, 0.09661387652158737, 0.017626002430915833, -0.021186094731092453, 0.0084071084856987, 0.021766917780041695, -0.032784461975097656, 0.003677370958030224, -0.033544428646564484, -0.025508755818009377, 0.008308316580951214, 0.015711482614278793, 0.026231367141008377, -0.04222055524587631, -0.02750481106340885, 0.06026671454310417, 0.03828857094049454, 0.046057745814323425, 0.04054813086986542, -0.019112080335617065, -0.16481809318065643, -0.0360078401863575, 0.011673128232359886, -0.013529426418244839, 0.03065730631351471, 0.03461674228310585, -0.015766561031341553, -0.01665531098842621, 0.02199561707675457, 0.031257513910532, -0.049872543662786484, -0.053538307547569275, 0.01911274529993534, -0.04171003773808479, 0.011332063935697079, 0.0030663046054542065, -0.032186172902584076, 0.04113199561834335, -0.008802711963653564, -0.03613286465406418, -0.014582110568881035, -0.07210617512464523, -0.01913534477353096, 0.0036566753406077623, 0.009947475977241993, -0.02356565371155739, 0.005983239505439997, 0.03193418309092522, -0.0031291632913053036, -0.00440274178981781, 0.0047147939912974834, 0.005731738172471523, 0.011622780002653599, -0.000207953475182876, -0.00562212523072958, 0.029022883623838425, -0.009402437135577202, 0.0435250960290432, 0.002401519101113081, -0.025955362245440483, 0.03938736021518707, 0.027044106274843216, 0.015798019245266914, -0.006260255817323923, -0.01852700486779213, -0.02632431499660015, 0.03441832214593887, -0.0011912372428923845, -0.03842838853597641, -0.026289694011211395, -0.004391396418213844, -0.01655947044491768, 0.017872389405965805, 0.02655983157455921, -0.018528833985328674, -0.0008463796111755073, -0.0037728913594037294, 0.02015400119125843, -0.017982684075832367, 0.02533065155148506, -0.029576266184449196, -0.004676633980125189, 0.007212228141725063, -0.004470218438655138, -0.012670867145061493, 0.006932098884135485, 0.04715394601225853, 0.02198205329477787, 0.03122198022902012, -0.014627481810748577, 0.05031341686844826, 0.004842125810682774, -0.006245091091841459, 0.015278908424079418, -0.03303495794534683, 0.040000058710575104, 0.009380868636071682, 0.019566938281059265, -0.039444662630558014, -0.09704474359750748, -0.024420877918601036, 0.005902053322643042, 0.012965253554284573, 0.03907879441976547, -0.021946441382169724, -0.04683830961585045, -0.003063501324504614, 0.03209851309657097, 0.015329801477491856, 0.23918046057224274, 0.047164369374513626, 0.030236098915338516, -0.004150240682065487, 0.09604264795780182, -0.021100400015711784, 0.07764079421758652, 0.024646829813718796, 0.053317099809646606, -0.03753693401813507, -0.010842302814126015, 0.04349754750728607, 0.016365181654691696, 0.006910412106662989, 0.01403384655714035, 0.02854510024189949, -0.04365619271993637, 0.02648286148905754, 0.062350716441869736, -0.02591025084257126, 0.00480123795568943, -0.021974414587020874, 0.004451096057891846, 0.022402923554182053, -0.038656435906887054, -0.033983878791332245, -0.027477430179715157, 0.03509707748889923, -0.036618925631046295, 0.009532737545669079, -0.005250600166618824, 0.043732184916734695, 0.05802071839570999, -0.048214029520750046, -0.055975690484046936, 0.009937132708728313, 0.04172986373305321, -0.01399319525808096, -0.04497620463371277, 0.031188789755105972, -0.0316629633307457, -0.014177745208144188, -0.021445654332637787, 0.015930918976664543, -0.006899887230247259, -0.021616896614432335, 0.025388069450855255, -0.021360786631703377, 0.02405531331896782, -0.05336877703666687, 0.025923363864421844, -0.03009634092450142, -0.02826089598238468, -0.010313703678548336, 0.05948086082935333, -0.0005530448979698122, -0.03400211036205292, 0.0016505189705640078, 0.027057137340307236, -0.0032590252812951803, 0.0031387568451464176, -0.0043664476834237576, -0.007264650892466307, -0.0032836515456438065, -0.015407941304147243, 0.030096223577857018, 0.017115384340286255, -0.012176473625004292, 0.01683914288878441, 0.06688522547483444, 0.03477569296956062, 0.0013043860672041774, 0.0011965504381805658, -0.04261675477027893, -0.019099174067378044, -0.013370712287724018, -0.012471385300159454, -0.0014015160268172622, -0.03545885905623436, 0.04676368087530136, -0.00045248045353218913, 0.0439753420650959, -0.04188785329461098, 0.00975571759045124, 0.019785122945904732, -0.015156781300902367, 0.04977463558316231, 0.043026480823755264, -0.024066893383860588, -0.0064741685055196285, -0.019445272162556648, -0.012901868671178818, -0.015403629280626774, 0.012985733337700367, -0.016682013869285583, 0.0018244317034259439, 0.00178105803206563, -0.013350842520594597, -0.027363590896129608, 0.015678539872169495, -0.018301688134670258, -0.005871175788342953, 0.04731059446930885, -0.08118627965450287, 0.05255655199289322, -0.058453742414712906, 0.006217618472874165, -0.03219179809093475, 0.0004691694339271635, 0.0024790398310869932, -0.03288359194993973, 0.01665082573890686, 0.01322877686470747, 0.03795358166098595, 0.016814708709716797, -0.004382831044495106, 0.033490121364593506, 3.358091271365993e-05, -0.0030365355778485537, 0.04689907282590866, -0.045146532356739044, 0.009108386002480984, -0.009745826944708824, -0.02145305648446083, 0.01828221045434475, -0.027100276201963425, 0.006220586132258177, 0.019755547866225243, -0.05373604595661163, 0.03881913796067238, 0.006826798431575298, -0.00816691666841507, -0.03173769637942314, 0.03038947470486164, -0.014441347680985928, -0.023215167224407196, 0.042575713247060776, 0.002124694176018238, -0.011225739493966103, 0.020902374759316444, -0.059436775743961334, 0.01444346085190773, -0.01626359485089779, -0.030806075781583786, 0.016801144927740097, 0.03605450689792633, -0.017302395775914192, -0.008330786600708961, -0.025342706590890884, 0.004741104785352945, 0.013494126498699188, 0.05828626826405525, -0.013715317472815514, -0.011248917318880558, -0.02043190225958824, -0.0019291772041469812, -0.0050284964963793755, 0.01871691271662712, -0.026207106187939644, -0.0017017865320667624, -0.0016889434773474932, 0.039727792143821716, 0.04060947149991989, 0.04489520937204361, -0.015909602865576744, 0.003502489998936653, -0.0801767110824585, 0.03855583071708679, 0.025387415662407875, -0.005292784422636032, 0.015197975561022758, 0.022341083735227585, -0.042891789227724075, -0.0013291671639308333, 0.0069289980456233025, 0.022214369848370552, -0.045848120003938675, -0.02174810878932476, -0.019675297662615776, -0.006562134250998497, 0.020116426050662994, -0.022182757034897804, -0.06603804975748062, -0.03406934440135956, 0.061354104429483414, -0.004520395305007696, -0.0257758516818285, -0.020576374605298042, 0.038038384169340134, -0.020612820982933044, -0.03838535398244858, 0.09410405904054642, -0.006426646839827299, -0.03265463560819626, 0.010348553769290447, 0.014339874498546124, 0.05841768532991409, -0.004181465599685907, -0.009506799280643463, -0.006690024398267269, -0.033733345568180084, 0.01616336777806282, 0.020584069192409515, 0.013465730473399162, -0.005045023746788502, 0.013418079353868961, -0.05664713680744171, 0.033614471554756165, -0.030931081622838974, -0.006113805808126926, -0.023796923458576202, 0.013658908195793629, -0.0021731338929384947, -0.010661694221198559, 0.022556353360414505, -0.005494819954037666, 0.07438649982213974, -0.008204211480915546, -0.020298484712839127, -0.024078665301203728, 0.012067196890711784, -0.016569416970014572, -0.012476321309804916, -0.014983441680669785, -0.024776525795459747, -0.012959113344550133, -0.004818749614059925, -0.02470051497220993, -0.012554435059428215, -0.003339804708957672, 0.004924156703054905, -0.0020138518884778023, -0.02495822124183178, 0.027596889063715935, -0.01892670802772045, 0.0019293678924441338, 0.03255429491400719, 0.046332430094480515, -0.006296276580542326, -0.026140237227082253, -0.028422139585018158, 0.02184673771262169, 0.03269582614302635, 0.07234828919172287, 0.0080567030236125, -0.026088647544384003, -0.06134477257728577, -0.0057855225168168545, 0.016241643577814102, 0.02561069466173649, -0.0014963862486183643, -0.005667956080287695, 0.004779675975441933, 0.005705660674721003, -0.008875514380633831, 0.003316297894343734, -0.017209384590387344, 0.012922174297273159, -0.043220557272434235, -0.04177829250693321, -0.005792201030999422, -0.01100602000951767, -0.020744476467370987, -0.023862259462475777, 0.039568942040205, 0.01514948345720768, 0.07399789243936539, -0.032391905784606934, 0.016528727486729622, -0.0008177704876288772, -0.04883745685219765, -0.03653331100940704, 0.004548070952296257, 0.02028190903365612, 0.03436500206589699, -0.02886250987648964, -0.02072763442993164, 0.007138381712138653, 0.04118252545595169, 0.03544393554329872, -0.024761812761425972, -0.001887021237052977, 0.02138417214155197, 0.05289356783032417, -0.04567040503025055, 0.006579936482012272, 0.047647640109062195, 0.07920841127634048, 0.023631848394870758, -0.059624083340168, -0.03434097394347191, 0.03839247301220894, -0.05938951298594475, -0.013810875825583935, -0.03366581350564957, -0.04803566634654999, 0.018647726625204086, 0.063897043466568, 0.013854335062205791, 0.040899042040109634, 0.00902253296226263, -0.005159606691449881, 0.02068874053657055, -0.015038817189633846, -0.02444489859044552, 0.052866145968437195, -0.013259073719382286, -0.018634239211678505, 0.020499709993600845, -0.04350897669792175, -0.004858263768255711, -0.05040987208485603, 0.06199544295668602, 0.04741613194346428, 0.09146630018949509, -0.030857156962156296, 0.012688061222434044, -0.0006471676169894636, -0.015301183797419071, -0.0006717891083098948, -0.007083686534315348, -0.021004024893045425, -0.028478756546974182, -0.05134999006986618, -0.0003114965511485934, -0.017346451058983803, 0.01829354651272297, -0.08795110136270523, -0.03187710791826248, -0.01893302984535694, 0.007967655546963215, -0.012002075091004372, 0.009474072605371475, 0.00956020224839449, -0.011121571063995361, 0.005027284845709801, 0.031628888100385666, -0.026522191241383553, 0.012823141179978848, -0.019859306514263153, -0.062236469238996506, -0.033173635601997375, 0.002828472526744008, -0.03867226466536522, 0.03435403108596802, -0.05318857729434967, -0.011009746231138706, -0.002862096531316638, -0.023669451475143433, -0.008443008176982403, -0.010595242492854595, 0.015101284720003605, 0.004172211512923241, -0.026290925219655037, -0.005865246988832951, -0.03865042328834534, -0.02462037093937397, -0.0018388716271147132, 0.04512258991599083, 0.027193157002329826, -0.023982716724276543, 0.00929604284465313, -0.005596702452749014, -0.018906734883785248, -0.0010348213836550713, -0.016290217638015747, 0.0002301727217854932, 0.007599560543894768, -0.051178526133298874, -0.015912961214780807, -0.013231229968369007, -0.0232864860445261, -0.02476377971470356, 0.03160334378480911, -0.006568088196218014, 0.006776869762688875, -0.02499808557331562, -0.0074476879090070724, -0.007555631920695305, -0.025781191885471344, -0.01265060156583786, -0.031861621886491776, -0.024049334228038788, -0.022735824808478355, 0.0034087635576725006, 0.0031989486888051033, -0.004230381455272436, -0.011112820357084274, 0.006477484479546547, 0.011359642259776592, 0.0033750436268746853, -0.010059668682515621, -0.040208954364061356, -0.026458464562892914, -0.1301502287387848, -0.026209769770503044, -0.007164462469518185, 0.009627008810639381, -0.03718595579266548, -0.009075216948986053, -0.00016921090718824416, -0.009644795209169388, 4.142224497627467e-05, -0.015073833987116814, -0.06584404408931732, -0.062020812183618546, 0.03344160318374634, -0.02938278205692768, 0.0022121495567262173, 0.014090449549257755, 0.008306390605866909, -0.005618175491690636, -0.0017165904864668846, 0.01709919236600399, 0.0031506845261901617, 0.005477615632116795, 0.002799505367875099, -0.048201534897089005, 0.004766159690916538, -0.017704570665955544, 0.0008825956028886139, 0.053813666105270386, -0.01715540885925293, -0.04608605057001114, 0.02351066656410694, 0.014515317045152187, 0.018489979207515717, 0.013577309437096119, -0.05401642248034477, -0.012459532357752323, -0.016435012221336365, 0.03240473195910454, -0.018270427361130714, -0.0354890376329422, 0.049252960830926895, 0.004457920789718628, -0.007885782048106194, -0.011780057102441788, 0.0546659454703331, 0.043961819261312485, 0.023412372916936874, -0.005067736376076937, -0.025982705876231194, -0.048714347183704376, 0.03294311836361885, 0.06915764510631561, 0.025288308039307594, -0.0034811405930668116, 0.0339222177863121, 0.0031608291901648045, -0.0351925864815712, 0.011414408683776855, -0.04149220138788223, 0.0414748415350914, -0.04347461089491844, 0.012485429644584656, -0.044863227754831314, -0.06209174171090126, 0.02557499334216118, -0.0040116142481565475, -0.05476326867938042, -0.006967130117118359, -0.02894430235028267, -0.019986743107438087, 0.009675032459199429, -0.018038585782051086, 0.008603295311331749, -0.033369820564985275, 0.018319563940167427, 0.008973687887191772, -0.006761895027011633, -0.01590450294315815, -0.016186494380235672, -0.0026672682724893093, -0.016354640945792198, 0.003431058255955577, -0.07982314378023148, 0.0024734309408813715, 0.007200073450803757, 0.013366853818297386, -0.048864446580410004, 0.028024423867464066, -0.027837172150611877, 0.0013291172217577696, -0.0019962273072451353, -0.025124216452240944, 0.003992252983152866, -0.022857211530208588, 0.0002012550103245303, 0.03396495059132576, 0.0015460997819900513, 0.021383069455623627, 0.029683837667107582, 0.003551814705133438, -0.021080493927001953, -0.013941993936896324, 0.004643075168132782, 0.014437259174883366, -0.002782955067232251, 0.03562948480248451, 0.03579377382993698, 0.01228258479386568, 0.016189945861697197, 0.0004418746684677899, 0.010274987667798996, 0.047529641538858414, -0.034241169691085815, 0.0034168444108217955, -0.03184535726904869, 0.006171357352286577, 0.02102784998714924, 0.03740132227540016, 0.053839437663555145, -0.021796567365527153, -0.010115211829543114, 0.0024500740692019463, -0.011343806982040405, -0.03494856879115105, 0.028536356985569, -0.019477330148220062, 0.03964575380086899, 0.04778817668557167, -0.00491333706304431, 0.022825274616479874, -0.015767255797982216, -0.026723504066467285, -0.023594839498400688, 0.02900541201233864, 0.044968921691179276, 0.05596471577882767, -0.032140787690877914, 0.04141269996762276, -0.07132250815629959, -0.01171373762190342, -0.007939368486404419, -0.055422164499759674, 0.002067031804472208, -0.025671839714050293, -0.01925990916788578, -0.018435046076774597, 0.008263770490884781, 0.012230310589075089, -0.0347607284784317, -0.014307155273854733, 0.00453075161203742, 0.05227123200893402, -0.0021878823172301054, 0.030992455780506134, -0.0682547390460968, -0.0012622661888599396, -0.022657865658402443, -0.017474902793765068, -0.01130784209817648, -0.01646013744175434, 0.01104628574103117, -0.050457198172807693, 0.024089042097330093, 0.01845487579703331, -0.038668353110551834, 0.029854200780391693, -0.05748625844717026, -0.02044311724603176, -0.02492084726691246, 0.0027248156256973743, -0.009802472777664661, 0.029408833011984825, -0.02281712181866169, -0.05019688606262207, 0.024089664220809937, -0.03765473887324333, -0.0020328336395323277, -0.010962643660604954, 0.004022549372166395, -0.022275352850556374, 0.008320791646838188, 0.018648803234100342, 0.04113910719752312, -0.005642918404191732, 0.03619911149144173, 0.021256238222122192, -0.029288379475474358, 0.008467254228889942, -0.007284350693225861, -0.0005637458525598049, -0.008393669500946999, 0.0013705167220905423, -0.01357409916818142, -0.00663429731503129, 0.03352394700050354, 0.025096597149968147, -0.0041624996811151505, 0.005290976259857416, -0.007721127942204475, 0.04227233678102493, -0.012511815875768661, 0.023378144949674606, -0.04224241152405739, -0.0021794287022203207, 0.0035815576557070017, -0.004103630315512419, -0.006480195093899965, 0.04185790568590164, -0.0328374020755291, 0.05268275737762451, -0.035354867577552795, 0.01725079119205475, -0.0731683000922203, -0.014511664398014545, -0.014832932502031326, -0.03361402079463005, 0.01303192414343357, 0.00021462864242494106, 0.004831287544220686, -0.0027665472589433193, 0.009875115938484669, 0.014468587934970856, -0.023430150002241135, 0.0022372372914105654, -0.001127258175984025, -0.025679277256131172, -0.026145337149500847, 0.020133737474679947, 0.014606861397624016, -0.03270459547638893, -0.05415622144937515, 0.024716224521398544, -0.005827773362398148, 0.01904054917395115, -0.022492846474051476, -0.017506981268525124, 0.047709740698337555, 0.04029787331819534, 0.028756586834788322, 0.04404432699084282, -0.0034584193490445614, 0.008706191554665565, -0.02319714054465294, 0.0006328799063339829]",,
15_1_0_errors_fast_refresh_reload_mdx_section_3,section,15_1_0_errors_fast_refresh_reload_mdx,Fast Refresh had to perform full reload - Useful Links,,{},15.1.0,"[/docs/architecture/fast-refresh](/docs/architecture/fast-refresh)
",,"[(np.int64(47), np.float64(0.06954987347126007)), (np.int64(456), np.float64(0.11177358031272888)), (np.int64(1902), np.float64(0.1236625462770462)), (np.int64(4393), np.float64(0.1532164067029953)), (np.int64(7844), np.float64(0.0861121416091919)), (np.int64(25290), np.float64(0.2009933590888977)), (np.int64(36836), np.float64(0.1654036045074463)), (np.int64(51339), np.float64(0.13185852766036987)), (np.int64(57890), np.float64(0.2486223429441452)), (np.int64(63033), np.float64(0.2247651070356369)), (np.int64(238781), np.float64(0.3026769161224365))]","[-0.002995278686285019, 0.023177996277809143, -0.05397119000554085, 0.006876219063997269, -0.05057065188884735, -0.06530819833278656, 0.021283606067299843, 0.05037766322493553, 0.006294718012213707, 0.01359369233250618, 0.0072562191635370255, -0.0025359017308801413, 0.018604880198836327, 0.021690035238862038, -0.006446307059377432, -0.03307037055492401, -0.0045561217702925205, 0.030400177463889122, 0.033395275473594666, -0.02440221980214119, -0.007226016838103533, 0.019825400784611702, 0.03390868008136749, -0.03650425001978874, -0.03338425233960152, 0.018487442284822464, -0.013462240807712078, 0.008878027088940144, 0.022901367396116257, 0.01996736414730549, 0.04840201139450073, -0.008657850325107574, 0.020090283825993538, -0.0122402124106884, 0.012582553550601006, -0.04742717370390892, -0.0298402588814497, -0.055817414075136185, -0.049215760082006454, 0.009248302318155766, -0.03522858768701553, 0.017959684133529663, -0.013660782016813755, -0.036240577697753906, 0.0319601409137249, -0.01644839718937874, 0.010145222768187523, -0.03001299500465393, -0.022722743451595306, -0.015130092389881611, -0.02143779583275318, 0.004617021884769201, -0.02722073160111904, -0.011332528665661812, 0.005900537129491568, 0.029390493407845497, -0.045972298830747604, -0.049485720694065094, -0.0448283813893795, 0.03272072970867157, -0.042664267122745514, 0.014672553166747093, 0.013524854555726051, -0.0037433216348290443, 0.012780344113707542, 0.04221297800540924, 0.03149450570344925, -0.00987905915826559, -0.01898079738020897, -0.028192786499857903, 0.004015691112726927, 0.0021783444099128246, -0.026937885209918022, -0.03575815632939339, -0.030103882774710655, 0.05160781741142273, 0.043325141072273254, -0.00962031353265047, 0.004356537014245987, -0.0019036337034776807, 0.001957615138962865, 0.014793994836509228, 0.028511563315987587, -0.03388005122542381, -0.033788975328207016, 0.003760932246223092, -0.010158241726458073, 0.010578776709735394, 0.04340079426765442, 0.017965398728847504, -0.02966289594769478, 0.002577874343842268, 0.017502114176750183, -0.04915164038538933, -0.020630044862627983, 0.04074929282069206, 0.01903117261826992, -0.006347580347210169, 0.047278836369514465, 0.01118516270071268, 0.03358212485909462, -0.0053726909682154655, 0.005775225814431906, -0.014266643673181534, 0.03210948407649994, -0.052239976823329926, 0.04387292638421059, -0.0021987655200064182, 0.032962534576654434, -0.003347229678183794, 0.014347038231790066, 0.014353673905134201, 0.013980913907289505, 0.04035637527704239, 0.04006972908973694, -0.015264855697751045, -0.03479646518826485, -0.04136524721980095, 0.025248846039175987, 0.009332176297903061, 0.027814051136374474, 0.02279575541615486, 0.05415238440036774, -0.010968581773340702, 0.05058153346180916, 0.023045416921377182, -0.009662305936217308, 0.03368512541055679, -0.007898115552961826, 0.01538382563740015, 0.008355561643838882, 0.0527290515601635, 0.006886759772896767, 0.008285514079034328, -0.03899015113711357, 0.003902370808646083, -0.007923376746475697, 0.018494941294193268, -0.035147737711668015, -0.05822702497243881, 0.02896967902779579, -0.015597040764987469, -0.01109924167394638, -0.040761444717645645, 0.023522449657320976, -0.012893238104879856, 0.02852998673915863, 0.04888752102851868, -0.014554859139025211, -0.05756286531686783, -0.008238106966018677, 0.022029466927051544, 0.005685932468622923, 0.012255760841071606, 0.04377149045467377, -0.03147174417972565, 0.00747492304071784, 0.04820701479911804, -0.024818645790219307, -0.041042253375053406, -0.07249265164136887, -0.0027596554718911648, -0.04260385036468506, 5.322560537024401e-05, 0.0029486531857401133, -0.057552486658096313, 0.02709607593715191, -0.012603618204593658, -0.01989302784204483, -0.010655942372977734, 0.013128500431776047, -0.04623805731534958, 0.04945866018533707, 0.007797764614224434, 0.014315599575638771, 0.012511171400547028, 0.11263353377580643, 0.027724726125597954, 0.03710979223251343, -0.03186654672026634, -0.06916303187608719, -0.005261492449790239, -0.036289241164922714, 0.014287604950368404, -0.03945552557706833, 0.005918538197875023, -0.046213604509830475, 0.019752824679017067, -0.007631842512637377, -0.005152235738933086, -0.01036925334483385, -0.013339619152247906, 0.017272628843784332, 0.006610180716961622, 0.011064230464398861, -0.042120952159166336, 0.012071282602846622, 0.021908752620220184, 0.011097654700279236, -0.014141109772026539, 0.061102066189050674, 0.02705964259803295, 0.04535800591111183, -0.010719220153987408, 0.003016692353412509, -0.04107740521430969, 0.008747761137783527, -0.06074756011366844, 0.03349484130740166, -0.003529955167323351, -0.04174758866429329, -0.03191712498664856, -0.011021089740097523, 0.02757135033607483, -0.07462583482265472, 0.029366616159677505, 0.010354950092732906, 0.01372506283223629, 0.012777978554368019, -0.026198431849479675, -0.03582710772752762, -0.0031537464819848537, -8.936632366385311e-05, 0.009180876426398754, 0.0634167268872261, 0.01772930473089218, -0.009067315608263016, 0.038383372128009796, 0.024532664567232132, -0.04832972586154938, -0.04227187857031822, 0.0009882154408842325, 0.0422433502972126, -0.05958999693393707, 0.06816856563091278, -0.03453421592712402, -0.011631320230662823, 0.043667782098054886, 0.011519220657646656, -0.037562254816293716, 0.025004275143146515, -0.014018629677593708, 0.034625668078660965, -0.01492359209805727, -0.04831068217754364, 0.006100806407630444, -0.04610293358564377, 0.025216836482286453, 0.004316562786698341, -0.008554897271096706, 0.017545141279697418, -0.004392691887915134, -0.015341653488576412, 0.025825494900345802, 0.011357533745467663, -0.00475925300270319, 0.0015545152127742767, -0.010954664088785648, -0.03424636274576187, -0.010845798067748547, 0.033322423696517944, 0.040955062955617905, -0.04457670450210571, 0.035899266600608826, 0.014783916994929314, -0.04542127996683121, 0.004156865179538727, 0.00703915162011981, 0.02987787500023842, 0.039536990225315094, -0.027324557304382324, -0.024574067443609238, 0.028766755014657974, 0.0009662617230787873, 0.016180887818336487, 0.030824219807982445, -0.021983401849865913, -0.0008691672119311988, 0.09385181963443756, 0.007334017660468817, -0.006487395614385605, -0.014363314025104046, 0.03453124687075615, 0.006239437032490969, 0.04225822538137436, -0.040452033281326294, -0.017215803265571594, -0.024071920663118362, 0.021462377160787582, -0.045534588396549225, -0.08977077156305313, -0.019646715372800827, 0.057156383991241455, -0.02103751339018345, -0.01374774519354105, 0.025730984285473824, -0.007384865079075098, -0.14702247083187103, -0.03314263001084328, 0.016112053766846657, 0.032584428787231445, 0.019747305661439896, 0.03512512147426605, -0.024789415299892426, -0.018460994586348534, -0.027363236993551254, -0.037517648190259933, -0.018609197810292244, -0.0552620030939579, -0.03344723582267761, -0.01269418653100729, 0.015621480531990528, 0.046382736414670944, -0.02658023312687874, 0.013761365786194801, -0.028763839974999428, -0.011084511876106262, -0.02138957753777504, 0.013390113599598408, 0.024484017863869667, -0.0065367077477276325, -0.038010481745004654, -0.008860461413860321, 0.01128376554697752, -0.017781157046556473, -0.01450322661548853, 0.01819790154695511, -0.03761807456612587, -0.0008443280239589512, -0.012649557553231716, -0.003283305559307337, 0.01119077205657959, 0.02087269350886345, 0.009677184745669365, -0.007288140710443258, -0.013965689577162266, -0.020492039620876312, 0.00816046167165041, 0.025084398686885834, -0.03224966302514076, -0.004196018911898136, -0.016775429248809814, 0.009889479726552963, 0.0408579483628273, -0.01865682750940323, -0.032920416444540024, -0.045118194073438644, 0.0287961233407259, -0.05488491803407669, 0.016682196408510208, -0.0024942671880126, -0.06757241487503052, 0.012012013234198093, 0.003991966601461172, 0.05638427659869194, -0.031745776534080505, -0.0014569115592166781, -0.023695887997746468, -0.044387996196746826, 0.04603228345513344, -0.0378837026655674, -0.04205145686864853, 0.00886378064751625, 0.03350500017404556, -0.05200783908367157, 0.01620296761393547, -0.015087917447090149, 0.011524615809321404, -0.006515793036669493, -0.006674501579254866, -0.004590898752212524, 0.01254417933523655, 0.028601905331015587, -0.028908180072903633, -0.026395214721560478, 0.01918249949812889, -0.13356658816337585, -0.005606798455119133, -0.022871453315019608, 0.005562479607760906, -0.008933396078646183, -0.028830472379922867, 0.01171757373958826, -0.011779679916799068, -0.001742083579301834, 0.011768820695579052, 0.25250640511512756, 0.022016607224941254, 0.0015686331316828728, 0.025201795622706413, 0.02696411684155464, -0.0031206635758280754, 0.003672164399176836, 0.02569543570280075, 0.023789817467331886, -0.02091902866959572, -0.010840192437171936, 0.02654353901743889, 0.011009744368493557, 9.908602078212425e-05, 0.0038651039358228445, 0.015421628952026367, -0.017811648547649384, 0.022009963169693947, 0.09086335450410843, -0.019590485841035843, 0.010490655899047852, -0.011123706586658955, 0.0030404392164200544, 0.009161571972072124, -0.05556660518050194, -0.027658844366669655, 0.021428560838103294, 0.017507851123809814, -0.015601941384375095, 0.08153125643730164, -0.03051632083952427, -0.0029360181652009487, 0.046290766447782516, 0.032736390829086304, -0.050273776054382324, -0.011084223166108131, 0.026776203885674477, 0.009407777339220047, -0.060466598719358444, 0.006975074298679829, -0.05141834169626236, -0.007252609822899103, 0.02267206832766533, 0.004487060476094484, -0.03308425098657608, -0.03079817444086075, -0.01735438033938408, -0.009079190902411938, 0.021229872480034828, -0.044989895075559616, -0.0061424123123288155, -0.027662917971611023, 0.005879379343241453, -0.00038581102853640914, -0.013992645777761936, -0.03337009251117706, -0.053687166422605515, -0.02573220245540142, -0.019907141104340553, 0.04414050653576851, 0.017382392659783363, 0.032879624515771866, -0.018550226464867592, 0.010534926317632198, -0.034317292273044586, 0.026080867275595665, 0.028281409293413162, -0.005635587032884359, -0.013257487677037716, 0.0774402841925621, 0.021215248852968216, 0.01219321321696043, -0.003610340179875493, -0.016774915158748627, 0.028949208557605743, -0.03581305220723152, 0.026263222098350525, 0.037695515900850296, -0.053492333739995956, 0.03398637846112251, -0.035352401435375214, 0.015768732875585556, -0.0011289435205981135, 0.004391954280436039, 0.027619190514087677, -0.023251861333847046, -0.0010412363335490227, 0.0298957247287035, -0.049410704523324966, 0.00774100236594677, -0.022475022822618484, 0.005233635660260916, -0.014904145151376724, 0.016730764880776405, 0.00397685170173645, 0.00491746049374342, 0.03367757424712181, -0.02622857317328453, -0.022603191435337067, -0.010004245676100254, -0.004639005288481712, -0.015753652900457382, -0.03011365607380867, -0.02662799507379532, 0.053252264857292175, -0.011419440619647503, -0.02925182692706585, 0.006116410717368126, -0.01812034659087658, 0.016583168879151344, 0.04204758256673813, 0.04133317247033119, -0.040810033679008484, -0.04318053275346756, -0.029844120144844055, 0.035639360547065735, 0.024868732318282127, 0.03398088738322258, 0.020787743851542473, 0.04147159308195114, -6.568917160620913e-05, -0.005695457104593515, -0.024417687207460403, 0.02497107908129692, -0.021949633955955505, -0.04354878142476082, -0.03645354136824608, 0.02271721512079239, -0.02797255478799343, 0.015388495288789272, 0.03389972075819969, -0.033649589866399765, -0.02800592966377735, 0.025562431663274765, 0.006850937847048044, 0.010425001382827759, 0.010462607257068157, 0.04160980135202408, 0.007716685067862272, 0.01611202023923397, -0.029506513848900795, -0.01401559915393591, -0.025671087205410004, -0.01981964334845543, 0.02898157201707363, 0.02185831032693386, -0.0477755181491375, 0.03057866171002388, 0.02363617904484272, 0.011975495144724846, 0.06501002609729767, 0.04240851104259491, 0.04326025769114494, -0.06198028102517128, 0.004076164215803146, -0.07051633298397064, -0.03555675595998764, 0.01866898499429226, 0.026903407648205757, -0.04971036687493324, 0.03226419538259506, -0.0016985340043902397, 0.015603816136717796, 0.05473221093416214, 0.033400364220142365, -0.01029734592884779, -0.01255377009510994, 0.053958892822265625, -0.017749741673469543, 0.00602770084515214, 0.003391173668205738, -0.004495603032410145, -0.07196730375289917, 0.008989223279058933, -0.017146946862339973, -0.0380563847720623, -0.017751524224877357, 0.027359433472156525, -0.017826415598392487, -0.019461726769804955, -0.00020146924362052232, -0.002278156578540802, -0.0600879043340683, -0.022896956652402878, -0.01023050956428051, 0.06739167869091034, -0.0222752895206213, 0.001755142118781805, 0.05856221169233322, -0.02686283178627491, -0.03707331791520119, 0.09595970809459686, -0.008121874183416367, -0.014815427362918854, 0.031424421817064285, 0.03398725762963295, 0.052003685384988785, -0.008085448294878006, 0.020286662504076958, -0.003080900991335511, -0.03822663798928261, -0.031083466485142708, 0.003139687702059746, -0.020661499351263046, -0.037161197513341904, -0.03178814426064491, -0.012744958512485027, 0.033385440707206726, -0.009700595401227474, 0.03354136645793915, -0.02396322786808014, 0.01209951750934124, -0.028870360925793648, -0.01763007417321205, -0.028232339769601822, -0.04058484733104706, 0.03252268210053444, 0.04347366839647293, 0.040047116577625275, 0.006163444835692644, -0.012524492107331753, -0.013706294819712639, 0.025232460349798203, -0.03342435881495476, -0.017426492646336555, 0.04208415001630783, 0.01001000963151455, -0.034979693591594696, -0.055382244288921356, 0.0055873803794384, -0.004099411889910698, 0.007699865847826004, 0.014486130326986313, -0.021527402102947235, 0.06563228368759155, -0.0008100862614810467, 0.027358781546354294, 0.02016649767756462, 0.007071122992783785, -0.02609305828809738, -0.00465797632932663, -0.012536234222352505, 0.04497763514518738, 0.046507831662893295, -0.029190296307206154, 0.024006323888897896, -0.0030201899353414774, -0.0063620274886488914, 0.038018785417079926, 0.01279414538294077, -0.03021993860602379, -0.00930110551416874, 0.03335652872920036, -0.036813318729400635, -0.0061620376072824, -0.028080256655812263, 0.03573949635028839, -0.015366802923381329, -0.019482852891087532, -0.013203158974647522, -0.0021078339777886868, 0.02949788235127926, 0.025655528530478477, -2.4706110707484186e-05, -0.023650292307138443, -0.027894308790564537, 0.07066192477941513, -0.019666330888867378, -0.03160220384597778, -0.00021768457372672856, -0.02383922040462494, -0.03135828673839569, -0.024070851504802704, 0.0008936586673371494, 0.051613952964544296, 0.026288045570254326, 0.012679566629230976, 0.015290595591068268, -0.011121809482574463, -0.015729650855064392, -0.03973745182156563, 0.021865306422114372, 0.015890084207057953, 0.047324731945991516, -0.026384927332401276, -0.02452876977622509, 0.0606333389878273, -0.010835705325007439, 0.010675485245883465, -0.036470383405685425, 0.0063238185830414295, -0.019352560862898827, -0.018528470769524574, -0.027439739555120468, -0.0038679304998368025, -0.007438189350068569, -0.02707136608660221, 0.05715147778391838, -0.004461456555873156, -0.0020071808248758316, 0.003096149303019047, -0.017116248607635498, -0.015160447917878628, -0.013556531630456448, -0.034951213747262955, 0.04708055034279823, 0.008681254461407661, -0.026767579838633537, 0.0839853510260582, -0.01625003293156624, 0.021736634895205498, -0.02437523379921913, -0.0011913462076336145, 0.040154602378606796, 0.054583970457315445, -0.03058248572051525, 0.02711692824959755, -0.015938367694616318, 0.005159810185432434, -0.0014751492999494076, 0.0426800362765789, 0.028916075825691223, -0.04660484567284584, 0.037142857909202576, -0.036935970187187195, -0.011892241425812244, -0.004686709959059954, -0.017157133668661118, -0.017029620707035065, 0.025742720812559128, -0.00442898366600275, 0.017343461513519287, 0.01013860572129488, -0.019591674208641052, 0.06166674569249153, -0.006281646899878979, 0.022702040150761604, 0.017411135137081146, 0.020289016887545586, -0.03581654652953148, 0.0019005193607881665, 0.008346065878868103, 0.059702035039663315, -0.014748910441994667, 0.020076002925634384, -0.009499972686171532, 0.009516406804323196, 0.014508788473904133, -0.023721249774098396, -0.005090910010039806, -0.0034719151444733143, -0.004893343895673752, -0.038288235664367676, -0.0540086030960083, 0.004653130657970905, -0.035998791456222534, -0.022085368633270264, 0.01073646079748869, -0.008939879946410656, 0.029424089938402176, -0.003957930486649275, 0.0012142002815380692, -0.07420214265584946, 0.016307596117258072, -0.02164882980287075, 0.035380516201257706, -0.03231373801827431, -0.04388338327407837, -0.040508855134248734, 0.006363052874803543, -0.005247998051345348, 0.028698502108454704, 0.008423547260463238, 0.005485031753778458, -0.027168557047843933, 0.04143451526761055, -0.03282202035188675, -0.011132093146443367, 0.027185732498764992, -0.002996486146003008, -0.016840381547808647, -0.053489577025175095, -0.003471874864771962, -0.03429669141769409, 0.01827791891992092, -0.01669880375266075, -0.020553769543766975, 0.018279263749718666, -0.016335271298885345, 0.030949393287301064, -0.024328965693712234, 0.007511400617659092, -0.006824478507041931, -0.025931894779205322, -0.1444665789604187, 0.00287323584780097, -0.03451501950621605, 0.014033445157110691, -0.042700041085481644, 0.013109670020639896, -0.04566166177392006, -0.027401791885495186, -0.0019232304766774178, -0.004559710156172514, -0.03785356879234314, 0.0011915095383301377, 0.060885924845933914, -0.024359317496418953, -0.02432592213153839, 0.03159112110733986, -0.01145595870912075, 0.017373818904161453, 0.03267185389995575, 0.03998855501413345, 0.004359373822808266, -0.02769559621810913, -0.0009808583417907357, -0.02609114721417427, -0.009356653317809105, -0.013785292394459248, 0.0048858593218028545, -0.015435024164617062, -0.022795166820287704, 0.0013961183140054345, 0.013621474616229534, 0.012005642056465149, 0.022594286128878593, 0.00018971908139064908, -0.05113851651549339, 0.0027555215638130903, 0.004611385520547628, -0.018818793818354607, 0.018839923664927483, -0.004461036995053291, -0.014635546132922173, 0.03432038426399231, -0.017173519358038902, 0.009360216557979584, 0.0331290178000927, 0.03866827115416527, 0.015167239122092724, -0.01010001078248024, -0.011198652908205986, -0.005072683095932007, -0.021130116656422615, 0.0259237103164196, -0.024005774408578873, -0.025042016059160233, -0.024018559604883194, 0.020999012514948845, 0.002824405673891306, -0.016729142516851425, -0.023601073771715164, 0.04822619631886482, -0.03798377141356468, 0.030582008883357048, -0.0227272380143404, -0.06898120045661926, -0.01845778338611126, 0.03337262198328972, -0.036144234240055084, 0.030882306396961212, -0.0005521394778043032, 0.00239399797283113, -0.025985095649957657, -0.00732454052194953, -0.02426431141793728, -0.02372388355433941, 0.017466818913817406, -0.005970579106360674, 0.016540227457880974, -0.030705029144883156, -0.028376933187246323, -0.018096650019288063, -0.00854914914816618, -0.022267624735832214, -0.010660865344107151, 0.03299111872911453, 0.024105524644255638, 0.039191924035549164, -0.012740128673613071, 0.0024959896691143513, -0.008021381683647633, 0.011996859684586525, -0.04921453446149826, -0.049587611109018326, -0.003024142701178789, 0.03418171778321266, -0.02049069106578827, 0.038497135043144226, -0.010222903452813625, -0.029593678191304207, 0.021327223628759384, -0.01112874411046505, 0.010931876488029957, 0.004952951334416866, -0.028002681210637093, -0.028034789487719536, -0.04390385001897812, 0.033836718648672104, 0.051075201481580734, 0.032255399972200394, 0.016522884368896484, -0.00550493411719799, -0.0548069104552269, -0.0029551272746175528, -0.010798575356602669, 0.016884032636880875, -0.04523581266403198, -0.006145051680505276, 0.016174061223864555, 0.012266420759260654, 0.012409858405590057, -0.02460620552301407, -0.03707941994071007, -0.014056618325412273, 0.039364010095596313, -0.030235078185796738, 0.007007251027971506, 0.023953605443239212, 0.020717697218060493, 0.007405584212392569, 0.03021927736699581, 0.033186133950948715, 0.03045729734003544, -0.028747597709298134, 0.02022281102836132, 0.0467413105070591, 0.03125402703881264, -0.014715535566210747, -0.05794691666960716, 0.03045271523296833, -0.041737932711839676, -0.017625728622078896, -0.010916468687355518, -0.021428601816296577, 0.023889506235718727, -0.05156529322266579, 0.04119943454861641, -0.03458144888281822, -0.007178270723670721, -0.0046625579707324505, 0.028628425672650337, 0.010337213054299355, 0.022010507062077522, -0.03217000886797905, -0.02363826148211956, 0.026701465249061584, 0.006928563583642244, 0.02081185206770897, -0.009063868783414364, -0.009227710776031017, -0.054331421852111816, 0.03512633964419365, 0.04022872447967529, -0.010746638290584087, -0.0647144541144371, 0.011043828912079334, 0.004145999439060688, 0.016192227602005005, 0.017666053026914597, -0.007801115047186613, -0.032184403389692307, 0.04755707085132599, 0.04121699184179306, 0.021456684917211533, -0.01982101984322071, -0.03305509686470032, 0.019732961431145668, -0.053184088319540024, 0.04364093765616417, -0.02077382430434227, 0.048219334334135056, 0.010360478423535824, 0.0485408753156662, 0.007368242368102074, 0.048301734030246735, -0.004305289592593908, -0.01101498119533062, 0.01766788773238659, -0.004378305282443762, 0.03043312579393387, 0.015967130661010742, -0.03712513670325279, 0.0068571120500564575, 0.026322146877646446, -0.04565953090786934, 0.004873726516962051, 0.031731441617012024, 0.0019726227037608624, 0.011615050956606865, 0.00963438581675291, -0.0037023902405053377, 0.060385432094335556, -0.008849515579640865, 0.029072962701320648, 0.03979234769940376, 0.0015557169681414962, -0.012895265594124794, -0.01089022122323513, -0.04379162937402725, 0.008006238378584385, -0.005193698685616255, 0.004617015365511179, -0.026869606226682663, 0.04972227290272713, -0.04497351869940758, 0.0016029940452426672, 0.011318137869238853, -0.043193522840738297, 0.027418507263064384, 0.008506701327860355, -0.013777952641248703, 0.00589035265147686, 0.021150894463062286, 0.03719060868024826, -0.03276024013757706, -0.030643541365861893, -0.06597945839166641, 0.003991817589849234, -0.0021636229939758778, 0.018811408430337906, -0.04129550978541374, 0.03764240816235542, -0.011498584412038326, 0.014427540823817253, 0.0009026793413795531, 0.0313400961458683, 0.03333227336406708, -0.055206067860126495, 0.017921045422554016, 0.018214702606201172, 0.007098404690623283, -0.014710632152855396, 0.05113847553730011, 0.007678412366658449, 0.005525354295969009, 0.01383478194475174]",,
15_1_0_errors_future_webpack5_moved_to_webpack5_mdx,document,,`future.webpack5` has been moved to `webpack5`,,{'related_links': []},15.1.0,"## Why This Error Occurred

The `future.webpack5` option has been moved to `webpack5` in `next.config.js`.

## Possible Ways to Fix It

If you had the value `true` you can remove the option as webpack 5 is now the default for all Next.js apps unless opted out.

If you had the value `false` you can update `next.config.js`:

Change `future.webpack5` to `webpack5`.

Current `next.config.js`:

```js filename=""next.config.js""
module.exports = {
  future: {
    webpack5: false,
  },
}
```

Updated `next.config.js`:

```js filename=""next.config.js""
module.exports = {
  webpack5: false,
}
```",,"[(np.int64(5), np.float64(0.042637936770915985)), (np.int64(6), np.float64(0.014637146145105362)), (np.int64(47), np.float64(0.1368226259946823)), (np.int64(758), np.float64(0.2141079306602478)), (np.int64(1135), np.float64(0.06486447155475616)), (np.int64(1556), np.float64(0.1059972271323204)), (np.int64(2809), np.float64(0.10637430846691132)), (np.int64(3125), np.float64(0.18659639358520508)), (np.int64(6644), np.float64(0.1981237232685089)), (np.int64(9473), np.float64(0.03322317823767662)), (np.int64(14051), np.float64(0.15593643486499786)), (np.int64(29102), np.float64(0.2984597682952881)), (np.int64(109133), np.float64(0.18414542078971863))]","[-0.0436006560921669, -0.005210231523960829, -0.017885738983750343, 0.02968630939722061, -0.03621385246515274, -0.041480910032987595, 0.014121146872639656, 0.024575121700763702, -0.003930146340280771, 0.022610560059547424, 0.007587012369185686, -0.01428506150841713, -0.00968517828732729, 0.028692634776234627, -0.023494990542531013, 0.009461024776101112, -0.009038092568516731, 0.00969578605145216, -0.009637316688895226, -0.003042046446353197, -0.0365547314286232, -0.027311280369758606, 0.01054344978183508, 0.03121008910238743, -0.006369761191308498, -0.012173347175121307, -0.04359136149287224, -0.033870283514261246, 0.002274195896461606, 0.023554900661110878, 0.016362961381673813, -0.050715651363134384, -0.014988337643444538, -0.004181316122412682, -0.024574309587478638, -0.027726182714104652, -0.014736633747816086, -0.023942256346344948, -0.017966173589229584, 0.018293917179107666, 0.02528197690844536, 0.009445282630622387, -0.007446975447237492, -0.011989520862698555, 0.037198036909103394, -0.0035178803373128176, 0.00023692604736424983, 0.001562585704959929, -0.022326037287712097, -0.03433266282081604, -0.02264181151986122, -0.040286991745233536, 0.05045020580291748, -0.042185503989458084, 0.042995478957891464, 0.023289069533348083, 0.008186898194253445, -0.027420686557888985, -0.0296341385692358, -0.013963211327791214, -0.013732587918639183, -0.0437050461769104, -0.010627460666000843, 0.0005498165264725685, -0.00729049788787961, 0.03075762279331684, 0.009340018965303898, -0.024097373709082603, -0.038620855659246445, -0.030806230381131172, -0.008007838390767574, 0.009336389601230621, -0.05270874500274658, -0.025410359725356102, -0.03849472105503082, -0.0055902209132909775, 0.010922851972281933, -0.04151414707303047, 0.03786756470799446, -0.011565580032765865, 0.042761754244565964, -0.014957640320062637, 0.029353415593504906, -0.004115010146051645, 0.03000715933740139, -0.0038573811762034893, -0.04470982775092125, 0.05283388867974281, 0.047044966369867325, -0.013584312051534653, 6.7304426920600235e-06, -0.02547353506088257, 0.04450828954577446, -0.040653571486473083, -0.00973497424274683, -0.010676199570298195, -0.0015749596059322357, -0.03500991687178612, 0.0640416294336319, -0.036705341190099716, -0.011594397947192192, -0.013687514699995518, 0.00701417401432991, -0.007174695376306772, 0.011540288105607033, 0.04609574377536774, 0.03856775909662247, 0.010834082961082458, -0.002404905157163739, -0.03601139783859253, 0.009069685824215412, -0.004027630668133497, 0.04075131192803383, 0.011823399923741817, -0.011921542696654797, -0.0520445816218853, -0.0069372644647955894, -0.018804047256708145, 0.03910105302929878, -0.001364900846965611, 0.036439500749111176, -0.027639923617243767, 0.027748290449380875, -0.006060604937374592, -0.0014108563773334026, 0.021731538698077202, -0.017033562064170837, 0.05932057648897171, -0.02549571730196476, 0.02579314447939396, 0.015066569671034813, -0.02732597291469574, -0.002990239765495062, 0.00863788090646267, -0.03282594680786133, 0.036068372428417206, -0.008198017254471779, -0.018952347338199615, 0.03379417583346367, -0.05463402345776558, 0.013258084654808044, -0.01360548660159111, 0.0039769611321389675, -0.014580750837922096, 0.04788538068532944, 0.03710952028632164, 0.09942322969436646, -0.03682803735136986, 0.024401681497693062, -0.054584283381700516, 0.0032388390973210335, 0.008339757099747658, 0.0007866619853302836, -0.03216222673654556, -0.0018411341588944197, 0.012820752337574959, 0.03690870851278305, -0.044904522597789764, -0.002341165440157056, -0.011375527828931808, -0.06905953586101532, 0.018680226057767868, -0.06457609683275223, -0.029864687472581863, 0.03049658238887787, -0.020861908793449402, 0.0003611906722653657, -0.006727538537234068, -0.05046248063445091, -0.010034243576228619, -0.04385704547166824, -0.02721269801259041, -0.0022396284621208906, -0.03289587423205376, 0.03545336797833443, 0.03832515701651573, 0.052116699516773224, 0.01534541230648756, 0.01788373477756977, -0.022961685433983803, -0.021068548783659935, 0.0013364588376134634, 0.025956526398658752, -0.03311706706881523, -0.040823668241500854, -0.016218749806284904, 0.039022985845804214, -0.039552900940179825, -0.018781939521431923, -0.022175684571266174, -0.042001333087682724, 0.016880162060260773, 0.045160580426454544, 0.019897762686014175, 0.021647993475198746, -0.01707870326936245, 0.0029473332688212395, -0.01140683889389038, 0.006780498195439577, -0.009537805803120136, -0.04766979068517685, -0.007080637384206057, 0.024193929508328438, 0.01774130016565323, -0.0018448615446686745, -0.004630867391824722, -0.0067949495278298855, -0.046175766736269, -0.02099631540477276, -0.012392015196383, -0.03373514115810394, -0.017388014122843742, 0.028595440089702606, 0.004501773044466972, -0.04184971749782562, -0.001880978001281619, 0.025104010477662086, 0.021782126277685165, -0.029946397989988327, -0.03976195305585861, -0.01578669250011444, 0.0016634115017950535, 0.022484224289655685, -0.03356599807739258, -0.013233926147222519, 0.025661811232566833, 0.040396079421043396, 0.010754978284239769, -0.028117218986153603, -0.002629827940836549, 0.002880831714719534, -0.0006311602774076164, 0.04946700856089592, -0.0016245305305346847, 0.038672756403684616, -0.06317343562841415, -0.043423738330602646, -0.029154792428016663, -0.022889873012900352, -0.03133309632539749, 0.035502560436725616, -0.06579788774251938, 0.00988427922129631, 0.04835297539830208, -0.016962850466370583, 0.03120875544846058, 0.010118341073393822, 0.004471347201615572, -0.020289061591029167, -0.007294697221368551, 0.004626859910786152, 0.020469367504119873, -0.024213889613747597, -0.027454407885670662, 0.011616460047662258, 0.0194143895059824, -0.009751253761351109, -0.015367336571216583, -0.033156927675008774, -0.021712668240070343, 0.026632660999894142, 0.032863352447748184, -0.018862025812268257, 0.010513024404644966, -0.006753545720130205, 0.020673859864473343, -0.021985134109854698, -0.022989602759480476, -0.009755486622452736, -0.045361291617155075, -0.030828742310404778, 0.03440449759364128, 0.03340863436460495, 0.001376813161186874, -0.013789410702884197, 0.029898211359977722, -0.0055474224500358105, -0.03652900084853172, 0.05346962809562683, 0.027159515768289566, -0.047253116965293884, 0.018531382083892822, 0.06080959364771843, 0.014221293851733208, 0.018221868202090263, 0.002617701655253768, -0.043636504560709, -0.03514531999826431, 0.003597850911319256, -0.000583331158850342, 0.01400909572839737, 0.01410189550369978, 0.037680283188819885, -0.016697054728865623, -0.006149022374302149, -0.013588322326540947, 0.044401057064533234, -0.15651291608810425, 0.007288796827197075, 0.06768670678138733, -0.032287534326314926, -0.0008584540337324142, 0.0001430703850928694, 0.023849068209528923, 0.007572070695459843, -0.015084370039403439, 0.04405507072806358, 0.003179604886099696, -0.02872108668088913, 0.018841464072465897, -0.024791626259684563, 0.02193395607173443, 0.01602695696055889, 0.00389838800765574, 0.01399842370301485, 0.042383819818496704, -0.05089213326573372, 0.01058787852525711, -0.013919392600655556, 0.004827150143682957, -0.003936480730772018, -0.0037516115698963404, -0.047353606671094894, 0.043566323816776276, -0.039579689502716064, -0.02885494939982891, 0.03261011466383934, -0.01420134399086237, 0.044400811195373535, -0.0017670828383415937, 0.008241105824708939, -0.02579338848590851, -0.021746575832366943, 0.046138178557157516, -0.015476188622415066, -0.00482792966067791, -0.029179001227021217, 0.02279379591345787, 0.02160564251244068, -0.044866085052490234, -0.003434707410633564, 0.03073081746697426, -0.00549181317910552, -0.005757798906415701, 0.009544136933982372, -0.008835499174892902, -0.01493300125002861, 0.023718131706118584, 0.012757835909724236, 0.007231580559164286, -0.004923353437334299, -0.01703336462378502, 0.004757005255669355, -0.002130368258804083, 0.043013669550418854, -0.03558521345257759, -0.02079598233103752, -0.009039057418704033, -0.016601642593741417, 0.064275361597538, 0.03317347541451454, -0.03549865260720253, 0.015792295336723328, 0.03358174115419388, -0.02655135653913021, 0.030922768637537956, -0.02254590578377247, 0.005201146472245455, 0.0068146721459925175, 0.03536410257220268, 0.007689912337809801, -0.04892440140247345, 0.01859702542424202, 0.006546664517372847, -0.03499658405780792, -0.007285433355718851, -0.1114855632185936, 0.04552755877375603, 0.019553883001208305, -0.026141587644815445, 0.046341422945261, -0.028639372438192368, -0.018233085051178932, -0.0012498170835897326, -0.021162884309887886, 0.023099346086382866, 0.22660838067531586, 0.05248771235346794, -0.008900148794054985, 0.006478265393525362, 0.05178174749016762, -0.009602212347090244, 0.017981380224227905, 0.030263938009738922, 0.04398016631603241, -0.036276739090681076, -0.02854810282588005, 0.025619029998779297, -0.012423559091985226, -0.015864523127675056, -0.002840161556378007, 0.022396350279450417, -0.03204074129462242, 0.06214994564652443, 0.03086487203836441, -0.04250146821141243, -0.010811779648065567, -0.03888745978474617, 0.059413958340883255, 0.0461851991713047, -0.07854976505041122, 0.009794963523745537, -0.011290905997157097, -0.03618961572647095, -0.0018531467067077756, 0.017761169001460075, -0.058863282203674316, 0.022914424538612366, 0.03335052728652954, -0.03377297520637512, -0.004070399794727564, -0.014190353453159332, 0.02058066800236702, -0.039962295442819595, 0.010842748917639256, 0.034287646412849426, -0.008703264407813549, -0.006859837099909782, 0.004280976951122284, 0.026594312861561775, 0.010008707642555237, -0.050891563296318054, -0.04127473011612892, -0.00863729976117611, -0.039088405668735504, -0.04485711827874184, 0.00717612449079752, -0.06461889296770096, -0.03660397231578827, 0.022051366046071053, -0.00018247791740577668, -0.04803748056292534, 0.02034473419189453, -0.012111359275877476, 0.0148687232285738, 0.01369436550885439, -0.005207153037190437, -0.0005215250421315432, -0.003274971153587103, -0.003738876897841692, -0.027310119941830635, 0.03189924359321594, 0.009126105345785618, -0.03682658448815346, 0.017312951385974884, 0.03597124293446541, -0.043612610548734665, 0.015614183619618416, 0.031001321971416473, -0.00866914913058281, -0.006169853266328573, -0.022181974723935127, 0.03829863667488098, 0.04840657114982605, 0.0229281485080719, 0.03899017348885536, -0.008945313282310963, 0.01637965999543667, -0.03197900950908661, 0.046518560498952866, 0.047192394733428955, -0.04325471073389053, 0.06787947565317154, 0.05780753120779991, 0.006243369076400995, -0.025869708508253098, 0.011817176826298237, 0.03525566682219505, 0.04752656817436218, 0.05424559861421585, -0.01518143992871046, 0.01208401657640934, 0.03160630539059639, -0.003650978673249483, 0.01323155127465725, 0.050310347229242325, -0.02306918241083622, -0.014067074283957481, -0.002310322830453515, -0.0656004548072815, 0.031104592606425285, -0.03425104171037674, 0.05103748291730881, -0.008204352110624313, 0.013731936924159527, -0.009241879917681217, -0.044749848544597626, 0.0023726574145257473, 0.0259767584502697, -0.03745400160551071, -0.04345108941197395, 0.020497553050518036, 0.041030846536159515, -0.0013747802004218102, 0.02703819051384926, 0.041408389806747437, 0.0015229569980874658, -0.02403060346841812, -0.0348677895963192, 0.019259128719568253, 0.02055169641971588, -0.058400120586156845, -0.018936902284622192, 0.03458767384290695, -0.04685220122337341, -0.0227998998016119, 0.041512276977300644, -0.02519090846180916, 0.009949855506420135, 0.04265053570270538, 0.022796865552663803, 0.030587593093514442, 0.002519648289307952, 0.016847066581249237, 0.03476307541131973, 0.028191782534122467, -0.04871527850627899, -0.014477835036814213, 0.03863900154829025, -0.01819797232747078, 0.01859668456017971, 0.05783526599407196, 0.0664549246430397, -0.01767757534980774, 0.02061118744313717, 0.03300085663795471, 0.034504082053899765, 0.08140943199396133, 0.0008444730192422867, -0.03731401637196541, -0.0230430755764246, -0.05479129031300545, 0.014679803512990475, 0.015085654333233833, -0.040388453751802444, -0.023892095312476158, -0.0027129666414111853, 0.011633682064712048, 0.02389434352517128, 0.046074751764535904, 0.04182611033320427, 0.00666687311604619, -0.011909844353795052, 0.00817810371518135, 0.017198888584971428, -6.80692755850032e-06, 0.016448847949504852, -0.025991210713982582, -0.05636264383792877, 0.003170737996697426, 0.023358644917607307, 0.01029997505247593, -0.08094106614589691, -0.008980684913694859, -0.01162200327962637, -0.000259595166426152, -0.011894844472408295, -0.001563972677104175, -0.04329966381192207, -0.02688545174896717, 0.029427921399474144, -0.028302954509854317, -0.0029256902635097504, -0.010711868293583393, 0.04426461458206177, -0.038783010095357895, -0.009036383591592312, 0.1205890104174614, 0.0031286266166716814, -0.010140608064830303, 0.051924385130405426, 0.026621121913194656, 0.0594743937253952, 0.04119380563497543, 0.00830699410289526, -0.000945553882047534, 0.040939755737781525, -0.02439071796834469, -0.031001364812254906, 0.00031021953327581286, 0.008332878351211548, -0.0293552428483963, -0.0573071613907814, -0.0030647660605609417, -0.008362946100533009, 0.0036162559408694506, -0.010006747208535671, 0.00038070190930739045, -0.003159503685310483, -0.019218124449253082, 0.03918328136205673, -0.05671771615743637, 0.08134252578020096, 0.02641221694648266, 0.04644728824496269, 0.013612065464258194, -0.05131427198648453, -0.019835392013192177, 0.007526285480707884, -0.01425980869680643, -0.02555285394191742, 0.02344992570579052, 0.017304755747318268, -0.002703837351873517, 0.030460139736533165, 0.010859458707273006, -0.009927348233759403, 0.05711643025279045, 0.006821521557867527, -0.03788568824529648, 0.027442609891295433, 0.018869522958993912, 0.02319561503827572, 0.02502194233238697, 0.01623186282813549, -0.0013704319717362523, -0.007456006016582251, -0.010548727586865425, 0.04896136000752449, 0.029224885627627373, 0.00021899346029385924, 0.009965091943740845, -0.02468268573284149, -0.023533759638667107, 0.04103598743677139, 0.00991122703999281, -0.017013544216752052, 0.009959378279745579, 0.029439492151141167, -0.0015798559179529548, 0.017410673201084137, 0.0038632811047136784, 0.025994157418608665, -0.0058769648894667625, -0.048162877559661865, -0.005301826633512974, 0.013344486244022846, 0.01021762378513813, -0.019065771251916885, 0.010343562811613083, 0.048274315893650055, -0.06289619952440262, 0.028996054083108902, -0.042925138026475906, 0.016806378960609436, -0.05904461443424225, 0.00933303963392973, 0.011554185301065445, -0.01893731951713562, 0.009209479205310345, -0.0001614770881133154, -0.013080348260700703, -0.02439127303659916, -0.024104639887809753, 0.0013197960797697306, -0.06249823793768883, -0.020836729556322098, -0.020227309316396713, 0.004907019902020693, -0.00035293030668981373, -0.015395330265164375, -0.01185322180390358, 0.06493440270423889, 0.0012357472442090511, -0.02386677823960781, -0.03652514889836311, -0.022273533046245575, -0.020299239084124565, -0.058454643934965134, -0.0013507464900612831, 0.007537433411926031, 0.022555654868483543, 0.018980713561177254, -0.02036614902317524, -0.004491287749260664, 0.03423687815666199, -0.014222624711692333, -0.02019556611776352, 0.008074571378529072, -0.02806301973760128, -0.05595046281814575, 0.04721933975815773, -0.02056136354804039, -0.01851104199886322, 0.05261332541704178, 0.011419628746807575, -0.005598775576800108, -0.09053555130958557, 0.025552798062562943, 0.022312583401799202, 0.014139821752905846, -0.011750736273825169, 0.08348412811756134, -0.03394574299454689, -0.028619566932320595, -0.008738132193684578, 0.01051417551934719, -0.011589761823415756, -0.015375240705907345, -0.011418305337429047, 0.01018868200480938, 0.04430987313389778, 0.02637338638305664, -0.03169707581400871, -0.05608091875910759, 0.03397965431213379, -0.016119498759508133, -0.0008288403041660786, 0.013467023149132729, -0.0057937572710216045, -0.009731943719089031, -0.04932130128145218, -0.0019929041154682636, -0.007811929564923048, 0.028302153572440147, -0.003783669089898467, -0.013226241804659367, -0.008184744976460934, 0.04821336641907692, -0.03711293637752533, 0.007232256233692169, -0.032217394560575485, -0.004468901082873344, -0.030860209837555885, -0.015553678385913372, 0.015568065457046032, 0.008441781625151634, 0.009160253219306469, 0.001075378037057817, -0.03398655727505684, 0.012318721041083336, 0.0319385752081871, -0.010212446562945843, 0.03115096129477024, -0.021478084847331047, 0.05031483620405197, -0.055021341890096664, 0.019290238618850708, -0.007593701593577862, -0.021163631230592728, -0.0038077894132584333, 0.009058034978806973, 0.027907507494091988, -0.007471148855984211, -0.009799133986234665, 0.006999538745731115, -0.0014328798279166222, 0.0012438041158020496, 0.034058813005685806, -0.008942294865846634, 0.004401796031743288, 0.024474304169416428, -0.024931415915489197, 0.04212165251374245, 0.039442770183086395, 0.01847205124795437, -0.020800666883587837, 0.008051101118326187, -0.003241592552512884, -0.028962338343262672, 0.004608282819390297, 0.015550962649285793, -0.01816728338599205, -0.00025025784270837903, -0.016332216560840607, 0.03947144374251366, 0.011174995452165604, -0.02826116234064102, 0.0006553622079081833, 0.03178129345178604, -0.12917034327983856, -0.001541598467156291, 0.015456846915185452, 0.02222875878214836, -0.03623682260513306, 1.7733866116032004e-05, 0.03588433563709259, -0.025567609816789627, 0.03572505712509155, -0.02215597592294216, -0.03137442469596863, -0.0180651992559433, 0.03372936695814133, -0.03533656522631645, 0.045182909816503525, 0.01291080005466938, -0.023654770106077194, -0.0036363413091748953, -0.016681097447872162, -0.005033537279814482, -0.010125665925443172, -0.0023017735220491886, 0.022707350552082062, -0.01717262715101242, -0.014498925767838955, -0.03255799040198326, -0.010958670638501644, 0.007374790497124195, 0.017423756420612335, -0.0055634696036577225, -0.03367818892002106, 0.014229243621230125, -0.0022073108702898026, 0.027735071256756783, -0.01597677357494831, -0.015567704103887081, 0.007228485774248838, 0.011044682003557682, -0.04248419776558876, 0.004535439889878035, -0.00919585581868887, 0.00715236458927393, -0.051889464259147644, -0.00047008608817122877, 0.005670004989951849, 0.060424674302339554, -0.019777951762080193, -0.011631055735051632, -0.06402260810136795, 0.010693958960473537, -0.02179022878408432, 0.02422695979475975, 0.001464943983592093, 0.00299095269292593, 0.011659093201160431, 0.010671339929103851, 0.008269380778074265, -0.04412881284952164, -0.03201209753751755, 0.03799453005194664, -0.011631179600954056, 0.010777575895190239, -0.055344030261039734, -0.013127604499459267, -0.047914933413267136, 0.009307792410254478, -0.00953369028866291, 0.045060206204652786, -0.01306663453578949, -0.02842983603477478, -0.07569844275712967, -0.039577893912792206, -0.04352125525474548, -0.007014577277004719, -0.0014698462327942252, -0.05393536761403084, 0.028303112834692, -0.06111181899905205, -0.024507861584424973, 0.029127134010195732, -0.06544892489910126, -0.003634307300671935, -0.07172449678182602, 0.003587414976209402, 0.08999042212963104, -0.006443939637392759, 0.01617896556854248, 0.011719606816768646, -0.017009248957037926, -0.03771742060780525, -0.03576056659221649, -0.0195298008620739, -0.002758369781076908, 0.03708786144852638, -0.007050379645079374, 0.014645995572209358, -0.0019430913962423801, -0.001008936669677496, -0.005411584861576557, -0.047853440046310425, -0.02701326459646225, -0.02442452497780323, 0.005284929648041725, 0.010281916707754135, 0.00232624146156013, 0.002020063577219844, 0.017849676311016083, 0.03737252950668335, -0.012422756291925907, -0.0324040949344635, -0.030436020344495773, 0.0008581586880609393, -0.03973238915205002, 0.011042020283639431, -0.010491086170077324, 0.009773806668817997, -0.016527405008673668, 0.0355665497481823, 0.0052109514363110065, -0.0365581288933754, -0.008855560794472694, 0.033936455845832825, 0.021870868280529976, -0.038816940039396286, 0.006258553825318813, -0.034789424389600754, 0.05895646661520004, 0.019763601943850517, 0.016367588192224503, -0.07295738160610199, 0.013409540988504887, -0.05921526625752449, -0.02760007604956627, 0.03135371953248978, 0.025601718574762344, 0.05744282528758049, -0.027419425547122955, 0.03505605831742287, -0.041839927434921265, -0.049894046038389206, -0.04306128993630409, 0.012987402267754078, 0.01434601191431284, -0.06276765465736389, -0.0015181807102635503, -0.03329109027981758, 0.03021109662950039, 0.016506358981132507, -0.02835412137210369, -0.007516240701079369, -0.002977403812110424, 0.021946953609585762, 0.006372354459017515, 0.030432557687163353, -0.035873230546712875, 0.04990636557340622, -0.007495259400457144, 0.04205234348773956, -0.02915128692984581, 0.0662459209561348, -0.01955045387148857, -0.030138587579131126, 0.007003488019108772, -0.003935462795197964, 0.052937101572752, 0.044558241963386536, -0.005169097799807787, -0.009848576970398426, -0.020640062168240547, 0.011977036483585835, -0.008336920291185379, 0.06417439132928848, -0.0071371933445334435, -0.01887575350701809, 0.023265201598405838, -0.03291966766119003, 0.01699058711528778, 0.0021922679152339697, 0.028608953580260277, -0.0023984231520444155, 0.033129580318927765, 0.00015803294081706554, 0.04821304976940155, 0.011695047840476036, -0.013843565247952938, -0.02247711643576622, -0.018046975135803223, 0.027516677975654602, -0.0073479763232171535, 0.01095531601458788, -0.05218129977583885, -0.014617779292166233, 0.031145930290222168, 0.016687778756022453, 0.010353393852710724, -0.045205023139715195, -0.014551578089594841, -0.010864479467272758, 0.031712550669908524, 0.05152283236384392, 0.03865232318639755, -0.018579278141260147, 0.047444019466638565, 0.006966376677155495, 0.0008453639457002282, -0.018891308456659317, -0.04914822056889534, 0.023152362555265427, 0.024053748697042465, 0.08703338354825974, -0.008519460447132587, -0.016259070485830307, 0.0011309552937746048, 0.02461426705121994, -0.005549077410250902, -0.024559155106544495, -0.02118130587041378, 0.03360295668244362, 0.05308100953698158, 0.018715178593993187, 0.02830895595252514, 0.029618820175528526, -0.05058395862579346, -0.031403932720422745, -0.02047862485051155, -0.018930407240986824, -0.04254814609885216, 0.024931997060775757, 0.009410887025296688, 0.02540738694369793, -0.011500337161123753, 0.0007855281000956893, 0.0003476152487564832, 0.04539379104971886, 0.0053090378642082214, 0.009430788457393646, -0.005147350952029228, 0.023338578641414642, -0.058830130845308304, 0.021854156628251076, -0.02063494548201561, -0.003992374986410141, -0.004062924068421125, -0.015792103484272957]",,
15_1_0_errors_future_webpack5_moved_to_webpack5_mdx_section_1,section,15_1_0_errors_future_webpack5_moved_to_webpack5_mdx,`future.webpack5` has been moved to `webpack5` - Why This Error Occurred,,{},15.1.0,"The `` option has been moved to `` in ``.
",,"[(np.int64(47), np.float64(0.14516684412956238)), (np.int64(758), np.float64(0.21205590665340424)), (np.int64(1556), np.float64(0.08319457620382309)), (np.int64(2809), np.float64(0.13027368485927582)), (np.int64(3125), np.float64(0.18499742448329926)), (np.int64(3293), np.float64(0.1259193867444992)), (np.int64(6644), np.float64(0.1942419856786728)), (np.int64(14051), np.float64(0.14444118738174438)), (np.int64(29102), np.float64(0.29823118448257446)), (np.int64(44084), np.float64(0.08787612617015839)), (np.int64(64240), np.float64(0.082863450050354)), (np.int64(109133), np.float64(0.20767027139663696)), (np.int64(212059), np.float64(0.2573341429233551))]","[-0.009368175640702248, 0.008196032606065273, -0.04283840209245682, 0.038175247609615326, -0.010378231294453144, -0.04996688663959503, 0.0157613568007946, 0.030423125252127647, 0.026981674134731293, 0.015257934108376503, 0.03771493211388588, -0.003701653564348817, 0.00500818295404315, -0.007963168434798717, -0.0035850638523697853, -0.006374575663357973, 0.05841808021068573, 0.02263198047876358, 0.02841072902083397, 0.0034489999525249004, -0.04820694029331207, -0.029428910464048386, -0.012031495571136475, 0.05444655939936638, 0.005766025744378567, 0.014200257137417793, 0.03733441233634949, 0.00621635839343071, 0.03120637871325016, 0.0027120616286993027, 0.01305124070495367, -0.06278883665800095, -0.021289508789777756, -0.060176484286785126, -0.024285586550831795, -0.00015605568478349596, -0.012581445276737213, 0.006508212070912123, -0.04326840862631798, -0.03964634984731674, -0.01755569875240326, 0.015258723869919777, 0.012768919579684734, -0.02660292014479637, 0.046122536063194275, -0.0072179450653493404, 0.005460532382130623, -0.023856421932578087, -0.003843795508146286, -0.003322151955217123, 0.01166094746440649, 0.0058666099794209, 0.05934259667992592, -0.03947710618376732, 0.01766388490796089, 0.004250670783221722, -0.055743508040905, -0.02257090061903, -0.037750717252492905, -0.008828015066683292, -0.033567119389772415, -0.05153368413448334, -0.03690430521965027, 0.03279150649905205, -0.007685714401304722, 0.07719835638999939, 0.02755608968436718, -0.005542568396776915, -0.011344167403876781, -0.033601485192775726, -0.003568998072296381, 0.022523734718561172, -0.04831092059612274, -0.03659086674451828, -0.0423346683382988, 0.05646009370684624, 0.015568643808364868, -0.061316415667533875, 0.0118241673335433, 0.037348341196775436, 0.036339785903692245, -0.03668586537241936, 0.006954698357731104, -0.0037547345273196697, 0.010949568822979927, 0.025509139522910118, -0.04455940052866936, -0.008070170879364014, 0.011034736409783363, -0.025123991072177887, -0.012993387877941132, 0.004890361800789833, 0.012650522403419018, -0.009110968559980392, 0.01624104753136635, -0.026297129690647125, 0.0077370768412947655, -0.03439220041036606, 0.003179430030286312, -0.015632865950465202, 0.042537298053503036, 0.06639419496059418, -0.008053484372794628, -0.014548982493579388, 0.01738542690873146, 0.0248178131878376, 0.005761328618973494, 0.050394199788570404, 0.0235278382897377, 0.001154803205281496, 0.01503141038119793, 0.07275480031967163, 0.029168514534831047, 0.007259370293468237, 0.0020372963044792414, -0.058812182396650314, -0.0317007452249527, -0.027996791526675224, 0.005825094413012266, 0.03171567991375923, 0.07631676644086838, -0.017663205042481422, 0.03222458437085152, 0.014495321549475193, 0.018706506118178368, -0.00021302924142219126, 0.004971644841134548, 0.023708784952759743, -0.03649625927209854, -0.010136269964277744, 0.010468561202287674, 0.0321313850581646, 0.0018561440519988537, -0.027344893664121628, -0.05910894274711609, -0.019928772002458572, -0.005796842277050018, -0.007202749140560627, -0.015128112398087978, -0.0391588918864727, -0.004061216022819281, 0.027000384405255318, 0.003182060783728957, -0.03507564216852188, 0.04095015302300453, -0.021079055964946747, 0.038703128695487976, -0.024092938750982285, 0.02686961740255356, -0.04995214566588402, -0.03331155702471733, 0.02266005054116249, -0.013916797935962677, -0.018153570592403412, -0.02415589615702629, -0.0243037398904562, -0.006566240917891264, 0.004068074282258749, -0.013329917564988136, 0.017506124451756477, -0.038907114416360855, -0.003807385917752981, -0.0361921563744545, -0.02203957363963127, 0.015108388848602772, -0.024380719289183617, 0.0052436236292123795, 0.0364813469350338, 0.005100925453007221, -0.028657464310526848, -0.022181205451488495, -0.06301688402891159, -0.005340881645679474, -0.006166290491819382, 0.0291421078145504, 0.05924161523580551, 0.06615196168422699, -0.012097193859517574, -0.014721370302140713, -0.03636244311928749, -0.014831784181296825, -0.002590009244158864, 0.008897166699171066, -0.027597500011324883, -0.055158790200948715, -0.0029532965272665024, 0.0029850141145288944, -0.006033803336322308, -0.00436574500054121, 0.007253670133650303, -0.016729123890399933, -0.003487873123958707, 0.009796490892767906, 0.04003172740340233, 0.044558506458997726, 0.009142857044935226, -0.020802689716219902, -0.03596625477075577, -0.007931129075586796, 0.008381386287510395, -0.009617200121283531, 0.018917275592684746, 0.048736102879047394, -0.0715700089931488, -0.028236381709575653, -0.012853925116360188, -0.03540709987282753, -0.015842963010072708, 0.041208863258361816, -0.030322551727294922, -0.0066344039514660835, 0.017164606600999832, -0.028050169348716736, -0.008878764696419239, -0.010905859991908073, -0.034221433103084564, 0.005373236257582903, 0.025609565898776054, -0.031284820288419724, -0.07556144148111343, -0.04211653769016266, 0.01901148073375225, 0.014497943222522736, 0.039304524660110474, -0.004378362558782101, 0.028622876852750778, 0.021509259939193726, 0.015205636620521545, -0.0021129846572875977, -0.008971474133431911, -0.010501164942979813, 0.019698334857821465, -0.03886272385716438, 0.002358905039727688, 0.01134242583066225, -0.0017424868419766426, -0.015251814387738705, 0.03590129688382149, 0.037919387221336365, -0.0418684259057045, -0.018834594637155533, -0.006110869813710451, 0.011244423687458038, 0.030728163197636604, -0.01953907683491707, 0.01563209667801857, -0.007200518157333136, -0.010551223531365395, 0.01787521317601204, 0.012049784883856773, 0.04228479787707329, 0.00538993114605546, -0.023540062829852104, -0.013986892998218536, -0.022426409646868706, 0.004217129200696945, 0.017667939886450768, -0.002177430782467127, -0.015595839358866215, -0.034270863980054855, 0.02874978445470333, -0.02385205216705799, 0.015916557982563972, 0.016302751377224922, 0.03184446319937706, -0.0031611169688403606, -0.002959062810987234, -0.005450000055134296, 0.03491410240530968, -0.029438138008117676, -0.03475422412157059, -0.019069327041506767, 0.025988994166254997, 0.011412983760237694, 0.025698721408843994, 0.022975629195570946, -0.018808579072356224, -0.0564192458987236, 0.060808997601270676, 0.008043775334954262, -0.004336156882345676, 0.015479948371648788, 0.028464870527386665, 0.02177855372428894, 0.020795738324522972, 0.022371433675289154, -0.02175232581794262, 0.019654763862490654, -0.0413091741502285, -0.04630006104707718, 0.004729950334876776, -0.028296325355768204, 0.06697747856378555, -0.012535596266388893, -0.050193171948194504, -0.05027804523706436, -0.011486639268696308, -0.17719882726669312, 0.02060919813811779, 0.012112895026803017, 0.0221331138163805, 0.026521824300289154, -0.008462508209049702, -0.02103310264647007, -0.021386563777923584, -0.029452156275510788, 0.012365198694169521, -0.04236014187335968, -0.05815015733242035, 0.046165455132722855, -0.012059761211276054, 0.0018935126718133688, 0.027450548484921455, 0.004544843453913927, -0.018025385215878487, 0.0343758799135685, -0.034733422100543976, -0.025247128680348396, -0.022125771269202232, 0.058478549122810364, -0.013246719725430012, -0.01728828251361847, 0.0046015032567083836, 0.021413831040263176, -0.028449704870581627, -0.04555145278573036, -0.00017764662334229797, 0.021327868103981018, 0.05560512840747833, -0.017267098650336266, 0.02920941449701786, -0.02024836651980877, 0.03701663017272949, 0.02275322563946247, -0.02673296630382538, -0.02654167264699936, -0.008764022029936314, 0.05949157476425171, -0.008231968618929386, -0.027762316167354584, 0.021382397040724754, 0.009534420445561409, -0.07266878336668015, -0.01499699242413044, -0.026688026264309883, -0.04301655292510986, 0.04821942001581192, 0.006752448156476021, -0.0052313730120658875, -0.03090296871960163, -0.0029914630576968193, -0.03191510960459709, 0.010688523761928082, 0.015588758513331413, 0.0044912914745509624, -0.07684741169214249, 0.025962231680750847, -0.02821204997599125, -0.015410758554935455, 0.040583301335573196, 0.022346144542098045, -0.0382792092859745, 0.011181360110640526, -0.00040767365135252476, -0.03453513979911804, 0.04607605189085007, 0.00639772042632103, 0.0325353778898716, 0.006942211650311947, 0.03244047984480858, 0.016603849828243256, -0.05027580261230469, -0.01709788851439953, 0.002522975206375122, -0.014696354046463966, -0.03218003362417221, -0.11062195152044296, 0.005938294343650341, 0.0009737103246152401, -0.019019508734345436, 0.020770296454429626, -0.0035465462133288383, -0.02556574158370495, 0.02004357986152172, 0.032041605561971664, 0.025845540687441826, 0.2439119666814804, 0.11132574826478958, 0.028396153822541237, 0.0066580199636518955, 0.07017730176448822, -0.018209189176559448, 0.018685603514313698, 0.004881867673248053, -0.010108075104653835, -0.03088281862437725, 0.0021408882457762957, 0.01749986782670021, 0.018954111263155937, -0.014324651099741459, 0.005019908305257559, 0.008242891170084476, -0.028147701174020767, 0.011663352139294147, 0.08965656906366348, -0.005795138888061047, 0.02111576311290264, -0.0421423502266407, 0.02761758863925934, 0.0031063954811543226, -0.07292758673429489, 0.01369089912623167, -0.030966687947511673, -0.009659852832555771, -0.019592756405472755, 0.026763178408145905, -0.04170259088277817, 0.0034993435256183147, 0.04744737222790718, -0.006159790325909853, 0.009707191959023476, -0.04453323781490326, 0.022367609664797783, -0.025590667501091957, -0.05836291238665581, 0.02628587931394577, -0.027598852291703224, -0.03973418101668358, 0.013570302166044712, -0.005362657364457846, 0.0047542923130095005, 0.005346189718693495, -0.003100017551332712, -0.009384691715240479, -0.04120486229658127, 0.0015363498823717237, 0.023279692977666855, -0.013010037131607533, -0.013279312290251255, 0.005605919752269983, 0.013708028942346573, -0.034535713493824005, -0.03936120122671127, 0.015864135697484016, 0.005053737200796604, 0.031403783708810806, 0.03488871455192566, 0.01430222112685442, -0.018478499725461006, 0.03784245252609253, -0.010407689958810806, 0.025168659165501595, 0.016060497611761093, -0.049009375274181366, -0.0011544424341991544, 0.03346039727330208, -0.010992965660989285, 0.025869132950901985, -0.0036389422602951527, 0.026102276518940926, 0.04104534909129143, 0.05969829112291336, 0.02522537112236023, 0.0016842203913256526, 0.029824526980519295, 0.036308951675891876, -0.026768140494823456, -0.04602319002151489, -0.00958863366395235, 0.022516626864671707, 0.022747548297047615, -0.031519364565610886, 0.004615207202732563, 0.07538071274757385, 0.018788935616612434, -0.06558700650930405, 0.02872508205473423, 0.0318087637424469, 0.001799692283384502, 0.014075053855776787, -0.02112225815653801, -0.044878117740154266, 0.06600937992334366, 0.004285342525690794, -0.02879384160041809, -0.022001776844263077, -0.04954896494746208, -0.01519498135894537, 0.0005466052098199725, -0.07712595164775848, 0.04930863529443741, -0.01435171440243721, -0.014149024151265621, -0.02086668089032173, 0.010779932141304016, -0.028753893449902534, 0.0341762974858284, 0.03098539263010025, 0.013574290089309216, -0.026660555973649025, -0.0041764951311051846, 0.0621684230864048, 0.03214852139353752, 0.03578924387693405, -0.0032146607991307974, 0.03999011963605881, -0.003224943997338414, -0.028292516246438026, 0.009865110740065575, 0.005813745316118002, -0.05183763429522514, -0.04004671424627304, 0.0482301190495491, 0.057433780282735825, -0.03812409192323685, 0.025431863963603973, 0.03770095109939575, -0.01843865029513836, -0.006143807899206877, -0.009569810703396797, 0.04366309195756912, -0.036534689366817474, 0.04031672701239586, 0.009416886605322361, -0.012048040516674519, 0.006175987888127565, 0.005972506478428841, -0.023554442450404167, -0.011291805654764175, -0.03172857314348221, 0.037007950246334076, 0.008567538112401962, 0.024485530331730843, -0.018955538049340248, -0.022275010123848915, 0.02612224966287613, 0.02727625146508217, 0.02427763305604458, -0.013632074929773808, -0.033313095569610596, -0.03767138719558716, -0.012915114872157574, 0.008214577101171017, 0.01427847146987915, 0.004645194858312607, -0.03806408867239952, 0.006461210548877716, 0.007513591554015875, 0.008760561235249043, 0.05340664088726044, 0.034287504851818085, 0.04046787694096565, -0.041981689631938934, 0.025912009179592133, -0.02652343548834324, -0.023614950478076935, -0.00833107065409422, -0.018876850605010986, -0.025962773710489273, -0.004378137644380331, 0.01101763267070055, -0.010613352060317993, -0.005871568340808153, 0.002198241651058197, -0.01288262102752924, -0.01461611595004797, 0.02525731734931469, -0.03334474191069603, -0.04778970777988434, -0.01542702317237854, 0.030234331265091896, -0.0033602258190512657, -0.016850130632519722, -0.007729129400104284, 0.04278573393821716, -0.015203602612018585, -0.0061357514932751656, 0.11162175238132477, -0.0015181212220340967, -0.006173195783048868, 0.022390879690647125, 0.0263187475502491, 0.0619957372546196, -0.027530880644917488, -0.006840912159532309, -0.06010441482067108, -0.009183877147734165, -0.013995684683322906, -0.007368430960923433, -0.02604472078382969, -0.010893402621150017, 0.006809818558394909, -0.009056990966200829, 0.04893465340137482, 0.0031728402245789766, -0.05766969174146652, 0.021073032170534134, -0.02812216989696026, -0.01558590680360794, 0.007519496604800224, 0.04882168024778366, 0.0012277956120669842, 0.05911126732826233, 0.023975633084774017, -0.028710128739476204, -0.019476035609841347, 0.00530124269425869, -0.0206589438021183, 0.00516603933647275, -0.04262445867061615, -0.018063299357891083, 0.022260868921875954, 0.00790287647396326, -0.03067033737897873, -0.02126793935894966, -0.026224607601761818, 0.0037149128038436174, 0.023330165073275566, -0.02991749346256256, -0.006455803755670786, 0.03378511965274811, 0.04213636741042137, 0.021439850330352783, 0.027853069826960564, 0.043251775205135345, -0.04533230513334274, 0.011231902055442333, -0.02187769114971161, -0.027069075033068657, 0.031467948108911514, 0.007440018001943827, 0.029863551259040833, -0.04880184680223465, -0.05950406193733215, 0.018013672903180122, 0.003992706071585417, -0.028275979682803154, 0.03565050661563873, 0.013282818719744682, -0.04023557901382446, 0.005098150111734867, 0.031215498223900795, 0.03112504445016384, 0.012146585620939732, -0.05389513075351715, -0.01759425364434719, -0.015275481157004833, 0.039497505873441696, -0.010098043829202652, -0.04291887581348419, 0.007500984240323305, -0.04825783893465996, 0.015688693150877953, -0.012006537057459354, -0.016586733981966972, -0.04368860647082329, 0.019276849925518036, -0.0352020300924778, -0.028058631345629692, -0.04605429247021675, 0.02413763292133808, 0.03452753648161888, -0.03197410702705383, -0.010419345460832119, -0.008651926182210445, 0.02459440566599369, 0.01207906287163496, 0.0018326739082112908, -0.046922799199819565, -0.004979717545211315, -0.05200378969311714, 0.02002004161477089, 0.023152554407715797, 0.03335977718234062, 0.03871758282184601, -0.028193583711981773, 0.02475680224597454, -0.03092617355287075, -0.0334671214222908, 0.007457681931555271, -0.05433862656354904, -0.005017157178372145, 0.018639935180544853, -0.00786568596959114, 0.011204125359654427, 0.036559559404850006, 0.0026873599272221327, -0.019741559401154518, -0.038168393075466156, -0.022070232778787613, -0.005930820479989052, 0.03602282702922821, 0.03014935925602913, -0.009879291988909245, 0.016759246587753296, -0.0007821997278369963, 0.022114332765340805, -0.06254859268665314, -0.02290491759777069, 0.03424685820937157, 0.037866901606321335, -8.21478824946098e-05, 0.044827573001384735, 0.011708585545420647, -0.027477653697133064, 0.012914750725030899, -0.005403438583016396, 0.01012105867266655, 0.004182554315775633, -0.014135906472802162, -0.027570229023694992, 0.02765529230237007, 0.020826132968068123, 0.0031571551226079464, -0.01518257986754179, -0.015035714954137802, -0.01437381748110056, 0.00036748358979821205, -0.009344418533146381, 0.05636228993535042, 0.015155185014009476, -0.010131879709661007, -0.01010112278163433, -0.01942770928144455, 0.002455333014950156, -0.005944977048784494, -0.042526181787252426, -0.014501566998660564, 0.04202019050717354, -0.04432717338204384, 0.024371949955821037, -0.01201851386576891, -0.019261403009295464, -0.027809657156467438, 0.01432863250374794, 0.018565386533737183, -0.015362588688731194, 0.036861903965473175, -0.021059798076748848, -0.008211307227611542, -0.002454942325130105, 0.0023723228368908167, -0.029833028092980385, -0.004015612881630659, 0.018208378925919533, -0.005936075001955032, -0.015920760110020638, -0.007538432255387306, -0.05872960016131401, 0.02974388375878334, 0.006478957366198301, 0.0687926784157753, 0.0009008371853269637, -0.0058261938393116, -0.02512577548623085, 0.006105678156018257, -0.012687954120337963, -0.015914376825094223, 0.040205929428339005, 0.03720526397228241, -0.007814168930053711, 0.01630043052136898, -0.0023747216910123825, 0.025670280680060387, 0.04031967744231224, -0.011080277152359486, 0.026751121506094933, -0.008306419476866722, -0.015123272314667702, -0.013739285990595818, 0.039072129875421524, -0.012754040770232677, 0.017780479043722153, 0.014532220549881458, 0.04074012488126755, 0.02670908533036709, -0.028969308361411095, -0.005856737494468689, -0.02552255243062973, -0.016074052080512047, -0.1846015453338623, 0.001838333555497229, -0.0034155291505157948, -0.01284527312964201, -0.0444212444126606, 0.008278509601950645, -0.048765216022729874, -0.027038754895329475, 0.014635750092566013, -0.033819716423749924, -0.03221581131219864, -0.025375569239258766, -0.02027205377817154, 0.011082826182246208, -0.01895122602581978, -0.01451134867966175, 0.02285906672477722, 0.018555613234639168, -0.03216052055358887, 0.07513538002967834, 0.022238850593566895, -0.011144337244331837, 0.036977894604206085, 0.03220494091510773, 0.018585018813610077, -0.0328950360417366, -0.04325440153479576, 0.025398124009370804, -0.04494960978627205, -0.021055635064840317, 0.028853686526417732, 0.010209400206804276, 0.008765271864831448, 0.04298309609293938, 0.03321215510368347, -0.0015035064425319433, 0.047679148614406586, 0.016331296414136887, -0.0034467007499188185, -0.016939137130975723, -0.02998288720846176, 0.020950287580490112, -0.026861684396862984, 0.020385725423693657, 0.020658956840634346, 0.016270704567432404, 0.03790440782904625, 0.028686273843050003, -0.037844158709049225, -0.01081352960318327, -0.033275142312049866, 0.017217567190527916, -0.025512905791401863, 0.04073887690901756, 0.012973470613360405, 0.0027327113784849644, 0.02005089819431305, 0.0003547204250935465, -0.009459594264626503, 0.04119596630334854, -0.011172094382345676, -0.0369594432413578, -0.049441490322351456, -0.07733234018087387, -0.05828868970274925, 0.025244852527976036, -0.019697949290275574, -0.05923980101943016, -0.0032368076499551535, 0.015968963503837585, -0.009007847867906094, -0.008148467168211937, 0.004790734499692917, -0.008453253656625748, 0.016401898115873337, 0.004249156918376684, -0.006535027176141739, -0.0008241522591561079, 0.023436201736330986, -0.019160833209753036, -0.03345131501555443, 0.0326375775039196, -0.03631028160452843, 0.003068064572289586, 0.008080445230007172, 0.007407322525978088, -0.033964112401008606, 0.03574538230895996, -0.044505294412374496, -0.006086406763643026, -0.05213410407304764, -0.0008135125390253961, 0.029452422633767128, 0.02332247607409954, -0.03432982787489891, 0.040261633694171906, -0.0009520755265839398, 0.011257895268499851, -0.021352404728531837, -0.04050074890255928, -0.020458700135350227, 0.0026257301215082407, -0.028770899400115013, 0.006710019428282976, -0.04012776538729668, 0.022640325129032135, 0.0023621886502951384, -0.012301050126552582, 0.004219372756779194, -0.02769114263355732, -0.050723087042570114, -0.021672654896974564, -0.03677554056048393, 0.009339903481304646, -0.024244524538517, -0.005075480323284864, 0.00894169881939888, 0.01960315927863121, -0.0022291240748018026, 0.007555303163826466, 0.002927603432908654, -0.031093154102563858, 0.04100896418094635, -0.05029642581939697, 0.0036612453404814005, 0.0060408771969377995, 0.045234858989715576, 0.02474689669907093, 0.023160891607403755, -0.01048420462757349, 0.04016322270035744, -0.029412943869829178, 0.026293952018022537, 0.01920471526682377, 0.02349202334880829, -0.025644168257713318, -0.008821111172437668, 0.03473522141575813, -0.067114919424057, -0.04544796422123909, -0.011854165233671665, -0.050633013248443604, 0.003566679311916232, -0.04325687512755394, -0.0038157901726663113, -0.022888794541358948, -0.0008303042850457132, 0.024868082255125046, 0.0014707690570503473, -0.023405658081173897, 0.008931739255785942, 0.002019280567765236, 0.011134279891848564, 0.011583570390939713, 0.005352359265089035, -0.005841934587806463, 0.02238687500357628, 0.009361868724226952, -0.010977627709507942, 0.05964907631278038, 0.008723395876586437, -0.007240332663059235, -0.019744113087654114, -0.04362129792571068, -0.023416485637426376, 0.04163184016942978, 0.009241055697202682, -0.01637180894613266, -0.0321894995868206, 0.008386783301830292, 0.010296686552464962, -0.0031498558819293976, 0.0040641357190907, 0.03610417991876602, 0.03137584775686264, -0.052155476063489914, 0.01909644529223442, 0.013282974250614643, 0.041243284940719604, -0.028128942474722862, 0.048820286989212036, 0.008168576285243034, 0.05198359116911888, -0.006133547518402338, -0.01200803555548191, -0.03608263283967972, -0.015720203518867493, 0.06654239445924759, 0.0029596437234431505, 0.015160585753619671, -0.013805261813104153, -0.011060458607971668, 0.026560405269265175, 0.014312734827399254, 0.021353354677557945, 0.024360783398151398, -0.027130354195833206, 0.04263211786746979, 0.020107001066207886, -0.027165988460183144, 0.011611966416239738, 0.0290683526545763, 0.008728278800845146, -0.017209196463227272, -0.0145284254103899, 0.024274030700325966, -0.026959922164678574, 0.01764708012342453, -0.002355979522690177, 0.05997098237276077, -0.03946961835026741, -0.0008594990358687937, -0.01701553538441658, 0.006607378367334604, -0.007569179404526949, -0.016234448179602623, 0.04111817479133606, 0.04251337796449661, 0.033616773784160614, 0.0056670731864869595, 0.040940314531326294, 0.045087944716215134, -0.02153141237795353, -0.040193069726228714, -0.0535617470741272, 0.0006609393749386072, -0.061129022389650345, 0.020347146317362785, 0.0022395546548068523, 0.047019507735967636, 0.01331776287406683, 0.026166507974267006, -0.043449219316244125, 0.021500345319509506, 0.013047460466623306, 0.054439857602119446, -0.012163507752120495, -0.008595127612352371, -0.038862328976392746, -0.03464016690850258, 0.010540862567722797, 0.01186021976172924, -0.00823212694376707, -0.025341223925352097]",,
15_1_0_errors_future_webpack5_moved_to_webpack5_mdx_section_2,section,15_1_0_errors_future_webpack5_moved_to_webpack5_mdx,`future.webpack5` has been moved to `webpack5` - Possible Ways to Fix It,,{},15.1.0,"If you had the value `` you can remove the option as webpack 5 is now the default for all Next.js apps unless opted out.
If you had the value `` you can update ``:
Change `` to ``.
Current ``:
Updated ``:
",,"[(np.int64(5), np.float64(0.014346634969115257)), (np.int64(47), np.float64(0.1430400013923645)), (np.int64(758), np.float64(0.2112111747264862)), (np.int64(1135), np.float64(0.012176107615232468)), (np.int64(1556), np.float64(0.09892433136701584)), (np.int64(1650), np.float64(0.07662390917539597)), (np.int64(2661), np.float64(0.05849762260913849)), (np.int64(2809), np.float64(0.12920555472373962)), (np.int64(3125), np.float64(0.18302538990974426)), (np.int64(6644), np.float64(0.18909209966659546)), (np.int64(14051), np.float64(0.15368618071079254)), (np.int64(29102), np.float64(0.30752670764923096)), (np.int64(42261), np.float64(0.09279225766658783)), (np.int64(96746), np.float64(0.18845635652542114)), (np.int64(109133), np.float64(0.2009013295173645)), (np.int64(115861), np.float64(0.09909171611070633))]","[-0.025654496625065804, -0.005918335635215044, -0.002715668873861432, 0.039335947483778, -0.02258949913084507, -0.055738262832164764, 0.04486967995762825, 0.052430521696805954, 0.009967477060854435, 0.01298709399998188, 0.00909779965877533, -0.015071348287165165, -0.02558407001197338, 0.026292700320482254, -0.005207165144383907, 0.03710871562361717, -0.01913832500576973, 0.019582316279411316, -0.006887606345117092, -0.015371649526059628, -0.030238548293709755, -0.008377641439437866, 0.007922260090708733, 0.0418270006775856, 0.009436492808163166, 0.011048808693885803, -0.04824366420507431, -0.050797268748283386, -0.018464019522070885, 0.038978785276412964, 0.022867733612656593, -0.05678146332502365, -0.002958554308861494, -0.0021902474109083414, -0.037159744650125504, -0.04061276838183403, -0.03426852822303772, -0.01651543565094471, -0.022207925096154213, 0.02720503881573677, 0.021947897970676422, -0.020160222426056862, -0.016498755663633347, 0.021007386967539787, 0.03784504160284996, -0.02087712287902832, 0.008486929349601269, -0.007009521592408419, -0.00617055082693696, -0.020442184060811996, -0.01058876421302557, -0.02905830554664135, 0.04544190689921379, -0.04463818669319153, 0.06718482822179794, 0.019916711375117302, -0.0021766789723187685, -0.028049353510141373, -0.02049659937620163, -0.022758645936846733, -0.03088514693081379, -0.014340472407639027, -0.002982140751555562, 0.01777234673500061, 0.007044926751405001, 0.04169787839055061, 0.003232550574466586, -0.0332205630838871, -0.03753924369812012, -0.01707695983350277, -0.009106784127652645, 0.008558189496397972, -0.039463553577661514, -0.012478514574468136, -0.026252683252096176, -0.010563299059867859, 0.03778138384222984, -0.02685249224305153, 0.007527129724621773, 0.002222607145085931, 0.02434539794921875, -0.00334867718629539, 0.05542772263288498, 0.01630895957350731, 0.02527688443660736, 0.006488468963652849, -0.033647168427705765, 0.03230082616209984, 0.04355079308152199, -0.0033101269509643316, 0.020959191024303436, -0.01662643440067768, 0.0455252043902874, -0.036720048636198044, -0.02735564112663269, -0.017564360052347183, 0.006169853266328573, -0.023324064910411835, 0.089124396443367, -0.05720333755016327, -0.017909003421664238, -0.012485734187066555, -0.003380367299541831, 0.008572535589337349, 0.026668565347790718, 0.04942525550723076, 0.03294941782951355, 0.014953291974961758, -0.0017972395289689302, -0.02296675741672516, 0.002267103176563978, -0.00018149023526348174, 0.04615555703639984, 0.005651065148413181, -0.01827167347073555, -0.04645581170916557, -0.009474844671785831, -0.02518998272716999, 0.03685387596487999, 0.003307066624984145, 0.026410991325974464, -0.025568095967173576, 0.043407052755355835, -0.017728768289089203, 0.01412955578416586, 0.029773708432912827, -0.01805148646235466, 0.0629090964794159, 0.0037577305920422077, 0.02327777072787285, 0.009404337964951992, -0.005546130705624819, -0.011876130476593971, -0.006038851570338011, -0.027914099395275116, 0.03299778699874878, -0.017257852479815483, -0.016491461545228958, 0.023296725004911423, -0.035781726241111755, -0.0005641416646540165, -0.007272889371961355, 0.004443871323019266, -0.013023437932133675, 0.041588034480810165, 0.01275270152837038, 0.09431780129671097, -0.009885565377771854, 0.018967529758810997, -0.04758258908987045, -0.006788389291614294, 0.02720440924167633, -0.0014528194442391396, -0.03608157858252525, -0.003785589477047324, 0.0021247430704534054, 0.03358090668916702, -0.02491714432835579, -0.00811951793730259, -0.015600975602865219, -0.04305703192949295, 0.006811546627432108, -0.05514657869935036, -0.028142131865024567, 0.022671600803732872, -0.00954416859894991, 0.00320582021959126, -0.006339178420603275, -0.03607955202460289, 0.009575814008712769, -0.033680129796266556, -0.029991168528795242, 0.028370752930641174, -0.007799179758876562, 0.02389553189277649, 0.05080484598875046, 0.07341606169939041, 0.01978532038629055, -0.017819074913859367, -0.014122326858341694, -0.037248995155096054, -0.01772928796708584, -0.0035884100943803787, -0.04531485587358475, -0.0409061461687088, 0.01453043520450592, 0.041394032537937164, -0.03644208237528801, -0.017005112022161484, -0.028240278363227844, -0.038484521210193634, 0.024324918165802956, 0.029882296919822693, 0.0362432524561882, 0.032237421721220016, -0.022645097225904465, 0.0001959084765985608, 0.003085123607888818, -0.0017278667073696852, -0.014140785671770573, -0.034157056361436844, -0.0004918754566460848, 0.03758465126156807, 0.012935961596667767, -0.022493725642561913, -0.01687721535563469, 0.0013724548043683171, -0.0369127057492733, -0.011140952818095684, 0.007892570458352566, -0.042578279972076416, -0.0049669137224555016, 0.037984542548656464, 0.0007121047237887979, -0.057975366711616516, -0.0126372454687953, 0.010629153810441494, 0.04997595027089119, -0.05063007399439812, -0.03360060974955559, -0.009101798757910728, 0.020548636093735695, 0.029929593205451965, -0.03814085200428963, -0.021352697163820267, 0.007758882362395525, 0.014612413011491299, 0.02470407634973526, -0.039771392941474915, -0.0033350519370287657, -0.012073188088834286, 0.021490728482604027, 0.04927338659763336, -0.020533207803964615, 0.044970665127038956, -0.06694520264863968, -0.020201455801725388, 0.0011104269651696086, -0.023575183004140854, -0.02751794271171093, 0.025433054193854332, -0.05997287109494209, -0.011107737198472023, 0.04696855694055557, -0.016266603022813797, 0.02648279070854187, -0.02114742621779442, 0.013746974989771843, -0.04067617654800415, -0.035026222467422485, 0.019590308889746666, 0.01042845193296671, -0.03409471735358238, -0.02025819756090641, -0.03879605233669281, 0.01003045029938221, -0.020419469103217125, -0.0031787429470568895, -0.06714950501918793, -0.01923549734055996, 0.047200098633766174, 0.0514853410422802, -0.008638601750135422, 0.014090734533965588, -0.00038848022813908756, 0.002854148857295513, 0.002008488168939948, -0.02447039633989334, 0.0014464047271758318, -0.03207695856690407, -0.015143667347729206, 0.0061228652484714985, 0.03156783804297447, 0.012740564532577991, -0.01942666806280613, 0.03375719115138054, -0.029629284515976906, -0.027435369789600372, 0.05379221960902214, 0.019598504528403282, -0.04122129827737808, 0.010721667669713497, 0.0602005198597908, 0.009700766764581203, -0.0027579290326684713, -0.01657296158373356, -0.012659537605941296, -0.008065716363489628, -0.020703475922346115, -0.004891577642410994, 0.015808166936039925, 0.0017712163971737027, 0.05242299661040306, -0.01991458050906658, -0.012075166217982769, -0.012219381518661976, 0.028705427423119545, -0.1704404503107071, -0.00752075994387269, 0.04560156539082527, -0.008948669768869877, -0.0055110822431743145, -0.00611415458843112, 0.01201669592410326, 0.023963849991559982, -0.011582535691559315, 0.05511916056275368, 0.005565054249018431, -0.04704764485359192, 0.023493515327572823, -0.025376038625836372, 0.017735499888658524, 0.008892077952623367, 0.0059224446304142475, 0.009493498131632805, 0.037313830107450485, -0.04375580698251724, -0.00260070594958961, -0.020160797983407974, 0.017505304887890816, -0.03552402928471565, 0.01342953834682703, -0.06106521934270859, 0.04933617636561394, -0.0495496541261673, -0.03199777007102966, 0.027797400951385498, -0.0015186596428975463, 0.048042334616184235, -0.0002639253798406571, 0.009034828282892704, -0.01931796409189701, -0.002519049681723118, 0.03745926544070244, -0.0010544671677052975, -0.017804065719246864, -0.037385959178209305, 0.026217669248580933, 0.034595977514982224, -0.03736240044236183, 0.01236565038561821, 0.026769883930683136, -0.0027194940485060215, -0.015082746744155884, 0.0049148136749863625, -0.0016006374498829246, -0.005815049167722464, 0.01347423903644085, -0.0037887233775109053, 0.017132895067334175, -0.0028497676830738783, -0.039316821843385696, 0.0023166872560977936, 0.04480210319161415, 0.035039957612752914, 0.01678607240319252, -0.006997421849519014, -0.024388933554291725, -0.01412864588201046, 0.05846448987722397, 0.022447163239121437, -0.03826674073934555, 0.004882988054305315, 0.02391742169857025, -0.01763155683875084, 0.019072815775871277, -0.03924017399549484, 0.013194842264056206, -0.0020805352833122015, 0.009260322898626328, -0.010515622794628143, -0.08180711418390274, 0.015311078168451786, -0.009273512288928032, -0.03837547451257706, 0.013409506529569626, -0.1122278943657875, 0.05142982304096222, 0.003114705439656973, -0.021222222596406937, 0.05921590328216553, -0.03211835026741028, -0.02231268212199211, -0.0026015436742454767, -0.04405248537659645, 0.017488619312644005, 0.22553814947605133, 0.04987422376871109, -0.017093973234295845, 0.021869061514735222, 0.0336187481880188, -0.010319654829800129, 0.044564079493284225, 0.055466003715991974, 0.02417774312198162, -0.03203577548265457, -0.030934590846300125, 0.033708006143569946, -0.006185849662870169, -0.020350975915789604, -0.0023275420535355806, 0.01542054396122694, -0.04509155452251434, 0.04617815464735031, 0.05773438513278961, -0.051981668919324875, 0.00437469407916069, -0.010611096397042274, 0.04060298576951027, 0.05082623288035393, -0.0906633511185646, 0.02812676504254341, -0.0064435978420078754, -0.044088222086429596, 0.012484245002269745, -0.00597361708059907, -0.04246257245540619, 0.01165544893592596, 0.03655248507857323, -0.05398055538535118, 0.014909174293279648, -0.010762467049062252, 0.009562568739056587, -0.019496403634548187, 0.006852712016552687, 0.04281691461801529, -0.017112966626882553, -0.006342646200209856, 0.02281247265636921, 0.0264007318764925, -0.007841506972908974, -0.046401623636484146, -0.021746322512626648, -0.004766952712088823, -0.028668714687228203, -0.041026871651411057, 0.02921394631266594, -0.043879494071006775, -0.02432391420006752, -0.0002448548621032387, 0.03809821978211403, -0.04245550185441971, 0.0064200893975794315, -0.019274679943919182, 0.02300984039902687, 0.03490003943443298, -0.003267772262915969, -0.0024880897253751755, -0.012231133878231049, -8.740220800973475e-05, -0.017409421503543854, 0.04404483363032341, -0.0053215427324175835, -0.012698746286332607, 0.020870251581072807, 0.026294125244021416, -0.06308093667030334, 0.02056933380663395, 0.018270369619131088, -0.016204526647925377, 0.0029188876505941153, -0.009503738954663277, 0.04238997399806976, 0.04596590995788574, 0.016871266067028046, 0.012587056495249271, -0.029548577964305878, 0.028954872861504555, -0.0266736950725317, 0.06751500815153122, 0.04200633615255356, -0.04650120809674263, 0.04816662520170212, 0.06680552661418915, 0.030508745461702347, -0.03635618835687637, 0.003983155824244022, 0.02058355137705803, 0.012563682161271572, 0.06236764416098595, -0.031277477741241455, 0.009016530588269234, 0.016096020117402077, -0.021995173767209053, -0.003983353730291128, 0.06059451028704643, -0.03824162855744362, -0.010334933176636696, -0.0009304988197982311, -0.039538417011499405, 0.033103570342063904, -0.009070693515241146, 0.048115987330675125, 0.013659241609275341, 0.027172883972525597, 0.008704573847353458, -0.04888719320297241, 0.0058855293318629265, 0.029495282098650932, -0.050620295107364655, -0.025608118623495102, 0.025313861668109894, 0.0581950843334198, 0.021252600476145744, 0.0520629808306694, 0.024634314700961113, 0.0004527886339928955, -0.029228854924440384, -0.028433343395590782, 0.006449354812502861, 0.005656274501234293, -0.016404137015342712, -0.028593895956873894, 0.02462475560605526, -0.04311953857541084, 0.0023852954618632793, 0.024506278336048126, -0.015197603031992912, 0.005482001230120659, 0.052172109484672546, 0.013774894177913666, 0.032891590148210526, 0.009552715346217155, 0.007964324206113815, 0.058715805411338806, 0.03596201166510582, -0.05117515102028847, -0.0374174639582634, 0.009429790079593658, -0.005551502108573914, 0.002628909656777978, 0.03728945180773735, 0.06644881516695023, -0.034083057194948196, 0.0081250024959445, 0.0307347159832716, 0.01891213282942772, 0.06591285765171051, 0.005287941079586744, -0.02781115099787712, -0.04068943113088608, -0.06516224890947342, 0.005051931366324425, 0.031161824241280556, -0.049277763813734055, -0.017160844057798386, -0.005561581812798977, 0.006150302942842245, 0.006986713502556086, 0.054843444377183914, 0.014353502541780472, 0.025859305635094643, -0.012269212864339352, 0.002078582067042589, -0.016352687031030655, -0.003076497232541442, 0.02118713967502117, -0.029788386076688766, -0.05275093764066696, -0.011183015070855618, 0.004395981784909964, -0.03277141973376274, -0.061235420405864716, 0.01787804253399372, -0.01285756379365921, 0.0038072061724960804, -0.030005518347024918, 0.020488793030381203, -0.034788090735673904, -0.03842223063111305, 0.0066968766041100025, -0.029147204011678696, 0.007497595157474279, 0.000936733849812299, 0.050072021782398224, -0.04627577215433121, -0.0022861044853925705, 0.13572511076927185, -0.005410137586295605, -0.017403947189450264, 0.03947095945477486, 0.009807390160858631, 0.04659691080451012, 0.0326663963496685, 0.017736628651618958, -0.01703987456858158, 0.03197292611002922, -0.0023072860203683376, -0.015031425282359123, -0.012196279130876064, 0.01194282528012991, -0.021809054538607597, -0.08628761768341064, 0.002394971437752247, 0.0035126155707985163, -0.024481050670146942, 0.008525476790964603, -0.00734529085457325, -0.011942666955292225, -0.018284957855939865, 0.02897028811275959, -0.026628689840435982, 0.07696420699357986, 0.028848297894001007, 0.05678172782063484, 0.009310704655945301, -0.008872351609170437, -0.03452780470252037, 0.03349451348185539, -0.011168502271175385, -0.005224507302045822, 0.05018306151032448, 0.031947940587997437, 0.0008313105208799243, 0.023172946646809578, 0.005470763426274061, -0.010877260938286781, 0.056637778878211975, 0.0036624944768846035, -0.023424513638019562, 0.01750228740274906, 0.0025549025740474463, 0.01605008728802204, 0.035297855734825134, -0.00914852786809206, -0.023374080657958984, -0.014526191167533398, 0.006527493707835674, 0.038763199001550674, 0.02895531803369522, 0.002707107225432992, 0.00921905878931284, -0.010078102350234985, -0.012235221453011036, 0.04093410447239876, -0.0009434703970327973, -0.02473851665854454, -0.008909549564123154, 0.016373472288250923, -0.0043050991371273994, -0.0019804704934358597, 0.008200476877391338, 0.004887689370661974, -0.009561351500451565, -0.07624513655900955, -0.017232252284884453, -0.001942747738212347, 0.013616936281323433, -0.019184060394763947, -0.02247920259833336, 0.03752059489488602, -0.05516377091407776, 0.036280762404203415, -0.04592323303222656, -0.007209118455648422, -0.05176182836294174, 0.0024006757885217667, 0.008037228137254715, -0.015374256297945976, -0.042705558240413666, -0.02174997888505459, -0.017221547663211823, -0.027437061071395874, 0.007987633347511292, -0.02374778687953949, -0.03703468665480614, -0.033745769411325455, -0.04197723791003227, 0.00649561733007431, 0.0016689386684447527, -0.02756858617067337, -0.002074937103316188, 0.03922603279352188, -0.023100994527339935, -0.019007887691259384, -0.04946274682879448, -0.011324286460876465, -0.013261930085718632, -0.054879192262887955, 0.03632628172636032, 0.016207221895456314, 0.011287640780210495, -0.003168557770550251, -0.015050255693495274, -0.012626256793737411, 0.03405410796403885, -0.01056099683046341, -0.04033413529396057, 0.013843614608049393, -0.03829728811979294, -0.07114158570766449, 0.03318245708942413, -0.030169179663062096, -0.034642141312360764, 0.06603322178125381, 0.007063254714012146, -0.030773932114243507, -0.08393026143312454, 0.02341838926076889, 0.03519817441701889, 0.03102479875087738, -0.007476545870304108, 0.07240002602338791, -0.02105531096458435, -0.01807551085948944, -0.030034329742193222, -0.009670760482549667, 0.012110868468880653, -0.0201334897428751, -0.02808491140604019, 0.022027425467967987, 0.049672048538923264, 0.030314035713672638, -0.02340693399310112, -0.06099425256252289, 0.017208771780133247, -0.0033020146656781435, -0.014522954821586609, 0.025700710713863373, -0.01753479801118374, -0.005347824189811945, -0.05196006968617439, -0.002034959616139531, -0.019123025238513947, 0.02385815791785717, 0.00968276709318161, 0.0036342283710837364, -0.025777077302336693, 0.03674192726612091, -0.014042206108570099, 0.011849997565150261, -0.04056713357567787, 0.023991398513317108, -0.026876168325543404, -0.025412043556571007, -0.007323607336729765, -0.007215339224785566, 0.003811587579548359, -0.03048103302717209, -0.0516970120370388, 0.019755249843001366, 0.03937637433409691, 0.006358521990478039, 0.03626083955168724, -0.006804825272411108, 0.03305548056960106, -0.0681009292602539, 0.023193374276161194, -0.020973529666662216, -0.02737141214311123, -0.005033379886299372, 0.03327414020895958, 0.04831608384847641, -0.00037425957270897925, 0.023513570427894592, -0.004534104838967323, -0.0014742959756404161, 0.0394056960940361, -0.002324541797861457, 0.013734055683016777, 0.011243030428886414, 0.018548713997006416, -0.008347539231181145, 0.03568931668996811, 0.02343124896287918, 0.02119218185544014, -0.0389975905418396, -0.0071523478254675865, -0.013412943109869957, -0.029093243181705475, 0.00639750063419342, 0.013495397754013538, 0.004468431696295738, 0.005961093120276928, -0.006038784980773926, 0.04597008600831032, 0.010237972252070904, -0.02469765953719616, 0.0008548400364816189, 0.0033772687893360853, -0.1442425549030304, 0.008646473288536072, -0.006203898694366217, 0.025318371132016182, -0.026330970227718353, 0.005345419514924288, 0.017357174307107925, -0.010259566828608513, 0.0330478809773922, -0.01813768595457077, -0.04310034215450287, -0.03126605600118637, 0.03846059739589691, -0.04231228306889534, 0.031016530469059944, 0.01706763543188572, -0.026604896411299706, -0.004299666732549667, -0.01391358207911253, 0.0020902559626847506, -0.005969385616481304, 0.0031046171206980944, 0.02590303122997284, 0.0013307563494890928, -0.018310757353901863, -0.02268950641155243, -0.02835204266011715, 0.027692675590515137, 0.01834729313850403, -0.0006621604552492499, -0.02559148520231247, 0.02052437886595726, 0.004585541784763336, 0.026458969339728355, -0.0077448016963899136, -0.02539452537894249, -0.003437943058088422, 0.03134123608469963, -0.04260965809226036, 0.020591696724295616, 0.006706504616886377, 0.010545659810304642, -0.05592604726552963, 0.001161291729658842, 0.0174832995980978, 0.049298178404569626, -0.02032317966222763, -0.01425880566239357, -0.08571936190128326, 0.012467660941183567, -0.012002267874777317, 0.0164199061691761, 0.017169153317809105, 0.013980772346258163, -0.0091867009177804, 0.02301550656557083, -0.0021140114404261112, -0.017981629818677902, -0.03270837292075157, 0.034297261387109756, -0.01127664465457201, 0.02625453472137451, -0.03726239874958992, -0.011011648923158646, -0.04438092187047005, 0.02016231045126915, -0.030307957902550697, 0.025330713018774986, -0.010141882114112377, -0.0008595219696871936, -0.04917493462562561, -0.032906223088502884, -0.05109124630689621, -0.013539861887693405, 0.0015538305742666125, -0.05347299203276634, 0.036014702171087265, -0.025733770802617073, -0.024972721934318542, 0.028834333643317223, -0.06245839223265648, -0.003002675948664546, -0.05277707055211067, -0.005760330706834793, 0.07912823557853699, -0.01553917396813631, 0.011637312360107899, 0.006331345532089472, -0.022930141538381577, -0.015748945996165276, -0.04287821054458618, -0.004960241727530956, -0.004619187209755182, 0.04309752583503723, -0.015396692790091038, 0.007230588234961033, -0.002507576020434499, 0.011707060970366001, 0.0030947646591812372, -0.02766450308263302, -0.03216368705034256, -0.026873990893363953, 0.0085647227242589, -0.018817830830812454, -0.006208271253854036, -0.012384625151753426, -0.004013671539723873, 0.006629243027418852, -0.020280035212635994, -0.035676777362823486, -0.043049078434705734, 0.017917515709996223, -0.031769342720508575, 0.0033952752128243446, 0.013786109164357185, -0.0063400776125490665, 0.017530817538499832, 0.030100978910923004, -0.020171601325273514, -0.029613681137561798, -0.004530950915068388, 0.010653517208993435, 0.05085298791527748, -0.050874534994363785, 0.010840813629329205, -0.016286425292491913, 0.0486142672598362, 0.016675205901265144, 0.019667239859700203, -0.06515688449144363, 0.02682630345225334, -0.05824673920869827, -0.034636490046978, 0.03934193029999733, 0.023686043918132782, 0.03990434855222702, -0.01509188488125801, 0.043872684240341187, -0.022954342886805534, -0.05061747506260872, -0.04137076810002327, -0.012437212280929089, 0.018436310812830925, -0.05123819410800934, -0.003752990160137415, -0.03124222718179226, 0.004433085676282644, 0.0378398597240448, -0.012002435512840748, -0.022316647693514824, -0.0048326714895665646, 0.029326891526579857, -0.003819006960839033, 0.013935253024101257, -0.0369071289896965, 0.04063094034790993, -0.00974273681640625, 0.009758553467690945, -0.023484040051698685, 0.05054791644215584, -0.014231249690055847, -0.04472895711660385, -0.006792596075683832, -0.01802140288054943, 0.04557309299707413, 0.014512890949845314, -0.014879610389471054, -0.0070152683183550835, 0.010052099823951721, 0.001986784627661109, -0.0316372774541378, 0.08112388849258423, -0.011707850731909275, -0.02520577795803547, 0.019887855276465416, -0.018822263926267624, 0.013040158897638321, -0.03204461559653282, 0.03182002156972885, 0.005182563792914152, 0.02381383813917637, -0.02362431399524212, 0.05244610458612442, 0.0014180660946294665, 0.006295370869338512, 0.001402925350703299, -0.02472905069589615, 0.020760029554367065, 0.02468586340546608, -0.010880108922719955, -0.03534209355711937, 0.00020579161355271935, 0.008155660703778267, -0.009146410040557384, 0.013130337931215763, -0.04798050969839096, -0.006590175908058882, -0.020113764330744743, 0.018106989562511444, 0.050262708216905594, 0.02012781985104084, 0.007458637934178114, 0.01723868027329445, 0.023960907012224197, -0.004017999395728111, -0.022685328498482704, -0.03161828592419624, 0.006791743449866772, 0.0369444265961647, 0.04912063479423523, 0.0028305365703999996, -0.00924369040876627, -0.0023246160708367825, 0.04469849914312363, 0.009549885056912899, -0.017699649557471275, 0.013411268591880798, 0.04244747385382652, 0.05017172172665596, 0.014822585508227348, 0.04065627232193947, 0.02145896479487419, -0.026436904445290565, -0.013839979656040668, -0.023858679458498955, -0.009471542201936245, -0.012076539918780327, -0.004470634739845991, 0.0044650728814303875, 0.04477709159255028, -0.007234201300889254, -0.017215153202414513, 0.0007409168756566942, 0.05231499671936035, -0.01609054207801819, 0.0005563817685469985, -0.024541672319173813, 0.03193911537528038, -0.02910010889172554, 0.009137336164712906, -0.02745327726006508, -0.01077634934335947, -0.000569510564673692, -0.0023092334158718586]",,
15_1_0_errors_future_webpack5_moved_to_webpack5_mdx_section_2_code_1,code_snippet,15_1_0_errors_future_webpack5_moved_to_webpack5_mdx_section_2,Possible Ways to Fix It - code_1,,"{'programming_language': 'js', 'filename': 'next.config.js', 'switcher': False}",15.1.0,,"module.exports = {
  future: {
    webpack5: false,
  },
}
","[(np.int64(7), np.float64(0.0539354607462883)), (np.int64(1647), np.float64(0.14230726659297943)), (np.int64(11737), np.float64(0.30558282136917114)), (np.int64(28175), np.float64(0.1888374388217926)), (np.int64(153837), np.float64(0.2878565490245819))]",,"[-0.026919813826680183, -0.026937387883663177, -0.011163847520947456, 0.028317810967564583, -0.02920052409172058, 0.0021490021608769894, -0.0019485449884086847, 0.06272576749324799, -0.019934726879000664, 0.013953080400824547, -0.005604976322501898, 0.028354104608297348, -0.013421261683106422, 0.03102237731218338, -0.012039447203278542, 0.014583275653421879, 0.012377463281154633, -0.008677850477397442, 0.0042042420245707035, -0.02665993571281433, -0.08266624808311462, 0.006966845598071814, -0.022064492106437683, 0.04720938578248024, 0.019279278814792633, -0.014787797816097736, -0.0562746487557888, -0.02784542925655842, -0.0014566754689440131, 0.008793734945356846, 0.003330790903419256, 0.018115045502781868, -0.014436041936278343, 0.01770876534283161, -0.04132302850484848, -0.02442348375916481, 0.001739279367029667, -0.021379612386226654, -0.03576989471912384, -0.016756847500801086, -0.0008763400255702436, -0.020000621676445007, -0.019635368138551712, -0.042956531047821045, 0.02276761643588543, -0.04552739858627319, -0.012660800479352474, -0.022149214521050453, -0.05906687304377556, -0.006859646178781986, -0.029279259964823723, -0.00970127247273922, 0.024841023609042168, -0.029330682009458542, 0.06159362941980362, 0.017739105969667435, -0.018957393243908882, 0.01418793573975563, -0.06564317643642426, 0.011959579773247242, -0.03170515224337578, -0.03666054829955101, -0.016993394121527672, 0.03530501201748848, -0.025364885106682777, 0.05931944400072098, 0.026812830939888954, -0.014665965922176838, -0.02110104449093342, -0.011460493318736553, -0.028751634061336517, 0.01754429191350937, -0.03468992933630943, -0.02999582700431347, -0.07515313476324081, -0.0060727838426828384, -0.006550384219735861, -0.0532977357506752, 0.04534129425883293, -0.037107981741428375, 0.03560265898704529, -0.019699381664395332, 0.03422723338007927, 0.020972581580281258, 0.04780719801783562, -0.022547647356987, -0.02584819681942463, 0.006890216842293739, -0.007600504904985428, -0.015193947590887547, -0.033187054097652435, -0.06708482652902603, 0.034768469631671906, -0.05694354325532913, -0.03288734331727028, -0.00781729631125927, 0.007061828393489122, 0.007556559052318335, 0.0474582239985466, -0.0069879875518381596, 0.025866303592920303, 0.019216932356357574, -0.015916574746370316, -0.02511768229305744, 0.055912651121616364, -0.008281830698251724, 0.02577514946460724, 0.011978251859545708, 0.004292220342904329, -0.026670735329389572, 0.011291137896478176, 0.015358599834144115, 0.010489183478057384, 0.023190703243017197, 0.0022068216931074858, -0.03945380449295044, 0.009720384143292904, 0.0060901823453605175, 0.028720475733280182, -0.012568403035402298, 0.020663274452090263, -0.02390480600297451, -0.00028735611704178154, -0.015524069778621197, -0.022445064038038254, 0.012393329292535782, 0.007506382651627064, 0.03546665981411934, -0.0005419874796643853, 0.050034113228321075, 0.005994589999318123, 0.00760303670540452, -0.013129204511642456, -0.006732552777975798, -0.008277365937829018, 0.010820381343364716, -0.01411246508359909, -0.021526999771595, 0.002292516641318798, -0.03513422980904579, -0.01209742296487093, -0.025798294693231583, -0.003227901179343462, -0.0256501454859972, 0.0023950552567839622, 0.03471039980649948, 0.07106028497219086, -0.02179631032049656, 0.003485766239464283, -0.012583380565047264, 0.018550075590610504, 0.010743547230958939, 0.00997364241629839, 0.02320721000432968, 0.037047043442726135, -0.05033615976572037, 0.01447316911071539, 0.006822566967457533, -0.0140297282487154, 0.010037397034466267, -0.08424370735883713, -0.011950459331274033, -0.03560421243309975, -0.007850710302591324, 0.05631539225578308, -0.003130730241537094, 0.00043907578219659626, 0.015332436189055443, -0.0387369804084301, -0.010549144819378853, -0.011553764343261719, -0.04296914115548134, -0.0033817423973232508, -0.03492455929517746, 0.04158375412225723, 0.024891821667551994, 0.058471761643886566, 0.019056139513850212, 0.030926300212740898, -0.04246426746249199, 0.006157257128506899, 0.023796746507287025, 0.01566472090780735, 0.02978728711605072, -0.04756568744778633, 0.02253052219748497, 0.031540244817733765, -0.05540091171860695, -0.006067151203751564, 0.01880934275686741, -0.039096977561712265, 0.0019696552772074938, 0.031781863421201706, -0.009698945097625256, 0.00831552967429161, -0.0018473719246685505, -0.0011935490183532238, -0.0014467485016211867, 0.006882871501147747, -0.01042171474546194, -0.03035694733262062, -0.0006111427210271358, 0.03092568926513195, 0.019151847809553146, -0.0018673656741157174, -0.017816655337810516, -0.006829465739428997, -0.02114606462419033, -0.011911512352526188, 0.023664765059947968, -0.02227206528186798, -0.002117822179570794, 0.022138405591249466, -0.0215125922113657, -0.003982098773121834, -0.014344722963869572, -0.022253070026636124, 0.03681252896785736, -0.030444636940956116, -0.06320876628160477, -0.010013937018811703, 0.03993471711874008, 0.06092170625925064, 0.05700411647558212, -0.029816940426826477, 0.008658011443912983, 0.024954671040177345, 0.00658030528575182, -0.03473971411585808, -0.0014341460773721337, 0.026980813592672348, -0.05394010990858078, 0.008889352902770042, 0.018573753535747528, 0.032577306032180786, -0.06741543859243393, -0.045983634889125824, -0.016341352835297585, -0.0026716049760580063, -0.01911933906376362, 0.017990875989198685, -0.02397346682846546, 0.006319005507975817, 0.015713877975940704, -0.0452563539147377, 0.025388967245817184, -0.002217462519183755, -0.003250471083447337, -0.00337032089009881, -0.03738987073302269, -0.004804116673767567, 0.016543807461857796, -0.032176773995161057, 0.0013985158875584602, 0.010467628948390484, 0.035942770540714264, -0.0018459702841937542, -0.0038406741805374622, -0.051870252937078476, 0.0019863401539623737, 0.0475846566259861, 0.0008600858272984624, -0.04567256569862366, 0.024898016825318336, -0.02395058050751686, -0.010297084227204323, -0.050640303641557693, -0.0020921335089951754, 0.03439605236053467, -0.04696556180715561, -0.0022065548691898584, 0.039739448577165604, 0.020841963589191437, 0.0032247924245893955, -0.01723649725317955, 0.047464508563280106, -0.03675540164113045, -0.03319720923900604, 0.07155022025108337, 0.01664618030190468, 0.014987452886998653, 0.029069604352116585, 0.056744080036878586, -0.011096310801804066, 0.039757922291755676, -0.019500890746712685, -0.02457251213490963, -0.01326152216643095, 0.007921543903648853, -0.05966858193278313, -0.02335665374994278, 0.03126699849963188, 0.055512916296720505, -0.007131022866815329, -0.016906745731830597, 0.010188877582550049, 0.010581626556813717, -0.15190131962299347, 0.004023720044642687, 0.034267324954271317, -0.0245607141405344, -0.005239921621978283, -0.01371748000383377, 0.03421475738286972, 0.011385444551706314, -0.007984020747244358, 0.03264825791120529, -0.04113738611340523, -0.04395786672830582, -0.024907108396291733, -0.03776032105088234, -0.004312911070883274, -0.010274573229253292, -0.004620703402906656, -0.01742490753531456, 0.026979828253388405, -0.04386911541223526, 0.04380914196372032, -0.010155534371733665, -0.0020989375188946724, -0.007234652992337942, -0.01509107369929552, -0.06612049788236618, 0.007287170272320509, -0.03832736983895302, -0.008793973363935947, -0.00023620274441782385, -0.02209124155342579, 0.06018335744738579, -0.014000993221998215, 0.035538122057914734, -0.032006315886974335, 0.018435752019286156, 0.02453095093369484, 0.018630169332027435, -0.0124647943302989, -0.018528049811720848, 0.006201739888638258, -0.015111505053937435, -0.05745634064078331, 0.033780697733163834, 0.0024222470819950104, -0.009254524484276772, -0.028690127655863762, -0.004444137215614319, -0.03813697770237923, -0.029284987598657608, 0.03773588314652443, -0.010068953037261963, -0.00364518235437572, -0.0011107943719252944, -0.006977568380534649, 0.031852830201387405, -0.0037205838598310947, 0.018093902617692947, -0.03737964108586311, -0.0025965196546167135, -0.008099274709820747, -0.0022090449929237366, 0.024441175162792206, 0.04204307869076729, -0.0022034989669919014, -0.02329607866704464, 0.0694744884967804, -0.02509915456175804, -0.010294340550899506, -0.013863256201148033, 0.01089444849640131, 0.020987845957279205, 0.018622547388076782, 0.012562143616378307, -0.04869815707206726, 0.024132993072271347, 0.0014307948295027018, -0.039153218269348145, 0.004703831858932972, -0.10589425265789032, 0.009904103353619576, 0.004815898835659027, -0.01944781467318535, 0.015461702831089497, -0.03747456893324852, -0.030433865264058113, -0.019019637256860733, -0.01856311596930027, 0.014521338045597076, 0.22460433840751648, 0.025475746020674706, 0.004162278957664967, 0.03980909287929535, 0.0620056688785553, 0.028871068730950356, -0.00275793275795877, 0.02815154753625393, -0.014122008346021175, -0.047193560749292374, 0.004995610564947128, 0.023054778575897217, -0.010661743581295013, -0.020330041646957397, 0.0044046808034181595, -0.012587660923600197, -0.020795466378331184, 0.03630237281322479, 0.07170037925243378, -0.037243958562612534, -0.00834316574037075, -0.06309782713651657, 0.025442354381084442, 0.015121066011488438, -0.05256984755396843, -0.010500469245016575, 0.007876591756939888, -0.0026104506105184555, 0.016376091167330742, 0.01130150631070137, -0.028906162828207016, 0.05061788484454155, 0.0563168041408062, -0.0008882487309165299, -0.03559570387005806, 0.010204417631030083, 0.03960512951016426, -0.04240446165204048, 0.012858718633651733, 0.021362891420722008, -0.055972788482904434, -0.023761481046676636, -0.0008696734439581633, -0.007172151934355497, -0.020010067149996758, -0.07366859167814255, 0.0015136199072003365, 0.0029152831993997097, -0.051366906613111496, -0.0632026344537735, 0.025273753330111504, -0.03806065022945404, -0.03840803727507591, 0.02050023525953293, 0.049061425030231476, -0.02576460875570774, -0.004568151198327541, 0.021599259227514267, 0.013800903223454952, -0.021850742399692535, 0.016463028267025948, -0.0035714665427803993, -9.602752106729895e-05, -0.006048713810741901, 0.014352313242852688, 0.061556100845336914, -0.03955744951963425, -0.03510589152574539, 0.033006779849529266, 0.03210517764091492, -0.013861876912415028, 0.01983434334397316, 0.002495555439963937, -0.02536763809621334, -0.006152897607535124, -0.021773366257548332, 0.011097562499344349, 0.019434720277786255, 0.021917523816227913, 0.03291451930999756, -0.005211191717535257, -0.017858806997537613, -0.04646506905555725, 0.04370636120438576, 0.031205879524350166, -0.04740959778428078, 0.010427488014101982, 0.02797524817287922, -0.023982027545571327, -0.03848470374941826, -0.002877179766073823, 0.01490715891122818, 0.022472241893410683, 0.019822167232632637, -0.01310935989022255, -0.011519954539835453, -0.01691063679754734, 0.01886807754635811, -0.02365129254758358, -0.0017858718056231737, -0.013175003230571747, -0.04810033366084099, -0.002193888183683157, -0.044779106974601746, 0.011510893702507019, 0.028935659676790237, -0.006853118538856506, -0.024679943919181824, 0.025641847401857376, 0.0008138271514326334, -0.036510057747364044, 0.010461206547915936, -0.02686277963221073, -0.014560585841536522, 0.0004068656999152154, 0.013385195285081863, 0.021594887599349022, 0.0020614913664758205, 0.02951793372631073, 0.014316818676888943, -0.04272099956870079, -0.061663612723350525, -0.03427974507212639, 0.020693326368927956, 0.000816812738776207, -0.05592803657054901, -0.02869855985045433, 0.018948109820485115, -0.01687563769519329, 0.011584874242544174, 0.039945121854543686, -0.023366229608654976, 0.009133713319897652, 0.028389934450387955, 0.03529992699623108, 0.051205817610025406, 0.001191461575217545, 0.018652446568012238, -0.007468851283192635, 0.036897096782922745, -0.03742636740207672, 0.010730263777077198, 0.010476179420948029, -0.02564583718776703, 0.020101934671401978, 0.05266119912266731, 0.05464683100581169, 0.016872279345989227, 0.01723644509911537, 0.02190862037241459, 0.05163084715604782, 0.0674787238240242, -0.0013363452162593603, -0.043188344687223434, 0.0023361993953585625, -0.048320770263671875, 0.010764945298433304, 0.019547492265701294, -0.017267102375626564, -0.019113529473543167, -0.001448664697818458, 0.030857129022479057, 0.026369405910372734, 0.04744516313076019, 0.008950482122600079, 0.023580901324748993, -0.033056844025850296, 0.02699434757232666, 0.06718740612268448, -0.0005793192540295422, 0.01782911643385887, 0.007316542789340019, -0.0755358412861824, 0.013344154693186283, 0.05615541711449623, -0.006697050761431456, -0.07120209187269211, -0.014268653467297554, -0.03182894363999367, -0.015294776298105717, -0.019163435325026512, -0.009491287171840668, -0.03303678333759308, -0.02558046206831932, 0.01934931054711342, -0.03824315592646599, -0.0068046934902668, -0.03485869616270065, 0.03795624524354935, -0.028247840702533722, -0.0204972792416811, 0.11938636749982834, 0.009357987903058529, -0.04061152786016464, 0.008883101865649223, 0.006113366689532995, -0.020588641986250877, 0.030804984271526337, -0.006061877124011517, -0.000914337404537946, 0.027998296543955803, -0.013573755510151386, 0.0012450009817257524, -0.009375634603202343, -0.0035512305330485106, -0.025273552164435387, -0.06182646378874779, 0.007134765852242708, -0.021882427856326103, 0.009589127264916897, -0.03962601721286774, -0.0027343083638697863, 0.02394995093345642, -0.013328994624316692, 0.040723759680986404, -0.026276424527168274, 0.06392110139131546, 0.023809373378753662, 0.011538785882294178, -0.018944252282381058, -0.054393067955970764, 0.007991775870323181, 0.012780136428773403, -0.022382229566574097, -0.025698339566588402, 0.003483721287921071, 0.008311997167766094, -0.043090421706438065, 0.031748611479997635, 0.049400895833969116, 0.0016504288651049137, 0.009412376210093498, 0.014226941391825676, -0.0224575437605381, 0.04542713612318039, -0.043715257197618484, -0.008025716990232468, 0.029329372569918633, -0.0221573356539011, -0.00023574705119244754, 0.019096266478300095, -0.006102617830038071, 0.015336323529481888, 0.06450042873620987, 0.004629897885024548, 0.01192314550280571, -0.009767681360244751, -0.020532162860035896, 0.048771388828754425, -0.002900900784879923, 0.003720422275364399, 0.031449172645807266, 0.05367719754576683, 0.0156718697398901, 0.020153222605586052, 0.011074177920818329, -0.006140048149973154, 0.004487578757107258, -0.03744324669241905, 0.01159967202693224, 0.009067609906196594, -0.002939427737146616, -0.040448520332574844, 0.01908123306930065, -0.015618504956364632, -0.04480249807238579, 0.03204478695988655, -0.018113354220986366, 0.0166030153632164, -0.01557825319468975, 0.00631060590967536, 0.008787541650235653, -0.020175296813249588, 0.010436286218464375, 0.04342259094119072, 0.011544965207576752, -0.0370931513607502, -0.03872391954064369, 0.053062327206134796, 0.012619978748261929, -0.02374572865664959, 0.01785050332546234, 0.023707784712314606, -0.006149176508188248, 0.02155829407274723, 0.003979865927249193, 0.07933279871940613, -0.008602340705692768, 0.013400726020336151, -0.06920768320560455, -0.03598976507782936, -0.015543182380497456, -0.06677913665771484, -0.03870430588722229, -0.01952592097222805, 0.021558761596679688, -0.004846306052058935, 0.0023842346854507923, -0.03574203699827194, 0.01681915670633316, -0.02890337072312832, -0.004768938757479191, 0.0001470947463531047, -0.01896626502275467, 0.015936167910695076, 0.0331084318459034, -0.015462464652955532, -0.025311099365353584, 0.01699882186949253, 0.028669144958257675, 0.008296467363834381, -0.031584758311510086, 0.014056193642318249, 0.0040641408413648605, 0.020137403160333633, -0.0571088008582592, 0.08665306121110916, -0.004553693346679211, -0.014115165919065475, -0.03124217689037323, 0.06103359907865524, 0.011104077100753784, 0.0030124010518193245, -0.050367388874292374, -0.01843937113881111, 0.0396856889128685, 0.017152808606624603, -0.002223844174295664, -0.03068552538752556, -0.014178036712110043, -0.016501566395163536, 0.01453525759279728, 0.009958120994269848, -0.0065057105384767056, 0.03056284226477146, -0.009684883989393711, 0.0038219005800783634, -0.007384651340544224, 0.06089606508612633, -0.0031315044034272432, -0.011878750286996365, -0.014198980294167995, 0.055936142802238464, -0.03971664607524872, 0.04374473914504051, -0.04309402406215668, 0.00478048250079155, -0.03179483860731125, 0.010990879498422146, -0.060542747378349304, -0.015257008373737335, 0.016715189442038536, -0.005465313792228699, -0.05627549812197685, -0.002014879370108247, 0.02529497630894184, 0.00976818148046732, 0.08724776655435562, -0.009200431406497955, 0.034685615450143814, -0.03964308276772499, 0.003090883605182171, -0.019955312833189964, 0.0019166067941114306, -0.018500829115509987, 0.01739395409822464, 0.01169928815215826, 0.016340982168912888, -0.007334867492318153, 0.030446376651525497, -0.015508588403463364, -0.009881669655442238, 0.003191646421328187, 0.012048999778926373, -0.02555840276181698, 0.04733310267329216, -0.04360714554786682, 0.02891729213297367, 0.05272334814071655, -0.03285248577594757, -0.004488429054617882, 0.00989668257534504, -0.025877101346850395, -0.02975662611424923, 0.03137277066707611, 0.028810417279601097, 0.018495934084057808, 0.032022200524806976, -0.01309745479375124, 0.021799322217702866, -0.021593423560261726, -0.060218751430511475, -0.036750901490449905, 0.030050912871956825, -0.13916125893592834, 0.034447718411684036, -0.02555553801357746, 1.3122952623234596e-05, -0.04999833554029465, 0.009470370598137379, 0.020064592361450195, -0.05304661765694618, 0.04399581626057625, -0.004224139265716076, -0.0200191680341959, -0.04160582646727562, 0.028769107535481453, -0.05038656294345856, 0.006317001301795244, 0.009654118679463863, -0.010986036621034145, 0.006097545847296715, -0.003467538161203265, -0.013405621983110905, 0.001304418663494289, -0.0009858617559075356, 0.04002496972680092, -0.00929474551230669, -0.013666896149516106, -0.0172481257468462, 0.014387624338269234, 0.034769900143146515, 0.0018306822748854756, -0.008244337514042854, 0.00317242625169456, 0.04158840700984001, -0.010121842846274376, 0.058657206594944, 0.00933331623673439, 0.022172659635543823, 0.01146632619202137, -0.0018835149239748716, -0.004237224813550711, 0.02136608399450779, 0.024786492809653282, 0.012861904688179493, -0.026886770501732826, 0.01897582970559597, 0.025304973125457764, 0.028066691011190414, -0.003734293859452009, 0.012625607661902905, -0.05547529086470604, 0.002427166560664773, -0.022104537114501, 0.014396305195987225, 0.010083652101457119, 0.016634143888950348, 0.04470217600464821, -0.028286848217248917, -0.03331076726317406, -0.016219744458794594, -0.007103388663381338, 0.038642868399620056, -0.035430822521448135, 0.01916409283876419, -0.05456012487411499, -0.028718946501612663, -0.022319508716464043, -0.003858542302623391, -0.03773355484008789, 0.04115382581949234, 0.011995435692369938, 0.0031976092141121626, -0.05221931263804436, -0.010470735840499401, -0.023026013746857643, -0.026347991079092026, 0.03911510482430458, -0.006877838168293238, 0.03427444398403168, -0.033644117414951324, -0.015070788562297821, -0.0068961698561906815, -0.05345853045582771, -0.016463814303278923, -0.052956901490688324, 0.014292990788817406, 0.07707999646663666, 0.013640707358717918, -0.020957840606570244, 0.01289280317723751, -0.05236481875181198, 0.018307458609342575, -0.05128425359725952, -0.01724848523736, -0.003961091861128807, 0.00467073917388916, -0.04225748032331467, 0.04126856103539467, -0.03596298769116402, 0.0247217807918787, 0.0345589704811573, -0.010104364715516567, 0.014829439111053944, -0.03081507980823517, 0.006620801519602537, 0.038360655307769775, 0.025572175160050392, 0.03324876353144646, 0.0537785105407238, 0.03184014558792114, -0.002695372560992837, -0.016682909801602364, -0.026132958009839058, 0.014185935258865356, -0.0014617035631090403, 0.0045690760016441345, -0.03478912636637688, 0.026234066113829613, -0.0003555871662683785, 0.03078666515648365, 0.013426249846816063, -0.040085725486278534, -0.018156489357352257, 0.04089449346065521, -0.005525865592062473, -0.0474281907081604, -0.027771908789873123, 0.012905354611575603, 0.010885830968618393, 0.04933285340666771, -0.02952275425195694, -0.047793444246053696, 0.034130074083805084, -0.037597957998514175, -0.012334228493273258, 0.019129717722535133, 0.07219594717025757, 0.0421600379049778, -0.030249979346990585, 0.06215354800224304, -0.03915335237979889, -0.05277165398001671, -0.008418138138949871, -0.009437388740479946, 0.004674370400607586, -0.015716275200247765, 0.0012076998827978969, -0.002813565544784069, 0.0027065076865255833, 0.007668635342270136, -0.03362112119793892, -0.00764379883185029, 0.02415601909160614, 0.02869303897023201, 0.003523786785081029, 0.009784366935491562, -0.0188053660094738, -0.0016265645390376449, -0.043319329619407654, 0.04701757803559303, -0.03464137390255928, 0.042295586317777634, -0.044840048998594284, -0.05525178834795952, 0.0193217433989048, 0.04192047193646431, 0.04333506524562836, 0.017741596326231956, -0.01779869943857193, 0.027309294790029526, 0.023686956614255905, 0.009747052565217018, 0.01156697329133749, 0.03381846472620964, -0.035196125507354736, -0.025475626811385155, 0.026641035452485085, -0.032803021371364594, 0.04085421934723854, 0.010693484917283058, 0.034001536667346954, -0.0011458438821136951, 0.010391486808657646, 0.017367694526910782, 0.07090625911951065, 0.019763706251978874, -0.031848885118961334, 0.05664261057972908, -0.008298257365822792, -0.010445191524922848, -0.03100615181028843, 0.011180989444255829, -0.02961217239499092, -0.01523076556622982, -0.0070887599140405655, 0.024946950376033783, 0.026132119819521904, -0.019567599520087242, -0.009233004413545132, 0.01323484443128109, -0.022253548726439476, 0.06887079030275345, -0.013212603516876698, -0.009011887013912201, 0.0008723234641365707, 0.005127206444740295, 0.0005625997437164187, -0.04521544650197029, -0.024736696854233742, 0.030268143862485886, 0.02256324514746666, 0.06415063887834549, 0.0032574543729424477, -0.01643131859600544, -0.05628523975610733, 0.01768866367638111, -0.031112156808376312, 0.006468818057328463, -0.01973099075257778, 0.021925009787082672, 0.04521961137652397, 0.03470008075237274, 0.004876285791397095, -0.00350463786162436, -0.025993486866354942, 0.010758746415376663, -0.030483143404126167, -0.02206977643072605, -0.038105253130197525, 0.02220708690583706, 0.024816637858748436, 0.009710339829325676, -0.04234176129102707, 0.03204226493835449, 0.04446306452155113, 0.06044255569577217, -0.0023057942744344473, -0.007408543489873409, 0.05708697810769081, 0.022044114768505096, -0.0310178454965353, -0.0013541273074224591, -0.011321678757667542, 0.0119583485648036, -0.01037357747554779, -0.059349425137043]",
15_1_0_errors_future_webpack5_moved_to_webpack5_mdx_section_2_code_2,code_snippet,15_1_0_errors_future_webpack5_moved_to_webpack5_mdx_section_2,Possible Ways to Fix It - code_2,,"{'programming_language': 'js', 'filename': 'next.config.js', 'switcher': False}",15.1.0,,"module.exports = {
  webpack5: false,
}
","[(np.int64(7), np.float64(0.0539354607462883)), (np.int64(1647), np.float64(0.14230726659297943)), (np.int64(11737), np.float64(0.30558282136917114)), (np.int64(28175), np.float64(0.1888374388217926)), (np.int64(153837), np.float64(0.2878565490245819))]",,"[-0.009486289694905281, -0.03734392672777176, -0.011272717267274857, 0.034254685044288635, -0.02240072190761566, -0.004570228047668934, 0.01611430011689663, 0.06460791826248169, -0.018894916400313377, 0.014751373790204525, -0.012390081770718098, 0.008335133083164692, -0.03607001155614853, 0.03194719925522804, -0.011989807710051537, 0.021497847512364388, 0.009587237611413002, -0.006058570463210344, 0.023337505757808685, -0.01007768139243126, -0.08202016353607178, 0.008839762769639492, -0.016744187101721764, 0.029306882992386818, 0.03206358850002289, -0.0022380901500582695, -0.054543063044548035, -0.03181205317378044, 0.010620972141623497, -0.006615848746150732, 0.0058955056592822075, -0.0025382437743246555, -0.009016401134431362, -0.00048710318515077233, -0.04181838035583496, -0.007413468789309263, -0.01526888832449913, -0.012131105177104473, -0.023114200681447983, -0.005716521758586168, -0.015656065195798874, -0.01171080581843853, -0.010387565940618515, -0.05801985040307045, 0.016045354306697845, -0.034404635429382324, 0.007437326014041901, -0.01541529968380928, -0.057243794202804565, 0.00932069681584835, -0.026305221021175385, -0.022372277453541756, 0.023469271138310432, -0.038321997970342636, 0.04771870747208595, 0.022332534193992615, -0.003940220456570387, 0.03991788625717163, -0.06623440235853195, -0.004651316441595554, -0.02074551209807396, -0.03510206565260887, -0.015779519453644753, 0.034571412950754166, -0.0159935113042593, 0.05100785195827484, 0.01812501810491085, -0.020284170284867287, -0.026634227484464645, -0.009076546877622604, -0.03932325541973114, 0.01440959982573986, -0.02996729128062725, -0.01781376451253891, -0.07515254616737366, 0.004905567038804293, 0.010592950507998466, -0.03492463752627373, 0.03093419224023819, -0.01597600430250168, 0.035832926630973816, -0.0236112792044878, 0.024619976058602333, 0.045148979872465134, 0.05045445263385773, -0.038311418145895004, -0.015885422006249428, -0.022014373913407326, -0.016090285032987595, -0.019971901550889015, -0.038308706134557724, -0.05255240201950073, 0.02917729690670967, -0.04382258281111717, -0.04383784905076027, 0.000659226905554533, 0.00736283091828227, 0.0014194946270436049, 0.033452197909355164, -0.0013082630466669798, 0.03196696564555168, 0.02069220133125782, 0.0028617081698030233, -0.022673074156045914, 0.06556657701730728, -0.0067190309055149555, 0.002812625141814351, 0.004590686410665512, 0.004490548279136419, -0.032020218670368195, -0.0037390843499451876, 0.0011538037797436118, 0.015277561731636524, 0.004885214846581221, -0.0050167301669716835, -0.039851635694503784, -0.00017909210873767734, 0.024094248190522194, 0.02569345384836197, 0.007237762212753296, 0.017929071560502052, -0.013806293718516827, 0.008119394071400166, -0.018985262140631676, -0.019066860899329185, 0.008045701310038567, 0.004238864406943321, 0.03493637219071388, 0.012613252736628056, 0.04575910419225693, 0.009937964379787445, -0.0029548287857323885, -0.016886834055185318, -0.011093376204371452, 0.006370220798999071, 0.016739817336201668, -0.01761152595281601, -0.020059334114193916, 0.0019707661122083664, -0.0248835738748312, -0.02320110984146595, -0.02750573866069317, -0.0038102047983556986, -0.015242439694702625, 0.0033892320934683084, 0.024184519425034523, 0.08738864213228226, -0.020283889025449753, 0.0032145523000508547, -0.0009626976680010557, 0.0019472205312922597, 0.025007350370287895, 0.021597664803266525, -0.002327019814401865, 0.03772495314478874, -0.0537576898932457, 0.017341172322630882, 0.013362964615225792, -0.003074055537581444, 0.020852448418736458, -0.07405494898557663, -0.004512547980993986, -0.03279249370098114, -0.03160154074430466, 0.05283747985959053, -0.01737104170024395, -0.00332740624435246, 0.020820491015911102, -0.029944181442260742, -0.020476434379816055, 0.005948179867118597, -0.04991370812058449, -0.016128988936543465, -0.022827470675110817, 0.043483227491378784, 0.02528277039527893, 0.05817155912518501, 0.01757611520588398, 0.02773307077586651, -0.04241917282342911, 0.020905356854200363, 0.019839758053421974, 0.006288327742367983, 0.03672531247138977, -0.03804095461964607, 0.020847395062446594, 0.0654492974281311, -0.04770379513502121, -0.0053787268698215485, 0.025663450360298157, -0.031228987500071526, 0.013775506056845188, 0.026812449097633362, -0.016483889892697334, 0.02039363794028759, -5.21372894581873e-05, -0.00378421344794333, 0.020704850554466248, -0.0096318693831563, -0.0062407236546278, -0.023717328906059265, -0.011938849464058876, 0.03298908844590187, 0.01867668144404888, 0.0025978947523981333, -0.02348681166768074, -0.004069883842021227, -0.014995869249105453, 0.009045363403856754, 0.002456181449815631, -0.021443726494908333, 0.00947167631238699, 0.01098555326461792, -0.02093753218650818, -0.005719919688999653, -0.030285682529211044, -0.018492836505174637, 0.02249063551425934, -0.04791053757071495, -0.05789368599653244, -0.01822219043970108, 0.05981043726205826, 0.06611471623182297, 0.05795132741332054, -0.023004552349448204, 0.008818857371807098, 0.025419000536203384, 0.00575592927634716, -0.024045651778578758, -0.02508595399558544, 0.02039707638323307, -0.049769558012485504, 0.013937731273472309, 0.02220091223716736, 0.04922725260257721, -0.05861932784318924, -0.05723448842763901, -0.014285880140960217, -0.018304040655493736, -0.028562773019075394, 0.025096938014030457, -0.015432954765856266, 0.019673561677336693, 0.003084941767156124, -0.03782464936375618, 0.02315480448305607, 0.010356206446886063, -0.01380070485174656, -0.015407457016408443, -0.0627596527338028, -0.014203563332557678, 0.023517416790127754, -0.024169500917196274, -0.004639062099158764, 0.008023137226700783, 0.021500688046216965, 0.006896652281284332, -0.011238670907914639, -0.04495255649089813, 0.005333880428224802, 0.05172903090715408, -0.0005400195950642228, -0.04931364953517914, 0.0194722730666399, -0.037734560668468475, -0.021924765780568123, -0.07616370171308517, -0.011740069836378098, 0.026985513046383858, -0.029457060620188713, -0.02443753182888031, 0.04194511100649834, 0.02978729084134102, 0.013600576668977737, -0.013785596005618572, 0.03601517900824547, -0.04004037380218506, -0.036194317042827606, 0.06791101396083832, 0.001884087105281651, -0.004328708630055189, 0.04434104263782501, 0.05233348533511162, -0.017397401854395866, 0.017166733741760254, 0.0064603607170283794, -0.020835494622588158, -0.018609466031193733, -0.006905450485646725, -0.040390219539403915, -0.03795865178108215, 0.024151688441634178, 0.05117560923099518, 0.013035809621214867, -0.027983082458376884, 0.011792843230068684, 0.02699628472328186, -0.14619262516498566, 0.0017617004923522472, 0.03746738284826279, -0.03275862708687782, -0.0050354101695120335, -0.020003972575068474, 0.03378981724381447, 0.01838141679763794, -0.02419734001159668, 0.020216653123497963, -0.03677745535969734, -0.0450945720076561, -0.041515566408634186, -0.03770378604531288, 0.004409434273838997, -0.023343665525317192, -0.0062216646037995815, -0.008628973737359047, 0.03664412721991539, -0.035600386559963226, 0.043143387883901596, -0.034350283443927765, 0.0029411897994577885, 0.013507927767932415, 0.0003849304048344493, -0.0714116171002388, 0.02301284298300743, -0.03869437798857689, -0.0068132043816149235, -0.0017102472484111786, -0.024892039597034454, 0.060973577201366425, -0.007187619339674711, 0.027923373505473137, -0.033620331436395645, 0.024415303021669388, 0.0241314135491848, 0.032382745295763016, -0.00295213982462883, -0.01623811013996601, -0.005545101594179869, -0.007229701150208712, -0.04597539082169533, 0.025890132412314415, -0.007880210876464844, 0.013023088686168194, -0.010756845586001873, -0.006568425800651312, -0.01270002219825983, -0.012448170222342014, 0.04130217060446739, -0.020134761929512024, -0.009738901630043983, 0.004516659304499626, -0.008818630129098892, 0.03945878893136978, -0.02029440551996231, 0.0069351508282125, -0.031681980937719345, 0.015292426571249962, -0.016618404537439346, 0.00625409372150898, 0.03455798327922821, 0.032912421971559525, -0.002142434474080801, -0.03059694543480873, 0.07196106761693954, 0.008317729458212852, -0.015577556565403938, -0.01587805710732937, 0.005797636695206165, 0.015536492690443993, 0.00964220892637968, 0.009806942194700241, -0.062568798661232, 0.013809151016175747, 0.011210057884454727, -0.01797383837401867, -0.006475953385233879, -0.11222773790359497, 0.009584964253008366, -0.005913862492889166, -0.015283633954823017, 0.010617814026772976, -0.038131944835186005, -0.03218351677060127, 0.002733618952333927, -0.015060989186167717, -0.0041418662294745445, 0.22622081637382507, 0.028588954359292984, 0.0014821038348600268, 0.025569917634129524, 0.060448985546827316, 0.022608263418078423, 0.013759130612015724, 0.039875734597444534, -0.024457789957523346, -0.047950953245162964, -0.01042072381824255, 0.04245812073349953, -0.015021039173007011, -0.017566759139299393, -0.01359505858272314, -0.014006822369992733, -0.03767828270792961, 0.037638865411281586, 0.07566714286804199, -0.04636745899915695, -0.023772990331053734, -0.0681290477514267, 0.04168611764907837, 0.018980741500854492, -0.03925270214676857, -0.018228797242045403, 0.0037343131843954325, -0.0023085991851985455, 0.00984450988471508, 0.0035977689549326897, -0.021757693961262703, 0.04233966022729874, 0.08018367737531662, -0.005478972103446722, -0.023107780143618584, 0.010621033608913422, 0.04466980695724487, -0.05029086396098137, 0.022817455232143402, 0.035714466124773026, -0.050963085144758224, -0.02458159625530243, 0.0021267596166580915, -0.0070373183116316795, -0.021487051621079445, -0.0761650875210762, 0.0006514445994980633, 0.008415497839450836, -0.02393457479774952, -0.059459950774908066, 0.008631688542664051, -0.0413239561021328, -0.04022453725337982, 0.006660022307187319, 0.027301238849759102, -0.011773509904742241, -0.017899764701724052, 0.02821493335068226, 0.01079314760863781, -0.007893182337284088, 0.02340146154165268, -0.000991186941973865, -0.008838196285068989, 0.002448741113767028, 0.007521428167819977, 0.08054248243570328, -0.07772236317396164, -0.053817130625247955, 0.03297235816717148, 0.044909775257110596, -0.010858934372663498, 0.008844505064189434, 0.008784526959061623, -0.009252252988517284, -0.0057060569524765015, -0.03612009435892105, 0.01635398529469967, 0.02927883341908455, 0.01594167947769165, 0.019986160099506378, -0.0071588074788451195, -0.011944100260734558, -0.03894490376114845, 0.05746766924858093, 0.027856748551130295, -0.039907306432724, 0.023425837978720665, 0.009203797206282616, -0.023930296301841736, -0.04137119650840759, 0.004902532324194908, 0.007044976111501455, 0.006342317443341017, 0.030076777562499046, -0.02026532217860222, 0.006654042284935713, -0.041449420154094696, 0.006044178269803524, -0.007373001426458359, -0.00681724026799202, -0.01911664381623268, -0.0530022531747818, 0.006937237456440926, -0.035766348242759705, 0.009100096300244331, 0.03143371269106865, -0.01139095053076744, -0.023281030356884003, 0.021443964913487434, 0.0045563457533717155, -0.04008980840444565, 0.02262541837990284, -0.013059536926448345, -0.02561972290277481, 0.01611885242164135, 0.004594932310283184, 0.015357080847024918, 0.00969626847654581, 0.01171909086406231, 0.022009341046214104, -0.04392294958233833, -0.061778634786605835, -0.03690117597579956, 0.009310808964073658, -0.006678600795567036, -0.04174697399139404, -0.03281616419553757, 0.008835314773023129, -0.020253419876098633, 0.027208203449845314, 0.046191949397325516, -0.009128266014158726, 0.001581168849952519, 0.029544958844780922, 0.028805183246731758, 0.05973012000322342, 0.015266227535903454, 0.028087100014090538, -0.006121691782027483, 0.025720076635479927, -0.054314158856868744, 0.032956164330244064, 0.011968900449573994, -0.004022889770567417, 0.014746004715561867, 0.046603038907051086, 0.06676648557186127, 0.0027780302334576845, 0.01577458716928959, 0.016049036756157875, 0.035732202231884, 0.07842207700014114, -0.014527270570397377, -0.01851862668991089, 0.0007194934878498316, -0.04068010300397873, 0.014417514204978943, 0.03376374393701553, -0.000103779646451585, -0.023157892748713493, -0.0058080521412193775, 0.038891661912202835, 0.02400249056518078, 0.04452023282647133, -0.006136821582913399, 0.0297373179346323, -0.02977471612393856, 0.004637245088815689, 0.05580465868115425, -0.004532596096396446, 0.017985189333558083, 0.0015463109593838453, -0.08442244678735733, 0.020072460174560547, 0.05582576245069504, -0.006456946954131126, -0.08008131384849548, -0.01884290762245655, -0.026054758578538895, -0.006544250063598156, -0.03446304798126221, -0.007855650968849659, -0.04143017157912254, -0.024473104625940323, 0.0031976792961359024, -0.03862917795777321, -0.01281064935028553, -0.03311990574002266, 0.03161945566534996, -0.03280048072338104, -0.020703082904219627, 0.11798879504203796, -0.0010091513395309448, -0.03665117919445038, -0.02501055784523487, 0.014190874062478542, -0.03714686259627342, 0.03122083656489849, -0.0013883959036320448, -0.009671473875641823, 0.033282987773418427, -0.026501215994358063, -0.005834825336933136, -0.007430640980601311, -0.012284510768949986, -0.0014076840598136187, -0.06940766423940659, 0.01115004438906908, -0.010426775552332401, -0.004191590938717127, -0.04516276717185974, 0.006569830235093832, 0.03634895384311676, -0.010537217371165752, 0.06872621178627014, -0.01908203214406967, 0.06371904164552689, 0.011978968977928162, 0.027709536254405975, -0.012668050825595856, -0.037575166672468185, -0.0007271841750480235, 0.025926122441887856, -0.017920874059200287, -0.023031318560242653, -0.0027311285957694054, 0.0016841732431203127, -0.033000681549310684, 0.03564133867621422, 0.04990493506193161, 0.0002794009051285684, 0.013496891595423222, 0.021749211475253105, -0.027866322547197342, 0.04294180870056152, -0.051518432796001434, -0.014598275534808636, 0.030955230817198753, -0.016959305852651596, -0.006285517010837793, 0.027200162410736084, -0.018397297710180283, 0.012344577349722385, 0.038185421377420425, -0.012794878333806992, 0.018332719802856445, -0.01587733067572117, -0.02219143509864807, 0.03607785701751709, -0.009566009044647217, -0.00541244400665164, 0.04760149121284485, 0.04628245159983635, 0.013831811025738716, 0.0016719801351428032, 0.04360241815447807, -0.022004026919603348, 0.001090552075766027, -0.04215485602617264, 0.027411336079239845, 0.009422767907381058, -0.007974110543727875, -0.029426686465740204, 0.013080725446343422, -0.0008543637814000249, -0.035024240612983704, 0.0267004556953907, -0.01845630444586277, 0.010831371881067753, -0.0034418620634824038, 0.0036285752430558205, 0.00018645830277819186, -0.018876919522881508, -0.028987577185034752, 0.04819387570023537, 0.0018863537115976214, -0.020188674330711365, -0.04211966320872307, 0.04062943160533905, 0.010632910765707493, -0.01972307451069355, 0.0036874564830213785, -0.004704220686107874, -0.02264384739100933, 0.02683466300368309, 0.00023192168737296015, 0.0710940808057785, -0.006457721348851919, 0.0097721628844738, -0.07011095434427261, -0.05184506997466087, -0.005971637088805437, -0.06174933537840843, -0.03132709115743637, -0.0030092690140008926, 0.017709502950310707, -0.013242986053228378, -0.011190349236130714, -0.028953874483704567, 0.011198900640010834, -0.027247272431850433, -0.005194251425564289, 0.006520869210362434, -0.023367755115032196, 0.006225488614290953, 0.017174355685710907, -0.028759952634572983, -0.02749721147119999, 0.005412884056568146, 0.03750699386000633, 0.026669979095458984, -0.021221408620476723, -0.006769864354282618, 0.013034842908382416, 0.01690945215523243, -0.05753467604517937, 0.10018245875835419, 0.010030786506831646, -0.011980756185948849, -0.02530844137072563, 0.042974550276994705, -0.0016699795378372073, 0.004140421282500029, -0.044494401663541794, -0.00855125579982996, 0.018708039075136185, 0.006481187418103218, -0.0022338961716741323, -0.027387790381908417, -0.02078980579972267, -0.04292609542608261, 0.005398959387093782, 0.02490946464240551, -0.002635491546243429, 0.020020727068185806, -0.022316789254546165, -0.0059643941931426525, -0.010467296466231346, 0.054464906454086304, 0.003862476907670498, 0.0016970101278275251, -0.015166271477937698, 0.06725110858678818, -0.042909786105155945, 0.05064922943711281, -0.03235723078250885, 0.007029062602669001, -0.028819985687732697, 0.009448039345443249, -0.0462607704102993, -0.017382590100169182, 0.003468790790066123, -0.00540695758536458, -0.05011199042201042, -0.011533376760780811, 0.012865209020674229, 0.008673354052007198, 0.07576251775026321, -0.02515115775167942, 0.01794813573360443, -0.03537309542298317, 0.006118366029113531, -0.011080071330070496, -0.010599041357636452, 0.0005198079161345959, 0.014395620673894882, 0.028532739728689194, 0.016774792224168777, 0.0053123296238482, 0.02658965066075325, -0.01906307227909565, 0.019151391461491585, 0.006155910901725292, 0.02585056982934475, -0.026957020163536072, 0.0437752865254879, -0.04059727117419243, 0.0318109355866909, 0.030772263184189796, -0.03654959425330162, 0.0055085960775613785, 0.00822046771645546, -0.03547165170311928, -0.034187328070402145, 0.03066994808614254, 0.04920561984181404, 0.01970127411186695, 0.027648095041513443, -0.029563290998339653, 0.0295682605355978, -0.021918678656220436, -0.06242541968822479, -0.044510070234537125, 0.03783270716667175, -0.12932848930358887, 0.021869530901312828, -0.020227985456585884, 0.0052447025664150715, -0.050471626222133636, 0.0009819351835176349, 0.018496014177799225, -0.06353215128183365, 0.04744700342416763, -0.009356371127068996, -0.03708385303616524, -0.030239276587963104, 0.01951015554368496, -0.03337158262729645, 0.002255271188914776, 0.014085227623581886, -0.009179657325148582, 0.0021723962854593992, 0.0037537708412855864, -0.024193283170461655, -0.005493261385709047, 0.0063272034749388695, 0.023808378726243973, -0.01726446859538555, -0.021927978843450546, -0.02608453296124935, 0.007899881340563297, 0.03429475799202919, -0.0035647752229124308, 0.004664866719394922, -0.003270458895713091, 0.021024834364652634, -0.002930047456175089, 0.05135812982916832, -0.012763439677655697, 0.013849949464201927, 0.0021766761783510447, 0.007561964448541403, -0.010930140502750874, 0.02433948963880539, 0.01301070861518383, 0.016585370525717735, -0.025222057476639748, 0.013313492760062218, 0.05304175615310669, 0.029022669419646263, -0.004867656156420708, 0.011946910992264748, -0.04948123171925545, -0.0023394415620714426, -0.04066436365246773, 0.009722812101244926, 0.009959575720131397, 0.024405255913734436, 0.04251880571246147, -0.021308306604623795, -0.04706665128469467, 0.007448895368725061, -0.014244284480810165, 0.040156714618206024, -0.02450711838901043, 0.019015168771147728, -0.05159248784184456, -0.01966102421283722, -0.0017188733909279108, 0.0027991384267807007, -0.021781353279948235, 0.05372665449976921, 0.006180283613502979, -0.00017813594604376704, -0.04802684113383293, -0.006680857855826616, -0.0144661795347929, -0.03277593478560448, 0.0353531613945961, -0.0025129616260528564, 0.03267823904752731, -0.025165509432554245, -0.007929437793791294, -0.0036518890410661697, -0.04335204139351845, -0.013956009410321712, -0.06419762969017029, 0.020219836384058, 0.06848084926605225, 0.018590904772281647, -0.024146245792508125, 0.019881684333086014, -0.030915258452296257, 0.026893537491559982, -0.025472432374954224, -0.017247645184397697, 0.006878524553030729, 0.016244275495409966, -0.029032405465841293, 0.024194931611418724, -0.022098246961832047, 0.026518767699599266, 0.02728833444416523, -0.010317496955394745, 0.015455232933163643, -0.024420978501439095, 0.0036836075596511364, 0.022905468940734863, 0.02094131149351597, 0.0417543463408947, 0.03666262701153755, 0.020740127190947533, 0.011229656636714935, -0.008311585523188114, -0.023752722889184952, 0.041638437658548355, 0.011342220939695835, -0.00485973060131073, -0.0009357331437058747, 0.04371889680624008, -0.002497671637684107, 0.018214577808976173, -0.0031471578404307365, -0.0408179834485054, -0.013421592302620411, 0.02112135849893093, -0.01346544548869133, -0.03220660984516144, -0.0339193120598793, 0.013816691003739834, 0.02250022441148758, 0.03000412881374359, -0.017769167199730873, -0.04240618273615837, 0.03511761873960495, -0.04867655783891678, -0.025384049862623215, 0.017195390537381172, 0.05011547729372978, 0.032249704003334045, -0.033523350954055786, 0.07355934381484985, -0.022879254072904587, -0.06882379204034805, -0.004068730399012566, -0.01567317731678486, 0.006911690346896648, -0.007490081712603569, 0.005250404588878155, 0.004542304202914238, -0.008676213212311268, 0.007743909023702145, -0.0396217443048954, -0.009547087363898754, 0.030951127409934998, 0.014709576964378357, -0.008149757981300354, 0.009903914295136929, -0.023641986772418022, -0.0049635362811386585, -0.0468374527990818, 0.03289084509015083, -0.02004263550043106, 0.052520763128995895, -0.027757149189710617, -0.05579251050949097, 0.030811402946710587, 0.047610003501176834, 0.046220891177654266, 0.017062919214367867, -0.01674480549991131, 0.023506682366132736, 0.02515597641468048, 0.008062527514994144, -0.0016118335770443082, 0.04999944940209389, -0.03838230296969414, -0.017450205981731415, 0.030331864953041077, -0.044526390731334686, 0.0330306813120842, -0.010266127064824104, 0.014741465449333191, -0.0042029633186757565, -0.0007811160758137703, 0.024764925241470337, 0.052653055638074875, 0.011032450944185257, -0.02536819688975811, 0.06910813599824905, -0.023602599278092384, -0.012632702477276325, -0.03479290008544922, 0.014375333674252033, -0.027256343513727188, -0.009957416914403439, 0.0020446914713829756, 0.03871726617217064, 0.03260188549757004, -0.01897253282368183, 0.00028144073439761996, 0.01527123898267746, -0.036569129675626755, 0.07840418070554733, 0.008919690735638142, 0.003240947611629963, -0.017136165872216225, 0.01593668945133686, -0.008867642842233181, -0.03984552249312401, -0.038244038820266724, 0.028241055086255074, 0.040123675018548965, 0.07106104493141174, 0.00591993285343051, -0.010933972895145416, -0.05649867653846741, 0.015406095422804356, -0.008662848733365536, 0.0021885926835238934, -0.014171244576573372, 0.03805650770664215, 0.04833897948265076, 0.012547587044537067, -0.0025466703809797764, 0.005229925736784935, -0.023560181260108948, 0.028035307303071022, -0.011333290487527847, -0.02528987266123295, -0.03302151337265968, 0.029221391305327415, 0.018525250256061554, 0.012738486751914024, -0.035116154700517654, 0.005064389202743769, 0.03725278377532959, 0.0550411082804203, -0.01510708685964346, -0.018378138542175293, 0.06853579729795456, 0.014368441887199879, -0.019847100600600243, -0.014550345949828625, -0.017562557011842728, 0.008092744275927544, -0.026282239705324173, -0.03570707142353058]",
