entry_id,entry_type,parent_id,title,description,metadata,version,text_content,code_content,sparse_title_description,dense_text_content,dense_code_snippet,tag
15_1_0_errors_no_unwanted_polyfillio_mdx,document,,No Unwanted Polyfill.io,,{'related_links': []},15.1.0,"> Prevent duplicate polyfills from Polyfill.io.

## Why This Error Occurred

You are using polyfills from Polyfill.io and including polyfills already shipped with Next.js. This unnecessarily increases page weight which can affect loading performance.

## Possible Ways to Fix It

Remove all duplicate polyfills. If you need to add polyfills but are not sure if Next.js already includes it, take a look at the list of [supported browsers and features](/docs/architecture/supported-browsers).

## Useful Links

- [Supported Browsers and Features](/docs/architecture/supported-browsers)Prevent duplicate polyfills from Polyfill.io.
",,"[(np.int64(5), np.float64(0.00712231919169426)), (np.int64(6), np.float64(0.022017568349838257)), (np.int64(438), np.float64(0.20923525094985962)), (np.int64(846), np.float64(0.22425316274166107)), (np.int64(992), np.float64(0.052422717213630676)), (np.int64(3206), np.float64(0.15890643000602722)), (np.int64(3674), np.float64(0.08148065209388733)), (np.int64(63306), np.float64(0.1602867990732193)), (np.int64(116115), np.float64(0.2893800437450409))]","[-0.050229258835315704, 0.01867462322115898, -0.056573666632175446, 0.016640303656458855, -0.038792066276073456, -0.04456555098295212, 0.02677241526544094, 0.0442781038582325, -0.048501819372177124, -0.006306595169007778, -0.019466347992420197, -0.013829146511852741, -0.029463686048984528, -0.005430290475487709, -0.03163343295454979, 0.003272291738539934, -0.053956061601638794, 0.007211923599243164, -0.015988413244485855, 0.024928037077188492, -0.03442678600549698, -0.017801102250814438, 0.005566273350268602, 0.00543423555791378, -0.0026537813246250153, 0.024619903415441513, -0.042886339128017426, -0.0013627855805680156, -0.01537346187978983, 0.01325723621994257, 0.0242629274725914, 0.004445895552635193, 0.056612152606248856, 0.027976911514997482, -0.017033936455845833, -0.03695783019065857, -0.0040936460718512535, 0.0010894181905314326, -0.007035874295979738, 0.05998411774635315, -0.0021922001615166664, 0.0018652407452464104, -0.006225567776709795, -0.039822109043598175, 0.025707844644784927, 0.0064637307077646255, 0.010484563186764717, -0.005857779644429684, 0.010327412746846676, -0.03573058545589447, -0.02686496078968048, -0.0025473975110799074, 0.04368016496300697, -0.030425947159528732, 0.034874189645051956, -0.005516377277672291, 0.006400040350854397, -0.0039598774164915085, 0.0056690797209739685, 0.0009269564179703593, -0.04027216136455536, 0.0016295870300382376, -0.02322678081691265, -0.02520722895860672, -0.044354844838380814, 0.061778437346220016, -0.01912873424589634, 0.015233282931149006, -0.04336037114262581, -0.05168309062719345, 0.000612131436355412, 0.022428562864661217, 0.0028552275616675615, -0.031130824238061905, -0.02749534323811531, 0.026131615042686462, -0.0006664714892394841, -0.021332474425435066, -0.00597844272851944, 0.03224710002541542, 0.006749751511961222, -0.05570753291249275, 0.008036850020289421, -0.009514451026916504, 0.014672339893877506, 0.04644227772951126, -0.015351559966802597, -0.00014019531954545528, -0.006898296996951103, 0.02680930308997631, -0.02674582414329052, -0.014578116126358509, 0.06850211322307587, -0.022506095468997955, -0.019208963960409164, 0.03369724005460739, -0.01781911961734295, -0.016978593543171883, 0.05315950885415077, -0.035692248493433, 0.012482172809541225, -0.0008823123062029481, -0.04608476907014847, -0.013951598666608334, -0.002566741080954671, 0.030014168471097946, 0.0031760791316628456, -0.016944607719779015, 0.02083674818277359, -0.02105845883488655, 0.014359979890286922, 0.00412728963419795, 0.04754643514752388, 0.013471572659909725, -0.0055093769915401936, -0.029197830706834793, -0.020030926913022995, 0.008377580903470516, 0.007030908949673176, -0.0307176411151886, 0.04188965633511543, -0.0040102675557136536, 0.04214232414960861, -0.011654227040708065, 0.0069603449665009975, -0.010110804811120033, -0.060066431760787964, 0.038633204996585846, -0.03262050077319145, -0.027672642841935158, 0.04802025482058525, 0.010155657306313515, -0.04196850210428238, 0.024100661277770996, -0.0418856143951416, 0.03473517671227455, -0.01943051628768444, 0.019614126533269882, 0.01858527585864067, -0.036182671785354614, 0.053540486842393875, 0.017165249213576317, 0.017470303922891617, -0.05399231240153313, 0.046842943876981735, -0.023904595524072647, 0.07244310528039932, -0.0070696729235351086, 0.018870912492275238, -0.031235631555318832, -0.01179505791515112, 0.01191231794655323, 0.015493201091885567, 0.0022809766232967377, 0.01587502472102642, -0.013134432956576347, -0.00038197037065401673, 0.003378270659595728, -0.00513977836817503, 0.012977857142686844, -0.001187007874250412, 0.022260133177042007, -0.030681181699037552, 0.05686314031481743, -0.0036412356421351433, 0.014066861942410469, 0.026336558163166046, 0.00808470044285059, -0.02986587956547737, -0.01760965771973133, 0.027409132570028305, -0.05082634091377258, 0.010275045409798622, -0.007610374595969915, -0.004858147352933884, 0.05142693221569061, 0.042510006576776505, 0.030186012387275696, -0.014556456357240677, -0.01978633925318718, -0.033366940915584564, -0.020735854282975197, 0.004110488574951887, -0.048610638827085495, -0.02397807501256466, -0.02419009990990162, -0.010933008044958115, -0.02138340286910534, 0.004428858868777752, 0.01999904215335846, -0.07376185804605484, -0.01635054126381874, 0.0635618343949318, 0.00467374362051487, -0.003066900186240673, -0.021617896854877472, -0.014555646106600761, 0.003348922124132514, -0.0009727530414238572, 0.022310515865683556, 0.006227209698408842, -0.011529861949384212, -0.01319157425314188, -0.01110783126205206, -0.004974269308149815, -0.017169339582324028, -0.012651621364057064, -0.08746860176324844, 0.05390240624547005, -0.031244851648807526, 0.0338728241622448, -0.008308086544275284, -0.053600013256073, 0.020573031157255173, -0.06408464163541794, 0.011062433943152428, 0.01875578612089157, 0.014366328716278076, 0.0197711493819952, 0.008910812437534332, -0.03187277168035507, 0.0008471023757010698, -0.01487733330577612, 0.043258342891931534, 0.015521303750574589, 0.0632450059056282, 0.039612624794244766, 0.002937035169452429, -0.006939697079360485, -0.023802857846021652, -0.033662620931863785, 0.02150845155119896, 0.03401271626353264, -0.02592558041214943, 0.037793226540088654, -0.03710717707872391, -0.024570215493440628, 0.032552219927310944, 0.001219452009536326, 0.017804885283112526, 0.023951895534992218, -0.02883879654109478, -0.004678177181631327, 0.001682037371210754, -0.01753791607916355, -0.0032649629283696413, 0.006805832497775555, 0.03493322804570198, -0.02950429357588291, 0.019114624708890915, 0.03523768484592438, 0.009210971184074879, 0.010374350473284721, -0.020619360730051994, 0.021852679550647736, 0.005351359024643898, -0.005369985476136208, 0.004303638823330402, -0.024263817816972733, -0.038896169513463974, 0.06961634755134583, 0.008390425704419613, -0.05967879667878151, -0.010206670500338078, 0.01438811793923378, -0.02650264836847782, -0.029506569728255272, -0.016802387312054634, 0.00029051880119368434, -0.033585574477910995, -0.030665988102555275, -0.02124047465622425, 0.008377213031053543, 0.0034077847376465797, -0.01701226457953453, 0.04981746897101402, -0.01608246937394142, -0.005855628754943609, 0.0693451389670372, 0.012724742293357849, -0.00029971791082061827, 0.061442483216524124, 0.04919899255037308, 0.010045641101896763, 0.03799053654074669, 0.039808619767427444, -0.018357545137405396, -0.011858528479933739, 0.025310523808002472, -0.007115433923900127, 0.022004306316375732, -0.0029033152386546135, 0.04647410288453102, -0.008630223572254181, -0.02295716293156147, -0.004407915286719799, 0.025277486070990562, -0.15170611441135406, -0.0005985408206470311, 0.032403189688920975, -0.07266134023666382, 0.006546813528984785, 0.048190344125032425, -0.055726539343595505, -2.0271239918656647e-05, -0.008931003510951996, 0.05022387579083443, -0.03612392023205757, -0.0629977136850357, 0.02208930067718029, -0.02572208270430565, 0.04296666756272316, 0.045053042471408844, -0.017932962626218796, 0.014420120976865292, 0.03049655444920063, -0.04678632691502571, -0.036026060581207275, -0.01079995185136795, 0.013275017030537128, -0.041718315333127975, -0.018664587289094925, -0.0581594742834568, 0.07630540430545807, -0.0005104396841488779, -0.024045919999480247, 0.04479815065860748, -0.05284731462597847, -0.027636010199785233, 0.009027315303683281, -0.00949744414538145, 0.036856602877378464, 0.01149438600987196, 0.014426000416278839, -0.01801498606801033, -0.0301059577614069, -0.014039522968232632, 0.007873820140957832, -0.02350972220301628, -0.014711957424879074, -0.0014646417694166303, 0.034946002066135406, -0.04656226187944412, 0.021141350269317627, 0.01458798348903656, -0.04156523570418358, -0.049042221158742905, 0.0131287332624197, 0.03319711983203888, -0.009138845838606358, -0.011501832865178585, -0.02328965626657009, 0.026465140283107758, -0.0027352769393473864, 0.04030666872859001, 0.008293149061501026, -0.026293758302927017, -0.00038029454299248755, 0.01153079979121685, 0.04754101112484932, 0.010412437841296196, -0.012256842106580734, 0.0033684016671031713, 0.023554518818855286, -0.030573930591344833, 0.02588273212313652, -0.04491275176405907, 0.05405338108539581, -0.011020392179489136, 0.004120694473385811, -0.0063300104811787605, -0.011580215767025948, -0.0033011131454259157, -0.026972530409693718, -0.038293976336717606, 0.03440774232149124, -0.09683583676815033, 0.029299352318048477, 0.015718646347522736, -0.012909619137644768, 0.017243677750229836, -0.04206046834588051, 0.0004690385248977691, -0.0009820436825975776, -0.04357793927192688, 0.03258192166686058, 0.2179005891084671, 0.026004571467638016, 0.009534596465528011, 0.022865131497383118, 0.03621123731136322, -0.04689357057213783, 0.023792587220668793, 0.058781418949365616, 0.0073894113302230835, -0.03889889642596245, 0.019468558952212334, 0.009789904579520226, -0.006631501484662294, -0.001074258703738451, 0.020753517746925354, 0.030008133500814438, -0.022139258682727814, 0.05124916881322861, 0.05106242746114731, -0.030717674642801285, 7.011655725364108e-06, -0.017858730629086494, 0.018045639619231224, 0.03217004984617233, -0.04887528717517853, -0.03066391684114933, 0.011321892030537128, -0.07711152732372284, 0.004848049953579903, 0.021205825731158257, -0.05432680621743202, 0.04164677485823631, 0.030390959233045578, -0.01699621044099331, -0.00585939921438694, 0.014854476787149906, 0.031907375901937485, -0.0010104355169460177, 0.009643184952437878, 0.018107080832123756, 0.01855134591460228, -0.021713726222515106, -0.006022217683494091, 0.019248345866799355, -0.012671153992414474, -0.01285833865404129, -0.005941890645772219, -0.015327272936701775, -0.01906156726181507, -0.020424993708729744, -0.03639674559235573, -0.006808023899793625, -0.04108227789402008, 0.005400403402745724, -0.037997983396053314, -0.04350157082080841, -0.01999550871551037, -0.033660516142845154, -0.012103643268346786, 0.08938036859035492, 0.008639798499643803, 0.012433145195245743, -0.030490022152662277, 0.001345249591395259, 0.01965111494064331, -0.027016449719667435, -0.00827876292169094, 0.014612279832363129, 0.04463455080986023, 0.04887856915593147, 0.016439950093626976, -0.01188134215772152, 0.00014411215670406818, -0.07199106365442276, 0.0006918177241459489, -0.0355951301753521, 0.03833620995283127, 0.08649235218763351, -0.020792463794350624, -0.013755401596426964, -0.03890278562903404, 0.03359659016132355, -0.0243742186576128, 0.01484320405870676, 0.02170349285006523, -0.0674116387963295, 0.03749600425362587, 0.01145811565220356, -0.03582565113902092, -0.008753284811973572, -0.04518210515379906, 0.005854187533259392, 0.011206382885575294, 0.05403752624988556, 0.0234548170119524, 0.02727140486240387, -0.005947245750576258, -0.021779948845505714, -0.0036037168465554714, 0.014051606878638268, -0.013402605429291725, -0.02254766784608364, -0.03527006134390831, -0.01937703602015972, 0.0009674792527221143, 0.0005718477768823504, 0.013696727342903614, -0.010844780132174492, -0.007998709566891193, 0.04627466946840286, 0.0006104655331000686, 0.002308809431269765, 0.04413699358701706, -0.002580472035333514, -0.0482482872903347, 0.007318743970245123, 0.025691425427794456, 0.023449677973985672, 0.027722742408514023, 0.054026007652282715, -0.004277808591723442, -0.004526379518210888, -0.011486520059406757, 0.009847408160567284, 0.012963695451617241, -0.03337394818663597, 0.01068790815770626, 0.043878503143787384, -0.022712184116244316, -0.035667743533849716, 0.0011058785021305084, -0.033084895461797714, -0.050158482044935226, 0.06120860204100609, -0.0073083629831671715, 0.007634402252733707, 0.0038700050208717585, 0.017742864787578583, -0.004512719344347715, -0.03701110929250717, -0.06971249729394913, -0.038475796580314636, 0.012149272486567497, 0.011002439074218273, 0.014083023183047771, 0.033078208565711975, -0.002812637249007821, -0.019469860941171646, 0.034102678298950195, 0.02040673792362213, 0.0861000269651413, 0.08081641793251038, -0.00013888470130041242, -0.04299912601709366, -0.011699683032929897, -0.060453590005636215, 0.006062999367713928, 0.019000958651304245, 0.007535567041486502, -0.010439629666507244, 0.013798200525343418, 0.03030407428741455, -0.008614114485681057, 0.04163201525807381, 0.011561802588403225, -0.0032501767855137587, -0.024029701948165894, 0.07018665969371796, -0.006752951070666313, -0.02398960292339325, 0.024828089401125908, -0.06002764031291008, -0.05172320455312729, 0.00689487112686038, 0.035783715546131134, 0.0062469118274748325, -0.05967121198773384, 0.025187669321894646, -0.004710715264081955, 0.012727889232337475, 0.023683613166213036, 0.027939386665821075, -0.02261333353817463, 0.007432304788380861, 0.04292549192905426, -0.016143687069416046, 0.006324278190732002, -0.023296048864722252, -0.0010803175391629338, -0.034197114408016205, 0.01128635834902525, 0.09607016295194626, 0.00497426325455308, -0.007554322015494108, 0.028375713154673576, 0.0010735514806583524, 0.06456811726093292, -0.00909439381211996, -0.003528730710968375, 0.0026057711802423, 0.058433204889297485, -0.0022344051394611597, 0.0033644556533545256, 0.061240147799253464, 0.0017819313798099756, -0.04918837919831276, -0.046900223940610886, -0.01460235845297575, -0.01959739252924919, -0.04487286135554314, -0.0017298879101872444, -0.012844594195485115, -0.04861119017004967, -0.008556520566344261, -0.0044759660959243774, -0.019559035077691078, 0.07110755890607834, -0.011265348643064499, -0.002023997949436307, 0.008822442963719368, 0.008590331301093102, -0.02256622537970543, 0.04077598825097084, -0.02043421007692814, -0.02640838921070099, -0.00202215020544827, 0.03221766650676727, -0.016771823167800903, 0.017033187672495842, 0.0037274975329637527, -0.008860105648636818, 0.0236890260130167, 0.006927717477083206, -0.017407424747943878, -0.035842809826135635, 0.03561980277299881, -0.004065040498971939, 0.02904679626226425, 0.002471859334036708, -0.008339769206941128, 0.027943255379796028, 0.031940363347530365, 0.03520377725362778, 0.052523110061883926, 0.010315386578440666, 0.02214093506336212, -0.04087783768773079, -0.008541169576346874, 0.010714738629758358, 0.0620681494474411, 0.012955805286765099, 0.008887920528650284, 0.0015591540141031146, -0.007893271744251251, 0.05139867216348648, -0.019387587904930115, 0.008678293786942959, -0.015052503906190395, -0.039332613348960876, -0.008243987336754799, -0.03279808908700943, -0.004222181160002947, -0.008238228969275951, -0.021816710010170937, -0.022525789216160774, -0.03684035688638687, 0.0401790514588356, -0.0509977787733078, -0.008174502290785313, -0.021334361284971237, -0.05017395690083504, -0.012007246725261211, 0.010502452962100506, 0.0035945470444858074, 0.024418888613581657, 0.01024705357849598, 0.01909438520669937, 0.02662845328450203, 0.009619448333978653, -0.045212771743535995, -0.037080876529216766, -0.02195488102734089, -0.019779153168201447, 0.03305155411362648, 0.04565196484327316, -0.018249444663524628, 0.05195008963346481, 0.0682542622089386, -0.026556745171546936, -0.004371438641101122, 0.010100471787154675, -0.004701695404946804, -0.03581280633807182, -0.008213773369789124, 0.012370011769235134, 0.0021506580524146557, -0.023984448984265327, 0.00379272666759789, -0.0025648477021604776, 0.03444019332528114, -0.013685510493814945, -0.006908711511641741, -0.0012388874311000109, -0.03818878158926964, -0.1043194830417633, -0.004567873198539019, 0.02983463555574417, 0.01326591707766056, 0.0444975383579731, 0.011845781467854977, -0.035346969962120056, -0.055896107107400894, -0.01100764237344265, 0.04855368658900261, 0.024934882298111916, -0.016184216365218163, 0.10718964040279388, -0.04414577782154083, -0.017561232671141624, -0.0042507220059633255, 0.01632569171488285, 0.026168419048190117, -0.031618524342775345, 0.01173314917832613, 0.016473988071084023, 0.026585029438138008, 0.0067552244290709496, 0.008975961245596409, -0.022290844470262527, -0.004881152883172035, -0.052898406982421875, -0.004359465092420578, -0.02796793170273304, -0.01657169498503208, 0.01429984625428915, -0.007319794502109289, -0.00957699678838253, -0.01576809585094452, -0.007946332916617393, 0.0190680343657732, -0.011700443923473358, -0.03730165585875511, 0.03301660716533661, 0.0030974713154137135, -0.0026626235339790583, -0.031100831925868988, -0.016878744587302208, 0.04236125946044922, -0.04015699401497841, -0.011321418918669224, -0.01379610225558281, -0.03704092651605606, -0.024621279910206795, -0.048955369740724564, 0.03747895732522011, 0.008415913209319115, -0.00034035180578939617, 0.007391372229903936, -0.007546737790107727, 0.044280968606472015, -0.032996464520692825, -0.0010955256875604391, -0.06290315836668015, 0.007968101650476456, -0.0035789108369499445, 0.010811197571456432, 0.04306855425238609, -0.021166633814573288, -0.023760950192809105, -0.0027464134618639946, -0.002196659566834569, 0.02000872604548931, 0.04446003586053848, -0.024493081495165825, 0.04358096793293953, 0.031914494931697845, -0.011137077584862709, 0.01835966482758522, 0.03369231894612312, 0.005658538546413183, -0.06196009740233421, 0.004674612544476986, -0.0012737977085635066, -0.03044760227203369, 0.02079928293824196, -0.029711641371250153, -0.021587558090686798, 0.025520658120512962, 0.015768839046359062, 0.00789880845695734, -0.03158491849899292, 0.03309400752186775, -0.009341795928776264, 0.028581850230693817, -0.11433471739292145, -0.01590246707201004, -0.027596550062298775, 0.015713848173618317, -0.01020032074302435, -0.026497093960642815, 0.05661243572831154, -0.06942304968833923, -0.02901287190616131, -0.045525189489126205, -0.04008084535598755, -0.038812775164842606, 0.04091653600335121, -0.033825233578681946, -0.03807894513010979, 0.018379369750618935, 0.0056755198165774345, 0.01919901929795742, 0.011838559992611408, 0.03171646222472191, -0.015025700442492962, 0.012052477337419987, 0.012511199340224266, 0.022393522784113884, -0.05756885185837746, -0.01180002186447382, 0.02599913254380226, -0.016416234895586967, -0.0015807644231244922, 9.476090053794906e-05, -0.008160039782524109, -0.01892365701496601, 0.015258193016052246, 0.02265629917383194, -0.028295865282416344, -0.026173848658800125, 0.005282912403345108, -0.002321477746590972, 0.040522657334804535, 0.02196723036468029, -0.004810105077922344, 0.03274727612733841, -0.00047841400373727083, 0.016120545566082, 0.021746274083852768, 0.04906783998012543, -0.030276039615273476, -0.0357513353228569, -0.06360182166099548, -0.004904979839920998, 0.0034787962213158607, 0.022184323519468307, -0.03248559683561325, -0.0357784666121006, -0.009549928829073906, -0.002930050017312169, 0.02349698916077614, -0.06546381860971451, -0.020530054345726967, 0.038762278854846954, -0.03224969282746315, -0.008222308941185474, -0.03827754035592079, -0.054392483085393906, -0.04615122824907303, 0.006810958497226238, -0.07665716111660004, 0.03911012038588524, 0.015192368067800999, -0.012767637148499489, -0.047327056527137756, -0.03979821130633354, -0.03880267217755318, -0.014637105166912079, -0.03374530002474785, 0.02061120979487896, -0.02547185868024826, -0.021296139806509018, 0.0068686543963849545, 0.012640259228646755, -0.05708356946706772, -0.05295588821172714, 0.010794018395245075, 0.016886983066797256, 0.04705860838294029, -0.014127121306955814, -0.031039487570524216, 0.025691935792565346, -0.022282052785158157, -0.001416638377122581, -0.024378200992941856, -0.027659429237246513, -0.03963625431060791, -0.006467741448432207, 0.03391876816749573, 0.04166099801659584, -0.015191680751740932, 0.006943459622561932, 0.009764297865331173, -0.029543602839112282, 0.012371107004582882, -0.029845546931028366, 0.005732801277190447, 0.027667496353387833, -0.0043009608052670956, -0.0067498222924768925, -3.4889897506218404e-05, 0.034584615379571915, 0.0329376719892025, -0.016253434121608734, -0.038847584277391434, -0.02460452727973461, -0.016443265601992607, 0.005519648548215628, -0.06141619756817818, -0.010889511555433273, -0.015506049618124962, 0.05422933027148247, -0.014396551996469498, 0.010549117811024189, 0.0013161766109988093, 0.026448622345924377, 0.014852744527161121, -0.017731569707393646, 0.017555294558405876, -0.045498330146074295, 0.014363696798682213, 0.01740560494363308, -0.00010600487439660355, -0.0031715654768049717, 0.04437445104122162, -0.0121693704277277, -0.02287416346371174, 0.013415699824690819, 0.021293513476848602, 0.05520191788673401, -0.020895276218652725, 0.0434335432946682, -0.03495318815112114, 0.05362576246261597, -0.028191158547997475, -0.00197188020683825, 0.013255326077342033, -0.04430342838168144, 0.024883799254894257, -0.02867501974105835, 0.028179006651043892, 0.020471036434173584, -0.018130045384168625, -0.007058613933622837, -0.07759055495262146, -0.026117928326129913, -0.029246343299746513, -0.006002210080623627, -0.03774915635585785, 0.006696075666695833, 0.011850892566144466, -0.006876043044030666, -0.002538613975048065, 0.030110107734799385, 0.02213059924542904, -0.02969609759747982, -0.007541608531028032, -0.02213350683450699, -0.001640502829104662, 0.03323927894234657, -0.02444751374423504, -0.003066000761464238, -0.034377217292785645, 0.022486742585897446, -0.0076311491429805756, 0.036179069429636, -0.013883920386433601, 0.03785185515880585, 0.02565069869160652, -0.027859395369887352, 0.015549209900200367, -0.057576246559619904, 0.06901691854000092, 0.02190178446471691, 0.018889740109443665, 0.005408941302448511, 0.05196889862418175, 0.045342348515987396, -0.02313365787267685, 0.008076788857579231, 0.0061407797038555145, 0.021461892873048782, 0.044472239911556244, 0.002598209772258997, -0.019327450543642044, -0.01197382714599371, -0.002328053582459688, 0.03713437542319298, 0.032816365361213684, -0.0014093779027462006, 0.01064687967300415, -0.0042770542204380035, 0.023637529462575912, 0.0700623020529747, 0.016970334574580193, -0.004971971269696951, 0.05122265964746475, 0.0053670890629291534, -0.02000199258327484, 0.020683711394667625, -0.046501077711582184, -0.03444646671414375, -0.018758026883006096, 0.04354231432080269, -0.005950144957751036, -0.012548930943012238, 0.001738002640195191, 0.015575351193547249, -0.014089853502810001, -0.025312116369605064, 0.039943668991327286, 0.00413097720593214, 0.017058903351426125, -0.003766101086512208, 0.05073787644505501, 0.028026429936289787, -0.017224160954356194, -0.05029061809182167, -0.022497745230793953, -0.018422188237309456, -0.015212306752800941, 0.031250350177288055, 0.02508189156651497, 0.010139460675418377, -0.012152144685387611, 0.026841264218091965, -0.02868727035820484, 0.0394490547478199, -0.008026541210711002, -0.009175440296530724, 0.00013142055831849575, 0.018444722518324852, -0.05688770115375519, 0.007368162274360657, 0.015018755570054054, 0.007858666591346264, -0.012794644571840763, 0.024925144389271736]",,
15_1_0_errors_no_unwanted_polyfillio_mdx_section_2,section,15_1_0_errors_no_unwanted_polyfillio_mdx,No Unwanted Polyfill.io - Why This Error Occurred,,{},15.1.0,"You are using polyfills from Polyfill.io and including polyfills already shipped with Next.js. This unnecessarily increases page weight which can affect loading performance.
",,"[(np.int64(438), np.float64(0.17472214996814728)), (np.int64(846), np.float64(0.1997165083885193)), (np.int64(992), np.float64(0.05533255636692047)), (np.int64(3206), np.float64(0.18395230174064636)), (np.int64(3293), np.float64(0.13180334866046906)), (np.int64(3674), np.float64(0.08016974478960037)), (np.int64(44084), np.float64(0.12969806790351868)), (np.int64(63306), np.float64(0.16727395355701447)), (np.int64(64240), np.float64(0.09092707186937332)), (np.int64(116115), np.float64(0.29295122623443604)), (np.int64(212059), np.float64(0.25914326310157776))]","[-0.043077945709228516, 0.011958460323512554, -0.05635254085063934, 0.017632044851779938, -0.04021945223212242, -0.03021457977592945, 0.027732163667678833, 0.04257394000887871, -0.058307141065597534, 0.002060665050521493, -0.003059849375858903, -0.01480481494218111, -0.03568929433822632, -0.0006840287242084742, -0.021998900920152664, 0.028997525572776794, -0.03423023596405983, 0.001611261977814138, 0.00471904082223773, 0.008516991510987282, -0.02057068422436714, -0.01618431694805622, -0.003303582314401865, 0.02720865234732628, 0.015410574153065681, 0.021919626742601395, -0.05093443766236305, -0.011791509576141834, -0.023759201169013977, 0.02699308842420578, 0.035256676375865936, 0.004239341709762812, 0.05682433769106865, 0.015240783803164959, -0.032611582428216934, -0.07984044402837753, 0.0037759174592792988, -0.0004791251558344811, -0.037787728011608124, 0.041194669902324677, 0.013182640075683594, -0.0029662256129086018, -0.0023282915353775024, -0.03375587239861488, 0.056301601231098175, -0.014859670773148537, -0.0018452956574037671, -0.0019504243973642588, -0.026146210730075836, -0.008087726309895515, 0.005461419001221657, -0.01346596796065569, 0.03111460618674755, -0.015886763110756874, 0.04452287778258324, -0.004785334691405296, -0.0101546011865139, -0.029619723558425903, -0.01946200802922249, 0.0035634455271065235, -0.04340023174881935, 0.0012434483505785465, -0.02014751359820366, -0.020876755937933922, -0.02761322818696499, 0.09682273864746094, -0.022459855303168297, 0.0014704569475725293, -0.0524955615401268, -0.05416075512766838, -0.005063939373940229, 0.004244431387633085, 0.0016604482661932707, -0.020573696121573448, -0.035293981432914734, 0.025092994794249535, -0.024639053270220757, -0.029229646548628807, 0.0036677841562777758, 0.017583724111318588, 0.04225938767194748, -0.03012307547032833, 0.00901582557708025, -0.012935434468090534, 0.007526116911321878, 0.06967949122190475, -0.023487403988838196, -0.0034254081547260284, 0.010680703446269035, 0.02449488826096058, 0.001107819378376007, -0.015974124893546104, 0.07198458164930344, -0.012320361100137234, -0.011270737275481224, 0.0292710829526186, -0.03962248936295509, -0.0006839721463620663, 0.05497945472598076, -0.03662991151213646, 0.004238827154040337, 0.010758048854768276, -0.030525391921401024, -0.014643941074609756, 0.006462185177952051, 0.024624377489089966, 0.009824809618294239, 0.001831991714425385, -0.00021424429723992944, -0.014060945250093937, 0.024249615147709846, 0.010166454128921032, 0.02378929778933525, 0.007359770592302084, 0.0051467265002429485, -0.027337180450558662, -0.026245474815368652, 0.0067106010392308235, 0.03382778540253639, -0.025624331086874008, 0.04794562980532646, 0.008198077790439129, 0.03486652672290802, -0.03131072595715523, 0.018204836174845695, -0.014474947936832905, -0.03625364974141121, 0.039210762828588486, -0.016413988545536995, 0.0005935736699029803, 0.038188252598047256, 0.04796026274561882, -0.03315293416380882, -0.012775996699929237, -0.04130026325583458, 0.011150624603033066, -0.002786593744531274, 0.030315106734633446, 0.022852415218949318, -0.030836626887321472, 0.04132086783647537, 0.01816471666097641, 0.018555019050836563, -0.03834828361868858, 0.043149810284376144, -0.03616945073008537, 0.08170579373836517, -0.012791244313120842, 0.024950413033366203, -0.051320500671863556, -0.03482237830758095, 0.022271111607551575, 0.005479119252413511, 0.00917699933052063, -0.006758399773389101, -0.015570524148643017, 0.002241409383714199, -0.010258641093969345, -0.009798357263207436, 0.03343938663601875, -0.009701303206384182, 0.0037357001565396786, -0.013363144360482693, 0.02920033037662506, -0.013065171428024769, 0.028447400778532028, 0.009941820986568928, 0.0189870186150074, -0.03339516744017601, -0.02946377731859684, 0.010341137647628784, -0.034704599529504776, 0.029539361596107483, -0.006386545952409506, -0.00531587190926075, 0.06283479183912277, 0.11113044619560242, 0.02393842488527298, -0.02253231592476368, -0.031530916690826416, -0.01486003864556551, 0.002057921839877963, 0.01854691095650196, -0.053926900029182434, -0.044467993080616, -0.0379960834980011, -0.02030378393828869, -0.014490866102278233, -0.005932972300797701, 0.010497788898646832, -0.07322005927562714, -0.025950085371732712, 0.05030873417854309, -0.012097896076738834, 0.02227957919239998, 0.005198342725634575, -0.0015608003595843911, -0.02858036383986473, 0.020257752388715744, -0.0016836642753332853, 0.007290022913366556, 0.008730696514248848, 0.011047092266380787, 0.010161874815821648, -0.03729674220085144, -0.009943363256752491, -0.03910550847649574, -0.10051293671131134, 0.03569478541612625, -0.012036414816975594, 0.04797810688614845, -0.014996514655649662, -0.04650340974330902, 0.013600345700979233, -0.056106213480234146, -0.007422257214784622, -0.0011289886897429824, 0.039241988211870193, -0.0035873570013791323, -0.03492917865514755, -0.011804007925093174, -0.006580165587365627, 0.02705739624798298, -0.0014370771823450923, -0.012941291555762291, 0.0565420538187027, 0.04913422092795372, 0.011003009043633938, 0.005961386952549219, -0.03807692602276802, -0.022072862833738327, 0.004806695971637964, 0.020873408764600754, -0.014448700472712517, 0.05192841961979866, -0.04649094492197037, -0.0016210231697186828, 0.021739179268479347, -0.02503632754087448, 0.018521973863244057, 0.014772037044167519, -0.020572250708937645, -0.0063347723335027695, 0.03193255141377449, -0.013951200991868973, -0.007609287276864052, -0.004590821918100119, 0.04177289828658104, -0.022817138582468033, 0.01612093299627304, 0.06919434666633606, 0.010218724608421326, -0.002378797857090831, -0.032465290278196335, -0.006395576987415552, 0.007560404483228922, -0.0009204662055708468, 0.0026817929465323687, -0.03616619482636452, -0.03211019188165665, 0.05804181098937988, 0.006900387350469828, -0.03419848904013634, -0.002691833535209298, -0.008898832835257053, -0.02733023837208748, -0.04140150174498558, 0.012907998636364937, 0.011382766999304295, -0.03341512754559517, -0.02689605951309204, -0.016570039093494415, 0.003977944143116474, -0.009301711805164814, -0.012729565612971783, 0.0463041327893734, -0.035714540630578995, 0.01170770637691021, 0.05336364731192589, 0.013874797150492668, -0.006374083925038576, 0.06903199106454849, 0.027849817648530006, 0.00819496251642704, 0.04615573212504387, 0.007893969304859638, 0.0033727269619703293, -0.018161186948418617, 0.016200385987758636, -0.011796388775110245, 0.03399476408958435, 0.004558753687888384, 0.044347990304231644, 0.008420431986451149, -0.01702117547392845, -0.020629171282052994, 0.0391174778342247, -0.16356906294822693, 0.024956412613391876, 0.04004036262631416, -0.06162802502512932, -0.008662611246109009, 0.030227268114686012, -0.04482058435678482, -0.01603005640208721, -0.007758446969091892, 0.04457136616110802, -0.04388662800192833, -0.07023274898529053, 0.004148736596107483, -0.032409608364105225, -0.007386610843241215, 0.045679040253162384, 0.007857025600969791, -0.007122720591723919, 0.03191579878330231, -0.04172796010971069, -0.027741195634007454, 0.015961967408657074, 0.03435356542468071, -0.043433401733636856, -0.04514537379145622, -0.020494025200605392, 0.05021359771490097, -0.024258214980363846, -0.01389389019459486, 0.023011913523077965, -0.04889301210641861, -0.012020762078464031, 0.004613672848790884, -0.005565877538174391, 0.01673991233110428, 0.03487066924571991, 0.040616754442453384, -0.0066908011212944984, -0.046895645558834076, -0.01472416426986456, 0.0035143534187227488, -0.028298193588852882, -0.013573858886957169, -0.012047895230352879, 0.05112330615520477, -0.05000479146838188, 0.011267646215856075, -0.0069308532401919365, -0.03864680230617523, -0.03951338678598404, 0.04442340508103371, 0.010477464646100998, 0.009770860895514488, -0.001901836832985282, -0.04627261310815811, 0.030949972569942474, 0.011350269429385662, 0.013867962174117565, 0.005676594562828541, -0.005739105399698019, 0.0018519844161346555, 0.005843248683959246, 0.05310886725783348, 0.0243871808052063, -0.00675475038588047, -0.0005660642636939883, 0.0009978353045880795, -0.009399139322340488, 0.03181111812591553, -0.05089326947927475, 0.05205971747636795, -0.012414596974849701, 0.014299015514552593, -0.021125685423612595, -0.019232111051678658, 0.019917456433176994, -0.045190613716840744, -0.046544358134269714, 0.025846833363175392, -0.08326371014118195, 0.035936351865530014, 0.03997746482491493, 0.010112689808011055, 0.026045070961117744, -0.04206039756536484, 0.004670748952776194, 0.013996916823089123, -0.03534423187375069, 0.03682355210185051, 0.220943421125412, 0.02130930870771408, 0.03131956607103348, 0.05957688391208649, 0.013769291341304779, -0.06177535653114319, 0.03735389560461044, 0.046648453921079636, 0.01600784808397293, -0.03154978156089783, 0.0009425575844943523, 0.001209244946949184, -0.02154165506362915, 0.001332887215539813, -0.01044993195682764, 0.035005517303943634, -0.05220819264650345, 0.023574454709887505, 0.08353691548109055, -0.04569413140416145, 0.010572493076324463, -0.017495663836598396, 0.00820192601531744, 0.015530700795352459, -0.0685686320066452, -0.034109365195035934, 0.0019441033946350217, -0.06939149647951126, 0.018436988815665245, -0.0028304276056587696, -0.05368604511022568, 0.035798560827970505, 0.021559184417128563, -0.017038747668266296, 0.0068879565224051476, -0.005506669171154499, 0.03247847408056259, 0.031150441616773605, -0.00029982897103764117, 0.02197883464396, -0.02855432964861393, -0.01825075037777424, -0.01616303250193596, 0.04307549074292183, -0.025038626044988632, -0.06176210567355156, 0.00023665557091590017, -0.017221724614501, -0.012584307231009007, -0.02129330299794674, -0.021004168316721916, -0.002115375827997923, -0.042059846222400665, 0.0031623535323888063, 0.019700152799487114, -0.02639969065785408, -0.0034665451385080814, -0.003482325002551079, -0.023675881326198578, 0.07737168669700623, 0.011385717429220676, 0.02957131527364254, -0.036046966910362244, 0.021417153999209404, 0.028076110407710075, 0.01045601349323988, -0.026255017146468163, -0.017252638936042786, 0.03085213527083397, 0.02656366303563118, -0.019587377086281776, -0.010022195056080818, -0.02145407907664776, -0.040333595126867294, -0.0079353591427207, -0.027620114386081696, 0.01815635897219181, 0.07476839423179626, -0.003697673324495554, 0.017902323976159096, -0.054665036499500275, 0.007702247705310583, -0.03054928034543991, 0.021924758329987526, 0.01270010881125927, -0.022899245843291283, 0.05859244987368584, 0.022449694573879242, -0.04051431640982628, -0.0315374955534935, -0.02902360074222088, 0.006609159521758556, 0.02996869571506977, 0.021045146510004997, 0.019574394449591637, 0.018867993727326393, -0.023877061903476715, -0.026779308915138245, 0.011570852249860764, 0.02760910801589489, -0.02117973379790783, -0.004397802986204624, -0.03068716637790203, -0.035982076078653336, -0.005453441292047501, -0.00043848479981534183, 0.025112316012382507, -0.03232285752892494, 0.012739350087940693, 0.030738692730665207, -0.016217228025197983, 0.018851373344659805, 0.048520829528570175, 0.007932089269161224, -0.02227001264691353, -0.02180357836186886, 0.025257648900151253, 0.04160495474934578, 0.07265396416187286, 0.07188638299703598, -0.013340008445084095, -0.022933000698685646, 0.018054012209177017, -0.01563192717730999, 0.004116067197173834, -0.02778351493179798, 0.0009618759504519403, 0.03151684254407883, -0.030832920223474503, -0.011546709574759007, 0.007539545185863972, -0.03412308916449547, -0.0616648867726326, 0.020106811076402664, 0.029678961262106895, -0.008941116742789745, 0.04229045286774635, 0.010887796990573406, -0.011624113656580448, 0.004725337959825993, -0.08091619610786438, -0.06062925606966019, 0.018316157162189484, 0.022434471175074577, 0.00945193413645029, 0.028949588537216187, -0.0013941917568445206, -0.013314565643668175, 0.02876291610300541, 0.01726733148097992, 0.07566916197538376, 0.06760803610086441, 0.002421377692371607, -0.020336546003818512, -0.04888491332530975, -0.056791361421346664, 0.0020498272497206926, 0.0057977610267698765, 0.002010958967730403, -0.015128860250115395, 0.010878424160182476, 0.00736782094463706, 0.002663404680788517, 0.047219593077898026, 0.020684843882918358, 0.011240056715905666, -0.016333160921931267, 0.04136950895190239, -0.01454409770667553, -0.021355949342250824, 0.008837140165269375, -0.053478822112083435, -0.038685839623212814, 0.028541598469018936, 0.03364479914307594, 0.016059624031186104, -0.037467993795871735, 0.017982589080929756, -0.00226727151311934, -0.0028023102786391973, -0.00010428993846289814, -0.005968054290860891, 0.0002201288443757221, -0.011837488040328026, 0.0468633733689785, -0.014907578006386757, -0.0031394308898597956, -0.0234112199395895, -0.002116572577506304, -0.044815391302108765, 0.010112944059073925, 0.11921782791614532, 0.014907337725162506, -0.02168509177863598, 0.02754225954413414, 0.00946776196360588, 0.047204889357089996, 0.00997603964060545, 0.0027697195764631033, 0.014291633851826191, 0.06593765318393707, 0.010622896254062653, 0.017946919426321983, 0.045342493802309036, 0.028184978291392326, -0.05499045550823212, -0.05017973110079765, 0.0005940698320046067, -0.0023177391849458218, -0.0498904213309288, 0.007074042689055204, -0.02078409492969513, -0.05068221315741539, -0.018374266102910042, 0.010059620253741741, -0.010709205642342567, 0.05265945568680763, -0.005950958002358675, 0.0023759198375046253, 0.017029231414198875, -0.0010421634651720524, -0.009016498923301697, 0.015024099498987198, -0.021626314148306847, -0.0031808761414140463, -0.006315935868769884, 0.026143785566091537, -0.02825920470058918, 0.011337220668792725, 0.024526072666049004, -0.005964873358607292, 0.029012205079197884, -0.010507325641810894, -0.03514767065644264, -0.007743946276605129, 0.031792957335710526, 0.01034086849540472, 0.02903641201555729, -0.003747227368876338, -0.005128016229718924, -0.001599672599695623, 0.009543576277792454, 0.04407941550016403, 0.03595038130879402, 0.008098701946437359, 0.011300266720354557, -0.053905583918094635, -0.028313565999269485, 0.026907559484243393, 0.028200771659612656, 0.005026149097830057, 0.008126551285386086, -0.005948191974312067, -0.020027348771691322, 0.034790828824043274, -0.021099446341395378, 0.0015820481348782778, -0.015303625725209713, -0.03716449812054634, -0.037932831794023514, -0.04087531939148903, 0.011548464186489582, -0.016124309971928596, -0.005203810054808855, -0.008024992421269417, -0.06018602475523949, 0.05488186702132225, -0.06457114219665527, -0.005263724364340305, -0.02527477592229843, -0.033174172043800354, -0.010318802669644356, -0.00880087073892355, -0.023967698216438293, 0.05863574892282486, 0.012197577394545078, 0.03386616334319115, 0.017696969211101532, 0.008236423134803772, -0.04347610846161842, -0.04150897264480591, -0.03784477338194847, -0.03085271827876568, 0.03763671591877937, 0.009255184791982174, -0.007443942595273256, 0.04018132761120796, 0.041993770748376846, -0.0194218922406435, 0.0038639355916529894, 0.02426934242248535, -0.0080728055909276, -0.035618241876363754, 0.02311851643025875, 0.004441364668309689, 0.0060625565238296986, -0.010718030855059624, 0.011814148165285587, -0.020196661353111267, 0.0564727857708931, -0.01874556951224804, 0.0016306685283780098, -0.0036838033702224493, -0.016938569024205208, -0.05614283308386803, 0.013168237172067165, 0.014720279723405838, 0.010226765647530556, 0.03131752833724022, -0.00879133865237236, -0.03970235586166382, -0.03726976364850998, 0.0035808205138891935, 0.02999996580183506, 0.030246088281273842, 0.008154507726430893, 0.07263080030679703, -0.03227853402495384, -0.01702125556766987, 0.010752670466899872, 0.006889382377266884, 0.010769600048661232, -0.029887137934565544, -0.026259757578372955, 0.0023795205634087324, 0.029635436832904816, 0.039458341896533966, 0.015649452805519104, -0.007658062037080526, 0.00327120628207922, -0.02251681312918663, -0.0005204728804528713, -0.017569459974765778, -0.013406127691268921, -0.009904555045068264, -0.040957022458314896, 0.007649429142475128, -0.033500682562589645, 0.01752866432070732, 0.029164975509047508, -0.014295882545411587, -0.03920756280422211, 0.022675693035125732, 0.001116501516662538, -0.017065515741705894, -0.028139207512140274, -0.00042668223613873124, 0.013076514936983585, -0.0009107533842325211, 0.002474637934938073, 0.0027691242285072803, -0.03412003070116043, -0.017297854647040367, -0.05045393854379654, 0.02351398579776287, -0.0047004334628582, -0.017561035230755806, 0.010440021753311157, 0.025744682177901268, 0.02054787054657936, -0.010942013002932072, 0.023190224543213844, -0.0736801028251648, 0.024713389575481415, 0.012660225853323936, 0.012895530089735985, 0.03241154924035072, -0.040235329419374466, 0.006698742508888245, 0.008559953421354294, 0.004614042583853006, -0.014223399572074413, 0.034670520573854446, 0.01060261856764555, 0.04365203529596329, 0.04669223725795746, -0.026529256254434586, 0.004011440556496382, 0.034970518201589584, 0.02244882844388485, -0.04808349162340164, -0.008405270054936409, -0.0017545869341120124, -0.02113461121916771, 0.0068804677575826645, -0.03530706837773323, -0.018778996542096138, 0.005230317357927561, 0.0410514660179615, 0.006986640393733978, -0.05566094443202019, 0.008627749048173428, -0.0393856056034565, 0.02217470295727253, -0.13587309420108795, -0.005947841797024012, -0.017408423125743866, 0.009661796502768993, -0.005331746768206358, -0.023320330306887627, 0.048950403928756714, -0.05502771586179733, -0.012289334088563919, -0.03655731678009033, -0.04166761413216591, -0.030959222465753555, 0.03536383435130119, -0.034315355122089386, -0.05101735517382622, 0.015171491540968418, 0.015457775443792343, 0.00021846128220204264, 0.012670029886066914, 0.042628008872270584, -0.0036372533068060875, 0.008080549538135529, -0.0036424649879336357, 0.008377370424568653, -0.0613938570022583, 0.007576308213174343, -0.015288986265659332, 0.010956489481031895, -0.02425537072122097, 0.002136276103556156, -0.01084571797400713, -0.030632363632321358, 0.024747859686613083, 0.021852951496839523, -0.0019224354764446616, -0.01067532878369093, 0.016211358830332756, -0.011620541103184223, 0.027007082477211952, 0.016272712498903275, 0.0032607954926788807, 0.03338295966386795, 0.007250843103975058, 0.017348434776067734, 0.038782283663749695, 0.019176919013261795, -0.011876548640429974, -0.02241026610136032, -0.07778377085924149, -0.008267853409051895, -0.043850623071193695, 0.0008585368632338941, -0.01695733331143856, -0.03131887689232826, -0.016841387376189232, -0.0018019560957327485, -0.002971839625388384, -0.04107861593365669, -0.03408963605761528, 0.041562359780073166, -0.015386234037578106, -0.0006139013567008078, -0.042484935373067856, -0.06282082200050354, -0.048359695822000504, -0.004446187522262335, -0.10005135834217072, 0.023683875799179077, 0.006682454142719507, -0.00463136238977313, -0.04840109869837761, -0.04203249141573906, -0.014313227497041225, -0.037577830255031586, -0.019323967397212982, 0.02248283103108406, -0.015741316601634026, -0.026509979739785194, 0.0018101324094459414, 0.0033255319576710463, -0.05060785636305809, -0.016140175983309746, -0.011564627289772034, 0.006565297953784466, 0.07160726934671402, -0.01000257395207882, -0.022298162803053856, 0.037224818021059036, -0.015593170188367367, -0.00282167736440897, -0.014805925078690052, 0.0007435896550305188, -0.033690135926008224, -0.04466216638684273, 0.03039199858903885, 0.03773513063788414, -0.018739022314548492, 0.033660948276519775, -0.008330699056386948, -0.024226360023021698, 0.013753965497016907, -0.013557740487158298, -0.0030812828335911036, 0.031164268031716347, -0.0016793254762887955, 0.007978116162121296, 0.02375629171729088, 0.02479565516114235, -0.0035630036145448685, -0.013688680715858936, -0.006042809225618839, -0.00681566447019577, 0.0006149872788228095, 0.003794577205553651, -0.07470967620611191, -0.020886825397610664, 0.004101686645299196, 0.0017688099760562181, -0.01693102903664112, 0.01740829460322857, -0.00501633994281292, -0.007580845151096582, 0.02297763153910637, -0.03220006078481674, 0.013626807369291782, -0.03318893536925316, 0.010710000991821289, 0.017973406240344048, -0.006740947719663382, -0.014335329644382, 0.026211727410554886, -0.04160655662417412, -0.013854630291461945, 0.0365443229675293, 0.0425359345972538, 0.06133148819208145, 0.002927904250100255, 0.055488221347332, -0.0652390718460083, 0.0420040488243103, -0.03642038255929947, -0.019171064719557762, 0.02180037833750248, -0.033663060516119, 0.018628211691975594, 0.013545678928494453, 0.04798506945371628, 0.024872256442904472, -0.028210241347551346, -0.0023819466587156057, -0.07747155427932739, -0.020525088533759117, -0.018811164423823357, -0.01585981249809265, -0.017443915829062462, -0.009664421901106834, 0.01862293854355812, 0.03841572627425194, -0.010363222099840641, 0.027711782604455948, 0.024800868704915047, -0.012351715937256813, -0.010706491768360138, -0.026925120502710342, 0.03112323023378849, 0.05685136839747429, -0.03313140198588371, 0.010987655259668827, -0.01829860918223858, -0.007495749741792679, 0.008609853684902191, 0.034527745097875595, -0.019173720851540565, -0.0018721272936090827, 0.024886444211006165, -0.0034787107724696398, 0.0012548109516501427, -0.039123207330703735, 0.06543638557195663, 0.004268573597073555, 0.027685973793268204, 0.023200973868370056, 0.06988520175218582, 0.026481952518224716, -0.02319236658513546, 0.03315579146146774, 0.017962882295250893, 0.015367094427347183, 0.024408921599388123, -0.0048139519058167934, -0.0031209001317620277, -0.02577127516269684, -0.014246799051761627, 0.006628552917391062, 0.018715862184762955, 0.007885130122303963, 0.006327035836875439, 0.02339867874979973, 0.0025608509313315153, 0.08560991287231445, -0.001989378361031413, -0.020658550783991814, 0.05302761122584343, -0.020144136622548103, -0.0062316288240253925, -0.0007659150869585574, -0.031157199293375015, -0.004539219196885824, -0.016910789534449577, 0.052378099411726, 0.016750691458582878, -0.014530281536281109, 0.013128883205354214, 0.010524250566959381, -0.030403582379221916, -0.017016055062413216, 0.024045877158641815, -0.010653507895767689, 0.016154494136571884, 0.023420533165335655, 0.005864499602466822, 0.021807659417390823, -0.022519651800394058, -0.018596867099404335, -0.04228580743074417, -0.031501639634370804, -0.01589873619377613, 0.0017585353925824165, 0.017608145251870155, 0.0283962469547987, -0.014062433503568172, -0.007506884168833494, -0.03320649638772011, 0.042827192693948746, -0.011190873570740223, 0.022351009771227837, -0.010377679020166397, 0.03633313626050949, -0.04764416813850403, -0.014635744504630566, -0.0004292663652449846, 0.017659736797213554, -0.02605641633272171, 0.036135729402303696]",,
15_1_0_errors_no_unwanted_polyfillio_mdx_section_3,section,15_1_0_errors_no_unwanted_polyfillio_mdx,No Unwanted Polyfill.io - Possible Ways to Fix It,,{},15.1.0,"Remove all duplicate polyfills. If you need to add polyfills but are not sure if Next.js already includes it, take a look at the list of [/docs/architecture/supported-browsers](/docs/architecture/supported-browsers).
",,"[(np.int64(47), np.float64(0.026211261749267578)), (np.int64(438), np.float64(0.21019063889980316)), (np.int64(846), np.float64(0.22470268607139587)), (np.int64(992), np.float64(0.07300452142953873)), (np.int64(1650), np.float64(0.10663315653800964)), (np.int64(2661), np.float64(0.04172985255718231)), (np.int64(3206), np.float64(0.2062593251466751)), (np.int64(3674), np.float64(0.08804169297218323)), (np.int64(42261), np.float64(0.10241357982158661)), (np.int64(63306), np.float64(0.18587146699428558)), (np.int64(96746), np.float64(0.2211395502090454)), (np.int64(115861), np.float64(0.11691354215145111)), (np.int64(116115), np.float64(0.30077725648880005))]","[-0.05719393119215965, -0.004169911611825228, -0.014719906263053417, 0.027726229280233383, -0.024399496614933014, -0.035874977707862854, 0.03582809492945671, 0.0264994315803051, -0.03856050223112106, -0.012032618746161461, 0.006212199106812477, -0.02484721504151821, 0.0013973347377032042, -0.016600633040070534, -0.03518513962626457, -0.0006982574705034494, -0.04365377500653267, -0.0016666317824274302, 0.0005348928389139473, -0.002577198436483741, -0.030226832255721092, -0.025444885715842247, -0.02021000161767006, -0.017382824793457985, 0.014164247550070286, 0.04207606241106987, -0.051820553839206696, -0.006342505570501089, -0.012016482651233673, 0.01844361051917076, 0.022915296256542206, -0.02159823104739189, 0.035908542573451996, 0.03240108862519264, 0.007933644577860832, -0.07358970493078232, -0.004237040411680937, -0.03004409186542034, -0.02113557979464531, 0.03817344456911087, -0.025382041931152344, -0.014521157369017601, -0.026946211233735085, -0.04255908355116844, 0.023951848968863487, -0.0015153378481045365, -0.013350237160921097, -0.010587424971163273, 0.03442636504769325, -0.029216211289167404, -0.029675085097551346, -0.005636345595121384, 0.02794809825718403, -0.027347318828105927, 0.012260192073881626, 9.473582758801058e-05, -0.00971018522977829, -0.049224209040403366, 0.002553272293880582, 0.003578726900741458, -0.05532307177782059, 0.007307406980544329, -0.021802406758069992, -0.0009697782224975526, -0.005252731032669544, 0.060474131256341934, -0.004395188298076391, -0.022900551557540894, -0.04099500924348831, -0.05017227679491043, -0.0014353313017636538, 0.016651853919029236, -0.011852745898067951, -0.026720687747001648, -0.015954704955220222, -0.02420015260577202, 0.022004224359989166, -0.010257887654006481, 0.003257737960666418, 0.02127319574356079, 0.018511289730668068, -0.027809182181954384, 0.04693657159805298, -0.010899120010435581, 0.014833318069577217, 0.03497801348567009, 0.007219734136015177, 0.026586711406707764, 0.006629190407693386, 0.02412114292383194, -0.01211621519178152, -0.004336136858910322, 0.06750860810279846, -0.021764269098639488, -0.010005014017224312, -0.001726016285829246, 0.008010970428586006, -0.02285465970635414, 0.09221013635396957, -0.014256087131798267, -0.0073816655203700066, -0.03267475590109825, -0.01820124126970768, 0.011572347022593021, -0.015642458572983742, 0.01586182415485382, 0.015644056722521782, -0.017302213236689568, 0.04623308405280113, -0.026735819876194, 0.010294835083186626, -0.011597668752074242, 0.0382254384458065, 0.03414488211274147, -0.010297137312591076, -0.02771807834506035, -0.021154841408133507, -0.010425664484500885, 0.0011926756706088781, -0.02656538411974907, 0.07321715354919434, -0.020190631970763206, 0.04584076255559921, -0.027166742831468582, 0.043970681726932526, -0.0006714913179166615, -0.046812888234853745, 0.04042007029056549, -0.026462439447641373, -0.00645476533100009, 0.02052483521401882, -0.0007305723265744746, -0.03411848470568657, 0.027740726247429848, -0.046136606484651566, 0.045542921870946884, -0.043087635189294815, -0.004262726288288832, 0.02268367074429989, -0.04584197700023651, 0.028024466708302498, -0.022648541256785393, 0.016832884401082993, -0.04852123185992241, 0.02956325002014637, 0.005964665673673153, 0.05357074365019798, 0.005981040187180042, 0.029880234971642494, -0.043713852763175964, -0.000702785502653569, 0.016470571979880333, 0.0037774143274873495, 0.01712721399962902, 0.043245941400527954, -0.006588824559003115, 0.010838493704795837, 0.0009507701033726335, 0.002922836923971772, -0.002651890506967902, -0.045149240642786026, 0.029294680804014206, -0.0190780870616436, 0.027745652943849564, 0.012112628668546677, 0.01760481484234333, 0.0004535263869911432, -0.002752734115347266, -0.03624911233782768, -0.02999792993068695, -0.009428261779248714, -0.0007542601670138538, 0.0281341765075922, -0.0027505350299179554, -0.007125724572688341, 0.04347958415746689, 0.04708068445324898, 0.014809569343924522, -0.011073089204728603, -0.012253261171281338, -0.057523202151060104, -0.010171342641115189, -0.012340951710939407, -0.042039453983306885, -0.016342660412192345, 0.0148149523884058, -0.008538500405848026, -0.044208962470293045, -0.007131895981729031, 0.0038718555588275194, -0.0700894221663475, -0.0189673975110054, 0.05347805470228195, -0.0019051432609558105, -0.011418777517974377, 8.983443694887683e-05, -0.00012170235277153552, -0.02535230666399002, -0.01751808263361454, -0.003072709310799837, -0.0027547809295356274, -0.018586548045277596, 0.028398774564266205, -0.023522058501839638, -0.03962119668722153, -0.03526710718870163, -0.012025554664433002, -0.06128188222646713, 0.0014954449143260717, 0.0008332283468917012, -0.02236204221844673, 0.016602661460638046, -0.029582174494862556, 0.0326186940073967, -0.04947935417294502, 0.021686119958758354, 0.013455957174301147, 0.029720177873969078, 0.009653701446950436, 0.023630937561392784, -0.02458588033914566, 0.020825734362006187, 0.006244685500860214, 0.02179940976202488, 0.01678657904267311, 0.020407548174262047, 0.02623712457716465, 0.028524231165647507, -0.026749001815915108, -0.0029332672711461782, -0.01769729144871235, 0.032587792724370956, 0.02398320473730564, -0.026425132527947426, 0.043663863092660904, -0.04624313488602638, -0.021189428865909576, 0.039529308676719666, -0.0062125734984874725, 0.013195417821407318, 0.015844356268644333, -0.04091060534119606, -0.01143681537359953, 0.014756247401237488, -0.009401326067745686, -0.011529591865837574, -0.00608074851334095, 0.03896016255021095, -0.03794320672750473, 0.013322104699909687, 0.021567024290561676, 0.011437790468335152, -0.005888884421437979, -0.017906729131937027, 0.007310410030186176, 0.01245033461600542, 0.001230566413141787, -0.013911336660385132, -0.042003512382507324, -0.026054393500089645, 0.05946147069334984, 0.04373397305607796, -0.02462022565305233, 0.01661638543009758, -0.012991814874112606, 0.0003263609833084047, 0.0012783679412677884, -0.012155533768236637, 0.006652874872088432, 0.0017697514267638326, -0.02556157484650612, -0.023783577606081963, -0.0031721903942525387, -0.012431020848453045, -0.03261521831154823, 0.06463970243930817, 0.006837334483861923, -0.004543721675872803, 0.06744448095560074, 0.007814309559762478, -0.016901783645153046, 0.02416391670703888, 0.04748945310711861, 0.0094120679423213, 0.04129796102643013, 0.011281977407634258, -0.01523610483855009, -0.026206238195300102, 0.015169289894402027, -0.0028115168679505587, -0.014238753356039524, -0.00461916346102953, 0.04869115725159645, -0.0008107188041321933, -0.02273731306195259, -0.017648834735155106, 0.005725457798689604, -0.16529303789138794, -0.0320761501789093, 0.04725940153002739, -0.07675815373659134, -0.0088315699249506, 0.058148473501205444, -0.0636884793639183, 0.04392104968428612, 0.004906289745122194, 0.030182920396327972, -0.023198381066322327, -0.059394609183073044, 0.0211110208183527, -0.019580459222197533, 0.013049039989709854, 0.03746465593576431, -0.014575624838471413, 0.017464082688093185, 0.0029822643846273422, -0.041484300047159195, -0.041324786841869354, -0.05163315311074257, 0.011648778803646564, -0.03589422255754471, 0.01116444543004036, -0.06416375935077667, 0.04491465166211128, -0.02729506604373455, -0.02768450602889061, 0.04695558547973633, -0.027887767180800438, 0.0071849580854177475, 0.009684031829237938, -0.0028672281187027693, 0.026296354830265045, 0.007825042121112347, 0.013944939710199833, -0.00029823643853887916, -0.03194139897823334, -0.051640063524246216, 0.01950514316558838, -0.01635005883872509, -0.02703862637281418, -0.025428151711821556, 0.051522593945264816, -0.04144641011953354, 0.010785543359816074, -0.0018420503474771976, -0.02023998089134693, -0.03248349577188492, -0.025066623464226723, 0.010668783448636532, -0.021662306040525436, -0.009827365167438984, -0.02181355468928814, 0.02627352997660637, -0.008004444651305676, 0.012964810244739056, 0.027499454095959663, -0.024112429469823837, -0.005976857617497444, -0.00784842949360609, 0.06569185107946396, 0.0018054530955851078, -0.04351123049855232, 0.033718712627887726, 0.024450255557894707, -0.028946293517947197, 0.01019502617418766, -0.028981029987335205, 0.028207527473568916, -0.0032361585181206465, 0.005506635643541813, -0.027084272354841232, -0.029763061553239822, 0.007625762838870287, -0.03092329576611519, -0.031518854200839996, 0.04286562651395798, -0.11619722843170166, 0.0390232652425766, 0.021242884919047356, -0.009786148555576801, 0.023594824597239494, -0.035184815526008606, -0.011120491661131382, -0.01775103621184826, -0.04445264860987663, 0.0400720052421093, 0.24576213955879211, 0.06248787045478821, 0.008944064378738403, 0.035938896238803864, 0.03865024074912071, -0.018502308055758476, 0.038295943289995193, 0.07362523674964905, 0.022042158991098404, -0.04196183755993843, 0.004292423836886883, 0.008731463924050331, -0.008574990555644035, -0.005697413347661495, 0.03176043927669525, 0.0299091637134552, -0.009840935468673706, 0.07897277176380157, 0.05703813210129738, -0.04067894443869591, 0.0007584000704810023, -0.0006503586191684008, 0.020176120102405548, 0.057215772569179535, -0.06898035109043121, -0.01466774195432663, 0.021709324792027473, -0.043968118727207184, 0.0030621695332229137, 0.03253904730081558, -0.05991072952747345, 0.020657086744904518, 0.024131739512085915, -0.024838853627443314, -0.009884106926620007, -0.022778725251555443, 0.028250763192772865, 0.0142074478790164, -0.005619108211249113, 0.06748410314321518, 0.0012260227231308818, -0.013491186313331127, 0.015484260395169258, 0.033729638904333115, -0.032095614820718765, -0.019614476710557938, 0.012922638095915318, 0.006607956252992153, 0.0061904750764369965, -0.03821112960577011, -0.005363084841519594, -0.011871316470205784, -0.02520579658448696, -0.007924188859760761, -0.03092302195727825, -0.037193652242422104, -0.01455758512020111, -0.01951819285750389, -0.017450541257858276, 0.0658540353178978, 0.01022426038980484, 0.00860815029591322, -0.03627275303006172, 0.015554438345134258, 0.002211726503446698, -0.023202650249004364, 0.011754214763641357, 0.019531233236193657, 0.06325621157884598, 0.061895206570625305, 0.01004346925765276, 0.0034708003513514996, -0.0053026401437819, -0.07093331962823868, -0.006771035026758909, 0.0025380279403179884, 0.026698626577854156, 0.06090199202299118, -0.006235960405319929, 0.006360873579978943, -0.029743587598204613, 0.025061674416065216, -0.01988532580435276, 0.033402953296899796, 0.025980375707149506, -0.06648602336645126, 0.032526805996894836, 0.04462214559316635, -0.025979595258831978, -0.03108026087284088, -0.014553678222000599, 0.0015434364322572947, 0.012913025915622711, 0.05874638259410858, -0.024486908689141273, 0.02598859742283821, 0.02206159383058548, -0.009432212449610233, -0.003088719677180052, 0.018711192533373833, 0.0027489366475492716, -0.010431759990751743, -0.03468964993953705, -0.04030479118227959, 0.027630552649497986, -0.012305879034101963, 0.0019627786241471767, 0.005341644398868084, 0.006958524230867624, 0.060492631047964096, -0.00023716778378002346, -0.0037198520731180906, 0.02965029887855053, -0.006319660227745771, -0.04940873384475708, 0.017337167635560036, 0.036972127854824066, -0.003505541943013668, 0.045480918139219284, 0.04927951097488403, -0.000129343185108155, 0.005742981098592281, -0.014707806520164013, -0.002682689344510436, 0.0003606468380894512, -0.009209713898599148, -0.004851877689361572, 0.04791146516799927, -0.04742493852972984, -0.026116320863366127, 0.01762937754392624, -0.028496408835053444, -0.06333589553833008, 0.028734320774674416, 0.008662456646561623, -0.004853222519159317, -0.004056854173541069, 0.01755673810839653, 0.02299726940691471, -0.009187581948935986, -0.05431888997554779, -0.05096741020679474, 0.019881973043084145, -0.015089161694049835, 0.0109509052708745, 0.03161049261689186, -0.0014797997428104281, -0.024952014908194542, 0.0493687279522419, 0.03259044140577316, 0.05147194489836693, 0.08287877589464188, 0.005522400606423616, -0.06407593190670013, -0.0072934930212795734, -0.04283345490694046, 0.0067591555416584015, 0.03190154954791069, 0.0024941579904407263, -0.013597202487289906, 0.0022025899961590767, 0.010082331486046314, 0.0035807210952043533, 0.03037846088409424, -0.016203442588448524, 0.009377188049256802, -0.03640720248222351, 0.0826324000954628, -0.009579209610819817, -0.01293153502047062, 0.0005056585068814456, -0.06678800284862518, -0.043135736137628555, 0.03616216406226158, 0.025065314024686813, -0.008988521993160248, -0.03507370501756668, 0.01558129396289587, 0.02492969110608101, 0.008849222213029861, 0.007033227011561394, 0.020814938470721245, -0.026962367817759514, -0.03882473334670067, 0.06205860897898674, -0.03670252114534378, -0.0005925748846493661, -0.0244266577064991, 0.041426919400691986, -0.03394876420497894, 0.022178905084729195, 0.09847486019134521, 0.0032208969350904226, -0.0025628635194152594, 0.026217231526970863, 0.0004330739320721477, 0.06346677988767624, -0.00836808793246746, -0.02269786037504673, 0.007097928784787655, 0.05938971787691116, -0.01110597513616085, 0.002218964509665966, 0.047595154494047165, 0.019041340798139572, -0.05831616371870041, -0.0704546570777893, 0.0006968661327846348, -0.022963538765907288, -0.04806341230869293, 0.0015175085281953216, -0.001853129011578858, -0.03968953341245651, -0.005572650581598282, 0.018963530659675598, -0.020477551966905594, 0.040881674736738205, 0.0006288340664468706, 0.029583439230918884, 0.011010338552296162, -0.014974084682762623, -0.03307318314909935, 0.030805399641394615, -0.01674855686724186, 0.0032110821921378374, 0.0071044317446649075, 0.029084809124469757, -0.005735114682465792, 0.00687400670722127, 0.03356426954269409, -0.010014870204031467, 0.04422709345817566, 0.011386227793991566, -0.022957071661949158, 0.005443686153739691, 0.02130248211324215, 0.020571596920490265, 0.028889307752251625, 0.0016188457375392318, -0.031138768419623375, 0.00031570540159009397, 0.03300224244594574, 0.06511759757995605, 0.05076500400900841, 0.019813628867268562, 0.021374456584453583, -0.047860294580459595, -0.009159245528280735, 0.05082708224654198, 0.04308154806494713, -0.010337299667298794, -0.01366329938173294, -0.023717105388641357, -0.01670418493449688, 0.05010906979441643, -0.04557076096534729, -0.001299991155974567, -0.011160051450133324, -0.041340284049510956, -0.03270822390913963, 0.0076848906464874744, 0.012456926517188549, -0.013987891376018524, -0.049602020531892776, 0.010092856362462044, -0.05538860708475113, 0.044648345559835434, -0.05180983990430832, -0.028297467157244682, -0.01633787713944912, -0.03449993208050728, -0.017340969294309616, 0.025950392708182335, 0.005919197108596563, 0.0032263172324746847, -0.0008703307248651981, -0.012541533447802067, 0.0073577542789280415, -4.7962108510546386e-05, -0.0249947439879179, -0.019039547070860863, -0.011489332653582096, 0.01535449456423521, 0.02431597001850605, 0.009430013597011566, -0.016958726570010185, 0.06409750878810883, 0.04624709486961365, -0.023105455562472343, -0.042804256081581116, 0.01409234944730997, -0.0036270481068640947, -0.032119862735271454, -0.0008866146672517061, 0.017792437225580215, 0.0011520331026986241, -0.06387506425380707, 0.026964621618390083, -0.020668109878897667, 0.02589639090001583, -0.0072534712962806225, 0.015834955498576164, 0.01136584859341383, -0.01964428462088108, -0.06933202594518661, 0.030051682144403458, -0.007766866125166416, -0.024015001952648163, 0.061591003090143204, 8.145215542754158e-05, -0.04490170627832413, -0.06589812785387039, 0.011754760518670082, 0.05620662495493889, 0.02274107187986374, -0.01205445360392332, 0.09266266971826553, -0.031183989718556404, -0.03157026320695877, -0.02352563850581646, -0.009546653367578983, 0.027178876101970673, -0.025462400168180466, -0.010806253179907799, 0.006896596867591143, 0.04802669584751129, 0.029375605285167694, -0.0054632206447422504, -0.02124272845685482, 0.0032554720528423786, -0.03768586739897728, -0.01567334495484829, -0.025217093527317047, -0.007893639616668224, 0.00573870399966836, 0.008791331201791763, -0.0017757548484951258, -0.029722910374403, -0.01613527536392212, -0.007658937945961952, -0.03938983753323555, -0.036938950419425964, 0.05025244131684303, -0.004465082194656134, -0.01081620529294014, -0.041180115193128586, -0.002001869957894087, 0.00969269685447216, -0.052893687039613724, -0.01555496733635664, -0.0072744544595479965, -0.03417658433318138, -0.037180934101343155, -0.06273891776800156, 0.041634637862443924, 0.022732064127922058, -0.011314818635582924, -0.0024310725275427103, -0.01186066772788763, 0.042518362402915955, -0.03245172277092934, 0.010918433777987957, -0.04011458903551102, 0.004308061208575964, -0.008728563785552979, 0.015374605543911457, 0.03880763426423073, -0.030111998319625854, -0.015771159902215004, 0.00848456658422947, 0.004843279719352722, 0.0022892432752996683, 0.01753934845328331, -0.0217659380286932, 0.03884119540452957, 0.017753029242157936, -0.012883785180747509, 0.0074581364169716835, 0.03678172826766968, 0.046958036720752716, -0.05526916682720184, -0.019035756587982178, 0.025424892082810402, -0.04345507547259331, 0.021784957498311996, -0.01211651973426342, -0.009563569910824299, 0.018599364906549454, -0.003411553567275405, 0.02856556512415409, -0.014957312494516373, 0.003918785136193037, 0.0072254822589457035, -0.009615585207939148, -0.1220775693655014, 0.008263934403657913, -0.03430624306201935, 0.009862004779279232, -0.013795853592455387, -0.00641546119004488, 0.01328752376139164, -0.05513644218444824, -0.027184858918190002, -0.031963691115379333, -0.05764133483171463, -0.030855955556035042, 0.05550150200724602, -0.036574285477399826, -0.00978311337530613, 0.005105160176753998, 0.019487326964735985, -0.0004139853408560157, 0.009776550345122814, 0.030971115455031395, -0.007143471390008926, 0.0010475046001374722, -0.004059759899973869, 0.019431984052062035, -0.034651145339012146, -0.014785210601985455, 0.021710803732275963, -0.0058589535765349865, 0.00612555630505085, 0.005282467696815729, -0.024578655138611794, -0.0035130383912473917, 0.019789129495620728, 0.00041787978261709213, -0.02508390322327614, -0.015508005395531654, 0.001048924052156508, 0.0032725378405302763, 0.021823594346642494, 0.007690641563385725, 0.00504342233762145, 0.035746727138757706, -0.009734594263136387, 0.017920710146427155, 0.038872163742780685, 0.05711512640118599, -0.007971842773258686, -0.019158223643898964, -0.06937431544065475, 0.03274991735816002, 0.003708902280777693, 0.007918551564216614, -0.03001539409160614, -0.02166958898305893, -0.03762640431523323, -0.0035205604508519173, 0.009793350473046303, -0.0385819673538208, -0.025802696123719215, 0.041304051876068115, -0.037978578358888626, 0.006018389016389847, -0.019855482503771782, -0.049026258289813995, -0.05984815955162048, 0.032412800937891006, -0.04731733351945877, 0.02093329280614853, 0.00568268122151494, -0.03784193471074104, -0.03413747251033783, -0.07218994945287704, -0.053351424634456635, -0.0022166557610034943, -0.0035713743418455124, 0.013140721246600151, -0.015227626077830791, -0.01627543568611145, -0.006535563617944717, -0.010857870802283287, -0.052547305822372437, -0.028985271230340004, 0.009293499402701855, 0.021583715453743935, 0.049348972737789154, -0.006204922217875719, -0.012624692171812057, 0.04071313142776489, -0.006735042668879032, 0.008451287634670734, -0.024940041825175285, -0.02294238656759262, -0.03724711015820503, 0.028713667765259743, 0.015448715537786484, 0.025545703247189522, -0.0035112183541059494, 0.008284222334623337, 0.00428923312574625, -0.02792513184249401, -0.025486687198281288, -0.011741898953914642, 0.01515440084040165, 0.004852954298257828, -0.01161589752882719, 0.0015885959146544337, 0.006923955865204334, 0.03414933383464813, 0.014530135318636894, -0.05698947235941887, -0.021727506071329117, -0.01472148671746254, -0.0020793331786990166, -0.01031579077243805, -0.0461895652115345, -0.000993244000710547, 0.0016119591891765594, 0.030975570902228355, -0.015371077693998814, 0.013834965415298939, -0.03244704008102417, 0.03426791727542877, 0.05716489255428314, -0.030408577993512154, -0.00801490806043148, -0.048062920570373535, 0.017900792881846428, 0.01584266498684883, 0.01984502747654915, -0.01953575201332569, 0.031603388488292694, -0.017208846285939217, -0.03531278297305107, -0.002085678977891803, 0.02024010568857193, 0.02930987812578678, -0.026270663365721703, 0.05004401504993439, -0.04547031223773956, 0.040210653096437454, -0.038126349449157715, -0.011220952495932579, 0.008588403463363647, -0.04856984689831734, -0.0007643674616701901, -0.027475297451019287, -0.004255007486790419, 0.011332900263369083, -0.007298187352716923, -0.013606185093522072, -0.031724460422992706, -0.016106748953461647, -0.009761892259120941, 0.007174313999712467, -0.035530708730220795, 0.004244797397404909, 0.017783401533961296, -0.022581666707992554, -0.02220873162150383, 0.04158439487218857, -0.00268578645773232, -0.03736720606684685, -0.024415256455540657, -0.025157121941447258, 0.02522105909883976, 0.025480663403868675, -0.0035016497131437063, 0.013852347619831562, -0.026807749643921852, 0.037666745483875275, -0.02624724991619587, 0.039958685636520386, -0.01964157074689865, 0.038773082196712494, 0.01967504806816578, -0.04222463443875313, 0.021505320444703102, -0.01058106031268835, 0.08609437942504883, 0.014682648703455925, 0.02371305227279663, -0.02085311897099018, 0.06451835483312607, 0.022243082523345947, 0.0035186673048883677, 0.013830741867423058, 0.003983585629612207, 0.0325029194355011, 0.02941758930683136, -0.021588588133454323, -0.01327938586473465, -0.0012755959760397673, 0.014462759718298912, 0.018385877832770348, 0.02898169308900833, 0.011295698583126068, 0.0016146907582879066, -0.014055851846933365, 0.043812237679958344, 0.06368886679410934, 0.025500429794192314, -0.0030158734880387783, 0.035305459052324295, 0.013122274540364742, 0.0021612674463540316, -0.0042212046682834625, -0.03117421455681324, -0.03199882060289383, -0.014779742807149887, 0.04228780046105385, -0.03737543895840645, -0.004029296804219484, -0.022554395720362663, 0.020930130034685135, -0.0008896374492906034, -0.00976212602108717, 0.03071608394384384, 0.01729678176343441, 0.04117583483457565, 0.022266626358032227, 0.04801548272371292, 0.06122487783432007, -0.013704272918403149, -0.016720939427614212, -0.055246613919734955, -0.01991862803697586, -0.02694571018218994, 0.005226988811045885, 0.005827396176755428, 0.010420314036309719, 0.007610814180225134, 0.03729884698987007, -0.00909050740301609, 0.035954322665929794, 0.016250716522336006, -0.023416846990585327, -0.0011046245926991105, 0.00990508683025837, -0.04345080256462097, 0.014576144516468048, 0.003483925713226199, 0.021974550560116768, -0.012499666772782803, 0.053935009986162186]",,
15_1_0_errors_no_unwanted_polyfillio_mdx_section_4,section,15_1_0_errors_no_unwanted_polyfillio_mdx,No Unwanted Polyfill.io - Useful Links,,{},15.1.0,"[/docs/architecture/supported-browsers](/docs/architecture/supported-browsers)
",,"[(np.int64(438), np.float64(0.13888049125671387)), (np.int64(846), np.float64(0.17973312735557556)), (np.int64(992), np.float64(0.0239228755235672)), (np.int64(3206), np.float64(0.15154188871383667)), (np.int64(3674), np.float64(0.06245329976081848)), (np.int64(7844), np.float64(0.07673384249210358)), (np.int64(36836), np.float64(0.14001065492630005)), (np.int64(57890), np.float64(0.2616691291332245)), (np.int64(63306), np.float64(0.13270455598831177)), (np.int64(116115), np.float64(0.25023317337036133))]","[-0.01132236234843731, -0.0008564672316424549, -0.04354715719819069, -0.003473922610282898, -0.024350356310606003, -0.02623693086206913, 0.02770455740392208, 0.033584535121917725, 1.1108927537861746e-05, 0.0031212796457111835, 0.02274453267455101, 0.003562166588380933, 0.0314253568649292, 0.005655157845467329, -0.018592793494462967, -0.008902759291231632, -0.005532179493457079, 0.032379548996686935, 0.0421861968934536, -0.023843690752983093, -0.028135744854807854, -0.000842709036078304, 0.0205941591411829, -0.04758625477552414, 0.0011825131950899959, 0.01384644117206335, -0.0022352985106408596, -0.0023300230968743563, 0.010183163918554783, 0.00042666838271543384, 0.03867717459797859, -0.02895812690258026, 0.03144057095050812, -0.004278344102203846, -0.00996376946568489, -0.06866196542978287, -0.026309005916118622, -0.029918907210230827, -0.044373784214258194, 0.03105010837316513, -0.041002124547958374, -0.014669761061668396, -0.0442933514714241, -0.03308708965778351, 0.042353373020887375, -0.03708481043577194, 0.005397671367973089, -0.029037704691290855, -0.005765213165432215, -0.024319322779774666, -0.02716122753918171, -0.01892145909368992, 0.005404922179877758, -0.016689855605363846, 0.008644129149615765, 0.01678449846804142, -0.04571404308080673, -0.06674431264400482, -0.059612251818180084, 0.025477705523371696, -0.06415402144193649, -0.01558078546077013, 0.022486131638288498, -0.0057487390004098415, -0.007023157086223364, 0.009845721535384655, 0.015841655433177948, -0.03881886601448059, -0.04892773926258087, -0.02071389928460121, 0.0031519841868430376, -0.01281053852289915, -0.03298607096076012, -0.02286176197230816, -0.03821162134408951, 0.023998545482754707, 0.041964225471019745, 0.017544332891702652, 0.006036878563463688, 0.03215007111430168, -0.008239529095590115, -0.008672883734107018, 0.04629042372107506, -0.031108763068914413, -0.034732621163129807, 0.011646764352917671, -0.0016877006273716688, 0.004947225097566843, 0.047640156000852585, 0.009224210865795612, -0.022009214386343956, -0.028536010533571243, 0.006318660918623209, -0.03775009512901306, -0.03550606966018677, 0.002968114335089922, 0.003522395621985197, 0.0073870038613677025, 0.049050260335206985, 0.040181804448366165, 0.023572534322738647, 0.010647550225257874, 0.011549895629286766, -0.0017385573592036963, -0.011721828952431679, -0.0292398352175951, 0.016562767326831818, -0.03739003837108612, 0.001157992286607623, -0.002335545141249895, 0.0007294580573216081, -0.022403819486498833, 0.03165719658136368, 0.019521787762641907, 0.024818846955895424, -0.001188520691357553, -0.04207528755068779, -0.023616183549165726, -0.01956893689930439, 0.022942710667848587, 0.03571474179625511, -0.02111370675265789, 0.03705662116408348, -0.003811866044998169, 0.042868804186582565, -0.0010145092383027077, -0.021493365988135338, 0.019757680594921112, 0.016831548884510994, 0.008558843284845352, 0.0025290856137871742, 0.001957912929356098, 0.010700784623622894, 0.01754998415708542, -0.019238293170928955, 0.011356443166732788, 0.011823313310742378, 0.008811194449663162, -0.02007555030286312, -0.06229591742157936, 0.03919369354844093, -0.012641474604606628, -0.002320624189451337, -0.05177796259522438, 0.05212440341711044, -0.024137787520885468, 0.04228324070572853, 0.05222462862730026, -0.004729342181235552, -0.04240860790014267, 0.006647366564720869, -0.013177469372749329, 0.02420850470662117, 0.03749638795852661, 0.04345957562327385, -0.026935389265418053, -0.01864209771156311, -0.02060571126639843, 0.015147884376347065, 0.002836094703525305, -0.10008890181779861, 0.004595680627971888, -0.0033928295597434044, 0.015831362456083298, 0.008522452786564827, -0.03236743062734604, 0.03494800627231598, 0.013507867231965065, -0.03769459202885628, -0.04300030693411827, 0.003982439171522856, -0.029164470732212067, 0.02697075717151165, 0.01992986537516117, 0.010682371445000172, 0.02986200712621212, 0.08741604536771774, 0.013352681882679462, 0.030459295958280563, -0.04211372882127762, -0.05914154648780823, -0.00572584243491292, -0.023377353325486183, 0.009591862559318542, -0.008722585625946522, -0.006491998676210642, -0.015278072096407413, -0.012366400100290775, -0.007119973190128803, 0.01643514074385166, -0.01903625950217247, -0.02646559849381447, 0.02366713434457779, -0.004943000618368387, -0.014292237348854542, -0.03822696954011917, 0.01653406396508217, 0.019886039197444916, -0.04856052249670029, -0.02640293911099434, 0.022921809926629066, 0.017320169135928154, 0.01744919829070568, -0.023758837953209877, -0.007785969879478216, -0.02085116319358349, 0.0031484835781157017, -0.03991859778761864, -0.012650223448872566, -0.0030110881198197603, -0.03175347298383713, 0.007870706729590893, -0.02850751206278801, 0.009464570321142673, -0.03364866226911545, 0.010974010452628136, -0.009794788435101509, -0.017366468906402588, 0.006549397017806768, -0.0007416373700834811, -0.03378605470061302, 0.00921720638871193, 0.0031041265465319157, 0.034585826098918915, 0.046473871916532516, -0.018303437158465385, 0.033967822790145874, 0.03998168185353279, -0.031032633036375046, -0.004640765488147736, 0.007640351541340351, -0.013585451990365982, 0.025965766981244087, -0.028477268293499947, 0.07407719641923904, -0.06521601229906082, -0.030873117968440056, -0.01441198866814375, 0.014968535862863064, -0.03264963999390602, 0.0023157831747084856, -0.052173856645822525, 0.04431172087788582, -0.012505732476711273, -0.032220471650362015, -0.0024147157091647387, -0.03294423967599869, 0.05607838183641434, -0.027817316353321075, -0.008274268358945847, 0.01824856922030449, 0.012865937314927578, 0.013850183226168156, -0.009720894508063793, 0.006403743289411068, 0.011374014429748058, 0.03785030171275139, -0.004006633535027504, -0.05606857314705849, -0.007629592437297106, 0.003227261360734701, -0.006278565153479576, -0.03786235675215721, 0.03498046472668648, -0.0019452681299299002, -0.043578337877988815, -0.028098799288272858, -0.055925093591213226, 0.008616874925792217, 0.003430318320170045, -0.008601515553891659, 0.022092485800385475, 0.014571411535143852, -0.001582843717187643, -0.0037578693591058254, 0.02000570110976696, -0.030879884958267212, -0.022496838122606277, 0.06399646401405334, 0.0018740160157904029, 0.013847751542925835, 0.018772756680846214, 0.030637435615062714, 0.05134698003530502, 0.03888927400112152, 0.000740176357794553, 0.0021453024819493294, -0.018191535025835037, 0.02340886928141117, -0.03389527648687363, -0.05606195330619812, -0.00938108004629612, 0.06875628232955933, -0.009122613817453384, -0.005713468883186579, 0.021868286654353142, 0.012023997493088245, -0.1485542356967926, -0.04992365464568138, 0.031588856130838394, 0.03605916351079941, 0.00908723659813404, 0.03128725290298462, -0.022619862109422684, -0.014665881171822548, -0.03918221592903137, -0.0004547946446109563, -0.014749232679605484, -0.054448164999485016, -0.009508573450148106, -0.018429387360811234, 0.03092200867831707, 0.03634602203965187, -0.014006919227540493, 0.01517043448984623, -0.0031591346487402916, -0.008013430051505566, -0.004194552078843117, -0.02208634279668331, 0.04304047301411629, 0.016352221369743347, 0.01881151646375656, -0.032796476036310196, 0.02457280457019806, 0.008356315083801746, -0.017709137871861458, 0.029269888997077942, -0.007105021271854639, 0.017006443813443184, -0.003929135389626026, 0.02432025782763958, 0.0080345394089818, 0.0037219191435724497, 0.021800851449370384, 0.014966459013521671, -0.002183889737352729, -0.02721436694264412, 0.009325708262622356, 0.02995261922478676, -0.03640931099653244, -0.01947043277323246, -0.0009330312605015934, -0.0371023528277874, 0.014507782645523548, -0.03448788449168205, -0.020205048844218254, -0.07129228860139847, 0.023825813084840775, -0.04726541414856911, -0.0037604777608066797, -0.0050658308900892735, -0.06669125705957413, 0.003834287403151393, 0.0020355370361357927, 0.021430108696222305, -0.007197922095656395, 0.006292743142694235, 0.00875808671116829, -0.029502475634217262, 0.07680435478687286, -0.015907680615782738, -0.0337202362716198, 0.012262309901416302, 0.05162589251995087, -0.034888021647930145, 0.017429064959287643, -0.025247953832149506, -0.014412401244044304, -0.0019730301573872566, 0.02158118225634098, -0.010975515469908714, 0.008044462651014328, 0.008840729482471943, 0.010136532597243786, -0.008780458010733128, 0.01775835081934929, -0.12187168747186661, 0.01919611170887947, 0.014093027450144291, 0.006402946542948484, 0.03501534089446068, -0.029676416888833046, 0.018649715930223465, -0.005401014816015959, -0.04376820847392082, 0.0472518615424633, 0.2587931156158447, 0.03160049021244049, 0.024435115978121758, 0.016869593411684036, 0.036407213658094406, 0.0007146764546632767, -0.014472034759819508, 0.04231879115104675, 0.0006950903334654868, -0.023717613890767097, -0.013310969807207584, -0.005729162134230137, -0.0016240652184933424, -0.02379150502383709, 0.010456121526658535, 0.011487100273370743, -0.04309205338358879, -0.002360444748774171, 0.09010220319032669, -0.001316038309596479, -0.015904473140835762, -0.038111068308353424, 0.027635633945465088, 0.022483984008431435, -0.034990109503269196, -0.018628431484103203, 0.015115824528038502, 0.028230680152773857, -0.0016785935731604695, 0.038113418966531754, -0.03561333194375038, -0.004883967339992523, 0.041639652103185654, 0.02148873545229435, -0.053607601672410965, -0.011942261829972267, 0.025376176461577415, -0.01223596278578043, -0.02388518489897251, 0.01682429201900959, -0.038550470024347305, -0.017960963770747185, -0.007014732342213392, 0.030206339433789253, -0.04203993082046509, -0.04330361261963844, 0.029510876163840294, 0.008057881146669388, 0.006360102444887161, -0.03906821459531784, -0.012124135158956051, -0.05253079533576965, -0.018215244635939598, 0.008855819702148438, -0.015419299714267254, -0.014570668339729309, -0.04134887456893921, -0.0195893794298172, -0.016272448003292084, 0.037444088608026505, 0.010497902520000935, 0.021577665582299232, -0.017031410709023476, 0.022467732429504395, -0.03451348468661308, 0.01950436271727085, 0.018270274624228477, -0.037985991686582565, 0.04916567727923393, 0.0845276340842247, 0.003676721826195717, 0.03761839494109154, 0.016671443358063698, -0.006893675774335861, 0.020537611097097397, -0.007508492562919855, 0.04508078098297119, 0.059488844126462936, -0.05707070603966713, 0.05754755437374115, -0.03562425076961517, 0.010562747716903687, -0.018506644293665886, 0.028937559574842453, 0.008452232927083969, -0.04038981720805168, 0.0010088194394484162, 0.04154100641608238, -0.038061127066612244, -0.01506107673048973, 0.003098075743764639, -0.01747552677989006, 0.015949273481965065, 0.03556525334715843, -0.03349761292338371, 0.016108084470033646, 0.011267800815403461, -0.014753615483641624, -0.04220984876155853, -0.011375820264220238, -0.0007803302141837776, -0.005996571853756905, -0.062371011823415756, -0.026142926886677742, 0.022863218560814857, 0.00011409124999772757, -0.020039590075612068, 0.005170316435396671, 0.00062396569410339, 0.052991919219493866, 0.0029152121860533953, 0.030066028237342834, -0.0015657973708584905, -0.038541775196790695, -0.06586416810750961, 0.0568358413875103, 0.034099310636520386, 0.03944600746035576, 0.037579383701086044, 0.03468889743089676, -0.009159010834991932, -0.0066225831396877766, -0.028030356392264366, 0.03289755806326866, -0.018317757174372673, -0.014504271559417248, -0.03132742643356323, 0.05230003595352173, -0.05890867859125137, 0.0206016693264246, 0.05967235565185547, -0.04959452897310257, -0.05048346891999245, 0.03297119587659836, 0.03150535374879837, 0.0174667127430439, 0.017361344769597054, 0.06040879338979721, -0.0010911856079474092, 0.018311453983187675, 0.0007893415167927742, -0.010163149796426296, 0.009344912134110928, -0.013217602856457233, 0.013585534878075123, 0.03257446736097336, -0.052154235541820526, 0.01864907145500183, 0.027642061933875084, 0.01642272248864174, 0.06264886260032654, 0.04180717468261719, 0.02098781429231167, -0.04260241612792015, 0.01852061040699482, -0.036491818726062775, -0.04045703262090683, -0.0020152477081865072, 0.005814301781356335, -0.025807466357946396, -0.006612879224121571, 0.023281928151845932, 0.04263989254832268, 0.05445526912808418, -0.019061557948589325, 0.017839465290308, -0.02570832334458828, 0.06887035816907883, -0.0191174428910017, 0.012277388013899326, -0.004918909631669521, -0.024312181398272514, -0.09511509537696838, 0.038555704057216644, -0.014365492388606071, -0.03397439420223236, -0.017414921894669533, -0.019733460620045662, 0.01245449110865593, -0.009920956566929817, 0.013024043291807175, 0.0007540254737250507, -0.05165799334645271, -0.009102790616452694, 0.02247869223356247, 0.02006141096353531, -0.02887471579015255, -0.0195637047290802, 0.033408377319574356, -0.03884282335639, 0.006221278570592403, 0.10361111164093018, -0.03175920993089676, -0.028957577422261238, 0.04348083212971687, -0.011525280773639679, 0.016797957941889763, 0.016620231792330742, -0.015147987753152847, 0.00893255602568388, 0.01125556044280529, -0.01536950096487999, 0.03954796493053436, 0.012140011414885521, -0.022022614255547523, -0.028204023838043213, -0.030169527977705002, 0.018070682883262634, -0.005113495048135519, 0.005118465982377529, 0.0269416905939579, 0.012223907746374607, -0.04944737255573273, -0.022689172998070717, 0.0005140558932907879, -0.03444475680589676, 0.020219281315803528, 0.052553825080394745, 0.03573014959692955, -0.022587193176150322, -0.0460365004837513, -0.023625392466783524, -0.005673462525010109, -0.01973903737962246, -0.01048810500651598, 0.02725903131067753, 0.022786643356084824, -0.02419924922287464, -0.03030819073319435, 0.02124462090432644, -0.009594107046723366, 0.000221344263991341, 0.024407651275396347, -0.018588745966553688, 0.03152305632829666, -0.019269008189439774, 0.02650030516088009, 0.007650471292436123, -0.009343080222606659, -0.04398768022656441, 0.025257715955376625, 0.011948236264288425, 0.04174761101603508, 0.026623615995049477, -0.010202925652265549, 0.02872524783015251, -0.006508800201117992, -0.011394570581614971, 0.04955992102622986, -0.008177743293344975, -0.04783248156309128, -0.03659280762076378, 0.024532757699489594, -0.024940242990851402, 0.028309063985943794, -0.004764140117913485, -0.0041380287148058414, 0.001564889564178884, -0.01891379989683628, -0.01095050759613514, 0.0021377610974013805, 0.06123727187514305, -0.0010348650394007564, 0.016806870698928833, 0.02041422203183174, -0.0238483976572752, 0.03341509401798248, -0.013527369126677513, -0.04609732702374458, -0.031759973615407944, -0.00535237230360508, -0.013701122254133224, -0.029418133199214935, 0.03471554443240166, 0.031072529032826424, 0.016880793496966362, -0.01593518815934658, 0.00033550331136211753, -0.016963539645075798, -0.007928009144961834, -0.0668339654803276, 0.007050010841339827, 0.023599624633789062, 0.037679512053728104, -0.0065839593298733234, -0.003805603599175811, 0.057176459580659866, -0.02599567547440529, 0.023451238870620728, -0.029662812128663063, 0.04645199328660965, -0.01165127381682396, -0.02142016589641571, -0.008862667717039585, -0.008151457644999027, -0.023895487189292908, -0.03431236371397972, 0.0714896097779274, -0.01883751153945923, 0.016283268108963966, 0.008121374994516373, 0.03622756153345108, 0.0004758361028507352, -0.017355741932988167, -0.017772236838936806, 0.0412500835955143, -0.005812098737806082, -0.014475960284471512, 0.028187384828925133, 0.006145436782389879, 0.011862475425004959, -0.06374422460794449, -0.011054282076656818, 0.057579245418310165, 0.049063362181186676, -0.04452544078230858, 0.053220804780721664, 0.00553800817579031, 0.0017598061822354794, -0.0066418396309018135, 0.011405394412577152, 0.0372246690094471, -0.025471623986959457, 0.052662163972854614, -0.03866785764694214, 0.004751896020025015, 0.035011596977710724, 0.002738170325756073, -0.028112664818763733, -0.001963710179552436, -0.02534850686788559, 0.011992606334388256, -0.019011490046977997, -0.014285705983638763, 0.04423147439956665, 0.02919483184814453, 0.0038996406365185976, -0.01462266780436039, 0.010289899073541164, -0.004526713863015175, -0.00333341583609581, 0.0027198600582778454, 0.09537974745035172, -0.028279786929488182, 0.008566922508180141, -0.014022880233824253, 0.019008219242095947, -0.03236641734838486, -0.032545752823352814, -0.015818364918231964, -0.01170672383159399, 0.013760627247393131, -0.033294402062892914, -0.0420159175992012, 0.017114877700805664, 0.004872176796197891, -0.0032378516625612974, -0.005653810687363148, -0.029496897011995316, 0.02075962908565998, -0.014721021056175232, 0.00017789134290069342, -0.03671349957585335, 0.01794351264834404, 0.009538925252854824, 0.027471255511045456, -0.03584440052509308, -0.008820541203022003, 0.028027860447764397, 0.039911627769470215, 0.0011460889363661408, 0.03360091149806976, 0.027681604027748108, -0.019893765449523926, -0.032607562839984894, 0.04284607246518135, -0.04342999681830406, 0.014365016482770443, 0.04965514317154884, 0.022648857906460762, 0.0012227593688294291, -0.02834979072213173, -0.016162028536200523, -0.022421441972255707, 0.02098410576581955, 0.010789046064019203, -0.003541248384863138, 0.043882761150598526, -0.013934125192463398, 0.07974085956811905, -0.02541082724928856, -0.0036331401206552982, -0.003125847550109029, -0.011088364757597446, -0.14643679559230804, 0.0190267451107502, -0.04341074451804161, -0.0031359875574707985, -0.049125995486974716, -0.012537121772766113, -0.04559984803199768, -0.07893403619527817, -0.0017395180184394121, -0.058665722608566284, -0.03263450041413307, 0.009107903577387333, 0.060706961899995804, -0.013737237080931664, -0.018517250195145607, 0.016940997913479805, 0.023771274834871292, -0.013677516020834446, -0.0253271646797657, 0.037115488201379776, -0.021521566435694695, -0.02383236028254032, 0.03175263851881027, 0.014666898176074028, -0.019360575824975967, -0.04598576948046684, 0.01389666274189949, -0.025422625243663788, -0.0260027889162302, 0.03381307050585747, 0.027326550334692, -0.03999612107872963, 0.010089953429996967, 0.006378794088959694, -0.01389097049832344, 0.017387595027685165, 0.013081930577754974, -0.031675856560468674, -0.001403103000484407, 0.032240502536296844, -0.014288173988461494, 0.030237605795264244, -0.025579145178198814, 0.01887841522693634, 0.005021814722567797, 0.028133239597082138, 0.01487866323441267, -0.014724167995154858, -0.051955293864011765, 0.02666836604475975, -0.030007125809788704, 0.04602287709712982, -0.025599196553230286, -0.011659483425319195, -0.046073269098997116, -0.005901474505662918, -0.015951504930853844, 0.009789558127522469, -0.01611662097275257, 0.016199585050344467, -0.061936601996421814, 0.03174960985779762, 0.009341107681393623, -0.0615900456905365, -0.01947711780667305, 0.05125868692994118, -0.006364721804857254, 0.012048229575157166, -0.03756134957075119, -0.011219869367778301, -0.030549924820661545, -0.03747366741299629, -0.005857887677848339, 0.0027117235586047173, 0.029330603778362274, 0.021588077768683434, -0.008398311212658882, -0.016646312549710274, 0.0037560458295047283, -0.027653824537992477, -0.021785831078886986, -0.03771534934639931, -0.005761780310422182, 0.028159691020846367, 0.07404205203056335, 0.02629510872066021, -0.004259797278791666, 0.014165055006742477, -0.0305494237691164, -0.005498539190739393, -0.04261850193142891, -0.053754210472106934, -0.01107973512262106, 0.03462769836187363, -0.02290772832930088, 0.012651202268898487, 0.007648984901607037, -0.03485407680273056, 0.009832321666181087, -0.009959540329873562, 0.018587296828627586, 0.014526483602821827, -0.02682562731206417, -0.021416623145341873, -0.018021536991000175, 0.030529826879501343, 0.03116796910762787, 0.04012223333120346, 0.04288391023874283, -0.029989520087838173, -0.10322786867618561, 0.005085506476461887, -0.035592205822467804, -0.025756726041436195, -0.0363520011305809, 0.011848675087094307, 0.023743895813822746, 0.0038043237291276455, 0.00962107814848423, -0.03354664146900177, -0.023790419101715088, -0.019705619663000107, 0.02638661116361618, -0.020899401977658272, 0.007738356478512287, 0.0038543501868844032, 0.05968897044658661, 0.03172789514064789, 0.022587209939956665, -0.010203826241195202, 0.03082927316427231, -0.05908944830298424, -0.00957439374178648, 0.006876286584883928, 0.023028478026390076, -0.019379641860723495, -0.0033940859138965607, 0.05136713758111, -0.014845592901110649, -0.011146225035190582, -0.03874881565570831, -0.011786925606429577, -0.005882096942514181, -0.03872786834836006, 0.010450674220919609, -0.02140391245484352, -0.014703354798257351, -0.014472776092588902, 0.018605653196573257, -0.0009250158909708261, 0.008780722506344318, -0.04175104200839996, -0.03419909253716469, 0.01802239380776882, -0.011938855983316898, 0.013827100396156311, -0.012533445842564106, -0.04575030133128166, -0.03948204219341278, 0.04874955862760544, 0.044564008712768555, -0.023337118327617645, -0.038977235555648804, 0.004411293193697929, 0.003533211536705494, 0.03385544940829277, 0.014966006390750408, 0.00027067476185038686, -0.025565030053257942, 0.014049645513296127, 0.004559527616947889, 0.019509457051753998, -0.027296768501400948, -0.0061247809790074825, 0.04554463177919388, -0.05603069067001343, 0.038348060101270676, 0.012210534885525703, 0.060165759176015854, 0.0016005871584638953, 0.04214663431048393, -0.0022339527495205402, 0.0560154914855957, -0.002894711447879672, -0.012326234951615334, 0.014635019935667515, -0.012540575116872787, 0.005145300179719925, 0.02051651105284691, -0.0038894019089639187, -0.05524790659546852, 0.008188656531274319, -0.019321536645293236, -0.005342517048120499, 0.010353457182645798, -0.004098511300981045, -0.0023626256734132767, 0.011186941526830196, 0.010597857646644115, 0.06511438637971878, 0.007223535794764757, 0.06270639598369598, -0.01872270181775093, -0.0023668541107326746, -0.002395891584455967, 0.004024668596684933, -0.062309954315423965, -0.059840019792318344, 0.006146782077848911, 0.02339092642068863, -0.0013276813551783562, 0.009047464467585087, -0.04130098968744278, 0.01804567500948906, 0.009417648427188396, -0.03396141156554222, 0.02694479189813137, 0.029170414432883263, 0.026031581684947014, 0.03013066202402115, 0.04628058150410652, 0.04212237522006035, -0.011712003499269485, 0.001132737030275166, -0.056128326803445816, -0.006408174056559801, -0.02267705462872982, 0.03378530219197273, -0.005099733360111713, 0.006321276538074017, -0.04176647216081619, 0.008250288665294647, 0.02253078483045101, 0.0004402151971589774, 0.02939790114760399, -0.026163816452026367, 0.014919239096343517, 0.022977016866207123, 0.016881035640835762, -0.003148304997012019, 0.043749500066041946, 0.028409123420715332, 0.012290176004171371, 0.016184372827410698]",,
15_1_0_errors_node_module_in_edge_runtime_mdx,document,,Using Node.js Modules in Edge Runtime,,{'related_links': []},15.1.0,"## Why This Error Occurred

The code in your [Middleware](/docs/pages/building-your-application/routing/middleware) or your [Edge API Routes](/docs/pages/building-your-application/routing/api-routes) is using a feature from Node.js runtime.

However, the Edge Runtime does not support [Node.js APIs and globals](/docs/pages/api-reference/edge#unsupported-apis).

## Possible Ways to Fix It

When running Next.js locally with `next dev`, your application will show in the console, and in your browser, which file is importing and using an unsupported module. This module must be avoided: either by not importing it, or by replacing it with a polyfill.

For example, you might replace the Node.js `crypto` module with the [Web Crypto API](https://developer.mozilla.org/docs/Web/API/Web_Crypto_API).

## Useful Links

- [Edge Runtime Supported APIs](/docs/pages/api-reference/edge)
- [Next.js Middleware](/docs/pages/building-your-application/routing/middleware)
- [JWT Example](https://vercel.com/templates/next.js/jwt-authentication)",,"[(np.int64(5), np.float64(0.041785914450883865)), (np.int64(23), np.float64(0.03446154296398163)), (np.int64(90), np.float64(0.062256526201963425)), (np.int64(112), np.float64(0.21584583818912506)), (np.int64(345), np.float64(0.08733419328927994)), (np.int64(438), np.float64(0.18249568343162537)), (np.int64(6032), np.float64(0.15437428653240204)), (np.int64(6953), np.float64(0.05874013900756836)), (np.int64(28175), np.float64(0.22221636772155762)), (np.int64(28398), np.float64(0.12200796604156494)), (np.int64(63014), np.float64(0.22551485896110535)), (np.int64(69030), np.float64(0.2860729694366455))]","[-0.024752531200647354, 0.023581527173519135, -0.013040874153375626, 0.03026260994374752, -0.04358164966106415, -0.006327410228550434, -0.004620635882019997, 0.015260199084877968, -0.014729464426636696, 0.021903198212385178, -0.00024377877707593143, -0.011924375779926777, 0.01954382285475731, -0.016054915264248848, -0.03329567611217499, 0.01636243425309658, -0.01446530967950821, 0.04059296473860741, 0.025118574500083923, -0.009069119580090046, -0.020585982128977776, 0.017125500366091728, 0.03641755133867264, -0.01322734821587801, 0.02211417816579342, 0.02541421167552471, -0.006337133701890707, -0.009836530312895775, 0.04372428357601166, 0.025145038962364197, 0.007300593890249729, -0.012324427254498005, 0.004684138111770153, 0.007896148599684238, -0.04263097792863846, -0.004939862061291933, -0.008275168016552925, 0.0052877431735396385, -0.04425765946507454, 0.00010035363084170967, -0.036673836410045624, 0.0014219812583178282, 0.01733827032148838, -0.03089107759296894, 0.036087408661842346, -0.004034390673041344, -0.0010817920556291938, -0.015302073210477829, -0.0016958144260570407, -0.006415612529963255, -0.041472986340522766, -0.01715867593884468, 0.029061604291200638, -0.019625267013907433, 0.005987382959574461, 0.021285440772771835, 0.0245786402374506, -0.0454295389354229, -0.021661708131432533, 0.032859694212675095, -0.02409076876938343, -0.044792722910642624, 0.010839241556823254, -0.0006025236798450351, 0.0034690096508711576, 0.014005741104483604, -0.026148010045289993, -0.009208839386701584, -0.0332677885890007, -0.006031261291354895, 0.007123921532183886, -0.01330398116260767, 0.005435694009065628, -0.028665069490671158, -0.03656716272234917, 0.01600465178489685, 0.010007976554334164, 0.005293830297887325, 0.0034912957344204187, 0.004284604452550411, 0.028486575931310654, -0.004847386386245489, -0.016558336094021797, 0.01320717390626669, 0.006059389095753431, -0.03196446970105171, -0.02395712025463581, 0.011912235990166664, 0.04939176142215729, 0.01586318016052246, 0.003097438719123602, -0.013660172931849957, 0.06078348308801651, -0.045632027089595795, -0.020020784810185432, 0.046048376709222794, -0.03688880428671837, 0.006568589713424444, 0.05222950130701065, -0.0037569920532405376, 0.012104631401598454, 0.0022745076566934586, -0.0005999919376336038, -0.034044299274683, 0.05773736536502838, 0.03275527432560921, 0.03541473671793938, -0.010418565943837166, 0.004380472470074892, -0.0018457595724612474, 0.006740588694810867, -0.002056455472484231, 0.02405545860528946, 0.012852514162659645, -0.000914611155167222, -0.013660584576427937, -0.022794431075453758, -0.034236155450344086, -0.03419029712677002, -0.025219054892659187, -0.0005347372498363256, 0.048824213445186615, 0.01367980521172285, -0.04732881858944893, -0.0052755787037312984, -0.014492091722786427, 0.018775757402181625, 0.07392722368240356, 0.007855724543333054, 0.0056221457198262215, 0.02541855350136757, -0.0023716422729194164, 0.002979868557304144, 0.011241921223700047, -0.036347679793834686, 0.04378196597099304, 0.035798411816358566, 0.01997983455657959, 0.024822184816002846, -0.06593206524848938, 0.05061083287000656, 0.014382576569914818, 0.016335751861333847, -0.0041018263436853886, 0.028797432780265808, -0.04201735928654671, 0.05111732706427574, -0.0034757901448756456, -0.011710734106600285, -0.029507743194699287, 0.010915691964328289, -0.01228313148021698, -0.025715753436088562, -0.002657401142641902, 0.01283944770693779, -0.029181934893131256, 0.011693536303937435, -0.016416803002357483, 0.053894154727458954, 0.05840975418686867, -0.044066864997148514, 0.019684437662363052, -0.017953883856534958, 0.03259565308690071, 0.03231005743145943, -0.0026345655787736177, 0.03279436379671097, -0.011744443327188492, -0.028861848637461662, -0.06805697083473206, 0.03308017924427986, 0.019178058952093124, 0.044735074043273926, -0.03303411602973938, 0.0058595892041921616, 0.05224529281258583, 0.06389796733856201, 0.0019202240509912372, -0.0014911852777004242, -0.000773154548369348, -0.05238819494843483, 0.043564315885305405, 0.0004172692424617708, -0.04746223986148834, -0.014700502157211304, -0.026996392756700516, -0.016828462481498718, -0.016887595877051353, -0.024498051032423973, 0.005489554721862078, -0.04123697057366371, 0.0027517119888216257, 0.05923352390527725, 0.0435640849173069, -0.016330646350979805, -0.007477592211216688, 0.04846987873315811, 0.014471218921244144, -0.010670091956853867, -0.022282326593995094, -0.05730018392205238, 0.0001681274443399161, 0.041533213108778, 0.004371666349470615, -0.0014772230060771108, -0.0013832568656653166, -0.03396909311413765, -0.04380475729703903, 0.016447333618998528, -0.028138820081949234, 0.027118368074297905, -0.007353762164711952, -0.026929805055260658, -0.018531570211052895, -0.06912798434495926, 0.0037936908192932606, 0.0014046421274542809, 0.02916954644024372, -0.015067385509610176, 0.0023200255818665028, -0.01796775683760643, -0.0011176695115864277, -0.019363917410373688, -0.026501936838030815, 0.015368159860372543, 0.016164932399988174, 0.03293175995349884, 0.003412562422454357, 0.01808670349419117, -0.056366000324487686, 0.02148454450070858, -0.021956907585263252, 0.028613023459911346, -0.02664961852133274, 0.09027865529060364, -0.047127071768045425, 0.018913982436060905, -0.013390137813985348, 0.01902645081281662, 0.025025784969329834, -0.007602814584970474, -0.054465699940919876, 0.010538927279412746, -0.015575261786580086, -0.021238312125205994, 0.00410718098282814, 0.005827100016176701, -0.014985611662268639, -0.03587042912840843, -0.02496766857802868, 0.000519507157150656, -0.019547170028090477, -0.029702721163630486, 0.017165647819638252, -0.01273444015532732, 0.026932459324598312, -0.008561610244214535, 0.0017565320013090968, -0.013918113894760609, -0.00994816329330206, -0.010482518933713436, 0.009142839349806309, -0.02910148724913597, -0.0007479424821212888, -0.010776279494166374, -0.008017965592443943, -0.022974079474806786, -0.06669551134109497, -0.012622608803212643, -0.014430460520088673, -0.05327147617936134, 0.04129558429121971, 0.0069634439423680305, -0.015927014872431755, 0.007997897453606129, -0.009145875461399555, -0.01773495227098465, -0.06554483622312546, 0.06844063103199005, 0.016599122434854507, -0.012476789765059948, 0.10907291620969772, 0.029534656554460526, 0.026691868901252747, 0.018607154488563538, 0.016927411779761314, -0.0042930105701088905, -0.017678026109933853, 0.01317649893462658, -0.029327543452382088, -0.0021487553603947163, -0.008879943750798702, 0.058050498366355896, -0.010433897376060486, -0.038051072508096695, -0.022736355662345886, -0.002085131825879216, -0.14165566861629486, -0.027440641075372696, 0.06368567794561386, 0.00959051214158535, 0.017303990200161934, 0.04327515512704849, -0.04170045629143715, -0.009242072701454163, -0.04138517379760742, 0.034645795822143555, -0.017845263704657555, -0.051956936717033386, -0.009378008544445038, -0.011960680596530437, -0.017834650352597237, 0.011431040242314339, 0.008706483989953995, -0.0147728081792593, 0.020411159843206406, -0.05503533408045769, -0.02992500178515911, 0.007657613605260849, 0.02535802312195301, -0.02645282633602619, 0.028521478176116943, -0.05127617344260216, 0.06528885662555695, 0.007207793183624744, -0.01900910772383213, -0.0062111737206578255, -0.043163955211639404, -0.006579567212611437, -0.001147377653978765, 0.03109848126769066, -0.01406973134726286, 0.010235751047730446, 0.02207781746983528, 0.013833999633789062, -0.022459475323557854, -0.01643199287354946, -0.013024792075157166, 0.020751403644680977, -0.028137939050793648, -0.03441383317112923, 0.02654198743402958, -0.031383905559778214, 0.03433215245604515, -0.03149426355957985, -0.015945345163345337, -0.03891314938664436, 0.024657370522618294, -0.02193920500576496, 0.019010458141565323, -0.003338739275932312, -0.007014517206698656, 0.018313074484467506, -0.008730612695217133, 0.041806139051914215, -0.052245430648326874, -0.01091697532683611, 0.0011186215560883284, -0.023060735315084457, 0.05648467689752579, -0.020992284640669823, -0.013807078823447227, 0.006860589142888784, 0.03781494125723839, -0.025008656084537506, -0.0020505599677562714, -0.029069816693663597, 0.025640524923801422, -0.03327365592122078, 0.025485416874289513, -0.012295511551201344, -0.021860653534531593, -0.0006796694360673428, -0.0038334510754793882, -0.04040682315826416, -0.0027475240640342236, -0.11242020130157471, -0.011781265959143639, 0.033251259475946426, 0.0003524442727211863, 0.01612168177962303, -0.0328754261136055, 0.0055490462109446526, 0.0294764693826437, -0.025048404932022095, 0.0179162435233593, 0.21761345863342285, 0.01341245137155056, -0.0016381159657612443, 0.01639903523027897, 0.06786628812551498, -0.041574422270059586, -0.016042981296777725, 0.036302752792835236, 0.035993464291095734, -0.045388493686914444, -4.255796375218779e-05, 0.006271193735301495, -0.01240710448473692, -0.02432081662118435, 0.015331825241446495, 0.04534647986292839, -0.05367225781083107, 0.04838990420103073, 0.051206961274147034, -0.028039637953042984, 0.0061135245487093925, -0.027174651622772217, 0.02620086446404457, 0.03712652996182442, -0.06293962895870209, -0.0013929425040259957, -0.04099272936582565, 0.016710514202713966, -0.05830668285489082, 0.03054359368979931, -0.03656933829188347, 0.014687614515423775, 0.043472182005643845, -0.028914785012602806, -0.05831228941679001, -0.04060319438576698, 0.021914003416895866, 0.012908093631267548, -0.0007725271862000227, 0.022645439952611923, -0.018848203122615814, 0.003977826796472073, 0.03796244040131569, 0.02747608907520771, 0.03395076468586922, -0.022206442430615425, -0.018213588744401932, -0.02899656631052494, -0.02594226412475109, 0.005336841568350792, -0.047998055815696716, -0.033268652856349945, -0.03387311473488808, 0.019287770614027977, -0.022215459495782852, -0.06460659950971603, -0.0025810475926846266, -0.02048952877521515, 0.01749894954264164, 0.004148228093981743, 0.012727969326078892, 0.02485763654112816, -0.027760209515690804, 0.05158264562487602, -0.018447162583470345, -0.019595520570874214, -0.011532935313880444, 0.009288975968956947, 0.038094036281108856, 0.06544800847768784, 0.014925017952919006, 0.005329689010977745, 0.01149771362543106, -0.017265744507312775, 0.021941833198070526, -0.0028765241149812937, 0.027877051383256912, 0.04985802620649338, -0.09762983024120331, 0.03376883640885353, -0.031129606068134308, -0.0034787466283887625, -0.03926379606127739, 0.0077946181409060955, 0.0043601058423519135, -0.028667757287621498, 0.05962740257382393, 0.05043921619653702, -0.01514820009469986, -0.007955157198011875, -0.019158605486154556, -0.001819981844164431, 0.0024246557150036097, 0.04425239935517311, -0.005715927109122276, 0.012493607588112354, -0.0020967943128198385, -0.010717406868934631, 0.009335433132946491, 0.006170807871967554, -0.04392912611365318, -0.014909996651113033, -0.03064487874507904, 0.0015253453748300672, -0.00742558017373085, -0.027348920702934265, 0.027655204758048058, 0.007923930883407593, -0.006563103292137384, 0.014101965352892876, -0.027766268700361252, 0.011613523587584496, 0.010791409760713577, -0.037482310086488724, -0.047691185027360916, 0.03705521300435066, 0.02062849886715412, 0.010980859398841858, 0.06302378326654434, 0.025034364312887192, 0.018560273572802544, -0.03197728842496872, -0.020900417119264603, 0.023150509223341942, -0.010091496631503105, -0.017346076667308807, 0.012786761857569218, 0.029513074085116386, -0.053560856729745865, 0.023305591195821762, 0.016557222232222557, -0.043297313153743744, -0.01173254381865263, 0.03502658009529114, -0.0116194486618042, 0.0012195203453302383, 0.021209100261330605, 0.03380781412124634, -0.02158663608133793, 0.032201021909713745, 0.019518114626407623, -0.022911716252565384, 0.026373807340860367, -0.015950927510857582, 0.020699558779597282, 0.012203079648315907, 0.016711400821805, 0.019022153690457344, 0.029684992507100105, -0.0166171807795763, 0.0628785490989685, 0.05556477978825569, 3.3226508548978018e-06, -0.05545979365706444, 0.009142966940999031, -0.0729132890701294, 0.0013121195370331407, -0.014778289012610912, 0.026209106668829918, -0.0010261713759973645, 0.011255011893808842, 0.008945790119469166, 0.0352548249065876, 0.03998216614127159, 0.014932828024029732, 0.02243083342909813, -0.040161389857530594, 0.0029977154918015003, 0.0033445225562900305, -0.036741968244314194, -0.009726394899189472, -0.0589316263794899, -0.05363290384411812, 0.06712450832128525, 0.0017021872336044908, -0.019169365987181664, -0.05929961055517197, -0.011776247061789036, 0.004974429029971361, 0.00449778325855732, 0.009549218229949474, 0.018825266510248184, -0.059578318148851395, -0.02234586887061596, 0.03472522646188736, -0.003482743166387081, -0.004809765610843897, -0.012067517265677452, -0.012779468670487404, -0.056274011731147766, -0.0037911501713097095, 0.09016519039869308, -0.049453254789114, 0.010830499231815338, 0.0490693524479866, 0.027809988707304, 0.04099525883793831, 0.023940417915582657, -0.016874752938747406, 0.006420144345611334, 0.026924239471554756, 0.021021708846092224, 0.023482348769903183, 0.008372798562049866, -0.001620133756659925, -0.06121457368135452, -0.030603084713220596, 0.005608956795185804, -0.0188587699085474, 0.0042617605067789555, 0.0005194787518121302, 0.01955758035182953, -0.07256638258695602, 0.020924072712659836, 0.04707442969083786, -0.0345432348549366, 0.10250205546617508, 0.044540226459503174, 0.040725190192461014, -0.012129340320825577, -0.09851164370775223, -0.024301964789628983, 0.008256793022155762, -0.036561451852321625, -0.02438584342598915, -0.013304212130606174, 0.00569532997906208, -0.02307838760316372, 0.029687292873859406, 0.010225821286439896, -0.003335997462272644, 0.04407316818833351, 0.021693473681807518, -0.04573908820748329, 0.022469641640782356, 0.027161745354533195, 0.018768489360809326, 0.01126624085009098, 0.002604809822514653, -0.014789820648729801, 0.03075590170919895, -0.011867448687553406, 0.022013096138834953, 0.018791228532791138, 0.009360394440591335, 0.008918010629713535, -0.014794012531638145, -0.007104625925421715, 0.05588129162788391, 0.001869194908067584, 0.024723703041672707, -0.030165256932377815, 0.03468746319413185, -0.01693343184888363, 0.09097366780042648, 0.021904075518250465, -0.008823558688163757, 0.016262032091617584, -0.039291128516197205, 0.002032790333032608, -0.01113247498869896, 0.009764045476913452, -0.014675670303404331, -0.016846707090735435, -0.0355394221842289, -0.04972380772233009, 0.03786521404981613, -0.01790587417781353, -0.026378314942121506, -0.06782140582799911, -0.021314654499292374, 0.020282061770558357, -0.013357572257518768, -0.0006250158767215908, 0.012989062815904617, 0.005805698689073324, -0.01576676405966282, 0.028562698513269424, 0.04636254906654358, -0.028690239414572716, -0.08217760920524597, -0.013181234709918499, 0.017733532935380936, 0.035281702876091, -0.011898740194737911, 0.021130820736289024, 0.04444127157330513, 0.011072290129959583, 0.03114134445786476, -0.035682082176208496, 0.022020647302269936, -0.02579362690448761, -0.03606180474162102, 0.0014434102922677994, -0.005515653640031815, -0.01766115240752697, -0.028728503733873367, 0.043372221291065216, 0.011948157101869583, 0.03551940619945526, -0.011347539722919464, -0.008413117378950119, 0.005807665176689625, -0.02324068918824196, -0.04187856614589691, 0.03365126624703407, 0.0030576724093407393, -0.010038463398814201, 0.028053341433405876, 0.011673543602228165, 0.019358372315764427, -0.04431416094303131, 0.011067480780184269, 0.05433331057429314, 0.02696303091943264, -0.016604606062173843, 0.10783881694078445, -0.029411468654870987, -0.018171055242419243, -0.02110309712588787, 0.021793484687805176, 0.02535388432443142, -0.0022887024097144604, 0.018901875242590904, -0.046692993491888046, 0.012938220053911209, 0.024228377267718315, -0.012776251882314682, 0.003511717077344656, 0.006228581070899963, -0.02835172601044178, 0.001789570553228259, -0.04130131006240845, -0.0015597364399582148, 0.015013718977570534, 0.021181248128414154, -0.010876541025936604, -0.050153981894254684, -0.000611731840763241, 0.009250171482563019, -0.04167061671614647, -0.009728887118399143, 0.06286952644586563, -0.02112419158220291, -0.027445288375020027, -0.03800972178578377, -0.006025650072842836, 0.025729795917868614, -0.009086893871426582, -0.007915021851658821, 0.007371610030531883, 0.015673356130719185, 0.00525361904874444, -0.04334622994065285, 0.02773291990160942, 0.027330389246344566, 0.002460728632286191, 0.03892741724848747, -0.022922927513718605, 0.04440729692578316, -0.03160777688026428, 0.04422172158956528, 0.011051345616579056, 0.031251389533281326, 0.03318271040916443, 0.0013862617779523134, 0.027813101187348366, -0.004148982465267181, 0.014483360573649406, 0.02494109608232975, -0.01230629626661539, -0.021915728226304054, 0.027551377192139626, -0.017015919089317322, 0.014705067500472069, 0.006526530720293522, -0.033017802983522415, 0.011242914013564587, 0.014326026663184166, -0.009398587048053741, -0.04779871180653572, -0.005191940814256668, -0.015569403767585754, -0.027759941294789314, -0.062028929591178894, 0.015406818129122257, 0.01845586486160755, -0.0054900869727134705, -0.005606439895927906, 0.043946169316768646, -0.0008613229729235172, 0.04411750286817551, -0.05695531517267227, 0.037908926606178284, -0.12333492189645767, 0.005727712530642748, -0.01789800636470318, 0.010347431525588036, -0.041141025722026825, -0.012328090146183968, 0.015407470054924488, -0.07008914649486542, 0.020480701699852943, -0.013953317888081074, -0.08348844945430756, 0.008227009326219559, 0.02244250848889351, -0.017030131071805954, 0.0028972402215003967, 0.0028388395439833403, 0.0004537230124697089, -0.016403844580054283, -0.028714681044220924, -0.01829434558749199, -0.010588830336928368, -0.019983788952231407, 0.04401227831840515, -0.0012141690822318196, -0.03767634183168411, -0.03040197677910328, 0.008679828606545925, -0.019517339766025543, -0.004554396029561758, 0.042580801993608475, 0.012847493402659893, -0.07442116737365723, 0.0010009343968704343, 0.024993808940052986, -0.023309215903282166, -0.0057144989259541035, 0.005267038941383362, -0.0002479270042385906, 0.0039024141151458025, 0.03708254173398018, 0.002424219623208046, 0.019744740799069405, -0.014274267479777336, 0.00922413170337677, 0.0362873338162899, 0.03321956843137741, -0.01995466649532318, -0.027028577402234077, -0.028191082179546356, -0.024987319484353065, -0.030536465346813202, 0.08085508644580841, -0.011189737357199192, 0.008778061717748642, -0.015485981479287148, -0.013510567136108875, -0.06395944207906723, -0.002720973687246442, -0.01736978441476822, 0.0005434625199995935, -0.05169647932052612, 0.008677804842591286, 0.009473204612731934, -0.014154575765132904, -0.05312490463256836, 0.035822879523038864, -0.05460341274738312, 0.03684408962726593, 0.009233913384377956, -0.014429876580834389, -0.02754342555999756, -0.037109874188899994, -0.03469570726156235, -0.0028136533219367266, -0.01898924633860588, 0.0021724971011281013, 0.023481644690036774, -0.03341103345155716, 0.05308115482330322, 0.0172661691904068, -0.06418974697589874, -0.029877865687012672, -0.05028408020734787, 0.007617401424795389, 0.08037427067756653, 0.02833748236298561, -0.009294773451983929, 0.032031841576099396, 0.01583220437169075, -0.023538978770375252, -0.04520271345973015, -0.022007064893841743, -0.015578484162688255, 0.021489370614290237, -0.004967400338500738, 0.02317974716424942, -0.022307366132736206, -0.03292553126811981, 0.007001562509685755, 0.0029801197815686464, -0.02709367498755455, 0.012210484594106674, 0.024540988728404045, -0.01727418228983879, -0.011085301637649536, 0.021426033228635788, 0.02812136337161064, 0.030560916289687157, -0.006160166580229998, -0.021195126697421074, -0.06781481206417084, -0.02111225388944149, -0.04232848435640335, -0.006532067432999611, -0.07493212819099426, 0.0299976896494627, -0.000983908772468567, -0.018502509221434593, -0.030798329040408134, 0.012474477291107178, -0.015996837988495827, -0.000831696845125407, 0.021086324006319046, -0.03353505581617355, 0.013164413161575794, -0.003838233184069395, 0.009405871853232384, 0.055304091423749924, 0.01807815581560135, -0.009665792807936668, -0.02683110721409321, -0.037053611129522324, -0.03538772463798523, -0.004508142825216055, 0.034270111471414566, 0.018193146213889122, -0.02301446720957756, 0.02344672381877899, -0.023500695824623108, 0.005323830526322126, -0.024857094511389732, 0.0008448399603366852, 0.043931011110544205, -0.05074597895145416, -0.025831131264567375, -0.04439147189259529, 0.031697265803813934, -0.021842965856194496, -0.013702713884413242, -0.0008414163021370769, 0.02046792581677437, -0.026538575068116188, -0.02842140942811966, 0.006397612858563662, -0.022183043882250786, 0.020034898072481155, 0.018441293388605118, -0.008025826886296272, -0.05001017078757286, 0.03831186145544052, 0.027373576536774635, -0.058275915682315826, 0.0031040781177580357, -0.01768447272479534, -0.0026321762707084417, -0.015056969597935677, 0.00043757460662163794, 0.00592065928503871, 0.0032760100439190865, 0.03510555252432823, -0.02614060789346695, 0.0642010048031807, 0.008537307381629944, 0.003773878561332822, 0.06684437394142151, -0.008599741384387016, -0.01651722937822342, -0.004400750622153282, 0.04317339137196541, -0.029798442497849464, 0.025768613442778587, 0.009353690780699253, 0.041438911110162735, 0.03428640961647034, 1.588193299539853e-05, -0.02196865901350975, 0.022484248504042625, -0.018729764968156815, -0.00011346350947860628, -0.02904493547976017, -0.03726831078529358, -0.009789817966520786, 0.00634277006611228, -0.014456724748015404, -0.024972114711999893, -0.005786645691841841, -0.0004967776476405561, 0.0024278040509670973, 0.01847987249493599, 0.0824839323759079, 0.024771565571427345, -0.0005184767651371658, 0.03132329136133194, -0.04061095044016838, 0.04919916018843651, 0.024600189179182053, -0.03973006084561348, -0.002093270421028137, -0.016471249982714653, 0.06368879228830338, -0.026956133544445038, -0.0032492647878825665, -0.01978323794901371, 0.0203784741461277, -0.01431350503116846, -0.024693215265870094, 0.002959883539006114, -0.02654143050312996, 0.016213074326515198, -0.023964080959558487, 0.013615314848721027, 0.021751657128334045, 0.02430029585957527, -0.04744824394583702, 0.00393616734072566, -0.016668183729052544, -0.015526382252573967, 0.04163814336061478, 0.023216161876916885, 0.02295508421957493, -0.07350460439920425, 0.023907238617539406, 0.006020462606102228, 0.04184554144740105, 0.03365163505077362, -0.008476309478282928, -0.012300225906074047, 0.044008877128362656, -0.023247309029102325, -0.0053727393969893456, 0.017648445442318916, 0.0328294076025486, 0.027304869145154953, 0.00957162119448185]",,
15_1_0_errors_node_module_in_edge_runtime_mdx_section_1,section,15_1_0_errors_node_module_in_edge_runtime_mdx,Using Node.js Modules in Edge Runtime - Why This Error Occurred,,{},15.1.0,"The code in your [/docs/pages/building-your-application/routing/middleware](/docs/pages/building-your-application/routing/middleware) or your [/docs/pages/building-your-application/routing/api-routes](/docs/pages/building-your-application/routing/api-routes) is using a feature from Node.js runtime.
However, the Edge Runtime does not support [/docs/pages/api-reference/edge#unsupported-apis](/docs/pages/api-reference/edge#unsupported-apis).
",,"[(np.int64(5), np.float64(0.03143559396266937)), (np.int64(90), np.float64(0.060630444437265396)), (np.int64(112), np.float64(0.21364468336105347)), (np.int64(345), np.float64(0.07436379790306091)), (np.int64(438), np.float64(0.1801799237728119)), (np.int64(3293), np.float64(0.11646311730146408)), (np.int64(6032), np.float64(0.12415511161088943)), (np.int64(28175), np.float64(0.21914520859718323)), (np.int64(28398), np.float64(0.11699515581130981)), (np.int64(44084), np.float64(0.0998760312795639)), (np.int64(63014), np.float64(0.20174282789230347)), (np.int64(64240), np.float64(0.06579059362411499)), (np.int64(69030), np.float64(0.2891275882720947)), (np.int64(212059), np.float64(0.22529222071170807))]","[-0.051812052726745605, 0.010141652077436447, -0.015915054827928543, 0.019301502034068108, -0.030695615336298943, -0.03950811177492142, 0.023670468479394913, 0.05392628163099289, -0.016310930252075195, 0.03393500670790672, -0.022875726222991943, -0.0089872432872653, 0.03004285879433155, -0.011522254906594753, -0.01075995434075594, 0.016113512217998505, 0.015590596944093704, 0.025712305679917336, 0.04070086404681206, -0.010935152880847454, -0.007820638827979565, 0.02557043544948101, 0.0091620534658432, -0.0007254857919178903, 0.025752844288945198, 0.020386530086398125, 0.004773902241140604, -0.002206723904237151, 0.05926567316055298, 0.036743856966495514, 0.020583271980285645, -0.02547004073858261, 0.017652491107583046, -0.005805439781397581, -0.02629467286169529, -0.03343413770198822, -0.017851868644356728, 0.018884195014834404, -0.04623228684067726, -0.013193660415709019, -0.04677022993564606, 0.006193177774548531, 0.011023547500371933, -0.028732798993587494, 0.04031437262892723, -0.014145593158900738, 0.02213919907808304, -0.021649785339832306, 0.007215489167720079, -0.003880986711010337, -0.019248252734541893, -0.014338742010295391, 0.008699389174580574, -0.036190420389175415, 0.00917897466570139, 0.03199051320552826, 0.0010261147981509566, -0.038306817412376404, -0.030792195349931717, 0.03127361834049225, -0.039514459669589996, -0.05932129919528961, 0.01686812937259674, -0.005421573296189308, -0.008229478262364864, 0.015081445686519146, -0.022697731852531433, 0.004375527612864971, -0.023116422817111015, -0.01684664376080036, 0.012217364273965359, -0.00230365595780313, -0.03230438381433487, -0.017498884350061417, -0.05392530933022499, 0.012893006205558777, 0.013744937255978584, -0.01126895658671856, -0.03830914944410324, 0.027027392759919167, 0.02873508632183075, -0.009847468696534634, -0.0011597680859267712, 0.013847221620380878, -0.019288087263703346, -0.03800903260707855, -0.04501334950327873, 0.017822666093707085, 0.03522719070315361, 0.03556744381785393, -0.007547247223556042, -0.0012986385263502598, 0.03715621307492256, -0.03516312688589096, -0.023243572562932968, 0.01600162871181965, -0.012061952613294125, -0.007864627987146378, 0.03131153807044029, -0.016627958044409752, 0.030338387936353683, -0.025298260152339935, 0.0017004027031362057, -0.034793201833963394, 0.0653175339102745, -0.004955975338816643, -0.004535126965492964, -0.01479202602058649, 0.014906774275004864, 0.00462038628757, 0.001876699272543192, 0.02010674960911274, 0.03173433616757393, 0.015310443937778473, 0.003665747120976448, -0.015683259814977646, -0.014640948735177517, -0.04195699468255043, -0.043051887303590775, -0.002540581626817584, -0.0019219039240851998, 0.050725020468235016, 0.052104026079177856, -0.046357374638319016, 0.018638426437973976, -0.00642450200393796, 0.017651746049523354, 0.06958843022584915, -0.00752766989171505, 0.004572623874992132, 0.03882412612438202, 0.021691353991627693, -0.004579046741127968, -0.005080363247543573, -0.028904514387249947, 0.01762823760509491, 0.03508807718753815, 0.0342375785112381, 0.008375720120966434, -0.06157086417078972, 0.0390334352850914, 0.045968011021614075, -0.014996398240327835, -0.01463999878615141, 0.041257668286561966, -0.08546335995197296, 0.0520382784307003, 0.018991131335496902, -0.02208159677684307, -0.023513540625572205, -0.008159139193594456, -0.023086052387952805, -0.002283596433699131, 0.03194279596209526, 0.009374692104756832, -0.04905921593308449, 0.013677554205060005, 0.04076945409178734, 0.034538742154836655, 0.07196548581123352, -0.0344739705324173, 0.02151642180979252, -0.002083027735352516, 0.04235026612877846, 0.027623308822512627, -0.013327118009328842, 0.04020038992166519, -0.009524698369204998, -0.007849232293665409, -0.06942756474018097, 0.03506194427609444, 0.022732077166438103, 0.034235354512929916, -0.011262794956564903, 0.01733575575053692, 0.05016980692744255, 0.08119335770606995, -0.006789869163185358, -0.02502337284386158, -0.03239192068576813, -0.053986065089702606, 0.039275821298360825, -0.018020810559391975, -0.021455099806189537, -3.0100492949713953e-05, -0.011552968993782997, -0.00010543131065787748, 0.0030695560853928328, -0.010329020209610462, -0.007353729102760553, -0.03665464371442795, -0.016975702717900276, 0.03698469698429108, 0.05733346566557884, 0.01104541216045618, 0.011284361593425274, 0.04345586895942688, 0.035020843148231506, -0.030355533584952354, -0.020034821704030037, 0.003607980441302061, 0.004186239093542099, 0.04129569232463837, -0.027195584028959274, -0.005579927004873753, -0.0020412609446793795, -0.045998141169548035, -0.04685951769351959, 0.016933446750044823, -0.02980158105492592, 0.023007361218333244, -0.03549541160464287, -0.03476234897971153, -0.019127247855067253, -0.05673777684569359, -0.006623162887990475, -0.01257138978689909, 0.03045201674103737, -0.001467405934818089, -0.008487619459629059, -0.00734269293025136, 0.004579346626996994, -0.018494009971618652, -0.025128088891506195, -0.002602842403575778, 0.026385309174656868, 0.0056524756364524364, -0.01585383154451847, 0.008730066008865833, -0.04937043786048889, 0.02237326093018055, -0.017300453037023544, 0.029709093272686005, -0.0235517006367445, 0.10173327475786209, -0.027315501123666763, 0.04771045222878456, -0.0017546158051118255, 0.012450043112039566, 0.021086880937218666, 0.007697609718888998, -0.0483587421476841, 0.019386759027838707, 0.00013528575072996318, -0.0006218148046173155, 0.009085617959499359, -0.0013134210603311658, -0.02646072395145893, -0.03202304244041443, -0.0382135771214962, -0.004123831167817116, -0.014166981913149357, -0.027589449658989906, 0.017733391374349594, 0.012927335686981678, 0.018202003091573715, 0.012063932605087757, 0.012185041792690754, -0.006014619953930378, 0.002145139267668128, -0.02765524946153164, 0.006802275311201811, -0.021777622401714325, 0.0006069537485018373, -0.008419154211878777, -0.03163909539580345, -0.016270268708467484, -0.060245782136917114, 0.015479286201298237, -0.006044640205800533, -0.04299813136458397, 0.03510596230626106, -0.008127536624670029, -0.021992260590195656, 0.04242448881268501, -0.0443769134581089, -0.013726930133998394, -0.06096887215971947, 0.06311219185590744, -0.01284865289926529, -0.007596559822559357, 0.11025531589984894, 0.025747261941432953, 0.033110249787569046, 0.021876594051718712, 0.007026921957731247, 0.019190140068531036, -0.008710895664989948, 0.0012672481825575233, -0.024528900161385536, -0.0423412062227726, 0.001210166490636766, 0.07035036385059357, -0.015476236119866371, -0.04346553981304169, -0.031142763793468475, -0.015043647028505802, -0.1352635771036148, -0.024361183866858482, 0.03155812993645668, 0.027890224009752274, 0.03510729968547821, 0.024297138676047325, -0.03206048905849457, -0.016260279342532158, -0.03739159554243088, 0.010380327701568604, -0.028504781424999237, -0.05397484079003334, -0.027804072946310043, -0.025134030729532242, -0.02475036308169365, 0.01582709327340126, 0.010529284365475178, -0.014176081866025925, 0.002804648596793413, -0.039459820836782455, -0.03674311935901642, 0.013313711620867252, 0.021823851391673088, -0.012210769578814507, 0.03192717581987381, -0.028410091996192932, 0.041286829859018326, 0.022127006202936172, -0.0076439883559942245, -0.017901098355650902, -0.031049078330397606, -0.004847975913435221, -0.007472975179553032, 0.024338627234101295, -0.020665371790528297, 0.009000726975500584, 0.026178717613220215, 0.007331975270062685, -0.0002676786098163575, -0.039425164461135864, -0.015494759194552898, 0.024856189265847206, -0.013441385701298714, -0.02240997925400734, 0.03330107405781746, -0.026971368119120598, 0.00995851494371891, -0.03213680908083916, -0.013217524625360966, -0.04140312597155571, 0.022132759913802147, -0.03274126723408699, 0.01815439946949482, 0.011223542504012585, -0.0258890762925148, -0.006644136272370815, 0.013134896755218506, 0.03856833651661873, -0.026611730456352234, 0.014465819112956524, 0.01200148556381464, -0.011391744948923588, 0.042417630553245544, -0.04795544967055321, 0.015869202092289925, 0.004136569797992706, 0.05104641988873482, -0.0002746454847510904, -0.0037408284842967987, -0.017553094774484634, 0.01728094182908535, 0.00665287533774972, 0.016775988042354584, -0.01617259904742241, -0.04342339187860489, -0.0033573985565453768, -0.013781663030385971, -0.035923026502132416, -0.0271096583455801, -0.12345895171165466, 0.006389806978404522, 0.021907029673457146, -0.014220630750060081, 0.01764697954058647, -0.0358658991754055, -0.0018707698909565806, 0.043837059289216995, -0.0094119468703866, 0.02598184160888195, 0.23177282512187958, -0.012825987301766872, 0.014725918881595135, 0.012244796380400658, 0.05424010381102562, -0.03743969649076462, -0.026976551860570908, 0.0374489463865757, 0.02296474389731884, -0.03833628073334694, 0.011853205971419811, -0.010595540516078472, -0.014398835599422455, -0.024555619806051254, 0.007812648080289364, 0.027790619060397148, -0.04388241469860077, 0.02310868166387081, 0.057014066725969315, 0.010887051932513714, -0.012489979155361652, -0.009508483111858368, 0.034924596548080444, 0.027660569176077843, -0.05579123646020889, -0.006910054944455624, -0.03860669955611229, 0.03221329674124718, -0.06666840612888336, 0.015629064291715622, -0.009257015772163868, -0.007959973998367786, 0.03146117180585861, -0.033179402351379395, -0.051228344440460205, -0.027757832780480385, 0.03660159930586815, 0.006514796055853367, 0.009536449797451496, 0.02973034232854843, -0.03406963497400284, 0.003583010518923402, -0.0018763929838314652, 0.0009843651205301285, 0.008466897532343864, -0.020420046523213387, 0.003533071605488658, -0.022977657616138458, -0.03671110048890114, -0.00399048114195466, -0.0286948774009943, -0.023178189992904663, -0.021203285083174706, 0.006836587097495794, 0.0030962012242525816, -0.029303647577762604, -0.03288692608475685, -0.022715957835316658, 0.008336725644767284, 0.006160789169371128, 0.007204622030258179, 0.01805274374783039, -0.01843494363129139, 0.04733390733599663, -0.02920856699347496, 0.006316761951893568, -0.04667052626609802, 0.014611516147851944, 0.016888557001948357, 0.04691244289278984, 0.03226884827017784, 0.026327794417738914, -0.00139899761416018, -0.007569100707769394, 0.03587854653596878, 0.008866669610142708, 0.02265368215739727, 0.026645498350262642, -0.10055004060268402, 0.03167823329567909, -0.034671977162361145, -0.024799512699246407, -0.019234709441661835, -0.0004890806158073246, 0.0021374819334596395, -0.033058442175388336, 0.0393337719142437, 0.06502403318881989, 0.010330438613891602, 0.01712849736213684, -0.002097829943522811, 0.011600878089666367, -0.008962558582425117, 0.03590739518404007, -0.022677214816212654, 0.010192910209298134, -0.0033346046693623066, -0.012850822880864143, 0.006386675871908665, -0.015063776634633541, -0.04093019291758537, -0.0061691817827522755, -0.0508137121796608, 0.0027347197756171227, 0.003332271473482251, 0.03335777297616005, 0.01749904453754425, 0.009801273234188557, -0.021151620894670486, 0.014790770597755909, -0.0006859127897769213, 0.017119593918323517, 0.011733689345419407, -0.06126196309924126, -0.04950256273150444, 0.04698117449879646, -0.013796559534966946, 0.028680050745606422, 0.051905497908592224, 0.038835007697343826, -0.009224402718245983, -0.049898531287908554, 0.0031405845656991005, 0.02502451092004776, -0.03216918557882309, -0.03451927378773689, 0.0267656072974205, 0.006720284465700388, -0.05838901177048683, 0.031804148107767105, -0.008669325150549412, -0.036591991782188416, 0.002507515950128436, 0.018142135813832283, -0.014226515777409077, -0.012180848978459835, 0.02807694859802723, 0.02252962626516819, -0.023655172437429428, 0.022989364340901375, -0.0025621093809604645, -0.023227067664265633, 0.029867904260754585, -0.013983840122818947, 0.03379570692777634, 0.004639278165996075, 0.017252400517463684, 0.029652511700987816, 0.02518623135983944, -0.035513125360012054, 0.04498619586229324, 0.025748489424586296, 0.00921625830233097, -0.05912041291594505, 0.00985631998628378, -0.07068820297718048, 0.012503261677920818, 0.010207456536591053, 0.03772549703717232, -0.008744349703192711, 0.0017919866368174553, 0.0408935621380806, 0.040686897933483124, 0.041493453085422516, -0.01448484230786562, 0.04896058142185211, -0.024469010531902313, -0.02808837965130806, -0.010495173744857311, -0.03902887925505638, -0.01947895623743534, -0.0416044183075428, -0.035436585545539856, 0.06666117906570435, -0.010192441754043102, 0.001068908371962607, -0.0403791181743145, -0.012608499266207218, 0.00016302675066981465, 0.002226612064987421, -0.00043183244997635484, 0.020852914080023766, -0.06633201241493225, 0.0019377463031560183, 0.012151136063039303, -0.015108680352568626, -0.0395781584084034, -0.005532407201826572, -0.006258138921111822, -0.06965340673923492, -0.004826828371733427, 0.09610459953546524, -0.045416105538606644, 0.00966448150575161, 0.04972519725561142, 0.02566790208220482, 0.013236923143267632, 0.02786354348063469, -0.015830734744668007, 0.008578027598559856, 0.02735385112464428, 0.02397196926176548, 0.0198218934237957, -0.01737050525844097, -0.034095678478479385, -0.03402986750006676, -0.016162948682904243, 0.04457662254571915, -0.048941437155008316, 0.001156941638328135, 0.01470411941409111, 0.0032431900035589933, -0.08984224498271942, 0.014707510359585285, 0.04110759496688843, -0.015650833025574684, 0.09594163298606873, 0.04246913641691208, 0.050421204417943954, -0.0054277656599879265, -0.07997583597898483, -0.007851580157876015, -0.003719283500686288, -0.012731981463730335, -0.016914300620555878, -0.020379457622766495, 0.004182090517133474, -0.010930296964943409, 0.002907664980739355, 0.016796227544546127, -0.001205599051900208, 0.017365379258990288, 0.01957792043685913, -0.0405135452747345, 0.009556984528899193, 0.004435258451849222, 0.017777739092707634, 0.012908346019685268, -0.013050718232989311, -0.03657209500670433, 0.02414664812386036, -0.02905028499662876, 0.0304450374096632, 0.01884058676660061, -0.004601458553224802, -0.010933616198599339, -0.028586173430085182, 0.02209981344640255, 0.05654425919055939, -0.016300540417432785, 0.008721180260181427, -0.046344075351953506, 0.008252784609794617, -0.022083476185798645, 0.0724177435040474, 0.03400788456201553, -0.018900640308856964, 0.030513664707541466, -0.04417320713400841, 0.024782156571745872, -0.000367261964129284, 0.016847247257828712, -0.007684316020458937, -0.02289625257253647, -0.02873152121901512, -0.031190160661935806, 0.01599924825131893, -0.028780600056052208, -0.03165682405233383, -0.056226696819067, -0.016202136874198914, 0.008475583046674728, -0.05487154796719551, -0.023994503542780876, 0.025807825848460197, 0.010682671330869198, -0.022823773324489594, 0.0717824399471283, 0.0454326830804348, -0.04325280711054802, -0.07940203696489334, 0.01387040875852108, -0.012514207512140274, 0.025204431265592575, -0.029919659718871117, 0.010015487670898438, 0.02923983708024025, 0.00967065617442131, 0.027333542704582214, -0.0401526615023613, 0.028519725427031517, -0.026412466540932655, -0.04606205224990845, -0.010757125914096832, -0.002800300717353821, -0.0004518249770626426, -0.012317478656768799, 0.05938418209552765, 0.0014341354835778475, 0.031606752425432205, 0.005900305230170488, -0.001713414560072124, 0.0060794418677687645, -0.01980426162481308, -0.031453490257263184, 0.05981921777129173, 0.014633597806096077, -0.02340845763683319, 0.011887992732226849, 0.0030093721579760313, 0.02975531481206417, -0.028599223122000694, -0.018742645159363747, 0.053533997386693954, 0.008494791574776173, -0.02709287591278553, 0.07616420835256577, -0.0099424934014678, -0.01883309707045555, -0.016095321625471115, 0.022784994915127754, 0.04995802789926529, 0.0013383006444200873, 0.013828407041728497, -0.0848955288529396, 0.005725156981498003, -0.00913027860224247, -0.02321789786219597, 0.0033951348159462214, 0.004223759286105633, -0.0374334342777729, 0.0022932407446205616, -0.047821834683418274, -0.014103035442531109, 0.05515321344137192, 0.023447800427675247, -0.00918915681540966, -0.02347695827484131, -0.01527037750929594, 0.01027351152151823, -0.008897870779037476, -0.020556027069687843, 0.04673226550221443, -0.020734308287501335, -0.022717643529176712, -0.03313218429684639, -0.005991528742015362, 0.016481773927807808, -0.005556461401283741, -0.0011553086806088686, 0.013945535756647587, 0.013708004727959633, 0.007836081087589264, -0.025268590077757835, 0.00824394915252924, 0.0035327477380633354, 0.010898919776082039, 0.02174733392894268, -0.011617595329880714, 0.04567958414554596, -0.022820206359028816, 0.04788218066096306, 0.0035550508182495832, 0.04141736775636673, 0.03924114629626274, -0.005987443495541811, 0.0098534245043993, -0.018083451315760612, 0.022045234218239784, 0.031453873962163925, 0.002029133029282093, -0.018472783267498016, 0.034717198461294174, -0.013217953965067863, 0.03291113302111626, -0.014047103933990002, -0.03468699753284454, 0.037875112146139145, 0.027821335941553116, 0.00015056181291583925, -0.020306546241044998, -0.007784482091665268, -0.005939288064837456, -0.010471981950104237, -0.05691305920481682, 0.020291469991207123, 0.023751433938741684, 0.021335544064641, 0.022183481603860855, 0.06863470375537872, -0.02712945267558098, 0.019123587757349014, -0.06905236840248108, 0.04735449701547623, -0.12431589514017105, 0.017498189583420753, -0.0325561985373497, 0.02130158059298992, -0.03917042538523674, -0.0029794834554195404, -0.0035709580406546593, -0.05079806223511696, 0.04064936935901642, -0.01595674827694893, -0.0738016739487648, 0.0033296807669103146, 0.008349518291652203, -0.01125938817858696, -0.002342812716960907, 0.008761003613471985, -0.0035974637139588594, -0.02165103331208229, -0.01143886148929596, -0.012870308943092823, -0.0185222290456295, -0.03341881185770035, 0.05550282076001167, 9.552568371873349e-05, -0.025127515196800232, -0.03761659190058708, -0.005499294027686119, -0.0003984652867075056, -0.022473348304629326, 0.03440864011645317, 0.03078138828277588, -0.06310643255710602, 0.012878716923296452, 0.04954879730939865, -0.030725805088877678, 0.007744499482214451, -0.008780005387961864, 0.006685578264296055, 0.0081053851172328, 0.03278781846165657, -0.029446139931678772, 0.02223959192633629, 0.011190932244062424, 0.0209744144231081, 0.03998703509569168, 0.016652429476380348, -0.005859564058482647, -0.01964951679110527, -0.019093064591288567, -0.004177855793386698, -0.03512886166572571, 0.06122086942195892, 0.0067909820936620235, 0.019823897629976273, -0.010746314190328121, -0.0014825030229985714, -0.04482141137123108, 0.01713232882320881, -0.020745189860463142, 0.005062536336481571, -0.026954228058457375, 0.023462675511837006, 0.011448044329881668, -0.0022998612839728594, -0.03602752834558487, 0.02615106664597988, -0.054281774908304214, 0.03164055943489075, -0.005693567451089621, -0.022195324301719666, -0.007371177431195974, -0.03698443993926048, -0.023452751338481903, -0.01766686514019966, 8.640451414976269e-05, 0.02474764920771122, 0.02902432344853878, -0.0008720294572412968, 0.04109131917357445, -0.008866620250046253, -0.03278736770153046, -0.0065376898273825645, -0.026154521852731705, 0.008780605159699917, 0.046504128724336624, 0.027126096189022064, 0.020228875800967216, 0.04364188015460968, 0.0052239010110497475, -0.012974023818969727, -0.01448073610663414, -0.018160380423069, -0.009802650660276413, 0.011638758704066277, 0.009547346271574497, 0.03479622304439545, -0.016094163060188293, -0.04217997565865517, 0.009352708235383034, -0.00890477653592825, -0.028640370815992355, 0.0260557159781456, 0.004631575662642717, -0.0424051396548748, -0.03851743042469025, 0.022326406091451645, 0.01983179710805416, 0.03474992886185646, -0.01850147172808647, -0.010625077411532402, -0.08841291069984436, -0.013197613880038261, -0.048297930508852005, 0.0014646730851382017, -0.06688866764307022, 0.04415232688188553, 0.010620846413075924, -0.027528388425707817, -0.010985054075717926, 0.0050638169050216675, -0.033084165304899216, -0.017645349726080894, 0.03762137144804001, -0.030196383595466614, 0.02030494436621666, 0.00629219738766551, 0.02580866776406765, 0.07728662341833115, 0.03424276039004326, -0.007844001054763794, -0.05345076322555542, -0.044893454760313034, -0.007640026975423098, -0.010937114246189594, 0.03621535748243332, 0.014841891825199127, -0.014050387777388096, 0.044799331575632095, -0.02939693257212639, -0.008692375384271145, -0.024240192025899887, -0.0036039596889168024, 0.017763007432222366, -0.032243385910987854, -1.9946193788200617e-05, -0.050884783267974854, 0.04852209985256195, -0.01913575269281864, 0.020637841895222664, -0.0003934536944143474, 0.0209990032017231, -0.0153494356200099, -0.02139427326619625, 0.007586956489831209, -0.02101322077214718, 0.014693799428641796, 0.021133355796337128, -0.02606206201016903, -0.03970831260085106, 0.012186117470264435, 0.02936994656920433, -0.07753005623817444, 0.0069611151702702045, -0.009103436954319477, -0.004869180731475353, -0.012375503778457642, -0.006204051896929741, 0.00030713793239556253, -0.022431975230574608, 0.03686506673693657, -0.01933187246322632, 0.0373399443924427, 0.010652836412191391, -0.00633162772282958, 0.06210412457585335, 0.005731615703552961, -0.0033651452977210283, 0.004240614362061024, 0.035789892077445984, -0.036082010716199875, 0.00887569971382618, -0.0006916895508766174, 0.06762079149484634, 0.01864694431424141, -0.011544160544872284, -0.008373518474400043, 0.007864607498049736, -0.024388378486037254, -0.009615568444132805, -0.01837109588086605, -0.013077406212687492, -0.01409960724413395, -0.002209404483437538, -0.014651000499725342, -0.03048400580883026, 0.024176955223083496, 0.016277922317385674, -0.006129652261734009, -0.0047268555499613285, 0.05666498839855194, 0.023071633651852608, 0.01689305156469345, 0.05067221820354462, -0.06392956525087357, 0.03653794899582863, 0.014522128738462925, -0.05714905634522438, -0.040464598685503006, -0.022122696042060852, 0.05233227461576462, -0.020473016425967216, 0.013113036751747131, -0.035218458622694016, 0.009284339845180511, 0.02101149410009384, -0.04538010433316231, 0.030561290681362152, -0.014590742066502571, -0.04095354303717613, -0.02190239168703556, -0.004041624255478382, 0.014139888808131218, 0.03811206296086311, -0.044506970793008804, 0.01891806162893772, -0.03447440639138222, -0.018892522901296616, 0.030208757147192955, 0.003409704891964793, 0.020431149750947952, -0.06393175572156906, -0.002973284339532256, 0.009613464586436749, 0.009779434651136398, 0.042821187525987625, -0.019063865765929222, -0.006618748418986797, 0.03189273178577423, -0.013758347369730473, -0.024876568466424942, 0.023803967982530594, 0.025539172813296318, 0.050282061100006104, -0.000842970737721771]",,
15_1_0_errors_node_module_in_edge_runtime_mdx_section_2,section,15_1_0_errors_node_module_in_edge_runtime_mdx,Using Node.js Modules in Edge Runtime - Possible Ways to Fix It,,{},15.1.0,"When running Next.js locally with ``, your application will show in the console, and in your browser, which file is importing and using an unsupported module. This module must be avoided: either by not importing it, or by replacing it with a polyfill.
For example, you might replace the Node.js `` module with the [https://developer.mozilla.org/docs/Web/API/Web_Crypto_API](https://developer.mozilla.org/docs/Web/API/Web_Crypto_API).
",,"[(np.int64(5), np.float64(0.03930489718914032)), (np.int64(23), np.float64(0.03520306199789047)), (np.int64(90), np.float64(0.07103027403354645)), (np.int64(112), np.float64(0.20771297812461853)), (np.int64(345), np.float64(0.09251011908054352)), (np.int64(438), np.float64(0.17798030376434326)), (np.int64(1650), np.float64(0.07837511599063873)), (np.int64(2661), np.float64(0.03539460897445679)), (np.int64(6032), np.float64(0.15323936939239502)), (np.int64(6953), np.float64(0.01428542472422123)), (np.int64(28175), np.float64(0.22021964192390442)), (np.int64(28398), np.float64(0.13334417343139648)), (np.int64(42261), np.float64(0.0540386363863945)), (np.int64(63014), np.float64(0.22460415959358215)), (np.int64(69030), np.float64(0.2895568609237671)), (np.int64(96746), np.float64(0.1755618304014206)), (np.int64(115861), np.float64(0.07053455710411072))]","[-0.01575406640768051, 0.022855494171380997, -0.0320935919880867, 0.05689524486660957, -0.02229410782456398, -0.010190963745117188, 0.017730507999658585, 0.016045691445469856, -0.01329223532229662, 0.011939101852476597, 0.018458794802427292, 0.01109920721501112, -0.012434570118784904, -0.01778348907828331, -0.055502988398075104, 0.019854266196489334, -0.02086232230067253, 0.02594655007123947, 0.0016411833930760622, -0.0007784907938912511, -0.0240322332829237, 0.017257511615753174, 0.014653047546744347, 0.006374942604452372, 0.021305540576577187, 0.028951585292816162, -0.026953766122460365, -0.030336417257785797, 0.006142181809991598, 0.0380416065454483, 0.006265297066420317, -0.007440961431711912, 0.01738825999200344, 0.02849540114402771, -0.024764930829405785, 0.0015118794981390238, -0.014748746529221535, 0.010680518113076687, -0.020607776939868927, 0.029421426355838776, -0.0017186417244374752, -0.016690514981746674, -0.0016389795346185565, -0.013819219544529915, 0.025747008621692657, -0.005815496202558279, -0.005885710008442402, -0.009490679018199444, -0.006238361820578575, 0.003236108459532261, -0.03255332261323929, -0.009601522237062454, 0.02045636624097824, -0.05755656212568283, 0.0022131912410259247, 0.00944592896848917, 0.004648435395210981, -0.05494508519768715, -0.021699178963899612, 0.01702573522925377, -0.0027686969842761755, -0.04093286395072937, -0.021700825542211533, 0.019116049632430077, -0.03127160295844078, 0.03906966745853424, -0.03417051583528519, -0.01856575533747673, -0.02414601296186447, -0.031438373029232025, 0.0007534074829891324, 0.019121110439300537, -0.014189651235938072, -0.050518959760665894, -0.027757763862609863, 0.00038447510451078415, 0.035802487283945084, 0.013263832777738571, -0.002724380698055029, 0.026261290535330772, 0.026471424847841263, -0.03141682595014572, -0.00888733845204115, 0.014150849543511868, 0.04439138248562813, 0.023577682673931122, -0.011631007306277752, 0.0006827852339483798, 0.034504473209381104, 0.017742883414030075, -0.011782958172261715, -0.023959551006555557, 0.060471311211586, -0.05147051811218262, -0.0263424813747406, 0.018773246556520462, -0.0047173392958939075, 0.008937975391745567, 0.057671304792165756, -0.01624630019068718, -0.01342320442199707, -0.009540952742099762, -0.002544812159612775, -0.026202134788036346, 0.04318000376224518, 0.04779886081814766, 0.05888307839632034, 0.04388515651226044, 0.0124364560469985, -0.016571322456002235, 0.02347714453935623, -0.012029189616441727, 0.006961052305996418, 0.01572243683040142, -0.003575696609914303, -0.03207049518823624, -0.003856410039588809, -0.012361172586679459, -0.0022134887985885143, -0.02732727862894535, 0.039380479604005814, 0.01807398721575737, -0.033032212406396866, -0.03815414756536484, -0.006125473417341709, -0.020662205293774605, -0.011744855903089046, 0.04294209182262421, 0.018872495740652084, 0.03531477227807045, 0.0015066928463056684, 0.003341167001053691, 0.02232222631573677, 0.002920130267739296, -0.05070733651518822, 0.016528338193893433, 0.032632626593112946, 0.027254994958639145, 0.05064628645777702, -0.01338318269699812, 0.026830637827515602, -0.03001621924340725, 0.039947643876075745, -0.02808472327888012, 0.030045999214053154, 0.019283166155219078, 0.040589988231658936, 0.024242417886853218, 0.022621188312768936, -0.04096163064241409, 0.005201330874115229, -0.013129678554832935, -0.004007050767540932, -0.007225343491882086, 0.029749097302556038, -0.03146222606301308, 0.016238689422607422, -0.05022357776761055, 0.029077749699354172, 0.05574581399559975, -0.029503170400857925, -0.016775861382484436, -0.008924719877541065, 0.04505378380417824, 0.02883385866880417, -0.03598284721374512, 0.018921315670013428, 0.015209316276013851, -0.028584934771060944, -0.04164041578769684, -0.0009635188616812229, 0.001139570027589798, 0.04479726031422615, -0.0169488824903965, 0.04022248461842537, 0.05251573771238327, 0.06059517711400986, 0.008577779866755009, 0.0010052566649392247, 0.0010384198976680636, -0.02090746909379959, 0.008449138142168522, 0.023151729255914688, -0.013914723880589008, -0.022721044719219208, -0.0455470085144043, -0.009333040565252304, -0.028503745794296265, -0.02307874523103237, 0.03745099529623985, -0.06777814030647278, 0.021140065044164658, 0.03742820769548416, 0.04746811091899872, 0.006913056131452322, -0.011791406199336052, 0.008632131852209568, -0.010277757421135902, -0.03281567618250847, 0.0032721299212425947, -0.06125621125102043, 0.018033809959888458, 0.028743650764226913, 0.00799998827278614, 0.0007741543813608587, -0.002526515629142523, -0.0361955426633358, -0.0534362867474556, -0.005378431174904108, -0.02175269089639187, 0.0302677433937788, -0.002913966542109847, -0.02584115043282509, -0.0018438425613567233, -0.055582545697689056, -0.009250952862203121, -0.008211559616029263, 0.03057229146361351, -0.041840746998786926, -0.03466717153787613, -0.04136613756418228, 0.018847495317459106, 0.007011850364506245, -0.002683715894818306, 0.009511101059615612, -0.01655515842139721, 0.06514250487089157, 0.01677616313099861, 0.0352877639234066, -0.02433646470308304, -0.02211088314652443, -0.02124473638832569, 0.0011402427917346358, -0.008470071479678154, 0.049187157303094864, -0.06431703269481659, -0.04675875976681709, -0.005288390908390284, 0.0015401339624077082, -0.0009498170111328363, -0.02654184028506279, -0.0473330020904541, -0.005543393082916737, 0.011253763921558857, -0.024970216676592827, -0.017352283000946045, -0.008060568943619728, 0.016827182844281197, -0.02625066600739956, -0.026645690202713013, 0.024349750950932503, 0.011336143128573895, -0.025386281311511993, -0.018356282263994217, -0.012030606158077717, 0.022362716495990753, 0.011346543207764626, 0.013344969600439072, -0.020211363211274147, -0.028265880420804024, 0.04556150361895561, 0.02674110047519207, -0.012441911734640598, 0.00879283994436264, -0.028353258967399597, -0.03177030384540558, -0.02100854367017746, -0.04776238650083542, -0.014484777115285397, -0.01984264887869358, -0.05895949900150299, 0.0060614412650465965, -0.007540889550000429, -0.019522760063409805, -0.04568756744265556, 0.02631247229874134, -0.01925746351480484, -0.05127134919166565, 0.11005960404872894, 0.043476883322000504, -0.03501445800065994, 0.06382610648870468, 0.04191341996192932, 0.02575238235294819, 0.02104857936501503, -0.011296545155346394, -0.03411001339554787, 0.0033777127973735332, -0.019272424280643463, -0.019738804548978806, 0.03938259929418564, -0.016325727105140686, 0.045617830008268356, -0.0004240267153363675, -0.05046454817056656, -0.025871368125081062, 0.012985706329345703, -0.16094303131103516, -0.028139904141426086, 0.05715559050440788, -0.026528077200055122, 0.018209200352430344, 0.035558246076107025, -0.05791604518890381, 0.010542665608227253, -0.015495995990931988, 0.0468166209757328, -0.00040225169504992664, -0.05555681884288788, 0.006901990622282028, -0.045315977185964584, -0.029013603925704956, 0.00954218115657568, -0.033484235405921936, -0.010102014057338238, 0.041694287210702896, -0.06227494031190872, -0.020562566816806793, -0.0410112589597702, 0.021000491455197334, -0.007919147610664368, 0.043539877980947495, -0.039575815200805664, 0.08201932907104492, -0.044948674738407135, -0.035909365862607956, 0.030141355469822884, 0.0005321289063431323, 0.03344119340181351, 0.004546138923615217, 0.02417515031993389, -0.004707652144134045, -0.0035012243315577507, 0.02023407816886902, 0.030196232721209526, -0.037191540002822876, -0.045174673199653625, 0.03140465170145035, -0.024540701881051064, -0.04191872477531433, -0.006169990636408329, 0.03175194561481476, -0.04855506122112274, 0.018887804821133614, -0.03502843528985977, -0.011341399513185024, 0.0034976722672581673, 0.04369352385401726, -0.02173779532313347, -0.0072082397527992725, -0.0014207339845597744, -0.01826578564941883, 0.03375798463821411, 0.04182253032922745, 0.03512671962380409, -0.02382500097155571, -0.002968165325000882, -0.013496468774974346, -0.022485243156552315, 0.07760284096002579, -0.004142787307500839, -0.04049717262387276, 0.017508449032902718, 0.057248979806900024, -0.030324695631861687, 0.0004581986868288368, -0.025362782180309296, 0.020322350785136223, -0.03697184845805168, 0.04644966498017311, -0.013510921970009804, -0.006067468784749508, -0.007330530323088169, 0.019726386293768883, -0.03167908266186714, 0.05714382976293564, -0.10362502932548523, 0.014788814820349216, 0.011923464015126228, -0.019348544999957085, 0.02326240763068199, -0.015081706456840038, -0.032241400331258774, 0.008909034542739391, -0.019303780049085617, -0.0013702289434149861, 0.21337737143039703, 0.086396224796772, 0.028562575578689575, 0.020160634070634842, 0.05057518929243088, -0.006562640890479088, -0.014627798460423946, 0.036618296056985855, 0.03394920751452446, -0.05179541930556297, -0.016785023733973503, 0.005011929664760828, 0.002396048977971077, -0.033547695726156235, 0.010160651057958603, 0.03458673879504204, -0.0562141090631485, 0.050034310668706894, 0.07449205219745636, -0.058365531265735626, 0.029429441317915916, -0.06188464164733887, 0.047779012471437454, 0.050882816314697266, -0.05580674856901169, 0.020953454077243805, -0.038198091089725494, -0.014453188516199589, -0.02474941499531269, 0.041102517396211624, -0.05443599820137024, 0.02795175090432167, 0.023093383759260178, -0.06020968779921532, 0.004177877213805914, -0.03367341682314873, 0.025111757218837738, -0.007392683997750282, 0.000716188398655504, 0.004222117364406586, -0.02324012666940689, -0.009481911547482014, 0.0334339439868927, 0.007798536214977503, 0.010991851799190044, -0.04231017827987671, -0.00978363212198019, -0.003790174378082156, -0.021825505420565605, 0.004326919559389353, -0.001096232677809894, -0.049930423498153687, -0.03469540923833847, -0.0032941733952611685, 0.00749594159424305, -0.03696369752287865, -0.002243437571451068, -0.006739464122802019, 0.016978776082396507, 0.04117187485098839, 0.01859341561794281, 0.028995385393500328, -0.027650736272335052, 0.06261170655488968, 0.008397558704018593, 0.018925879150629044, 0.03915981948375702, -0.018774839118123055, 0.04579866677522659, 0.06046847626566887, -0.011075930669903755, -0.025053245946764946, 0.00712878443300724, -0.03884416073560715, 0.01475859247148037, -0.012713272124528885, 0.02632891945540905, 0.05855022743344307, -0.06186724454164505, 0.02574843540787697, -0.004105504602193832, 0.004907823167741299, -0.026534421369433403, 0.029353981837630272, 0.0021166151855140924, -0.038818832486867905, 0.014534151181578636, 0.03181425482034683, -0.03819101303815842, -0.023447003215551376, -0.03354651480913162, 0.006633429322391748, -0.010437671095132828, 0.02866903319954872, 0.015483954921364784, 0.022396720945835114, -0.0014578618574887514, -0.014426442794501781, 0.0007175033097155392, 0.031243067234754562, -0.015938416123390198, -0.018787413835525513, -0.019809745252132416, -0.024833811447024345, 0.011393968015909195, -0.011070695705711842, 0.030715279281139374, -0.023261018097400665, 0.00765023659914732, 0.03639674186706543, -0.026673870161175728, -0.008541269227862358, -0.005258593708276749, -0.005276467185467482, -0.018190445378422737, 0.06325335800647736, 0.057819463312625885, 0.026180749759078026, 0.04548058658838272, 0.03691142797470093, 0.007020165212452412, -0.011567890644073486, -0.03554580360651016, 0.017823481932282448, -0.009289167821407318, 0.007969154044985771, 0.002015701262280345, 0.03692612797021866, -0.06973502784967422, 0.0136296097189188, 0.02981550060212612, -0.04740383103489876, -0.03713687136769295, 0.06352918595075607, 0.02656956948339939, 0.004342828411608934, 0.004629576578736305, 0.02515791356563568, -0.01674753986299038, 0.0399307943880558, -0.012810667976737022, -0.006616944447159767, 0.029024383053183556, 0.03389005735516548, 0.006325813475996256, 0.02934759482741356, 0.011334012262523174, 0.00965761486440897, 0.049909286201000214, 0.02310335449874401, 0.07214012742042542, 0.07547317445278168, -0.01244382094591856, -0.041923269629478455, -0.013509100303053856, -0.06548727303743362, -0.0018830127082765102, 0.022665347903966904, -0.015882693231105804, -0.0033521829172968864, 0.008518246002495289, 0.02258254960179329, 0.037042196840047836, 0.03568412363529205, 0.016141168773174286, 0.03196072205901146, -0.03375997766852379, 0.03909018635749817, -0.023999983444809914, -0.012553215958178043, -0.00020933261839672923, -0.06406165659427643, -0.03374919667840004, 0.03146177902817726, 0.023303193971514702, -0.051036711782217026, -0.07669201493263245, 0.012034730054438114, -0.015027272514998913, 0.0008622721070423722, 0.007550027687102556, 0.0018845128361135721, -0.04028605297207832, -0.03766687586903572, 0.040041595697402954, -0.005671484395861626, 0.03134458139538765, -0.009589632973074913, 0.003428203519433737, -0.03209734335541725, -0.032428476959466934, 0.11039432883262634, -0.051271166652441025, -0.005324268713593483, 0.038250211626291275, -0.008127800188958645, 0.0449005663394928, 0.00024691320140846074, -0.00513792596757412, -0.001318213646300137, 0.0275388453155756, -0.004322719760239124, 0.011620625853538513, 0.03039604239165783, 0.010044061578810215, -0.05228644236922264, -0.07224932312965393, -0.013124843128025532, 0.007839720696210861, 0.024589894339442253, -0.0010885793017223477, 0.04022707790136337, -0.02910798229277134, 0.005561996251344681, 0.060029782354831696, 2.2915906811249442e-05, 0.053080249577760696, 0.059095319360494614, 0.017288124188780785, -0.025085899978876114, -0.05987333506345749, -0.04449480026960373, 0.034252408891916275, -0.04682812839746475, 0.019087668508291245, 0.015770716592669487, 0.02984193153679371, -0.05206402391195297, 0.015500710345804691, -0.0032921216916292906, -0.01123765204101801, 0.05471662059426308, 0.00771330576390028, -0.043829575181007385, 0.01233233418315649, 0.027047710493206978, -0.015076950192451477, 0.004433499649167061, 0.005542982369661331, -0.0209281574934721, 0.021289300173521042, -0.010409506037831306, 0.028061339631676674, 0.016260357573628426, 0.01479057315737009, 0.017245080322027206, -0.02550402097404003, -0.060035206377506256, 0.00606338819488883, -0.014308747835457325, -0.030918940901756287, -0.024758657440543175, 0.009334011003375053, -0.02941056899726391, 0.059615764766931534, -0.013353978283703327, 0.018506072461605072, -0.007179882377386093, -0.01646815612912178, -0.01404148805886507, -0.015568261034786701, -0.00746504869312048, -0.028113743290305138, -0.006217125337570906, -0.004857692401856184, -0.03334769234061241, 0.056630056351423264, -0.03445247933268547, -0.020935023203492165, -0.07466628402471542, 0.001457893056795001, 0.010002673603594303, 0.02514687553048134, 0.007044028956443071, 0.009370533749461174, -0.0058897449634969234, -0.018042603507637978, 0.011060112155973911, -0.002377280266955495, 0.0032983722630888224, -0.05145399272441864, -0.019254732877016068, -0.005572268273681402, 0.04448142275214195, 0.016125695779919624, 0.041771601885557175, 0.04371326044201851, 0.011049929074943066, 0.02905477210879326, -0.04410779848694801, 0.014807309955358505, -0.016143495216965675, -0.040632203221321106, 0.0022433334961533546, 0.016455791890621185, -0.010931319557130337, -0.010929699055850506, -0.002880711341276765, -0.009740663692355156, 0.04564792662858963, -0.03155210241675377, -0.04100877791643143, -0.01106136105954647, -0.02606045827269554, -0.04983596131205559, 0.0359887033700943, 0.004083056002855301, -0.014789293520152569, 0.019206726923584938, 0.007370600011199713, 0.02835102193057537, -0.07777714729309082, 0.020427092909812927, 0.0527736060321331, 0.019196854904294014, -0.020299259573221207, 0.10270528495311737, -0.009552066214382648, -0.02215171419084072, -0.02934383600950241, -0.029825670644640923, 0.010209725238382816, -0.02762838453054428, 0.01175883412361145, -0.021022722125053406, 0.04824710637331009, 0.028450172394514084, -0.009108832105994225, 0.0035100087989121675, -0.0032360393088310957, -0.02228144370019436, -0.013419673778116703, 0.00630175368860364, 0.002425725571811199, -0.002027528127655387, 0.019421547651290894, 0.0014921666588634253, -0.04313533380627632, 0.03024951182305813, 0.0103218462318182, -0.028975363820791245, -0.033524442464113235, 0.07477906346321106, 0.02702450007200241, -0.02562934160232544, -0.048102967441082, 0.001011778716929257, -0.009385550394654274, -0.014246071688830853, -0.03762775659561157, 0.003086396725848317, -0.00461036991328001, -0.010870646685361862, -0.029684538021683693, 0.04700654000043869, 0.03513304516673088, 0.0248583797365427, 0.00829253625124693, -0.012551240622997284, -0.0011955597437918186, -0.019175663590431213, 0.010190087370574474, -0.027887821197509766, -0.007006305735558271, 0.05078934133052826, 0.014224816113710403, 0.01789330132305622, -0.0031585185788571835, -0.01613103598356247, -0.0008005587151274085, -0.030217651277780533, -0.013371234759688377, 0.022702937945723534, -0.01532295998185873, 0.017066698521375656, 0.012089383788406849, -0.035651542246341705, -0.0037344172596931458, 0.023565296083688736, 0.015362344682216644, -0.0575048066675663, -0.012641021981835365, -0.02772132121026516, -0.022718869149684906, -0.010576749220490456, 0.004805745556950569, 0.001623123069293797, -0.028733935207128525, 0.0008991908980533481, 0.01284165307879448, 0.012795545160770416, 0.030007202178239822, -0.02973284013569355, -0.004492851439863443, -0.1381109356880188, -0.0025816126726567745, -0.035681165754795074, 0.014535958878695965, -0.03981068730354309, -0.022300058975815773, 0.012515475042164326, -0.05626627430319786, 0.03241749852895737, -0.009707147255539894, -0.05510571971535683, -0.014381560496985912, 0.025568844750523567, -0.014905097894370556, 0.009150681085884571, 0.00972805730998516, 0.009881467558443546, 0.009240901097655296, -0.010158451274037361, -0.009297061711549759, -0.003218688303604722, -0.004891154356300831, 0.004674955736845732, 0.02226477675139904, -0.0005364164244383574, -0.022101163864135742, -0.03180713206529617, 0.004738140851259232, -0.0014170014765113592, 0.04877824708819389, 0.013868025504052639, -0.037004582583904266, -0.0012839054688811302, 0.014602895826101303, -0.017369206994771957, 0.002599903382360935, 0.02132914960384369, -0.0014468227745965123, -0.0103048300370574, 0.023879865184426308, 0.011206350289285183, 0.0069997841492295265, -0.028732916340231895, 0.003800744656473398, 0.02734798938035965, 0.021848687902092934, -0.004776435438543558, -0.029110057279467583, -0.04206688702106476, 6.958060839679092e-05, -0.011668307706713676, 0.05069706588983536, -0.04538445919752121, -0.01637091115117073, -0.02348071150481701, -0.0035109291784465313, -0.03288642689585686, -0.003954110201448202, -0.030932705849409103, 0.016730137169361115, -0.06489793956279755, 0.0010390342213213444, -0.019135190173983574, -0.005298346746712923, -0.012897565960884094, 0.022224145010113716, -0.047190431505441666, 0.0007522297673858702, -0.015794746577739716, -0.014205039478838444, -0.03840222582221031, -0.03342154249548912, -0.050380222499370575, -0.019030077382922173, -0.01590735837817192, -0.001754045719280839, -0.007234504446387291, -0.018752532079815865, 0.03346894308924675, 0.008153185248374939, -0.056431833654642105, -0.02776896022260189, -0.055156055837869644, 0.01659172587096691, 0.05708714574575424, 0.01932603493332863, -0.015911556780338287, 0.04828721284866333, 0.01026669517159462, -0.030968839302659035, -0.0453842468559742, -0.027484027668833733, -0.038882266730070114, -0.0069850594736635685, -0.019292807206511497, 0.04290148243308067, -0.03229636698961258, -0.008256212808191776, 0.0055255405604839325, -0.005360676907002926, -0.03417576104402542, -0.00693690637126565, 0.039121292531490326, 0.03126727044582367, 0.00228699273429811, 0.016679037362337112, 0.046924933791160583, -0.006556622218340635, -0.016356905922293663, -0.02479172684252262, -0.017554299905896187, -0.007761719170957804, -0.01431270781904459, -0.036246202886104584, -0.08832591772079468, 0.0011492535704746842, 0.017241379246115685, -0.005031167529523373, -0.030429480597376823, 0.0059821936301887035, -0.00842240359634161, -0.0013858949532732368, 0.0027685912791639566, -0.05116712674498558, -0.008780978620052338, -0.006953805685043335, -0.006179242394864559, 0.004925832152366638, 0.003997008316218853, -0.03043862245976925, 0.03667578846216202, -0.029156487435102463, -0.02631530724465847, 0.04377360641956329, 0.0033820660319179296, 0.008566305041313171, -0.006667009554803371, 0.031850140541791916, -0.06156103312969208, 0.01571410894393921, -0.021837709471583366, -0.003251113463193178, 0.06553789973258972, -0.030803663656115532, -0.0018436333630234003, -0.04424545168876648, 0.03231547027826309, -0.009067930281162262, -0.02876608446240425, -0.021368572488427162, -0.012852947227656841, -0.025050411000847816, -0.026937194168567657, 0.008512263186275959, -0.005889785010367632, 0.012673809193074703, -0.006706029176712036, 0.038801442831754684, -0.023493057116866112, 0.047362860292196274, 0.03940737619996071, -0.05916319414973259, 0.0003642746014520526, 0.015411092899739742, 0.018160827457904816, 0.011403131298720837, -0.007943268865346909, -0.001460602623410523, -6.296074570855126e-05, 0.01685420796275139, -0.034082431346178055, 0.05070585012435913, -0.003809799440205097, 0.01282626111060381, 0.03441895544528961, -0.04154210165143013, 0.02075066789984703, -0.019974809139966965, 0.05395806208252907, -0.012456138618290424, 0.06062651425600052, -0.0009809799958020449, 0.019299792125821114, 0.008635525591671467, 0.03353814408183098, 0.013256819918751717, 0.0010672974167391658, 0.018443044275045395, 0.009649344719946384, -0.03558922931551933, -0.05484498292207718, 0.0020106295123696327, 0.0060998862609267235, -0.012956211343407631, -0.009249752387404442, 0.004742375109344721, -0.03284499794244766, -0.004262209869921207, 0.047981590032577515, 0.0681295320391655, 0.014370789751410484, 0.01240652147680521, 0.02882910706102848, 0.006154131609946489, 0.006903659552335739, 0.015395012684166431, -0.01127341017127037, -0.03764137253165245, -0.018855970352888107, 0.0331537164747715, -0.007930781692266464, -0.002101756865158677, -0.01970849558711052, 0.02493554912507534, -0.04604440554976463, -0.022024208679795265, -0.0011695271823555231, 0.017365267500281334, 0.0414203479886055, 0.0008041279506869614, 0.03822093456983566, 0.026894915848970413, 0.0030774506740272045, -0.01818588562309742, -0.05025878921151161, -0.025275295600295067, -0.017258651554584503, 0.0318613164126873, 0.03348594903945923, 0.030571822077035904, -0.020754162222146988, 0.03290152549743652, 0.001382522634230554, 0.03824930638074875, 0.03422921150922775, -0.0031615348998457193, -0.010970646515488625, 0.03049926459789276, -0.016392910853028297, -0.0019778823480010033, 0.008207708597183228, 0.026358770206570625, -0.033489126712083817, 0.004370243288576603]",,
15_1_0_errors_node_module_in_edge_runtime_mdx_section_3,section,15_1_0_errors_node_module_in_edge_runtime_mdx,Using Node.js Modules in Edge Runtime - Useful Links,,{},15.1.0,"[/docs/pages/api-reference/edge](/docs/pages/api-reference/edge)
[/docs/pages/building-your-application/routing/middleware](/docs/pages/building-your-application/routing/middleware)
[https://vercel.com/templates/next.js/jwt-authentication](https://vercel.com/templates/next.js/jwt-authentication)
",,"[(np.int64(5), np.float64(0.020247548818588257)), (np.int64(23), np.float64(0.009606048464775085)), (np.int64(90), np.float64(0.03441625088453293)), (np.int64(112), np.float64(0.19535620510578156)), (np.int64(345), np.float64(0.05975140631198883)), (np.int64(438), np.float64(0.16434729099273682)), (np.int64(6032), np.float64(0.13151052594184875)), (np.int64(6953), np.float64(0.017702743411064148)), (np.int64(7844), np.float64(0.07967587560415268)), (np.int64(28175), np.float64(0.20444798469543457)), (np.int64(28398), np.float64(0.12390226125717163)), (np.int64(36836), np.float64(0.1507856249809265)), (np.int64(57890), np.float64(0.25424957275390625)), (np.int64(63014), np.float64(0.21219667792320251)), (np.int64(69030), np.float64(0.2552710771560669))]","[-0.042936477810144424, 0.009114050306379795, -0.005090332590043545, 0.016910534352064133, -0.04551727697253227, -0.015843698754906654, 0.030435848981142044, 0.03544143959879875, -0.010932940989732742, 0.011920335702598095, 0.011151392944157124, -0.007752081844955683, 0.027524271979928017, -0.003447732888162136, 0.023110434412956238, -0.0381595641374588, -0.010947105474770069, 0.030039392411708832, 0.0309495460242033, -0.032439082860946655, -0.014467602595686913, 0.0011098255636170506, -0.011750083416700363, -0.010199623182415962, 0.010186905041337013, -0.003999737557023764, 0.014576205052435398, -0.029981959611177444, 0.04319727420806885, 0.01584588922560215, 0.03116312250494957, -0.010430826805531979, 0.02568243071436882, 0.030791636556386948, -0.017573587596416473, -0.06165922060608864, -0.0204378180205822, -0.028598669916391373, -0.060663387179374695, 0.019832026213407516, -0.026991477236151695, -0.014006364159286022, -0.012045323848724365, -0.019791411235928535, 0.028718039393424988, -0.041274119168519974, 0.007484706584364176, -0.01999257318675518, -0.0015665583778172731, 0.0025601182132959366, -0.04108458757400513, 0.009908574633300304, 0.011849654838442802, -0.011839361861348152, 0.011358998715877533, 0.04169423133134842, 0.044488150626420975, -0.05826317518949509, -0.048686686903238297, 0.025652632117271423, -0.02294747531414032, -5.756873360951431e-05, -0.031086469069123268, 0.02451256848871708, 0.020172961056232452, 0.014267335645854473, -0.01220546942204237, -6.428394408430904e-05, -0.026203779503703117, -0.0468435138463974, 0.018033867701888084, 0.02561323530972004, -0.008124997839331627, -0.031045280396938324, -0.053304992616176605, 0.043849118053913116, 0.01906226947903633, -0.0005447201547212899, 0.027860693633556366, -0.008450116962194443, -0.011858136393129826, 0.007154105696827173, 0.02295367419719696, -0.010549068450927734, 0.0044205510057508945, -0.0626356452703476, -0.03924494981765747, 0.04029019549489021, 0.016793226823210716, 0.019726106896996498, -0.010086949914693832, -0.03721078857779503, 0.03958215191960335, -0.05722511187195778, -0.013829560950398445, 0.02232428267598152, -0.038583748042583466, 0.007967573590576649, 0.05247834324836731, 0.02471865899860859, -0.0037443279288709164, -0.004590351600199938, -0.007421180140227079, -0.019225213676691055, 0.021051594987511635, 0.01709797978401184, 0.01988041214644909, -0.005791272968053818, 0.02228894643485546, -0.00500854616984725, -0.002466958248987794, -0.004149166401475668, 0.041443709284067154, 0.012859741225838661, -0.012253964319825172, -0.04331677407026291, -0.031161347404122353, 0.002847276395186782, -0.01944846473634243, -0.013415860012173653, -0.01033064629882574, 0.042285289615392685, 0.049963049590587616, -0.046691738069057465, 0.04314066469669342, -0.0010385944042354822, 0.013616196811199188, 0.02342742681503296, 0.015787657350301743, -0.0014752362621948123, 0.04068843275308609, -0.006813601590692997, -0.010652239434421062, -0.024260232225060463, 0.008264112286269665, -0.010748617351055145, 0.028776004910469055, -0.011509978212416172, 0.015063402242958546, -0.06613417714834213, 0.031953588128089905, 0.04050496593117714, 0.04481993615627289, 0.006715153343975544, 0.02352844551205635, -0.08049582690000534, 0.03395727276802063, 0.021399809047579765, -0.00821815337985754, -0.01806834153831005, 0.01716487668454647, -0.023420317098498344, 0.008952531963586807, 0.023606324568390846, 0.020388469099998474, -0.0415530726313591, 0.005763076711446047, 0.005280859302729368, 0.03450356051325798, 0.024691609665751457, -0.046643003821372986, 0.03601978346705437, -0.011479530483484268, 0.021868480369448662, 0.02612224593758583, -0.0041198632679879665, 0.016005856916308403, -0.01250327005982399, -0.016351360827684402, -0.07544912397861481, 0.008158301934599876, 0.01052512414753437, 0.0024968108627945185, 0.0042892033234238625, -0.008366676978766918, 0.028307238593697548, 0.06912016868591309, 0.009878493845462799, -0.0388469360768795, -0.026089100167155266, -0.05296304449439049, 0.009696806780993938, -0.017688332125544548, -0.03780157491564751, 0.006533522624522448, 0.006384756416082382, -0.04751265421509743, -0.0010351063683629036, -0.002046158304437995, 0.0224053505808115, -0.02682149037718773, 0.009350414387881756, 0.02699849382042885, -0.019193241372704506, 0.0011745353695005178, 0.0026329164393246174, 0.05273117497563362, 0.03224405646324158, 0.017666537314653397, -0.033674128353595734, -0.025229699909687042, -0.01760069467127323, 0.060609664767980576, -0.014713229611515999, -0.0220046266913414, -0.007720802444964647, 0.01887734793126583, -0.01171283982694149, 0.024101881310343742, -0.04443136975169182, -0.027805842459201813, -0.006102911662310362, -0.027887824922800064, -0.021904120221734047, -0.05905509367585182, 0.02108919620513916, 0.03521037846803665, 0.010808298364281654, 0.012379449792206287, -0.001417993102222681, -0.02657015435397625, 0.009572372771799564, 0.0009844063315540552, 0.012966983020305634, 0.029853297397494316, 0.027595702558755875, -0.002477221889421344, 0.013434368185698986, 0.0022774485405534506, -0.040571555495262146, -0.03600521385669708, 0.015416324138641357, 0.03434400260448456, -0.0263262540102005, 0.036252181977033615, -0.01942487619817257, -0.012364739552140236, -0.009107144549489021, -0.002158242044970393, -0.012206646613776684, 0.014981805346906185, -0.04076670855283737, 0.013801535591483116, -0.012002767063677311, -0.046344708651304245, 0.028284762054681778, -0.0014839624054729939, 0.014332382939755917, -0.009851314127445221, -0.026045450940728188, -0.014337719418108463, -0.00887097604572773, -0.02370021678507328, 0.020651692524552345, 0.01526475977152586, -0.007611348759382963, 0.02104022353887558, 0.016356337815523148, -0.0062052225694060326, -0.014642391353845596, 0.017014814540743828, -0.0006972088594920933, -0.0032451555598527193, 0.005617540329694748, -0.017306508496403694, 0.006323663052171469, -0.022670604288578033, -0.029814738780260086, 0.014504529535770416, 0.02358693815767765, -0.07082168012857437, 0.0396147221326828, 0.051445186138153076, -0.0034000726882368326, 0.003816438838839531, 0.002600399311631918, -0.03384864702820778, -0.05237077176570892, 0.0682167336344719, 0.026415251195430756, -0.0045086354948580265, 0.07590363919734955, 0.03334140032529831, 0.04196805879473686, 0.0568690225481987, -0.011739205569028854, -0.01385421957820654, -0.019106371328234673, 0.017789000645279884, -0.03551124408841133, -0.03240930289030075, 0.00675582280382514, 0.09180222451686859, -0.04565892741084099, -0.02093162015080452, 0.005461383145302534, -0.03379543870687485, -0.15936732292175293, -0.020736411213874817, 0.030849913135170937, 0.04441864788532257, -0.0014990607742220163, 0.019710371270775795, -0.05729733034968376, -0.003835716750472784, 0.006987445522099733, 0.024139877408742905, -0.008519974537193775, -0.05973723530769348, 0.012997271493077278, -0.04015488550066948, 0.0038423507940024137, 0.03858707845211029, -0.01794695481657982, 0.0033146648202091455, -0.006328403018414974, -0.0454816035926342, -0.03725099563598633, -0.012188185937702656, 0.02325589582324028, -0.0166444294154644, -0.012120416387915611, -0.030329348519444466, 0.030427955090999603, -0.001522450358606875, -0.004809858277440071, -0.0057203383184969425, -0.009338054805994034, -0.003281307639554143, -0.004788804333657026, 0.020494677126407623, 0.007578656543046236, -0.0035992811899632215, 0.011068861931562424, 0.016826719045639038, 0.019339503720402718, -0.019343528896570206, 0.011807212606072426, 0.03252960741519928, -0.0009380144183523953, -0.039707668125629425, 0.028554905205965042, -0.03861307352781296, 0.016163688153028488, -0.026734638959169388, -0.007880596444010735, -0.021577004343271255, -0.010157819837331772, -0.02778727561235428, 0.009548007510602474, -0.0011584480525925756, -0.05155014246702194, 0.0234083104878664, 0.03200148418545723, 0.03885389864444733, -0.02581808902323246, -0.004743622150272131, 0.003447166411206126, -0.010157926008105278, 0.05053482577204704, -0.014593632891774178, 0.007213127799332142, 0.001203540014103055, 0.05878826975822449, 0.0009142031776718795, -0.010249671526253223, -0.0007413466228172183, 0.031085548922419548, -0.02577977068722248, 0.004194724373519421, -0.005705683492124081, -0.013470601290464401, -0.009306559339165688, -0.02873075380921364, -0.014549175277352333, -0.019249435514211655, -0.11686181277036667, 0.011477634310722351, 0.020721502602100372, -0.01533458475023508, 0.012561940588057041, -0.024561304599046707, -0.011268130503594875, 0.011793198995292187, -0.027040202170610428, 0.02627527341246605, 0.2466677576303482, -0.0008155439281836152, 0.002865048125386238, -0.01568727008998394, 0.04936906322836876, -0.0398443378508091, 0.010567383840680122, 0.032725729048252106, 0.02896995283663273, -0.015584702603518963, 0.03137728571891785, -0.0016560839721933007, -0.009936176240444183, -0.0004584701091516763, 0.0070445844903588295, 0.026827583089470863, -0.07961278408765793, 0.059853702783584595, 0.05504251644015312, -0.012688952498137951, 0.021019529551267624, -0.04193468019366264, 0.03685984015464783, 0.007727908901870251, -0.08144861459732056, -0.031188353896141052, -0.01291539054363966, 0.026095109060406685, -0.00880652666091919, 0.02950265072286129, -0.028575090691447258, 0.023740898817777634, 0.045009795576334, 0.0018703998066484928, -0.07175585627555847, 0.008764196187257767, 0.0051472983323037624, -0.032548993825912476, 0.002128548687323928, 0.04637742042541504, -0.018740670755505562, -0.026799526065587997, 0.04450245946645737, -0.003802759572863579, -0.010395965538918972, -0.011418294161558151, -0.01541781984269619, -0.027351224794983864, -0.012089892290532589, -0.011771594174206257, -0.03336064890027046, -0.03968619927763939, -0.013783746398985386, -0.0018911308143287897, 0.05354282259941101, -0.04953871667385101, -0.015044395811855793, 0.010985173285007477, 0.011284328065812588, 0.023587090894579887, 0.05665743723511696, 0.00199035182595253, -0.056909166276454926, 0.014090665616095066, -0.018648583441972733, -0.011322954669594765, -0.025614475831389427, -0.023091362789273262, 0.06411267071962357, 0.08487819880247116, 0.009345171973109245, 0.01441564504057169, 0.011931555345654488, 0.012723889201879501, 0.02547905594110489, -0.010719782672822475, 0.052919089794158936, 0.02528996393084526, -0.05522656440734863, 0.04165991395711899, -0.011009791865944862, 0.002463052747771144, -0.014536755159497261, 0.05199094116687775, 0.009744450449943542, -0.006537202280014753, 0.042639199644327164, 0.05598971247673035, 0.0005704653449356556, -0.0124528082087636, -0.006963623221963644, -0.03495633229613304, -0.03864726796746254, 0.022921495139598846, -0.030118117108941078, 0.007163154426962137, 0.010164720937609673, -0.006501307245343924, -0.03323793411254883, 0.02303254045546055, 0.00047644024016335607, 0.012784191407263279, -0.028806162998080254, -0.01344030536711216, -0.01331408228725195, -0.047964733093976974, -0.006140600889921188, 0.024597853422164917, 0.00844587106257677, 0.029734859243035316, -0.03111112490296364, -0.0013518375344574451, 0.013575088232755661, -0.04353397339582443, -0.03157634660601616, 0.04803850129246712, 0.021088428795337677, 0.03438323736190796, 0.06087037920951843, 0.05471876263618469, 0.013555031269788742, -0.02348489873111248, -0.020915599539875984, 0.021010521799325943, -0.018166158348321915, -0.042045481503009796, -0.0012364372378215194, 0.028508489951491356, -0.06155334413051605, 0.056966282427310944, -0.007626578211784363, -0.016366468742489815, 0.0014402233064174652, 0.019863134250044823, 0.014420563355088234, 1.240888741449453e-05, 0.05600512772798538, 0.049374908208847046, -0.0013732262887060642, -0.0034324335865676403, -0.057652976363897324, -0.004229765385389328, -0.0044650547206401825, -0.014013278298079967, 0.024069249629974365, 0.007240164093673229, 0.014332412742078304, 0.023777272552251816, 0.025503627955913544, -0.010614502243697643, 0.028838977217674255, 0.043292295187711716, 0.01923120580613613, -0.049121931195259094, 0.0024404567666351795, -0.06668814271688461, 0.00985733699053526, -0.006419127341359854, -0.02273273840546608, -0.02192656509578228, 0.006045217625796795, 0.023481741547584534, 0.034563928842544556, 0.06766718626022339, -0.027243582531809807, 0.03508606180548668, -0.026372713968157768, 0.0011629721848294139, 0.014981730841100216, -0.012639958411455154, 0.008730769157409668, -0.048085931688547134, -0.06809970736503601, 0.06767524033784866, 0.031585946679115295, -0.040515705943107605, -0.06191100925207138, -0.011002267710864544, 0.015211815945804119, -0.025292648002505302, 0.02194133773446083, 0.0035061282105743885, -0.04497237503528595, -0.027285728603601456, 0.03345254808664322, -0.022337306290864944, -0.001950088539160788, -0.030058663338422775, -0.005695695523172617, -0.039862971752882004, 0.0248203556984663, 0.12176815420389175, -0.017745349556207657, -0.00781717523932457, 0.07391993701457977, 0.0037477142177522182, 0.0018878643168136477, 0.03239615634083748, -0.009787644259631634, 0.02281813696026802, -0.022633271291851997, 0.026503467932343483, -0.009782813489437103, -0.012088960967957973, 0.023048214614391327, -0.04572547972202301, -0.03632631152868271, 0.013086185790598392, -0.005571278743445873, 0.0030297732446342707, 0.013885312713682652, 0.01781041920185089, -0.059423524886369705, 0.00975657720118761, 0.03350469842553139, -0.024804573506116867, 0.06059255450963974, 0.07580523192882538, 0.04921189695596695, 0.010545146651566029, -0.059776242822408676, 0.012869568541646004, 0.019382232800126076, -0.039522819221019745, 0.012724068947136402, 0.013545699417591095, 0.008088483475148678, -0.0028153525199741125, 0.012412769719958305, 0.018345987424254417, -0.01699906587600708, 0.012391027994453907, 0.013113673776388168, -0.03406104817986488, 0.0008980371057987213, 0.006065733730792999, 0.013695989735424519, 0.032730016857385635, 0.02542899176478386, -0.021123802289366722, 0.008286281488835812, 0.006809605285525322, 0.0208697821944952, 0.04397611692547798, 0.009184518828988075, 0.02223387360572815, 0.006103819236159325, 0.016549058258533478, 0.02109036222100258, 0.002679144497960806, -0.011719190515577793, -0.05881881341338158, 0.0012801351258531213, -0.039606973528862, 0.09206681698560715, 0.021662477403879166, -0.002923400141298771, -0.010326731018722057, -0.03567498177289963, 0.026712654158473015, 0.013531919568777084, 0.03968450054526329, -0.003412885358557105, -0.019905053079128265, 0.002709487685933709, -0.047646090388298035, 0.021174034103751183, -0.06123810261487961, -0.054906297475099564, -0.04834041744470596, -0.0249333456158638, 0.023251237347722054, -0.0376332625746727, -0.047705017030239105, 0.006412453018128872, -0.02536921389400959, -0.026583559811115265, 0.015156306326389313, 0.018590036779642105, -0.03293181210756302, -0.06073690950870514, 0.007151620462536812, 0.010436618700623512, 0.028687914833426476, -0.0048488425090909, 0.04943116754293442, 0.048831190913915634, -0.00511251762509346, -0.017091302201151848, -0.024938790127635002, 0.008439435623586178, -0.0033147349022328854, -0.022979971021413803, -0.001292053028009832, 0.021537773311138153, -0.008984833024442196, -0.026790739968419075, 0.06217435374855995, -0.0018967484356835485, 0.02470014989376068, -0.012677987106144428, 0.0027453904040157795, 0.009979847818613052, -0.008798841387033463, -0.020038101822137833, 0.07502913475036621, -0.014807943254709244, -0.014356104657053947, 0.006554494146257639, -0.025522589683532715, 0.012743646278977394, -0.027894169092178345, 0.028929980471730232, 0.042579539120197296, 0.029123157262802124, -0.0328838936984539, 0.06684532016515732, -0.021607907488942146, -0.01829821616411209, -0.020688779652118683, 0.06016506254673004, 0.004312237724661827, -0.003929447382688522, 0.014540386386215687, -0.017707351595163345, -0.010195684619247913, -0.003821559017524123, -0.010632116347551346, -0.005718282423913479, 0.014948774129152298, -0.018853293731808662, 0.0021892425138503313, -0.01818896271288395, -0.023674335330724716, 0.002693064045161009, 0.01201097946614027, 0.0003700275847222656, -0.016548525542020798, -0.018952250480651855, -0.001288350555114448, -0.013402698561549187, -0.00978303886950016, 0.051309384405612946, -0.034050896763801575, 0.00759013369679451, -0.044854722917079926, 0.013220801949501038, 0.00027302332455292344, -0.05259592831134796, 0.0038803957868367434, 0.022809911519289017, 0.03518357872962952, -0.011906212195754051, -0.05096302926540375, 0.02553698979318142, 0.009736284613609314, -0.010676257312297821, 0.013064193539321423, 0.0017866484122350812, 0.0562703013420105, -0.018341105431318283, 0.07980018109083176, -0.0069622863084077835, 0.016659166663885117, -0.005855627823621035, -0.010601275600492954, 0.008484828285872936, -0.039662133902311325, -0.015427106991410255, 0.011967059224843979, 0.0030721318908035755, -0.004418375436216593, 0.02202163077890873, 0.015101462602615356, 0.0046258000656962395, 0.023230981081724167, 0.008637345395982265, -0.018014125525951385, 0.0248202383518219, 0.0021578618325293064, -0.005037585739046335, -0.024702629074454308, -0.03045642375946045, -0.02759639546275139, -0.050337694585323334, 0.007201332598924637, 0.03102777525782585, 0.0007623867713846266, 0.012254033237695694, 0.09271394461393356, -0.013672039844095707, 0.03295689448714256, -0.025384830310940742, 0.03915715217590332, -0.14678184688091278, -0.01040164940059185, -0.053035881370306015, 0.016440464183688164, -0.018167546018958092, -0.028759755194187164, 0.0022721714340150356, -0.06367836147546768, 0.008656472899019718, -0.004793835338205099, -0.05214756727218628, 0.01617935486137867, 0.00975184328854084, -0.014623667113482952, 0.029713543131947517, -0.027613015845417976, -0.005973758175969124, -0.04363245889544487, -0.03096020221710205, -0.030742097645998, -0.016543561592698097, -0.024712294340133667, 0.03363129496574402, 0.01601841300725937, -0.04266562685370445, -0.03191963583230972, -0.013648033142089844, 0.005887693725526333, -0.025799058377742767, 0.01541847176849842, -0.00837185699492693, -0.04383755102753639, 0.013341293670237064, 0.05457308143377304, -0.025396764278411865, 0.012412519194185734, -0.00964109692722559, -0.0016003877390176058, 0.00016666085866745561, 0.03643165901303291, -0.005830278154462576, 0.03563309088349342, -0.02560189925134182, 0.00533769465982914, 0.015337501652538776, 0.057866740971803665, 0.0015445905737578869, -0.008956131525337696, -0.02239055559039116, -0.022601965814828873, 0.010243835859000683, 0.031791385263204575, 0.016872528940439224, -0.025450412184000015, 0.009820042178034782, -0.0021028006449341774, -0.015346826054155827, 0.00436035031452775, -0.024734817445278168, -0.0012918959837406874, -0.04070480912923813, 0.01908791996538639, -0.002524471841752529, -0.0030419344548135996, -0.04166184365749359, 0.026780137792229652, -0.0446007177233696, 0.034456171095371246, 0.002243315102532506, -0.03670445457100868, -0.011350053362548351, -0.046360570937395096, -0.024556636810302734, -0.02075948193669319, -0.011130314320325851, -0.012182570993900299, 0.03712984919548035, -0.0261272843927145, 0.012077869847416878, -0.016413729637861252, -0.01843358762562275, -0.04190810024738312, -0.010107357054948807, 0.07484591752290726, 0.0717616081237793, 0.04562145099043846, 0.016037175431847572, 0.0034032599069178104, -0.01317806076258421, -0.030092760920524597, -0.05340394377708435, -0.04709329456090927, -0.014271163381636143, 0.03426763042807579, -0.003903930075466633, 0.004404403269290924, 0.0029993851203471422, -0.04494073987007141, 0.015036964789032936, 0.007377003785222769, -0.03172626718878746, 0.00035445744288153946, 0.0235728956758976, -0.008050153963267803, -0.06008218973875046, 0.029261432588100433, 0.025827202945947647, 0.009737891145050526, 0.010011709295213223, -0.024662474170327187, -0.05649850144982338, -0.010391831398010254, -0.035735175013542175, -0.006461682729423046, -0.06124084070324898, 0.03481794893741608, 0.006808033678680658, -0.010295792482793331, -0.009597284719347954, 0.0050443438813090324, 0.008625474758446217, -0.005050379317253828, 0.002018596511334181, -0.03105499967932701, 0.016176670789718628, 0.001621859846636653, 0.02730952389538288, 0.07828085124492645, 0.03276611864566803, -0.015486451797187328, -0.023621296510100365, -0.06626173108816147, -0.028695235028862953, 0.003895522328093648, 0.02461874671280384, -0.01948375068604946, -0.038908906280994415, 0.036209963262081146, -0.02759268507361412, -0.04011969268321991, -0.020821768790483475, 0.013107906095683575, 0.0204892810434103, -0.05739108845591545, 0.004222639370709658, -0.031314656138420105, 0.012112198397517204, -0.04254898428916931, -0.014261781238019466, -0.020511852577328682, -0.005651491228491068, -0.001365015865303576, -0.039813388139009476, 0.05635811761021614, -0.012444733642041683, 0.037381451576948166, 0.005353333428502083, 0.019135087728500366, -0.06492333114147186, 0.023330792784690857, -0.019494779407978058, -0.032414842396974564, -0.010959377512335777, -0.017212212085723877, 0.008302390575408936, -0.01638464443385601, -0.01817549206316471, -0.011572377756237984, -0.020401842892169952, 0.04816032573580742, 0.007231828290969133, 0.03648410364985466, -0.01742965169250965, -0.004684849642217159, 0.04013538733124733, 0.0017525024013593793, -0.0049247886054217815, -0.01632816717028618, 0.022511335089802742, -0.0107499398291111, 0.020176975056529045, -0.01824169047176838, 0.06411517411470413, 0.021395547315478325, -0.013511105440557003, -0.009696941822767258, 0.038159944117069244, -0.004258444532752037, 0.008334929123520851, -0.020211240276694298, -0.028276700526475906, -0.002357729012146592, -0.03368937969207764, -0.03802444785833359, -0.02675038017332554, -0.005432826932519674, 0.027218425646424294, -0.025939594954252243, -0.004178445320576429, 0.07297287881374359, 0.020380288362503052, 0.004235390108078718, 0.02577226236462593, -0.04262087866663933, -0.0012076236307621002, -0.012698514387011528, -0.06051899492740631, -0.026041580364108086, 0.011458483524620533, 0.0447198823094368, -0.010125629603862762, 0.0004729567444883287, -0.018649347126483917, 0.020115872845053673, 0.019803771749138832, -0.013546953909099102, 0.07664564251899719, -0.038894373923540115, 0.013587675988674164, -0.04039321094751358, 0.035565897822380066, -0.001603156910277903, -0.001269334345124662, -0.029664959758520126, -0.011295698583126068, -0.04268352687358856, -0.0280593391507864, 0.029239311814308167, -0.019863910973072052, -0.023199819028377533, -0.03666067123413086, 0.023647388443350792, -0.0008709583780728281, 0.04118862375617027, 0.030459756031632423, -0.04115156829357147, 0.005984602030366659, -0.017241323366761208, 0.008092357777059078, 0.005441132467240095, 0.015512675978243351, -0.000532096135430038, 0.04780834913253784, 0.01635378785431385]",,
15_1_0_errors_non_dynamic_getstaticpaths_usage_mdx,document,,`getStaticPaths` Used on Non-Dynamic Page,,{'related_links': []},15.1.0,"## Why This Error Occurred

On a non-dynamic SSG page `getStaticPaths` was incorrectly exported as this can only be used on dynamic pages to return the paths to prerender.

## Possible Ways to Fix It

Remove the `getStaticPaths` export on the non-dynamic page or rename the page to be a dynamic page.

## Useful Links

- [Dynamic Routes Documentation](/docs/pages/building-your-application/routing/dynamic-routes)
- [`getStaticPaths` Documentation](/docs/pages/building-your-application/routing/dynamic-routes)",,"[(np.int64(7), np.float64(0.135076105594635)), (np.int64(98), np.float64(0.0034697391092777252)), (np.int64(345), np.float64(0.07500860840082169)), (np.int64(397), np.float64(0.0034890398383140564)), (np.int64(683), np.float64(0.19515883922576904)), (np.int64(1771), np.float64(0.13019099831581116)), (np.int64(3775), np.float64(0.15363188087940216)), (np.int64(3794), np.float64(0.13639004528522491)), (np.int64(5281), np.float64(0.06541315466165543)), (np.int64(10519), np.float64(0.2734854817390442)), (np.int64(14231), np.float64(0.19644072651863098)), (np.int64(21068), np.float64(0.08869548887014389)), (np.int64(29673), np.float64(0.1157415509223938)), (np.int64(135206), np.float64(0.21436822414398193))]","[-0.05739610642194748, -0.017200497910380363, -0.038818828761577606, 0.003290843917056918, -0.027682330459356308, -0.02206440456211567, 0.028086133301258087, 0.005216884892433882, -0.02974766492843628, 0.033403489738702774, 0.013021070510149002, 0.028689781203866005, 0.007181146647781134, -0.020098643377423286, 0.001715687452815473, 0.01765613444149494, -0.015081919729709625, 0.03385014459490776, -0.0017751811537891626, 0.0041249776259064674, -0.014891673810780048, -0.018372192978858948, 0.021485384553670883, 0.003157579805701971, -0.014837682247161865, -0.0016264909645542502, -0.004329577088356018, 0.016856519505381584, 0.033456187695264816, -0.013534984551370144, 0.019023044034838676, 0.026193097233772278, -0.0346665196120739, -0.03540891036391258, -0.08756431937217712, 0.004396260250359774, -0.06577841192483902, -0.019988039508461952, -0.02259151078760624, 0.0020303293131291866, -0.048226598650217056, -0.027793999761343002, 0.03296082466840744, -0.06390688568353653, -0.028165988624095917, -0.01926892064511776, -0.023042850196361542, -0.0236795824021101, 0.017543748021125793, -0.01683051511645317, -0.0376477986574173, -0.023909086361527443, 0.031970757991075516, -0.09131369739770889, 0.026249969378113747, 0.01192525029182434, -0.03685218095779419, 0.0033158408477902412, -0.010348883457481861, 0.05271715670824051, -0.021026266738772392, 0.007179743610322475, 0.006412779912352562, -0.01430461648851633, 0.0016293637454509735, 0.03820902854204178, 0.01792236790060997, 0.038373854011297226, -0.03701910004019737, -0.007400082889944315, -0.0038792153354734182, -0.006080567371100187, -0.07971978187561035, -0.012667777016758919, -0.02005903609097004, 0.008893127553164959, 0.04031646251678467, -0.04931865632534027, 0.01087591890245676, -0.012078064493834972, 0.013018384575843811, 0.03279687464237213, 0.010626093484461308, 0.008590681478381157, 0.022026730701327324, -0.0021170056425035, -0.025871410965919495, 0.014759678393602371, 0.023534202948212624, -0.01663506217300892, -0.021829692646861076, -0.030223233625292778, 0.061239127069711685, -0.02540595829486847, -0.0028321079444140196, -0.011312701739370823, 0.0018687719712033868, 0.02955370768904686, 0.017198238521814346, -0.0014759780606254935, 0.03921099752187729, 0.023923128843307495, -0.014235969632863998, -0.05154643952846527, 0.040038224309682846, 0.009814760647714138, 0.03484343737363815, -0.009150964207947254, -0.020979702472686768, -0.004827543161809444, -0.010146950371563435, -0.012542066164314747, 0.01913168653845787, 0.006647794041782618, -0.03530486673116684, -0.010175637900829315, -0.003651347942650318, -0.015332436189055443, 0.016925688832998276, 0.02036295458674431, 0.025769643485546112, 0.0032292893156409264, 0.061977569013834, 0.0004509931313805282, 0.0284702368080616, -0.008172532543540001, 0.014763644896447659, 0.05253412202000618, 0.015706030651926994, 0.0318337120115757, 0.008796598762273788, 0.03236888349056244, -0.012044547125697136, -0.052529118955135345, -0.05058563873171806, 0.022639386355876923, 0.019879721105098724, 0.02617957629263401, -0.01813824102282524, -0.06360697746276855, 0.024125859141349792, 0.024995528161525726, 0.0042310976423323154, -0.050659582018852234, 0.04169980809092522, -0.04926662519574165, 0.03177545592188835, -0.03865642845630646, -0.005094500724226236, -0.0035241548903286457, 0.00717359222471714, 0.01305031031370163, -5.2970194701629225e-06, -0.010565068572759628, 0.00445197569206357, -0.025607464835047722, -0.030495787039399147, -0.014435955323278904, 0.018659818917512894, 0.017834791913628578, -0.031982216984033585, 0.05535128712654114, -0.016426704823970795, -0.03893272951245308, 0.01611201837658882, -0.019719107076525688, 0.038222938776016235, 0.007566747255623341, -0.012714139185845852, -0.0695074275135994, 0.061728231608867645, -0.041672974824905396, 0.009623761288821697, 0.0016746916808187962, -0.0008436365751549602, 0.028853360563516617, 0.06585360318422318, 0.007391660008579493, 0.06641029566526413, -0.014949684962630272, -0.0429559201002121, 0.037782251834869385, 0.024725710973143578, 0.026930712163448334, -0.012287118472158909, 0.0008966022869572043, -1.1916334187844768e-05, -0.016561359167099, -0.02197745256125927, 0.021648235619068146, -0.013778110034763813, -0.0025717532262206078, 0.0525263249874115, 0.033802617341279984, 0.020053572952747345, -0.01432462316006422, 0.05526655167341232, 0.039233166724443436, -0.0016535420436412096, -0.0003704747068695724, -0.015659376978874207, 0.021155238151550293, 0.01824602484703064, 0.030086271464824677, -0.025552555918693542, -0.00664398493245244, 0.03176995739340782, -0.06089239940047264, 0.0071520754136145115, -0.028772713616490364, 0.020096555352211, -0.03329012170433998, -0.023206336423754692, 0.005413124803453684, -0.019471758976578712, 0.025214239954948425, -0.003842357313260436, 0.00978693924844265, -0.018894974142313004, -0.036017078906297684, -0.0058824908919632435, 0.02123802714049816, -0.001577661489136517, -0.01963271200656891, -0.004074369557201862, 0.03050834871828556, 0.05462421849370003, 0.013087725266814232, 0.014012277126312256, -0.0013269876362755895, -0.010740358382463455, -0.0005617406568489969, 0.015050793066620827, -0.027508890256285667, 0.08814592659473419, -0.005319580435752869, 0.02157832495868206, 0.00734582869336009, 0.0006893188692629337, 0.03401089832186699, -0.034242868423461914, -0.0348704494535923, 0.013850131072103977, -0.0318104587495327, -0.04079565405845642, -0.011362558230757713, 0.039949189871549606, 0.02474295161664486, -0.03899674117565155, -0.04888349026441574, 0.056994467973709106, 0.019220681861042976, -0.00728233065456152, -0.003658898174762726, 0.026552537456154823, 0.008715139701962471, -0.03354157879948616, -0.025407597422599792, -0.05739324167370796, -0.03080153837800026, 0.03203178197145462, 0.03567587956786156, -0.049511443823575974, -0.0024734744802117348, -0.009905235841870308, -0.010860228911042213, -0.058413293212652206, -0.0012645683018490672, 0.012210757471621037, 0.006037232931703329, -0.03498462587594986, 0.02726869471371174, -0.014817728661000729, 0.03020152822136879, -0.007770885247737169, 0.005425949580967426, -0.0012614158913493156, -0.03546607494354248, 0.0746452659368515, 0.010618877597153187, -0.019743457436561584, 0.032490815967321396, 0.02573402412235737, 0.0063156550750136375, 0.05326877161860466, -0.025410430505871773, -0.04459041729569435, -0.025299694389104843, 0.014414552599191666, 0.01660594344139099, 0.009695973247289658, 0.03494168445467949, 0.026489807292819023, -0.003877149196341634, 0.0025954614393413067, -0.01911475881934166, -0.0063435714691877365, -0.13762956857681274, -0.0058525316417217255, 0.05018031224608421, 0.0039149085059762, -0.0016952771693468094, 0.022269122302532196, -0.0020699116867035627, -0.06421953439712524, -0.028636278584599495, 0.006965296808630228, 0.020421182736754417, -0.033270008862018585, -0.047181159257888794, 0.00023054632765706629, 0.012229233048856258, 0.019407669082283974, 0.02067445032298565, 0.018783733248710632, -0.037930913269519806, -0.007387362886220217, 0.00034144692472182214, -0.00917351245880127, 0.019459504634141922, 0.043300971388816833, -0.03592929616570473, -0.00962167140096426, 0.06633451581001282, 0.015125706791877747, -0.019382761791348457, 0.029383135959506035, -0.028445614501833916, -0.024133283644914627, 0.004068021196871996, 0.0014707715017721057, -0.021189965307712555, 0.0282303299754858, 0.02878863550722599, 0.026986001059412956, -0.0074666645377874374, 0.025945819914340973, -0.006970575544983149, 0.058610282838344574, -0.026439625769853592, 0.0040292697958648205, -0.022668367251753807, 0.021106751635670662, 0.023464126512408257, -0.022677384316921234, -0.02700141817331314, -0.01702164299786091, 0.06069313362240791, -0.015139570459723473, -0.011385440826416016, -0.039355698972940445, -0.035380925983190536, 0.014569406397640705, 0.004829771351069212, 0.06548920273780823, -0.05268637835979462, 0.012036735191941261, 0.0008766392129473388, 0.02305605262517929, 0.0073377834632992744, -0.00833143386989832, -0.061123400926589966, 0.03393484652042389, 0.0777270495891571, -0.0014753635041415691, 0.05062152445316315, 0.00996590219438076, -0.01557767391204834, -0.009905898943543434, 0.02556184120476246, 0.0025731998030096292, -0.04342515021562576, 0.03022191859781742, -0.012795577757060528, -0.013813084922730923, 0.013704300858080387, -0.0979829952120781, 0.01681159995496273, -0.028854358941316605, 0.01665952429175377, 0.004664380569010973, -0.015542096458375454, -0.019836867228150368, 0.02602272666990757, -0.009008576162159443, 0.010442391037940979, 0.23509448766708374, 0.04654074087738991, -0.06434948742389679, 0.05144469439983368, 0.04682664945721626, -0.0357307530939579, -0.010163161903619766, 0.02076071687042713, 0.015566704794764519, -0.025585483759641647, -0.025477811694145203, 0.022743862122297287, -0.011443262919783592, -0.03448178246617317, 0.005136721767485142, 0.03560078516602516, -0.0480852909386158, 0.041169654577970505, 0.02141278050839901, -0.012807458639144897, -0.003994894679635763, -0.02245156839489937, 0.028345340862870216, 0.026517275720834732, -0.06667385995388031, 0.0001260091521544382, -0.006218458525836468, -0.005394419655203819, -0.0177250187844038, 0.03264792263507843, -0.058993298560380936, 0.01264093816280365, 0.057826921343803406, -0.07158428430557251, -0.022660400718450546, 0.013390631414949894, 0.06025595963001251, -0.029124759137630463, -0.031250517815351486, 0.004486632999032736, 0.01812613569200039, 0.003900960786268115, -0.05777379870414734, 0.04108660668134689, 0.030260737985372543, -0.04531404748558998, -0.006341991480439901, -0.04988568648695946, 0.028236662968993187, -0.06375584751367569, -0.014949127100408077, -0.03471639007329941, -0.03593740239739418, -0.017026212066411972, 0.010190644301474094, 0.007759943604469299, -0.00965793151408434, 0.01024672668427229, 0.0020119992550462484, 0.011587195098400116, -0.010487113147974014, -0.00028443208429962397, -0.06769578903913498, -0.0102308364585042, -0.04546556994318962, -0.026877492666244507, -0.006909331772476435, 0.017096733674407005, 0.007304659578949213, 0.00963588710874319, 0.009498612955212593, -0.0008150840294547379, 0.024021532386541367, 0.03493018075823784, 0.03255240619182587, -0.04544641077518463, 0.03972892090678215, 0.057613175362348557, -0.03420430049300194, 0.019184544682502747, -0.0007318450952880085, 0.029861919581890106, -0.0260454211384058, 0.04330188035964966, 0.03836505115032196, -0.004750324413180351, 0.019066767767071724, 0.04077551141381264, -0.02418852411210537, 0.016944706439971924, 0.006875207182019949, 0.0005276825395412743, 0.01218322291970253, 0.057470016181468964, -0.0022307017352432013, 0.008913719095289707, -0.07919671386480331, -0.04284590482711792, 0.03003266267478466, -0.0036107180640101433, -0.04949381202459335, -0.01844245009124279, -0.07456275075674057, -0.009398229420185089, 0.0039806002750992775, -0.022696612402796745, 0.04702679067850113, -0.04936091974377632, 0.005040401127189398, -0.011870489455759525, -0.045375414192676544, 0.012718196026980877, 0.003047072794288397, -0.04043901339173317, -0.011982409283518791, 0.038218382745981216, -0.002133975038304925, -0.01315214391797781, -0.005405457224696875, 0.0067779142409563065, 4.44066317868419e-05, -0.0506264790892601, -0.0058165607042610645, 0.024809924885630608, -0.0033118787687271833, -0.0404384545981884, -0.023335086181759834, -0.025571243837475777, -0.03659825772047043, 0.008171872235834599, 0.03385322913527489, -0.034891482442617416, -0.03521870821714401, 0.05059722438454628, 0.04481981694698334, 0.05659428611397743, -0.008302322588860989, -0.005941807292401791, 0.004263606388121843, 0.047583628445863724, -0.02021123096346855, 0.022905683144927025, 0.04326317086815834, -0.0025066430680453777, 0.03985452651977539, 0.014854427427053452, -0.0019974703900516033, 0.024902163073420525, 0.02292783372104168, 0.0033643741626292467, 0.08902659267187119, 0.008275950327515602, 0.007382465526461601, 0.0037762171123176813, 0.013598318211734295, -0.017703406512737274, -0.0019728660117834806, 0.0175614170730114, 0.027458928525447845, -0.0047629293985664845, 0.0004500006325542927, -0.01878087967634201, 0.021281836554408073, 0.03429087996482849, 0.013320228084921837, -0.024048907682299614, -0.025979550555348396, 0.029252609238028526, -0.009071046486496925, 0.027418212965130806, 0.029899373650550842, -0.022788751870393753, -0.062296800315380096, 0.0331021323800087, -0.0114744259044528, 0.037325382232666016, 0.00656331330537796, -0.04396732896566391, -0.021942056715488434, 0.030373817309737206, 0.025076748803257942, -0.0005866687861271203, -0.031909648329019547, -0.01002706028521061, 0.0031893285922706127, -0.0009405372547917068, -0.027139222249388695, 0.008798690512776375, 0.014514178037643433, -0.034573011100292206, -0.013897817581892014, 0.10125381499528885, -0.010039083659648895, -0.014258467592298985, 0.024502715095877647, 0.01395067386329174, 0.05564999580383301, 0.05034615099430084, -0.013547497801482677, 0.018693409860134125, 0.011370177380740643, -0.029909629374742508, 0.013808184303343296, 0.009012790396809578, 0.0008159016724675894, -0.020310411229729652, -0.005765428300946951, -0.01541613508015871, -0.044092752039432526, -0.0048446268774569035, -0.02382560819387436, 0.01662362553179264, -0.04670262709259987, 0.027208684012293816, 0.03984735161066055, -0.042885612696409225, 0.05801429599523544, 0.045939233154058456, 0.00763363903388381, -0.019304458051919937, -0.07007582485675812, 0.0007926810067147017, -0.018846526741981506, -0.00653632590547204, -0.04410674795508385, -0.016101796180009842, 0.01775660365819931, -0.01610243134200573, -0.019765635952353477, 0.016108058393001556, -0.00046335256774909794, 0.042747292667627335, 4.90712009195704e-05, -0.01811378076672554, 0.04300715774297714, 0.021687263622879982, 0.02702253684401512, 0.008848417550325394, -0.0037130333948880434, -0.003736240789294243, -0.03051021881401539, -0.018815146759152412, 0.03143036365509033, 0.008744151331484318, 0.008626420982182026, -0.01551690511405468, -0.0882716104388237, -0.04696667939424515, 0.0006889637443237007, 0.040868572890758514, -0.01028505340218544, 0.06920016556978226, 0.0013195374049246311, -0.007674118969589472, 0.021093720570206642, 0.004242022056132555, -0.03061573952436447, 0.00879424624145031, -0.018994878977537155, 0.01654401235282421, -0.0035425827372819185, -0.014168042689561844, 0.025980036705732346, -0.017387233674526215, 0.03864617273211479, -0.08350878208875656, 0.02426372654736042, -0.013208163902163506, 0.02122778631746769, -0.013256913982331753, -0.027769606560468674, 0.02660571038722992, -0.008735427632927895, 0.011085478588938713, -0.015862947329878807, 0.008970794267952442, -0.03404717519879341, 0.0047515807673335075, 0.009824742563068867, -0.03089679591357708, -0.032806772738695145, -0.037079017609357834, -0.037626318633556366, -0.01535084843635559, -0.021610744297504425, 0.031135765835642815, 0.04451397806406021, -0.019952647387981415, 0.022164128720760345, -0.01912838965654373, -0.008476762101054192, -0.007476666942238808, -0.01504592690616846, 0.019952870905399323, -0.031104356050491333, 0.004585886839777231, 0.0026093809865415096, 0.05860515683889389, 0.016930464655160904, 0.02109743282198906, 0.025940347462892532, 0.019253859296441078, 0.012914566323161125, -0.01808995008468628, -0.04586504399776459, 0.019909050315618515, -0.039739616215229034, 0.027700209990143776, 0.041888851672410965, -0.027247421443462372, 0.007641874253749847, -0.04709495231509209, 0.0006108507513999939, 0.029304590076208115, 0.05208229646086693, -0.012662260793149471, 0.03235349804162979, -0.001868736231699586, 0.01914818398654461, 0.02912737987935543, 0.009272550232708454, -0.03158901631832123, -0.020037509500980377, -0.018600866198539734, -0.034527696669101715, 0.000255220802500844, 0.008880333043634892, 0.00269134109839797, -0.02825525775551796, -0.002389832865446806, -0.019083335995674133, 0.01537476759403944, -0.0014432843308895826, -0.01712758280336857, 0.026197463274002075, -0.0007823269115760922, 0.020289473235607147, -0.04363981634378433, 0.0003703678958117962, 0.013664758764207363, 0.03629199042916298, -0.024849535897374153, 0.025676898658275604, -0.02355104498565197, 0.02417720854282379, 0.0031817674171179533, -0.0028889933601021767, 0.049696411937475204, 0.01793721690773964, -0.004399001598358154, 0.0038850021082907915, 0.010011439211666584, 0.008561142720282078, -0.010122091509401798, -0.008965931832790375, -0.028555165976285934, -0.015412859618663788, 0.02615351788699627, 0.02676636166870594, 0.058085713535547256, -0.02507558837532997, -0.007433110382407904, -0.03301253542304039, -0.02040264755487442, 0.03217466548085213, -0.0024988760706037283, 0.017840184271335602, 0.020324140787124634, -0.010012279264628887, 0.031546562910079956, 0.02160644717514515, 0.009079371578991413, 0.012456743977963924, -0.012387915514409542, 0.011567346751689911, 0.034713082015514374, -0.03117373026907444, 0.029739178717136383, -0.0043854196555912495, -0.016775038093328476, -0.013040690682828426, -0.0448438934981823, -0.010973457247018814, 0.024349980056285858, 0.002424294827505946, 0.012932547368109226, -0.0010152149479836226, -0.0020759806502610445, -0.03360479697585106, 0.014917782507836819, -0.032263364642858505, -0.01128957886248827, -0.049242470413446426, 0.044079724699258804, -0.11802313476800919, 0.02290061116218567, -0.02584677003324032, -0.020277319476008415, -0.012767978943884373, 0.012197991833090782, -0.008549429476261139, -0.0845058262348175, 0.03291429951786995, -0.06546708196401596, -0.04212300479412079, -0.015675123780965805, -0.010448486544191837, 0.007361175026744604, 0.008628503419458866, 0.041798416525125504, 0.013051538728177547, -0.04138275980949402, -0.017424706369638443, -0.025978583842515945, -0.0010649965843185782, -0.001322507276199758, 0.04549774155020714, -0.02255619317293167, -0.03451969847083092, -0.046285174787044525, 0.04573509097099304, -0.015449213795363903, -0.029482470825314522, -0.03976646065711975, -0.04565153643488884, -0.055009715259075165, 0.017522862181067467, 0.032136816531419754, -0.02679968625307083, -0.02614307962357998, 0.024164393544197083, 0.013349201530218124, 0.007232103496789932, -0.003366993274539709, 0.008173353038728237, 0.027150645852088928, -0.015936657786369324, 0.04198022186756134, 0.047203533351421356, 0.027109874412417412, -0.01547966804355383, -0.043044429272413254, -0.00106034055352211, 0.007351183332502842, -0.03263518214225769, 0.06184155121445656, -0.013630720786750317, 0.029565202072262764, 0.0025846557691693306, 0.0009916003327816725, -0.03725740686058998, 0.010963967069983482, -0.002171726431697607, 0.022206543013453484, -0.03778454288840294, 0.0017785100499168038, -0.038469813764095306, -0.05301537364721298, -0.019587917253375053, 0.041359320282936096, -0.024757402017712593, 0.039245087653398514, -0.008549977093935013, -0.01916736178100109, -0.011601579375565052, -0.010993657633662224, -0.0030899117700755596, 0.040561869740486145, -0.004915140103548765, -0.05401037260890007, 0.02032691426575184, -0.05924316868185997, -0.037553299218416214, 0.029499145224690437, -0.025302184745669365, -0.03557511791586876, -0.10235980898141861, -0.008872332982718945, 0.06841837614774704, 0.03450048714876175, 0.009661725722253323, 0.007164260372519493, 0.030292166396975517, 0.013267343863844872, -0.042332228273153305, 0.0157876368612051, -0.0158365610986948, 0.017226269468665123, 0.0038987810257822275, -0.015114016830921173, -0.012345436960458755, -0.0070427111349999905, 0.0027833366766572, -0.0893549695611, 0.05070861428976059, -0.024228207767009735, -0.0018039369024336338, 0.050647515803575516, -0.04305771365761757, -0.0019905250519514084, 0.007282542064785957, 0.049427878111600876, -0.004813552368432283, -0.021077264100313187, -0.09615170955657959, -0.002177766291424632, -0.01247002650052309, 0.0049849315546453, -0.008698636665940285, 0.005025868769735098, -0.010514126159250736, -0.01368514634668827, 0.023040836676955223, -0.027944790199398994, -0.028947899118065834, -0.0028919291216880083, 0.01923380419611931, -0.005928365979343653, -0.0019290857017040253, 0.032005425542593, 0.050046198070049286, 0.008562195114791393, -0.011555708944797516, -0.01337056141346693, 0.010173485614359379, -0.03161377087235451, 0.023516373708844185, 0.027635278180241585, 0.0026190297212451696, 0.016014594584703445, -0.030481072142720222, 0.02998070791363716, -0.04856433346867561, -0.027286214753985405, -0.003733385819941759, -0.01214007567614317, 0.012651104480028152, -0.03800373151898384, 0.04862445592880249, 0.003114057006314397, 0.03183145076036453, 0.021256040781736374, -0.022309644147753716, -0.009383819065988064, 0.001932905288413167, 0.0024803713895380497, -0.02350565604865551, 0.02294320799410343, 0.0005585860926657915, -0.018250279128551483, -0.05172354355454445, -0.025021137669682503, -0.031518395990133286, 0.011667334474623203, -0.01734236255288124, -0.01807834394276142, 0.001367758959531784, 0.029956921935081482, 0.022783124819397926, 0.02966397814452648, -0.01902744546532631, 0.005133504513651133, -0.007868083193898201, -0.00019786729535553604, 0.025776980444788933, 0.07908863574266434, -0.04127192497253418, -0.005845802836120129, 0.04204830527305603, -0.05690821632742882, 0.029317805543541908, 0.014670107513666153, -0.01632518693804741, -0.02516140602529049, -0.01172692235559225, 0.009374006651341915, 0.03711305558681488, 0.014078767970204353, -0.030009550973773003, 0.0020971689373254776, 0.014354691840708256, -0.012595883570611477, -0.016908036544919014, -0.0017556549282744527, -0.04819256439805031, -0.009895345196127892, -0.04155578836798668, 0.012083783745765686, 0.04271421954035759, -0.02123016119003296, -0.013144433498382568, 0.0018245328683406115, -0.0069632502272725105, 0.08710537105798721, 0.03523724526166916, -0.007531781680881977, -0.020376408472657204, -0.01859968714416027, 0.02308148518204689, -0.01626286469399929, -0.012438507750630379, 0.012490220367908478, 0.02085278183221817, 0.06409410387277603, 0.022389663383364677, -0.00020814654999412596, -0.020647935569286346, 0.02669873647391796, -0.02440527454018593, -0.07207249104976654, -0.011767087504267693, -0.011006671003997326, 0.005121555179357529, 0.001018846989609301, 0.02632838860154152, -0.013027031905949116, 0.01676926761865616, -0.004750099498778582, -0.0642828643321991, -0.018098602071404457, -0.03795590251684189, 0.0374910943210125, 0.04151439294219017, 0.006129486486315727, -0.07043670862913132, -0.04158534109592438, 0.009240138344466686, 0.01731446199119091, -0.025244969874620438, 0.038825295865535736, 0.029755080118775368, 0.02734764665365219, -0.02921251393854618, 0.0012539024464786053, 0.002700398676097393, -0.02431703545153141, 0.015129974111914635, -0.009826830588281155]",,
15_1_0_errors_non_dynamic_getstaticpaths_usage_mdx_section_1,section,15_1_0_errors_non_dynamic_getstaticpaths_usage_mdx,`getStaticPaths` Used on Non-Dynamic Page - Why This Error Occurred,,{},15.1.0,"On a non-dynamic SSG page `` was incorrectly exported as this can only be used on dynamic pages to return the paths to prerender.
",,"[(np.int64(7), np.float64(0.1380043923854828)), (np.int64(345), np.float64(0.07690972089767456)), (np.int64(397), np.float64(0.023304931819438934)), (np.int64(683), np.float64(0.18846410512924194)), (np.int64(1771), np.float64(0.13824518024921417)), (np.int64(3293), np.float64(0.09051453322172165)), (np.int64(3775), np.float64(0.15778899192810059)), (np.int64(3794), np.float64(0.13625146448612213)), (np.int64(5281), np.float64(0.06998152285814285)), (np.int64(10519), np.float64(0.26755791902542114)), (np.int64(14231), np.float64(0.2035089135169983)), (np.int64(21068), np.float64(0.11393146216869354)), (np.int64(29673), np.float64(0.1389448046684265)), (np.int64(44084), np.float64(0.06036654859781265)), (np.int64(64240), np.float64(0.05690201744437218)), (np.int64(135206), np.float64(0.2089754045009613)), (np.int64(212059), np.float64(0.23603159189224243))]","[-0.039542555809020996, -0.009135820902884007, -0.03644511476159096, 0.006094447802752256, -0.018456047400832176, -0.03275831788778305, 0.038544073700904846, 0.008361323736608028, -0.0292909387499094, 0.04957291856408119, 0.028607560321688652, 0.02254520170390606, 0.001384758623316884, -0.004770148545503616, 0.01593153178691864, 0.042701948434114456, 0.02068442851305008, 0.013245116919279099, -0.008231371641159058, 0.019430655986070633, -0.026576140895485878, -0.0027812724001705647, 0.021067362278699875, 0.026013296097517014, -0.026283307000994682, 0.0113291684538126, 0.012166331522166729, 0.025660568848252296, 0.030357392504811287, -0.0005804053507745266, 0.012387092225253582, 0.04135846719145775, -0.03087613545358181, 0.008567145094275475, -0.06454145163297653, 0.0044407411478459835, -0.05970297381281853, 0.015504645183682442, -0.024232646450400352, -0.004620651248842478, -0.035007018595933914, -0.023167839273810387, 0.01901302859187126, -0.06804715842008591, -0.008543223142623901, -0.019940398633480072, 0.008459585718810558, -0.037098150700330734, 0.017313795164227486, -0.0037975776940584183, -0.025441201403737068, -0.010686390101909637, 0.019041234627366066, -0.06833598017692566, 0.012407686561346054, 0.021624654531478882, -0.041135724633932114, -0.003603053977712989, -0.020941924303770065, 0.06445810198783875, -0.012276030145585537, -0.02317296713590622, -0.010255185887217522, -0.021545102819800377, -0.012889531441032887, 0.05086624622344971, 0.017343230545520782, 0.014683105051517487, -0.02332041785120964, -0.0010638275416567922, 0.00363687751814723, 0.008987675420939922, -0.05306365340948105, -0.027253873646259308, -0.03181620314717293, 0.036466050893068314, 0.04329795762896538, -0.033503562211990356, 0.028632016852498055, 0.00463106669485569, 0.03447515517473221, 0.02553919516503811, -0.007072038017213345, 0.02100214548408985, 0.01985456980764866, 0.03970513865351677, -0.035609081387519836, 0.012411043047904968, 0.026731939986348152, -0.009257477708160877, -0.026595814153552055, -0.014672346413135529, 0.06042861193418503, -0.019867101684212685, -0.02923511527478695, -0.027598315849900246, 0.008232743479311466, 0.028558529913425446, -0.007652891334146261, 0.026809094473719597, 0.05812249705195427, 0.03547348454594612, -0.024487091228365898, -0.04607395455241203, 0.03901761397719383, 0.0006927176145836711, 0.016872931271791458, 0.004116537515074015, -0.009161186404526234, 0.009621158242225647, 0.007282744627445936, 0.013956247828900814, 0.02361871488392353, 0.023799607530236244, -0.03729354962706566, -0.015752458944916725, -0.010965554043650627, 0.006490706000477076, 0.017064031213521957, -0.004668674431741238, 0.013202568516135216, 0.0061250408180058, 0.05131999030709267, -0.022525781765580177, 0.052956923842430115, -0.021412067115306854, -0.008943338878452778, 0.05102498456835747, -0.02240016497671604, 0.033663831651210785, 0.01277084182947874, 0.025355186313390732, -0.006141426041722298, -0.0801996961236, -0.036705709993839264, 0.0037473589181900024, 0.01445646770298481, -0.002375982468947768, 0.023135285824537277, -0.04930867627263069, 0.012019402347505093, 0.0014423056272789836, 0.030620459467172623, -0.04606187716126442, 0.01133791171014309, -0.035780202597379684, 0.01694796234369278, -0.015252046287059784, 0.016876570880413055, -0.017984531819820404, 0.0003156879101879895, 0.03109954670071602, 0.019449615851044655, -0.012208018451929092, 0.03937813267111778, -0.056989289820194244, -0.011168396100401878, 0.008415190503001213, 0.0034194595646113157, 0.036721356213092804, -0.03858456015586853, 0.04082692787051201, -0.02596193738281727, -0.01500672660768032, 0.026853078976273537, -0.022791419178247452, 0.03708239272236824, 0.02962733432650566, -0.013943236321210861, -0.07815083116292953, 0.04826192185282707, -0.03377047926187515, 0.009170549921691418, 0.00045453073107637465, 0.025539208203554153, 0.04714672267436981, 0.06307059526443481, -0.003822017228230834, 0.02109944261610508, -0.01534162275493145, -0.0353681780397892, 0.03411709889769554, 0.0019454623106867075, 0.04954570531845093, -0.028669610619544983, 0.011859387159347534, 0.011186099611222744, -0.0038112702313810587, -0.0033562311436980963, 0.03857577219605446, -0.010904780589044094, -0.009136050939559937, 0.019713910296559334, 0.06730840355157852, 0.029831554740667343, -0.007271280512213707, 0.041847679764032364, 0.0017204676987603307, -0.016093431040644646, -0.001516660675406456, 0.007611651439219713, 0.029440542683005333, 0.016099056228995323, 0.013346247375011444, -0.021773844957351685, -0.006511013954877853, -0.0014884223928675056, -0.04095892608165741, -0.004856787156313658, -0.029130209237337112, 0.02428760938346386, -0.01828034222126007, -0.006819703616201878, 0.007860112935304642, -0.01691429503262043, 0.0001810360699892044, -0.001458477578125894, 0.0028818815480917692, -0.02360638976097107, -0.06928988546133041, -0.008089396171271801, -0.00469827838242054, 0.027092345058918, 0.005771420896053314, -0.0068485327064991, 0.044040072709321976, 0.042919088155031204, 0.035109616816043854, 0.041456785053014755, 0.0032609503250569105, 0.032913774251937866, -0.011553245596587658, 0.011674648150801659, -0.0172075554728508, 0.07150238007307053, 0.015021027065813541, -0.033913787454366684, 0.04707017540931702, 0.006604101974517107, 0.025109704583883286, -0.026944320648908615, -0.042579226195812225, 0.012847799807786942, -0.023906247690320015, -0.040065471082925797, -0.0029963168781250715, 0.02631107158958912, 0.032106731086969376, -0.02581922523677349, -0.03266344219446182, 0.061797186732292175, 0.056118324398994446, 0.008862069807946682, -0.004427190404385328, 0.03048551455140114, 0.02358279377222061, -0.020027194172143936, -0.006259102839976549, -0.030156753957271576, -0.047388412058353424, 0.030568504706025124, 0.05470149591565132, -0.019657110795378685, 0.007480275817215443, -0.00677179079502821, -0.006909240037202835, -0.07357624918222427, 0.03739996254444122, 0.021754946559667587, 0.014441167935729027, -0.030553733929991722, -0.006225727964192629, -0.025836607441306114, 0.01473117433488369, 0.008828433230519295, 0.02977849915623665, -0.013101343996822834, -0.0357610359787941, 0.09872347116470337, 0.01081178244203329, -0.005219177808612585, 0.03895300626754761, 0.04458324611186981, -0.019803402945399284, 0.05084017664194107, -0.03604542836546898, -0.054103150963783264, -0.016674762591719627, -0.04967867210507393, 0.008167950436472893, 0.0025248664896935225, 0.021247219294309616, 0.04140956699848175, 0.0045731752179563046, -0.03222949802875519, -0.04324072599411011, -0.017713909968733788, -0.14010073244571686, -0.004690988454967737, 0.027934081852436066, 6.147171916381922e-06, 0.018376782536506653, 0.008730724453926086, 0.010493203997612, -0.05179176852107048, -0.024818750098347664, -0.0014344309456646442, 0.01275371853262186, -0.049618516117334366, -0.03979538753628731, -0.019204452633857727, 0.026153283193707466, 0.039031628519296646, 0.023498544469475746, 0.007034150883555412, -0.0063617536798119545, -0.0017651492962613702, 0.00355501938611269, -0.02623264119029045, -0.009472547098994255, 0.051514770835638046, -0.017201775684952736, -0.024429302662611008, 0.0662258043885231, -0.023108448833227158, -0.059799522161483765, 0.01834445260465145, -0.05098915845155716, 0.02262604795396328, -0.00828542560338974, 0.010773804038763046, -0.04087677225470543, 0.034834761172533035, 0.027814120054244995, -0.003009483451023698, -0.010163397528231144, -0.0016179161611944437, -0.0017739100148901343, 0.033723633736371994, -0.02240549400448799, 0.024739593267440796, -0.012019087560474873, -0.03132995218038559, 0.014973918907344341, -0.052325885742902756, -0.033178046345710754, -0.001988909672945738, 0.07831630110740662, -0.04306754469871521, -0.012520203366875648, -0.03679434955120087, -0.039218608289957047, 0.019472451880574226, 0.013868069276213646, 0.024340499192476273, -0.04118736460804939, 0.04924571514129639, -0.011318515054881573, 0.010272481478750706, -0.022853044793009758, -0.015650508925318718, -0.062032658606767654, 0.024532202631235123, 0.07445024698972702, -0.018675366416573524, 0.05010134354233742, 0.01352922897785902, -0.016028212383389473, 0.032736945897340775, 0.020969953387975693, -0.013944595120847225, -0.0661906898021698, 0.011004881002008915, -0.021021494641900063, -0.005973710212856531, 0.012224663980305195, -0.1189441978931427, 0.0224089864641428, -0.02720385231077671, 0.021033935248851776, 0.02482750080525875, -0.0030319339130073786, -0.022282078862190247, 0.020468149334192276, -0.02703998237848282, 0.0035833960864692926, 0.23046773672103882, 0.059979382902383804, -0.04759597405791283, 0.05991514027118683, 0.0084896394982934, -0.010015012696385384, 0.021245330572128296, 0.019699659198522568, -0.009063937701284885, -0.038717493414878845, -0.028720734640955925, 0.020572641864418983, -0.017452560365200043, -0.03070511855185032, -0.016162335872650146, 0.0041643246077001095, -0.06045611575245857, 0.026389259845018387, 0.0549604631960392, -0.024890629574656487, 0.015561477281153202, -0.01762315072119236, 0.01960163190960884, 0.03826134279370308, -0.06871140748262405, 0.017175786197185516, -0.018146473914384842, -0.004648715257644653, -0.008181857876479626, 0.03449895605444908, -0.035863909870386124, 0.01860441267490387, 0.06959222257137299, -0.06177293509244919, -0.030077924951910973, -0.010712009854614735, 0.060049448162317276, -0.03032907098531723, -0.05695721507072449, -0.02593417465686798, -0.0057160379365086555, 0.001811706693843007, -0.041674669831991196, 0.0165040772408247, 0.000742678705137223, -0.050412617623806, -0.0006897961138747633, -0.061221230775117874, -0.005054442677646875, -0.01597459986805916, -0.014340915717184544, -0.0521320104598999, -0.017166519537568092, -0.04496282711625099, 0.03538201376795769, -0.004979381337761879, 0.00597158120945096, 0.049508314579725266, -0.008918959647417068, 0.04568595439195633, 0.0059530409052968025, 0.01595519855618477, -0.08155018836259842, -0.002573549747467041, -0.03450294956564903, 0.006615376099944115, 0.01336311362683773, -0.015533710829913616, 0.047535043209791183, 0.03995552286505699, 0.002964962273836136, 0.011004060506820679, 0.013556371442973614, 0.05261434614658356, 0.03568781539797783, -0.04520544782280922, 0.012414725497364998, 0.020808054134249687, -0.02952743135392666, 0.026508469134569168, 0.005148549564182758, 0.005929911509156227, -0.019427962601184845, 0.03853841498494148, 0.02439986728131771, -0.029859598726034164, -0.001341574010439217, 0.026246458292007446, -0.018907610327005386, 0.009133233688771725, 0.006494258064776659, -0.010555213317275047, 0.016562683507800102, 0.06052326038479805, -0.02388453111052513, -0.018498152494430542, -0.041754208505153656, -0.008074162527918816, 0.02859031781554222, -0.021978303790092468, -0.0358087532222271, -0.032810457050800323, -0.038126278668642044, -0.01788811944425106, 0.00677150534465909, -0.008397144265472889, 0.02853826805949211, -0.056827906519174576, -0.008838493376970291, -0.013395826332271099, -0.03995951637625694, 0.017348015680909157, -0.029947176575660706, -0.003214864293113351, 0.04454101622104645, 0.04510768502950668, -0.012706615962088108, 0.003134900936856866, 0.015029517002403736, 0.015144475735723972, -0.033150866627693176, -0.04901978000998497, 0.017797423526644707, 0.040383897721767426, -0.027509821578860283, -0.053255800157785416, -0.017721427604556084, -0.015280003659427166, -0.021018484607338905, -0.0003202245570719242, 0.018141768872737885, -0.024714715778827667, -0.04825092852115631, 0.01745927706360817, 0.04249344393610954, 0.030541526153683662, 0.013048824854195118, -0.005712135229259729, -0.014065955765545368, 0.01655668206512928, -0.005385024473071098, 0.018823236227035522, 0.04069172218441963, -0.009952216409146786, 0.017889194190502167, 0.0003108602832071483, -0.01063965167850256, 0.017634188756346703, 0.021173736080527306, 0.0073285819962620735, 0.07607873529195786, 0.03858790919184685, -0.012332162819802761, -0.02600504271686077, -0.007874574512243271, -0.017865987494587898, -0.014240166172385216, 0.04699898511171341, 0.010180801153182983, -0.012933164834976196, -0.018071189522743225, -0.010160590521991253, 0.04113607481122017, 0.014007139950990677, 0.025020767003297806, 0.015762915834784508, -0.022463014349341393, 0.019795510917901993, -0.009890074841678143, 0.0166572704911232, 0.040693916380405426, -0.015394573099911213, -0.049613818526268005, 0.0273202545940876, 0.014916572719812393, 0.006552771665155888, -0.002288900315761566, -0.049287352710962296, -0.003044090000912547, -0.013790056109428406, 0.01701776124536991, 0.008888361044228077, -0.03746143355965614, 0.002335581462830305, 0.010904337279498577, 0.01319890096783638, -0.020569877699017525, 0.0035369626712054014, 0.011069108732044697, -0.04098352789878845, -0.00023678959405515343, 0.10581015050411224, 0.0011368507985025644, -0.014659824781119823, 0.023397406563162804, 0.00126015639398247, 0.03660564124584198, 0.03704742342233658, -0.02490672655403614, -0.00040582442306913435, 0.0077116116881370544, -0.032689809799194336, 0.017374403774738312, -0.009241105988621712, -0.010276989080011845, 0.019545093178749084, -0.010484124533832073, -0.019680263474583626, -0.038282640278339386, -0.024794436991214752, 0.0024689945857971907, 0.00100983795709908, -0.06407150626182556, 0.02019418217241764, 0.059501614421606064, -0.02368493191897869, 0.038294751197099686, 0.05211133509874344, 0.009716619737446308, -0.03973152115941048, -0.06633958965539932, 0.014566926285624504, 0.0014183814637362957, -0.03341864421963692, -0.033168524503707886, -0.029519978910684586, 0.014371216297149658, -0.035256993025541306, -0.010975114069879055, -0.005887649487704039, -0.0035396437160670757, 0.034777119755744934, -0.004921681247651577, -0.018298450857400894, 0.011941029690206051, 0.00650924863293767, -0.001280224067158997, 0.015631970018148422, -0.032392002642154694, -0.02797234058380127, -0.04873364791274071, -0.01688658818602562, -0.0009519051527604461, 0.015853827819228172, 0.0002077449025819078, -0.01563236117362976, -0.07186166942119598, -0.06232237070798874, -0.010390224866569042, 0.042560748755931854, -0.04048949107527733, 0.038965851068496704, -0.02983224019408226, -0.022025050595402718, 0.013277563266456127, -0.008375235833227634, 0.0021120687015354633, -0.0011378912022337317, -0.040726691484451294, 0.0034410874359309673, -0.03601747006177902, 0.0041130222380161285, -0.011470871977508068, -0.021426048129796982, 0.01974416710436344, -0.04366616904735565, 0.033498864620923996, -0.016475806012749672, 0.02704095095396042, -0.013759732246398926, -0.004106583539396524, 0.013787834905087948, 0.005749683361500502, -0.030002648010849953, 0.009659148752689362, 0.017993338406085968, -0.04106244817376137, -0.04207708686590195, 0.05296219512820244, -0.02799190580844879, -0.02922583557665348, -0.031821802258491516, -0.02893008477985859, 0.0007293609087355435, -0.029722148552536964, 0.03535366803407669, 0.04508006572723389, -0.016825268045067787, 0.038795728236436844, -0.02523077093064785, 0.019433872774243355, -0.020354827865958214, -0.02064439468085766, 0.037532731890678406, -0.02927263267338276, 0.009725523181259632, 0.032171282917261124, 0.022859077900648117, 0.005362815223634243, -0.015172787010669708, 0.004094662144780159, 0.01401711069047451, 0.010223066434264183, -0.02396981604397297, -0.0495990589261055, 0.040692370384931564, -0.010669052600860596, 0.009274079464375973, 0.022022925317287445, -0.0004968926659785211, 0.013918488286435604, -0.03098047897219658, 0.007905125617980957, 0.01676286570727825, 0.059770189225673676, -0.01642395369708538, 0.024598093703389168, 0.009868458844721317, 0.0007102523231878877, 0.031376954168081284, 0.00668623810634017, -0.026462910696864128, -0.045717064291238785, -0.026424270123243332, -0.04257482290267944, 0.007819942198693752, 0.03072006069123745, -0.0025196541100740433, -0.015389632433652878, -0.026775171980261803, -0.025762978941202164, 0.00251455744728446, 0.0037393623497337103, 0.011413678526878357, 0.064466193318367, -0.009337278082966805, 0.001062943134456873, -0.04657789319753647, 0.02140921726822853, 0.037414468824863434, 0.04198770225048065, -0.03609529882669449, 0.04164065793156624, -0.004690282512456179, -0.009061835706233978, 0.0033125579357147217, -0.008020262233912945, 0.012411539442837238, -0.023312754929065704, -0.013548854738473892, -0.012705679051578045, -0.0022391730453819036, -0.03028734214603901, 0.0012055282713845372, -0.009034907445311546, -0.021126672625541687, 0.017492149025201797, 0.04227718338370323, 0.01793679967522621, 0.013729765079915524, -0.028555365279316902, -0.02632003091275692, -0.05329521745443344, -0.04012216255068779, 0.0391354113817215, -0.012855448760092258, 0.0005042622797191143, 0.036670997738838196, -0.017340825870633125, 0.032804328948259354, 0.008790518157184124, 0.002709684893488884, 0.002529947319999337, -0.00543888658285141, 0.019886448979377747, -0.011967510916292667, -0.043783240020275116, 0.06375070661306381, 0.01734740659594536, -0.011728595942258835, 0.004421399440616369, -0.03668425604701042, -0.004660048056393862, 0.022363170981407166, 0.0032416728790849447, 0.024298297241330147, 0.0075218649581074715, -0.00971396267414093, -0.009889721870422363, 0.022515349090099335, -0.027990249916911125, -0.03657237067818642, -0.06033886596560478, 0.014613472856581211, -0.1296156793832779, 0.038050293922424316, -0.042347509413957596, 0.010653178207576275, -0.014409666880965233, -0.006856091786175966, 0.011475514620542526, -0.06545651704072952, 0.028788208961486816, -0.0767299234867096, -0.053163472563028336, -0.012087569572031498, -0.03057432919740677, -0.0036339168436825275, -0.006098670419305563, 0.01546432264149189, 0.028295285999774933, -0.037184882909059525, 0.006966513115912676, -0.00941622443497181, 0.017863083630800247, -0.022468766197562218, 0.04471271485090256, 0.003814131021499634, -0.01942788064479828, -0.019965240731835365, 0.012293945997953415, 0.005973004270344973, -0.03715047240257263, -0.03479845076799393, -0.016130616888403893, -0.05441423878073692, 0.021586477756500244, 0.031104976311326027, -0.011486134491860867, -0.02863146737217903, 0.011510813608765602, 0.002617918187752366, -0.001569524989463389, -0.023598290979862213, -0.015877800062298775, 0.0323408804833889, -0.02086617983877659, 0.03302675113081932, 0.040910497307777405, 0.05781858041882515, -0.024844394996762276, -0.02821466699242592, -0.0015793509082868695, 0.013999080285429955, -0.04558070749044418, 0.03976045176386833, -0.021110856905579567, 0.014159534126520157, -0.008839920163154602, 0.027152305468916893, -0.03558139130473137, 0.03510548546910286, 0.003879120573401451, 0.04470711201429367, -0.028643876314163208, -0.0068754767999053, -0.037471167743206024, -0.07565994560718536, -0.009057560004293919, 0.04010085389018059, 0.0005687265656888485, 0.015171700157225132, 0.02063167095184326, -0.00691745663061738, -0.023125726729631424, -0.0040493253618478775, 0.00521370954811573, 0.00025236542569473386, -0.0129455691203475, -0.017306163907051086, 0.006168710999190807, -0.01908431202173233, -0.01258687674999237, 0.010534818284213543, 0.0023259848821908236, -0.011582836508750916, -0.087265245616436, -0.006124298088252544, 0.05217398330569267, 0.02566324546933174, 0.0018510549562051892, 0.03350640833377838, 0.04383055865764618, 0.019769400358200073, -0.02721664309501648, 0.023254869505763054, -0.02359486185014248, 0.001722444430924952, -0.029773613438010216, 0.0023348857648670673, -0.018518634140491486, 0.014067698270082474, 0.001199411926791072, -0.046734847128391266, 0.040906649082899094, -0.021501576527953148, 0.009023803286254406, 0.05867849290370941, -0.02859683893620968, 0.017542775720357895, 0.01121592242270708, 0.024462124332785606, -0.014720854349434376, -0.010632894933223724, -0.06757193803787231, -0.011215548031032085, -0.007596623618155718, 0.0009190871496684849, -0.018072377890348434, 0.01857438124716282, 0.01528946217149496, -0.018631353974342346, 0.0032181828282773495, -0.029044564813375473, -0.032744284719228745, -0.046824052929878235, -0.01613112911581993, -0.021438727155327797, -0.034585997462272644, 0.04129980877041817, 0.009583845734596252, 0.028577465564012527, -0.0329383984208107, -0.008019176311790943, 0.03646160289645195, -0.024393919855356216, 0.008094229735434055, 0.046206872910261154, 0.018966805189847946, 0.0020822142250835896, -0.0075301979668438435, 0.028165578842163086, -0.0684833899140358, -0.02310413122177124, -0.003383822273463011, -0.028305266052484512, -0.006406191270798445, -0.04060668498277664, 0.04496076703071594, 0.014498122967779636, 0.027743130922317505, -0.00501362094655633, -0.026408731937408447, -0.0014978181570768356, -0.037652768194675446, 0.005483546759933233, -0.00459864130243659, 0.038380831480026245, 0.018276594579219818, -0.05503690987825394, -0.051306869834661484, -0.013331087306141853, -0.03536757081747055, 0.039910659193992615, -0.020578015595674515, -0.002479623770341277, 0.016267886385321617, 0.014290599152445793, 0.020389217883348465, 0.006296894978731871, 0.00018484365136828274, 0.010724690742790699, 0.002666363026946783, -0.0075571658089756966, 0.03687998279929161, 0.09741765260696411, -0.03490113466978073, -0.02140381932258606, 0.020510565489530563, -0.04517194628715515, 0.03143764287233353, -0.017139730975031853, 0.0038200633134692907, -0.02760474942624569, 0.015806039795279503, 0.022463712841272354, 0.05106619372963905, 0.006640342529863119, -0.006801061797887087, 0.009042421355843544, 0.03468907251954079, 0.003966351039707661, -0.04469813406467438, 0.02117738127708435, -0.039231736212968826, 0.004842324648052454, -0.030289819464087486, 0.0022030817344784737, 0.0472165010869503, 0.0005727428942918777, -0.003414159407839179, -0.006989841349422932, -0.014404023066163063, 0.061417434364557266, 0.040200695395469666, 0.04531388729810715, -0.04334763437509537, -0.008916965685784817, -0.0022373960819095373, -0.013508460484445095, 0.010905302129685879, -0.0050193630158901215, -0.0031724206637591124, 0.0909835547208786, 0.017408229410648346, 0.01195121742784977, -0.008207866922020912, 0.017347661778330803, -0.033499717712402344, -0.05658482760190964, -0.0056384773924946785, -0.019473260268568993, 0.018904680386185646, -0.00940761435776949, 0.01208241656422615, -0.0016921238275244832, 0.027816813439130783, 0.0012589192483574152, -0.06183972954750061, -0.044504258781671524, -0.028352215886116028, 0.037171293050050735, 0.020984837785363197, 0.0189724862575531, -0.0508912019431591, -0.053532619029283524, 0.021423187106847763, 0.03031276725232601, -0.020510468631982803, 0.04936543479561806, 0.043935175985097885, -0.004239691887050867, -0.03707960993051529, 0.015021071769297123, 0.015468050725758076, 2.6223457098240033e-05, -0.005191870965063572, -0.01799091324210167]",,
15_1_0_errors_non_dynamic_getstaticpaths_usage_mdx_section_2,section,15_1_0_errors_non_dynamic_getstaticpaths_usage_mdx,`getStaticPaths` Used on Non-Dynamic Page - Possible Ways to Fix It,,{},15.1.0,"Remove the `` export on the non-dynamic page or rename the page to be a dynamic page.
",,"[(np.int64(7), np.float64(0.13172286748886108)), (np.int64(98), np.float64(0.012789122760295868)), (np.int64(345), np.float64(0.11236710846424103)), (np.int64(397), np.float64(0.009341038763523102)), (np.int64(683), np.float64(0.19260337948799133)), (np.int64(1650), np.float64(0.015666242688894272)), (np.int64(1771), np.float64(0.13538971543312073)), (np.int64(2661), np.float64(0.00534454733133316)), (np.int64(3775), np.float64(0.1534847766160965)), (np.int64(3794), np.float64(0.1453479826450348)), (np.int64(5281), np.float64(0.11341163516044617)), (np.int64(10519), np.float64(0.27134039998054504)), (np.int64(14231), np.float64(0.1938726007938385)), (np.int64(21068), np.float64(0.09280721098184586)), (np.int64(29673), np.float64(0.12362194061279297)), (np.int64(42261), np.float64(0.04155045747756958)), (np.int64(96746), np.float64(0.17260043323040009)), (np.int64(115861), np.float64(0.04877670109272003)), (np.int64(135206), np.float64(0.20898470282554626))]","[-0.0309846643358469, -0.020195098593831062, -0.034333184361457825, 0.02951020374894142, -0.014011315070092678, 0.01176564022898674, 0.02902298979461193, 0.02400241605937481, -0.009167753159999847, 0.02986723557114601, 0.004239385947585106, 0.028270142152905464, -0.0389244370162487, -0.00040995865128934383, -0.02522030472755432, -0.01836877129971981, 0.017248032614588737, 0.0039964704774320126, 0.028032975271344185, 0.06041882187128067, -0.018851300701498985, -0.02443840354681015, 0.00985440518707037, 0.02239023894071579, -0.026220494881272316, 0.01603768579661846, 0.008519275113940239, -0.006988883018493652, 0.049070093780756, -0.009047127328813076, -0.012453307397663593, -0.011897657997906208, -0.052673302590847015, -0.02454734593629837, -0.030106833204627037, 0.021643366664648056, -0.05690346285700798, -0.008658187463879585, -0.04739290848374367, -0.002773497486487031, -0.04438421502709389, -0.005663848482072353, 0.005485702306032181, -0.04232575371861458, 0.034870024770498276, -0.030774442479014397, -0.004097300115972757, -0.018000196665525436, -0.021073712036013603, -0.04331173747777939, -0.020688597112894058, -0.026888860389590263, 0.010366969741880894, -0.0579507015645504, 0.026786047965288162, -0.005343154072761536, -0.032054368406534195, -0.017953431233763695, -0.0430920273065567, -0.0019766860641539097, -0.003586478065699339, -0.024188613519072533, -0.010866407305002213, 0.011286159977316856, 0.0031426986679434776, 0.07463240623474121, 0.02418103814125061, 0.016933515667915344, -0.004415160045027733, -0.03930394724011421, -0.009939969517290592, 0.02147221378982067, -0.06846403330564499, -0.04672110453248024, -0.04343723878264427, 0.026568779721856117, 0.028111865743994713, -0.02267453819513321, 0.02676589973270893, -0.003288664622232318, 0.022228173911571503, 0.025633415207266808, -0.013292479328811169, 0.012804766185581684, 0.004550276789814234, 0.024090683087706566, -0.01072637364268303, 0.016214745119214058, 0.0022885219659656286, -0.0034839261788874865, -0.06578025221824646, -0.040773265063762665, 0.07193491607904434, -0.034191813319921494, -0.02802729606628418, -0.012098760344088078, -0.0012083733454346657, -0.008299213834106922, 0.01912578009068966, -0.04485887661576271, 0.002321199281141162, 0.028193173930048943, -0.013908680528402328, -0.012745576910674572, 0.043075185269117355, -0.014434227719902992, 0.021010465919971466, 0.010074131190776825, 0.02134774997830391, -0.015088974498212337, -0.004759575240314007, 0.01734860986471176, 0.06189544498920441, 0.025742098689079285, -0.01261988840997219, -0.019616223871707916, -0.024614956229925156, -0.01953396201133728, 0.030430566519498825, 0.029006732627749443, 0.024461008608341217, 0.04711075872182846, 0.039128076285123825, -0.007808577734977007, 0.09423279017210007, 0.0577690564095974, 0.02140169031918049, 0.02312949113547802, -0.02348731830716133, 0.03532607853412628, 0.03831017017364502, 0.030791113153100014, -0.0100955655798316, -0.0375642366707325, -0.05167943611741066, 0.011815888807177544, 0.010951466858386993, 0.02152153290808201, 0.003951485268771648, -0.024919191375374794, -0.037236351519823074, -0.012612072750926018, -0.00878708902746439, -0.049312349408864975, -4.882743814960122e-05, -0.04037639871239662, 0.039845481514930725, 0.004989596549421549, -0.008273158222436905, -0.028617460280656815, -0.008169145323336124, 0.06515877693891525, 0.03758293017745018, 0.013226000592112541, 0.007330482825636864, -0.07585174590349197, -0.011302216909825802, 0.028954265639185905, -0.0035205709282308817, -0.03170169144868851, -0.021021844819188118, 0.03039262630045414, -0.04876098409295082, -0.02264547534286976, 0.034375693649053574, 0.01403646357357502, 0.00922261830419302, 0.022517509758472443, -0.004007039126008749, -0.016382401809096336, 0.035888563841581345, -0.015132995322346687, 0.020642101764678955, 0.03168104961514473, 0.03986530005931854, 0.04321777820587158, 0.0498976930975914, 0.009160713292658329, 0.02828432247042656, -0.015138734132051468, -0.01603870466351509, 0.04573890194296837, -0.03226696327328682, 0.02787136659026146, -0.031126197427511215, 0.007666445337235928, 0.009141864255070686, 0.01689174957573414, -0.0230662040412426, 0.011696919798851013, -0.014575490728020668, 0.0029488103464245796, -0.006924971006810665, 0.045323532074689865, 0.047433797270059586, -0.03576279804110527, 0.028135666623711586, 0.016376251354813576, -0.011737269349396229, -0.022183870896697044, 0.02249993197619915, 0.02651132270693779, -0.004670411814004183, -0.025438139215111732, -0.005987001117318869, -0.02083476632833481, 0.02391544170677662, -0.05434935912489891, 0.0003743590204976499, 0.03268321976065636, 0.01573096588253975, -0.021076152101159096, -0.04674389958381653, -0.03528856113553047, -0.05664898827672005, 0.010563126765191555, -0.011991857551038265, 0.03402229771018028, -0.02209782600402832, -0.06169835478067398, -0.011968300677835941, 0.01115451566874981, 0.03352796658873558, 0.025328096002340317, -0.0077647799625992775, 0.034645095467567444, 0.03656819835305214, 0.0012140781618654728, 0.017208537086844444, 0.015039934776723385, -0.011811102740466595, -0.016087187454104424, 0.04512197524309158, 0.01001428347080946, 0.06277260184288025, -0.02706803008913994, -0.007564340718090534, 0.02385980263352394, -0.0011175500694662333, -0.026669444516301155, 0.00465994281694293, -0.03148537874221802, 0.03154163062572479, 0.020749518647789955, -0.031567540019750595, -0.0007808713708072901, 0.007099417503923178, 0.028384527191519737, -0.041027020663022995, -0.017454268410801888, 0.008723846636712551, 0.030286286026239395, -0.02575974352657795, 0.049278028309345245, 0.03336232155561447, -0.029312143102288246, -0.026898402720689774, -0.015285786241292953, -0.03484348952770233, -0.015599936246871948, 0.028112225234508514, 0.0473465770483017, -0.060240406543016434, 0.015324561856687069, -0.01435618381947279, -0.006569245830178261, -0.06572569906711578, 0.049711450934410095, 0.04053943231701851, 0.03650762513279915, -0.03703021630644798, -0.012320619076490402, 0.0059585548005998135, 0.0008017067448236048, -0.01911616139113903, 0.05543437972664833, -0.012527267448604107, -0.018940601497888565, 0.1040896475315094, -0.0020145715679973364, -0.02481399103999138, 0.03570990264415741, 0.057183705270290375, -0.03535729646682739, 0.028546741232275963, -0.03730054572224617, -0.06707438081502914, 0.006477014627307653, -0.015220517292618752, -0.007515985518693924, -0.020876476541161537, 0.00037671285099349916, 0.04255099967122078, -0.007376731839030981, 0.033078450709581375, -0.019871676340699196, -0.012268229387700558, -0.17165876924991608, -0.02229202724993229, 0.021219484508037567, -9.160842455457896e-05, 0.024131333455443382, 0.0033570663072168827, -0.010813724249601364, -0.026582181453704834, -0.01472010649740696, -0.00766743253916502, -0.022984690964221954, -0.05201735347509384, -0.056926075369119644, -0.05039374157786369, 0.02153034508228302, 0.0317968986928463, 0.035894155502319336, -0.0042184218764305115, -0.016291558742523193, -0.016810616478323936, -0.05605141818523407, -0.0037740382831543684, 0.025393296033143997, -0.003205598797649145, 0.00210783164948225, -0.007460963912308216, 0.01735636591911316, 0.02371319755911827, -0.04231978580355644, 0.0007951037841849029, -0.005947325844317675, -0.002232735510915518, -0.002058248734101653, 0.025897318497300148, -0.018740760162472725, 0.03940008208155632, 0.008641568943858147, 0.016606105491518974, 0.010235716588795185, -0.010318485088646412, 0.04356217011809349, 0.006338424049317837, -0.020704178139567375, 0.04427119344472885, -0.014033949002623558, -0.0015598010504618287, -0.004827302414923906, -0.01814267970621586, -0.05094025284051895, -0.026560548692941666, 0.027491504326462746, -0.01234023179858923, -0.0010635909857228398, -0.01851041615009308, -0.04370170459151268, 0.009611510671675205, 0.026199115440249443, 0.04526866227388382, -0.02286929450929165, 0.0363699346780777, -0.01557980664074421, -0.014181287959218025, 0.005339441355317831, 0.01599765196442604, -0.043357428163290024, 0.011880827136337757, 0.018596185371279716, -0.005638678092509508, 0.043418724089860916, 0.003455075901001692, 0.011025320738554, 0.031768493354320526, 0.02295243926346302, -0.013074862770736217, -0.06532762944698334, 0.010512178763747215, 9.388436592416838e-05, 0.01094625424593687, -0.003306207712739706, -0.11134006083011627, 0.04075450077652931, 0.01895865611732006, 0.013962212949991226, 0.02237505093216896, -0.009679311886429787, -0.016189681366086006, 0.024372272193431854, 0.0009161857306025922, 0.01585291512310505, 0.24623489379882812, 0.04848862066864967, -0.003916231449693441, 0.05208282545208931, 0.06906528025865555, -0.01748776063323021, 0.039888083934783936, 0.023911893367767334, 0.003187759080901742, -0.04013536870479584, -0.0156024768948555, -0.0010249621700495481, -0.017220553010702133, 0.017523037269711494, 0.010528228245675564, -0.0002903111162595451, -0.025749672204256058, 0.045566897839307785, 0.09258964657783508, -0.05505599454045296, 0.028870144858956337, -0.03898925334215164, 0.02508682571351528, 0.039757855236530304, -0.04911750927567482, -0.009421808645129204, 0.008325228467583656, -0.020573923364281654, -0.033850569278001785, 0.0330829955637455, -0.021013014018535614, 0.04685401916503906, 0.052500706166028976, -0.04802532494068146, -0.014575375244021416, -0.00667952187359333, 0.05132826045155525, -0.01389952003955841, -0.03903287276625633, 0.01771944761276245, -0.014792774803936481, -0.008607173338532448, -0.01742149144411087, 0.010664567351341248, -0.058259688317775726, -0.019534900784492493, -0.013449706137180328, -0.04228704422712326, 0.02162909507751465, -0.016666876152157784, 0.03473639860749245, 0.010660884901881218, 0.0010902072535827756, -0.005871995352208614, 0.06338360905647278, 0.006234390661120415, -0.021285751834511757, -0.0022507663816213608, -0.002406943589448929, 0.014179183170199394, 0.014935221523046494, 0.01626363955438137, -0.09529896825551987, 0.02596493810415268, -0.019850347191095352, 0.022078171372413635, -0.013754688203334808, -0.0038343416526913643, 0.03740517422556877, 0.04477519541978836, -0.025843245908617973, 0.03284868225455284, 0.013234732672572136, 0.004329011309891939, 0.01554880477488041, -0.01342406589537859, 0.0031431233510375023, 0.0007841262267902493, 0.023336611688137054, 0.02471482940018177, -0.006856854539364576, -0.03124452382326126, -0.032327327877283096, 0.01930234022438526, 0.037560008466243744, 0.00628266716375947, 0.026158936321735382, 0.0580219104886055, -0.0034548435360193253, -0.0003619406488724053, 0.007130074314773083, 0.009127088822424412, -0.015275112353265285, 0.04254671558737755, -0.08248014748096466, -0.007709176279604435, -0.03285520151257515, -0.03846907615661621, -0.01676476188004017, -0.02569996751844883, -0.035315949469804764, -0.023215897381305695, 0.0015219448832795024, -0.04939368739724159, 0.024101968854665756, 0.005882172845304012, 0.011963709257543087, -0.018885834142565727, -0.02196464315056801, 0.02043025940656662, -0.02899942174553871, 0.013008433394134045, -0.024202914908528328, -0.023908142000436783, 0.005573885515332222, 0.014854097738862038, -0.0040948353707790375, 0.02129264920949936, -0.010590084828436375, 0.0227079838514328, -0.06056360527873039, -0.0363982729613781, 0.0003323882119730115, 0.007040075957775116, -0.020765092223882675, -0.023554755374789238, 0.024587593972682953, 0.010199003852903843, -0.03637387603521347, 0.024369046092033386, 0.01147262379527092, -0.031923506408929825, -0.06672964990139008, 0.04012610763311386, 0.003264540107920766, -0.000127388077089563, 0.038008783012628555, 0.004300322849303484, 0.0030287380795925856, 0.021599309518933296, -0.05216771364212036, 0.004150368273258209, 0.01481630839407444, 0.01830563321709633, 0.03263918310403824, 0.0385497584939003, -0.005350057035684586, -0.01004456914961338, 0.02953886054456234, 0.04554803669452667, 0.07427677512168884, 0.06786736845970154, 0.01871895231306553, 0.028707023710012436, -0.01968030445277691, -0.03790843486785889, -0.002940143458545208, 0.04686073586344719, 0.010935977101325989, 0.00366036593914032, -0.008444339968264103, -0.01971113309264183, 0.01788821630179882, 0.059080298990011215, -0.015418929979205132, 0.01521011907607317, 0.00010973575990647078, 0.054428111761808395, -0.023441972211003304, -0.005520317703485489, 0.025024957954883575, -0.040088951587677, -0.05104149132966995, -0.006039376370608807, -0.011383090168237686, 0.029775476083159447, -0.014718376100063324, -0.01202354859560728, 0.0015700261574238539, 0.016849033534526825, -0.0016853166744112968, 0.023407673463225365, -0.032899219542741776, -0.026874784380197525, 0.005403193179517984, -0.03157403692603111, -0.0035273542162030935, -0.006149090360850096, 0.05073339864611626, -0.03395341709256172, -0.003519376739859581, 0.11016102135181427, -0.002805951051414013, -0.02132471464574337, 0.03034253604710102, 0.01284160278737545, 0.07662158459424973, 0.01756005920469761, -0.007524984423071146, 0.008992712013423443, -0.015209835954010487, 0.019260302186012268, -0.006316646467894316, 0.016559220850467682, -0.04959839954972267, -0.009900142438709736, -0.019957561045885086, 0.03166517615318298, -0.013385687954723835, -0.01964719593524933, -0.03181738033890724, 0.022116824984550476, -0.06507013738155365, 0.013282389380037785, 0.025860343128442764, -0.03824135661125183, 0.030840719118714333, 0.03055376000702381, 0.009273054078221321, -0.01847562938928604, 0.00876414030790329, -0.010208315216004848, -0.003848705440759659, 0.0022336735855787992, -0.024079417809844017, -0.01952967792749405, 0.023852963000535965, -0.028686970472335815, -0.030422447249293327, -0.025305885821580887, -0.007154332473874092, 0.02318679541349411, 0.014878733083605766, 0.0027164167258888483, -0.01640683226287365, -0.0022405527997761965, 0.013750240206718445, 0.03557330369949341, 0.007866651751101017, -0.02274956740438938, -0.0363241471350193, -0.025436872616410255, 0.0372689813375473, 0.0485561229288578, 0.00010846368968486786, -0.04008588567376137, -0.05168866366147995, -0.04785729944705963, 0.02476346865296364, 0.03290127217769623, -0.042428210377693176, 0.011031529866158962, -0.018919333815574646, -0.0400930717587471, -0.041525665670633316, 0.014782574959099293, 0.014759141951799393, 0.002673481125384569, -0.07146196812391281, 0.007532218936830759, -0.0062039690092206, 0.03708411380648613, 0.010124292224645615, -0.01653105765581131, 0.0019700259435921907, -0.006158097181469202, 0.058674007654190063, -0.017860446125268936, 0.008579069748520851, -0.021395893767476082, -0.01842435821890831, -0.011104402132332325, 0.02037830837070942, -0.0152811910957098, -0.015030737034976482, -0.012883013114333153, -0.04606049507856369, 0.028232673183083534, 0.013742463663220406, -0.028978396207094193, -0.01241391059011221, 0.0031520684715360403, -0.02499823272228241, -0.006181303411722183, -0.0022801365703344345, 0.02547205239534378, 0.04625721648335457, 0.012738900259137154, 0.025104839354753494, -0.028826063498854637, -0.02976144477725029, -0.033954184502363205, -0.04571964219212532, 0.0006811372004449368, -0.003166309790685773, -0.0017432073364034295, 0.010541640222072601, 0.07188627868890762, 0.01743827760219574, 0.011497161351144314, -0.008304043672978878, -0.008932842873036861, 0.030809136107563972, -0.019875243306159973, -0.03847098350524902, 0.024457883089780807, -0.023394515737891197, -0.02865738980472088, 0.06812601536512375, -0.006705602165311575, 0.02477853000164032, -0.04357077553868294, -0.014899363741278648, 0.029596246778964996, 0.06956803053617477, -0.048873767256736755, 0.04814232140779495, 0.030551981180906296, -0.002777896821498871, 0.0020432586316019297, 0.023283440619707108, 0.0009291754104197025, -0.03361571207642555, -0.02454618364572525, -0.03998231887817383, 0.028177184984087944, 0.016890481114387512, -0.03408835828304291, -0.04459277167916298, -0.01055425126105547, -0.02822737768292427, -0.00044067815179005265, 0.009591766633093357, -0.02161821722984314, 0.030762793496251106, -0.01037869043648243, 0.030162278562784195, -0.01785302720963955, 0.006367810070514679, -0.010193437337875366, 0.01140687894076109, -0.053626347333192825, 0.021796850487589836, -0.01771082542836666, 0.009868978522717953, -0.004537560511380434, 0.0022038256283849478, -0.010408706963062286, 0.03197753056883812, -0.00632627634331584, 0.012971167452633381, 0.026614846661686897, -0.0322466716170311, -0.002273170044645667, -0.0018231099238619208, -0.03174927085638046, 0.004792756401002407, 0.035398416221141815, 0.05073641985654831, 0.025998694822192192, 0.012350245378911495, -0.002446654485538602, -0.04848000407218933, -0.002788688987493515, 0.003185337409377098, -0.0060796900652348995, -0.005549585912376642, 0.001775798387825489, -0.040388088673353195, 0.010854102671146393, 0.0012395750964060426, 0.01865193620324135, 0.02086629718542099, 0.018656348809599876, -0.025664659217000008, 0.00853495579212904, -0.04445270076394081, 0.045226532965898514, 0.0029953664634376764, -0.029040977358818054, -0.001414732658304274, -0.04499487206339836, -0.03589827939867973, -0.008049389347434044, -0.005086769815534353, 0.04800841584801674, 0.01901683397591114, -0.018739445134997368, -0.006291563622653484, -0.004729690030217171, -0.0005800313665531576, -0.033089298754930496, -0.0501609742641449, 0.016200829297304153, -0.1459299623966217, 0.014819187112152576, -0.07422895729541779, 0.022135743871331215, -0.03540372848510742, 0.004382137209177017, -0.005063044372946024, -0.06270675361156464, 0.028571156784892082, -0.013930495828390121, -0.053312886506319046, -0.021851664409041405, -0.0026720042806118727, -0.011787711642682552, -0.0021898364648222923, 0.0608733631670475, -0.007705070544034243, -0.024203525856137276, -0.01455311942845583, -0.003419863758608699, 0.029571175575256348, -0.03238494694232941, 0.013145874254405499, -0.012796951457858086, -0.00022997826454229653, -0.03096405230462551, 0.009966186247766018, 0.04238588362932205, -0.004165276885032654, -0.017538437619805336, 0.012236530892550945, -0.0051321834325790405, 0.024841492995619774, 0.03257955610752106, -0.03984951227903366, -0.04475198686122894, -0.0028320911806076765, 0.011157436296343803, -0.004795455373823643, -0.0061538792215287685, 0.019499199464917183, 0.005659154150635004, -0.03218183293938637, -0.003881689626723528, 0.007210134528577328, 0.04688188061118126, 0.01300114393234253, -0.03373531252145767, -0.016994748264551163, -0.007770944852381945, -0.014276529662311077, 0.07010022550821304, -0.002444762736558914, 0.02621467411518097, -0.007351462729275227, 0.03839356452226639, -0.010053103789687157, 0.03096826933324337, -0.015316316857933998, 0.05430784076452255, -0.040616631507873535, -0.019211309030652046, -0.04309989511966705, -0.05634964630007744, -0.01510035153478384, 0.04157872870564461, -0.0753500908613205, 0.019926177337765694, -0.0346340611577034, 0.00794841255992651, -0.06012763828039169, -0.035970695316791534, -0.005651699844747782, -0.015243204310536385, 0.020782431587576866, -0.022629978135228157, 0.02492203563451767, -0.028326280415058136, -0.025658773258328438, 0.005200451239943504, -0.004293459001928568, -0.00461345911026001, -0.06583168357610703, 0.0224634800106287, 0.02467484399676323, 0.054199203848838806, -0.028198063373565674, 0.03534478694200516, 0.004150707274675369, 0.01433152612298727, -0.013720798306167126, -0.016085317358374596, -0.002156173810362816, 0.028603972867131233, -0.0015547184739261866, 0.00539864506572485, -0.037827666848897934, -0.01416272483766079, 0.00548626808449626, -0.0490264818072319, -0.007980423979461193, -0.003032431472092867, -0.00090550456661731, 0.03353632241487503, -0.025006432086229324, 0.03473218157887459, -0.010499794036149979, 0.026505470275878906, 0.01697186939418316, 0.015588555485010147, -0.017951715737581253, 0.029122013598680496, -0.03060939535498619, -0.03455444425344467, -0.0361601747572422, 0.01960952766239643, 0.01145586185157299, -0.009744662791490555, 0.014616964384913445, -0.03414835035800934, -0.0109872967004776, -0.05843342840671539, -0.03358698636293411, -0.029265474528074265, 0.013945424929261208, 0.040857888758182526, 0.01106306817382574, 0.036286402493715286, 0.012260166928172112, -0.03162045031785965, 0.020656898617744446, -0.0063685402274131775, 0.00023315999715123326, 0.03374472260475159, 0.03833521157503128, 0.030934086069464684, -0.003817029297351837, 0.05556869134306908, -0.06820596009492874, -0.008470816537737846, -0.006901308428496122, -0.036484912037849426, 0.022718064486980438, -0.050992198288440704, 0.022089146077632904, 0.00017749950347933918, 0.0034634817857295275, -0.016296429559588432, -0.0038676303811371326, -0.010999584570527077, -0.01978200674057007, 0.03877361863851547, -0.018927887082099915, 0.019201839342713356, 0.0039200689643621445, -0.03425978869199753, -0.060135725885629654, 0.015298415906727314, -0.008672630414366722, 0.015441223978996277, 0.023013096302747726, -0.08281625807285309, 0.007217224221676588, 0.013589580543339252, -0.009161628782749176, 0.014531798660755157, -0.030508575960993767, -0.0056757815182209015, -0.005942540243268013, -0.019939899444580078, 0.006529987324029207, 0.05808680132031441, -0.03861311078071594, -0.038780972361564636, 0.03444856032729149, -0.06939635425806046, 0.023207448422908783, -0.01002997811883688, 0.004166594240814447, -0.019056735560297966, 0.024791212752461433, -0.009910141117870808, 0.019121717661619186, 0.0008763705845922232, -0.022974006831645966, 0.03957584127783775, -0.03862496837973595, 0.015443190932273865, 0.007183821406215429, 0.0256141759455204, -0.03848503530025482, -0.0003954774292651564, -0.026816777884960175, 0.002234766026958823, 0.03928132727742195, -0.004853229504078627, -0.01635146513581276, 0.0010971087031066418, -0.006157186347991228, 0.03890953212976456, 0.02188829891383648, 0.04562532901763916, -0.0031056106090545654, -0.001398109132423997, -0.005059193354099989, -0.018096376210451126, -0.0073616355657577515, 0.0388263575732708, 0.01803283765912056, 0.05538521707057953, 0.004649614915251732, 0.004789093974977732, -0.04560192674398422, 0.02560073509812355, -0.029428808018565178, -0.03479711338877678, -0.002893790602684021, -0.009853211231529713, 0.03059060499072075, 0.021036600694060326, 0.032138679176568985, 0.025877846404910088, 0.004961398895829916, -0.0053148833103477955, -0.02687758393585682, -0.03520573303103447, -0.03683219105005264, 0.003632280044257641, -0.00622200034558773, -0.019906114786863327, -0.07913567870855331, -0.021963942795991898, -0.0061967624351382256, -0.014042586088180542, 0.004873736295849085, 0.02703210525214672, 0.048217274248600006, -0.015532806515693665, 0.00513683445751667, 0.014762617647647858, 0.002858347026631236, 0.025238290429115295, 0.006014046724885702, -0.015092824585735798]",,
15_1_0_errors_non_dynamic_getstaticpaths_usage_mdx_section_3,section,15_1_0_errors_non_dynamic_getstaticpaths_usage_mdx,`getStaticPaths` Used on Non-Dynamic Page - Useful Links,,{},15.1.0,"[/docs/pages/building-your-application/routing/dynamic-routes](/docs/pages/building-your-application/routing/dynamic-routes)
[/docs/pages/building-your-application/routing/dynamic-routes](/docs/pages/building-your-application/routing/dynamic-routes)
",,"[(np.int64(7), np.float64(0.10432510077953339)), (np.int64(345), np.float64(0.06632360070943832)), (np.int64(683), np.float64(0.16461209952831268)), (np.int64(1771), np.float64(0.12115335464477539)), (np.int64(3775), np.float64(0.13848505914211273)), (np.int64(3794), np.float64(0.12936028838157654)), (np.int64(5281), np.float64(0.042549017816782)), (np.int64(7844), np.float64(0.0827501118183136)), (np.int64(10519), np.float64(0.25160959362983704)), (np.int64(14231), np.float64(0.1536179482936859)), (np.int64(21068), np.float64(0.05886862426996231)), (np.int64(29673), np.float64(0.09383025765419006)), (np.int64(36836), np.float64(0.12478100508451462)), (np.int64(57890), np.float64(0.23616056144237518)), (np.int64(135206), np.float64(0.19828665256500244))]","[-0.05081770196557045, -0.027077624574303627, 0.002357193036004901, 0.01828911527991295, -0.04958588629961014, -0.005530872382223606, 0.010665038600564003, 0.007520107086747885, 0.016274848952889442, 0.022707466036081314, -0.0013000023318454623, 0.006724676117300987, 0.03888658434152603, -0.021099921315908432, -0.005083147436380386, 0.007503906264901161, -0.015528490766882896, 0.03119957260787487, 0.030034905299544334, -0.009131294675171375, 0.023855745792388916, -0.015857260674238205, 0.024772193282842636, 0.007157586514949799, -0.00443105585873127, 0.011298478581011295, 0.01945164054632187, 0.024921618402004242, 0.022839568555355072, 0.008188341744244099, 0.031378358602523804, -0.007946430705487728, -0.006689888425171375, -0.01879977062344551, -0.0635790154337883, -0.06079593300819397, -0.04013783484697342, -0.03782152757048607, -0.04081545025110245, -0.004120217636227608, -0.023825934156775475, -0.006407464388757944, -0.016627876088023186, 0.0019378317520022392, 0.03731391206383705, -0.02314896322786808, -0.00959011446684599, -0.01701846905052662, 0.0028154824394732714, -0.037776343524456024, -0.014406528323888779, -0.024027811363339424, -0.011411476880311966, -0.08032053709030151, 0.011236420832574368, 0.058829568326473236, 0.004230028484016657, -0.07434746623039246, -0.0372401662170887, 0.027893640100955963, -0.03330022096633911, -0.0033761709928512573, 0.004223957192152739, -0.028340376913547516, 0.020364882424473763, 0.020625924691557884, 0.023946896195411682, -0.005872418638318777, -0.015176814049482346, -0.04298864305019379, 0.0033661783672869205, 0.006544045172631741, -0.06828459352254868, -0.03582967072725296, -0.043096691370010376, 0.0053769624792039394, 0.045543123036623, -0.014449028298258781, 0.006945975124835968, 0.007702314294874668, -0.03581923246383667, 0.023423200473189354, 0.0341215543448925, -0.028650270774960518, 0.006408918648958206, 0.020090389996767044, -0.009538768790662289, 0.06270424276590347, 0.030074581503868103, -0.02097555436193943, -0.017592990770936012, -0.035282544791698456, 0.032003216445446014, -0.03511739522218704, -0.012991491705179214, -0.006753848399966955, 0.03261454775929451, -0.0034612079616636038, 0.008151467889547348, -0.022411517798900604, 0.0359133742749691, -0.0004917347687296569, -0.0007085271063260734, -0.0016795285046100616, -0.014145443215966225, -0.025500040501356125, 0.026404719799757004, 0.0016132063465192914, -0.011197831481695175, -0.01296527124941349, -0.0058441367000341415, -0.020281469449400902, 0.04511783644556999, 0.011995319277048111, 0.026760248467326164, -0.032182302325963974, -0.007530600763857365, -0.018853921443223953, 0.0017119417898356915, -0.003268326399847865, 0.037298206239938736, 0.02400512993335724, 0.0665951520204544, 0.0017101771663874388, 0.01581675000488758, 0.03667783364653587, 0.02032928541302681, 0.050930771976709366, -0.0021574089769273996, -0.00550833297893405, 0.037426795810461044, 0.03071616217494011, -0.007715342566370964, -0.01672886684536934, -0.035016462206840515, 0.01049085520207882, 0.013748846016824245, 0.013165961019694805, -0.017205363139510155, -0.057542260736227036, 0.015867220237851143, 0.013799190521240234, 0.008729970082640648, -0.017698345705866814, 0.039592523127794266, -0.04800454527139664, 0.04198210686445236, 0.017936311662197113, -0.009080952033400536, -0.059225521981716156, 0.018705561757087708, 0.0055989595130085945, 0.047282155603170395, 0.0371694415807724, -0.03512243926525116, -0.014902913011610508, 0.00617242231965065, 0.007470458280295134, 0.03836924210190773, 0.0045697311870753765, -0.05183598771691322, 0.03377101570367813, -0.009781762026250362, 0.008414726704359055, 0.02429656870663166, -0.0488661527633667, 0.03834070265293121, 0.0037207002751529217, -0.020192475989460945, -0.02884904481470585, 0.016935519874095917, -0.010953309945762157, 0.014911962673068047, 0.03159646689891815, 0.03333573043346405, 0.014329583384096622, 0.08617277443408966, 0.0071403272449970245, 0.007629788015037775, -0.04805374518036842, -0.0448773093521595, 0.00943468976765871, -0.026281993836164474, 0.043072398751974106, -0.020023906603455544, 0.0064771464094519615, -0.04963846877217293, 0.014659552834928036, 0.005823487415909767, 0.014540993608534336, 0.018313376232981682, 0.007622424513101578, 0.03239460289478302, -0.023874932900071144, 0.018271755427122116, -0.020502353087067604, 0.03880167007446289, 0.052362628281116486, 0.00770934671163559, -0.03140081465244293, 0.04627396538853645, 0.014367928728461266, 0.02838386595249176, -0.014271053485572338, -0.029801154509186745, -0.02762128785252571, 0.015126538462936878, -0.039164815098047256, 0.0036088742781430483, -0.052709195762872696, 0.010343837551772594, -0.01940826140344143, -0.05882341414690018, -0.0167129747569561, -0.03961964324116707, 0.024436000734567642, 0.0038599164690822363, 0.0011470457538962364, 0.02358095534145832, -0.02395055815577507, -0.028379783034324646, 0.030102236196398735, 0.005527804605662823, -0.0011144995223730803, 0.015358950011432171, -0.019065244123339653, 0.026889346539974213, 0.011145403608679771, 0.019687915220856667, -0.035112008452415466, -0.029713092371821404, 0.0022534122690558434, 0.0177925918251276, -0.05731428042054176, 0.058962371200323105, -0.02633284218609333, 0.01874142326414585, 0.012459219433367252, 0.004424528684467077, -0.017997071146965027, -0.03288790583610535, -0.053351446986198425, 0.051950786262750626, -0.013332327827811241, -0.02986503392457962, 0.013297480531036854, -0.0042872074991464615, 0.04061797633767128, -0.02972102165222168, -0.008925245143473148, 0.03337819501757622, -0.0005004656268283725, -0.010390530340373516, -0.008767726831138134, 0.012355652637779713, 0.011423744261264801, 0.01211545430123806, 0.0006503157783299685, -0.059838809072971344, -0.017271878197789192, -0.002413625130429864, 0.01880021020770073, -0.03581705316901207, 0.022312702611088753, -0.006562536582350731, -0.04388785362243652, 0.00342467799782753, -0.06943578273057938, 0.02362295612692833, 0.0017287788214161992, -0.022889016196131706, 0.025702757760882378, 0.021204303950071335, -0.017060348764061928, -0.041253916919231415, 0.021927587687969208, -0.045647911727428436, -0.045240435749292374, 0.08260168880224228, -0.036058370023965836, -0.008011194877326488, 0.07465101033449173, 0.009456922300159931, -0.0035686695482581854, 0.0664745643734932, -0.05560263991355896, -0.026159197092056274, -0.03460881486535072, 0.04860694333910942, 0.0003428779891692102, -0.060044948011636734, -0.0230316873639822, 0.05653861537575722, -0.03083668276667595, 0.03495456650853157, 0.006828488316386938, -0.0027321919333189726, -0.16637299954891205, -0.04222634807229042, 0.032155219465494156, 0.06431285291910172, 0.008678818121552467, 0.015387588180601597, -0.04655137658119202, -0.023711614310741425, 0.0018439352279528975, 0.0177142433822155, 0.014262746088206768, -0.047661054879426956, -0.031506165862083435, 0.007378267124295235, 0.02989792823791504, 0.030322106555104256, 0.0022748769260942936, -0.000966530991718173, -0.022736327722668648, -0.02152748964726925, -0.011712986044585705, 0.023952625691890717, 0.013379059731960297, 0.055501412600278854, -0.017384689301252365, 0.005928670056164265, 0.029997361823916435, 0.05803382024168968, 0.022086743265390396, 0.007035713642835617, -0.013456710614264011, -0.03670771047472954, 0.0062519521452486515, -0.018730467185378075, 0.005227982997894287, -0.003371364902704954, 0.02009880542755127, 0.026047557592391968, 0.009530977346003056, 0.000884197186678648, 0.014725430868566036, 0.055478692054748535, -0.012028945609927177, -0.013029620051383972, -0.0007470418931916356, 0.021155105903744698, -0.017449041828513145, -0.020057447254657745, -0.05448422580957413, -0.05396762862801552, 0.02681661769747734, -0.025559231638908386, 0.003994743339717388, -0.018224729225039482, -0.06469300389289856, -0.0071974825114011765, 0.037718527019023895, 0.0564238503575325, 0.002418843097984791, 0.02091585099697113, -0.006823976058512926, 0.010040681809186935, 0.041178494691848755, -0.004978172015398741, -0.01209900714457035, 0.012982925400137901, 0.10725007206201553, -0.0006758010713383555, 0.014080432243645191, -0.018006661906838417, -0.016287991777062416, -0.0013961787335574627, 0.009732802398502827, -0.008821554481983185, -0.06820817291736603, -0.00010993499745381996, -0.012385603971779346, -0.0281993318349123, 0.02728492021560669, -0.0884082168340683, -0.010409718379378319, 0.004087682813405991, 0.009274095296859741, -0.010626472532749176, -0.033668775111436844, -0.04207880049943924, 0.00980573333799839, -0.03522549942135811, 0.008762991055846214, 0.24570351839065552, -0.022016046568751335, -0.0021893256343901157, 0.027340644970536232, 0.07017024606466293, -0.02172795683145523, 0.008208355866372585, 0.03152690455317497, 0.006085759960114956, -0.01832379773259163, -0.009125206619501114, 0.036334455013275146, -0.009206169284880161, -0.012482821941375732, 0.0018193094292655587, 0.005632992368191481, -0.04005368426442146, -0.012893901206552982, 0.04543454572558403, 0.0016689299372956157, -0.008299295790493488, -0.03570098429918289, 0.005328272935003042, 0.0039778235368430614, -0.057364512234926224, -0.012944275513291359, -0.0052135116420686245, 0.006090517621487379, -0.03449588641524315, 0.03170902281999588, -0.03929053619503975, 0.03126169368624687, 0.04142756387591362, -0.02113298699259758, -0.058467257767915726, 0.008087585680186749, 0.05395379662513733, -0.004711964167654514, -0.009728544391691685, 0.004588399548083544, -0.04142036288976669, -0.008939914405345917, -0.00971764326095581, -0.02280251868069172, -0.024842558428645134, -0.016114359721541405, 0.005156385712325573, -0.03468945622444153, 0.02528827078640461, -0.04828772321343422, 0.013453429564833641, -0.00493039283901453, -0.020508497953414917, 0.00397911574691534, 0.03048763982951641, -0.006718439050018787, -0.0218218881636858, -0.003579377429559827, 0.011049354448914528, -0.003141750581562519, 0.0218927301466465, 0.001467875437811017, -0.06270905584096909, 0.017535265535116196, -0.031980711966753006, 0.002237981650978327, -0.006972352508455515, -0.02416006661951542, 0.0046568457037210464, 0.04198542237281799, 0.037167880684137344, 0.043403275310993195, 0.03212651610374451, -0.0010499977506697178, 0.021663038060069084, -0.023487254977226257, 0.031675536185503006, 0.027450433000922203, -0.03346334397792816, 0.030777763575315475, -0.02757246047258377, -0.0014048062730580568, -0.011229212395846844, 0.032153867185115814, 0.03434747830033302, -0.014618230052292347, 0.006729855202138424, 0.07323745638132095, 0.0225831288844347, 0.041350770741701126, -0.010735084302723408, -0.01503781508654356, -0.004337899852544069, 0.01543666422367096, -0.020470526069402695, -0.012190429493784904, -0.020996738225221634, -0.006868395954370499, -0.0631144568324089, -0.01020562369376421, -0.014089645817875862, 0.0012913725804537535, -0.06035565584897995, 0.01584789529442787, 0.045965079218149185, 0.009444650262594223, -0.005866413936018944, 0.0057357121258974075, -0.014582897536456585, 0.026861965656280518, -0.029006874188780785, 0.01763262413442135, 0.004131017718464136, -0.03991614654660225, -0.04618088901042938, 0.043246250599622726, 0.006045561749488115, 0.01727660745382309, 0.0009584350627847016, 0.057692162692546844, -0.002229995559900999, -0.023301957175135612, -0.009623262099921703, 0.029563233256340027, -0.026689395308494568, -0.053424328565597534, -0.0161086767911911, 0.02240562066435814, -0.027596035972237587, 0.056722212582826614, 0.05919573828577995, -0.028769362717866898, -0.040810152888298035, 0.013104848563671112, 0.007295761723071337, 0.003484705463051796, 0.036501288414001465, 0.02939443103969097, -0.021294085308909416, 0.00990668497979641, -0.053952764719724655, 0.010527078993618488, 0.0038649658672511578, -0.006199747323989868, 0.027486439794301987, 0.03381969779729843, -0.006360046099871397, -0.0020138013642281294, 0.03638094663619995, 0.013239515013992786, 0.04238167405128479, 0.00907676387578249, 0.024778490886092186, -0.03077114373445511, 0.016203273087739944, -0.060982633382081985, 0.0035629156045615673, -0.023560065776109695, 0.047449175268411636, -0.0192527174949646, 0.014694470912218094, 0.03412161394953728, 0.04551984742283821, 0.08082401752471924, -0.01072443276643753, -0.028718354180455208, -0.0263670664280653, 0.07141685485839844, 0.011221474036574364, 0.022532720118761063, -0.011122336611151695, -0.013429506681859493, -0.09464593976736069, 0.02110590599477291, 0.019641051068902016, 0.012906063348054886, -0.02413368783891201, -0.023978667333722115, -0.03246144950389862, -0.016963571310043335, 0.044553715735673904, 0.00857398472726345, -0.018893271684646606, -0.011322615668177605, 0.006869104225188494, -0.0023132143542170525, -0.027236800640821457, -0.00890275090932846, 0.03454131260514259, -0.03537587821483612, 0.009986440651118755, 0.10434198379516602, -0.04530606046319008, -0.015204271301627159, 0.0639074519276619, 0.026665087789297104, 0.004455996211618185, 0.0025480594485998154, -0.01145148929208517, 0.015073692426085472, -0.0023838626220822334, 0.028378335759043694, -0.0202606413513422, 0.0032539423555135727, -0.029358109459280968, -0.04164861515164375, -0.007712605409324169, 0.03049772046506405, -0.02436639554798603, 0.012999352999031544, -0.0212809257209301, 0.007177021354436874, -0.0611952468752861, 0.00888255424797535, 0.007335282862186432, -0.021227508783340454, 0.051307424902915955, 0.04597274214029312, 0.02102278172969818, 0.002024819841608405, -0.04687659069895744, 0.0010206331498920918, -0.010883724316954613, 0.0009471459779888391, -0.031834088265895844, 0.01369346585124731, 0.025845538824796677, -0.028977960348129272, -0.021662678569555283, 0.022292839363217354, -0.012278574518859386, 0.06116548925638199, -0.016985511407256126, 0.003738913917914033, 0.002486514626070857, 0.006077018100768328, 0.012393339537084103, 0.005187843926250935, 0.010159848257899284, -0.03889359533786774, -0.03451094776391983, 0.011369223706424236, 0.0661747008562088, 0.022666485980153084, 0.013569619506597519, -0.006290581542998552, -0.0333024226129055, -0.03333849459886551, 0.030035851523280144, 0.02176062949001789, 0.0026360959745943546, -0.0262856837362051, -0.020623372867703438, -0.0038285821210592985, 0.03608444333076477, 0.025735758244991302, -0.010069005191326141, 0.004847829230129719, -0.058225832879543304, -0.002986862789839506, 0.00862005166709423, -0.004502281080931425, 0.01585271582007408, -0.010314781218767166, -0.010822366923093796, -0.02349654957652092, 0.029386648908257484, 0.007335747592151165, -0.022945933043956757, -0.04365401342511177, -0.029851796105504036, 0.0018095164559781551, -0.03095630742609501, 0.0005159517168067396, 0.037985872477293015, 9.456646512262523e-05, -0.006680706515908241, 0.025177959352731705, -0.034820687025785446, -0.057974450290203094, -0.0994398295879364, 0.04068169742822647, -0.01287008821964264, 0.018743811175227165, -0.002766332821920514, 0.02824222669005394, 0.05769386515021324, -0.023006945848464966, 0.014669589698314667, -0.030132433399558067, -0.004988677799701691, -0.007655011955648661, -0.03334663808345795, 0.02913724258542061, 0.01901719905436039, 0.0010424641659483314, -0.028253309428691864, 0.07181156426668167, 0.008105515502393246, 0.016650376841425896, -0.004060504958033562, -0.007531398441642523, 0.01808396726846695, -0.031590476632118225, -0.033933818340301514, 0.049771178513765335, -0.03534470871090889, -0.008689453825354576, 0.0911233127117157, -0.024707285687327385, 0.025023873895406723, -0.029536990448832512, -0.013054951094090939, 0.039678432047367096, 0.051105644553899765, -0.04050149768590927, 0.01154476311057806, 0.039731670171022415, 0.008313019759953022, -0.010190494358539581, 0.027533000335097313, 0.021588362753391266, -0.010687753558158875, -0.016733916476368904, -0.02855801396071911, 0.017863931134343147, -0.02466587908565998, -0.00019117601914331317, -0.032761067152023315, 0.034054312855005264, -0.048353906720876694, 0.015015481039881706, -0.02153545618057251, 0.01288872491568327, 0.009260687045753002, -0.013894454576075077, 0.022930927574634552, -0.016294825822114944, -0.014845836907625198, -0.004264304414391518, 0.020333273336291313, -0.01058321911841631, 0.04614230617880821, -0.011641575023531914, 0.005460093729197979, -0.017372198402881622, 0.01932961493730545, -0.0007838798337616026, -0.0038628873880952597, 0.0029008067212998867, 0.007457336410880089, 0.014527751132845879, -0.00432283990085125, -0.010828056372702122, 0.007826120592653751, -0.0308367982506752, -0.01999860629439354, -0.03128863498568535, 0.0327225998044014, 0.07239633798599243, -0.021190956234931946, 0.047991007566452026, -0.003118894761428237, -0.006921951659023762, -0.014138559810817242, -0.014790662564337254, 0.025873925536870956, -0.03305993974208832, 4.850134064326994e-05, 0.010003467090427876, 0.019921764731407166, 0.01730429194867611, 0.022571902722120285, 0.009449999779462814, -0.032029397785663605, 0.012694045901298523, -0.006342113949358463, -0.005741885397583246, 0.015367952175438404, -0.024166280403733253, -0.011034522205591202, -0.039861153811216354, -0.03168042376637459, -0.014619460329413414, -0.03187618404626846, -0.013959103263914585, -0.02733035944402218, 0.007445641327649355, 0.027744947001338005, 0.0761861801147461, -0.03421541303396225, -0.003697046311572194, -0.02873801440000534, 0.028958655893802643, -0.1386231929063797, 0.010700485669076443, -0.060409583151340485, 0.020860891789197922, -0.016553262248635292, -0.007911714725196362, -0.021754667162895203, -0.0534316748380661, 0.010344133712351322, -0.024084456264972687, 0.015093729831278324, -0.03433716669678688, 0.021800411865115166, -0.027315914630889893, 0.00219744979403913, 0.04660102725028992, -0.017742503434419632, -0.03734443336725235, -0.011926358565688133, -0.005698761902749538, -0.024831045418977737, -0.00926763005554676, 0.042177364230155945, -0.0012358129024505615, -0.028225980699062347, -0.06810794770717621, 0.03872919827699661, -0.014128204435110092, -0.026482265442609787, 0.02148420549929142, -0.012573071755468845, 0.0018142733024433255, 0.020316047593951225, 0.02394196204841137, -0.04820246249437332, 0.005114290397614241, -0.001703491434454918, -0.024370264261960983, 0.00939123798161745, 0.016410788521170616, -0.007457064464688301, 0.017373114824295044, -0.0020639589056372643, 0.018227294087409973, -0.0002208594378316775, 0.022079268470406532, 0.017256731167435646, -0.023165753111243248, -0.018615223467350006, 0.0012948875082656741, -0.03355172276496887, 0.05657127872109413, 0.015688447281718254, 0.027632970362901688, -0.019209761172533035, 0.02690611034631729, 0.012559899128973484, 0.010449416935443878, -0.05096830055117607, 0.03467259928584099, -0.035532817244529724, 0.03440212458372116, -0.026537280529737473, 0.0033953727688640356, -0.02045752853155136, 0.023973945528268814, -0.01164928637444973, 0.05371761694550514, -0.015503289178013802, -0.03878578916192055, -0.03604879230260849, -0.00020644013420678675, -0.0057822950184345245, 0.014366524294018745, 0.009241696447134018, -0.019071100279688835, 0.002169271232560277, -0.013319822959601879, -0.02738039940595627, -0.028170546516776085, -0.00940434355288744, -0.01744634471833706, -0.06775461882352829, 0.059572331607341766, 0.04209553822875023, 0.012016120366752148, 0.01266149990260601, -0.008222613483667374, 0.021538671106100082, -0.01780630648136139, -0.042870137840509415, -0.04602961242198944, -0.03868299350142479, 0.0005273395800031722, -0.0073460363782942295, 0.030158452689647675, -0.014268465340137482, -0.032666780054569244, 0.011374165304005146, -0.03819345310330391, 0.053265053778886795, 0.014601333066821098, 0.005204029846936464, 0.004022018518298864, -0.03339279070496559, 0.03350047394633293, 0.03661683201789856, 0.010732998140156269, -0.016240695491433144, -0.006453202571719885, -0.0742131844162941, -0.020030051469802856, -0.014637118205428123, -0.012963240966200829, -0.03401471674442291, 0.0006141173653304577, -0.004430089145898819, 0.011670848354697227, 0.03305910527706146, 0.0020176908001303673, -0.02834763564169407, 0.0040649487636983395, 0.009072933346033096, -0.028830479830503464, -0.02485835924744606, 0.03860744088888168, 0.0662667527794838, 0.028132658451795578, 0.020760565996170044, -0.017556967213749886, -0.0124270711094141, -0.0524858795106411, 0.015615019015967846, -0.001676347223110497, 0.014424166642129421, 0.008894876576960087, -0.01853054203093052, 0.046238187700510025, -0.01927356794476509, -0.03763696923851967, -0.03157071769237518, -0.004107482265681028, 0.015542726032435894, -0.036690060049295425, 0.0315876230597496, -0.03122658096253872, -0.00875716470181942, 0.007976662367582321, 0.0032321112230420113, -0.04030802473425865, -0.0003139275358989835, -0.008539681322872639, -0.05142419785261154, 0.05505431815981865, -0.00030206108931452036, 0.04097508266568184, -0.02679719589650631, -0.035984478890895844, -0.049242377281188965, 0.023988207802176476, -0.0005642329342663288, -0.04346279427409172, -0.029909081757068634, -0.011882324703037739, -0.001659867586567998, 0.061805710196495056, -0.01045935321599245, 0.001519852434284985, -0.04309744015336037, 0.03671658784151077, 0.04092884063720703, 0.050273772329092026, -0.02664448879659176, -0.013850233517587185, 0.04292081296443939, -0.056650545448064804, 0.03662138059735298, 0.03271613270044327, -0.006110486574470997, -0.02832729183137417, 0.027837304398417473, 0.015364564955234528, 0.04303687438368797, 0.02221333049237728, -0.006792793050408363, -0.012336496263742447, -0.017928481101989746, 0.000983736477792263, 0.024893932044506073, 0.006489716004580259, -0.05842132866382599, 0.03284665569663048, -0.027502307668328285, 0.0021352781914174557, 0.030497444793581963, 0.029505601152777672, -0.003808028995990753, 0.013798839412629604, 0.018423879519104958, 0.04195932671427727, -0.0014842940727248788, 0.020894568413496017, 0.019770201295614243, -0.041516222059726715, 0.010683424770832062, 0.0005567498737946153, -0.023380449041724205, -0.038475994020700455, -0.0023844940587878227, 0.01972247287631035, 0.01799171045422554, -0.0008493266068398952, -0.03666558116674423, 0.03435524180531502, -0.014439855702221394, -0.06473243981599808, 0.04260898754000664, -0.0063873231410980225, -0.03753957897424698, 0.025056937709450722, 0.025878261774778366, 0.031041378155350685, -0.0018822159618139267, -0.01080739963799715, -0.03721766918897629, -0.0190583486109972, -0.02740192413330078, 0.010507521219551563, -0.014986488036811352, 0.017418628558516502, -0.10192376375198364, 0.004360174294561148, 0.00838659331202507, 0.003740114625543356, 0.023719603195786476, -0.000318724662065506, 0.007065510377287865, -0.0179994348436594, 0.005864742211997509, -0.03725818544626236, 0.04144173115491867, -0.008403406478464603, 0.053088899701833725, -0.0038662331644445658]",,
