entry_id,entry_type,parent_id,title,description,metadata,version,text_content,code_content,sparse_title_description,dense_text_content,dense_code_snippet,tag
15_1_0_errors_invalid_route_source_mdx,document,,Invalid Custom Route `source`,,{'related_links': []},15.1.0,"## Why This Error Occurred

A pattern could not be parsed when defining custom routes or a middleware `matcher`.

This could have been due to trying to use normal `RegExp` syntax like negative lookaheads (`?!exclude`) without following [`path-to-regexp`](https://github.com/pillarjs/path-to-regexp)'s syntax.

## Possible Ways to Fix It

Wrap the `RegExp` part of your `source` as an un-named parameter.

### Custom Routes

**Before**

```js
{
  source: '/feedback/(?!general)',
  destination: '/feedback/general'
}
```

**After**

```js
{
  source: '/feedback/((?!general).*)',
  destination: '/feedback/general'
}
```

### Middleware

**Before**

```ts filename=""middleware.ts""
const config = {
  matcher: '/feedback/(?!general)',
}
```

**After**

```ts filename=""middleware.ts""
const config = {
  matcher: '/feedback/((?!general).*)',
}
```

## Useful Links

- [path-to-regexp](https://github.com/pillarjs/path-to-regexp)
- [un-named parameters](https://github.com/pillarjs/path-to-regexp#unnamed-parameters)",,"[(np.int64(71), np.float64(0.03948365896940231)), (np.int64(360), np.float64(0.051249925047159195)), (np.int64(7013), np.float64(0.21371859312057495)), (np.int64(60427), np.float64(0.29292330145835876)), (np.int64(106015), np.float64(0.29281774163246155)), (np.int64(130664), np.float64(0.24748367071151733))]","[-0.03426419571042061, 0.010106346569955349, -0.04068901017308235, 0.005111087579280138, -0.020654354244470596, 0.009363573044538498, -0.014682314358651638, 0.017396634444594383, -0.005441712215542793, 0.020383991301059723, 0.002332849195227027, 0.008552045561373234, 0.0017672143876552582, -0.017193390056490898, -0.01686815172433853, -0.02831556275486946, 0.00042628354276530445, -0.0012402991997078061, 0.04684348404407501, -0.017473699524998665, 0.005690704565495253, 0.010212983004748821, -0.001679852488450706, -0.01638718508183956, -0.00982716679573059, 0.014881926588714123, 0.003909676801413298, -0.031552381813526154, 0.03721668943762779, 0.008670618757605553, 0.014568302780389786, -0.024089382961392403, -0.010190965607762337, 0.020050441846251488, -0.03603558987379074, -0.046823590993881226, -0.002309897681698203, 0.00625716894865036, -0.01672470197081566, -0.007330133579671383, -0.028794899582862854, -0.014946584589779377, 0.018583500757813454, -0.0600341260433197, 0.01972527801990509, -0.030605962499976158, 0.011354715563356876, -0.007452231366187334, -0.004246977623552084, -0.020579727366566658, 0.003163591492921114, -0.0017460924573242664, 0.01562577113509178, -0.04642163962125778, -0.001408275100402534, 0.0045282598584890366, -0.03848012164235115, 0.02447751723229885, -0.03853167966008186, 0.011104771867394447, -0.017617231234908104, -0.04082803800702095, -0.02711007371544838, -0.0031770034693181515, 0.01787184365093708, 0.0602666474878788, 0.004467157181352377, 0.03532106429338455, -0.027125317603349686, -0.031431227922439575, 0.0017624342581257224, 0.00966719537973404, -0.008207406848669052, -0.019344830885529518, -0.049423616379499435, 0.02203773707151413, 0.01849079318344593, -0.01643882691860199, -0.03731723129749298, 0.01257338561117649, 0.026550408452749252, -0.007998473942279816, 0.004198483657091856, 0.011990686878561974, 0.01916327513754368, -0.03784003481268883, -0.02124600298702717, 0.04978256672620773, 0.001882245298475027, -0.012382658198475838, 0.056534186005592346, -0.0016637630760669708, 0.004933317191898823, -0.016165556386113167, -0.029756728559732437, 0.005543064326047897, -0.009619547054171562, 0.028850195929408073, 0.027768289670348167, 0.01081411074846983, 0.008739366196095943, 0.010317991487681866, -0.005315534770488739, -0.04582654684782028, 0.10360666364431381, -0.01561369001865387, 0.03886864706873894, -0.02618313767015934, 0.005165882874280214, -0.02321108616888523, 0.024026134982705116, -0.025403378531336784, 0.015159650705754757, -0.006680781953036785, -0.019851095974445343, -0.019384218379855156, 0.014345199801027775, -0.01053773332387209, 0.010022674687206745, 0.016832521185278893, 0.011518030427396297, 0.03035018779337406, 0.05920906737446785, -0.027414463460445404, -0.030436977744102478, -0.006281748879700899, -4.733741297968663e-05, 0.02151503786444664, -0.003638031193986535, 0.007825938053429127, 0.018829096108675003, -0.004637656267732382, -0.010446901433169842, 0.019503852352499962, 0.006950022652745247, 0.006519677117466927, 0.023110905662178993, 0.022994758561253548, 0.00884957518428564, -0.07140766084194183, 0.025595705956220627, 0.034089382737874985, 0.0006711985915899277, -0.04134625568985939, -0.0007612024201080203, -0.04098295792937279, 0.03533428534865379, 0.011001795530319214, -0.00990232639014721, -0.04701216518878937, 0.019460057839751244, 0.0009908948559314013, 0.0087462542578578, 0.00041881552897393703, 0.04778919741511345, -0.03740694373846054, 0.011890348978340626, 0.051252204924821854, -0.005658931564539671, 0.03163252770900726, 0.0022658216767013073, 0.049167878925800323, 0.014323742128908634, -0.009192882105708122, 0.041546933352947235, -0.04661695659160614, 0.031293585896492004, 0.01854604482650757, -0.02449702098965645, -0.09464005380868912, 0.004364314954727888, 0.015236921608448029, 0.052786506712436676, -0.01727265492081642, 0.0007463132496923208, 0.03416500985622406, 0.08058217912912369, 0.020396340638399124, 0.05638904497027397, -0.009724381379783154, -0.04225623980164528, 0.03745466470718384, 0.009872187860310078, -0.041420094668865204, -0.0015873037045821548, 0.0007632137276232243, -0.005259794648736715, -0.06791619211435318, 0.01861575059592724, 0.007822956889867783, -0.040747638791799545, -0.007089508697390556, 0.06955108046531677, 0.021887075155973434, 0.01237791869789362, 0.01829034648835659, 0.03880365192890167, -0.0034202742390334606, -0.003119834465906024, 0.006534951273351908, -0.0015192701248452067, -0.007040679454803467, -0.0008588311611674726, 0.004201255273073912, 0.0032164358999580145, -0.0252197477966547, -0.054116297513246536, -0.03882299363613129, 0.006815072149038315, -0.05492556467652321, 0.007849360816180706, -0.02386534959077835, -0.04615876078605652, -0.0037449938245117664, -0.03399856016039848, 0.03423410281538963, -0.0004376837459858507, 0.0036187737714499235, 0.0376872681081295, -0.016574477776885033, -0.023898614570498466, 0.017516573891043663, -0.03823714703321457, -0.0007853016722947359, -0.014547617174685001, -0.005065229255706072, 0.03002418950200081, -0.002442627912387252, 0.00476288003847003, -0.02493324503302574, 0.00948770996183157, 0.006494158413261175, -0.01253017969429493, -0.010917260311543941, 0.03802073374390602, 0.010090111754834652, -0.02836890146136284, 0.0004995300550945103, 0.03839683532714844, 0.008818328380584717, -0.030376475304365158, -0.028669938445091248, 0.01739300787448883, 0.03506803512573242, -0.012962359003722668, -0.020540878176689148, 0.0043676248751580715, -0.02399347350001335, -0.0038258216809481382, -0.03626716136932373, 0.01464154478162527, -0.01800079271197319, 0.014150209724903107, -0.004912185482680798, 0.04714237526059151, 0.04503937065601349, 0.02112344652414322, -0.0038686871994286776, -0.0045925709418952465, -0.01163449790328741, 0.016345085576176643, 0.014640331268310547, -0.0019065577071160078, 0.013594554737210274, -0.0015412495704367757, 0.027312038466334343, -0.02359083667397499, -0.048084355890750885, 0.01236785389482975, 0.002967595821246505, -0.037371281534433365, -0.03335558995604515, 0.022972481325268745, 0.0065606399439275265, 0.004122491460293531, 0.020927147939801216, -0.013801906257867813, -0.030126625671982765, 0.11137454956769943, 0.031044339761137962, 0.02822025492787361, 0.06647957861423492, 0.058995913714170456, -0.008285234682261944, 0.04021889343857765, -0.0002544881426729262, 0.004755550064146519, 0.015179702080786228, 0.021917346864938736, -0.004484058357775211, 0.005989807192236185, 0.03696060553193092, 0.06435389071702957, -0.01483555044978857, -0.04229419678449631, 0.00016950664576143026, 0.01222818810492754, -0.16454920172691345, -0.01261226274073124, 0.04238324984908104, -0.022603144869208336, -0.0023696469143033028, 0.03360786288976669, -0.03652093559503555, 0.0011085880687460303, -0.006035800091922283, 0.05460076034069061, -0.015036485157907009, -0.03675650805234909, -0.0030604475177824497, -0.00473920488730073, 0.017773836851119995, -0.02611890621483326, -0.019500963389873505, 0.04660075530409813, -0.0018870120402425528, -0.06137244030833244, -0.021889884024858475, -0.016213705763220787, 0.04584512859582901, -0.03397875279188156, -0.010466478765010834, -0.05615381523966789, 0.0640602856874466, 0.009936373680830002, -0.021590018644928932, 0.01758696511387825, -0.050365760922431946, 0.03013821318745613, -0.0028958702459931374, 0.021571526303887367, 0.007359125651419163, 0.03387784957885742, 0.020569168031215668, 0.02543678693473339, -0.023304089903831482, -0.008464564569294453, -0.015479609370231628, 0.027261022478342056, -0.010035404935479164, 0.0023250484373420477, -0.01983772963285446, -0.010332562029361725, 0.002283225767314434, -0.02550281025469303, -0.025415021926164627, 0.0207566749304533, -0.008614778518676758, -0.019386494532227516, -0.0010761418379843235, -0.023532167077064514, -0.018146347254514694, -0.008297487162053585, -0.017537599429488182, -0.0012942587491124868, -0.05097172409296036, 0.012697015888988972, -0.025309348478913307, 0.007251289207488298, 0.030788272619247437, 0.015580488368868828, -0.03183942288160324, 0.03434579819440842, 0.038984160870313644, 0.0008470676257275045, 0.03977808728814125, 0.005510338116437197, -0.00042684172512963414, -0.07815521210432053, 0.020714901387691498, 0.006398470606654882, -0.04401102289557457, 0.029695013538002968, 0.04974004626274109, -0.014684543013572693, -0.02255178987979889, -0.10385383665561676, -0.01538384985178709, 0.05183485150337219, 0.00389393069781363, 0.015586030669510365, -0.021684572100639343, 0.03566247224807739, 0.017029060050845146, 0.016274822875857353, 0.023350687697529793, 0.232610821723938, -0.002267500152811408, -0.0469437912106514, -0.0568937212228775, 0.016407253220677376, -0.02493768371641636, 0.008599010296165943, 0.05035364627838135, 0.017433859407901764, -0.029546935111284256, -0.015743190422654152, 0.046444620937108994, 0.00826540682464838, -0.010144256986677647, 0.03980443626642227, 0.05787253379821777, -0.06331812590360641, 0.01934533193707466, 0.01692584715783596, -0.057998694479465485, -0.004165083169937134, -0.011501697823405266, 0.02305801771581173, 0.04183046519756317, -0.03668102249503136, -0.01695460081100464, -0.018038224428892136, -0.004388218745589256, -0.05033466964960098, 0.06361646205186844, -0.038360971957445145, -0.0247917752712965, 0.0756228044629097, -0.014952389523386955, -0.025789473205804825, -0.006427648942917585, 0.02177436091005802, -0.04700940474867821, 0.04012653976678848, 0.03215652331709862, -0.0006321800174191594, -0.006754680071026087, -0.004750451538711786, 0.02248462848365307, 0.019611423835158348, -0.048820480704307556, 0.0025999329518526793, -0.04640945419669151, -0.021589307114481926, -0.02138490229845047, -0.05436832457780838, -0.03723832964897156, -0.051835305988788605, -0.0017201273003593087, -0.04667561128735542, -0.042955443263053894, -0.004590944852679968, -0.015173237770795822, 0.01411306019872427, 0.01610555127263069, 0.033919114619493484, 0.0020411028526723385, -0.03410132974386215, 0.02118430845439434, -0.022362301126122475, -0.0065215229988098145, -0.0036924974992871284, -0.05146919563412666, 0.010805895552039146, 0.059283070266246796, 0.02230045571923256, 0.0026599355041980743, 0.044040556997060776, 0.00929351057857275, 0.007782565429806709, 0.01579377055168152, 0.005058920942246914, 0.06824009865522385, -0.06109956279397011, 0.012243392877280712, -0.01708320900797844, -0.0035289633087813854, -0.029938390478491783, 0.0035129585303366184, 0.0026553338393568993, 0.002377042081207037, 0.06720519810914993, 0.046078961342573166, -0.03434937819838524, -0.018292471766471863, -0.00882432609796524, -0.04052436724305153, 0.003703927854076028, 0.03961911424994469, 0.045722976326942444, -0.004541889298707247, -0.015069959685206413, -0.0006372724892571568, 0.006752117536962032, -0.030302174389362335, -0.010408291593194008, -0.01867506466805935, 0.031904928386211395, -0.006340960040688515, 0.02451886236667633, -0.03404701501131058, 0.02122238278388977, 0.02352125197649002, -0.02707517519593239, -0.007540784776210785, -0.023803193122148514, 0.0017869817093014717, -0.024508826434612274, 0.017422180622816086, -0.04018967226147652, 0.03544856235384941, 0.005715133622288704, 0.012457756325602531, 0.03781883046030998, -0.002615107921883464, 0.004852869547903538, -0.01437875721603632, 0.0036272616125643253, 0.001318463939242065, -0.0093891192227602, 0.0009704842232167721, -0.0604340098798275, 0.007261164020746946, -0.06717830896377563, -0.0004111400048714131, -0.0018041619332507253, -0.036078080534935, -0.015521342866122723, 0.055535782128572464, 0.038173265755176544, -0.021331751719117165, 0.0007467195973731577, 0.01787782646715641, -3.141222259728238e-05, 0.0035744374617934227, -0.02785557322204113, 0.012893104925751686, -0.0082098338752985, -0.049735087901353836, 0.013908524066209793, 0.010552944615483284, 0.03814661502838135, -0.06564641743898392, -0.006923221983015537, 0.04700055345892906, 0.047126058489084244, 0.01944652944803238, -0.016588445752859116, -0.037541698664426804, -0.016287295147776604, -0.0004539694346021861, 0.0038265108596533537, -0.005099408328533173, -0.005318102426826954, 0.0022327930200845003, -0.005018494091928005, 0.011348514817655087, 0.003267320804297924, 0.039376188069581985, 0.011859314516186714, 0.01716400310397148, 0.03914126008749008, -0.0019690492190420628, -0.002098261844366789, -0.008286290802061558, 0.012567296624183655, -0.023375609889626503, -0.045084524899721146, 0.045637525618076324, -0.019706377759575844, 0.01577640138566494, -0.015367520973086357, -0.023165760561823845, -0.03902783617377281, -0.037098780274391174, 0.01314141321927309, -0.015460950322449207, -0.05689675360918045, -0.04531945288181305, 0.026890037581324577, -0.006805599667131901, -0.02188936434686184, -0.026559308171272278, -0.007387557532638311, -0.04410150647163391, 0.02118462137877941, 0.12903763353824615, -0.0485638752579689, 0.012047038413584232, -0.00274722371250391, 0.05259009078145027, 0.015060762874782085, 0.017651766538619995, -0.027385970577597618, -0.016835065558552742, 0.011220350861549377, -0.023753078654408455, 0.010129038244485855, 0.007723666727542877, 0.0053269811905920506, 0.00899431947618723, -0.03724876046180725, -0.01033833809196949, -0.04569821059703827, 0.009183347225189209, -0.03872683644294739, 0.02281244285404682, -0.06626324355602264, 0.003946342971175909, 0.07979359477758408, -0.005612983833998442, 0.06702017784118652, 0.02708747796714306, -0.0022464869543910027, -0.005911211017519236, -0.06087349355220795, -0.006527269724756479, 0.008212990127503872, -0.023715555667877197, 0.005272866692394018, 0.005365415010601282, -0.014589661732316017, 0.007429148536175489, 0.041997794061899185, 0.0022332719527184963, 0.0034131137654185295, 0.03406531736254692, -0.05858727544546127, -0.023948106914758682, 0.028324376791715622, 0.029153695330023766, -0.006203912664204836, 0.023379875347018242, -0.010464787483215332, -0.012249753810465336, 0.009694056585431099, -0.009597348980605602, -0.009062964469194412, 0.05540169030427933, -0.011206600815057755, -0.008258651942014694, -0.04997023195028305, -0.03208945691585541, 0.009348404593765736, 0.02907663583755493, 0.038909610360860825, 0.0159695353358984, 0.030923306941986084, 0.011198652908205986, 0.029145827516913414, 0.026473158970475197, -0.011816578917205334, 0.0023789689876139164, -0.031019248068332672, -0.004600680433213711, 0.011792298406362534, -0.0038514083717018366, 0.024610811844468117, -0.04980931058526039, 0.026115089654922485, -0.07623220235109329, 0.030876727774739265, -0.0066758752800524235, -0.025447091087698936, -0.04628508910536766, -0.00014059647219255567, -0.015467342920601368, -0.04503539577126503, -0.03530716150999069, -0.008839281275868416, 0.005302718840539455, -0.020807720720767975, 0.04048268496990204, 0.052106693387031555, -0.022242577746510506, -0.04461133852601051, -0.004628209862858057, 0.004445669241249561, 0.004651148337870836, 0.007995283231139183, 0.021819813176989555, 0.02514614537358284, -0.018682781606912613, 0.05263843014836311, -0.04968392103910446, -0.015889847651124, -0.004498492926359177, -0.03622007369995117, -0.002533760853111744, -0.008253734558820724, -0.0018269376596435905, -0.06007494404911995, 0.06681597977876663, -0.006268652621656656, 0.0016538992058485746, 0.015883706510066986, 0.041519321501255035, -0.009364177472889423, -0.01836514100432396, -0.03196921944618225, 0.035981424152851105, -0.0020788288675248623, -0.002892823191359639, 0.04340587183833122, 0.02549108676612377, -0.020765461027622223, -0.08317922800779343, 0.048852480947971344, 0.017815478146076202, 0.01199205033481121, -0.037128645926713943, 0.04196808859705925, 0.014706612564623356, 0.02477022260427475, -0.011574826203286648, -0.03709375113248825, -0.00991636049002409, -0.019559333100914955, -0.04159488528966904, 0.012754787690937519, 0.008030932396650314, -0.03122684545814991, -0.04895996302366257, 0.010278274305164814, -0.019447866827249527, -0.029423918575048447, -0.010119150392711163, 0.002759263850748539, -0.017821116372942924, 0.012899265624582767, -0.00042051158379763365, -0.024003172293305397, 0.004491569008678198, 0.0031337826512753963, -0.034043263643980026, 0.00147009058855474, -0.039271075278520584, 0.0003647884586825967, -0.028476880863308907, 0.05255146697163582, -0.0477752611041069, 0.012581061571836472, 0.047720905393362045, -0.015652243047952652, -0.03989727050065994, -0.06982463598251343, 0.03400355204939842, -0.020876426249742508, -0.020376140251755714, 0.00431926129385829, 0.011155480518937111, -0.023230012506246567, 0.040448009967803955, -0.003815668635070324, 0.06597182154655457, -0.03092999942600727, 0.04708587005734444, -0.05150037258863449, -0.006604298483580351, 0.00414929399266839, -0.003936329856514931, 0.04165481775999069, 0.029251134023070335, -0.03263300284743309, 0.00010566520359134302, -0.01827794313430786, -0.0005885684513486922, 0.021126845851540565, 0.029206689447164536, -0.0019157483475282788, 0.042176779359579086, -0.05204593017697334, 0.054861295968294144, 0.02266646921634674, -0.021662000566720963, -0.02960030920803547, -0.015875691547989845, -0.007123156916350126, 0.0024623952340334654, -0.012788605876266956, -0.009784811176359653, 0.012241099961102009, 0.005223963875323534, -0.03438075631856918, 0.030310465022921562, -0.009481269866228104, 0.019842345267534256, -0.04612308740615845, -0.001070676138624549, -0.13187460601329803, 0.006727529689669609, -0.005522990599274635, -0.01642286777496338, -0.035742875188589096, -0.007066445890814066, -0.012982458807528019, -0.04767932742834091, 0.0023032163735479116, -0.04939233511686325, -0.0400644950568676, 0.017368292436003685, 0.014815866947174072, -0.028874525800347328, -0.017957381904125214, 0.01688486710190773, 0.01787840947508812, -0.009467591531574726, 0.021742647513747215, -0.04488076642155647, 0.01677512377500534, -0.016410494223237038, 0.03901544585824013, 0.014769909903407097, 0.014091472141444683, -0.041124358773231506, -0.039024267345666885, -0.03531112149357796, -0.03158065676689148, -0.0004934618482366204, -0.03522641956806183, -0.03541646525263786, 0.008469835855066776, 0.07506223767995834, -0.04348055645823479, 0.027374248951673508, 0.017183775082230568, -0.02565205655992031, -0.0034150537103414536, 0.008396303281188011, 0.02618555724620819, 0.03820659965276718, -0.040110938251018524, 0.007310216780751944, 0.03188129514455795, 0.051485273987054825, -0.011797502636909485, -0.018087537959218025, -0.031196286901831627, -0.0400201715528965, -0.023497797548770905, 0.04183482378721237, -0.009339089505374432, -0.006297188811004162, 0.015100530348718166, -0.021953292191028595, -0.06130615994334221, 0.03281642869114876, 0.004310645628720522, 0.07218891382217407, -0.04292898252606392, -0.002672547474503517, -0.007764421869069338, -0.06667722761631012, -0.008171404711902142, 0.02948976866900921, -0.03984220698475838, 0.006422968581318855, -0.010589353740215302, -0.029156887903809547, 0.027884850278496742, -0.03578881174325943, -0.005476652644574642, -0.03344348818063736, -0.00830189697444439, 0.01304375845938921, 0.06803787499666214, 0.015038433484733105, 0.04935027286410332, -0.014095497317612171, -0.04252559691667557, 0.007047013379633427, -0.043079182505607605, 0.031234875321388245, 0.08564148098230362, -0.0013724820455536246, -0.0047245691530406475, -0.0023457917850464582, -0.012356038205325603, -0.013708826154470444, -0.05142107605934143, 0.0010487160179764032, 0.014639121480286121, 0.021479226648807526, 0.0014753324212506413, 0.018007872626185417, -0.020435756072402, 0.017218004912137985, -0.0007780037703923881, -0.009541909210383892, -0.0208345465362072, -0.01277791615575552, 0.011688153259456158, 0.007681802846491337, -0.028214426711201668, 0.010709707625210285, 0.04097691923379898, 0.02712499164044857, 0.005244601052254438, -0.03228554129600525, -0.0503915473818779, -0.0010078386403620243, -0.0028859181329607964, -0.02350686304271221, -0.05028136074542999, 0.015186275355517864, 0.04365060105919838, -0.002735025016590953, 0.0010647161398082972, 0.0038297143764793873, -0.011812767013907433, -0.008396768942475319, 0.013884687796235085, -0.02130894362926483, 0.025835877284407616, 0.009435394778847694, 0.03528894484043121, 0.017681431025266647, 0.043618712574243546, -0.038733623921871185, -0.004991678986698389, -0.024347515776753426, -0.01775314100086689, 0.008624505251646042, 0.026470668613910675, -0.002875297563150525, -0.07004118710756302, 0.03307654336094856, -0.008022765628993511, -0.02968895249068737, -0.036705173552036285, 0.00337690906599164, 0.037254177033901215, -0.04177729785442352, 0.030985437333583832, -0.007475241553038359, 0.027142489328980446, 0.010461930185556412, -0.027666456997394562, 0.00013033377763349563, 0.014398365281522274, 0.012515519745647907, -0.01221537683159113, -0.009995374828577042, -0.05117608234286308, -0.002008911222219467, -0.006022446323186159, -0.030471649020910263, 0.017604747787117958, 0.07348868250846863, -0.004780813120305538, -0.04232228547334671, 0.015198752284049988, -0.015996355563402176, 0.003646770492196083, 0.03596857562661171, 0.028593987226486206, -0.015568133443593979, 0.024282187223434448, 0.03310978785157204, 0.007344893179833889, 0.04572175070643425, -0.011681489646434784, 0.022723708301782608, 0.008604413829743862, -0.04525800421833992, 0.008577930741012096, -0.03663820028305054, 0.02809266373515129, -0.022594530135393143, 0.005037782713770866, 0.0195146594196558, 0.0798836424946785, -0.0001606394798727706, -0.007374799344688654, 0.038694240152835846, -0.0033746142871677876, -0.017922915518283844, 0.018595902249217033, -0.02135862596333027, -0.010110297240316868, -0.007776553742587566, 0.0006611557910218835, -0.009958223439753056, 0.017852021381258965, -0.04041708633303642, 0.021893084049224854, 0.04606045037508011, -0.0411134697496891, 0.037091728299856186, 0.040291041135787964, -0.050344135612249374, 0.004879132844507694, -0.02904020994901657, 0.017345985397696495, 0.021429292857646942, -0.028605520725250244, -0.027524001896381378, 0.0081272441893816, 0.08881683647632599, -0.007997352629899979, -0.004786004777997732, -0.032400768250226974, 0.004621212836354971, -0.002588253701105714, -0.010564791969954967, 0.05466022714972496, 0.012682334519922733, 0.041320621967315674, -0.06595204770565033, 0.012410390190780163, 0.020973719656467438, 0.0073799933306872845, -0.012584604322910309, -0.04447878152132034, 0.0011653415858745575, -0.03162537142634392, -0.0043938737362623215, 0.012513837777078152, 0.0034116371534764767, -0.07021045684814453, -0.034508585929870605, -0.01049119047820568, 0.01162714697420597, 0.0019356169505044818, 0.03354882076382637, 0.009313885122537613, 0.06955379247665405, -0.012966087087988853, 0.019847353920340538, 0.01827171817421913, -0.0006710461457259953, 0.043820273131132126, 0.01808609813451767]",,
15_1_0_errors_invalid_route_source_mdx_section_1,section,15_1_0_errors_invalid_route_source_mdx,Invalid Custom Route `source` - Why This Error Occurred,,{},15.1.0,"A pattern could not be parsed when defining custom routes or a middleware ``.
This could have been due to trying to use normal `` syntax like negative lookaheads (``) without following [https://github.com/pillarjs/path-to-regexp](https://github.com/pillarjs/path-to-regexp)'s syntax.
",,"[(np.int64(71), np.float64(0.02657938003540039)), (np.int64(180), np.float64(0.008134189993143082)), (np.int64(238), np.float64(0.005391307175159454)), (np.int64(297), np.float64(0.008571688085794449)), (np.int64(360), np.float64(0.04983832687139511)), (np.int64(1135), np.float64(0.020133711397647858)), (np.int64(3293), np.float64(0.12997689843177795)), (np.int64(7013), np.float64(0.2079467475414276)), (np.int64(44084), np.float64(0.12715357542037964)), (np.int64(60427), np.float64(0.3035798966884613)), (np.int64(64240), np.float64(0.10413704812526703)), (np.int64(106015), np.float64(0.2967779040336609)), (np.int64(130664), np.float64(0.26264381408691406)), (np.int64(212059), np.float64(0.23034578561782837))]","[-0.03255059942603111, 0.024769671261310577, -0.002683805301785469, -0.0109186302870512, -0.02883247472345829, 0.00019727864128071815, -0.00435349065810442, 0.02794327773153782, -0.006909416057169437, 0.025758711621165276, 0.003089697565883398, 0.007843473926186562, 0.008531911298632622, -0.021206194534897804, -0.011472674086689949, 0.007746964693069458, 0.020763956010341644, -0.0253153033554554, 0.06349128484725952, -0.031380973756313324, 0.026602141559123993, 0.01104947179555893, -0.01270559523254633, 0.0018276365008205175, -0.019190842285752296, 0.025716373696923256, 0.013235384598374367, -0.008638028055429459, 0.04072120413184166, 0.03130339831113815, 0.004662159830331802, -0.0009001281578093767, 0.003017577575519681, 0.01034567505121231, -0.03283881023526192, -0.06551413983106613, -0.026370974257588387, 0.02576250210404396, -0.01037617027759552, -0.008356542326509953, -0.01309694442898035, 0.009919208474457264, 0.035310808569192886, -0.05445895716547966, 0.01857171021401882, -0.014089220203459263, 0.008262149058282375, -0.014445291832089424, 0.008621730841696262, 0.01285246666520834, 0.00919770821928978, 0.004953581839799881, 0.028428904712200165, -0.04818638786673546, -0.020760949701070786, -0.022361641749739647, -0.041170839220285416, 0.015067051164805889, -0.04444868490099907, 0.014637487940490246, -0.02292741648852825, -0.029846660792827606, -0.03099139779806137, -0.01961815170943737, 0.03715430945158005, 0.06167677789926529, -0.030455641448497772, 0.04006735607981682, -0.03204679861664772, -0.043036315590143204, 0.00421832175925374, 0.02897830121219158, -0.028156248852610588, -0.0008045829017646611, -0.04080943390727043, 0.026437729597091675, 0.013699682429432869, -0.012692016549408436, -0.025562481954693794, 0.05054417625069618, 0.03036618046462536, -0.013876291923224926, 0.034275833517313004, -0.010079949162900448, 0.010248099453747272, -0.03969995677471161, -0.022286349907517433, 0.04974190890789032, 0.012499985285103321, -0.0008116357494145632, 0.0533391609787941, 0.0070700435899198055, 0.015725459903478622, -0.02665894106030464, -0.05076879262924194, -0.0016460716724395752, -0.005390091799199581, 0.020803723484277725, 0.02986895479261875, 0.01578911952674389, 0.020175857469439507, 0.004128049127757549, -0.01110923569649458, -0.029585277661681175, 0.08114742487668991, -0.014444639906287193, 0.03262951597571373, -0.02716851606965065, 0.020684903487563133, -0.01909204199910164, 0.037777047604322433, -0.012391592375934124, 0.02586265280842781, 0.0014725696528330445, -0.03122876025736332, -0.02684370055794716, 0.01158690731972456, -0.020641053095459938, -0.0075426120311021805, 0.024387890473008156, -0.007553412578999996, 0.008652593940496445, 0.06826317310333252, -0.0462104007601738, -0.019296975806355476, -0.004490185528993607, -0.025950292125344276, -0.009567229077219963, -0.009180309250950813, 0.024589914828538895, -0.004538963083177805, 0.018244104459881783, -0.005683070048689842, 0.01869100332260132, 0.009853117167949677, -0.011023321188986301, 0.005207994021475315, 0.03840548172593117, -0.010141112841665745, -0.050698209553956985, 0.031735580414533615, 0.021050438284873962, 0.012319152243435383, -0.03983008861541748, 0.020568527281284332, -0.028539735823869705, 0.036018986254930496, 0.012675709091126919, -0.005409324076026678, -0.06398435682058334, 0.012976456433534622, -0.01515503041446209, -0.003233331488445401, 0.017637519165873528, 0.043569646775722504, -0.0485520213842392, -0.011013071052730083, 0.04999887943267822, -0.007521405816078186, 0.030126122757792473, -0.011050685308873653, 0.04437968134880066, 0.010930842719972134, -0.024972237646579742, 0.04582741856575012, -0.056016985327005386, 0.05339284986257553, 0.04381917417049408, -0.02603580802679062, -0.06665535271167755, 0.006816381588578224, -0.0001757038407959044, 0.04370352253317833, -0.028132330626249313, -0.013005096465349197, 0.04403412342071533, 0.06795227527618408, 0.013379751704633236, 0.04415508732199669, -0.013142145238816738, -0.026106229051947594, 0.02897583693265915, 0.020036356523633003, -0.012675650417804718, -0.010079273954033852, 0.010353601537644863, -0.00573766091838479, -0.06120237335562706, 0.01300137396901846, 0.017644042149186134, -0.032907113432884216, -0.016484562307596207, 0.06402328610420227, 0.031880296766757965, 0.025974882766604424, -0.0005785207613371313, 0.04105079174041748, -0.01520655769854784, 0.013938022777438164, -0.016986824572086334, 0.016854846850037575, -0.0015046007465571165, 0.0030188013333827257, -0.018374774605035782, 0.01604370027780533, -0.020601721480488777, -0.06823429465293884, -0.05538634955883026, 0.017281658947467804, -0.012915628962218761, 0.03206696733832359, -0.041810695081949234, -0.05298274755477905, 0.026992429047822952, -0.0367160402238369, 0.028225231915712357, -1.5526233255513944e-05, 0.02441292256116867, 0.021386081352829933, 0.002157908398658037, -0.03687860071659088, 0.019598431885242462, -0.049714475870132446, -0.010215788148343563, -0.02053695172071457, -0.0064338999800384045, 0.006948483642190695, -0.012083064764738083, 0.014462134800851345, -0.02184891328215599, -0.014715120196342468, 0.02079029567539692, 0.002579019870609045, -0.028218703344464302, 0.06170569360256195, 0.000455888599390164, -0.030593128874897957, 0.010320374742150307, 0.02754155360162258, 0.0050383443012833595, -0.027156313881278038, -0.04620102047920227, 0.02340579964220524, 0.02359217032790184, 0.0006862682057544589, -0.031781770288944244, -0.017278332263231277, -0.030519772320985794, -0.015805518254637718, -0.039687320590019226, 0.024452950805425644, -0.009886193089187145, 0.013207165524363518, -0.025093363597989082, 0.02327551320195198, 0.020166166126728058, 0.030200742185115814, -0.015718774870038033, -0.03022904135286808, -0.01920391619205475, 0.033349327743053436, 0.01946762017905712, -0.02017943561077118, 0.005828043911606073, 0.019708780571818352, 0.022461000829935074, -0.008758774027228355, -0.03738344460725784, 0.008771724998950958, 0.04248003661632538, -0.02847549319267273, -0.029604896903038025, 0.02156774513423443, 0.0037956649903208017, -0.0035077484790235758, 0.014052229933440685, -0.02959725633263588, -0.028803758323192596, 0.08946773409843445, 0.03154131770133972, 0.02142222784459591, 0.044453829526901245, 0.051649369299411774, -0.014436180703341961, 0.06811211258172989, -0.006600721273571253, 0.009030980058014393, 0.006824159063398838, -0.004187270067632198, -0.001399682485498488, 0.023423880338668823, 0.061228197067976, 0.04832671955227852, -0.017923438921570778, -0.040209606289863586, -0.02045680582523346, 0.012018869630992413, -0.16801434755325317, -0.031054699793457985, 0.03893344849348068, -0.036126114428043365, 0.004284895956516266, 0.03985033929347992, -0.03003520332276821, 0.0090365344658494, -0.029713770374655724, 0.06689886003732681, 0.013508684001863003, -0.03966736048460007, -0.026475146412849426, 0.00363440765067935, -0.001583823817782104, -0.019521282985806465, -0.021117204800248146, 0.054260145872831345, -0.01464559230953455, -0.04315483570098877, 0.005669790785759687, -0.0038910864386707544, 0.019915571436285973, 0.001263274229131639, -0.0032589223701506853, -0.04985722154378891, 0.07758165150880814, 0.017316237092018127, -0.02828092873096466, 0.0047098142094910145, -0.045208510011434555, 0.047632064670324326, -0.007312403991818428, 0.030285118147730827, 0.024868885055184364, 0.01881364919245243, 0.055817749351263046, 0.03894172981381416, -0.015916971489787102, -0.0315529927611351, -0.02449171245098114, 0.02070387452840805, -0.025209126994013786, -0.016412802040576935, -0.03444518521428108, -0.02447139471769333, -0.008212463930249214, -0.02893260307610035, -0.026625366881489754, 0.006436933297663927, 0.007042669225484133, -0.03399621695280075, 0.004840076435357332, -0.05249079316854477, -0.02543533779680729, -0.01907605119049549, 0.020401407033205032, -0.0016032664570957422, -0.030648136511445045, 0.02395019680261612, -0.025936825200915337, -0.017236830666661263, 0.027304310351610184, 0.03333347290754318, -0.022700147703289986, 0.050756409764289856, 0.05033988878130913, 0.0035011291038244963, 0.03106735646724701, -0.003179138759151101, -0.003528698580339551, -0.05109385401010513, 0.00825196411460638, 0.01578601263463497, -0.05427132546901703, -0.0018810163019225001, 0.06673140078783035, 0.013484145514667034, 0.005065917503088713, -0.07733409106731415, -0.019497225061058998, 0.04737943783402443, 0.012782873585820198, 0.017384083941578865, -0.024356864392757416, 0.03555985540151596, 0.02387004718184471, 0.048416368663311005, 0.0355977900326252, 0.2164328694343567, -0.003425821429118514, -0.03974300995469093, -0.03695756942033768, 0.04319673776626587, -0.04280370846390724, 0.014217809773981571, 0.04825727641582489, -0.001068134792149067, -0.055128324776887894, -0.028203798457980156, 0.032696258276700974, 0.004125164356082678, -0.005270136520266533, 0.03182446211576462, 0.026928957551717758, -0.06507309526205063, -0.00599699979647994, 0.0191216878592968, -0.057606954127550125, -0.00037896656431257725, -0.007221184205263853, 0.030934590846300125, 0.03796853497624397, -0.07402481138706207, 0.0017800135537981987, -0.023624401539564133, -0.012692688032984734, -0.0609700009226799, 0.05276405066251755, -0.0408911406993866, -0.016204366460442543, 0.05436967313289642, -0.009968704544007778, 0.00030329596484079957, -0.023617984727025032, 0.018894203007221222, -0.042533956468105316, 0.04797302931547165, 0.01940407231450081, -0.007017724681645632, -0.008210109546780586, -0.030645158141851425, -4.1676306864246726e-05, 0.040485505014657974, -0.042261648923158646, 0.00027896504616364837, -0.04774939641356468, -0.014978591352701187, 0.00021121883764863014, -0.04582826793193817, -0.04162771627306938, -0.04006499424576759, -0.00750279426574707, -0.020204873755574226, -0.011612621136009693, -0.005575487855821848, -0.018188904970884323, 0.006363261956721544, 0.01858973130583763, 0.03397931531071663, -0.0017910745227709413, -0.05350338667631149, 0.012064370326697826, -0.0157571230083704, -0.011720607988536358, -0.011443277820944786, -0.045494385063648224, 0.030143683776259422, 0.04265185073018074, 0.00552714616060257, 0.0021799905225634575, 0.036978501826524734, 0.0029816473834216595, 0.0006949810776859522, 0.004439850337803364, 0.011592252179980278, 0.05467751622200012, -0.08371272683143616, -0.016827989369630814, -0.009107674472033978, -0.007929611951112747, -0.022056054323911667, 0.008482987061142921, 0.009986425749957561, -0.01868937909603119, 0.05494532361626625, 0.040042683482170105, -0.027940945699810982, -0.03024505078792572, -0.004646547604352236, -0.03383270278573036, -0.003935161046683788, 0.06149690970778465, 0.018512487411499023, 0.007009625434875488, -0.03596128150820732, -0.021082330495119095, -0.003943575080484152, -0.030581548810005188, -0.01594296284019947, -0.01855170540511608, 1.0898954315052833e-05, -0.033525627106428146, 0.044542111456394196, -0.016841666772961617, 0.03471110761165619, 0.023591505363583565, -0.03746742382645607, -0.0005506759625859559, -0.03447416424751282, -0.015171806327998638, -0.029641414061188698, 0.014303389005362988, -0.04639663174748421, 0.018032629042863846, -0.016139362007379532, 0.0011447661090642214, 0.026852525770664215, 0.02575131505727768, 0.003702532034367323, -0.03687508404254913, 0.006647205911576748, 0.0020054029300808907, -0.008033396676182747, 0.009158340282738209, -0.050232693552970886, 0.02137942612171173, -0.07456481456756592, 0.030465323477983475, 0.01359326858073473, -0.028931887820363045, -0.027563704177737236, 0.027668843045830727, 0.06143031269311905, 0.005980209447443485, 0.003393010003492236, 0.011854838579893112, -0.03717288002371788, 0.010392379015684128, -0.02600078098475933, 0.007269932888448238, 0.001252276822924614, -0.05584315210580826, 0.00906083919107914, 0.033281244337558746, -0.0029261568561196327, -0.04181118309497833, 0.012162987142801285, 0.022138983011245728, 0.030626991763710976, 0.03407033905386925, -0.03120330534875393, -0.04340812936425209, -0.007705322932451963, -0.021481888368725777, -0.008490593172609806, 0.0005925685400143266, -0.006207216531038284, 0.0030180870089679956, -0.011799797415733337, 0.033850979059934616, 0.02054341323673725, 0.040421001613140106, 0.012988556176424026, 0.02815122716128826, 0.040273480117321014, -0.018075432628393173, -0.0024092961102724075, -0.011528782546520233, 0.0179397352039814, -0.01817229390144348, -0.048723019659519196, 0.04937773570418358, -0.0028441683389246464, 0.008006967604160309, -0.031608253717422485, -0.022559506818652153, -0.03966807574033737, -0.05085551366209984, 0.0232063140720129, -0.020776737481355667, -0.02406146004796028, -0.04993598535656929, 0.02179713174700737, -0.0316912978887558, -0.03394733741879463, -0.014365244656801224, -0.027822567149996758, -0.04576834663748741, 0.008956000208854675, 0.12878063321113586, -0.029596449807286263, -0.011890980415046215, -0.014804244041442871, 0.05679786205291748, 0.0006851809448562562, 0.0084476787596941, -0.011238155886530876, -0.020920908078551292, 0.020149828866124153, -0.018991077318787575, 0.03261149302124977, -0.007244274951517582, 0.010064983740448952, 0.014580132439732552, -0.022131070494651794, -0.0058822897262871265, -0.056763049215078354, 0.01633640006184578, -0.02656525932252407, 0.03371945396065712, -0.08546887338161469, -0.010771452449262142, 0.08379645645618439, 0.007189491763710976, 0.06900620460510254, 0.053475987166166306, 0.03524978086352348, -0.012511356733739376, -0.04268985241651535, -0.014703355729579926, 0.030296053737401962, -0.031848058104515076, 0.0048982566222548485, 0.03074711002409458, -8.306177915073931e-05, 0.009512899443507195, 0.029831672087311745, -0.004651539493352175, -0.000787260418292135, 0.05622440576553345, -0.04843579977750778, -0.003907826263457537, 0.0161464661359787, 0.007782498840242624, 0.004236566834151745, 0.0026836623437702656, -0.006896142847836018, -0.0027687286492437124, 0.011356804519891739, -0.013289375230669975, -0.0012243979144841433, 0.04580937698483467, -0.018236061558127403, -0.008645173162221909, -0.04813078045845032, -0.029278146103024483, 0.007548394147306681, 0.06259097158908844, 0.014349117875099182, 0.014753592200577259, 0.008519237861037254, 0.012415874749422073, 0.019574912264943123, 0.017870917916297913, -0.0005537951365113258, -0.015618378296494484, -0.038765519857406616, -0.007609659805893898, 0.010107571259140968, 0.029620680958032608, 0.02568598836660385, -0.048677656799554825, 0.0030141978058964014, -0.07329180836677551, 0.030703801661729813, 0.001758428756147623, -0.0013345082988962531, -0.05404859036207199, -0.0026862244121730328, -0.00851113349199295, -0.017956163734197617, -0.04427732899785042, -0.013290691189467907, -0.003708048490807414, -0.039414677768945694, 0.016774382442235947, 0.06122327595949173, -0.02008363977074623, -0.049139514565467834, 0.01751602441072464, 0.007686261087656021, 0.002741748932749033, -0.0015310567105188966, 0.034501295536756516, 0.00810353085398674, -0.009925477206707, 0.04923350363969803, -0.04842367395758629, -0.009932955726981163, 0.0027882663998752832, -0.027340052649378777, 0.032954730093479156, -0.0006861702422611415, 0.03151215612888336, -0.055840011686086655, 0.05904218181967735, -0.02577018365263939, 0.00605326471850276, 0.012001982890069485, 0.02631171979010105, -0.0025381450541317463, -0.033178314566612244, -0.038317348808050156, 0.005135105922818184, 0.013197045773267746, -0.007789941504597664, 0.0357801578938961, 0.0067724185064435005, -0.007032363675534725, -0.0948285311460495, 0.03061061166226864, 0.03487849608063698, 0.007417075801640749, -0.03865666314959526, 0.017113415524363518, 0.007034581620246172, 0.04405821114778519, -0.017316000536084175, -0.047626692801713943, -0.00702684186398983, -0.03975755721330643, -0.045751843601465225, -0.004046586342155933, 0.008335897698998451, -0.02175067737698555, -0.0372079536318779, -0.014246785081923008, 0.005872921086847782, -0.04469187930226326, -0.013629053719341755, -0.002583893248811364, 0.0019039706094190478, 0.04252823814749718, 0.014356901869177818, -0.014842365868389606, -0.017456425353884697, 0.006855211686342955, -0.026010269299149513, 0.008937785401940346, -0.04590833932161331, 0.009471962228417397, -0.00273336679674685, 0.06405951827764511, -0.04403628781437874, 0.005294529255479574, 0.030415259301662445, -0.013791385106742382, -0.03572966158390045, -0.03041006624698639, 0.030326180160045624, -0.011390645056962967, -0.021566687151789665, 0.012416422367095947, 0.015934493392705917, 0.00047743902541697025, 0.04099193215370178, 0.00617609079927206, 0.062476661056280136, -0.048649221658706665, 0.03390657901763916, -0.04504501819610596, 0.010011227801442146, -0.006551491562277079, -0.009459713473916054, 0.03796245530247688, 0.010435876436531544, -0.018558692187070847, -0.0004910134011879563, -0.0035689056385308504, -0.015446344390511513, 0.04051181301474571, 0.026051707565784454, 0.008888795971870422, 0.03213303163647652, -0.03233599662780762, 0.04069419950246811, 0.03993593528866768, -0.0245033148676157, -0.02383619174361229, -0.037309225648641586, -0.002043788554146886, -0.0014047904405742884, -0.03122258372604847, -0.018854795023798943, 0.015777666121721268, 0.013514529913663864, -0.008113788440823555, 0.0364898182451725, -0.005688108038157225, 0.01243544090539217, -0.04594504460692406, -0.003723437199369073, -0.12338518351316452, 0.025159509852528572, -0.032788582146167755, 0.017132578417658806, -0.0283726267516613, 0.003214057069271803, -0.002008110284805298, -0.03807789459824562, -0.007226232439279556, -0.09142450243234634, -0.01158194150775671, 0.014307606033980846, -0.028319548815488815, -0.03153182566165924, -0.026936782523989677, 0.03430843725800514, 0.0022473521530628204, -0.011464663781225681, -1.1860487575177103e-05, -0.03028588928282261, 0.012854646891355515, -0.007215613033622503, 0.03954152390360832, 0.033542413264513016, -0.003246414940804243, -0.014060097746551037, -0.03900443762540817, -0.020277993753552437, -0.03700781241059303, -0.010496234521269798, -0.04145757481455803, -0.03102259524166584, 0.021376511082053185, 0.048932190984487534, -0.0216993298381567, 0.03713524714112282, 0.009833588264882565, -0.029955655336380005, 0.006025715731084347, 0.01571642793715, 0.0034935548901557922, 0.03531533479690552, -0.051386523991823196, 0.01256029587239027, 0.005010729189962149, 0.03294181451201439, -0.007215342950075865, -0.022139588370919228, -0.06137848645448685, -0.023936158046126366, -0.03005480393767357, 0.02841961197555065, -0.039697013795375824, 0.0017255545826628804, -0.004824261646717787, 0.003352595027536154, -0.07715314626693726, 0.033192165195941925, -0.026421109214425087, 0.04478587210178375, -0.04368388280272484, 0.012315365485846996, -0.030334655195474625, -0.05090648680925369, 0.0076002031564712524, 0.03576773777604103, -0.010764040052890778, -0.0004242869035806507, -0.01624588668346405, -0.041430529206991196, 0.024281080812215805, -0.02849758230149746, 0.0013467069948092103, -0.03149392828345299, -0.011019742116332054, 0.006471947766840458, 0.04058348760008812, 0.006535674910992384, 0.050993412733078, 0.004647549241781235, -0.00878373347222805, 0.004431416746228933, -0.049558136612176895, 0.03203537315130234, 0.0828062891960144, 0.0011761662317439914, -0.017659340053796768, 0.015983598306775093, -0.01498892530798912, -0.010214658454060555, -0.06423117220401764, 0.004541751462966204, -0.0025706796441227198, -0.005115104373544455, 0.01564459688961506, 0.017309220507740974, -0.0054417881183326244, 0.025043725967407227, -0.009087938815355301, -0.008806540630757809, 0.007045188918709755, 0.004130883142352104, 0.03423493728041649, 0.009835879318416119, -0.03540118783712387, 0.022330543026328087, 0.029923448339104652, 0.031351201236248016, -0.008282873779535294, -0.03681812435388565, -0.04233582690358162, -0.01539610419422388, 0.02507525496184826, -0.022846609354019165, -0.02109568379819393, 0.006433021742850542, 0.026244640350341797, 0.013488145545125008, 0.014082292094826698, -0.004438295494765043, -0.017085188999772072, -0.016405437141656876, 0.01437955442816019, -0.02744296006858349, 0.017019666731357574, 0.021769393235445023, 0.028681199997663498, -0.0007597215590067208, 0.017186200246214867, -0.03178849443793297, -0.010619638487696648, 0.011335317976772785, 0.006752449087798595, 0.010515544563531876, 0.015871433541178703, 0.020427638664841652, -0.06251285970211029, 0.03666221350431442, -0.015420209616422653, 0.008007828146219254, -0.019893821328878403, -0.008950352668762207, 0.014824961312115192, -0.03834988549351692, 0.013567873276770115, -0.014301308430731297, 0.03676767274737358, 0.012435326352715492, -0.03049510158598423, -0.016968082636594772, -0.0018634909065440297, 0.007208357565104961, -0.012359211221337318, -0.003903220873326063, -0.03794392943382263, 0.0039779613725841045, -0.027109486982226372, -0.04652869701385498, 0.018892208114266396, 0.07576088607311249, -0.006960055325180292, -0.06753625720739365, 0.007318477611988783, 0.0008394492324441671, 0.02480556257069111, 0.02098686620593071, 0.02321331575512886, 0.0028371401131153107, 0.023665472865104675, 0.02576429955661297, 0.000868156726937741, 0.03929002583026886, -0.020145805552601814, 0.02125713787972927, 0.020164890214800835, -0.03631741553544998, 0.021973716095089912, -0.03433016315102577, 0.021201109513640404, -0.039155419915914536, -0.0010061910143122077, 0.02153480052947998, 0.06296683102846146, 0.018291518092155457, 0.0008244505734182894, 0.032127030193805695, -0.0303592961281538, -0.026740513741970062, 0.014887118712067604, -0.019543273374438286, -0.012640480883419514, 0.014675107784569263, -0.00011862026440212503, -0.0012931671226397157, 0.012519259937107563, -0.03847865015268326, 0.01219987217336893, 0.05047249794006348, -0.013161515817046165, 0.04004427790641785, 0.04331997036933899, -0.03781920671463013, 0.015274584293365479, -0.04758532717823982, 0.006131581962108612, 0.02249305509030819, -0.007021367084234953, -0.05557240545749664, -0.0022788436617702246, 0.08008668571710587, 0.014726408757269382, 0.0015375036746263504, -0.033429235219955444, 0.02410689927637577, -0.014721742831170559, -0.014735821634531021, 0.03812822327017784, 0.04659396409988403, 0.04717908054590225, -0.049280066043138504, 0.01243180688470602, 0.019584236666560173, 0.020921776071190834, -0.010984483174979687, -0.06423530727624893, -0.016896476969122887, -0.02078901417553425, 0.0165596641600132, -0.004191347397863865, 0.02980838529765606, -0.03996610641479492, -0.02198096178472042, -0.015988215804100037, -0.004615378100425005, -0.005968601442873478, 0.03743739053606987, -0.004975407849997282, 0.04174596071243286, 0.006143751088529825, 0.004386496730148792, 0.029811440035700798, -0.00018776385695673525, 0.05167722702026367, 0.025363244116306305]",,
15_1_0_errors_invalid_route_source_mdx_section_2,section,15_1_0_errors_invalid_route_source_mdx,Invalid Custom Route `source` - Possible Ways to Fix It,,{},15.1.0,"Wrap the `` part of your `` as an un-named parameter.
",,"[(np.int64(7), np.float64(0.025243185460567474)), (np.int64(47), np.float64(0.033666811883449554)), (np.int64(71), np.float64(0.08165495842695236)), (np.int64(360), np.float64(0.09948268532752991)), (np.int64(1135), np.float64(0.02501416951417923)), (np.int64(1650), np.float64(0.07546597719192505)), (np.int64(2661), np.float64(0.0781053677201271)), (np.int64(7013), np.float64(0.23298315703868866)), (np.int64(9473), np.float64(0.0076284259557724)), (np.int64(42261), np.float64(0.10156700015068054)), (np.int64(60427), np.float64(0.3133102357387543)), (np.int64(96746), np.float64(0.21199673414230347)), (np.int64(106015), np.float64(0.3055530786514282)), (np.int64(115861), np.float64(0.10893534123897552)), (np.int64(130664), np.float64(0.27803128957748413))]","[-0.03094007819890976, 0.03711529076099396, -0.016333196312189102, 0.03911244869232178, -0.028165588155388832, -0.012803682126104832, 0.05157577246427536, 0.001011005020700395, 0.013468288816511631, 0.022502614185214043, 0.02019442804157734, 0.034870609641075134, -0.0180185716599226, -0.022731062024831772, 0.048018552362918854, -0.0007917147013358772, 0.02220003679394722, -0.04117681831121445, 0.0013929471606388688, -0.0070566944777965546, -0.01281054224818945, -0.006591056939214468, -0.024973930791020393, 0.06265829503536224, 0.011661513708531857, 0.028611861169338226, -0.014649133197963238, 0.0219905786216259, -0.007280451245605946, 0.03062584437429905, 0.020313581451773643, -0.06948598474264145, -0.00606574397534132, -0.05480696260929108, -0.03136112913489342, 0.004582699853926897, 0.012812131084501743, -0.010847832076251507, -0.0350138284265995, -0.009480256587266922, -0.014189288020133972, 0.018949247896671295, -0.013548153452575207, -0.05824560299515724, 0.03737255930900574, -0.0221517663449049, 0.006721812300384045, -0.043783243745565414, -0.009232359938323498, -0.0054664406925439835, 0.0009875933174043894, -0.0008329481934197247, 0.022372320294380188, -0.041488371789455414, 0.027425900101661682, 0.020593186840415, -0.05137646570801735, 0.02606358379125595, -0.04045264422893524, -0.031871940940618515, 0.01564989611506462, -0.04829689487814903, -0.007693316321820021, 0.02420828677713871, -0.003978117369115353, 0.05762388929724693, 0.014615492895245552, 0.024060463532805443, 0.004307651426643133, -0.024666408076882362, 0.014247050508856773, 0.02433793433010578, -0.055896174162626266, -0.04356525465846062, -0.056040745228528976, 0.02338632009923458, 0.0036135304253548384, -0.01716291904449463, -0.06449738144874573, 0.027247890830039978, 0.05282961577177048, -0.03778928890824318, -0.01743382029235363, -0.027753639966249466, 0.025428129360079765, 0.04302200302481651, -0.033725377172231674, 0.0780395045876503, 0.006153659895062447, -0.013416935689747334, -0.006209904327988625, -0.007841627113521099, 0.07283208519220352, -0.008858117274940014, -0.036857519298791885, 0.002543799579143524, -0.013624520041048527, -0.01565501093864441, 0.0510084368288517, -0.009291187860071659, 0.0036953918170183897, 0.02636965736746788, -0.004145810846239328, -0.014081919565796852, 0.06269916892051697, -0.014951854012906551, -0.010574955493211746, 0.034737713634967804, -0.006754682399332523, -0.020177287980914116, 0.0030192325357347727, 0.10328544676303864, 0.040652282536029816, 0.02176104672253132, 0.004251737147569656, 0.0017379651544615626, -0.042813483625650406, -0.03462674468755722, 0.03172585368156433, -0.004882392939180136, 0.0482642687857151, -0.0009183833608403802, -0.022457590326666832, -0.019438602030277252, 0.04506688192486763, 0.01985139027237892, -0.00041017771582119167, 0.005553907249122858, -0.04182414337992668, 0.014878126792609692, 0.008317903615534306, 0.0026910752058029175, 0.01642366498708725, 0.010003729723393917, -0.05911951884627342, -0.03005104698240757, 0.016510961577296257, 0.007440005894750357, 0.017304006963968277, -0.0012141483603045344, -0.0011313173454254866, 0.04967354238033295, 0.00515356007963419, -0.04329648241400719, -0.0011964775621891022, 0.023001646623015404, -0.01690772734582424, 0.0031606180127710104, 0.0070509882643818855, -0.007677923422306776, -0.016163179650902748, -0.010181237012147903, 0.03709447756409645, 0.012733431532979012, 0.040399327874183655, 0.004112276714295149, -0.014558334834873676, 0.009195631369948387, 0.0006432374357245862, 0.04495717212557793, 0.020906947553157806, 0.045560795813798904, -0.05576229840517044, -0.02178851328790188, 0.004540407098829746, -0.029935352504253387, 0.040477149188518524, -0.007287382148206234, -0.0017284756759181619, -0.019862057641148567, 0.012071789242327213, -0.008358537219464779, 0.01380419172346592, -0.029940174892544746, 0.0188326183706522, 0.04288071393966675, 0.05827832967042923, -0.008172348141670227, 0.01968086138367653, -0.07404492795467377, 0.044178370386362076, 0.0038174130022525787, -0.013906738720834255, 0.004518677946180105, -0.018125778064131737, -0.004260921850800514, 0.0035808179527521133, 0.00934678502380848, -0.009338597767055035, -0.01364883128553629, -0.008579835295677185, -0.021779989823698997, -0.006967694964259863, 0.002076607197523117, 0.03247009217739105, 0.011086942628026009, -0.0005871953326277435, -0.022572344169020653, -0.014961565844714642, 0.043578941375017166, -0.01590978167951107, -0.02883540466427803, 0.007072046864777803, -0.06439519673585892, -0.025685880333185196, -0.0430762954056263, -0.030437005683779716, -0.062022656202316284, 0.008903035894036293, -0.0042389449663460255, 0.0411759577691555, -0.036426886916160583, -0.037993114441633224, -0.05437963828444481, -0.05327235534787178, -0.00796634703874588, 0.011762642301619053, -0.03787798807024956, -0.03121272474527359, -0.011465896852314472, -0.016708854585886, -0.028886893764138222, 0.0023522134870290756, 0.003992706537246704, 0.022452034056186676, 0.017754610627889633, -0.007070653606206179, 0.001289025298319757, 0.00910226535052061, -0.03601408004760742, -0.009820088744163513, -0.03487439453601837, -0.01698789931833744, -0.015465990640223026, 0.06542906165122986, -0.0014319575857371092, -0.0017763318028301, -0.0031481808982789516, -0.012286410667002201, -0.05546730384230614, -0.02718002162873745, 0.006040542386472225, 0.06845756620168686, 0.05923239141702652, -0.05327622964978218, 0.011154646053910255, -0.0059515791945159435, 0.005792883224785328, 0.0010697557590901852, -0.02787318266928196, 0.001077059074304998, 0.01531482208520174, -0.024936722591519356, 0.02470412477850914, 0.016836341470479965, -0.014494405128061771, 0.033281903713941574, 0.0037288505118340254, 0.020474078133702278, 0.015138683840632439, 0.004111673682928085, 0.029666511341929436, -0.009434443898499012, 0.021362829953432083, 0.015281525440514088, 0.0010443479986861348, -0.021068189293146133, 0.013350513763725758, -0.00022936421737540513, 0.02796725556254387, -0.02912742830812931, 0.0005527203902602196, 0.011509847827255726, 0.011734760366380215, 0.015599946491420269, 0.0171937495470047, -0.025897448882460594, -0.03406086564064026, 0.09939035028219223, 0.01558451447635889, 0.0027856191154569387, 0.02858935482800007, 0.07995699346065521, -0.009697447530925274, 0.06329339742660522, 0.015358986333012581, -0.05335570499300957, -0.011332353577017784, -0.018628280609846115, -0.02233215421438217, -0.004075499251484871, -0.017114322632551193, 0.05811690166592598, -0.029661087319254875, -0.06964734941720963, -0.023441754281520844, 0.008813509717583656, -0.1594739705324173, 0.0022375222761183977, -0.022932542487978935, -0.009174896404147148, 0.04356249421834946, 0.013978635892271996, -0.02551879547536373, -0.038534555584192276, -0.011998781003057957, 0.003857961855828762, -0.0273678470402956, -0.0583738274872303, 0.00438797427341342, -0.008186393417418003, -0.003310790518298745, -0.01743439771234989, -0.02924864925444126, -0.000516414875164628, 0.019533105194568634, -0.0034059856552630663, 0.017242180183529854, -0.04083088040351868, 0.04832592234015465, -0.0037310027983039618, 0.02102409303188324, 0.00842982530593872, 0.0024634595029056072, 0.02895241044461727, -0.017163773998618126, -0.010624486021697521, -0.019707150757312775, 0.04087149351835251, -0.010505586862564087, 0.03078966774046421, 0.0023150350898504257, 0.015265087597072124, 0.0031399091240018606, -0.0002973652444779873, -0.018891414627432823, -0.008202552795410156, 0.023229757323861122, -0.00820643175393343, 0.005888047628104687, 0.037424344569444656, -0.005877364426851273, -0.04622771590948105, 0.004327936097979546, -0.03421228379011154, -0.018700361251831055, 0.04549216106534004, -0.025774551555514336, -0.03927445784211159, -0.007073707412928343, -0.024293093010783195, -0.02478330209851265, 0.013986490666866302, -0.01887976936995983, 0.0037721404805779457, -0.06675068289041519, 0.04487963020801544, -0.03789932280778885, 0.017512967810034752, -0.010762806050479412, 0.013825790025293827, 0.016459954902529716, -0.014492560178041458, 0.007469259202480316, -0.018220363184809685, 0.019717786461114883, -0.010249169543385506, 0.006001029163599014, -0.021522346884012222, 0.04126181825995445, -0.02725152112543583, -0.07450074702501297, 0.02497616410255432, 0.014223609119653702, 0.007909568026661873, -0.04138604924082756, -0.11922918260097504, 0.006598593667149544, -0.03708840161561966, 0.0018337287474423647, 0.012971721589565277, -0.005991923622786999, 0.007792728953063488, -0.010979955084621906, 0.026785876601934433, -0.0040151020511984825, 0.21677309274673462, 0.011560561135411263, 0.03918163478374481, -0.06214585900306702, 0.04955893009901047, -0.0011792192235589027, 0.015131860040128231, -0.0024777224753051996, 0.035051554441452026, -0.011287015862762928, -0.032944269478321075, 0.007090428378432989, 0.015508675947785378, 0.011698964051902294, 0.011249877512454987, 0.0066552795469760895, -0.01737559586763382, 0.012485886923968792, 0.08139138668775558, -0.012030726298689842, 0.006153406575322151, -0.00778443505987525, 0.043816108256578445, -0.03876136988401413, -0.02099284902215004, -0.0018427377799525857, -0.03023136965930462, 0.031938858330249786, -0.019290072843432426, 0.011237598024308681, -0.002940758364275098, -0.009384059347212315, 0.052022963762283325, -0.006079978309571743, -0.008489604108035564, 0.01932131126523018, 0.03901851177215576, -0.013957721181213856, -0.07296422868967056, 0.04058379679918289, 0.0047125425189733505, -0.015051660127937794, -0.005470034666359425, -0.02185317873954773, -0.0160081647336483, -0.0261856596916914, 0.04502130672335625, -0.0355958566069603, 1.4080307664698921e-05, -0.021211398765444756, 0.012295491993427277, -0.03666124492883682, -0.03232468292117119, 0.015878308564424515, -0.014595873653888702, 0.009760464541614056, -0.050498612225055695, -0.02099154144525528, -0.010786178521811962, 0.0036950320936739445, 0.058453518897295, 0.022121185436844826, -0.04301121458411217, 0.02407243102788925, 0.014854571782052517, 0.04265446215867996, -0.010514860972762108, -0.0402577742934227, 0.033472396433353424, -0.002153628971427679, -0.008422457613050938, -0.011792315170168877, 0.016725482419133186, 0.019847756251692772, 0.019406180828809738, -0.0005305508966557682, -0.030193421989679337, 0.010759280994534492, 0.026109803467988968, 0.014371270313858986, -0.02508845552802086, -0.022850409150123596, 0.013934377580881119, 0.006303806789219379, -0.017432427033782005, -0.00600769929587841, 0.034967854619026184, 0.06955711543560028, -0.05068784952163696, -0.04714435338973999, -0.0005869841552339494, 0.02513238787651062, -0.03678647056221962, 0.011546795256435871, -0.02688000164926052, -0.030220426619052887, 0.053118862211704254, 0.015980251133441925, -0.03167155012488365, -0.013782772235572338, -0.045344844460487366, -0.029572734609246254, -0.007406864780932665, -0.045332588255405426, 0.06613286584615707, -0.013240681029856205, -0.013641336001455784, -0.009733766317367554, -0.011625361628830433, -0.027536768466234207, 0.002707358915358782, 0.024590803310275078, 0.012054221704602242, 0.002647706540301442, 0.02884797379374504, 0.05200968682765961, 0.0013981189113110304, 0.04828323796391487, 0.015505566261708736, 0.0213859211653471, -0.058393433690071106, -0.06428344547748566, -0.008369866758584976, -0.026340117678046227, -0.01991165056824684, -0.012177905067801476, 0.023036839440464973, 0.05747152864933014, -0.03957892954349518, 0.047524794936180115, 0.005319280084222555, -0.023458827286958694, -0.03594183176755905, 0.055789537727832794, 0.01830083131790161, -0.030069686472415924, 0.027632160112261772, 0.005890101660043001, 0.01493129599839449, 0.007732545491307974, -0.013904771767556667, 0.017827274277806282, 0.002839979249984026, 0.030275573953986168, -0.02219385839998722, 0.013899932615458965, -0.01419758889824152, 0.017974788323044777, 0.011577279306948185, 0.02109448052942753, 0.007717191241681576, 0.032564859837293625, 0.0028170105069875717, -0.016742443665862083, -0.011057527735829353, -0.0018739216029644012, -0.015598620288074017, 0.005453962367027998, -0.006956168450415134, -0.04161524772644043, 0.015180225484073162, -0.0034971630666404963, 0.020944446325302124, 0.062290992587804794, -0.018829263746738434, 0.04621961712837219, 0.0011842006351798773, 0.029881751164793968, -0.033368732780218124, -0.01630641147494316, -0.028767261654138565, -0.03334638476371765, -0.01690327376127243, -0.01066859532147646, 0.007139639463275671, 0.0035820011980831623, -0.009838187135756016, 0.001396375591866672, -0.047478921711444855, -0.03156675398349762, 0.008310467936098576, -0.006470559164881706, -0.06902609020471573, 0.06322941184043884, -0.007574928924441338, -0.030482476577162743, 0.017560284584760666, -0.008839058689773083, 0.03142986446619034, -0.0362076610326767, -0.014237052761018276, 0.13284680247306824, -0.02749785967171192, -0.03813157230615616, 0.0088600292801857, 0.02003493905067444, 0.010625230148434639, 0.027141757309436798, -0.02132524363696575, -0.03020232357084751, -0.0019401843892410398, 0.013365642167627811, -0.012789913453161716, -0.0030361495446413755, -0.006110905669629574, -0.03975779563188553, -0.009819152764976025, 0.027808474376797676, -0.02045314386487007, 0.00815382320433855, -0.02202429808676243, 0.010947703383862972, -0.022353174164891243, 0.02143232151865959, -0.029190698638558388, 0.024033604189753532, 0.0135949170216918, 0.07362024486064911, -0.0024402288254350424, -0.06837661564350128, -0.023262059316039085, 0.0024242433719336987, 0.01684161089360714, -0.029691101983189583, -0.015339530073106289, -0.03764018788933754, -0.025695335119962692, -0.04646961763501167, -0.013401663862168789, -0.020843666046857834, 0.0056495401076972485, 0.02049620822072029, -0.02170661650598049, -0.011825877241790295, 0.009394416585564613, -0.03703446313738823, -0.0007710645440965891, 0.053418710827827454, 0.029790377244353294, -0.025451291352510452, 0.034549497067928314, -0.0439261794090271, 0.013488101772964, 0.09230934828519821, 0.0042290338315069675, 0.021722836419939995, -0.04371179640293121, -0.030239775776863098, 0.014419862069189548, 0.033841125667095184, -0.018223751336336136, -0.03254806622862816, 0.01474769227206707, -0.02089858055114746, -0.04252531751990318, -0.012451300397515297, -0.020950118079781532, -0.004121948499232531, -0.0030132720712572336, 0.019685350358486176, -0.011765946634113789, 0.07662538439035416, -0.005213781725615263, -0.01930070109665394, 0.02299627847969532, 0.01812639832496643, 0.04724971204996109, -0.031946662813425064, -0.015226693823933601, 0.03970029577612877, 0.005664026364684105, -0.027262410148978233, -0.03699122741818428, -0.06984561681747437, 0.030827132984995842, 0.009305555373430252, -0.059304218739271164, 0.07252348214387894, 0.047294966876506805, 0.02563902549445629, -0.06278034299612045, -0.005332345608621836, 0.007872918620705605, 0.025419248268008232, -0.001370331272482872, 0.006321989465504885, 0.0033048272598534822, 0.03533941134810448, 0.02705910988152027, -0.06391645967960358, 0.010324462316930294, -0.04025334119796753, -0.05203789845108986, 0.02454902045428753, -0.038975730538368225, 0.010940846055746078, 0.018845127895474434, 0.02594877779483795, -0.011267617344856262, 0.006668888032436371, -0.012704309076070786, 0.005638650618493557, -0.017036668956279755, -0.02413596771657467, -0.006449712440371513, 0.02975282073020935, -0.004033121280372143, -0.05298500880599022, 0.040690045803785324, -0.00959761906415224, 0.04958527162671089, -0.076750248670578, -0.02892312966287136, 0.002801703056320548, -0.0019203104311600327, 0.01198665052652359, 0.06156134605407715, 0.06358243525028229, 0.006698060315102339, 0.018106307834386826, -0.05577030032873154, 0.010735121555626392, -0.023452822118997574, -0.021613776683807373, -0.02421507239341736, 0.004705010447651148, -0.0019901322666555643, -0.03930303454399109, -0.013360467739403248, -0.03785602003335953, -0.004278068896383047, -0.008145195432007313, 0.01834784634411335, -0.004070935305207968, -0.007214201148599386, 0.0013346608029678464, 0.027867507189512253, -0.004723911173641682, -0.05514569580554962, -0.009218360297381878, -0.022983193397521973, -0.03212805092334747, 0.06193498894572258, -0.04167493060231209, 0.06758221983909607, -0.02283754013478756, 0.008281915448606014, 0.020198967307806015, -0.012586766853928566, -0.019491752609610558, 0.004887409973889589, 0.004552094265818596, -0.04104108363389969, -0.04810893535614014, -0.013622958213090897, -0.010800671763718128, -0.00977435801178217, -0.02794485166668892, 0.03416692465543747, -0.035167496651411057, -0.01969083771109581, 0.017221882939338684, -0.00109927449375391, -0.016053739935159683, 0.011068343184888363, 0.029538137838244438, -0.014025412499904633, 0.013922709040343761, -0.018776785582304, -0.014513392001390457, -0.006236716639250517, -0.015145710669457912, 5.1697614253498614e-05, 0.02212550677359104, 0.009179696440696716, 0.016133982688188553, -0.04940804839134216, 0.022525839507579803, -0.012036416679620743, -0.02280985377728939, -0.010578159242868423, -0.02506730519235134, 0.007523363921791315, -0.013619783334434032, 0.0249907448887825, -0.0033618409652262926, 0.02490689791738987, 0.015127647668123245, 0.01702229492366314, 0.05892844870686531, -0.01834004558622837, 0.01673046499490738, -0.031611111015081406, -0.003183442633599043, -0.18723827600479126, 0.02622707188129425, -0.030128056183457375, -0.008748350664973259, -0.020398564636707306, 0.009868877939879894, -0.025795457884669304, -0.022946305572986603, 0.027200281620025635, -0.036203570663928986, -0.010410246439278126, -0.042969755828380585, 0.019405432045459747, -0.010451127775013447, 0.008474869653582573, 0.05573006719350815, 0.006122941616922617, -0.028209475800395012, -0.007916659116744995, 0.043299153447151184, 0.0035136989317834377, 0.005508989095687866, 0.011434265412390232, 0.012265519239008427, 0.01384346280246973, -0.04807281494140625, -0.027506770566105843, 0.04394015669822693, -0.039549946784973145, -0.016612272709608078, 0.02649031952023506, 0.01835562288761139, 0.020198393613100052, 0.051283180713653564, 0.020388951525092125, 0.021108360961079597, 0.014892072416841984, -0.029807019978761673, -0.02909519150853157, 0.024506639689207077, 0.013032516464591026, 0.02099999040365219, 0.011356041766703129, -0.03982409089803696, 0.014428549446165562, 0.05052163451910019, 0.014465398155152798, 0.008369585499167442, -0.06557734310626984, -0.006449434440582991, -0.027337677776813507, -0.028018325567245483, 0.009856169112026691, 0.027553103864192963, 0.018077703192830086, -0.01817157492041588, -0.020414896309375763, 0.013715376146137714, -0.012309504672884941, 0.020803561434149742, -0.04553190991282463, -0.004603616427630186, -0.021759608760476112, -0.06280876696109772, 0.019414782524108887, -0.003533346578478813, -0.04358099773526192, -0.043367721140384674, -0.022284096106886864, 0.012630287557840347, -0.030217286199331284, 0.018136512488126755, 0.006835999432951212, -0.054983410984277725, 0.021438000723719597, 0.04915228113532066, 0.02834579348564148, 0.03200121223926544, -0.0011184902396053076, -0.051354389637708664, 0.0013438216410577297, 0.0261211059987545, -0.0644068643450737, 0.03558334335684776, 0.011543862521648407, 0.015948841348290443, -0.022243836894631386, 0.00793592631816864, -0.019621675834059715, 0.00977605301886797, -0.04577251151204109, 0.02015990950167179, 0.03428153693675995, -0.012832913547754288, -0.013930345885455608, 0.03718123584985733, -0.0002247096417704597, 0.009744218550622463, 0.01045400183647871, -0.015293039381504059, -0.03472412750124931, 0.011696629226207733, 0.005346750374883413, 0.03868749365210533, -0.008254499174654484, 0.05982758104801178, 0.026142198592424393, -0.01948457397520542, 0.013612823560833931, -0.05245784670114517, -0.024933267384767532, 0.035842761397361755, -0.03973289206624031, 0.006548815406858921, -0.017408020794391632, -0.0010651313932612538, 0.040074024349451065, 0.03219078108668327, -0.020536603406071663, 0.008163019083440304, -0.011077091097831726, -0.0007951018633320928, 0.01011990662664175, -0.05679021030664444, 0.029116446152329445, 0.02217753604054451, 0.021904582157731056, 0.049187880009412766, 0.024141527712345123, 0.0015168001409620047, 0.01752413436770439, -0.027965601533651352, 0.06330090761184692, 0.006065795663744211, 0.030486933887004852, -0.026937289163470268, -0.003887076396495104, 0.050608277320861816, -0.0436345636844635, -0.006401116028428078, -0.010042707435786724, -0.01916133426129818, 0.0015362828271463513, -0.0481291189789772, -0.006884205620735884, -0.020664246752858162, 0.013205546885728836, 0.005571424495428801, -0.02820669114589691, -0.036300286650657654, 0.02336950972676277, 0.01946120709180832, 0.011691095307469368, 0.005217408761382103, -0.03509194403886795, 0.0061424653977155685, -0.03719888627529144, 0.015291411429643631, 0.035527363419532776, 0.0064171538688242435, 0.01917826384305954, -0.07564585655927658, 0.029519014060497284, -0.0013519225176423788, -0.027570296078920364, 0.01681387610733509, -0.027035824954509735, -0.014085073955357075, -0.021633654832839966, 0.03329355642199516, -0.021028021350502968, 0.04979583993554115, -0.017036614939570427, -0.01843181625008583, 0.014196551404893398, 0.010460295714437962, 0.00020835406030528247, -0.028819261118769646, 0.05150687322020531, 0.012001113966107368, 0.01726614311337471, -0.02290775254368782, 0.011052099987864494, -0.002958666766062379, 0.006924154702574015, 0.04775231331586838, -0.004820552654564381, 0.0747353732585907, 0.04890555143356323, 0.014747604727745056, 0.014998262748122215, -0.0180159043520689, -0.034049421548843384, -0.01955052837729454, 0.03263937309384346, 0.04898456111550331, 0.003518038894981146, 0.008512548170983791, -0.010360807180404663, -0.021654563024640083, 0.006773627828806639, 0.01651833951473236, 0.005349684506654739, -0.051251862198114395, -0.011224107816815376, 0.007953315041959286, -0.017580682411789894, 0.03149733692407608, -0.003339696442708373, 0.05073646456003189, -0.019092082977294922, 0.04001477360725403, -0.008587527088820934, -0.002295023063197732, 0.03165186196565628, -0.03176755830645561, 0.017958739772439003, 0.027848701924085617, -0.011667564511299133, 0.007358022499829531, -0.03682894632220268, 0.0421920120716095, 0.0014053387567400932, -0.024182260036468506, 0.0004905116511508822, 0.011355573311448097, 0.014459362253546715, -0.0009235297911800444, 0.024151993915438652, -0.00805305689573288, -0.05491741746664047, -0.0015168075915426016, -0.006467432714998722, 0.01441920641809702, -0.005353572312742472, 0.05285624787211418, 0.011270999908447266, 0.02467219904065132, 0.006489394698292017, -0.013617726974189281, 0.06203470379114151, -0.003498954465612769, -0.01703026331961155, 0.0016352439997717738]",,
15_1_0_errors_invalid_route_source_mdx_section_3,section,15_1_0_errors_invalid_route_source_mdx,Invalid Custom Route `source` - Custom Routes,,{},15.1.0,"Before
After
",,"[(np.int64(7), np.float64(0.08173993229866028)), (np.int64(71), np.float64(0.02472885325551033)), (np.int64(360), np.float64(0.06462165713310242)), (np.int64(1135), np.float64(0.007328011095523834)), (np.int64(7013), np.float64(0.1932453215122223)), (np.int64(60427), np.float64(0.26685795187950134)), (np.int64(106015), np.float64(0.2726075351238251)), (np.int64(130664), np.float64(0.24400843679904938))]","[-0.0030306121334433556, 0.01231493428349495, -0.05775649473071098, 0.03197954595088959, -0.012069995515048504, -0.033287413418293, -0.005091619212180376, 0.02566348947584629, -0.014082537963986397, -0.01364915631711483, 0.031884610652923584, 0.020160043612122536, -0.026043260470032692, -0.02303273044526577, 0.0022935178130865097, 0.013906956650316715, 0.0017252032412216067, 0.0068869274109601974, -0.02205217257142067, -0.012550091370940208, -0.04338856413960457, -0.019492503255605698, -0.006633151322603226, 0.014123503118753433, 0.017875175923109055, 0.030856145545840263, -0.015025400556623936, 0.018150679767131805, 0.0022174029145389795, 0.01601378805935383, 0.009903205558657646, -0.016515465453267097, 0.036642756313085556, -0.017301954329013824, 0.005646600853651762, -0.0370919331908226, 0.010174860246479511, -0.01626780442893505, -0.07111545652151108, 0.021385371685028076, 0.016766399145126343, 0.02665426954627037, 0.004694017581641674, 0.013902818784117699, -0.016477907076478004, -0.03181454539299011, 0.005413195118308067, -0.023503927513957024, -0.021579593420028687, -0.046890705823898315, -0.01764432154595852, 0.0004474746237974614, 0.010936779901385307, -0.02399354614317417, 0.018714573234319687, 0.008465670980513096, -0.0035484260879456997, 0.020747138187289238, -0.021855179220438004, 0.007541773375123739, -0.03722052276134491, -0.008771653287112713, 0.007921108044683933, -0.011178138665854931, -0.01969408243894577, 0.10860112309455872, -0.007006979547441006, -0.013134862296283245, -0.0406370609998703, -0.022726384922862053, 0.01297689601778984, -0.024019435048103333, 0.04885260388255119, -0.020279591903090477, -0.04647329822182655, 0.015841426327824593, -0.006626960355788469, -0.03492961451411247, 0.035824842751026154, 0.06852385401725769, 0.0880633071064949, 0.011329470202326775, 0.05350369215011597, -0.0006983206840232015, -0.04212494194507599, 0.06030772626399994, -0.039840154349803925, 0.022084353491663933, -0.008297564461827278, -0.0009283575345762074, 0.02147570066154003, -0.000107338470115792, 0.06016238033771515, -0.010937637649476528, 0.007461873814463615, 0.018004391342401505, -0.0451413057744503, 0.0017790509155020118, 0.02672388404607773, 0.022533340379595757, 0.031096987426280975, -0.008358672261238098, 0.008535723201930523, -0.030512703582644463, -0.0060200816951692104, 0.041368238627910614, 0.01112187560647726, 0.051112186163663864, 0.022364765405654907, -0.01244345773011446, 0.09074102342128754, 0.004634412936866283, 0.012587527744472027, 0.02441425621509552, 0.013158619403839111, 0.03931453078985214, -0.010234220884740353, -0.030439680442214012, -0.00977418478578329, 0.007971309125423431, 0.04847889021039009, 0.03111865743994713, 0.0306949932128191, -0.020915286615490913, 0.029470952227711678, -0.0004885299713350832, 0.0453999824821949, 0.006321003194898367, 0.016100894659757614, -0.01682453416287899, -0.010804443620145321, 0.006849425379186869, -0.023104174062609673, -0.010350971482694149, -0.0033073010854423046, -0.02517617866396904, -0.0381598062813282, -0.006660284474492073, 0.01647401973605156, -0.022466393187642097, 0.027219587936997414, 0.021718019619584084, 0.007598810829222202, -0.031879495829343796, 0.0026597764808684587, -0.021556494757533073, 0.04343048110604286, -0.009130976162850857, -0.014402422122657299, 0.016058530658483505, -0.028758455067873, 0.0036066966131329536, -0.029436178505420685, -0.06280946731567383, -0.016839617863297462, 0.012822277843952179, 0.009687519632279873, 0.025168422609567642, -0.008870456367731094, 0.016065822914242744, -0.015261368826031685, -0.02633572369813919, -0.08277401328086853, -0.0009958132868632674, 0.036953456699848175, 0.031170306727290154, 0.02916128933429718, 0.005966346710920334, -0.009963302873075008, -0.016607502475380898, -0.005629313178360462, -0.002278032945469022, 0.03540129214525223, 0.03317137435078621, 0.01488982979208231, 0.02703171782195568, 0.08102791756391525, -0.012879136018455029, -0.017087791115045547, -0.06649665534496307, -0.04587169364094734, 0.002920867409557104, 0.005544326733797789, -0.021772723644971848, -0.013905667699873447, -0.008677184581756592, -0.05357703939080238, 0.0024343663826584816, 0.027390701696276665, 0.07400137931108475, -0.023793717846274376, -0.004933096002787352, 0.04810356721282005, -0.06300217658281326, 0.03234245628118515, -0.010127968154847622, 0.004457527305930853, -0.027507266029715538, -0.014173823408782482, -0.02290433458983898, -0.0003722169203683734, -0.021451620385050774, -0.022521454840898514, -0.04621494561433792, -0.017128318548202515, -0.009016322903335094, -0.06869453191757202, -0.02576187252998352, -0.03280644863843918, -0.010969153605401516, 0.012509447522461414, -0.036762405186891556, 0.04122593626379967, 0.030633414164185524, 0.02632131054997444, 0.03182324022054672, 0.003934856969863176, 0.015833580866456032, 0.0021344220731407404, -0.006778446026146412, 0.04344087466597557, -0.0011251653777435422, 0.03127413988113403, -0.029953930526971817, -0.03060068003833294, 0.013271777890622616, 0.05347923934459686, 0.02607337385416031, -0.025003401562571526, -0.030929259955883026, -0.0017936564981937408, -0.011914425529539585, 0.0001826619409257546, -0.04791544750332832, -0.020289868116378784, -0.00277478015050292, -0.009929489344358444, 0.029773764312267303, 0.01227021124213934, 0.03898113593459129, -0.012246301397681236, -0.025239551439881325, 0.011997316032648087, 0.044385649263858795, -0.011619005352258682, 0.028458576649427414, 0.03520781546831131, -0.031089991331100464, 0.016493704169988632, 0.055161893367767334, 0.03870910778641701, 0.0022680421825498343, -0.030350685119628906, -0.005431050434708595, 0.012966523878276348, 0.03509553521871567, 0.017074666917324066, -0.033642228692770004, -0.038554199039936066, -0.051931094378232956, 0.030473634600639343, 0.05042790248990059, 0.026769664138555527, 0.03876114264130592, 0.004611585754901171, -0.005429260432720184, 0.009104914031922817, 0.00832521915435791, 0.001534301321953535, 0.04650263488292694, -0.021736647933721542, -0.027283331379294395, -0.00644911453127861, -0.0391521081328392, 0.023786388337612152, 0.04242544248700142, 0.02683829329907894, -0.0315285362303257, 0.04927050322294235, -0.012361367233097553, 0.029547173529863358, -0.03403077647089958, 0.0013638033997267485, -0.016263917088508606, 0.024640211835503578, -0.05973163992166519, 0.024898506700992584, 0.03802486136555672, 0.005617406684905291, -0.05941753834486008, -0.021317724138498306, 0.004964355379343033, 0.02305901236832142, 0.01628478802740574, -0.021695397794246674, -0.042861565947532654, 0.015971845015883446, -0.1589936465024948, -0.019235048443078995, 0.008242091163992882, -0.0296668391674757, -0.009705445729196072, 0.005387216340750456, -0.017303690314292908, -0.0191034022718668, -0.0019137674244120717, 0.04098611697554588, -0.04860413074493408, -0.029218601062893867, -0.0005723541253246367, 0.002682784805074334, 0.056619927287101746, -0.00938383024185896, -0.06357184797525406, -0.04304995387792587, -0.012080111540853977, -0.03899865224957466, -0.01625889353454113, -0.01482742466032505, 0.03313737362623215, -0.056323807686567307, -0.03908229246735573, -0.02050647884607315, 0.013233508914709091, -0.005953061394393444, -0.049873270094394684, -0.010939586907625198, 0.0425967313349247, 0.004643717315047979, -0.022012902423739433, 0.04390016198158264, -0.0328049510717392, 0.007030064240098, -0.03140346333384514, -0.008026069030165672, 0.0205713901668787, 0.009001986123621464, 0.03262566030025482, 0.05720380321145058, -0.010963908396661282, 0.01781311072409153, 0.004436749964952469, -0.025811441242694855, -0.028451383113861084, 0.006304414477199316, -0.012070818804204464, 0.04608258232474327, -0.012604666873812675, 0.003977196756750345, -0.016782864928245544, 0.02387343719601631, 0.03525177016854286, -0.018275778740644455, 0.0096187898889184, 0.04449417442083359, -0.039033737033605576, 0.009926271624863148, 0.038834571838378906, -0.04657110571861267, -0.0043050870299339294, -0.01947370171546936, -0.037637293338775635, 0.0036671545822173357, -0.034028466790914536, -0.03806782513856888, -0.004275677725672722, -0.06568972021341324, 0.04579305648803711, 0.0003437137056607753, 0.03183552622795105, -0.015887107700109482, 0.04351260885596275, 0.01028722245246172, -0.020278777927160263, -0.007015733048319817, -0.008264190517365932, -0.054108697921037674, -0.010020329616963863, 0.0056960731744766235, -0.010831156745553017, -0.03897001966834068, -0.028836051002144814, -0.01346566528081894, -0.0004797252477146685, 0.034742824733257294, 0.013452267274260521, 0.2892560064792633, 0.06625291705131531, 0.020791340619325638, -0.04998926445841789, 0.041511550545692444, 0.014220934361219406, 0.041271355003118515, -0.030906083062291145, 0.013351138681173325, -0.03830273449420929, -0.01144183799624443, 0.029934685677289963, -0.017906883731484413, -0.012008341029286385, -0.017076367512345314, -0.007596687413752079, -0.014701616019010544, -0.009138468652963638, 0.06787455826997757, -0.0013343653408810496, 0.022033831104636192, -0.014372698031365871, 0.059668414294719696, 0.001342687988653779, -0.06992935389280319, -0.03990749269723892, -0.023343974724411964, 0.03230760991573334, 0.009864608757197857, -0.013395634479820728, -0.0485507994890213, -0.024828335270285606, 0.03901810199022293, 0.01632380671799183, -0.034603893756866455, 0.010489384643733501, 0.01191951148211956, -0.01032887864857912, -0.022832490503787994, 0.0291794054210186, -0.029989931732416153, -0.03271819278597832, -0.023270215839147568, 0.0007205871515907347, 0.024977291002869606, 0.00043865854968316853, 0.036508042365312576, 0.003919578623026609, 0.00886574573814869, 0.004520081449300051, -0.014198259450495243, 0.018487242981791496, -0.01299421489238739, 0.005041988100856543, 0.009743168950080872, -0.03346925228834152, -0.014276636764407158, 0.0006124568171799183, -0.01939464546740055, -0.007084478158503771, -0.022537821903824806, 0.0399201326072216, -0.044057607650756836, 0.0069248066283762455, -0.026446901261806488, 0.044304993003606796, -0.012041999027132988, -0.04198717325925827, -0.03317774087190628, 0.02465355210006237, 0.05731988325715065, 0.0036243109498173, -0.01236059982329607, -0.01937033049762249, 0.021852361038327217, 0.022555315867066383, -0.016219619661569595, 0.041123513132333755, 0.04055375978350639, 0.03971812501549721, -0.035404302179813385, -0.03691012039780617, -0.02169054001569748, 0.021108532324433327, 0.0010859130416065454, 0.02499363012611866, -0.012833338230848312, -0.0023504081182181835, 0.018378663808107376, -0.026981106027960777, -0.0006641143700107932, 0.0015371114714071155, -0.037164006382226944, -0.0012597503373399377, -0.024854550138115883, -0.03415141999721527, 0.04529561474919319, -0.03421151638031006, -0.024243520572781563, -0.015501797199249268, -0.03629613667726517, -0.0018003113800659776, 0.01349818054586649, 0.01618238352239132, -0.00022176098718773574, -0.019999412819743156, -0.0269412063062191, -0.016875479370355606, 0.02036168798804283, 0.019649459049105644, -0.015917208045721054, -0.012856654822826385, 0.003381215501576662, 0.00104323064442724, 0.02372012287378311, 0.02170097455382347, -0.010776128619909286, 0.012136204168200493, 0.032145190984010696, 0.03189856559038162, -0.01530233584344387, 0.014404498040676117, 0.023695504292845726, -0.01562575250864029, -0.009387963451445103, -0.006881418637931347, 0.002414291026070714, -0.04576949030160904, -0.025512635707855225, 0.029530266299843788, 0.008384758606553078, -0.028280749917030334, -0.02984132058918476, 0.011769811622798443, 0.05779768526554108, -0.00440206378698349, 0.024192335084080696, -0.004791940562427044, 0.048378851264715195, -0.024880532175302505, 0.012048301286995411, -0.033947233110666275, -0.05612213909626007, 0.009021338075399399, 0.009844307787716389, 0.0316009558737278, -0.017103618010878563, 0.011444050818681717, -0.017718560993671417, 0.032323066145181656, 0.026730693876743317, 0.03589081019163132, 0.014914276078343391, -0.01646565832197666, -0.032544542104005814, -0.019290903583168983, -0.0060692038387060165, -0.02687491476535797, -0.03657872974872589, 0.004251761827617884, -0.013122567906975746, 0.013437416404485703, -0.043411534279584885, 0.034138020128011703, 0.0036579621955752373, -0.0007016687304712832, -0.0032910057343542576, 0.0750565156340599, -0.01785522885620594, 0.023466836661100388, -0.0033033983781933784, -0.026814043521881104, -0.014557765796780586, 0.03397040814161301, -0.0008784625679254532, -0.006897555664181709, -0.016852134838700294, 0.025541381910443306, -0.03300786763429642, -0.043041978031396866, 0.015154591761529446, -0.0009798191022127867, -0.048021748661994934, 0.02537822164595127, 0.03024633228778839, 0.012114769779145718, 0.014457103796303272, -0.023077676072716713, 0.012014389969408512, -0.01412901096045971, 0.014377894811332226, 0.11385084688663483, -0.0027908857446163893, -0.048890914767980576, 0.05590060353279114, 0.018824225291609764, 0.10336701571941376, -0.03723284974694252, -0.014685050584375858, 0.0038256803527474403, 0.030802583321928978, 0.05961081385612488, -0.011680296622216702, -0.004102702718228102, -0.0193044301122427, 0.0004993724869564176, -0.0007109843427315354, -0.005556396208703518, -0.056442584842443466, -0.048720065504312515, 0.019000278785824776, -0.0008649717201478779, -0.0011914352653548121, 0.02413269691169262, -6.480619049398229e-05, 0.01227856520563364, 0.028349624946713448, 0.024477530270814896, -0.01867406815290451, -0.008409257046878338, 0.0029458156786859035, -0.013722438365221024, 0.03287813439965248, -0.024911798536777496, -0.010158446617424488, 0.011884147301316261, 0.0422532856464386, 0.02242611162364483, 0.012095266953110695, 0.007443846669048071, -0.0008209057268686593, -0.020766202360391617, -0.011762866750359535, -0.004585734568536282, 0.0329909473657608, -0.03177466243505478, -0.04072130471467972, 0.03537460044026375, 0.00923276785761118, -0.00807943381369114, 0.04362984746694565, -0.0008627489442005754, 0.04787759110331535, 0.04698271304368973, -0.002571278950199485, -0.010099905543029308, 0.028527529910206795, -0.03930661827325821, -0.008956998586654663, 0.024449214339256287, 0.006484618876129389, 0.017440399155020714, -0.028990071266889572, -0.032381657510995865, 0.001913860789500177, -0.024612097069621086, 0.05124792829155922, -0.00828989502042532, -0.039698027074337006, -0.014524959027767181, -0.012186751700937748, 0.04417264461517334, 7.056782578729326e-06, -0.0031725610606372356, -0.03327702730894089, -0.01915884204208851, 0.0464818999171257, -0.02871130034327507, -0.055682338774204254, -0.02018086425960064, 0.02393615059554577, -0.009609811007976532, -0.011667762883007526, -0.05206562578678131, 0.04855254292488098, 0.009073438122868538, -0.015885543078184128, -0.016738107427954674, 0.04282422363758087, 0.05777273327112198, 0.035827696323394775, -0.0034358291886746883, 0.02967401035130024, 0.04280758649110794, -0.043483126908540726, -0.01575487293303013, 0.011248983442783356, 0.02979339100420475, 0.01284679677337408, 0.005076845176517963, 0.007105337455868721, -0.007058685179799795, 0.006111584138125181, -0.010487556457519531, -0.06219480186700821, -0.03628310188651085, 0.007841222919523716, 0.013745871372520924, -0.010045118629932404, 0.0103838462382555, -0.012598100118339062, -0.006250770762562752, -0.027969256043434143, -0.0320371575653553, 0.017920292913913727, 0.019486045464873314, 0.043646439909935, -0.032475441694259644, 0.03776916116476059, -0.00657053105533123, 0.005456663202494383, -0.037572238594293594, -0.018102174624800682, -0.05465228483080864, 0.03216959163546562, -0.023784086108207703, 0.008779827505350113, -0.006749182473868132, 0.014572639018297195, 0.023232119157910347, 0.04447769746184349, 0.007833833806216717, -0.00035519141238182783, -0.024859389290213585, -0.03501809760928154, 0.019496874883770943, -0.003116733394563198, -0.01180249359458685, 0.0029468282591551542, -0.04729805514216423, 0.022823182865977287, -0.006166455335915089, 0.016800416633486748, 0.008388454094529152, -0.007768981624394655, -0.022202787920832634, 0.020381180569529533, -0.023519348353147507, 0.0507352240383625, -0.04768846556544304, -0.025121521204710007, 0.024544192478060722, 0.07051660865545273, -0.029330387711524963, 0.04713375121355057, -0.04675356671214104, 0.0034214560873806477, 0.017641950398683548, -0.028040636330842972, -0.031164880841970444, -0.01029515266418457, 0.020738597959280014, -0.020686831325292587, -0.05430500954389572, 0.027691703289747238, -0.028520645573735237, -0.04841211065649986, 0.04576307535171509, 0.05855916440486908, 0.0378265380859375, -0.012219482101500034, 0.0012703700922429562, 0.002280180575326085, 0.002317803679034114, -0.014812392182648182, 0.02316189929842949, -0.0005598253337666392, -0.027900321409106255, -0.038229506462812424, -0.03583303838968277, 0.014398121275007725, 0.0020390464924275875, -0.006380292121320963, 0.014194163493812084, -0.021624073386192322, 0.04807326942682266, -0.05639545992016792, -0.012866150587797165, 0.009821854531764984, 0.013090673834085464, -0.01944788545370102, -0.03059881553053856, -0.019841890782117844, 0.009697038680315018, -0.004451789427548647, -0.04262473061680794, -0.02440703473985195, 0.014725856482982635, 0.02405617944896221, 0.02747240476310253, -0.05633397400379181, 0.005700727924704552, -0.03475411981344223, -0.012564457021653652, -0.19123400747776031, 0.035955045372247696, 0.014271081425249577, 0.010772586800158024, -0.005059245508164167, -0.020639780908823013, 0.042759254574775696, -0.03182597830891609, -0.02993836998939514, -0.025552282109856606, 0.005138539243489504, -0.004284793045371771, -0.023499727249145508, 0.0013291750801727176, -0.020455721765756607, 0.005252399016171694, -0.02291642129421234, 0.0014021260431036353, 0.03165473788976669, 0.05415868014097214, 0.01593424379825592, -0.020465485751628876, -0.009688579477369785, 0.028249861672520638, 0.03561905398964882, 0.0003234754258301109, -0.026423556730151176, 0.030252013355493546, -0.03679979220032692, -0.00831595342606306, -0.052493851631879807, -0.026791082695126534, -0.0020784682128578424, 0.009102512151002884, 0.018175499513745308, 0.00010328627831768245, -0.008069129660725594, 0.0048291608691215515, 0.018279554322361946, -0.025066642090678215, 0.00871056318283081, 0.03482285141944885, -0.025801192969083786, -0.012862168252468109, 0.03673236072063446, 0.006365484558045864, 0.011403098702430725, 0.046770624816417694, -0.026700932532548904, -0.04713919758796692, -0.006357959937304258, -0.010419708676636219, 0.029978198930621147, 0.015127720311284065, -0.015888364985585213, 0.03272794187068939, -0.023313231766223907, 0.05295835807919502, -0.020899314433336258, 0.030130019411444664, 0.006068216636776924, -0.027894822880625725, 0.005655713379383087, -0.04335949197411537, -0.06308364868164062, 0.021516939625144005, -0.07606464624404907, 0.00687322998419404, 0.0206075981259346, 0.002066303975880146, -0.036306459456682205, 0.006904877722263336, 0.005944413132965565, -0.0025426093488931656, -0.01313014980405569, 0.02083318866789341, 0.019584784284234047, 0.02351859211921692, -0.01172586064785719, -0.005206784699112177, 0.0049049826338887215, -0.007048803847283125, 0.03702523931860924, 0.004369392059743404, 0.009863670915365219, -0.0020442549139261246, -0.058338090777397156, -0.01833225227892399, -0.09423928707838058, -0.004157486837357283, -0.03196236491203308, 0.009595993906259537, -0.016726845875382423, 0.02434561960399151, -0.03780887648463249, 0.04694277420639992, -0.028608011081814766, -0.02292511984705925, -0.013480400666594505, -0.03831268101930618, -0.052867304533720016, -0.05378548428416252, -0.013135487213730812, 0.0029102317057549953, -0.025452490895986557, 0.05630258098244667, -0.005422437563538551, -0.00013050362758804113, 0.01780763827264309, 0.002878987230360508, -0.009932450018823147, 0.01608523167669773, -0.032109010964632034, -0.0190122127532959, -0.06018216907978058, -0.011103568598628044, 0.004315304569900036, -0.0017070473404601216, -0.0037087295204401016, 0.008401001803576946, -0.019601713865995407, -0.0006589649128727615, 0.042472001165151596, -0.03574096038937569, 0.0002576193946879357, 0.04523039236664772, 0.00030298944329842925, -0.022974444553256035, 0.018579648807644844, -0.009955639019608498, 0.042520347982645035, -0.024275775998830795, 0.02237251214683056, -0.022950509563088417, -0.03671116381883621, 0.009993265382945538, -0.021027304232120514, 0.03083052672445774, -0.0681024044752121, -0.027053413912653923, -0.02440725453197956, -0.018654992803931236, 0.0010231668129563332, -0.025264902040362358, -0.009759487584233284, -0.019715311005711555, 0.010328073054552078, 0.008962957188487053, 0.011426210403442383, 0.0022895466536283493, 0.012504968792200089, -0.016232430934906006, -0.00802589114755392, -0.022315673530101776, -0.006390265189111233, 0.002535657025873661, 0.08139120787382126, 0.009746330790221691, 0.045633330941200256, 0.03379015624523163, -0.011985018849372864, 0.02950141206383705, -0.04561923071742058, -0.03567783907055855, -0.04894331097602844, 0.038223616778850555, -0.007042999379336834, 0.023957889527082443, -0.0223070215433836, 0.02077438309788704, -0.014737511053681374, 0.03138621151447296, -0.028875429183244705, -0.01939021795988083, -0.03556651994585991, -0.01844162307679653, 0.019968882203102112, -0.0031864282209426165, -0.014504139311611652, 0.0033315271139144897, 0.008955222554504871, 0.025494519621133804, 0.061585526913404465, 0.028465695679187775, 0.04788372665643692, 0.06961914151906967, 0.005382918752729893, 0.06876489520072937, -0.0008331883000209928, -0.025098854675889015, 0.00404195673763752, 0.0037778273690491915, 0.010488172993063927, -0.0398530550301075, 0.0450216569006443, -0.004623977467417717, -0.013619113713502884, 0.021671786904335022, -0.0008258959860540926, 0.017450757324695587, -0.03178364783525467, -0.020018042996525764, -0.02959034964442253, 0.014036311767995358, -0.021538833156228065, 0.00459281075745821, 0.006604765076190233, 0.013258437626063824, -0.007844443432986736, 0.02596299536526203, 0.03313494846224785, -0.03535665571689606, -0.01124675665050745, 0.04576430097222328, 0.028271418064832687, 0.05768156051635742, 0.02464599534869194, 0.021621910855174065, 0.01414615847170353, 0.005870387889444828, -0.05033017694950104, 0.028573930263519287, -0.017061172053217888, 0.021812506020069122, -0.0013134368928149343, -0.0009926263010129333, -0.012861659750342369, -0.03472636267542839, -0.05796476826071739, -0.0193012747913599, -0.0555659718811512, -0.01865868642926216, -0.036614786833524704, 0.018877767026424408, 0.019714700058102608, -0.032615695148706436, -0.002026091329753399, 0.03394187614321709, -0.024016335606575012, -0.0035533043555915356, -0.0004615054640453309, -0.015195325948297977, -0.0038448108825832605, -0.01613032817840576]",,
15_1_0_errors_invalid_route_source_mdx_section_3_code_1,code_snippet,15_1_0_errors_invalid_route_source_mdx_section_3,Custom Routes - code_1,,"{'programming_language': 'js', 'filename': None, 'switcher': False}",15.1.0,,"{
  source: '/feedback/(?!general)',
  destination: '/feedback/general'
}
","[(np.int64(7), np.float64(0.14090503752231598)), (np.int64(86), np.float64(0.2150748074054718)), (np.int64(438), np.float64(0.17161288857460022)), (np.int64(1647), np.float64(0.22756026685237885))]",,"[-0.02689732238650322, -0.009939750656485558, -0.05667353421449661, -0.03724414110183716, -0.022036196663975716, -0.07750322669744492, 0.012801277451217175, 0.030256856232881546, -0.007749105338007212, 0.012023859657347202, 0.0032831893768161535, 0.039379969239234924, 0.007429022807627916, 0.050797078758478165, -0.010325305163860321, -0.027365919202566147, -0.003429162548854947, 0.012458426877856255, -0.02595977485179901, -0.013139983639121056, -0.025730207562446594, 0.00814281776547432, 0.022523825988173485, 0.013224785216152668, -0.009301901794970036, 0.029390135779976845, 0.029795872047543526, -0.02302633412182331, -0.017696084454655647, 0.0017208351055160165, 0.03423601761460304, -0.009155221283435822, 0.033231932669878006, 0.012324956245720387, -0.03839603066444397, -0.03222004696726799, -0.006003353279083967, -0.027318844571709633, -0.057759255170822144, -0.0014816568000242114, -0.03117918223142624, -7.304616156034172e-05, 0.012210308574140072, -0.0039538308046758175, 0.02990107238292694, -0.058745790272951126, 0.009605072438716888, -0.0344080775976181, -0.021924760192632675, -0.019517747685313225, 0.01139049418270588, 0.008771086111664772, 0.02916252240538597, -0.004004574380815029, 0.034480638802051544, 0.03849341347813606, 0.010377048514783382, -0.030073367059230804, -0.03307467699050903, -0.013735553249716759, -0.013841653242707253, -0.012901443988084793, -0.03419361263513565, 0.021166875958442688, 0.02415642887353897, 0.08156552165746689, 0.04535062611103058, -0.019162965938448906, -0.010650679469108582, -0.04497160017490387, -0.04489324614405632, 0.0187063030898571, -0.03055892325937748, -0.025281017646193504, -0.070320725440979, 0.03974078223109245, 0.037398312240839005, -0.05857408046722412, 0.012212670408189297, -0.015465660020709038, -0.0015022380976006389, 0.013939912430942059, -2.590906888144673e-06, -0.0060630436055362225, 0.004931955132633448, 0.020228728652000427, -0.016495611518621445, -0.013832741416990757, 0.0027136036660522223, 0.01805553026497364, 0.009625361301004887, -0.037856150418519974, -0.020266156643629074, 0.005575894843786955, -0.017740409821271896, 0.012641595676541328, 0.0075263469479978085, 0.01595485769212246, 0.019563740119338036, -0.005954502150416374, 0.016408588737249374, 0.023637767881155014, 0.002822479233145714, -0.038565367460250854, 0.025990961119532585, 0.0042579625733196735, 0.06705695390701294, 0.00817039143294096, -0.0169505774974823, -0.005642107222229242, 0.006809654645621777, 0.04159393534064293, 0.005448630079627037, -0.009242471307516098, 0.018474208191037178, 5.948395119048655e-05, -0.04301249980926514, -0.022423217073082924, 0.033914972096681595, -0.0026260579470545053, 0.028090113773941994, -0.0006809054757468402, 0.03544816002249718, -0.007491461932659149, 0.005974805448204279, -0.012547772377729416, 0.00983419269323349, 0.002660298254340887, -0.04253459721803665, 0.049809280782938004, -0.010830048471689224, 0.01929626613855362, -0.012444703839719296, -0.006047392264008522, -0.012307297438383102, -0.03032415546476841, 0.03770258277654648, 0.03634174168109894, -0.007179756183177233, -0.06970316916704178, 0.040397971868515015, 0.08756998181343079, -0.03586116060614586, -0.047097206115722656, 0.02125161699950695, -0.03191012889146805, 0.05899206921458244, 0.023060370236635208, 0.015131956897675991, -0.013517717830836773, 0.007389971520751715, 0.012084022164344788, 0.04827435314655304, 0.01736304722726345, 0.034238070249557495, 0.00282486155629158, 0.028185434639453888, 0.027887549251317978, -0.009598182514309883, 0.008259073831140995, -0.009429145604372025, 0.041078679263591766, -0.0315200611948967, 0.03425276651978493, 0.015562478452920914, 0.019381826743483543, 0.005823980551213026, -0.012235923670232296, -0.0013048957334831357, -0.05023862048983574, 0.017349690198898315, -0.061094485223293304, 0.05824344605207443, -0.0021629806142300367, 0.008409020490944386, 0.015129515901207924, 0.07233968377113342, 0.023208260536193848, 0.03685701638460159, -0.004684819839894772, -0.051337920129299164, 0.003953368868678808, -0.021262584254145622, -0.01663884148001671, -0.050697870552539825, 0.008391513489186764, -0.015127682127058506, -0.04089363291859627, 0.01563519611954689, 0.036240678280591965, -0.010005158372223377, -0.02956157550215721, 0.05500796437263489, 0.011416427791118622, -0.008191308937966824, -0.018840186297893524, 0.001911632250994444, 0.008641161024570465, -0.027835587039589882, -0.032367050647735596, 0.003817079123109579, 0.009481051005423069, 0.025589825585484505, 0.036049939692020416, 0.007369813043624163, -0.014754125848412514, -0.026744922623038292, -0.04613540321588516, 0.017706792801618576, 0.008755031041800976, -0.06005702167749405, 0.0004961370141245425, -0.012090718373656273, 0.01540552917867899, -0.030315086245536804, 0.008385056629776955, -0.021056855097413063, -0.04680126532912254, 0.020332420244812965, -0.02885659597814083, -0.011400011368095875, -0.002251814119517803, -0.008849254809319973, 0.005966604221612215, -0.018910599872469902, -0.0026981353294104338, -0.05225614085793495, 0.016513384878635406, 0.015520455315709114, -0.022967994213104248, 0.03528977185487747, 0.0013525360263884068, 0.022563019767403603, -0.026182714849710464, 0.03731362894177437, 0.00024897343246266246, -0.04033876210451126, 0.0011026033898815513, 0.007527821697294712, -0.027203472331166267, -0.02810325101017952, -0.000811269972473383, 0.024068783968687057, -0.020829198881983757, -0.06008380651473999, -0.011769354343414307, 0.011738359928131104, 0.027219081297516823, 0.0024386723525822163, -0.04165907949209213, 0.0009589432156644762, 0.006382309831678867, -0.005886688828468323, -0.025447050109505653, 0.016798164695501328, 0.022374875843524933, 0.02222352661192417, 0.018038183450698853, -0.031154684722423553, -0.009711296297609806, 0.018004462122917175, 0.0065379757434129715, 0.011777765117585659, 0.062040939927101135, 0.02913825586438179, -0.026570070534944534, -0.021939994767308235, -0.020408421754837036, 0.05072082579135895, -0.030096158385276794, -0.030524613335728645, 0.012875668704509735, 0.005406203679740429, 0.013507872819900513, -0.015111292712390423, -0.0020338487811386585, -0.005342982243746519, -0.03013562597334385, 0.06857664883136749, 0.010786578990519047, -0.006847771815955639, 0.029562167823314667, 0.05183755233883858, 0.012110281735658646, 0.02995486930012703, -0.01676108129322529, 0.0062271361239254475, -0.009955985471606255, 0.026426201686263084, -0.049122463911771774, -0.012123866006731987, -0.004780954215675592, 0.07145753502845764, -0.02112327143549919, -0.01441011019051075, 0.031936854124069214, -0.010832099243998528, -0.18272440135478973, 0.060227081179618835, 0.019292911514639854, 0.028319617733359337, 0.021055953577160835, 0.022793829441070557, -0.05834384262561798, -0.01162152923643589, 0.024045022204518318, -0.0007843647617846727, -0.006406958680599928, -0.04625706747174263, -0.001748305861838162, -0.021604059264063835, 0.021385502070188522, 0.02098211832344532, -0.011710016056895256, -0.003779240185394883, 0.0015190180856734514, -0.04085734486579895, -0.0034826421178877354, 0.005087595898658037, -0.003339349292218685, -0.04994802549481392, -0.02312956377863884, -0.016308214515447617, 0.04145411401987076, -0.0009085240308195353, -0.04928101599216461, 0.021430112421512604, -0.048184774816036224, -0.010039434768259525, -0.01715097576379776, 0.01843499392271042, 0.019220020622015, 0.03977154940366745, -0.013590029440820217, -0.056091438978910446, -0.049943383783102036, 0.011642254889011383, -0.011338619515299797, 0.0477314330637455, -0.010682394728064537, 0.008291268721222878, 0.017568709328770638, -0.019910182803869247, -0.029054349288344383, 0.001702100271359086, -0.06980324536561966, 0.015273327007889748, 0.004781322553753853, -0.032959312200546265, -0.020592404529452324, 0.037089768797159195, -0.0501699335873127, 0.03261381387710571, -0.0526035875082016, 0.02781626395881176, -0.02590889483690262, -0.018477987498044968, -0.02160891331732273, -0.03802052140235901, 0.018114252015948296, -0.020990561693906784, -0.0664459690451622, -0.026184065267443657, 0.054908931255340576, -0.032949186861515045, 0.04760988429188728, -0.013478769920766354, 0.014530629850924015, -0.010209919884800911, 0.004241412039846182, -0.013264664448797703, -0.04179210215806961, 0.026181671768426895, -0.014998365193605423, -0.027003102004528046, 0.008717469871044159, -0.12489547580480576, -0.00016082808724604547, 0.011075092479586601, 0.004040719009935856, 0.014046214520931244, -0.041375163942575455, 0.0014835124602541327, 0.013317017816007137, 0.03495331481099129, 0.024190660566091537, 0.24141409993171692, 0.00038893535383976996, -0.01143976952880621, -0.03092152811586857, 0.019879233092069626, -0.02149575762450695, -0.01932297646999359, 0.03713172674179077, -0.012210659682750702, -0.03038347139954567, -0.016240987926721573, -0.001237158547155559, 0.0012975141871720552, -0.04087860882282257, 0.027945974841713905, 0.04262983798980713, -0.03765743598341942, -0.008827593177556992, 0.07572752982378006, 0.002087079221382737, -0.014575912617146969, 0.0015674373134970665, 0.011333882808685303, 0.007768703158944845, -0.05008736997842789, -0.014253349974751472, -0.025028230622410774, -0.010369974188506603, 0.01047382690012455, 0.0658872127532959, -0.03856455162167549, -0.00878552719950676, 0.060841407626867294, 0.04381801187992096, -0.055139146745204926, -0.004664730746299028, 0.054367344826459885, -0.030752282589673996, 0.013372165150940418, 0.03613881394267082, -0.0033518450800329447, -0.022759513929486275, 0.026602860540151596, 0.026149436831474304, -0.04111935570836067, -0.001959067303687334, -0.004603238310664892, -0.03047753870487213, -0.029947148635983467, -0.013573890551924706, -0.006987032946199179, -0.06495149433612823, -0.04612128436565399, 0.001811952912248671, 0.00011845854896819219, -0.02186562865972519, -0.02660290338099003, 0.0318179726600647, -0.006166298408061266, 0.030993180349469185, 0.0290267001837492, 0.012077054008841515, -0.043446414172649384, -0.006879087071865797, -0.019124625250697136, 0.02831212989985943, 0.024719424545764923, -0.053435567766427994, 0.020916715264320374, 0.024934519082307816, -0.010559284128248692, 0.04464459791779518, -0.005904924590140581, 0.007682694587856531, 0.029920414090156555, -0.004662316758185625, -5.501434861798771e-05, 0.019845634698867798, -0.023869214579463005, 0.005412705708295107, -0.03206626698374748, 0.010961906984448433, -0.037555031478405, -0.007198792416602373, 0.007504511158913374, -0.009824165143072605, -0.0138107193633914, 0.039632707834243774, 0.0010246383026242256, 0.005154099315404892, -0.0319831520318985, 0.015572422184050083, -0.012239263392984867, 0.013680553063750267, -0.014704154804348946, -0.006254779640585184, 0.006286472547799349, -0.007473982870578766, -0.04454652592539787, -0.05002720281481743, -0.0021112984977662563, -0.013860577717423439, -0.016333850100636482, 0.012248009443283081, 0.006266994401812553, 0.010239173658192158, -0.03916424140334129, 0.011983240023255348, 0.018183860927820206, -0.00413978798314929, -0.024622824043035507, 0.01455402560532093, 0.004896883852779865, -0.01042107678949833, 0.02214568667113781, 0.0442463755607605, 0.05108711123466492, 0.03065025433897972, 0.017428092658519745, 0.0041648042388260365, 0.013842904940247536, -0.03087880276143551, -0.018413884565234184, 0.011459996923804283, -0.009680469520390034, -0.032742634415626526, -0.03002176433801651, 0.01508376095443964, -0.03905628249049187, 0.023856623098254204, 0.03257101774215698, -0.03621116280555725, -0.013357519172132015, 0.060175180435180664, 0.03639841452240944, -0.012603728100657463, 0.03261905908584595, -0.002806333126500249, -0.008830653503537178, -0.015614599920809269, 0.0011671485844999552, 0.0158141627907753, -0.007337873801589012, -0.04190883785486221, 0.004824166186153889, -0.022702481597661972, 0.025118617340922356, -0.01872558705508709, 0.02645275369286537, 0.034915439784526825, 0.03609851375222206, 0.01920735463500023, -0.007710237987339497, -0.04840366169810295, 0.0017113195499405265, 0.0025663012638688087, -0.0333285890519619, 0.0023258028086274862, 0.005094142165035009, -0.047259315848350525, -0.013694732449948788, 0.008893551304936409, 0.02484802156686783, 0.07073142379522324, 0.011065695434808731, 0.04782383516430855, 0.03548300266265869, 0.035483743995428085, 0.0349368080496788, 0.025354763492941856, 0.015547135844826698, -0.016785666346549988, -0.04614754393696785, -0.011557151563465595, 0.018133334815502167, -0.04390580579638481, -0.051637012511491776, -0.010461289435625076, -0.032226305454969406, 0.003036715090274811, 0.04179111123085022, -0.023114636540412903, -0.03369835764169693, 0.018471132963895798, 0.027075806632637978, 0.042647648602724075, -0.023635102435946465, -0.023358497768640518, 0.052883852273225784, -0.02741655893623829, -0.009107877500355244, 0.15665209293365479, 0.021975282579660416, -0.00752344261854887, 0.048344049602746964, -0.008061284199357033, 0.018747299909591675, 0.038478314876556396, -0.0007402756018564105, -0.023003550246357918, -0.03845280408859253, -0.01820140890777111, 0.01579398475587368, -0.014140783809125423, -0.0001619199028937146, 0.029837841168045998, -0.024189552292227745, 0.03125036880373955, -0.017085786908864975, 0.00954962708055973, 0.03371570631861687, 0.004855790175497532, -0.0142904631793499, -0.017399104312062263, 0.003756482619792223, -0.006813894025981426, 0.030234547331929207, 0.0014509321190416813, 0.0013811941025778651, -0.00815601646900177, -0.017408356070518494, 0.012729230336844921, 0.028713351115584373, -0.05327145755290985, 0.008038781583309174, -0.0012773791095241904, 0.020253708586096764, 0.011682725511491299, 0.01795775629580021, 0.007257976569235325, -0.0024841008707880974, -0.014257431961596012, -0.01510487962514162, -0.03863496333360672, 0.03730899468064308, 0.04105034098029137, -0.02300037071108818, 0.02532096579670906, -0.005204496439546347, -0.02911369502544403, 0.031103260815143585, -0.04401790723204613, 0.01999427005648613, 0.0691763386130333, -0.029297323897480965, 0.022682249546051025, 0.007617969065904617, -0.044651374220848083, 0.027414817363023758, 0.03064095601439476, -0.03287813439965248, -0.009480230510234833, 0.030097421258687973, -0.04451555013656616, -0.03858308121562004, 0.01893034391105175, -0.02945500612258911, 0.037455443292856216, -0.01899203471839428, -0.0224621519446373, 0.00501669105142355, 0.02480221353471279, 0.01485059317201376, -0.02862030453979969, -0.03578485921025276, -0.042777448892593384, 0.037980858236551285, -0.029482640326023102, -0.02822275459766388, -0.026744509115815163, -0.004914073273539543, -0.009540759027004242, -0.06886869668960571, -0.005413353908807039, 0.06084971874952316, 0.0010509169660508633, -0.011990508064627647, -0.0024031042121350765, 0.019073551520705223, -0.036112185567617416, -0.04194379970431328, 0.007669690065085888, -0.019510284066200256, 0.021010419353842735, -0.00895634014159441, -0.010521319694817066, 0.0857764407992363, 0.05642034113407135, 0.02463711053133011, -0.04139279946684837, 0.037592124193906784, -0.031710755079984665, -0.04966198652982712, -0.010656426660716534, -0.009642626158893108, -0.01155355665832758, -0.01617397740483284, 0.041552916169166565, -0.03126022592186928, 0.010899013839662075, 0.007630697451531887, 0.02972981333732605, -0.0019244709983468056, -0.0040868110954761505, -0.02060435712337494, 0.042460907250642776, -0.013085956685245037, -0.012903106398880482, 0.07170666009187698, 0.013269888237118721, 0.027902832254767418, -0.06451626121997833, 0.01827874407172203, 0.013815018348395824, -0.00312831555493176, -0.02620885707437992, 0.015093662776052952, -0.01312180794775486, 0.018807027488946915, -0.02436790242791176, 0.0184831190854311, -0.009819273836910725, -0.020605865865945816, 0.04007963463664055, -0.04041335731744766, 0.01102490071207285, 0.020893873646855354, -0.019738677889108658, 0.004072470590472221, -0.010683603584766388, -0.012666286900639534, 0.021859483793377876, -0.023308897390961647, -0.020113514736294746, -0.01221332885324955, -0.03961919993162155, 0.018660379573702812, 0.025496801361441612, -0.0038526058197021484, 0.06158345192670822, 0.03122601844370365, -0.016398917883634567, 0.046367425471544266, -0.01853855326771736, 0.0367453433573246, 0.02897367626428604, -0.02208903431892395, 0.030735893175005913, 0.01319084782153368, -0.03718171268701553, -0.03569035232067108, 0.038262322545051575, -0.016702404245734215, -0.016835354268550873, 0.03690582886338234, -0.0062460037879645824, 0.007753574755042791, 0.037441011518239975, 0.009660866111516953, -0.006341811269521713, -0.03453831747174263, 0.0013480406487360597, -0.0542733371257782, 0.01767522469162941, -0.02323840744793415, 0.020920533686876297, -0.029006492346525192, 0.013860923238098621, -0.037601590156555176, 0.0008435951313003898, -0.042997874319553375, 0.052927713841199875, -0.029394099488854408, -0.024166299030184746, -0.04194892197847366, 0.05396830290555954, -0.026631131768226624, -0.0035307174548506737, 0.04718529060482979, 0.029388848692178726, -0.007605979684740305, -0.03492235764861107, -0.030430663377046585, -0.03298436477780342, 0.01635974459350109, -0.012912248261272907, -0.032733481377363205, 0.0077823069877922535, 0.029021447524428368, 0.049677327275276184, -0.044400542974472046, -0.052951835095882416, -0.04667900875210762, -0.0011105865705758333, -0.17971299588680267, 0.01820766180753708, -0.005937481764703989, -0.01317159179598093, -0.06653941422700882, -0.02458578534424305, -0.031811896711587906, -0.029962515458464622, 0.003749699331820011, -0.0003694290353450924, -0.022429149597883224, 0.012266119010746479, 0.004318990744650364, -0.04219508916139603, -0.03364976868033409, -0.019550742581486702, 0.011609364300966263, 0.005700602661818266, 0.040788378566503525, 0.03307446092367172, 0.0067889634519815445, -0.007082600612193346, 0.08367806673049927, 0.03953254222869873, 0.010556474328041077, -0.021053502336144447, -0.020708732306957245, 0.013122215867042542, -0.024364566430449486, 0.02903573587536812, 0.026413224637508392, -0.01904953084886074, -0.012560508213937283, 0.08334286510944366, 0.012353840284049511, 0.03334280848503113, 0.025296134874224663, 0.010758786462247372, -0.023080434650182724, 0.0111234737560153, 0.024536428973078728, 0.04021556302905083, -0.026950260624289513, -0.02798669971525669, 0.0021343149710446596, 0.04750802367925644, -0.0015826172893866897, 0.008307523094117641, -0.013539816252887249, -0.021636581048369408, -0.0021353315096348524, 0.021166952326893806, -0.01993347331881523, 0.04912906140089035, 0.028588248416781425, -0.034516919404268265, -0.028277212753891945, -0.008668795228004456, -0.00036527402698993683, 0.06075277552008629, -0.044459592550992966, 0.003578825620934367, -0.027846505865454674, -0.0728621780872345, -0.02594221942126751, 0.04058624431490898, -0.01880132034420967, 0.02204958349466324, -0.010214732028543949, -0.00016487602260895073, -0.0010573746403679252, 0.003287035971879959, 0.008905363269150257, -0.003654300468042493, 0.01760917156934738, 0.0421394445002079, 0.023638220503926277, -0.009799610823392868, -0.048626404255628586, -0.037145134061574936, -0.04264373704791069, 0.0007749281357973814, -0.05672653764486313, 0.0179639533162117, 0.04470289871096611, 0.036561015993356705, -0.008994141593575478, 0.005534624680876732, -0.036688897758722305, -0.044290848076343536, -0.034696560353040695, -0.03188161924481392, -0.0020618794951587915, 0.004848084878176451, -0.06363243609666824, 0.010232696309685707, -0.019157497212290764, 4.9135178414871916e-05, 0.01641547866165638, -0.017504189163446426, -0.012005195952951908, -0.04530639573931694, -0.021735962480306625, 0.04246481508016586, -0.03353052958846092, 0.005629144608974457, 0.014250343665480614, 0.03568219393491745, -0.03767005354166031, -0.007093240041285753, -0.07039204239845276, -0.01850512996315956, -0.012920144945383072, 0.026764022186398506, -0.03948170319199562, -0.004571780562400818, -0.0009092137333936989, 0.006957984063774347, 0.01913880743086338, 0.034942369908094406, -0.021569762378931046, -0.006707449443638325, -0.01904810592532158, -0.030060039833188057, 0.030418729409575462, 0.011677563190460205, 0.027933046221733093, 0.012389671988785267, 0.01768048293888569, -0.005106989294290543, 0.01714228093624115, -0.04900313541293144, 0.03854081407189369, 0.03520709648728371, 0.047787994146347046, -0.011137988418340683, -0.04866325855255127, 0.029376568272709846, -0.024882517755031586, -0.056324854493141174, 0.003569250227883458, 0.016094107180833817, 0.0015150115359574556, -0.05259351059794426, -0.007767052389681339, 0.01281600259244442, 0.01831812411546707, 0.027822019532322884, 5.5236749176401645e-05, 0.018769560381770134, 0.008362999185919762, 0.021024515852332115, -0.013903181068599224, 0.039272647351026535, -0.023867974057793617, -0.0022070137783885, -0.028883440420031548, 0.03545954078435898, -0.018947415053844452, 0.032587699592113495, -0.022280965000391006, -0.02945883572101593, -0.013094279915094376, -0.028893351554870605, 0.017368681728839874, 0.0476817786693573, 0.016716670244932175, -0.03201819956302643, -0.023091057315468788, -0.010596109554171562, 0.024680301547050476, 0.010602576658129692, -0.037188123911619186, -0.0024892184883356094, 0.033883679658174515, -0.0015064383624121547, 0.02020636945962906, -0.03338020667433739, 0.027769846841692924, -0.025035109370946884, 0.012076816521584988, 0.009252519346773624, 0.04753108322620392, -0.014500319957733154, -0.004670471418648958, 0.0257224403321743, -0.03734712302684784, 0.040246352553367615, 0.028727440163493156, -0.01599111035466194, 0.0031536705791950226, -0.0008922457345761359, -0.0009940885938704014, -0.010533599182963371, 0.036654844880104065, -0.014832576736807823, 0.025120224803686142, 0.040166065096855164, -0.031583141535520554, 0.027525972574949265, -0.03812772035598755, 0.015878330916166306, -0.021391237154603004, -0.032978083938360214, -0.03610701486468315, -0.004609054420143366, -0.05646028742194176, 0.0038183468859642744, 0.022155804559588432, 0.05050227791070938, -0.003996162209659815, -0.0003367799799889326, -0.0002322699292562902, 0.03584807738661766, -0.022641630843281746, 0.027844520285725594, -0.0069384039379656315, 0.007641862146556377, 0.011375680565834045, -0.033994704484939575, 0.04962684586644173, -0.0007691035280004144, -0.014032837934792042, -0.0016241127159446478, 0.006847078911960125, 0.03640122711658478, -0.02136421948671341, -0.014590383507311344, 0.024539979174733162, 0.0002459275128785521, -0.01859661005437374, 0.03082454204559326, 0.016817815601825714, 0.04850473254919052, 0.01626267097890377, 0.013107210397720337, -0.0002758415648713708, 0.028260910883545876, -0.011140778660774231, 0.002749758306890726, 0.05056564882397652, -0.016810119152069092, -0.025062814354896545, -0.022389182820916176]",
15_1_0_errors_invalid_route_source_mdx_section_3_code_2,code_snippet,15_1_0_errors_invalid_route_source_mdx_section_3,Custom Routes - code_2,,"{'programming_language': 'js', 'filename': None, 'switcher': False}",15.1.0,,"{
  source: '/feedback/((?!general).*)',
  destination: '/feedback/general'
}
","[(np.int64(7), np.float64(0.14090503752231598)), (np.int64(86), np.float64(0.2150748074054718)), (np.int64(438), np.float64(0.17161288857460022)), (np.int64(1647), np.float64(0.22756026685237885))]",,"[-0.026668183505535126, -0.010917961597442627, -0.054085806012153625, -0.038713376969099045, -0.02306501381099224, -0.07884815335273743, 0.01016995683312416, 0.03018655627965927, -0.0085860351100564, 0.014215929433703423, -0.00023293698905035853, 0.041292160749435425, 0.008768496103584766, 0.04774077609181404, -0.0057368348352611065, -0.027855992317199707, 0.0018451606156304479, 0.010375202633440495, -0.025550493970513344, -0.012570732273161411, -0.02569674700498581, 0.008901349268853664, 0.023337088525295258, 0.016288932412862778, -0.008762295357882977, 0.028690993785858154, 0.029089661315083504, -0.027355819940567017, -0.020594876259565353, 6.600814231205732e-05, 0.03711272031068802, -0.006355674937367439, 0.028251053765416145, 0.011992156505584717, -0.03675144538283348, -0.020428944379091263, -0.008309710770845413, -0.023222876712679863, -0.05541301891207695, -0.0039937663823366165, -0.0356910414993763, -0.005446501076221466, 0.0076940846629440784, -0.004662897437810898, 0.026472236961126328, -0.057001031935214996, 0.010363925248384476, -0.03589218109846115, -0.017860237509012222, -0.018206896260380745, 0.006778827868402004, 0.008615008555352688, 0.025399670004844666, -0.0037639886140823364, 0.03908511623740196, 0.03607640415430069, 0.007529000286012888, -0.03068048320710659, -0.03503601253032684, -0.009217633865773678, -0.01196017861366272, -0.013516463339328766, -0.036732759326696396, 0.027577674016356468, 0.0281229130923748, 0.08667141944169998, 0.04248187318444252, -0.01830882951617241, -0.01158529706299305, -0.04549841210246086, -0.04088226333260536, 0.016057254746556282, -0.02808557264506817, -0.02251278981566429, -0.06724223494529724, 0.03865256905555725, 0.03764181211590767, -0.05914630368351936, 0.00813649594783783, -0.016630956903100014, -0.004742630757391453, 0.01115749217569828, -0.006294202990829945, -0.006631119176745415, 0.002193643245846033, 0.020189808681607246, -0.012911881320178509, -0.010849311016499996, 0.00015199033077806234, 0.025552483275532722, 0.010411817580461502, -0.03670646622776985, -0.01906452886760235, 0.005884245503693819, -0.019811982288956642, 0.013007172383368015, 0.01497673150151968, 0.017386218532919884, 0.01878225989639759, -0.0025268555618822575, 0.018602190539240837, 0.02342309057712555, -0.0004822982882615179, -0.03218267858028412, 0.02721352130174637, 0.004556146450340748, 0.0646907165646553, 0.010321351699531078, -0.015841729938983917, -0.004198847338557243, 0.006958791054785252, 0.04707770049571991, 0.008004973642528057, -0.004171962849795818, 0.016611281782388687, 0.0014273824635893106, -0.043010104447603226, -0.01726984605193138, 0.03918161243200302, -0.004101361148059368, 0.0286448672413826, -0.003327548736706376, 0.033849745988845825, -0.002144860103726387, 0.005831509828567505, -0.010608985088765621, 0.005062192212790251, 0.003400336019694805, -0.04126397520303726, 0.04997039958834648, -0.008851072750985622, 0.024437543004751205, -0.007814203388988972, -0.006354270037263632, -0.010952443815767765, -0.027178172022104263, 0.03807109221816063, 0.03635431081056595, -0.0036950705107301474, -0.06820371001958847, 0.040414657443761826, 0.08496060967445374, -0.04192701354622841, -0.046797335147857666, 0.020599698647856712, -0.03491344302892685, 0.05827542021870613, 0.02628246322274208, 0.019695188850164413, -0.013047653250396252, 0.007345854304730892, 0.0183569323271513, 0.04614805057644844, 0.013800940476357937, 0.03521130234003067, 0.0021028516348451376, 0.026649994775652885, 0.02452371083199978, -0.01813376508653164, 0.01032462902367115, -0.007676665671169758, 0.04482916742563248, -0.0278768353164196, 0.03633134439587593, 0.013253070414066315, 0.012779529206454754, 0.004916022066026926, -0.01424333918839693, 0.000137627255753614, -0.05331176891922951, 0.02089880406856537, -0.05882060155272484, 0.058603934943675995, -0.0012958752922713757, 0.007787846494466066, 0.014587641693651676, 0.06733956187963486, 0.022620560601353645, 0.03517237305641174, -0.004608700517565012, -0.05178917571902275, 0.006804901175200939, -0.01696295477449894, -0.0245004091411829, -0.0532057024538517, 0.013265304267406464, -0.008178558200597763, -0.037798307836055756, 0.01590934582054615, 0.041706014424562454, -0.010653273202478886, -0.03219945356249809, 0.05194045230746269, 0.014764277264475822, -0.008675659075379372, -0.020509880036115646, 0.0032923445105552673, 0.011141382157802582, -0.027458077296614647, -0.0227963887155056, 0.007058328483253717, 0.009401636198163033, 0.018961217254400253, 0.039257559925317764, 0.005321943666785955, -0.01860727369785309, -0.031989552080631256, -0.04086580127477646, 0.015565413050353527, 0.01597762107849121, -0.05762531980872154, -0.0016911706188693643, -0.01270813774317503, 0.014604474417865276, -0.028035709634423256, 0.006412815768271685, -0.022957095876336098, -0.044920988380908966, 0.013012561947107315, -0.026996996253728867, -0.005447043105959892, -0.006267284508794546, -0.01151775661855936, 0.01811249926686287, -0.015288050286471844, -0.007339180912822485, -0.05166349187493324, 0.017365699633955956, 0.005945883225649595, -0.016031282022595406, 0.031314004212617874, 0.0017443500692024827, 0.02509247697889805, -0.023798318579792976, 0.033506959676742554, -0.0026635800022631884, -0.03672728314995766, -0.002683061407878995, 0.008625813759863377, -0.02879321575164795, -0.030146265402436256, 0.0010881584603339434, 0.02471853420138359, -0.01630590856075287, -0.06110701709985733, -0.012167064473032951, 0.009071560576558113, 0.02789214812219143, 0.006475973408669233, -0.04028056561946869, 7.8016055340413e-05, 0.011294363997876644, -0.004748902283608913, -0.02214137837290764, 0.013031215406954288, 0.02078322507441044, 0.022521425038576126, 0.01516303326934576, -0.031807590276002884, -0.007929274812340736, 0.018310295417904854, 0.006887326017022133, 0.00828864611685276, 0.059618934988975525, 0.03139328956604004, -0.03365779295563698, -0.018064795061945915, -0.02264435403048992, 0.04814732074737549, -0.027711210772395134, -0.026775037869811058, 0.007510615978389978, 0.0002074057119898498, 0.009251050651073456, -0.01594453677535057, -0.000999531475827098, -0.010310306213796139, -0.03119969740509987, 0.06979187577962875, 0.014693232253193855, -0.013460047543048859, 0.029505044221878052, 0.05657683685421944, 0.005228694994002581, 0.031920790672302246, -0.01518333051353693, 0.01207263395190239, -0.008617098443210125, 0.026411429047584534, -0.045694682747125626, -0.014614749699831009, -0.006552228704094887, 0.07116972655057907, -0.023919275030493736, -0.013589432463049889, 0.03434985503554344, -0.012556311674416065, -0.18392251431941986, 0.05533162131905556, 0.017754225060343742, 0.03901975601911545, 0.022843917831778526, 0.026545895263552666, -0.057608503848314285, -0.012346030212938786, 0.03082873858511448, 0.0011252184631302953, -0.012751972302794456, -0.04656315594911575, -0.0026622258592396975, -0.0283595509827137, 0.027943311259150505, 0.019706381484866142, -0.018799616023898125, -0.005357823334634304, 0.006387488916516304, -0.03620541840791702, -0.005665086209774017, 0.005762406624853611, 0.0016130610601976514, -0.04922066628932953, -0.020982230082154274, -0.015100321732461452, 0.03878224641084671, 0.0022911543492227793, -0.04845573753118515, 0.024561326950788498, -0.04962077736854553, -0.00847153551876545, -0.017144491896033287, 0.02075667306780815, 0.017209047451615334, 0.039446230977773666, -0.010697348974645138, -0.057282254099845886, -0.052237868309020996, 0.012413999997079372, -0.013328438624739647, 0.04365181177854538, -0.008623960427939892, 0.009084180928766727, 0.015003918670117855, -0.018630050122737885, -0.032028909772634506, 0.0016205571591854095, -0.06716353446245193, 0.019745200872421265, -0.0004428710089996457, -0.03381861001253128, -0.02075781114399433, 0.040177371352910995, -0.05069480091333389, 0.03432678058743477, -0.051102787256240845, 0.02050371840596199, -0.02570212632417679, -0.013824560679495335, -0.022613897919654846, -0.03298454359173775, 0.017253916710615158, -0.025520553812384605, -0.06274332106113434, -0.020639432594180107, 0.057424258440732956, -0.02675590105354786, 0.047647859901189804, -0.013953023590147495, 0.01400383934378624, -0.008703311905264854, 0.006640054285526276, -0.011846539564430714, -0.04450208693742752, 0.02975361794233322, -0.01931406371295452, -0.026594428345561028, 0.0145673006772995, -0.11946482956409454, -9.256936027668417e-05, 0.005732077639549971, 0.001435524900443852, 0.019962072372436523, -0.04138227552175522, 0.007680789101868868, 0.011109442450106144, 0.0357278436422348, 0.01497754268348217, 0.23654405772686005, 0.004217261914163828, -0.011704503558576107, -0.03152355179190636, 0.018816763535141945, -0.02157619036734104, -0.021109091117978096, 0.033981695771217346, -0.0076706684194505215, -0.03087816759943962, -0.01393503975123167, -0.0016855861758813262, 0.0009112852858379483, -0.04795360937714577, 0.02948659099638462, 0.04349629953503609, -0.034986354410648346, -0.007795398123562336, 0.07286257296800613, 0.005428612232208252, -0.012440118007361889, 0.004194744396954775, 0.01631482131779194, 0.004399438854306936, -0.04489437863230705, -0.00873915571719408, -0.01995573192834854, -0.010550054721534252, 0.015485425479710102, 0.06639807671308517, -0.03371818736195564, -0.00671097356826067, 0.06227748841047287, 0.04080897197127342, -0.04730488732457161, -0.002307603135704994, 0.05174139887094498, -0.036523669958114624, 0.007919350638985634, 0.034492187201976776, -0.004198137205094099, -0.02145080268383026, 0.02597217448055744, 0.026088224723935127, -0.03771958127617836, -0.0013153009349480271, -0.0023430821020156145, -0.03119606152176857, -0.03145703300833702, -0.007807841058820486, -0.013925168663263321, -0.063858762383461, -0.04928918927907944, 0.006723774131387472, -0.0046759359538555145, -0.024519329890608788, -0.024501778185367584, 0.033793285489082336, -0.003793664276599884, 0.03046898916363716, 0.03431013971567154, 0.007421394344419241, -0.037090081721544266, -0.007442551665008068, -0.010407311841845512, 0.024630289524793625, 0.032376132905483246, -0.05685195326805115, 0.01681939698755741, 0.029284171760082245, -0.009797417558729649, 0.05069032683968544, -0.005221432540565729, 0.003585833590477705, 0.032567817717790604, -0.00552611518651247, -0.002133551985025406, 0.013893354684114456, -0.02227478101849556, 0.004499908536672592, -0.030436428263783455, 0.01181135606020689, -0.03493921831250191, -0.010738305747509003, 0.006725450977683067, -0.014532559551298618, -0.01417043898254633, 0.035180266946554184, -0.0035437047481536865, 0.007673327811062336, -0.031850267201662064, 0.014775081537663937, -0.0077921077609062195, 0.015569099225103855, -0.011194301769137383, -0.008570481091737747, 0.005029597785323858, -0.005339896772056818, -0.04881633445620537, -0.04903895780444145, 0.004404465202242136, -0.006418377626687288, -0.016847725957632065, 0.018421227112412453, 0.01477432157844305, 0.01072816364467144, -0.042615246027708054, 0.010634082369506359, 0.02061299793422222, -0.003375513479113579, -0.02179718017578125, 0.016091924160718918, 0.005829908419400454, -0.00846379529684782, 0.023154841735959053, 0.05238297954201698, 0.05255154147744179, 0.03188721090555191, 0.012327787466347218, -0.0014494770439341664, 0.011271578259766102, -0.03235561028122902, -0.01707582361996174, 0.012992450036108494, -0.005826539825648069, -0.028310200199484825, -0.03230072185397148, 0.021535582840442657, -0.035507626831531525, 0.02191345952451229, 0.03231142833828926, -0.03658862039446831, -0.01496083103120327, 0.06623552739620209, 0.03742966055870056, -0.01725638285279274, 0.03893711790442467, -0.0036944590974599123, -0.011288339272141457, -0.013858302496373653, 0.0008835825137794018, 0.018885595723986626, -0.012112961150705814, -0.04403211176395416, 0.002028993796557188, -0.02453557401895523, 0.027200741693377495, -0.02344093844294548, 0.027038125321269035, 0.03201514482498169, 0.033594198524951935, 0.013620521873235703, -0.006758004892617464, -0.049608953297138214, 0.004848118871450424, 0.005530250258743763, -0.030785879120230675, 0.00827456172555685, 0.0012688727583736181, -0.04865451157093048, -0.01522338017821312, 0.009405914694070816, 0.0236259363591671, 0.07165605574846268, 0.011947831138968468, 0.04673425480723381, 0.03418668732047081, 0.03911172226071358, 0.032704148441553116, 0.019702959805727005, 0.017676807940006256, -0.01662543974816799, -0.04348550736904144, -0.012947410345077515, 0.01959972269833088, -0.044330306351184845, -0.05196676775813103, -0.012230796739459038, -0.038638852536678314, -0.002302290638908744, 0.043252937495708466, -0.025650477036833763, -0.0358358696103096, 0.015546304173767567, 0.023181108757853508, 0.034686118364334106, -0.02649107202887535, -0.02412544935941696, 0.061483800411224365, -0.023412711918354034, -0.010776989161968231, 0.1605696678161621, 0.024484507739543915, -0.006654022727161646, 0.04407114163041115, -0.012236766517162323, 0.022059831768274307, 0.03450224548578262, -0.003710746066644788, -0.024774588644504547, -0.03931618854403496, -0.01918109878897667, 0.009021304547786713, -0.012681896798312664, -0.0030245070811361074, 0.03377695754170418, -0.02020014077425003, 0.03746958449482918, -0.01808677799999714, 0.007154131308197975, 0.033006779849529266, -0.000205528165679425, -0.016177557408809662, -0.017978835850954056, -0.004962772596627474, -0.009563279338181019, 0.03363892808556557, -0.0005678680026903749, 0.003591158427298069, -0.005870824214071035, -0.010074273683130741, 0.014315033331513405, 0.027150673791766167, -0.0507872998714447, 0.015618042089045048, -0.0026387248653918505, 0.026169249787926674, 0.011493930593132973, 0.019643984735012054, -0.00164019875228405, -0.0035370627883821726, -0.012413326650857925, -0.013926572166383266, -0.03945760801434517, 0.03886452689766884, 0.041337624192237854, -0.020153339952230453, 0.02334516867995262, -0.0026817566249519587, -0.031069189310073853, 0.026992956176400185, -0.04001668840646744, 0.015800930559635162, 0.06969109177589417, -0.03273309767246246, 0.024182574823498726, 0.00883913692086935, -0.046302977949380875, 0.02722690813243389, 0.03393564745783806, -0.03323164954781532, -0.006170681212097406, 0.025594715029001236, -0.04842473939061165, -0.040081799030303955, 0.018866470083594322, -0.035090602934360504, 0.04315166920423508, -0.014615465886890888, -0.020032064989209175, 0.004174204543232918, 0.023086491972208023, 0.016296612098813057, -0.030121976509690285, -0.03371906280517578, -0.03990922495722771, 0.038125209510326385, -0.028964396566152573, -0.02608107589185238, -0.024891238659620285, -0.006770512089133263, -0.012938093394041061, -0.07045038789510727, -0.008168277330696583, 0.05936207249760628, -0.0016159206861630082, -0.010851653292775154, -0.005042651202529669, 0.014453863725066185, -0.035206444561481476, -0.04869444668292999, -0.0007588362204842269, -0.017413385212421417, 0.017698289826512337, -0.006364143919199705, -0.008787504397332668, 0.08418568968772888, 0.056922830641269684, 0.029355652630329132, -0.04626568406820297, 0.036222923547029495, -0.031630028039216995, -0.053790200501680374, -0.012272031046450138, -0.012930878438055515, -0.021184369921684265, -0.01831229217350483, 0.04322425648570061, -0.030839983373880386, 0.006492093205451965, 0.006906544789671898, 0.03128497302532196, -0.0006839102134108543, -0.0037065260112285614, -0.017849110066890717, 0.043151602149009705, -0.012671582400798798, -0.012722041457891464, 0.06750606000423431, 0.011923917569220066, 0.022049332037568092, -0.064468152821064, 0.018495088443160057, 0.017972296103835106, -0.003943097312003374, -0.03232739865779877, 0.015380535274744034, -0.00893794372677803, 0.018001839518547058, -0.026523418724536896, 0.014815602451562881, -0.007136008236557245, -0.017235010862350464, 0.041811391711235046, -0.03559726104140282, 0.009563042782247066, 0.01635284721851349, -0.024756889790296555, 1.3994126675243024e-05, -0.013435819186270237, -0.011308680288493633, 0.019556596875190735, -0.019617684185504913, -0.020009560510516167, -0.01345718465745449, -0.04478839784860611, 0.01629914902150631, 0.021815750747919083, -0.007779724895954132, 0.062097012996673584, 0.03251152113080025, -0.016862519085407257, 0.050368450582027435, -0.01975424960255623, 0.03545767068862915, 0.021999994292855263, -0.024639230221509933, 0.031800393015146255, 0.0151048069819808, -0.03961095213890076, -0.03618060424923897, 0.037111129611730576, -0.01605503261089325, -0.01567676104605198, 0.03130221366882324, -0.0006457783165387809, 0.003782265819609165, 0.04010765999555588, 0.009365133941173553, -0.013196933083236217, -0.04059614613652229, 0.003511271672323346, -0.052525345236063004, 0.018967462703585625, -0.019741641357541084, 0.016849486157298088, -0.03345074877142906, 0.01340413000434637, -0.04028969258069992, -0.0003953000996261835, -0.040121596306562424, 0.052700225263834, -0.0339043065905571, -0.014245807193219662, -0.047548625618219376, 0.05039186775684357, -0.026074936613440514, -0.0058134556747972965, 0.04549626633524895, 0.028977738693356514, -0.008369190618395805, -0.03619616478681564, -0.03238218277692795, -0.028724156320095062, 0.015851838514208794, -0.010824371129274368, -0.0337529294192791, 0.0037587566766887903, 0.02760058268904686, 0.04849546030163765, -0.04429606720805168, -0.04559769481420517, -0.042531877756118774, -0.00483977235853672, -0.17183302342891693, 0.01534769032150507, -0.00917903520166874, -0.012395497411489487, -0.06355134397745132, -0.023284807801246643, -0.03783730790019035, -0.03503343090415001, -0.0004903971566818655, 0.00018623417417984456, -0.022664964199066162, 0.015413639135658741, 0.0018493403913453221, -0.04461751878261566, -0.03583117201924324, -0.023080548271536827, 0.012828709557652473, 0.003930362407118082, 0.037491559982299805, 0.030828353017568588, 0.008122765459120274, -0.010565287433564663, 0.08041863888502121, 0.040826648473739624, 0.009735465981066227, -0.019015299156308174, -0.01910857856273651, 0.015181728638708591, -0.02166847512125969, 0.026438726112246513, 0.030039554461836815, -0.02095463126897812, -0.015309752896428108, 0.08379869163036346, 0.017554404214024544, 0.03227822482585907, 0.02744036354124546, 0.013601575046777725, -0.021326754242181778, 0.016603317111730576, 0.027325643226504326, 0.03922611474990845, -0.028177324682474136, -0.029770880937576294, -5.996168965793913e-06, 0.04071253910660744, -0.0035995980724692345, 0.010978063568472862, -0.014585517346858978, -0.015643015503883362, -0.005087703932076693, 0.018915660679340363, -0.01804325357079506, 0.042046841233968735, 0.03307712823152542, -0.027429185807704926, -0.025253284722566605, -0.00577682675793767, -0.0018681681249290705, 0.0633566826581955, -0.04414147511124611, 0.004508442245423794, -0.023580867797136307, -0.07100102305412292, -0.019462570548057556, 0.04186239093542099, -0.014543341472744942, 0.023281972855329514, -0.0036753190215677023, 0.0013789782533422112, -0.0028913773130625486, 0.0024686737451702356, 0.0070204054936766624, -0.002612992888316512, 0.01691010408103466, 0.04388359189033508, 0.024611324071884155, -0.008488468825817108, -0.05273650214076042, -0.03554496541619301, -0.04585942625999451, 0.0007953040185384452, -0.051107097417116165, 0.020416833460330963, 0.04297315701842308, 0.032841429114341736, -0.010962908156216145, 0.00804202537983656, -0.04153623804450035, -0.04785531386733055, -0.03224046528339386, -0.034867048263549805, -0.0013907825341448188, 0.0008327079121954739, -0.0652652233839035, 0.004291135352104902, -0.017394300550222397, 0.0011412177700549364, 0.022365890443325043, -0.01809082180261612, -0.015068145468831062, -0.04412473738193512, -0.020211750641465187, 0.043751612305641174, -0.03444347530603409, -0.00040247070137411356, 0.018544906750321388, 0.03871934860944748, -0.037287212908267975, -0.010554272681474686, -0.07538988441228867, -0.01868312805891037, -0.010919533669948578, 0.029339641332626343, -0.03976686671376228, -0.008661918342113495, -0.0032928825821727514, 0.009239661507308483, 0.022334937006235123, 0.03363329917192459, -0.018073653802275658, -0.0075393784791231155, -0.023594122380018234, -0.029911844059824944, 0.03205891326069832, 0.011277345940470695, 0.021392954513430595, 0.013379484415054321, 0.01751139387488365, -0.008032994344830513, 0.022738052532076836, -0.04522332176566124, 0.043829429894685745, 0.03149605542421341, 0.04577839747071266, -0.025924202054739, -0.04777444526553154, 0.03092977963387966, -0.026343990117311478, -0.06292206048965454, 0.006736275274306536, 0.015053026378154755, -0.0003853488597087562, -0.05367659777402878, -0.0030837971717119217, 0.008993515744805336, 0.018082596361637115, 0.028992559760808945, -0.000991198467090726, 0.019307106733322144, 0.008789518848061562, 0.02176426723599434, -0.015350764617323875, 0.04034118726849556, -0.027509231120347977, -0.007540672551840544, -0.030321143567562103, 0.03856390714645386, -0.014476769603788853, 0.029276056215167046, -0.022279921919107437, -0.024173298850655556, -0.008888221345841885, -0.03471005707979202, 0.013499542139470577, 0.051297008991241455, 0.012252559885382652, -0.031689077615737915, -0.01956644095480442, -0.009295382536947727, 0.019526362419128418, 0.0027948294300585985, -0.03712448850274086, 0.0009873927338048816, 0.035160645842552185, -0.005209322553128004, 0.016354704275727272, -0.04382442682981491, 0.02263810858130455, -0.021512595936655998, 0.010296661406755447, 0.009373269975185394, 0.05027545988559723, -0.013314152136445045, -0.004264363553375006, 0.02998167835175991, -0.0403980128467083, 0.044646255671978, 0.03887191414833069, -0.011615586467087269, 0.006779460236430168, -0.004531238228082657, -0.0021190145052969456, -0.015899714082479477, 0.03997880965471268, -0.015190372243523598, 0.025311125442385674, 0.03100973553955555, -0.028289809823036194, 0.02586790919303894, -0.040709592401981354, 0.015982311218976974, -0.02359906956553459, -0.0347861610352993, -0.04184265434741974, -0.004379999358206987, -0.05973399057984352, 0.007030543405562639, 0.028394151479005814, 0.056725721806287766, -0.009975844994187355, 0.0012864284217357635, 0.003561813849955797, 0.03172361105680466, -0.022202134132385254, 0.03214901313185692, -0.0025618826039135456, 0.009286199696362019, 0.015033833682537079, -0.03599622845649719, 0.04362840577960014, -0.00025482813362032175, -0.011885430663824081, -0.004360651131719351, 0.002734253415837884, 0.04527406767010689, -0.020470110699534416, -0.019173644483089447, 0.019766787067055702, 0.003499201498925686, -0.019178787246346474, 0.03238769620656967, 0.02174866758286953, 0.04211403802037239, 0.01849302090704441, 0.010144684463739395, -0.003203523810952902, 0.030571285635232925, -0.009708640165627003, -0.002486219396814704, 0.04919503629207611, -0.016838939860463142, -0.02841193787753582, -0.024811476469039917]",
15_1_0_errors_invalid_route_source_mdx_section_4,section,15_1_0_errors_invalid_route_source_mdx,Invalid Custom Route `source` - Middleware,,{},15.1.0,"Before
After
",,"[(np.int64(71), np.float64(0.031730249524116516)), (np.int64(360), np.float64(0.051988568156957626)), (np.int64(7013), np.float64(0.19852295517921448)), (np.int64(15876), np.float64(0.21464839577674866)), (np.int64(60427), np.float64(0.2548665404319763)), (np.int64(102256), np.float64(0.1773705631494522)), (np.int64(106015), np.float64(0.2648095488548279)), (np.int64(130664), np.float64(0.2207060158252716))]","[-0.0030306121334433556, 0.01231493428349495, -0.05775649473071098, 0.03197954595088959, -0.012069995515048504, -0.033287413418293, -0.005091619212180376, 0.02566348947584629, -0.014082537963986397, -0.01364915631711483, 0.031884610652923584, 0.020160043612122536, -0.026043260470032692, -0.02303273044526577, 0.0022935178130865097, 0.013906956650316715, 0.0017252032412216067, 0.0068869274109601974, -0.02205217257142067, -0.012550091370940208, -0.04338856413960457, -0.019492503255605698, -0.006633151322603226, 0.014123503118753433, 0.017875175923109055, 0.030856145545840263, -0.015025400556623936, 0.018150679767131805, 0.0022174029145389795, 0.01601378805935383, 0.009903205558657646, -0.016515465453267097, 0.036642756313085556, -0.017301954329013824, 0.005646600853651762, -0.0370919331908226, 0.010174860246479511, -0.01626780442893505, -0.07111545652151108, 0.021385371685028076, 0.016766399145126343, 0.02665426954627037, 0.004694017581641674, 0.013902818784117699, -0.016477907076478004, -0.03181454539299011, 0.005413195118308067, -0.023503927513957024, -0.021579593420028687, -0.046890705823898315, -0.01764432154595852, 0.0004474746237974614, 0.010936779901385307, -0.02399354614317417, 0.018714573234319687, 0.008465670980513096, -0.0035484260879456997, 0.020747138187289238, -0.021855179220438004, 0.007541773375123739, -0.03722052276134491, -0.008771653287112713, 0.007921108044683933, -0.011178138665854931, -0.01969408243894577, 0.10860112309455872, -0.007006979547441006, -0.013134862296283245, -0.0406370609998703, -0.022726384922862053, 0.01297689601778984, -0.024019435048103333, 0.04885260388255119, -0.020279591903090477, -0.04647329822182655, 0.015841426327824593, -0.006626960355788469, -0.03492961451411247, 0.035824842751026154, 0.06852385401725769, 0.0880633071064949, 0.011329470202326775, 0.05350369215011597, -0.0006983206840232015, -0.04212494194507599, 0.06030772626399994, -0.039840154349803925, 0.022084353491663933, -0.008297564461827278, -0.0009283575345762074, 0.02147570066154003, -0.000107338470115792, 0.06016238033771515, -0.010937637649476528, 0.007461873814463615, 0.018004391342401505, -0.0451413057744503, 0.0017790509155020118, 0.02672388404607773, 0.022533340379595757, 0.031096987426280975, -0.008358672261238098, 0.008535723201930523, -0.030512703582644463, -0.0060200816951692104, 0.041368238627910614, 0.01112187560647726, 0.051112186163663864, 0.022364765405654907, -0.01244345773011446, 0.09074102342128754, 0.004634412936866283, 0.012587527744472027, 0.02441425621509552, 0.013158619403839111, 0.03931453078985214, -0.010234220884740353, -0.030439680442214012, -0.00977418478578329, 0.007971309125423431, 0.04847889021039009, 0.03111865743994713, 0.0306949932128191, -0.020915286615490913, 0.029470952227711678, -0.0004885299713350832, 0.0453999824821949, 0.006321003194898367, 0.016100894659757614, -0.01682453416287899, -0.010804443620145321, 0.006849425379186869, -0.023104174062609673, -0.010350971482694149, -0.0033073010854423046, -0.02517617866396904, -0.0381598062813282, -0.006660284474492073, 0.01647401973605156, -0.022466393187642097, 0.027219587936997414, 0.021718019619584084, 0.007598810829222202, -0.031879495829343796, 0.0026597764808684587, -0.021556494757533073, 0.04343048110604286, -0.009130976162850857, -0.014402422122657299, 0.016058530658483505, -0.028758455067873, 0.0036066966131329536, -0.029436178505420685, -0.06280946731567383, -0.016839617863297462, 0.012822277843952179, 0.009687519632279873, 0.025168422609567642, -0.008870456367731094, 0.016065822914242744, -0.015261368826031685, -0.02633572369813919, -0.08277401328086853, -0.0009958132868632674, 0.036953456699848175, 0.031170306727290154, 0.02916128933429718, 0.005966346710920334, -0.009963302873075008, -0.016607502475380898, -0.005629313178360462, -0.002278032945469022, 0.03540129214525223, 0.03317137435078621, 0.01488982979208231, 0.02703171782195568, 0.08102791756391525, -0.012879136018455029, -0.017087791115045547, -0.06649665534496307, -0.04587169364094734, 0.002920867409557104, 0.005544326733797789, -0.021772723644971848, -0.013905667699873447, -0.008677184581756592, -0.05357703939080238, 0.0024343663826584816, 0.027390701696276665, 0.07400137931108475, -0.023793717846274376, -0.004933096002787352, 0.04810356721282005, -0.06300217658281326, 0.03234245628118515, -0.010127968154847622, 0.004457527305930853, -0.027507266029715538, -0.014173823408782482, -0.02290433458983898, -0.0003722169203683734, -0.021451620385050774, -0.022521454840898514, -0.04621494561433792, -0.017128318548202515, -0.009016322903335094, -0.06869453191757202, -0.02576187252998352, -0.03280644863843918, -0.010969153605401516, 0.012509447522461414, -0.036762405186891556, 0.04122593626379967, 0.030633414164185524, 0.02632131054997444, 0.03182324022054672, 0.003934856969863176, 0.015833580866456032, 0.0021344220731407404, -0.006778446026146412, 0.04344087466597557, -0.0011251653777435422, 0.03127413988113403, -0.029953930526971817, -0.03060068003833294, 0.013271777890622616, 0.05347923934459686, 0.02607337385416031, -0.025003401562571526, -0.030929259955883026, -0.0017936564981937408, -0.011914425529539585, 0.0001826619409257546, -0.04791544750332832, -0.020289868116378784, -0.00277478015050292, -0.009929489344358444, 0.029773764312267303, 0.01227021124213934, 0.03898113593459129, -0.012246301397681236, -0.025239551439881325, 0.011997316032648087, 0.044385649263858795, -0.011619005352258682, 0.028458576649427414, 0.03520781546831131, -0.031089991331100464, 0.016493704169988632, 0.055161893367767334, 0.03870910778641701, 0.0022680421825498343, -0.030350685119628906, -0.005431050434708595, 0.012966523878276348, 0.03509553521871567, 0.017074666917324066, -0.033642228692770004, -0.038554199039936066, -0.051931094378232956, 0.030473634600639343, 0.05042790248990059, 0.026769664138555527, 0.03876114264130592, 0.004611585754901171, -0.005429260432720184, 0.009104914031922817, 0.00832521915435791, 0.001534301321953535, 0.04650263488292694, -0.021736647933721542, -0.027283331379294395, -0.00644911453127861, -0.0391521081328392, 0.023786388337612152, 0.04242544248700142, 0.02683829329907894, -0.0315285362303257, 0.04927050322294235, -0.012361367233097553, 0.029547173529863358, -0.03403077647089958, 0.0013638033997267485, -0.016263917088508606, 0.024640211835503578, -0.05973163992166519, 0.024898506700992584, 0.03802486136555672, 0.005617406684905291, -0.05941753834486008, -0.021317724138498306, 0.004964355379343033, 0.02305901236832142, 0.01628478802740574, -0.021695397794246674, -0.042861565947532654, 0.015971845015883446, -0.1589936465024948, -0.019235048443078995, 0.008242091163992882, -0.0296668391674757, -0.009705445729196072, 0.005387216340750456, -0.017303690314292908, -0.0191034022718668, -0.0019137674244120717, 0.04098611697554588, -0.04860413074493408, -0.029218601062893867, -0.0005723541253246367, 0.002682784805074334, 0.056619927287101746, -0.00938383024185896, -0.06357184797525406, -0.04304995387792587, -0.012080111540853977, -0.03899865224957466, -0.01625889353454113, -0.01482742466032505, 0.03313737362623215, -0.056323807686567307, -0.03908229246735573, -0.02050647884607315, 0.013233508914709091, -0.005953061394393444, -0.049873270094394684, -0.010939586907625198, 0.0425967313349247, 0.004643717315047979, -0.022012902423739433, 0.04390016198158264, -0.0328049510717392, 0.007030064240098, -0.03140346333384514, -0.008026069030165672, 0.0205713901668787, 0.009001986123621464, 0.03262566030025482, 0.05720380321145058, -0.010963908396661282, 0.01781311072409153, 0.004436749964952469, -0.025811441242694855, -0.028451383113861084, 0.006304414477199316, -0.012070818804204464, 0.04608258232474327, -0.012604666873812675, 0.003977196756750345, -0.016782864928245544, 0.02387343719601631, 0.03525177016854286, -0.018275778740644455, 0.0096187898889184, 0.04449417442083359, -0.039033737033605576, 0.009926271624863148, 0.038834571838378906, -0.04657110571861267, -0.0043050870299339294, -0.01947370171546936, -0.037637293338775635, 0.0036671545822173357, -0.034028466790914536, -0.03806782513856888, -0.004275677725672722, -0.06568972021341324, 0.04579305648803711, 0.0003437137056607753, 0.03183552622795105, -0.015887107700109482, 0.04351260885596275, 0.01028722245246172, -0.020278777927160263, -0.007015733048319817, -0.008264190517365932, -0.054108697921037674, -0.010020329616963863, 0.0056960731744766235, -0.010831156745553017, -0.03897001966834068, -0.028836051002144814, -0.01346566528081894, -0.0004797252477146685, 0.034742824733257294, 0.013452267274260521, 0.2892560064792633, 0.06625291705131531, 0.020791340619325638, -0.04998926445841789, 0.041511550545692444, 0.014220934361219406, 0.041271355003118515, -0.030906083062291145, 0.013351138681173325, -0.03830273449420929, -0.01144183799624443, 0.029934685677289963, -0.017906883731484413, -0.012008341029286385, -0.017076367512345314, -0.007596687413752079, -0.014701616019010544, -0.009138468652963638, 0.06787455826997757, -0.0013343653408810496, 0.022033831104636192, -0.014372698031365871, 0.059668414294719696, 0.001342687988653779, -0.06992935389280319, -0.03990749269723892, -0.023343974724411964, 0.03230760991573334, 0.009864608757197857, -0.013395634479820728, -0.0485507994890213, -0.024828335270285606, 0.03901810199022293, 0.01632380671799183, -0.034603893756866455, 0.010489384643733501, 0.01191951148211956, -0.01032887864857912, -0.022832490503787994, 0.0291794054210186, -0.029989931732416153, -0.03271819278597832, -0.023270215839147568, 0.0007205871515907347, 0.024977291002869606, 0.00043865854968316853, 0.036508042365312576, 0.003919578623026609, 0.00886574573814869, 0.004520081449300051, -0.014198259450495243, 0.018487242981791496, -0.01299421489238739, 0.005041988100856543, 0.009743168950080872, -0.03346925228834152, -0.014276636764407158, 0.0006124568171799183, -0.01939464546740055, -0.007084478158503771, -0.022537821903824806, 0.0399201326072216, -0.044057607650756836, 0.0069248066283762455, -0.026446901261806488, 0.044304993003606796, -0.012041999027132988, -0.04198717325925827, -0.03317774087190628, 0.02465355210006237, 0.05731988325715065, 0.0036243109498173, -0.01236059982329607, -0.01937033049762249, 0.021852361038327217, 0.022555315867066383, -0.016219619661569595, 0.041123513132333755, 0.04055375978350639, 0.03971812501549721, -0.035404302179813385, -0.03691012039780617, -0.02169054001569748, 0.021108532324433327, 0.0010859130416065454, 0.02499363012611866, -0.012833338230848312, -0.0023504081182181835, 0.018378663808107376, -0.026981106027960777, -0.0006641143700107932, 0.0015371114714071155, -0.037164006382226944, -0.0012597503373399377, -0.024854550138115883, -0.03415141999721527, 0.04529561474919319, -0.03421151638031006, -0.024243520572781563, -0.015501797199249268, -0.03629613667726517, -0.0018003113800659776, 0.01349818054586649, 0.01618238352239132, -0.00022176098718773574, -0.019999412819743156, -0.0269412063062191, -0.016875479370355606, 0.02036168798804283, 0.019649459049105644, -0.015917208045721054, -0.012856654822826385, 0.003381215501576662, 0.00104323064442724, 0.02372012287378311, 0.02170097455382347, -0.010776128619909286, 0.012136204168200493, 0.032145190984010696, 0.03189856559038162, -0.01530233584344387, 0.014404498040676117, 0.023695504292845726, -0.01562575250864029, -0.009387963451445103, -0.006881418637931347, 0.002414291026070714, -0.04576949030160904, -0.025512635707855225, 0.029530266299843788, 0.008384758606553078, -0.028280749917030334, -0.02984132058918476, 0.011769811622798443, 0.05779768526554108, -0.00440206378698349, 0.024192335084080696, -0.004791940562427044, 0.048378851264715195, -0.024880532175302505, 0.012048301286995411, -0.033947233110666275, -0.05612213909626007, 0.009021338075399399, 0.009844307787716389, 0.0316009558737278, -0.017103618010878563, 0.011444050818681717, -0.017718560993671417, 0.032323066145181656, 0.026730693876743317, 0.03589081019163132, 0.014914276078343391, -0.01646565832197666, -0.032544542104005814, -0.019290903583168983, -0.0060692038387060165, -0.02687491476535797, -0.03657872974872589, 0.004251761827617884, -0.013122567906975746, 0.013437416404485703, -0.043411534279584885, 0.034138020128011703, 0.0036579621955752373, -0.0007016687304712832, -0.0032910057343542576, 0.0750565156340599, -0.01785522885620594, 0.023466836661100388, -0.0033033983781933784, -0.026814043521881104, -0.014557765796780586, 0.03397040814161301, -0.0008784625679254532, -0.006897555664181709, -0.016852134838700294, 0.025541381910443306, -0.03300786763429642, -0.043041978031396866, 0.015154591761529446, -0.0009798191022127867, -0.048021748661994934, 0.02537822164595127, 0.03024633228778839, 0.012114769779145718, 0.014457103796303272, -0.023077676072716713, 0.012014389969408512, -0.01412901096045971, 0.014377894811332226, 0.11385084688663483, -0.0027908857446163893, -0.048890914767980576, 0.05590060353279114, 0.018824225291609764, 0.10336701571941376, -0.03723284974694252, -0.014685050584375858, 0.0038256803527474403, 0.030802583321928978, 0.05961081385612488, -0.011680296622216702, -0.004102702718228102, -0.0193044301122427, 0.0004993724869564176, -0.0007109843427315354, -0.005556396208703518, -0.056442584842443466, -0.048720065504312515, 0.019000278785824776, -0.0008649717201478779, -0.0011914352653548121, 0.02413269691169262, -6.480619049398229e-05, 0.01227856520563364, 0.028349624946713448, 0.024477530270814896, -0.01867406815290451, -0.008409257046878338, 0.0029458156786859035, -0.013722438365221024, 0.03287813439965248, -0.024911798536777496, -0.010158446617424488, 0.011884147301316261, 0.0422532856464386, 0.02242611162364483, 0.012095266953110695, 0.007443846669048071, -0.0008209057268686593, -0.020766202360391617, -0.011762866750359535, -0.004585734568536282, 0.0329909473657608, -0.03177466243505478, -0.04072130471467972, 0.03537460044026375, 0.00923276785761118, -0.00807943381369114, 0.04362984746694565, -0.0008627489442005754, 0.04787759110331535, 0.04698271304368973, -0.002571278950199485, -0.010099905543029308, 0.028527529910206795, -0.03930661827325821, -0.008956998586654663, 0.024449214339256287, 0.006484618876129389, 0.017440399155020714, -0.028990071266889572, -0.032381657510995865, 0.001913860789500177, -0.024612097069621086, 0.05124792829155922, -0.00828989502042532, -0.039698027074337006, -0.014524959027767181, -0.012186751700937748, 0.04417264461517334, 7.056782578729326e-06, -0.0031725610606372356, -0.03327702730894089, -0.01915884204208851, 0.0464818999171257, -0.02871130034327507, -0.055682338774204254, -0.02018086425960064, 0.02393615059554577, -0.009609811007976532, -0.011667762883007526, -0.05206562578678131, 0.04855254292488098, 0.009073438122868538, -0.015885543078184128, -0.016738107427954674, 0.04282422363758087, 0.05777273327112198, 0.035827696323394775, -0.0034358291886746883, 0.02967401035130024, 0.04280758649110794, -0.043483126908540726, -0.01575487293303013, 0.011248983442783356, 0.02979339100420475, 0.01284679677337408, 0.005076845176517963, 0.007105337455868721, -0.007058685179799795, 0.006111584138125181, -0.010487556457519531, -0.06219480186700821, -0.03628310188651085, 0.007841222919523716, 0.013745871372520924, -0.010045118629932404, 0.0103838462382555, -0.012598100118339062, -0.006250770762562752, -0.027969256043434143, -0.0320371575653553, 0.017920292913913727, 0.019486045464873314, 0.043646439909935, -0.032475441694259644, 0.03776916116476059, -0.00657053105533123, 0.005456663202494383, -0.037572238594293594, -0.018102174624800682, -0.05465228483080864, 0.03216959163546562, -0.023784086108207703, 0.008779827505350113, -0.006749182473868132, 0.014572639018297195, 0.023232119157910347, 0.04447769746184349, 0.007833833806216717, -0.00035519141238182783, -0.024859389290213585, -0.03501809760928154, 0.019496874883770943, -0.003116733394563198, -0.01180249359458685, 0.0029468282591551542, -0.04729805514216423, 0.022823182865977287, -0.006166455335915089, 0.016800416633486748, 0.008388454094529152, -0.007768981624394655, -0.022202787920832634, 0.020381180569529533, -0.023519348353147507, 0.0507352240383625, -0.04768846556544304, -0.025121521204710007, 0.024544192478060722, 0.07051660865545273, -0.029330387711524963, 0.04713375121355057, -0.04675356671214104, 0.0034214560873806477, 0.017641950398683548, -0.028040636330842972, -0.031164880841970444, -0.01029515266418457, 0.020738597959280014, -0.020686831325292587, -0.05430500954389572, 0.027691703289747238, -0.028520645573735237, -0.04841211065649986, 0.04576307535171509, 0.05855916440486908, 0.0378265380859375, -0.012219482101500034, 0.0012703700922429562, 0.002280180575326085, 0.002317803679034114, -0.014812392182648182, 0.02316189929842949, -0.0005598253337666392, -0.027900321409106255, -0.038229506462812424, -0.03583303838968277, 0.014398121275007725, 0.0020390464924275875, -0.006380292121320963, 0.014194163493812084, -0.021624073386192322, 0.04807326942682266, -0.05639545992016792, -0.012866150587797165, 0.009821854531764984, 0.013090673834085464, -0.01944788545370102, -0.03059881553053856, -0.019841890782117844, 0.009697038680315018, -0.004451789427548647, -0.04262473061680794, -0.02440703473985195, 0.014725856482982635, 0.02405617944896221, 0.02747240476310253, -0.05633397400379181, 0.005700727924704552, -0.03475411981344223, -0.012564457021653652, -0.19123400747776031, 0.035955045372247696, 0.014271081425249577, 0.010772586800158024, -0.005059245508164167, -0.020639780908823013, 0.042759254574775696, -0.03182597830891609, -0.02993836998939514, -0.025552282109856606, 0.005138539243489504, -0.004284793045371771, -0.023499727249145508, 0.0013291750801727176, -0.020455721765756607, 0.005252399016171694, -0.02291642129421234, 0.0014021260431036353, 0.03165473788976669, 0.05415868014097214, 0.01593424379825592, -0.020465485751628876, -0.009688579477369785, 0.028249861672520638, 0.03561905398964882, 0.0003234754258301109, -0.026423556730151176, 0.030252013355493546, -0.03679979220032692, -0.00831595342606306, -0.052493851631879807, -0.026791082695126534, -0.0020784682128578424, 0.009102512151002884, 0.018175499513745308, 0.00010328627831768245, -0.008069129660725594, 0.0048291608691215515, 0.018279554322361946, -0.025066642090678215, 0.00871056318283081, 0.03482285141944885, -0.025801192969083786, -0.012862168252468109, 0.03673236072063446, 0.006365484558045864, 0.011403098702430725, 0.046770624816417694, -0.026700932532548904, -0.04713919758796692, -0.006357959937304258, -0.010419708676636219, 0.029978198930621147, 0.015127720311284065, -0.015888364985585213, 0.03272794187068939, -0.023313231766223907, 0.05295835807919502, -0.020899314433336258, 0.030130019411444664, 0.006068216636776924, -0.027894822880625725, 0.005655713379383087, -0.04335949197411537, -0.06308364868164062, 0.021516939625144005, -0.07606464624404907, 0.00687322998419404, 0.0206075981259346, 0.002066303975880146, -0.036306459456682205, 0.006904877722263336, 0.005944413132965565, -0.0025426093488931656, -0.01313014980405569, 0.02083318866789341, 0.019584784284234047, 0.02351859211921692, -0.01172586064785719, -0.005206784699112177, 0.0049049826338887215, -0.007048803847283125, 0.03702523931860924, 0.004369392059743404, 0.009863670915365219, -0.0020442549139261246, -0.058338090777397156, -0.01833225227892399, -0.09423928707838058, -0.004157486837357283, -0.03196236491203308, 0.009595993906259537, -0.016726845875382423, 0.02434561960399151, -0.03780887648463249, 0.04694277420639992, -0.028608011081814766, -0.02292511984705925, -0.013480400666594505, -0.03831268101930618, -0.052867304533720016, -0.05378548428416252, -0.013135487213730812, 0.0029102317057549953, -0.025452490895986557, 0.05630258098244667, -0.005422437563538551, -0.00013050362758804113, 0.01780763827264309, 0.002878987230360508, -0.009932450018823147, 0.01608523167669773, -0.032109010964632034, -0.0190122127532959, -0.06018216907978058, -0.011103568598628044, 0.004315304569900036, -0.0017070473404601216, -0.0037087295204401016, 0.008401001803576946, -0.019601713865995407, -0.0006589649128727615, 0.042472001165151596, -0.03574096038937569, 0.0002576193946879357, 0.04523039236664772, 0.00030298944329842925, -0.022974444553256035, 0.018579648807644844, -0.009955639019608498, 0.042520347982645035, -0.024275775998830795, 0.02237251214683056, -0.022950509563088417, -0.03671116381883621, 0.009993265382945538, -0.021027304232120514, 0.03083052672445774, -0.0681024044752121, -0.027053413912653923, -0.02440725453197956, -0.018654992803931236, 0.0010231668129563332, -0.025264902040362358, -0.009759487584233284, -0.019715311005711555, 0.010328073054552078, 0.008962957188487053, 0.011426210403442383, 0.0022895466536283493, 0.012504968792200089, -0.016232430934906006, -0.00802589114755392, -0.022315673530101776, -0.006390265189111233, 0.002535657025873661, 0.08139120787382126, 0.009746330790221691, 0.045633330941200256, 0.03379015624523163, -0.011985018849372864, 0.02950141206383705, -0.04561923071742058, -0.03567783907055855, -0.04894331097602844, 0.038223616778850555, -0.007042999379336834, 0.023957889527082443, -0.0223070215433836, 0.02077438309788704, -0.014737511053681374, 0.03138621151447296, -0.028875429183244705, -0.01939021795988083, -0.03556651994585991, -0.01844162307679653, 0.019968882203102112, -0.0031864282209426165, -0.014504139311611652, 0.0033315271139144897, 0.008955222554504871, 0.025494519621133804, 0.061585526913404465, 0.028465695679187775, 0.04788372665643692, 0.06961914151906967, 0.005382918752729893, 0.06876489520072937, -0.0008331883000209928, -0.025098854675889015, 0.00404195673763752, 0.0037778273690491915, 0.010488172993063927, -0.0398530550301075, 0.0450216569006443, -0.004623977467417717, -0.013619113713502884, 0.021671786904335022, -0.0008258959860540926, 0.017450757324695587, -0.03178364783525467, -0.020018042996525764, -0.02959034964442253, 0.014036311767995358, -0.021538833156228065, 0.00459281075745821, 0.006604765076190233, 0.013258437626063824, -0.007844443432986736, 0.02596299536526203, 0.03313494846224785, -0.03535665571689606, -0.01124675665050745, 0.04576430097222328, 0.028271418064832687, 0.05768156051635742, 0.02464599534869194, 0.021621910855174065, 0.01414615847170353, 0.005870387889444828, -0.05033017694950104, 0.028573930263519287, -0.017061172053217888, 0.021812506020069122, -0.0013134368928149343, -0.0009926263010129333, -0.012861659750342369, -0.03472636267542839, -0.05796476826071739, -0.0193012747913599, -0.0555659718811512, -0.01865868642926216, -0.036614786833524704, 0.018877767026424408, 0.019714700058102608, -0.032615695148706436, -0.002026091329753399, 0.03394187614321709, -0.024016335606575012, -0.0035533043555915356, -0.0004615054640453309, -0.015195325948297977, -0.0038448108825832605, -0.01613032817840576]",,
15_1_0_errors_invalid_route_source_mdx_section_4_code_1,code_snippet,15_1_0_errors_invalid_route_source_mdx_section_4,Middleware - code_1,,"{'programming_language': 'ts', 'filename': 'middleware.ts', 'switcher': False}",15.1.0,,"const config = {
  matcher: '/feedback/(?!general)',
}
","[(np.int64(5), np.float64(0.1336035132408142)), (np.int64(933), np.float64(0.27762851119041443)), (np.int64(15876), np.float64(0.2432764619588852)), (np.int64(61636), np.float64(0.2690175771713257)), (np.int64(86991), np.float64(0.21939712762832642))]",,"[-0.027214305475354195, -0.039835214614868164, -0.06143942475318909, -0.02276359498500824, -0.021965697407722473, -0.0369991660118103, 0.014074353501200676, 0.01405796967446804, -0.015090684406459332, 0.018267329782247543, -0.013495157472789288, 0.014250563457608223, 0.010845642536878586, 0.035310324281454086, -0.0015963972546160221, -0.015730172395706177, -0.00558354239910841, 0.0014156649122014642, -0.002981116995215416, -0.033879585564136505, -0.03151960298418999, 0.023517200723290443, 0.0340372659265995, 0.011054988950490952, 0.028561105951666832, 0.013631563633680344, -0.0406663753092289, -0.039154212921857834, -0.0034529813565313816, 0.016324961557984352, 0.032172780483961105, -0.008885142393410206, 0.018120363354682922, -0.010089481249451637, 0.001335236243903637, 0.008172934874892235, 0.02988629974424839, -0.03935109078884125, -0.04804214835166931, 0.009273184463381767, -0.024326980113983154, -0.013593906536698341, -0.019039727747440338, -0.029151448979973793, 0.016501780599355698, -0.05063487961888313, 0.01704438030719757, -0.02160010300576687, -0.027522576972842216, -0.012896745465695858, 0.007349880412220955, 0.007236351724714041, 0.019711563363671303, -0.02083151787519455, 0.030346959829330444, 0.032399170100688934, -0.009008258581161499, 0.003521817037835717, -0.05287546664476395, 0.001498091733083129, -0.028245234861969948, 0.0030260856729000807, -0.0011826648842543364, 0.024194156751036644, 0.013375365175306797, 0.05898274853825569, 0.05909613519906998, 0.0003519035526551306, -0.010451064445078373, -0.05806735157966614, -0.016476325690746307, 0.004500397481024265, -0.036627110093832016, -0.004191889427602291, -0.08467864245176315, 0.03316037356853485, 0.05863875895738602, -0.042254842817783356, -0.026610488072037697, -0.04057249426841736, -0.009308410808444023, -0.02375710755586624, 0.02220464125275612, -0.02287937141954899, -0.003513552714139223, -0.0034970485139638186, 0.0014034536434337497, 0.02388908341526985, -0.011057867668569088, 0.019732313230633736, 0.009616157039999962, -0.028007615357637405, 0.006785539444535971, -0.01656906120479107, -0.015358704142272472, -0.002369569381698966, 0.016814764589071274, 0.016416864469647408, 0.01812872476875782, 0.012364414520561695, -0.010560340248048306, 0.01274539902806282, 0.02794630080461502, -0.02706042304635048, 0.025183385238051414, 0.018308835104107857, 0.04167605936527252, 0.016210727393627167, -0.010412902571260929, -0.024808768182992935, -0.0027434206567704678, 0.04256059229373932, 0.013755093328654766, -0.012969905510544777, 0.010742135345935822, -0.015102607198059559, -0.03799174726009369, 0.007993771694600582, 0.0516367182135582, 0.012926100753247738, 0.034756142646074295, 0.007143307011574507, 0.0077874138951301575, 0.008180088363587856, -0.03336775302886963, 0.003480981569737196, -0.015047903172671795, 0.05167105421423912, -0.0323311947286129, 0.05183285102248192, -0.014894523657858372, 0.015607383102178574, -0.013149658218026161, -0.0017947526648640633, 0.008634090423583984, -0.04748121649026871, 0.020732318982481956, 0.017563309520483017, -0.014474314637482166, -0.08671948313713074, 0.04539761692285538, 0.0653558224439621, -0.02453627809882164, -0.03225459158420563, -0.01023575384169817, -0.0459061898291111, 0.07437853515148163, 0.0052897133864462376, 0.009340529330074787, -0.0030120485462248325, 0.0008322441135533154, 0.03825795277953148, 0.024126527830958366, 0.03181690350174904, 0.055548347532749176, 0.029056794941425323, 0.03801395744085312, 0.02776150032877922, -0.006526514887809753, 0.024402109906077385, -0.0022523149382323027, 0.06350425630807877, -0.015458118170499802, 0.012663560919463634, 0.023356471210718155, -0.004781635943800211, 0.017686687409877777, 0.01260295044630766, -0.003616099711507559, -0.056984663009643555, 0.014556522481143475, -0.017240289598703384, 0.025677762925624847, -0.004527251701802015, 0.017171455547213554, 0.008411029353737831, 0.09936822205781937, 0.03293953463435173, 0.03200394660234451, -0.004520895425230265, -0.046512335538864136, -0.020564140751957893, 0.022303037345409393, -0.03316110372543335, -0.04444865882396698, 0.007890208624303341, 0.006451820023357868, -0.044075001031160355, 0.01870882697403431, 0.04967562109231949, -0.041398756206035614, -0.03133317455649376, 0.06533064693212509, -0.0006610216805711389, 0.03814084455370903, 0.011381452903151512, -0.010451821610331535, -0.02776237390935421, 0.009800059720873833, -0.005853583570569754, 0.02788383886218071, -0.014784138649702072, 0.006976504810154438, 0.01466158963739872, 0.010097227990627289, -0.006822084076702595, -0.05033113807439804, -0.0515795573592186, 0.007352619897574186, -0.004760827403515577, -0.041801128536462784, 0.03111252374947071, -0.019321171566843987, 0.01829187572002411, -0.053424637764692307, 0.0021507018245756626, -0.007806138135492802, -0.051407985389232635, 0.007038524374365807, -0.03324487432837486, -0.02286393940448761, 0.03141750022768974, 0.010160145349800587, 0.025266943499445915, 0.0024473927915096283, -0.026682745665311813, 0.01754254661500454, 0.011720689944922924, 0.004824516363441944, -0.052636221051216125, 0.027800293639302254, -0.002858157502487302, 0.023272870108485222, -0.0024687370751053095, 0.011418216861784458, -0.0157293900847435, -0.01687169261276722, -0.011054422706365585, 0.0020919570233672857, -0.006332745775580406, -0.016277996823191643, -0.010969487950205803, 0.03731595724821091, 0.004680464509874582, -0.034466296434402466, -0.015569545328617096, 0.009133288636803627, 0.005456872284412384, 0.01728728413581848, -0.02440614625811577, -0.01622709259390831, -0.006840570364147425, 0.004037876147776842, -0.021290266886353493, -8.718900062376633e-05, 0.031137894839048386, 0.01026784349232912, 0.014718827791512012, -0.006096517201513052, -0.004261418711394072, 0.020862365141510963, 0.0019328173948451877, 0.003602624638006091, 0.05811663717031479, -0.00715170381590724, -0.014711454510688782, -0.014252256602048874, -0.03855337202548981, 0.004127291031181812, -0.009203480556607246, -0.030575504526495934, -0.004984945524483919, 0.02062823437154293, -0.008691034279763699, 0.0002875836507882923, -0.0030364806298166513, -0.007441042456775904, -0.03244715556502342, 0.06853383034467697, -0.012786325998604298, -0.002177049871534109, 0.009920913726091385, 0.058791469782590866, -0.004651613999158144, -0.005859803408384323, -0.011673442088067532, 0.002924834843724966, -0.02271277643740177, 0.0186602883040905, -0.054470133036375046, -0.003630302147939801, 0.01071080844849348, 0.07582594454288483, -0.009140556678175926, -0.015011774376034737, 0.029031433165073395, 0.009265083819627762, -0.1844579577445984, 0.02860075980424881, -0.010504988953471184, 0.04746308550238609, 0.0008443807018920779, 0.013444330543279648, -0.015420930460095406, -0.010670327581465244, 0.015470168553292751, 0.029021821916103363, -0.01760333776473999, -0.042846135795116425, 0.024184128269553185, -0.03321810066699982, 0.03593083843588829, -0.018426328897476196, -0.022882500663399696, 0.02105984278023243, -0.010672246105968952, -0.03220139071345329, -0.034516751766204834, -0.05569997802376747, 0.01211889274418354, -0.028121590614318848, -0.0026683006435632706, -0.0091245723888278, 0.05001228302717209, -0.015573090873658657, -0.060882318764925, 0.032595619559288025, -0.04468492045998573, 0.02712234854698181, -0.008581516332924366, 0.027807505801320076, 0.004674382042139769, 0.03209833428263664, 0.020166559144854546, -0.03169303014874458, -0.040586914867162704, 0.0007069818675518036, 0.009879769757390022, 0.040958382189273834, 0.004069668240845203, 0.04758039861917496, 0.01981751061975956, 0.016428353264927864, -0.012007414363324642, 0.0014394809259101748, -0.036716438829898834, 0.0023254004772752523, 0.0020322983618825674, -0.03384830057621002, -0.012331685051321983, 0.052715085446834564, -0.05515768751502037, 0.018618259578943253, -0.07090231776237488, -0.007430309895426035, -0.012777666561305523, -0.020424043759703636, -0.032614946365356445, 0.007604274433106184, 0.03074028342962265, 0.0040275827050209045, -0.03721483424305916, -0.02592061460018158, 0.04123218357563019, -0.008695704862475395, 0.04786314815282822, -0.018143348395824432, -0.01146169938147068, -0.020746607333421707, 0.017929812893271446, 0.0010415700962767005, -0.02353750355541706, 0.04670441523194313, -0.020592253655195236, -0.01652568392455578, 0.002390720183029771, -0.1270618736743927, -0.004933855030685663, -6.189430132508278e-05, 0.013183832168579102, 0.004304107278585434, -0.022376729175448418, -0.021028289571404457, -0.0029197121039032936, 0.02314823679625988, 0.017650267109274864, 0.2468349188566208, 0.045521292835474014, 0.0068224105052649975, -0.007606595754623413, -0.00026368265389464796, -0.02076009102165699, 0.003864546539261937, 0.053687434643507004, -0.004503683187067509, -0.01616452820599079, -0.046604614704847336, -0.025698276236653328, 0.011058860458433628, -0.030514147132635117, 0.03801234811544418, 0.03630918264389038, -0.037810008972883224, 0.0008787232218310237, 0.06908302009105682, -0.0284099280834198, 0.02169317938387394, 0.03253137320280075, 0.010617927648127079, -0.02115844190120697, -0.05431720241904259, -0.026336565613746643, -0.007844819687306881, -0.008906922303140163, -0.005160214379429817, 0.043234411627054214, -0.02108829841017723, 0.019138315692543983, 0.0507303811609745, 0.004081813618540764, -0.04759634658694267, 0.00523769436404109, 0.05251364782452583, -0.05715673044323921, -0.009083898738026619, 0.032327983528375626, 0.0035072823520749807, -0.015992367640137672, 0.02658339962363243, -0.0068555776961147785, -0.053583141416311264, -0.019412696361541748, 0.011703588999807835, -0.05032135918736458, -0.03275246545672417, -0.05384533107280731, -0.02149026095867157, -0.04737396910786629, -0.040397148579359055, 0.008485929109156132, -0.009514913894236088, -0.032170917838811874, -0.014196312986314297, 0.019055116921663284, -0.007664017844945192, 0.031213628128170967, 0.042722541838884354, 0.007730107754468918, -0.021035579964518547, 0.034043047577142715, -0.017395401373505592, 0.05139518529176712, 0.01345963403582573, -0.04746251553297043, 0.036388687789440155, 0.036244552582502365, -0.011966279707849026, 0.04256680607795715, 0.0008485705475322902, 0.028817273676395416, 0.013477979227900505, 0.012655512429773808, -0.014544747769832611, 0.04052134230732918, -0.012474291026592255, 0.027446238324046135, -0.048258159309625626, 0.01262965239584446, -0.0563652366399765, 0.013126088306307793, 0.008085454814136028, -0.04785960540175438, -0.01528643537312746, 0.03713034838438034, -0.01859363727271557, -0.018476665019989014, -0.012410339899361134, 0.0029608863405883312, 0.0003812462673522532, 0.019406180828809738, -0.0015439377166330814, -0.005531419534236193, 0.007946011610329151, -0.0033794681075960398, -0.039665378630161285, -0.028971804305911064, 0.02084997668862343, 0.005279184319078922, -0.0082132862880826, -0.013673461973667145, 0.04001402109861374, 0.008449666202068329, 0.003954149782657623, 0.017974114045500755, 0.018080176785588264, 0.013494737446308136, -0.029375461861491203, 0.025080058723688126, 0.006744276266545057, 0.016964484006166458, 0.01014105137437582, 0.03488004580140114, 0.03865419700741768, 0.015353075228631496, -6.796413072152063e-05, -0.015010993927717209, -0.01244367379695177, 0.016851844266057014, -0.010678615421056747, 0.010578851215541363, -0.013211001642048359, -0.03819281980395317, -0.03379116579890251, 0.012256314046680927, -0.022623460739850998, 0.01525085885077715, 0.048539020121097565, -0.018862852826714516, 0.0130893150344491, 0.08057146519422531, 0.017829349264502525, -0.009008506312966347, 0.0363917239010334, 0.0012706975685432553, -0.0003060904855374247, 0.024525636807084084, -0.022184493020176888, -0.026273086667060852, -0.021246831864118576, -0.040636248886585236, -0.015679411590099335, -0.019587259739637375, 0.03035774640738964, -0.02163834497332573, -0.007481228094547987, 0.05988241732120514, 0.03705510497093201, 0.01880699209868908, -0.00918491929769516, -0.04286118596792221, -0.028424087911844254, 0.03141496703028679, -0.01595301926136017, 0.045789387077093124, -0.007247464265674353, -0.022799085825681686, -0.015288004651665688, 0.015231695026159286, 0.023420967161655426, 0.06215554103255272, -0.0026381765492260456, 0.03361053764820099, 0.01612899638712406, 0.029834948480129242, 0.04148692637681961, -0.013285293243825436, 0.03380914777517319, 0.004245902877300978, -0.049606382846832275, 0.0005795833421871066, 0.004406393971294165, -0.03646538034081459, -0.014559905976057053, 0.0027818402741104364, -0.002390780718997121, 0.01806374080479145, 0.01854066736996174, -0.0057048494927585125, -0.05546552687883377, 0.012163802981376648, -0.00546767795458436, 0.008570129983127117, -0.030090592801570892, -0.016527438536286354, 0.08884568512439728, -0.04881349578499794, -0.02661963738501072, 0.14265787601470947, -0.007225845940411091, -0.017400411888957024, 0.03178756311535835, -0.0009131766273640096, 0.010213933885097504, 0.03786267712712288, -0.03249926120042801, 0.0036770605947822332, -0.011865915730595589, -0.03999542444944382, -0.016922755166888237, -0.012695185840129852, -0.019894571974873543, 0.012160460464656353, -0.0661550983786583, 0.034917835146188736, -0.03002847172319889, 0.003294149646535516, 0.020919164642691612, 0.007625040598213673, -0.00544934906065464, -0.011110175400972366, 0.02246304787695408, 0.0021969967056065798, 0.034819841384887695, 0.006801044102758169, 0.02725423127412796, -0.019500374794006348, -0.048418331891298294, 0.003141842084005475, 0.029428375884890556, -0.044629741460084915, 0.005746007431298494, -0.0158489141613245, -0.017232144251465797, -0.015062584541738033, 0.02900354564189911, -0.037135615944862366, 0.004092227201908827, -0.009851887822151184, -0.015674812719225883, -0.02823764458298683, 0.04895349219441414, 0.0075277104042470455, -0.007682006806135178, 0.0386529378592968, -0.026830868795514107, -0.01233388390392065, 0.006759852170944214, -0.01343779917806387, 0.0414913110435009, 0.022342290729284286, -0.005195660516619682, 0.029650945216417313, -0.002521458314731717, -0.04021012783050537, 0.010483179241418839, 5.9847730881301686e-05, -0.026981806382536888, -0.022835252806544304, 0.0010268931509926915, -0.041528794914484024, -0.0512918196618557, 0.01645829901099205, -0.018600907176733017, 0.028722263872623444, -0.006025521084666252, -0.013928113505244255, 0.016441162675619125, 0.009009642526507378, -0.005611167289316654, -0.024372678250074387, -0.02662130817770958, -0.04723190516233444, 0.025824563577771187, -0.045421719551086426, -0.02074691280722618, -0.030975472182035446, -0.00653303787112236, -0.01625334657728672, -0.07261495292186737, -0.016062116250395775, 0.02876748889684677, -0.0006922825123183429, -0.02024386078119278, -0.029579194262623787, 0.016295023262500763, 0.0009219644707627594, -0.05588361993432045, -0.012285826727747917, -0.040702056139707565, -0.004936746321618557, -0.02929319441318512, 0.0186479389667511, 0.06107122451066971, 0.02838873490691185, 0.02992457151412964, -0.08947085589170456, 0.017570901662111282, -0.02353239431977272, -0.06655976921319962, -0.0005818665958940983, -0.024902667850255966, -0.04427624121308327, -0.015332669951021671, 0.03584849461913109, -0.0187849011272192, 0.032597173005342484, 0.007149531506001949, 0.02870679274201393, -0.00037295822403393686, -0.00018010192434303463, -0.008604495786130428, 0.05473898723721504, -0.015867987647652626, 0.013791162520647049, 0.04244256764650345, 0.008167103864252567, 0.023831807076931, -0.08985160291194916, 0.036773622035980225, -0.011790791526436806, 0.0038447026163339615, -0.005119552835822105, 0.022936444729566574, -0.0005319100455380976, 0.009695038199424744, -0.02445857785642147, 0.008939421735703945, -0.025123877450823784, -0.015265479683876038, 0.01810062676668167, 0.012739582918584347, -0.030121034011244774, 0.017420059069991112, -0.0674697607755661, 0.002599115250632167, -0.012192035093903542, -0.01262873224914074, 0.009790698066353798, -0.0060917166993021965, -0.03158964216709137, -0.0262193251401186, -0.052799273282289505, 0.008098130114376545, 0.0030906018801033497, 0.004670415073633194, 0.037588853389024734, 0.03374183177947998, -0.026252852752804756, 0.02753264084458351, -0.04340837150812149, 0.025316277518868446, 0.005427309311926365, -0.004303607624024153, 0.002584522357210517, -0.020137973129749298, -0.02511049434542656, -0.03577398136258125, 0.028205305337905884, -0.04239886254072189, -0.027155986055731773, 0.024566594511270523, -0.017547553405165672, -0.01575438864529133, 0.04498858004808426, -0.005720097105950117, -0.03442474082112312, -0.039467375725507736, 0.0015814213547855616, -0.04251924902200699, -0.030381804332137108, -0.0014687966322526336, 0.037880878895521164, -0.020537177100777626, 6.59375946270302e-05, -0.013651740737259388, -0.017633333802223206, -0.007039048708975315, 0.05915389209985733, -0.04808954522013664, 0.02265377715229988, -0.03869493305683136, 0.048338714987039566, -0.0008777261828072369, -0.007690961938351393, 0.0296622347086668, 0.00875816959887743, -0.011311966925859451, -0.05637803673744202, -0.029129508882761, -0.02687695249915123, 0.01682533323764801, -0.017229020595550537, -0.02734474651515484, 0.005285187158733606, 0.035674821585416794, 0.05507195368409157, -0.016433198004961014, -0.05786086618900299, -0.031181488186120987, -0.021093953400850296, -0.16611531376838684, 0.014522281475365162, -0.014205867424607277, -0.019939472898840904, -0.055878885090351105, -0.026097295805811882, -0.03268749639391899, -0.03510432317852974, 0.012527517974376678, -0.014152872376143932, -0.02132062427699566, -0.010382959619164467, 0.021907523274421692, -0.03799482807517052, -0.01135225035250187, -0.010586109012365341, 0.012641634792089462, -0.02318640984594822, 0.03241892531514168, 0.009991360828280449, -0.009500974789261818, 0.005142031703144312, 0.016204943880438805, 0.01581195928156376, 0.03135126084089279, -0.03304334357380867, -0.034308116883039474, -0.020754342898726463, -0.0334189310669899, -0.02571357786655426, 0.015523565001785755, -0.015060340985655785, -0.022997833788394928, 0.08090905845165253, 0.0036542844027280807, 0.033491071313619614, -0.005778975784778595, 0.03134113922715187, -0.0352034792304039, 0.030267540365457535, 0.055854834616184235, 0.03937846049666405, -0.012722514569759369, -0.003852935042232275, 0.005014915484935045, 0.036621324717998505, -0.009115084074437618, 0.005933787208050489, -0.03572368994355202, 0.01625695638358593, -0.005235671531409025, 0.00871388427913189, -0.008593588136136532, 0.047890543937683105, 0.018665794283151627, -0.022819843143224716, -0.016215724870562553, 0.018505826592445374, -0.028682926669716835, 0.06704529374837875, -0.06183357536792755, 0.008053071796894073, -0.030171312391757965, -0.06681917607784271, -0.03457849100232124, 0.025183595716953278, -0.05303773283958435, -0.0058580259792506695, -0.005960683338344097, 0.034491296857595444, 0.004858360625803471, 0.0036984067410230637, 0.01777120865881443, -0.009716191329061985, 0.03132038563489914, 0.04677318409085274, 0.02702545002102852, -0.010457168333232403, -0.030857037752866745, -0.02548110857605934, -0.049902427941560745, 0.01408643089234829, -0.04024532809853554, 0.03234538063406944, 0.057553406804800034, 0.0036697699688374996, -0.009202316403388977, 0.025806358084082603, -0.03794843330979347, -0.009954571723937988, 0.004366565961390734, -0.013303639367222786, 0.03507927805185318, 0.014371048659086227, -0.042539145797491074, 0.00805270578712225, -0.010494493879377842, -0.004142324905842543, 0.027503956109285355, -0.006694010924547911, -0.03543466329574585, -0.06268883496522903, -0.00514949718490243, 0.049989253282547, -0.02162938006222248, -0.013821582309901714, 0.04826820641756058, 0.02604251354932785, -0.004457666538655758, -0.003002253593876958, -0.052098166197538376, 0.0003363567520864308, -0.026073690503835678, 0.007833962328732014, -0.05306365340948105, -0.024651996791362762, 0.014163200743496418, 0.01966102048754692, -0.010489837266504765, 0.02505761757493019, -0.0053441086784005165, 0.013806424103677273, 0.02109408564865589, -0.02159935235977173, 0.02685176022350788, -0.007614620495587587, 0.00885679479688406, 0.03766455873847008, 0.038351476192474365, 0.00033298213384114206, 0.02265564538538456, -0.04357901215553284, 0.00973589438945055, 0.030782043933868408, 0.06479790061712265, 0.009012655355036259, -0.0778559222817421, 0.04329201951622963, -0.009975248947739601, -0.06504935771226883, -0.013777323998510838, 0.01374401617795229, 0.0018523300532251596, -0.01906757988035679, 0.033723942935466766, 0.01534714549779892, -0.010623450390994549, 0.03300553932785988, 0.007187655661255121, 0.01256907731294632, 0.0239162128418684, 0.034697819501161575, -0.006347859278321266, 0.006278699263930321, -0.04350100830197334, -3.6997815186623484e-05, -0.05137467384338379, 0.05939171835780144, -0.02588588185608387, 0.052721355110406876, -0.004582284018397331, 0.0032067240681499243, -0.012115868739783764, -0.018578901886940002, 0.018202977254986763, 0.021753981709480286, 0.020740091800689697, -0.020482689142227173, -0.01206603366881609, -0.012846541590988636, 0.045914676040410995, 0.021328823640942574, -0.0450698658823967, 0.0043932050466537476, 0.028371259570121765, -0.017113156616687775, 0.03055332414805889, -0.058272585272789, 0.016592353582382202, 0.035843513906002045, 0.019573451951146126, 0.007967173121869564, 0.045524682849645615, -0.0042357128113508224, -0.0066578565165400505, 0.05483809486031532, -0.002765009878203273, 0.05105289816856384, 0.01905466429889202, 0.021062107756733894, 0.0008459979435428977, -0.008293927647173405, 0.032329317182302475, -0.010542882606387138, 0.06052660942077637, -0.005129828583449125, 0.01695910282433033, 0.021703504025936127, -0.04774220660328865, 0.011631902307271957, -0.048514194786548615, 0.002819582587108016, -0.02662358619272709, -0.032586026936769485, -0.0036132517270743847, -0.020771827548742294, -0.04347280412912369, 0.020429382100701332, 0.03357250988483429, 0.06701040267944336, -0.020001234486699104, 0.00949795637279749, -0.0075663188472390175, 0.0028283135034143925, -0.019321095198392868, 0.018854539841413498, 0.031451061367988586, 0.006097000557929277, 0.01051228865981102, -0.04528268054127693, 0.026081033051013947, -0.01314355619251728, -0.0030752760358154774, -0.010780666023492813, -0.01608167216181755, 0.005265522748231888, -0.019213475286960602, 0.002685009967535734, 0.022330207750201225, 0.010251353494822979, -0.05056291073560715, 0.0028309638146311045, 0.012120001018047333, 0.038965582847595215, 0.04617206007242203, 0.023337937891483307, 0.03598613664507866, 0.03801339864730835, -0.02464590035378933, -0.0050106472335755825, 0.043287694454193115, 0.020288068801164627, 0.015690306201577187, -0.001271763234399259]",
15_1_0_errors_invalid_route_source_mdx_section_4_code_2,code_snippet,15_1_0_errors_invalid_route_source_mdx_section_4,Middleware - code_2,,"{'programming_language': 'ts', 'filename': 'middleware.ts', 'switcher': False}",15.1.0,,"const config = {
  matcher: '/feedback/((?!general).*)',
}
","[(np.int64(5), np.float64(0.1336035132408142)), (np.int64(933), np.float64(0.27762851119041443)), (np.int64(15876), np.float64(0.2432764619588852)), (np.int64(61636), np.float64(0.2690175771713257)), (np.int64(86991), np.float64(0.21939712762832642))]",,"[-0.02808438241481781, -0.040002305060625076, -0.06068280339241028, -0.026079732924699783, -0.020751893520355225, -0.03865614905953407, 0.013042887672781944, 0.014840478077530861, -0.014912704937160015, 0.019414518028497696, -0.014026820659637451, 0.013726348988711834, 0.01201655063778162, 0.034611333161592484, 0.0010019667679443955, -0.015700409188866615, -0.001953825354576111, -7.100264338077977e-05, 0.001031045918352902, -0.03421171009540558, -0.030417101457715034, 0.023365920409560204, 0.035732727497816086, 0.014001167379319668, 0.026155654340982437, 0.01327156275510788, -0.03708194941282272, -0.0369594469666481, -0.004118096549063921, 0.014184669591486454, 0.03247518464922905, -0.009893670678138733, 0.015024872496724129, -0.009080576710402966, 0.0037071306724101305, 0.011810137890279293, 0.0310932956635952, -0.0367627888917923, -0.04735010117292404, 0.01195179671049118, -0.02595188282430172, -0.013274637050926685, -0.023125672712922096, -0.027741046622395515, 0.015521208755671978, -0.05159914493560791, 0.015388939529657364, -0.023406878113746643, -0.02424774318933487, -0.013406568206846714, 0.00593089684844017, 0.008447524160146713, 0.01648048684000969, -0.022243542596697807, 0.03432868793606758, 0.033739831298589706, -0.016745388507843018, 0.0045312740840017796, -0.057541538029909134, 0.0015831748023629189, -0.028519822284579277, 0.0052037048153579235, -0.000595017452724278, 0.02638605237007141, 0.015072283335030079, 0.059803418815135956, 0.05602670833468437, -0.0003091638209298253, -0.013018577359616756, -0.05741245299577713, -0.016927145421504974, 0.00563497981056571, -0.03504953533411026, -0.0015018850099295378, -0.08555258065462112, 0.03358180820941925, 0.05739706754684448, -0.045436978340148926, -0.0295245423913002, -0.03970854729413986, -0.011422869749367237, -0.025284357368946075, 0.021319204941391945, -0.022839490324258804, -0.0070384289138019085, -0.0004558805958367884, 0.004891956225037575, 0.02942146733403206, -0.011547562666237354, 0.02467547357082367, 0.007467176299542189, -0.027407197281718254, 0.005141784902662039, -0.017275582998991013, -0.015853649005293846, -0.0015315711498260498, 0.02020791731774807, 0.015449701808393002, 0.018410541117191315, 0.01321427058428526, -0.008609334006905556, 0.014700166881084442, 0.027132000774145126, -0.021669866517186165, 0.026978151872754097, 0.018182765692472458, 0.03901369497179985, 0.015630392357707024, -0.008588757365942001, -0.025278501212596893, -0.0011886610882356763, 0.04388110339641571, 0.0195053331553936, -0.009364815428853035, 0.009847911074757576, -0.01291506364941597, -0.03732811659574509, 0.007067945785820484, 0.0505552813410759, 0.01063979510217905, 0.0350758396089077, 0.003943232819437981, 0.008045789785683155, 0.009169529192149639, -0.029696274548768997, 0.005882842931896448, -0.016787730157375336, 0.05768170952796936, -0.03171136602759361, 0.04995469003915787, -0.01143244095146656, 0.017196042463183403, -0.01187245175242424, -0.0015533756231889129, 0.00952943880110979, -0.04663882032036781, 0.01670939289033413, 0.018557732924818993, -0.012537054717540741, -0.08274926245212555, 0.04361176863312721, 0.06319395452737808, -0.02651367150247097, -0.03070802427828312, -0.008586540818214417, -0.0473259799182415, 0.0741286650300026, 0.005892892833799124, 0.010143856517970562, -0.00420138007029891, -0.0013215248472988605, 0.04067128151655197, 0.020064260810613632, 0.026583876460790634, 0.05557595565915108, 0.02759486250579357, 0.03932839259505272, 0.02492632530629635, -0.011895089410245419, 0.02542930655181408, -0.003232617164030671, 0.06500397622585297, -0.011487176641821861, 0.012963597662746906, 0.02143890969455242, -0.010643702931702137, 0.01763778179883957, 0.012437636964023113, -0.0018781126709654927, -0.05978628247976303, 0.01493056770414114, -0.01309480331838131, 0.02804029919207096, -0.005900462623685598, 0.01490489486604929, 0.010436397045850754, 0.09753146022558212, 0.031727008521556854, 0.031140100210905075, -0.002728118095546961, -0.04804782569408417, -0.019663173705339432, 0.023054277524352074, -0.03711135685443878, -0.04526859149336815, 0.009174050763249397, 0.008989645168185234, -0.044100839644670486, 0.018509281799197197, 0.05388239026069641, -0.0394887700676918, -0.03094296157360077, 0.06301423162221909, -0.0017888363217934966, 0.03681439533829689, 0.009080404415726662, -0.009872648864984512, -0.022664755582809448, 0.009078292176127434, -0.001911306637339294, 0.031623076647520065, -0.014498832635581493, 0.00527114188298583, 0.01763833872973919, 0.009582235477864742, -0.009739933535456657, -0.053332217037677765, -0.048002444207668304, 0.0074899871833622456, -0.0022357518319040537, -0.03731776401400566, 0.028941301628947258, -0.02111130580306053, 0.015658549964427948, -0.05031048506498337, 0.0017422769451513886, -0.009940833784639835, -0.05293670669198036, 0.0064580789767205715, -0.03573330119252205, -0.01887385919690132, 0.030159056186676025, 0.008486533537507057, 0.03223466873168945, 0.0027217711322009563, -0.028259610757231712, 0.019567159935832024, 0.011702200397849083, -1.5282183085219003e-05, -0.04770630970597267, 0.024487152695655823, -0.00011225877096876502, 0.024564653635025024, -0.0025302330031991005, 0.014261114411056042, -0.0169665664434433, -0.01500436756759882, -0.010732743889093399, 0.0019294298253953457, -0.00901135616004467, -0.019794009625911713, -0.007268489338457584, 0.037810068577528, 0.007491213269531727, -0.03440188989043236, -0.01655089296400547, 0.008293747901916504, 0.006542273797094822, 0.018458671867847443, -0.01984737254679203, -0.015172760002315044, -0.004223646596074104, 0.008690444752573967, -0.01715688966214657, -0.00612239632755518, 0.029401855543255806, 0.00948959868401289, 0.01418196503072977, -0.0075927251018583775, -0.0048217796720564365, 0.02135622501373291, 0.0047023845836520195, 0.003355348715558648, 0.055589042603969574, -0.005483339540660381, -0.017603430896997452, -0.00890256091952324, -0.04057694971561432, 0.005364739336073399, -0.007207255344837904, -0.025987211614847183, -0.009692231193184853, 0.018320366740226746, -0.008858592249453068, -8.927262388169765e-05, -0.0019190714228898287, -0.007493708282709122, -0.03364773467183113, 0.07262050360441208, -0.012515082024037838, -0.0035340962931513786, 0.012623239308595657, 0.059222981333732605, -0.008211100473999977, -0.003029989078640938, -0.011267143301665783, 0.0055740633979439735, -0.018340105190873146, 0.018853120505809784, -0.05246725678443909, -0.005547238513827324, 0.009810149669647217, 0.07538408041000366, -0.013016924262046814, -0.012416820973157883, 0.027970997616648674, 0.009110218845307827, -0.1872020810842514, 0.02602224238216877, -0.008251934312283993, 0.04968291521072388, 0.001729184528812766, 0.0177457295358181, -0.013813728466629982, -0.010933388024568558, 0.017687780782580376, 0.030149279162287712, -0.018849363550543785, -0.04435721039772034, 0.02514101192355156, -0.037279337644577026, 0.03661287575960159, -0.021019667387008667, -0.0274960920214653, 0.021104784682393074, -0.009306355379521847, -0.029004523530602455, -0.034151606261730194, -0.05475220829248428, 0.012169924564659595, -0.025716280564665794, -0.0017688792431727052, -0.009364348836243153, 0.05092746764421463, -0.014066302217543125, -0.06061446666717529, 0.032746169716119766, -0.04680618271231651, 0.025591447949409485, -0.007602690253406763, 0.03107384219765663, -0.000249848875682801, 0.029817650094628334, 0.02213246561586857, -0.032191742211580276, -0.04271703213453293, 0.002298333216458559, 0.007742886431515217, 0.04109717532992363, 0.006339719519019127, 0.050182685256004333, 0.0185670368373394, 0.014437370002269745, -0.014833525754511356, -0.00022065904340706766, -0.03498121723532677, 0.0036489630583673716, -0.00012291051098145545, -0.03173014894127846, -0.012058519758284092, 0.04939849674701691, -0.054152920842170715, 0.0187440887093544, -0.06929344683885574, -0.009234519675374031, -0.01098564825952053, -0.01626189611852169, -0.036373794078826904, 0.008927585557103157, 0.02942739799618721, 0.003016927745193243, -0.03727027401328087, -0.022069212049245834, 0.040813472121953964, -0.008488114923238754, 0.04625320807099342, -0.02020014263689518, -0.010505855083465576, -0.018831443041563034, 0.020729944109916687, 0.0004238291294313967, -0.02493084967136383, 0.04568542167544365, -0.020926667377352715, -0.018588045611977577, 0.005973814986646175, -0.1242525652050972, -0.009233121760189533, -0.001702332985587418, 0.012008659541606903, 0.010169204324483871, -0.025484714657068253, -0.01685045100748539, -0.004946085158735514, 0.027142547070980072, 0.015081820078194141, 0.2418794482946396, 0.04904196411371231, 0.0054876962676644325, -0.011855481192469597, -0.00105803064070642, -0.021568534895777702, 0.0015680947108194232, 0.049784280359745026, -0.0041337404400110245, -0.017238548025488853, -0.04374372214078903, -0.026935525238513947, 0.010286572389304638, -0.03456255421042442, 0.03907562792301178, 0.03933485597372055, -0.039510805159807205, -0.0006246737320907414, 0.06554479897022247, -0.02336728386580944, 0.022009212523698807, 0.03784262761473656, 0.011287577450275421, -0.023093566298484802, -0.05236026272177696, -0.022452708333730698, -0.0032440454233437777, -0.0085863983258605, -0.003214116906747222, 0.0409482941031456, -0.020379353314638138, 0.020616643130779266, 0.05174267292022705, -0.00045320845674723387, -0.041038598865270615, 0.005682269111275673, 0.051478974521160126, -0.056499458849430084, -0.012583108618855476, 0.03207136690616608, 0.004514724016189575, -0.016815250739455223, 0.026196002960205078, -0.0063606793992221355, -0.05023161694407463, -0.019205665215849876, 0.014163482002913952, -0.051660437136888504, -0.030753418803215027, -0.05168714001774788, -0.02286643348634243, -0.04845316708087921, -0.04092871770262718, 0.007806181907653809, -0.014676257967948914, -0.03176064416766167, -0.01552071887999773, 0.018687337636947632, -0.005032902117818594, 0.02815772220492363, 0.045909807085990906, 0.004511354956775904, -0.01927500031888485, 0.03281036764383316, -0.01072829682379961, 0.04775972664356232, 0.01667545549571514, -0.05497351661324501, 0.03141485154628754, 0.03946714475750923, -0.009480810724198818, 0.044309355318546295, 0.0016370364464819431, 0.023282714188098907, 0.01524808444082737, 0.012111799791455269, -0.013920411467552185, 0.034575264900922775, -0.012105110101401806, 0.026152409613132477, -0.04628938436508179, 0.011183569207787514, -0.05392181873321533, 0.010874677449464798, 0.005797651130706072, -0.050276778638362885, -0.01447696890681982, 0.03154204040765762, -0.018175195902585983, -0.01948072761297226, -0.011690108105540276, 0.002951257163658738, 0.003995942883193493, 0.02112502232193947, -0.0011650572996586561, -0.010145403444766998, 0.007305831648409367, -0.0018379641696810722, -0.04313629865646362, -0.029569264501333237, 0.020841164514422417, 0.009539429098367691, -0.009160758927464485, -0.009853936731815338, 0.04808012396097183, 0.007095078006386757, 0.0024701806250959635, 0.016158096492290497, 0.014075187034904957, 0.013323592953383923, -0.027161745354533195, 0.02759689837694168, 0.010656713508069515, 0.017441526055336, 0.011625383980572224, 0.04087858274579048, 0.041451286524534225, 0.015116405673325062, -0.002164969453588128, -0.018498195335268974, -0.009632320143282413, 0.01916247047483921, -0.011080716736614704, 0.012298207730054855, -0.013032176531851292, -0.034551963210105896, -0.035006098449230194, 0.014477940276265144, -0.021383533254265785, 0.008832592517137527, 0.051105815917253494, -0.01978670246899128, 0.009080165065824986, 0.08252183347940445, 0.021100321784615517, -0.008758827112615108, 0.03950057551264763, 4.513066232902929e-05, 0.0005841781967319548, 0.02673926390707493, -0.02481215074658394, -0.023140812292695045, -0.02221209928393364, -0.03975626453757286, -0.01799158565700054, -0.02082718163728714, 0.0319693423807621, -0.019629066810011864, -0.0034147542901337147, 0.058713264763355255, 0.03820481896400452, 0.019697824493050575, -0.009652484208345413, -0.04395342245697975, -0.02729337103664875, 0.029068738222122192, -0.01430407352745533, 0.04743261635303497, -0.0052793012000620365, -0.024423882365226746, -0.01442023552954197, 0.015164324082434177, 0.025300463661551476, 0.06423930823802948, 0.001833809190429747, 0.030244138091802597, 0.015492920763790607, 0.026883237063884735, 0.04130139574408531, -0.015240216627717018, 0.03591206669807434, 0.0012736652279272676, -0.04814872518181801, -0.0016907932003960013, 0.004582338035106659, -0.03758242726325989, -0.011850652284920216, -0.0016211163019761443, -0.005589169450104237, 0.01638980209827423, 0.021000731736421585, -0.006966922897845507, -0.05468817427754402, 0.011723671108484268, -0.006726464722305536, 0.005720766726881266, -0.03519321605563164, -0.018509939312934875, 0.09124781936407089, -0.04677154868841171, -0.025410478934645653, 0.14452114701271057, -0.005238324403762817, -0.016749104484915733, 0.030730772763490677, -0.0005940069095231593, 0.011437704786658287, 0.03580687195062637, -0.03434412553906441, 0.004059501923620701, -0.01054175291210413, -0.0402834415435791, -0.018274720758199692, -0.011213922873139381, -0.023424971848726273, 0.011712517589330673, -0.06527701765298843, 0.03785458952188492, -0.029192563146352768, 0.001791213871911168, 0.017976343631744385, 0.004274812061339617, -0.007499377708882093, -0.011128565296530724, 0.01613501086831093, 0.0024140116292983294, 0.0327579602599144, 0.008366878144443035, 0.02576492913067341, -0.01753854751586914, -0.04310080409049988, 0.00561555614694953, 0.027034185826778412, -0.04264984652400017, 0.008236514404416084, -0.01572241820394993, -0.013784111477434635, -0.015552012249827385, 0.028954174369573593, -0.04272966459393501, 0.0035280196461826563, -0.007775845471769571, -0.015037339180707932, -0.027301717549562454, 0.04998438432812691, 0.005273134913295507, -0.00479962769895792, 0.03960837796330452, -0.02501550503075123, -0.012184597551822662, 0.001926326542161405, -0.012699704617261887, 0.03801979124546051, 0.023053297773003578, -0.005654894281178713, 0.030486688017845154, -0.0010923509253188968, -0.03889857232570648, 0.010466155596077442, 0.000936945085413754, -0.025061819702386856, -0.021218638867139816, 0.00033241481287404895, -0.045487575232982635, -0.05241600424051285, 0.014403973706066608, -0.020879577845335007, 0.030887765809893608, -0.006720843259245157, -0.008322402834892273, 0.017595235258340836, 0.008966770954430103, -0.0035666651092469692, -0.02647513337433338, -0.025134533643722534, -0.04719621688127518, 0.026913315057754517, -0.04554007947444916, -0.022126955911517143, -0.03246251493692398, -0.009284676983952522, -0.017329808324575424, -0.07500261813402176, -0.020318683236837387, 0.027775200083851814, -0.002642420819029212, -0.018673866987228394, -0.02879887819290161, 0.016361376270651817, -0.0009404958691447973, -0.06135406717658043, -0.017095554620027542, -0.03676909580826759, -0.00624015461653471, -0.027608245611190796, 0.020555293187499046, 0.05682513117790222, 0.031846869736909866, 0.036595165729522705, -0.08947433531284332, 0.01524862740188837, -0.021544739603996277, -0.06786837428808212, -0.0004583729023579508, -0.025510301813483238, -0.04761028662323952, -0.015231224708259106, 0.0363740511238575, -0.016690827906131744, 0.030808286741375923, 0.005040890537202358, 0.030055062845349312, 0.0011251660762354732, 0.0006690486334264278, -0.007235866971313953, 0.055346351116895676, -0.015354650095105171, 0.013290214352309704, 0.04116154462099075, 0.0066858092322945595, 0.020122835412621498, -0.09063471853733063, 0.03853628411889076, -0.013276901096105576, 0.0038464046083390713, -0.010031100362539291, 0.023190582171082497, -0.003685753559693694, 0.011342260055243969, -0.023213865235447884, 0.008065640926361084, -0.02314755879342556, -0.014177294448018074, 0.017667872831225395, 0.010877120308578014, -0.031460706144571304, 0.01781114935874939, -0.06625059247016907, 0.002773560816422105, -0.010526052676141262, -0.01248722430318594, 0.009081830270588398, -0.008563853800296783, -0.027785461395978928, -0.029825454577803612, -0.058023497462272644, 0.008734495379030704, 0.0023553427308797836, 0.0038931213784962893, 0.03636307641863823, 0.03238477557897568, -0.027752941474318504, 0.02808791771531105, -0.04232693091034889, 0.025199586525559425, 0.0016298177652060986, -0.006533320527523756, 0.005903329234570265, -0.019721217453479767, -0.028270840644836426, -0.036586564034223557, 0.024770304560661316, -0.04022827744483948, -0.02594737336039543, 0.025132378563284874, -0.0166770052164793, -0.02137657254934311, 0.04732440412044525, -0.0031560021452605724, -0.03539155423641205, -0.04048917815089226, 0.0019311016658321023, -0.040656525641679764, -0.030554356053471565, -0.0006583019276149571, 0.03573261573910713, -0.02537962608039379, -0.0025958584155887365, -0.011655277572572231, -0.015635956078767776, -0.005733656231313944, 0.056881800293922424, -0.04803384467959404, 0.030164632946252823, -0.04563649371266365, 0.04644668474793434, -0.0015734215267002583, -0.006738108117133379, 0.030443577095866203, 0.010651862248778343, -0.011895631439983845, -0.0573122613132, -0.03183329850435257, -0.021842528134584427, 0.01769566908478737, -0.015408317558467388, -0.024670744314789772, 0.0035617565736174583, 0.03316578269004822, 0.0493646077811718, -0.012872545048594475, -0.05384325981140137, -0.027829978615045547, -0.028280751779675484, -0.16206130385398865, 0.010782994329929352, -0.016167283058166504, -0.019088132306933403, -0.05575035139918327, -0.025253208354115486, -0.03827367350459099, -0.03545589745044708, 0.011745342053472996, -0.013231235556304455, -0.022789470851421356, -0.011713393963873386, 0.02277657389640808, -0.0380733497440815, -0.01383044384419918, -0.015396772883832455, 0.014301805756986141, -0.021969133988022804, 0.030034858733415604, 0.012429635040462017, -0.0065317461267113686, 0.003007990075275302, 0.019152680411934853, 0.017060521990060806, 0.03079119138419628, -0.03309252858161926, -0.03126366436481476, -0.0200160164386034, -0.033847492188215256, -0.027939390391111374, 0.019045738503336906, -0.017261698842048645, -0.023560766130685806, 0.07944735139608383, 0.00783015787601471, 0.032120369374752045, -0.004893558565527201, 0.030860142782330513, -0.033653125166893005, 0.03472919017076492, 0.05834750458598137, 0.03864277899265289, -0.014676467515528202, -0.005048639141023159, 0.004257800057530403, 0.03244485706090927, -0.006890070624649525, 0.005331721622496843, -0.03830815851688385, 0.021524615585803986, -0.009965731762349606, 0.00886461604386568, -0.007197861559689045, 0.04416562616825104, 0.018802493810653687, -0.019160138443112373, -0.015905944630503654, 0.020599372684955597, -0.029116254299879074, 0.06880325824022293, -0.06131893768906593, 0.009544763714075089, -0.025902286171913147, -0.06227171793580055, -0.03367285057902336, 0.027470922097563744, -0.05279604345560074, -0.006139253731817007, -0.0015895678661763668, 0.03385217860341072, 0.007659407798200846, 0.0007440939079970121, 0.016106588765978813, -0.007529101800173521, 0.02904145047068596, 0.04502198100090027, 0.027894679456949234, -0.0066763414070010185, -0.0307502131909132, -0.025597987696528435, -0.048751361668109894, 0.015401346608996391, -0.03600091114640236, 0.03254951164126396, 0.057091936469078064, 0.0015140953473746777, -0.010287524200975895, 0.027352411299943924, -0.04266318678855896, -0.0112457275390625, 0.001370957586914301, -0.01735398918390274, 0.03430852293968201, 0.013937884010374546, -0.04391796141862869, 0.004130073823034763, -0.008802980184555054, -0.004874039441347122, 0.030839698389172554, -0.007984360679984093, -0.035978320986032486, -0.06313495337963104, -0.006411741953343153, 0.05001804605126381, -0.024720536544919014, -0.014954701997339725, 0.050290580838918686, 0.026110738515853882, -0.0034050573594868183, -0.005784459412097931, -0.056786198168992996, 0.00029384600929915905, -0.023853687569499016, 0.008356785401701927, -0.05630865320563316, -0.026913197711110115, 0.011669306084513664, 0.0213510449975729, -0.009408553130924702, 0.023175504058599472, -0.0024176794104278088, 0.01398380845785141, 0.016763165593147278, -0.02239941619336605, 0.028013329952955246, -0.009540778584778309, 0.0054025063291192055, 0.03971719369292259, 0.040026381611824036, 0.0002452418557368219, 0.02448258548974991, -0.038947951048612595, 0.015068138018250465, 0.027504781261086464, 0.06302196532487869, 0.002491316059604287, -0.07826267182826996, 0.04409559816122055, -0.013376599177718163, -0.06703123450279236, -0.015363327227532864, 0.010853025130927563, 0.0017529504839330912, -0.019148055464029312, 0.03641726076602936, 0.012418144382536411, -0.012121549807488918, 0.03575688973069191, 0.006551465019583702, 0.012705757282674313, 0.021546795964241028, 0.03360462188720703, -0.007248044945299625, 0.007548919413238764, -0.04499928280711174, -0.0003991701523773372, -0.05111830681562424, 0.06058964133262634, -0.022621197625994682, 0.04990597814321518, -0.004275566432625055, 0.010431941598653793, -0.010067000985145569, -0.02226986177265644, 0.01779972016811371, 0.025274258106946945, 0.01675821840763092, -0.018902841955423355, -0.011284257285296917, -0.010954895056784153, 0.04114721342921257, 0.01903187669813633, -0.04534357041120529, 0.006054806523025036, 0.03209696710109711, -0.019616736099123955, 0.027721626684069633, -0.06313411891460419, 0.01380812656134367, 0.038728706538677216, 0.020176438614726067, 0.010150580666959286, 0.04986046999692917, -0.002527992706745863, -0.007156230974942446, 0.05279374122619629, -0.007648861967027187, 0.04806581884622574, 0.022040721029043198, 0.024327902123332024, 0.0019321269355714321, -0.00602837186306715, 0.03375152498483658, -0.013387937098741531, 0.06185676530003548, -0.0029541077092289925, 0.01707947626709938, 0.017037969082593918, -0.04288316145539284, 0.009550468996167183, -0.04975978285074234, 0.0010420777834951878, -0.025815367698669434, -0.03699541464447975, -0.00886489450931549, -0.01658693701028824, -0.04263750836253166, 0.02275647409260273, 0.03841853886842728, 0.0712820440530777, -0.024258408695459366, 0.010115650482475758, -0.006591138895601034, 0.0021244781091809273, -0.018435969948768616, 0.01927407644689083, 0.033313997089862823, 0.00801125168800354, 0.010162916034460068, -0.04393770918250084, 0.02403433248400688, -0.012251543812453747, -0.004314431454986334, -0.015467112883925438, -0.016449006274342537, 0.011193941347301006, -0.019467780366539955, 0.0013281225692480803, 0.01849193684756756, 0.012582466937601566, -0.05092991143465042, 0.0013115847250446677, 0.013289679773151875, 0.03471178561449051, 0.045736249536275864, 0.022372718900442123, 0.032375071197748184, 0.04037335887551308, -0.02918856032192707, -0.007623412646353245, 0.04452916607260704, 0.016770819202065468, 0.012711120769381523, -0.002249964512884617]",
15_1_0_errors_invalid_route_source_mdx_section_5,section,15_1_0_errors_invalid_route_source_mdx,Invalid Custom Route `source` - Useful Links,,{},15.1.0,"[https://github.com/pillarjs/path-to-regexp](https://github.com/pillarjs/path-to-regexp)
[https://github.com/pillarjs/path-to-regexp#unnamed-parameters](https://github.com/pillarjs/path-to-regexp#unnamed-parameters)
",,"[(np.int64(71), np.float64(0.05987738072872162)), (np.int64(360), np.float64(0.06878159195184708)), (np.int64(7013), np.float64(0.21518774330615997)), (np.int64(7844), np.float64(0.1369638293981552)), (np.int64(36836), np.float64(0.18269284069538116)), (np.int64(57890), np.float64(0.2658281624317169)), (np.int64(60427), np.float64(0.2767506241798401)), (np.int64(106015), np.float64(0.2702999711036682)), (np.int64(130664), np.float64(0.23956623673439026))]","[-0.05101707577705383, 0.049526430666446686, -0.023428991436958313, 0.018304625526070595, -0.04148038476705551, -0.0031700327526777983, 0.00833574216812849, 0.020845765247941017, -0.014683255925774574, 0.02462608739733696, -0.012364603579044342, 0.02828851342201233, -0.008001177571713924, 0.029471054673194885, -0.014732579700648785, -0.006342435721307993, 0.043120600283145905, -0.021333249285817146, 0.06730710715055466, -0.026808368042111397, -0.019121522083878517, 0.0291524026542902, -0.027909545227885246, 0.0052854823879897594, -0.020333006978034973, 0.01302462536841631, -0.018493879586458206, -0.006352728698402643, -0.0018297291826456785, 0.0019220937974750996, -0.002654080744832754, -0.01077211368829012, -0.0013894465519115329, 0.0031419366132467985, -0.045005086809396744, -0.03913341462612152, -0.033883459866046906, -0.031929999589920044, -0.019498230889439583, 0.017442379146814346, 0.009338741190731525, -0.016201019287109375, 0.02709684893488884, -0.060167569667100906, 0.02486278861761093, -0.022738637402653694, -0.0016495009185746312, -0.008048264309763908, -0.03270309790968895, -0.011139965616166592, 0.01821204274892807, 0.004532633349299431, 0.03906035050749779, -0.05778102949261665, 0.029286984354257584, 0.03511735051870346, -0.041861679404973984, 0.010057590901851654, -0.06285663694143295, 0.0009330181637778878, -0.03030383586883545, -0.007957592606544495, -0.06907961517572403, 0.016348659992218018, 0.055736739188432693, 0.0479113794863224, -0.021266978234052658, 0.04533926770091057, -0.03123021498322487, -0.014888608828186989, -0.014044647105038166, 0.06614701449871063, -0.047285858541727066, -0.029501425102353096, -0.03800196945667267, -6.305539136519656e-05, -0.0017946698935702443, -0.012941446155309677, -0.05830777436494827, 0.0009827610338106751, 0.004334906581789255, -0.019768552854657173, 0.018312517553567886, -0.015239065513014793, -0.0070368400774896145, 0.00959546398371458, -0.012805883772671223, 0.026234891265630722, -0.018039248883724213, -0.00038108142325654626, 0.0256754569709301, 0.005395903252065182, 0.012464737519621849, -0.04323030635714531, -0.06032203510403633, -0.04344505816698074, 0.012260498479008675, 0.025649964809417725, 0.06502698361873627, 0.03593231737613678, -0.007997403852641582, -0.014215839095413685, -0.001557201030664146, -0.022782625630497932, 0.06397487968206406, 0.00141512684058398, 0.03434880077838898, -0.0020053561311215162, 0.02126319147646427, -0.03809240832924843, 0.007502254564315081, -0.025072991847991943, 0.04177175089716911, 0.00568727683275938, -0.00487511046230793, -0.027769561856985092, -0.008965255692601204, -0.055269282311201096, -0.03391944244503975, -0.005925216246396303, 0.031082265079021454, 0.0016014846041798592, 0.10494285076856613, -0.017440659925341606, 0.04273005202412605, 0.0158113744109869, -0.02608100138604641, 0.02422286756336689, -0.0010045443195849657, 0.048623789101839066, -0.01310398243367672, 0.020247995853424072, -0.025533171370625496, 0.006303766742348671, -0.017087843269109726, 0.007885836064815521, 0.004257091321051121, 0.033164720982313156, 0.008360867388546467, -0.025433305650949478, -0.015342074446380138, 0.013779297471046448, -0.0023660773877054453, -0.03275957331061363, 0.06792169064283371, -0.035127200186252594, 0.020226746797561646, 0.005523109808564186, 0.027104757726192474, -0.04025644436478615, -0.014355839230120182, 0.00516911456361413, 0.061517246067523956, -0.00994420051574707, 0.014252826571464539, -0.0037174911703914404, -0.04011683166027069, 0.031236618757247925, -0.03149144724011421, 0.014916975051164627, -0.031160419806838036, 0.003479332197457552, 0.002668780507519841, -0.03663785755634308, 0.031176483258605003, -0.031142540276050568, 0.02112322859466076, -0.00715583236888051, -0.020854488015174866, -0.06913140416145325, -0.03246188908815384, 0.00036270570126362145, 0.04641302302479744, -0.008273904211819172, 0.008469682186841965, 0.03376052901148796, 0.06906385719776154, 0.023915903642773628, 0.023094022646546364, -0.01864568702876568, -0.029401367530226707, 0.021024134010076523, 0.0029670875519514084, -0.008110764436423779, -0.008721762336790562, 0.012189112603664398, 0.013156224973499775, -0.018921002745628357, 0.017088403925299644, 0.007373081985861063, -0.0265037938952446, 0.007139845285564661, 0.03364945575594902, -0.02717951312661171, 0.0598004125058651, 0.01972927339375019, 0.058685339987277985, 0.001609215745702386, 0.0049514165148139, 0.0032145422883331776, 0.008991925045847893, 0.000467592355562374, 0.010600768961012363, -0.02309887297451496, 0.0059616053476929665, -0.026112282648682594, -0.0164345670491457, -0.027850724756717682, 0.01685665175318718, -0.0470455028116703, -0.016201652586460114, -0.011285812593996525, -0.05876966565847397, 0.02667703852057457, -0.0360988974571228, 0.037541452795267105, 0.012761320918798447, 0.01397720631211996, 0.011922800913453102, 0.009285707026720047, -0.04394150152802467, 0.04911596700549126, -0.03920181468129158, 0.0012148887617513537, 0.0009826498571783304, -0.02317458763718605, 0.028674855828285217, 0.018364593386650085, 0.016104023903608322, -0.027671227231621742, -0.001069767982698977, 0.001641542068682611, 0.03023388236761093, -0.012976247817277908, 0.04365669563412666, 0.01047077402472496, -0.0025189637672156096, 0.03070804663002491, 0.03746625408530235, -0.006289559416472912, -0.011124545708298683, -0.028480784967541695, 0.02638728730380535, 0.02548336051404476, -0.025247827172279358, -0.011344353668391705, 0.010056781582534313, 0.01981613039970398, -0.015980999916791916, -0.048219360411167145, 0.0097481869161129, 0.011916115880012512, -0.018892591819167137, 0.01544380933046341, 0.039332762360572815, 0.014941112138330936, 0.023627933114767075, -0.025786546990275383, -0.03618599474430084, -0.004262483213096857, -0.004242605529725552, 0.0032633673399686813, -0.015307188965380192, 0.007966859266161919, 0.06122412532567978, -0.008830314502120018, -0.02000184915959835, -0.016882266849279404, 0.014520607888698578, 0.03708421066403389, 0.017081229016184807, -0.013744021765887737, 0.033227063715457916, 0.005905412137508392, -0.026010874658823013, 0.029248543083667755, -0.004295862279832363, -0.03225310891866684, 0.09605816006660461, 0.03745473548769951, 0.0008340954082086682, 0.05466414615511894, 0.05555376783013344, 0.012104143388569355, 0.06264165788888931, -0.04206082224845886, 0.006504022050648928, -0.017916815355420113, 0.02628638967871666, -0.012140244245529175, -0.044252485036849976, 0.04605729505419731, 0.06588330864906311, -0.02354792319238186, 0.0011259514139965177, -0.0019274268997833133, 0.05043854936957359, -0.17863532900810242, -0.03427641838788986, 0.03388698399066925, -0.020486358553171158, -0.004882120992988348, 0.030625885352492332, -0.009906962513923645, 0.023619642481207848, 0.002249965211376548, 0.03966708481311798, -0.01845284178853035, -0.05239015445113182, -0.015547698363661766, -0.016865374520421028, -3.352420390001498e-05, 0.023662399500608444, -0.010976637713611126, 0.040164392441511154, -0.008648750372231007, -0.02412806637585163, -0.0185844823718071, -0.009025000967085361, 0.0464160330593586, -0.00656657200306654, -0.03841179236769676, -0.008661243133246899, 0.00012350415636319667, 0.043495871126651764, -0.015958009287714958, 0.026426533237099648, -0.017795762047171593, 0.02105051837861538, 0.0014503193087875843, -0.0309042576700449, 0.020441217347979546, 0.054273247718811035, -0.006448974832892418, 0.029274223372340202, 0.022771771997213364, -0.043222155421972275, 0.0061670998111367226, 0.019787583500146866, -0.012460988946259022, -0.009093847125768661, -0.0050713131204247475, -0.02732529677450657, 0.004442886915057898, -0.005631192121654749, -0.039120011031627655, 0.03458058461546898, -0.016479548066854477, -0.023626334965229034, -0.020438656210899353, -0.024956731125712395, -0.03662046045064926, 0.00024000744451768696, -0.0016361273592337966, 0.029476964846253395, 0.0014899016823619604, 0.002744887722656131, -0.03420209139585495, -0.014165590517222881, 0.03903999552130699, 0.03160131350159645, -0.0005147308693267405, 0.03201133757829666, 0.05325264856219292, 0.013012406416237354, 0.028220796957612038, 0.039362385869026184, 0.021303582936525345, -0.04103001952171326, -0.005247528664767742, 0.025114620104432106, -0.005771914031356573, 0.03980248421430588, 0.030545853078365326, 0.00785436574369669, 0.00211147079244256, -0.10103750973939896, 0.011782592162489891, 0.034102000296115875, -0.012808196246623993, 0.033058371394872665, -0.031778231263160706, 0.014224112965166569, 0.00678548077121377, 0.022163594141602516, 0.012783270329236984, 0.2560349702835083, -0.04181784391403198, -0.03189706429839134, -0.003030759282410145, 0.0004954385221935809, -0.051437973976135254, 0.00349191902205348, 0.01940148137509823, 0.025404276326298714, -0.04412456601858139, -0.007387899328023195, 0.0053545888513326645, -0.008769400417804718, 0.0025025757495313883, 0.010300030000507832, 0.006286757066845894, -0.03272135183215141, 0.026223614811897278, 0.0185511764138937, -0.02921844832599163, 0.0391128845512867, -0.027772078290581703, 0.04607795551419258, -0.011610141955316067, -0.048811063170433044, -0.011115572415292263, 0.007395696826279163, -0.013928274624049664, -0.042273636907339096, 0.028973056003451347, -0.04183254390954971, 0.0018484313040971756, 0.052380867302417755, -0.009804741479456425, -0.010347845032811165, -0.022862035781145096, 0.045280322432518005, -0.016928600147366524, 0.06148923560976982, 0.029276469722390175, -0.01002505887299776, -0.010373462922871113, -0.030587421730160713, 0.025977129116654396, 0.04276727885007858, -0.030636601150035858, -0.007709418889135122, -0.00741059985011816, -0.017630040645599365, -0.03866014629602432, -0.0414869524538517, -0.04839064180850983, -0.03632413223385811, -0.017594704404473305, -0.03300778940320015, -0.032548751682043076, -0.0048200213350355625, 0.011633632704615593, 0.016687655821442604, 0.016534138470888138, -0.0022698661778122187, -0.008709662593901157, -0.019651837646961212, -0.004110130947083235, -0.01112973503768444, -0.01826469600200653, 0.041745949536561966, -0.06569761037826538, 0.038420069962739944, 0.03921366110444069, -0.012769601307809353, 0.011063281446695328, 0.022206423804163933, -0.015669366344809532, -0.01100387703627348, -0.003617110662162304, 0.026636311784386635, 0.03143003210425377, -0.03877329081296921, -0.0055829007178545, -0.03463268652558327, -0.03643045201897621, -0.020334353670477867, 0.022559745237231255, -0.0007450103294104338, -0.021508952602744102, 0.03523341938853264, 0.059134092181921005, -0.03115038201212883, -0.044422879815101624, 0.010435846634209156, -0.0031001772731542587, 0.014355176128447056, 0.07551907747983932, 0.019448626786470413, 0.012892473489046097, -0.004626817535609007, -0.03546947240829468, -0.04713857173919678, 0.0010246512247249484, -0.0007227546884678304, 0.003678322769701481, 0.022776614874601364, -0.04079091176390648, 0.044350337237119675, -0.08515585958957672, 0.03259952738881111, 0.02816346287727356, -0.014100441709160805, -0.031682178378105164, -0.02783830463886261, 0.012349188327789307, -0.01390060968697071, -0.01798454485833645, -0.02910568006336689, 0.018317880108952522, 0.0424487441778183, 0.006001343950629234, 0.0331277921795845, 0.03782415762543678, -0.0020810235291719437, -0.0044799563474953175, -0.019473250955343246, 0.037308402359485626, -0.021350745111703873, 0.002605385845527053, -0.010615748353302479, 0.05480368435382843, -0.052400436252355576, 0.023191507905721664, 0.014953064732253551, -0.03129391744732857, -0.008786667138338089, -0.0053412700071930885, 0.033150769770145416, -0.034698229283094406, 0.04121187701821327, 0.026266785338521004, 0.0011470626341179013, 0.018405653536319733, -0.033245060592889786, -0.02978471852838993, 0.015284447930753231, -0.04828675836324692, 0.02197331003844738, 0.026224689558148384, 0.03176366165280342, -0.0275831688195467, 0.01001370046287775, 0.04445669800043106, 0.03777684271335602, 0.04681941866874695, 0.006760935764759779, -0.016102347522974014, -0.037190236151218414, -0.017269201576709747, 0.024746878072619438, -0.006478002294898033, -0.04724713787436485, 0.008933142758905888, 0.007776965852826834, 0.0199614055454731, -0.0017750997794792056, 0.05360753461718559, 0.003087112447246909, 0.013718677684664726, 0.005935584660619497, -0.017506591975688934, -0.0072102914564311504, -0.005397545639425516, 0.012380151078104973, -0.03466920554637909, -0.06142495572566986, 0.02118143066763878, -0.022935695946216583, -0.0011541551211848855, -0.04817003011703491, -0.02190583571791649, -0.019534297287464142, -0.059847742319107056, 0.002877853810787201, -0.02855268307030201, -0.044661518186330795, -0.016091786324977875, 0.026871446520090103, -0.0318102203309536, -0.035821545869112015, -0.01083922479301691, 0.026690246537327766, -0.02345413528382778, -0.03200988098978996, 0.13316036760807037, -0.014722301624715328, -0.008404362015426159, -0.017535286024212837, 0.04465033859014511, 0.0218230951577425, -0.012910008430480957, 0.0020500589162111282, -0.04748012125492096, -0.0355052649974823, -0.006940566003322601, 0.015530763193964958, 0.01562758907675743, 0.012439730577170849, -0.009254422970116138, -0.021215440705418587, 0.007356362883001566, -0.037264272570610046, 0.019530039280653, -0.035225097090005875, 0.013882429338991642, -0.029292047023773193, -0.0049715121276676655, 0.05079204961657524, -0.010017265565693378, 0.06637062877416611, 0.016456831246614456, 0.015339216217398643, 0.014374389313161373, -0.046063464134931564, -0.010700098238885403, 0.03210926428437233, -0.0117562310770154, 0.000351297901943326, 0.010742440819740295, 0.004888857714831829, 0.012315146625041962, 0.046267393976449966, -0.006736918818205595, -0.001546897110529244, -0.0012463572202250361, -0.013323687948286533, -0.024187572300434113, -0.033744413405656815, 0.018803870305418968, 0.024331722408533096, 0.03500049188733101, -0.004332417622208595, -0.014943497255444527, 0.015248826704919338, -0.047169193625450134, 0.00508243078365922, 0.025689328089356422, 0.013486305251717567, 0.038084350526332855, -0.001772486139088869, -0.0057199690490961075, 0.01827693171799183, -0.004683892708271742, -0.041040562093257904, -0.03771722689270973, 0.025269633159041405, 0.0028335475362837315, 0.010893725790083408, 0.03505965694785118, -0.07456354796886444, 0.005257704295217991, -0.019620820879936218, 0.010582455433905125, -0.021098816767334938, 0.0291896965354681, 0.032598432153463364, -0.009535938501358032, 0.037256523966789246, -0.022752806544303894, 0.03476171940565109, -0.02212377078831196, -0.026144228875637054, -0.013818840496242046, -0.025755885988473892, -0.007492315024137497, -0.048175446689128876, -0.026407580822706223, 0.03999825939536095, -0.0020280315075069666, -0.01401341799646616, -0.005557925906032324, -0.009410625323653221, -0.051586415618658066, -0.0352637842297554, 0.02247486263513565, 0.04260629788041115, 0.02035801112651825, -0.013104239478707314, 0.010300925932824612, 0.027702705934643745, 0.0027244496159255505, 0.006106651853770018, -0.06461754441261292, -0.011990542523562908, 0.004404596518725157, -0.057788047939538956, 0.01159787829965353, 0.019538262858986855, -0.0016209157183766365, -0.027810662984848022, 0.03619983419775963, -0.006670452654361725, -0.01711803488433361, -0.0010318653658032417, -0.01880413293838501, -0.0033371380995959044, -0.009157544933259487, -0.06177990883588791, 0.04231085628271103, 0.001857181079685688, -0.02913898043334484, 0.03888978436589241, -0.01849198341369629, -0.030156392604112625, -0.06585002690553665, 0.06488999724388123, 0.0445539690554142, 0.030400793999433517, -0.04228290542960167, 0.04819190874695778, -0.018796322867274284, 0.03159213066101074, -0.0011762528447434306, -0.03988908231258392, -0.008269849233329296, -0.024605130776762962, -0.03159689903259277, 0.0003820640849880874, -0.00900629349052906, -0.02259155549108982, -0.028963100165128708, -0.05045381188392639, 0.0008182389428839087, -0.019978268072009087, -0.002596378093585372, -0.01315583661198616, -0.008827988989651203, -0.011613980866968632, -0.014532739296555519, -0.016628427430987358, 0.007310451474040747, 0.00486383680254221, -0.028516322374343872, -0.027492817491292953, -0.06273668259382248, 0.001040631323121488, -0.030488459393382072, 0.023698441684246063, -0.029645737260580063, 0.006601628847420216, -0.024829644709825516, -0.05451268330216408, -0.026066012680530548, -0.006373290438205004, 0.010919314809143543, -0.00602702097967267, -0.03279338777065277, -0.03370966017246246, -0.020344998687505722, -0.01132115162909031, 0.007600406184792519, 0.021331172436475754, 0.04835456237196922, -0.016762003302574158, 0.01844034343957901, -0.033279526978731155, -0.007776152808219194, -0.0007202411652542651, 0.012571427039802074, 0.03858564794063568, 0.015242465771734715, -0.029001420363783836, -0.009273354895412922, -0.016256457194685936, 0.010302413254976273, 0.0383421815931797, 0.01790042221546173, 0.008168399333953857, 0.03511696681380272, -0.029239675030112267, 0.03829684108495712, 0.02092857100069523, -0.003094674088060856, -0.011201280169188976, -0.012765119783580303, -0.0047960421070456505, -0.008754672482609749, -0.035924032330513, 0.005812660790979862, 0.011194784194231033, 0.006001939531415701, 0.02817397564649582, 0.04778344929218292, -0.019918309524655342, -0.02206459268927574, -0.04239148646593094, -0.025091320276260376, -0.12988048791885376, -0.022625861689448357, -0.04919829219579697, 0.004715373739600182, -0.05795783922076225, -0.013234219513833523, -0.021039873361587524, -0.06585095077753067, -0.0009714294574223459, -0.04729604348540306, -0.014032075181603432, 0.006123049184679985, -0.0031151946168392897, -0.038159675896167755, 0.00037087543751113117, 0.000902858329936862, -0.01452847570180893, -0.008151783607900143, 0.0052053616382181644, -0.004020679742097855, -0.0032324879430234432, -0.0009315394563600421, -0.003095432883128524, 0.03554441034793854, 0.031322989612817764, -0.004277257714420557, 0.053025148808956146, -0.02474437840282917, -0.014489988796412945, -0.0013506673276424408, -0.026418963447213173, -0.009998702444136143, 0.0022152052260935307, 0.061869118362665176, -0.012202948331832886, 0.024420900270342827, -0.0075672767125070095, 0.015418525785207748, -0.02157876268029213, 0.029193932190537453, 0.037183865904808044, 0.04098739102482796, -0.019413122907280922, 0.015231446363031864, 0.07446382939815521, 0.04457763954997063, 0.014017795212566853, -0.04536925628781319, -0.03692818433046341, -0.019831523299217224, -0.024315116927027702, 0.027619879692792892, 0.011559223756194115, 0.03740972280502319, 0.017699867486953735, -0.011625973507761955, -0.03158992528915405, 0.02086353860795498, -0.02507057413458824, 0.022451845929026604, -0.01401565596461296, 0.026632748544216156, -0.02854624018073082, -0.07008766382932663, -0.01806219480931759, 0.03703002259135246, -0.007173656485974789, 0.007244407664984465, -0.004845605231821537, -0.0975884422659874, 0.006545267999172211, -0.022881384938955307, -0.01773504540324211, -0.04101328179240227, -0.03295683488249779, 0.0251921396702528, 0.03858347237110138, 0.04719831049442291, 0.008984395302832127, -0.03234807774424553, -0.01918567530810833, 0.021110912784934044, -0.04580038785934448, 0.050190988928079605, 0.09570875763893127, -0.0014241535682231188, 0.0027676390018314123, 0.017115265130996704, -0.08433159440755844, 0.00762824434787035, -0.034419652074575424, -0.04176511615514755, -0.005710451863706112, -0.010281821712851524, 0.0069512552581727505, 0.03182681277394295, -0.008604401722550392, 0.029803801327943802, 0.013686774298548698, -0.01844073086977005, 0.01711653172969818, -0.008231190964579582, -0.004962042439728975, -0.0008598984568379819, -0.06910333782434464, 0.034644436091184616, 0.019860774278640747, 0.05602872371673584, -0.008338683284819126, -0.05538955330848694, -0.029671451076865196, 0.024259628728032112, 0.0069922045804560184, 0.015574089251458645, -0.04339903965592384, 0.011299173347651958, -0.0007217999082058668, -0.0136287622153759, 0.04438696801662445, -0.009226123802363873, -0.014511401765048504, -0.009634976275265217, 0.011272468604147434, -0.02216263860464096, 0.03501418977975845, 0.001166714122518897, -0.00559554249048233, 0.014880846254527569, 0.012804606929421425, -0.01770489662885666, -0.01913650706410408, 0.013369263149797916, 0.0033321159426122904, -0.029187224805355072, 0.021962182596325874, -0.014640646055340767, -0.056534379720687866, 0.05803338438272476, -0.008026709780097008, -0.032438717782497406, -0.011601991020143032, -0.026223869994282722, 0.044750943779945374, -0.05327555537223816, 0.044340986758470535, 0.01293195690959692, 0.00798777211457491, -0.020668495446443558, -0.002174729947000742, 0.003381033893674612, -0.0349498987197876, 0.008027163334190845, -0.013415507040917873, 0.03791811689734459, -0.04130927845835686, -0.005380464717745781, -0.03595440089702606, -0.01050075888633728, 0.0053351097740232944, 0.040298160165548325, -0.007474512327462435, -0.08152665942907333, -0.007682496216148138, -0.013690419495105743, 0.03500168398022652, 0.00852987915277481, -0.02304953709244728, -0.012970270588994026, -0.036871399730443954, 0.05548188462853432, 0.0014191322261467576, 0.05738796293735504, -0.02474735677242279, 0.025614464655518532, 0.051474135369062424, -0.02368493378162384, 0.01407097838819027, -0.02285057306289673, 0.06432197988033295, 0.024084296077489853, 0.002731814282014966, 0.02085849456489086, 0.09053178131580353, -0.026364389806985855, 0.033818140625953674, 0.024719631299376488, -0.018157416954636574, -0.06101125478744507, 0.02568966895341873, -0.004425462801009417, -0.02848183363676071, -0.003394956234842539, 0.009409390389919281, 0.0012464906321838498, 0.02263658493757248, -0.012715413235127926, 0.013991735875606537, 0.014338633045554161, -0.028677986934781075, -0.003997346386313438, 0.02084602601826191, -0.005911852233111858, -0.013062305748462677, 0.015688180923461914, 0.02163514494895935, -0.018237797543406487, 0.0032994477078318596, -0.005371216684579849, 0.010432976298034191, 0.05358375981450081, -0.009956295602023602, 0.020699739456176758, -0.039469290524721146, 0.04990392178297043, -0.024384353309869766, -0.0063863410614430904, 0.061108749359846115, 0.02019011229276657, 0.012951641343533993, -0.031941913068294525, 0.0040221246890723705, 0.01829058863222599, -0.015038209967315197, -0.009866693988442421, -0.005060609895735979, -0.02377411164343357, -0.011174537241458893, -0.00401528924703598, -0.00034633500035852194, 0.011129742488265038, -0.0496724396944046, 0.009132212959229946, -0.012481407262384892, -0.004963848274201155, 0.02010449208319187, 0.010714441537857056, 0.046514760702848434, 0.014852162450551987, -0.02850046567618847, -0.005227652844041586, 0.019368041306734085, -0.004739403259009123, 0.009431364946067333, 0.0034264307469129562]",,
