entry_id,entry_type,parent_id,title,description,metadata,version,text_content,code_content,sparse_title_description,dense_text_content,dense_code_snippet,tag
15_1_0_errors_invalid_script_mdx,document,,Invalid Script,,{'related_links': []},15.1.0,"## Why This Error Occurred

Somewhere in your application, you are using the `next/script` component without including an inline script or `src` attribute.

## Possible Ways to Fix It

Look for any usage of the `next/script` component and make sure that `src` is provided or an inline script is used.

**Compatible `src` attribute**

```jsx
<Script src=""https://example.com/analytics.js"" />
```

**Compatible inline script with curly braces**

```jsx
<Script id=""show-banner"">
  {`document.getElementById('banner').classList.remove('hidden')`}
</Script>
```

**Compatible inline script with `dangerouslySetInnerHtml`**

```jsx
<Script
  id=""show-banner""
  dangerouslySetInnerHTML={{
    __html: `document.getElementById('banner').classList.remove('hidden')`,
  }}
/>
```

## Useful Links

- [Script Component in Documentation](/docs/pages/building-your-application/optimizing/scripts)",,"[(np.int64(71), np.float64(0.0859270840883255)), (np.int64(360), np.float64(0.08021538704633713)), (np.int64(7013), np.float64(0.22840817272663116)), (np.int64(84654), np.float64(0.288293719291687))]","[-0.06705524772405624, 0.04029659554362297, -0.025242572650313377, 0.002082466846331954, -0.033550456166267395, 0.011765263974666595, -0.02281247265636921, -0.015407414175570011, -0.023408835753798485, 0.008855153806507587, -0.006439621094614267, -0.013705579563975334, 0.0032272213138639927, -0.033715177327394485, 0.003992433659732342, -0.0016231531044468284, 0.013765673153102398, 0.03752513974905014, 0.01925843581557274, -0.002466463018208742, -0.024588625878095627, -0.007002253085374832, -0.004280958790332079, 0.03192714974284172, -0.022741490975022316, 0.03005421720445156, -0.016277529299259186, 0.005130740813910961, -0.0017027874710038304, 0.0657660961151123, -0.010024677962064743, -0.035696037113666534, -0.008496593683958054, -0.0047856783494353294, 0.011569427326321602, -0.022530388087034225, -0.031475555151700974, 0.04603520780801773, -0.030560104176402092, 0.015296895988285542, -0.017677949741482735, 0.018472371622920036, 0.01809804141521454, -0.07982886582612991, 0.039258021861314774, -0.0032753613777458668, 0.03796280547976494, -0.03376716375350952, 0.027873670682311058, -0.008736778981983662, -0.016387712210416794, -0.01386274304240942, 0.04071558266878128, -0.07028011232614517, 0.0793105885386467, -0.05379559472203255, -0.02193286083638668, -0.018749332055449486, -0.053570352494716644, -0.012812058441340923, -0.05335334315896034, -0.045739710330963135, 0.0016417978331446648, -0.003624880453571677, -0.004451599437743425, 0.04011756554245949, -0.017252769321203232, -0.00486797746270895, -0.023437760770320892, -0.046344511210918427, 0.006920103449374437, -0.006508993916213512, -0.014637833461165428, -0.03641193360090256, -0.051428020000457764, -0.013978417962789536, 0.03683724254369736, -0.021443165838718414, -0.010469033382833004, -0.007166876457631588, 0.03324015811085701, -0.006428256165236235, -0.007833166979253292, 0.008040529675781727, 0.03965047374367714, 0.023812348023056984, -0.04002920538187027, 0.03616451099514961, 0.06238902732729912, 0.005879945121705532, -0.0009224630193784833, 0.0047032805159688, 0.06421903520822525, 0.013336775824427605, -0.004301959183067083, 0.012397355400025845, 0.003826953237876296, -0.004526827484369278, 0.03562600165605545, 0.01047566719353199, -0.008830026723444462, -0.013596822507679462, 0.013321241363883018, -0.021307174116373062, 0.0040238406509160995, 0.004698456730693579, 0.02776138298213482, 0.002483862452208996, 0.01016160100698471, 0.002128695836290717, 0.007589574437588453, 0.023440826684236526, 0.01831943914294243, 0.010932414792478085, -0.009653568267822266, 0.01251746155321598, -0.01276707835495472, -0.033949222415685654, 0.009337934665381908, 0.0013783990871161222, 0.052662674337625504, 0.024413608014583588, 0.012551996856927872, -0.04207111522555351, 0.03640877455472946, 0.008567890152335167, -0.0038841215427964926, 0.04900696128606796, -0.003620447590947151, 0.013681032694876194, 0.016946235671639442, -0.011444338597357273, 0.006700952537357807, 0.032137200236320496, -0.03504407778382301, 0.0519469752907753, 0.004463955760002136, -0.0018742496613413095, 0.022653697058558464, -0.07629062235355377, 0.03862990811467171, 0.003688366385176778, 0.01926552690565586, -0.02426355890929699, 0.05522022768855095, -0.029691794887185097, 0.045655179768800735, 0.01823495328426361, -0.0005315978196449578, -0.03686712309718132, -0.06193967163562775, 0.018017731606960297, 0.01131008192896843, -0.03651333227753639, 0.03350505232810974, -0.029969319701194763, -0.036616355180740356, -0.009429097175598145, 0.025413624942302704, 0.04389017075300217, -0.028529545292258263, -0.012078078463673592, -0.003907983191311359, -0.016201859340071678, 0.04122309386730194, 0.00909283384680748, -0.011574453674256802, 0.005121287424117327, -0.04685985669493675, -0.002600171836093068, 0.0370304100215435, -0.0002833792532328516, -0.007005025632679462, -0.03383173048496246, 0.0034926324151456356, 0.04308469220995903, 0.04272419959306717, 0.036240871995687485, -0.01789769157767296, -0.008938375860452652, -0.03614107891917229, 0.025653909891843796, 7.902070137788542e-06, 0.02218872494995594, -0.006866095121949911, -0.03781233727931976, 0.00834762305021286, -0.023788724094629288, -0.010481803677976131, 0.009188520722091198, -0.06186352297663689, -0.022454004734754562, 0.07237399369478226, 0.005282069090753794, 0.04749983921647072, -0.011722281575202942, -0.008939492516219616, -0.03885229676961899, 0.022821420803666115, -0.03026428073644638, -0.03805684298276901, 0.007173015736043453, 0.0021013785153627396, -0.01900199055671692, -0.008425903506577015, -0.003536034608259797, -0.00703421188518405, -0.009888730011880398, 0.039513956755399704, -0.02086980640888214, 0.0045155733823776245, -0.030252980068325996, -0.03070177510380745, -0.02605203166604042, -0.04602580517530441, 0.009756114333868027, -0.04242965206503868, 0.024974949657917023, -0.036445070058107376, -0.025627855211496353, 0.017914747819304466, -0.007015458773821592, -0.010761084966361523, 0.0016630527097731829, 0.036217737942934036, 0.004596407059580088, 0.02991754189133644, 0.00914781540632248, 0.0312822051346302, -0.058769986033439636, -0.006482435390353203, -0.01163227017968893, 0.017579335719347, 0.003560543293133378, 0.051167961210012436, -0.038030046969652176, 0.015376389026641846, -0.015849441289901733, -0.005354318302124739, 0.02126850187778473, 0.01985049992799759, -0.06251836568117142, 0.04904904216527939, 0.031048765406012535, -0.04928500950336456, -0.020782895386219025, 0.036872245371341705, 0.022819817066192627, -0.025099897757172585, 0.016442880034446716, -0.01575530134141445, 0.028758561238646507, 0.016540609300136566, -0.009282438084483147, 0.004091731738299131, -0.0013825750211253762, 0.0028376698028296232, -0.019949397072196007, -0.0325060710310936, -0.012322383932769299, -0.01363980770111084, 0.02617895044386387, 0.005776057951152325, 0.004968137014657259, 0.021494517102837563, -0.007678960915654898, -0.001644678763113916, -0.0006042292225174606, -0.035462137311697006, -0.021532906219363213, -0.029795827344059944, -0.0011932989582419395, 0.014912998303771019, -0.0001194225624203682, 0.012568747624754906, 0.015182462520897388, -0.017217274755239487, -0.03526239097118378, 0.09731031209230423, 0.014258471317589283, -0.030034126713871956, 0.07269738614559174, 0.047012194991111755, 0.017133424058556557, 0.04970241338014603, 0.029077863320708275, -0.0014574647648259997, -0.07298389077186584, 0.03421532362699509, 0.007386112120002508, -0.0005753563018515706, -0.015645112842321396, 0.04441142827272415, -0.01815718412399292, 0.004270932637155056, -0.0065152328461408615, 0.02973226271569729, -0.16122989356517792, -0.021150827407836914, 0.028273463249206543, 0.014143642038106918, 0.003085068194195628, 0.011432642117142677, -0.038677603006362915, -0.03510553389787674, 0.01847800798714161, 0.023359619081020355, -0.019692815840244293, -0.04656955227255821, 0.027008336037397385, -0.025092478841543198, 0.01236471813172102, 0.01631118543446064, 0.003989303018897772, 0.012011941522359848, -0.004983779042959213, -0.02291390858590603, -0.04001980647444725, -0.012971295975148678, 0.07419459521770477, -0.03626835718750954, 0.003848584368824959, -0.035433053970336914, 0.049589838832616806, 0.020942561328411102, -0.02736392617225647, 0.0011398150818422437, -0.0071341185830533504, -0.003305901074782014, -0.0024757366627454758, 0.013857143931090832, 0.01842258684337139, 0.034084297716617584, -0.002870948286727071, -0.013551941141486168, 0.007799849845468998, -0.03477203845977783, 0.03188919275999069, 0.03374982625246048, -0.01993252895772457, -0.00716619985178113, 0.028462404385209084, -0.053786300122737885, 0.04586787894368172, -0.017521901056170464, -0.0055020353756845, -0.04130640625953674, 0.0019322843290865421, -0.004891279153525829, 0.016957636922597885, -0.007405566517263651, -0.030657155439257622, 0.0315251462161541, 0.00745210750028491, 0.026784535497426987, -0.04023284837603569, -0.00876561552286148, -0.002758120186626911, -0.052942488342523575, 0.021636810153722763, -0.0012789609609171748, -0.04391734302043915, -0.015854181721806526, 0.053541991859674454, -0.015104913152754307, 0.029167484492063522, -0.026988795027136803, 0.013874057680368423, -0.03184995800256729, 0.044996485114097595, -0.01882435381412506, -0.009861082769930363, 0.0032205807510763407, 0.04367433860898018, -0.0004785014607477933, -0.0021327335853129625, -0.11486964672803879, 0.004557254258543253, 0.020602568984031677, 0.00990688893944025, 0.036044277250766754, -0.03885161504149437, -0.016921652480959892, 0.015027510933578014, -0.019209370017051697, 0.04281311854720116, 0.23647010326385498, 0.04336519166827202, 0.0027229408733546734, 0.034513071179389954, 0.051857881247997284, -0.03035295195877552, 0.002816806547343731, -0.0011808129493147135, 0.030552268028259277, -0.02881418541073799, -0.048195116221904755, 0.014290069229900837, 0.013858319260179996, -0.02502761408686638, 0.0220244862139225, 0.009411710314452648, -0.0292584877461195, 0.06449836492538452, 0.05547172576189041, -0.06005809083580971, 0.023119842633605003, -0.006313012912869453, 0.054870955646038055, 0.043300602585077286, -0.07303580641746521, 0.013936406932771206, -0.02975362353026867, -0.026675209403038025, -0.00052594521548599, 0.013186747208237648, -0.03766251727938652, 0.047024812549352646, 0.051928505301475525, -0.08606871217489243, 0.018779950216412544, -0.03959299996495247, 0.022252734750509262, -0.028532585129141808, -0.033856529742479324, 0.018652861937880516, 0.017563609406352043, 0.01144699938595295, 0.007971184328198433, 0.03175749629735947, 0.001252189395017922, -0.0017328805988654494, -0.011068427003920078, 0.011433870531618595, 0.03171860799193382, -0.01912163384258747, -0.04799041524529457, -0.016332630068063736, -0.03560328856110573, -0.0033413199707865715, -0.01963845267891884, -0.01519736461341381, -0.01654510572552681, -0.004526527598500252, -0.024355318397283554, 0.03037198819220066, -0.013240267522633076, 0.0302899107336998, -0.022427495568990707, 0.03284883499145508, -0.03526613488793373, -0.010819971561431885, 0.02620483934879303, -0.0731724426150322, 0.019588666036725044, 0.07625734806060791, 0.01854286901652813, 0.03881203010678291, 0.0066093215718865395, 0.01271671149879694, -0.0006344668217934668, -0.04458009824156761, 0.006657430902123451, 0.03202098608016968, -0.04002821072936058, 0.04278269782662392, -0.03796360269188881, 0.009960123337805271, -0.05404841527342796, 0.0021921219304203987, 0.0020982902497053146, 0.022850850597023964, 0.0073781562969088554, 0.07194911688566208, -0.031133586540818214, -0.002399050397798419, 0.031114619225263596, 0.01193669531494379, -0.022971104830503464, 0.035124242305755615, -0.04174148663878441, 0.042827412486076355, -0.00883028656244278, -0.0064593772403895855, -0.03190289065241814, -0.005833053961396217, -0.032140038907527924, -0.025487681850790977, -0.0095601174980402, -0.03486476093530655, 0.06950369477272034, -0.05160362645983696, -0.007553081028163433, 0.024813879281282425, 0.011639491654932499, 0.00043651211308315396, -0.021484477445483208, 0.005166254471987486, 0.033711984753608704, 0.006325712893158197, -0.021230803802609444, 0.026436619460582733, -0.011813352815806866, 0.02084261178970337, 0.06138654425740242, 0.002257327549159527, 0.02693133056163788, 0.01968483440577984, -0.02256031706929207, -0.0023237201385200024, 0.02811395563185215, -0.015255450271070004, -0.009538710117340088, 0.024268653243780136, -0.04228198528289795, 0.022803766652941704, 0.026594730094075203, -0.024361828342080116, -0.01726231910288334, 0.012152323499321938, 0.013347135856747627, 0.0013590061571449041, 0.010617907159030437, 0.022870317101478577, 0.025486985221505165, 0.01265762746334076, -0.010310632176697254, -0.04916093498468399, -0.002978639444336295, 0.0197426937520504, 0.026781193912029266, 0.054739948362112045, -0.0148919140920043, 0.0008818724891170859, 0.0037464634515345097, 0.039854176342487335, 0.07089328020811081, -0.0014188995119184256, 0.07106517255306244, -0.024134134873747826, -0.02699298970401287, -0.060982633382081985, -0.006268835160881281, -0.016517896205186844, -0.03379698470234871, -0.028109341859817505, 0.002063746564090252, -0.0018806873122230172, 0.010083054192364216, 0.03249150514602661, 0.007322879508137703, 0.006305755116045475, 0.007029127795249224, -0.0025376034900546074, -0.04847757890820503, -0.019609592854976654, -0.00877908430993557, -0.03344251960515976, -0.03176531940698624, 0.05079516023397446, -0.03338686004281044, -0.024257032200694084, -0.0950920581817627, -0.039726946502923965, -0.0134914955124259, -0.0035467969719320536, 0.00945664569735527, -0.03875333070755005, -0.09577921777963638, 0.029832864180207253, 0.019384458661079407, 0.03843231871724129, -0.006655764300376177, -0.028503915295004845, 0.051712747663259506, -0.04944382235407829, -0.014576436020433903, 0.10344856232404709, -0.02045680209994316, -0.01111715380102396, 0.03366800397634506, -0.016563966870307922, 0.04105280712246895, 0.028624193742871284, -0.012823962606489658, 0.008296087384223938, 0.058773186057806015, -0.0223123449832201, -0.014377349056303501, 0.021313928067684174, 0.004857693333178759, -0.042309172451496124, -0.04122810810804367, 0.01564239151775837, -0.024518106132745743, 0.006164610385894775, 0.037556372582912445, 0.0283624567091465, -0.05700664967298508, 0.031290143728256226, 0.016743142157793045, -0.021656297147274017, 0.053043052554130554, 0.01620563305914402, 0.027943233028054237, -0.01727864146232605, -0.03288661688566208, -0.019698545336723328, 0.025273030623793602, -0.03575458005070686, -0.013100923039019108, -0.008446593768894672, -0.024176212027668953, -0.013772768899798393, 0.0007882054196670651, 0.02022467739880085, -0.00741528021171689, 0.02834152802824974, 0.029556190595030785, 0.02112097665667534, 0.014285515993833542, 0.00884499866515398, 0.0029802557546645403, 0.02593706175684929, 0.024590574204921722, -0.01943701133131981, 0.00025825732154771686, -0.019551649689674377, 0.06284929811954498, 0.024581750854849815, -0.020477168262004852, 0.03874346986413002, -0.03695223107933998, -0.07215838879346848, -0.019660677760839462, 0.01508724968880415, 0.0024605111684650183, -0.011259254068136215, 0.015190470032393932, -0.013694893568754196, 0.02233812026679516, -0.02137552760541439, 0.002793698338791728, 0.0338505282998085, -0.04339883103966713, 0.011680846102535725, -0.03453775495290756, 0.032069653272628784, -0.012521698139607906, 0.00914598535746336, -0.02230442501604557, -0.017422527074813843, 0.0001237445540027693, -0.06922724843025208, -0.011365188285708427, 0.007270406000316143, 0.0023135726805776358, -0.012631170451641083, -0.01725439354777336, -0.02059047482907772, 0.002680306090041995, 0.031836796551942825, -0.0530841201543808, 0.04057138040661812, 0.044519759714603424, -0.051100414246320724, -0.01634950004518032, -0.03621794283390045, -0.0208925548940897, 0.04198251664638519, 0.03058941848576069, 0.0574817955493927, 0.01655065082013607, -0.013377044349908829, -0.011946400627493858, -0.04296817630529404, 0.0019786267075687647, -0.018891386687755585, -0.024551060050725937, -0.005688068922609091, -0.02091270312666893, -0.002631183248013258, -0.04593909531831741, 0.002696557668969035, 0.012246599420905113, 0.023316016420722008, 0.006558224558830261, -0.02135869301855564, -0.003273328999057412, -0.011922737583518028, -0.031048692762851715, 0.02395992912352085, 0.0019416642608121037, 0.01224480476230383, 0.016099436208605766, 0.0021445760503411293, -0.019452758133411407, -0.0598558709025383, -0.004386500455439091, 0.02875719591975212, 0.024592306464910507, 0.019231118261814117, 0.06383491307497025, -0.017418330535292625, 0.005737043917179108, 0.027199463918805122, -0.029991040006279945, -0.04067056253552437, -0.022261882200837135, -0.013973181135952473, -0.009494499303400517, 0.0015266622649505734, 0.020778244361281395, -0.0060639651492238045, -0.01713269017636776, -0.022798573598265648, -0.03538789600133896, -0.01867653802037239, -0.029722077772021294, 0.006335719022899866, -0.004142189864069223, 0.02257249876856804, 0.007344202138483524, -0.061441387981176376, 0.0013600391102954745, 0.03527861088514328, 0.025441454723477364, -0.0071930973790585995, 0.07580982893705368, -0.046690210700035095, -0.022726016119122505, -0.053162675350904465, -0.018284980207681656, -0.008454793132841587, -0.023033086210489273, 0.0186733677983284, -0.0239142794162035, -0.02209141105413437, -0.03649982437491417, -0.013436786830425262, -0.04215797781944275, 0.03309525176882744, -0.021326452493667603, 0.018388882279396057, -0.026869356632232666, 0.024506378918886185, -0.033181436359882355, 0.04167992249131203, -0.022203369066119194, 0.008109324611723423, 0.02761085145175457, 0.017739364877343178, 0.003444110043346882, 0.01502144057303667, -0.01215901505202055, -0.024158338084816933, -0.010771268047392368, -0.02826555073261261, -0.01503425370901823, 0.030487271025776863, -0.0007407937082462013, 0.02760487236082554, -0.026427865028381348, 0.007797152269631624, 0.008256173692643642, 0.058389559388160706, -0.019863998517394066, -0.011856421828269958, 0.009105052798986435, -0.03440259024500847, 0.02820722945034504, -0.00261572259478271, -0.02096552774310112, -0.014918548986315727, -0.010551835410296917, 0.045793093740940094, 0.002203193726018071, 0.015262672677636147, -0.029942287132143974, 0.007639109157025814, -0.13856494426727295, 0.004214947577565908, -0.03186851367354393, 0.018667371943593025, 0.016856025904417038, -0.009346595965325832, -0.00016960733046289533, -0.031691111624240875, 0.010149269364774227, -0.07415829598903656, -0.04010796174407005, -0.037301599979400635, 0.007535875774919987, -0.017284590750932693, 0.024314116686582565, 0.005159911699593067, 0.01662326790392399, -0.005399220157414675, -0.025378847494721413, 0.005360296927392483, -0.005432807840406895, -0.04378827288746834, -0.013274123892188072, 0.013139004819095135, -0.024032123386859894, -0.018871137872338295, 0.023563263937830925, 0.0030241510830819607, -0.016480080783367157, -0.04639625549316406, -0.02983892895281315, -0.02089366503059864, 0.01478293351829052, -0.004573090001940727, -0.0033822692930698395, 0.009369321167469025, 0.012485870160162449, -0.006031604949384928, -0.035649802535772324, 0.020114270970225334, 0.00020220206351950765, 0.037378210574388504, -0.030178438872098923, 0.002355944598093629, 0.037660155445337296, 0.047273386269807816, 0.007760745473206043, -0.021305060014128685, -0.03590887412428856, 0.01961006596684456, 0.016259754076600075, 0.03445954993367195, -0.04418842867016792, -0.0013512909645214677, 0.008529748767614365, 0.011714289896190166, -0.05310707911849022, -0.003790439572185278, -0.03538821265101433, 0.05727608874440193, -0.011994562111794949, -0.005466311704367399, -0.022083023563027382, -0.05720196291804314, -0.019578855484724045, 0.035360049456357956, -0.08088837563991547, 0.03910544887185097, 0.010293430648744106, 0.0011640829034149647, 0.0059181274846196175, -0.024955160915851593, -0.030929960310459137, 0.0010336089180782437, 0.016677865758538246, 0.02410760708153248, -0.00025120406644418836, -0.043154094368219376, -0.044906966388225555, -0.0045418525114655495, -0.016890671104192734, -0.017072681337594986, -0.04642308130860329, 0.04504671320319176, 0.07301853597164154, -0.002423746744170785, 0.014472438022494316, 0.021915432065725327, -0.020222434774041176, -0.024347329512238503, -0.06424888968467712, -0.004743533208966255, -0.013036219403147697, 0.028038034215569496, -0.032613202929496765, 0.021600551903247833, 0.03430577740073204, 0.03156458958983421, 0.016213644295930862, -0.04056140407919884, -0.0290516410022974, -0.008273090235888958, 0.023307112976908684, -0.008848183788359165, -0.016034990549087524, 0.012508369982242584, 0.0506831519305706, 0.006242190487682819, 0.010224373079836369, -0.026798617094755173, -0.03512774780392647, 0.022797826677560806, -0.05631644278764725, 0.013835793361067772, -0.04871697351336479, 0.0029922418761998415, 0.012890209443867207, 0.013861888088285923, -0.029398145154118538, 0.04621632397174835, 0.016489604488015175, -0.026730217039585114, -1.1239558261877391e-05, -0.01094171404838562, 0.015106956474483013, 0.006365952547639608, 0.02586781606078148, 0.03195866569876671, -0.04937367141246796, -0.016453048214316368, -0.008819196373224258, -0.05954542011022568, -0.01363998744636774, 0.009165819734334946, -0.006076857913285494, -0.0007973501342348754, 0.01383572444319725, 0.020420389249920845, -0.06923050433397293, -0.0067622181959450245, -0.024010153487324715, -0.023355795070528984, 0.04803065210580826, -0.02508002705872059, 0.013647832907736301, 0.005709861405193806, 0.03973006457090378, 0.008727638982236385, -0.0037691756151616573, -0.01826167292892933, 0.006016154307872057, 0.020589623600244522, 0.0045976764522492886, 0.016215164214372635, -0.01915818452835083, 0.004628920927643776, -0.00030640800832770765, -0.00698779197409749, -0.03276796266436577, 0.026575937867164612, -0.02478029951453209, -0.09545967727899551, 0.0006037576822564006, -0.024460455402731895, 0.015800965949892998, -0.024184392765164375, -0.0032159138936549425, 0.00917605310678482, 0.016287749633193016, -0.007967174984514713, -0.011491002514958382, 0.007907995022833347, -0.02906448021531105, 0.01786239817738533, 0.04094526171684265, -0.01122294645756483, 0.0020817997865378857, 0.037888456135988235, 0.050650257617235184, -0.021568119525909424, 0.026678530499339104, -0.021146243438124657, -0.0038866789545863867, 0.0008580794092267752, 0.025119459256529808, -0.0035355768632143736, 0.02380651794373989, 0.03669806197285652, 0.023995721712708473, -0.00402673427015543, -0.04294963926076889, -0.04406532645225525, 0.010636587627232075, -0.01706862822175026, 0.029796112328767776, 0.037085771560668945, -0.011250412091612816, 0.004199028946459293, 0.03740391880273819, 0.03748002275824547, 0.03939897194504738, -0.031243301928043365, 0.016615023836493492, -0.01856282167136669, 0.0031294296495616436, 0.0236525759100914, -0.020787006244063377, 0.015056404285132885, -0.019733743742108345, 0.07720181345939636, -0.022996654734015465, -0.01314598973840475, 0.046314895153045654, 0.024957427754998207, -0.008662729524075985, -0.0508706234395504, 0.023272329941391945, 0.046480368822813034, 0.0165282990783453, -0.006086820270866156, 0.027866488322615623, 0.028066493570804596, 0.03526105359196663, -0.06332693248987198, -0.024968039244413376, -0.002612411044538021, -0.011760842055082321, 0.03736979141831398, 0.022326180711388588, -0.0048344978131353855, -0.039663489907979965, -0.011552578769624233, -0.04113579913973808, 0.016715316101908684, 0.03856481611728668, 0.01130771730095148, 0.011061785742640495, 0.06014137715101242, -0.04841240867972374, 0.003143618581816554, 0.011844828724861145, 0.04245590418577194, 0.02294451929628849, 0.03557800129055977]",,
15_1_0_errors_invalid_script_mdx_section_1,section,15_1_0_errors_invalid_script_mdx,Invalid Script - Why This Error Occurred,,{},15.1.0,"Somewhere in your application, you are using the `` component without including an inline script or `` attribute.
",,"[(np.int64(71), np.float64(0.07103995978832245)), (np.int64(180), np.float64(0.01035589724779129)), (np.int64(297), np.float64(0.008173123002052307)), (np.int64(360), np.float64(0.059722546488046646)), (np.int64(3293), np.float64(0.1529971957206726)), (np.int64(7013), np.float64(0.20559830963611603)), (np.int64(44084), np.float64(0.15492938458919525)), (np.int64(64240), np.float64(0.09877270460128784)), (np.int64(84654), np.float64(0.26593509316444397)), (np.int64(212059), np.float64(0.2392275333404541))]","[-0.059508003294467926, 0.015949999913573265, -0.03974932059645653, 0.013492701575160027, -0.004293232224881649, -0.0432983823120594, 0.039728064090013504, 0.03572319075465202, -0.02916472591459751, 0.013518466614186764, 0.019663462415337563, -0.02199159748852253, 0.011263289488852024, -0.01049060095101595, -0.010272582061588764, 0.04144023358821869, 0.025689268484711647, 0.011296034790575504, 0.021596860140562057, -0.016224876046180725, -0.012621575966477394, -0.015620666556060314, 0.02677973173558712, 0.008429575711488724, -0.004733508452773094, 0.008738424628973007, -0.02681419439613819, -0.002944311825558543, 0.047391895204782486, 0.04801981896162033, 0.01598966494202614, -0.04887765645980835, -0.005973923020064831, -0.028599794954061508, -0.024919142946600914, -0.030143799260258675, 0.0012413794174790382, 0.026878682896494865, -0.02311103418469429, 0.021846754476428032, -0.015263481996953487, -0.006574761122465134, -0.021807961165905, -0.018994087353348732, 0.0196030605584383, -0.03025124967098236, -0.005238385405391455, -0.023972777649760246, 0.002869168296456337, 0.008497700095176697, 0.03721022605895996, 0.0015399641124531627, 0.018331363797187805, -0.05042645335197449, 0.038015395402908325, -0.0025451723486185074, -0.07350548356771469, -0.03951730579137802, -0.06484571844339371, 0.006026086863130331, -0.05211079493165016, -0.046336572617292404, -0.02215653844177723, -0.0034720776602625847, 0.0037667041178792715, 0.08763045072555542, -0.02460540272295475, 0.0032785062212496996, -0.011754732578992844, -0.02578408643603325, 0.009138640016317368, 0.004610097035765648, -0.025216924026608467, -0.019270598888397217, -0.027688410133123398, 0.03566783666610718, 0.01686263084411621, -0.06484483182430267, -0.059804342687129974, 0.04632687568664551, 0.030698144808411598, -0.0056907301768660545, 0.0009908548090606928, 0.0022818592842668295, 0.02682855911552906, 0.03543207421898842, -0.02447960339486599, 0.026714017614722252, -0.017042802646756172, 0.009443522430956364, -0.0035548589657992125, -0.011985947377979755, 0.07133857905864716, 0.00931770820170641, -0.03234682232141495, 0.0017268301453441381, -0.005782946012914181, 0.028183890506625175, 0.03916981816291809, -0.01026096660643816, -0.03642364591360092, -0.004343049135059118, 0.005208795890212059, -0.0454295352101326, 0.04932759702205658, -0.008835324086248875, 0.0071683526039123535, 0.024946127086877823, 0.01938347890973091, -0.008752482943236828, 0.021322891116142273, 0.03353822976350784, 0.02327200397849083, 0.0084623321890831, -0.0020517047960311174, -0.010581242851912975, 0.009642224758863449, -0.030967464670538902, 0.008285402320325375, 0.009093191474676132, 0.05506114289164543, 0.0373312346637249, -0.013933246023952961, -0.029506001621484756, 0.04761413112282753, 0.001052648643963039, 0.011848021298646927, 0.023988468572497368, -0.06349001079797745, 0.015209311619400978, 0.006923177279531956, 0.017883267253637314, -0.00014231755631044507, -0.022440027445554733, -0.05260494723916054, -0.02041112817823887, 0.0036331196315586567, 0.02756388671696186, -0.0034247571602463722, -0.025502240285277367, 0.020145369693636894, -0.018926262855529785, -0.0034189054276794195, -0.013987237587571144, 0.03643703833222389, -0.012820309959352016, 0.04003423824906349, 0.024086838588118553, -0.0046540978364646435, -0.02315417490899563, -0.046497832983732224, 0.022222300991415977, -0.0027043733280152082, 0.014610817655920982, 0.006542270537465811, -0.03140265494585037, -0.008749937638640404, 0.0005050657200627029, 0.02892511896789074, 0.05134953558444977, -0.004205799661576748, -0.0052519431337714195, -0.02880825102329254, 0.010867279954254627, 0.01920587196946144, -0.02029481902718544, -0.004894237499684095, -0.003124738810583949, -0.014314393512904644, -0.03224623203277588, 0.01726040244102478, 0.0041829319670796394, 0.0013992257881909609, -0.012822756543755531, 0.042459405958652496, 0.05289672315120697, 0.060239143669605255, 0.010930582880973816, -0.027919944375753403, -0.03260980173945427, -0.0037065022625029087, -0.000960586010478437, -0.00046667541028000414, 0.029673239216208458, -0.018942290917038918, -0.024174479767680168, 0.004616891499608755, 0.009371268562972546, -0.019116684794425964, 0.00349983386695385, -0.0423135980963707, -0.0010803453624248505, 0.046607207506895065, 0.012079210951924324, 0.01715478114783764, 0.028732817620038986, 0.02579178847372532, -0.024735361337661743, 0.0040297796949744225, 0.008463270030915737, 0.009991060011088848, 0.018733682110905647, -0.008427269756793976, -0.04754594340920448, -0.05079921707510948, 0.00020678635337390006, -0.02536165527999401, -0.04889427870512009, 0.03066127747297287, -0.03264782950282097, 0.08089174330234528, -0.02046552672982216, -0.029648303985595703, -0.0436168871819973, -0.01918872259557247, 0.004943714011460543, -0.045189738273620605, 0.0366278812289238, -0.05133962258696556, -0.045812662690877914, -0.03708010911941528, -0.01656743511557579, 0.017527595162391663, 0.04942125454545021, 0.00593742448836565, -0.016888704150915146, 0.04378555342555046, -0.02548319287598133, 0.001919486210681498, -0.027105022221803665, -0.006487474776804447, -0.01964058168232441, -0.014483259990811348, -0.02374228648841381, 0.07391711324453354, -0.026346061378717422, 0.0183535385876894, 0.007667986210435629, 0.000661941827274859, 0.022603696212172508, -0.01621813327074051, 0.007034847978502512, 0.06401590257883072, 0.021923506632447243, -0.01632094383239746, -0.007846169173717499, -0.006614663638174534, 0.013576289638876915, -0.013536794111132622, -0.05238289758563042, 0.012611753307282925, 0.007141618989408016, 0.002974212169647217, -0.011723324656486511, -0.006327155511826277, -0.016761459410190582, 0.02750580944120884, 0.006692629773169756, -0.029611991718411446, -0.02100461535155773, 0.02904907986521721, -0.0004919441416859627, 0.008749104104936123, 0.00011912082845810801, 0.025732899084687233, -0.015869902446866035, -0.005427196621894836, -0.007845718413591385, 0.004297411069273949, 0.01596810296177864, 0.001592225511558354, -0.008829696103930473, -0.012357693165540695, 0.014636973850429058, 0.018048381432890892, 0.026209091767668724, -0.027322005480527878, -0.036148130893707275, 0.07336898148059845, -0.0033624269999563694, -0.003493556287139654, 0.07436145842075348, 0.03285479545593262, 0.04848385602235794, 0.0420759841799736, 0.015491349622607231, 0.008581784553825855, -0.027350397780537605, 0.007428714074194431, -0.01586696319282055, -0.01807595044374466, -0.027622098103165627, 0.057230688631534576, 0.01088757161051035, -0.04408235102891922, -0.030852120369672775, 0.006413070484995842, -0.15652664005756378, 0.019486503675580025, -0.018797801807522774, -0.019940903410315514, 0.021826574578881264, 0.016544029116630554, -0.06923886388540268, -0.02044050022959709, -0.0009506448404863477, -0.019056903198361397, -0.0341024212539196, -0.05941331386566162, -0.01695179007947445, -0.012257291935384274, -0.008488240651786327, 0.019695619121193886, -0.026755111292004585, -0.020324841141700745, -0.0016696639358997345, -0.010905086062848568, 0.020960651338100433, -0.008880631998181343, 0.050606369972229004, -0.05330583080649376, 0.02759149670600891, -0.01778501458466053, 0.017444616183638573, 0.03855779767036438, -0.01665610447525978, -0.023764915764331818, -0.019009897485375404, 0.02255517616868019, -0.01117654051631689, 0.051480405032634735, 0.03440266102552414, 0.06018691882491112, 0.03256116807460785, 0.007866510190069675, -0.009573840536177158, -0.017506785690784454, 0.018625671043992043, 0.02053043618798256, 0.023522665724158287, 0.027859969064593315, 0.002341653686016798, -0.05099846050143242, 0.033705934882164, -0.06509611010551453, -0.0415620431303978, 0.024603744968771935, 0.04415504261851311, -0.016139205545186996, -0.010677479207515717, -0.003132522339001298, -0.02094961516559124, 0.01285881269723177, 0.019382495433092117, 0.04073570296168327, -0.05989225208759308, 0.04095127433538437, -0.011591802351176739, 0.01432283129543066, 0.029722752049565315, 0.019988801330327988, -0.04188280180096626, -0.025988062843680382, 0.06081501394510269, -0.01042826846241951, 0.022163832560181618, -0.006982423830777407, 0.0033570947125554085, 0.011172513477504253, 0.016326742246747017, -0.008076761849224567, -0.05178806930780411, 0.003395022824406624, 0.0556650310754776, 0.0039293197914958, -0.026329541578888893, -0.10079829394817352, 0.021812567487359047, -0.018399860709905624, 0.022199884057044983, 0.034153662621974945, -0.004598488565534353, -0.03462417423725128, 0.01159166544675827, 0.013083254918456078, 0.017323072999715805, 0.25432756543159485, 0.030638987198472023, 0.026353102177381516, 0.009226278401911259, 0.03719066083431244, -0.02466747537255287, -0.003418153617531061, 0.04940716549754143, -0.012903233990073204, -0.03865618258714676, -0.02191966585814953, -0.011558703146874905, 0.007341028656810522, -0.008983878418803215, 0.024532031267881393, -0.0025135858450084925, -0.03365762159228325, -0.010828467085957527, 0.06473536044359207, -0.03400879353284836, 0.007355310022830963, -0.004889397881925106, 0.057557910680770874, -0.011887717060744762, -0.06588727980852127, -0.013039758428931236, -0.034851424396038055, -0.015163766220211983, 0.014625633135437965, -0.017329474911093712, -0.04182763025164604, 0.01888463646173477, 0.028717225417494774, -0.023066528141498566, 0.015487279742956161, -0.01796030066907406, 0.04471192508935928, -0.002350589958950877, -0.01210808102041483, 0.004841324873268604, -0.013536054641008377, -0.0020833099260926247, -0.006146234460175037, 0.0023544998839497566, -0.030775120481848717, -0.013479432091116905, 0.023469964042305946, -0.00518910214304924, 0.00467887194827199, -0.01404623594135046, -0.008448030799627304, -0.018490150570869446, -0.03354548662900925, -0.013488211669027805, -0.011226294562220573, -0.007032045163214207, -0.010553707368671894, 0.019314907491207123, -0.008425417356193066, 0.01252297218888998, 0.02034810557961464, 0.05261845514178276, -0.02103232778608799, 0.025669870898127556, 0.009426391683518887, 0.026629280298948288, -0.023581845685839653, -0.07094383239746094, 0.01387772522866726, 0.04794160649180412, 0.03081812895834446, 0.017573753371834755, -0.015062568709254265, 0.026952313259243965, 0.04671154543757439, -0.006450059358030558, 0.013864777982234955, 0.020542345941066742, -0.03236716240644455, 0.028765466064214706, -0.040172476321458817, -0.0050033326260745525, -0.01778852753341198, -0.003276055445894599, -0.002404184779152274, -0.01627313904464245, -0.041397470980882645, 0.07552482932806015, -0.04590266942977905, -0.04851946607232094, 0.00835741963237524, 0.008194023743271828, -0.025306569412350655, -0.00026986218290403485, -0.03271811828017235, -0.00032464577816426754, 0.027532827109098434, -0.02439291775226593, -0.019181523472070694, -0.03075195476412773, -0.02931702509522438, -0.00988285057246685, -0.030027924105525017, -0.06960203498601913, 0.07224468141794205, -0.05147659033536911, -0.01891244947910309, -0.005543834995478392, 0.010510187596082687, 0.016249487176537514, -0.016985539346933365, 0.02406475692987442, -0.014698026701807976, 0.0038395726587623358, -3.2266543712466955e-05, 0.025118784978985786, 0.030350228771567345, 0.03810051828622818, 0.03331335633993149, 0.04597869887948036, -0.012088341638445854, -0.03893274813890457, -0.004956565331667662, -0.023156538605690002, -0.03544085845351219, -0.016798337921500206, 0.011598308570683002, 0.0257949810475111, -0.06591642647981644, 0.029889345169067383, 0.04359736666083336, -0.03281228989362717, -0.05615638941526413, 0.03708237409591675, 0.05893971398472786, -0.04003171622753143, 0.012919582426548004, 0.024707971140742302, -0.00741844717413187, 0.0031973589211702347, -0.048841554671525955, -0.022318469360470772, -0.018861638382077217, 0.03199394792318344, 0.021836863830685616, 0.008239827118813992, -0.05522821098566055, 0.019655387848615646, 0.002574201440438628, 0.006722142454236746, 0.07225064188241959, 0.04005928337574005, 0.026898780837655067, -0.007625186815857887, -0.036789171397686005, -0.0791533812880516, -0.005703848320990801, 0.0106258075684309, -0.006806292105466127, -0.010435760021209717, 0.006912730634212494, 0.0069300453178584576, 0.06486369669437408, 0.045620620250701904, 0.00011797578918049112, 0.04955122247338295, -0.008395050652325153, 0.021019959822297096, -0.04373512044548988, -0.009716244414448738, 0.004241161048412323, -0.05192497745156288, -0.024499263614416122, 0.018916688859462738, -0.06250646710395813, 0.004800374154001474, -0.05746578425168991, 0.007124024443328381, -0.035482242703437805, -0.058347344398498535, -0.0044908239506185055, -0.05979200080037117, -0.050843555480241776, 0.05386742204427719, -0.00843175407499075, 0.00970787275582552, -0.009038071148097515, -0.00599162420257926, 0.02980540134012699, -0.042706407606601715, -0.02384207397699356, 0.11763022840023041, -0.009121794253587723, -0.0321609303355217, 0.010187631472945213, -0.004560996778309345, 0.03756451979279518, -0.008079316467046738, -0.008508594706654549, -0.03978254273533821, 0.030294734984636307, -0.031242838129401207, -0.010877289809286594, 0.0023823275696486235, -0.0014597593108192086, -0.020365262404084206, -0.0545661598443985, 0.035884562879800797, -0.003185225883498788, -0.026317020878195763, 0.013438987545669079, 0.03201015293598175, -0.04371550306677818, -0.005210808478295803, 0.027473200112581253, -0.01566600240767002, 0.048683423548936844, 0.03897251933813095, 0.023773828521370888, -0.060061145573854446, -0.02848675660789013, -0.00018098860164172947, 0.01085952203720808, -0.0288154948502779, 0.00853689294308424, 0.01622083969414234, 0.02185724675655365, -0.03825417906045914, -0.0006072846590541303, -0.0064390976913273335, 7.998333603609353e-05, 0.0007705464377067983, -0.02657458558678627, -0.009548339992761612, 0.0020244112238287926, -0.06841282546520233, -0.005568235646933317, 0.025223249569535255, 0.017305228859186172, -0.046175915747880936, 0.02350999042391777, -0.04802057519555092, 0.06036319583654404, 0.04951181262731552, -0.04144178330898285, 0.012292804196476936, -0.08176044374704361, -0.030630875378847122, 0.01134444773197174, 0.025395473465323448, -0.02566688321530819, 0.042646389454603195, -0.008715279400348663, -0.027935542166233063, -0.023486604914069176, -0.004724123515188694, -0.0074101900681853294, -0.0269775390625, -0.038949087262153625, 0.001781113795004785, -0.03546339273452759, 0.05391022562980652, -0.00877557136118412, -0.001247660955414176, -0.0053856163285672665, -0.025055859237909317, 0.011835599318146706, -0.053842104971408844, -0.0025495411828160286, 0.008906299248337746, -0.012379858642816544, 0.005605871323496103, -0.02219758741557598, -0.03493636101484299, 0.013398941606283188, 0.0025870304089039564, -0.0397019237279892, 0.02652098797261715, 0.04931621626019478, -0.0016512315487489104, -0.017991840839385986, 0.013305449858307838, -0.022607915103435516, 0.06798233091831207, 0.027078235521912575, 0.012633400037884712, 0.02740260772407055, 0.019999435171484947, 0.004015250597149134, -0.05449572950601578, 0.014536600559949875, 0.012051907368004322, -0.040463030338287354, 0.015677791088819504, -0.04244621843099594, 0.009685360826551914, -0.056669797748327255, 0.0074079763144254684, 0.005504133645445108, 0.019350683316588402, 0.00968959741294384, -0.003161327913403511, 0.0031486714724451303, 0.0019244704162701964, 0.020293589681386948, 0.04448169842362404, 0.005113881081342697, -0.02519315294921398, 0.0036628476809710264, 0.011655982583761215, 0.03242858126759529, -0.023094214498996735, -0.032473981380462646, 0.03168049827218056, 0.031623195856809616, -0.003894405672326684, 0.06678108125925064, 0.018983229994773865, 0.022483689710497856, 0.026598991826176643, -0.03516882285475731, 0.0015665740938857198, 0.011047047562897205, -0.04801104590296745, -0.04795398190617561, -0.005028494633734226, 0.009100722149014473, -0.019984301179647446, 0.003653286723420024, -0.030020693317055702, -0.034011658281087875, -0.028793014585971832, -0.01605595089495182, -0.006024874746799469, 0.009720691479742527, 0.01010074745863676, -0.0008723558858036995, -0.03040064498782158, 0.03749728202819824, 0.04557277262210846, -0.02295726351439953, -0.04769288748502731, 0.04597806558012962, -0.03337859734892845, 0.03199959173798561, -0.039822425693273544, 0.0001267287298105657, 0.00045240839244797826, 0.0333968922495842, -0.011736519634723663, 0.013366162776947021, -0.011049357242882252, -0.03593815118074417, 0.012655786238610744, -0.03960609436035156, -0.00827072188258171, -0.012445298954844475, 0.011341831646859646, 0.01245176699012518, 0.015134311281144619, -0.025365673005580902, 0.048552218824625015, -0.027382373809814453, 0.027127036824822426, 0.023286618292331696, 0.038987934589385986, 0.02397042140364647, -0.001895632827654481, 0.01008958462625742, -0.016575658693909645, -0.023045092821121216, -0.018697945401072502, 0.010436337441205978, 0.02657552808523178, 0.012839281000196934, 0.01467900164425373, -0.021725686267018318, 0.04339076578617096, -0.007580983452498913, 0.025500496849417686, -0.02525157295167446, -0.03047456033527851, -0.003446765011176467, -0.010216648690402508, 0.04225543886423111, -0.002491563092917204, 0.007390249520540237, -0.006455392576754093, -0.002959341509267688, 0.03928343579173088, -0.048246629536151886, 0.019840294495224953, -0.06073025241494179, 0.024407969787716866, -0.16225260496139526, 0.018397416919469833, -0.02102639712393284, 0.009003223851323128, -0.024500418454408646, 0.0006604953669011593, -0.018030080944299698, 0.00024015050439629704, 0.04099849611520767, -0.0426115058362484, -0.05415729805827141, -0.02214968390762806, 0.016036715358495712, -0.017860636115074158, -0.03538142144680023, 0.01530615147203207, 0.0055661811493337154, 0.008291912265121937, -0.005398052744567394, 0.018201777711510658, -0.02199607528746128, -0.017030339688062668, -0.014439228922128677, -0.0183635875582695, 0.03304174169898033, -0.002895651152357459, -0.040212441235780716, 0.02131553553044796, -0.02724527381360531, -0.011217918246984482, 0.005365334451198578, 0.006220006383955479, 0.018198788166046143, 0.004575446713715792, -0.016015104949474335, -0.011417310684919357, 0.020697636529803276, -0.008710733614861965, 0.017285402864217758, 0.015902934595942497, -0.013784571550786495, 0.023180939257144928, 0.002879352541640401, 0.021475639194250107, 0.04177166894078255, 0.03594820946455002, 0.007734179031103849, 0.0024004329461604357, -0.05493919923901558, 0.027891358360648155, -0.049016233533620834, -0.01458969246596098, -0.01273752748966217, 0.035041291266679764, 0.0353497751057148, -0.013407464139163494, -0.016329921782016754, 0.05841401219367981, -0.04572077840566635, 0.04633036628365517, -0.04151539504528046, -0.004391795489937067, -0.02018890716135502, -0.06266394257545471, -0.00982811488211155, -0.004918871913105249, -0.07026627659797668, -0.029015248641371727, -0.02017984166741371, 0.041312698274850845, 0.00698202895000577, 0.0008704579086042941, -0.007945839315652847, -0.02340730093419552, 0.03658846393227577, 0.07185662537813187, 0.03689480200409889, 0.0056061591021716595, -0.02471696026623249, -0.02241617999970913, 0.008846905082464218, 0.022685246542096138, -0.03460639342665672, 0.05180560052394867, 0.019862383604049683, -0.0023973325733095407, 0.0023393831215798855, 0.0063359360210597515, -0.03706733509898186, 0.0036501653958112, -0.07731747627258301, 0.0067253620363771915, 0.021625185385346413, -0.00010635417129378766, -0.0008331408607773483, 0.03503751754760742, -0.002763840602710843, 0.0014557838439941406, 0.006187303923070431, -0.03468654677271843, -0.04437493532896042, -0.00021051209478173405, 0.01918049529194832, 0.0018956343410536647, -0.041412532329559326, 0.018897585570812225, 0.02627139911055565, -0.001924052368849516, 0.008009562268853188, -0.002088947920128703, -0.04336656630039215, 0.0014057210646569729, -0.03649529069662094, -0.011554240249097347, 0.005725403781980276, -0.008883552625775337, 0.06852757185697556, 0.024911854416131973, -0.041496265679597855, 0.031408682465553284, -0.0011489152675494552, -0.05404539406299591, 0.004693490453064442, -0.032051291316747665, 0.029519306495785713, 0.022636789828538895, 0.028569553047418594, 0.01909664273262024, -0.0032991429325193167, 0.016046153381466866, 0.045515138655900955, -0.04699637368321419, 0.024162733927369118, 0.005998229142278433, 0.031204242259263992, -0.013099193572998047, -0.01666768081486225, 0.06405163556337357, -0.049490947276353836, -0.015572945587337017, -0.003098929300904274, -0.052597761154174805, 0.02266489714384079, -0.013866948895156384, 0.027895957231521606, -0.008762305602431297, 0.023448094725608826, 0.006264777854084969, -0.024805467575788498, -0.03004400245845318, 0.02006589062511921, -0.016093607991933823, -0.0014570056227967143, 0.027623582631349564, -0.02067834511399269, 0.0038424869999289513, -0.015201847068965435, 0.0187071580439806, 0.025578811764717102, 0.003237129421904683, 0.0052075134590268135, -0.07353542745113373, 0.015335085801780224, -0.018243463709950447, -0.013945882208645344, 0.004164614249020815, -0.021264156326651573, -0.002196213696151972, -0.0035535141360014677, -0.0009083641925826669, -0.0430540032684803, 0.03592566400766373, -0.021606910973787308, 0.010951957665383816, 0.016322486102581024, -0.0020779140759259462, 0.0015692113665863872, -0.011747632175683975, 0.018752846866846085, -0.029546288773417473, 0.04782397672533989, -0.028805840760469437, 0.05599622055888176, -0.006147356238216162, 0.02991359308362007, -0.008529498241841793, -0.007169295102357864, 0.06401563435792923, 0.0038529946468770504, 0.01195507775992155, -0.014966478571295738, 0.0029666442424058914, -0.014753314666450024, -0.03826802223920822, -0.023590106517076492, 0.07311893254518509, -0.006840826943516731, 0.006132426206022501, -0.0017462503165006638, 0.007675474509596825, 0.027077317237854004, 0.005590649787336588, 0.014811157248914242, -0.05272354930639267, -0.021021995693445206, 0.029301583766937256, -0.03240235894918442, 0.00584863405674696, -0.010791086591780186, 0.04249369725584984, -0.0001357414002995938, 0.01425234042108059, 0.02014225162565708, 0.037314437329769135, -0.03302522748708725, -0.009238122962415218, 0.05740797519683838, 0.03608893230557442, -0.005393580533564091, 0.008935914374887943, 0.009281621314585209, 0.002740700962021947, 0.014746353961527348, -0.05414462089538574, -0.03303492069244385, -0.006425179541110992, 0.029712732881307602, -0.002199507551267743, 0.04626500606536865, 0.020824411883950233, -0.04722616448998451, -0.023171165958046913, -0.011961297132074833, 0.01728767156600952, 0.026915891095995903, 0.049423735588788986, -0.008973473682999611, 0.056160151958465576, -0.02526072971522808, -0.021342895925045013, 0.06345972418785095, 0.006665159948170185, -0.02327636256814003, 0.0003929687081836164]",,
15_1_0_errors_invalid_script_mdx_section_2,section,15_1_0_errors_invalid_script_mdx,Invalid Script - Possible Ways to Fix It,,{},15.1.0,"Look for any usage of the `` component and make sure that `` is provided or an inline script is used.
Compatible `` attribute
Compatible inline script with curly braces
Compatible inline script with ``
",,"[(np.int64(7), np.float64(0.010544829070568085)), (np.int64(47), np.float64(0.01785195991396904)), (np.int64(71), np.float64(0.1525365710258484)), (np.int64(360), np.float64(0.12223543226718903)), (np.int64(1650), np.float64(0.06659732013940811)), (np.int64(2661), np.float64(0.10118195414543152)), (np.int64(7013), np.float64(0.2525293529033661)), (np.int64(42261), np.float64(0.10795223712921143)), (np.int64(84654), np.float64(0.31940850615501404)), (np.int64(96746), np.float64(0.19979852437973022)), (np.int64(115861), np.float64(0.1317969560623169))]","[-0.033382266759872437, 0.026080016046762466, -0.011656658723950386, 0.03149392455816269, -0.015003173612058163, -0.03270852565765381, 0.04552634432911873, 0.024970779195427895, -0.016376880928874016, 0.01678822748363018, -0.0035989172756671906, -0.0247432142496109, 0.025887640193104744, 0.0008927884045988321, -0.017748447135090828, -0.025054985657334328, -0.018616214394569397, 0.02446245774626732, 0.004217382520437241, 0.0012690781150013208, -0.01773246005177498, 0.005030354484915733, 0.010508868843317032, -0.02242767997086048, -0.019476860761642456, 0.015122664161026478, -0.02197086066007614, 0.0026891673915088177, 0.025254620239138603, 0.0688641145825386, -0.00744442455470562, -0.062410760670900345, 0.034099821001291275, -0.0008851640741340816, -0.007164599373936653, -0.03786313161253929, -0.011677401140332222, 0.026811042800545692, -0.037578146904706955, 0.029005546122789383, -0.030417300760746002, -0.026025062426924706, 0.0036529547069221735, -0.043453849852085114, 0.015415523201227188, -0.007998492568731308, 0.01992429792881012, -0.026177918538451195, 0.0026018787175416946, -0.011828649789094925, -0.0006379535770975053, -0.043457403779029846, 0.022859036922454834, -0.08085820823907852, 0.0156937837600708, 0.004021305590867996, -0.03337599337100983, -0.03647933155298233, -0.0756341964006424, -0.005362643860280514, -0.016927240416407585, -0.02189190872013569, -0.04077453911304474, 0.00091124715982005, -0.038335371762514114, 0.025926457718014717, -0.026258818805217743, 0.028060024604201317, -0.020355790853500366, -0.057977885007858276, -0.004300067201256752, 0.01613299734890461, -0.014086500741541386, 0.008191901259124279, -0.031341809779405594, 0.01890765130519867, 0.04842356964945793, -0.04877485707402229, -0.04930305480957031, 0.030177630484104156, -0.009058968164026737, -0.014100664295256138, -0.004083841573446989, 0.015377417206764221, 0.005713433958590031, 0.014146678149700165, -0.028357481583952904, -0.0017256189603358507, -0.0053006382659077644, 0.015611455775797367, -0.008081129752099514, -0.03763788565993309, 0.03903260454535484, -0.002813695464283228, -0.029533738270401955, 0.007521565537899733, -0.004313458222895861, 0.014366364106535912, 0.021695423871278763, -0.013752121478319168, -0.02916814386844635, -0.01543754618614912, 0.0008984369924291968, 0.0012229207204654813, 0.011597087606787682, -0.0007208347087725997, 0.0018845846643671393, -0.007377028930932283, 0.02998826466500759, -0.019263936206698418, 0.01878819614648819, 0.04936487227678299, 0.0005668922094628215, 0.0014351571444422007, 0.006199423689395189, -0.006164499092847109, 0.0009203702211380005, -0.020688660442829132, 0.0024364956188946962, 0.0024812640622258186, 0.05762729048728943, 0.026957685127854347, -0.012301459908485413, -0.03142577037215233, -0.015522894449532032, 0.014918471686542034, 0.0066391886211931705, 0.028165288269519806, 0.042051270604133606, 0.004608487710356712, 0.012808549217879772, 0.021685970947146416, -0.015440930612385273, -0.009567814879119396, -0.04112428426742554, 0.00040101769263856113, -0.009660111740231514, 0.020724983885884285, -0.008442346006631851, -0.06251214444637299, 0.08566664904356003, 0.005273058079183102, 0.022405244410037994, -0.03345285356044769, 0.04896796494722366, -0.041144564747810364, 0.032042719423770905, 0.034886617213487625, -0.021700982004404068, -0.054351430386304855, 0.0157310850918293, 0.02121584862470627, 0.017239343374967575, -0.003672185819596052, 0.004700761288404465, -0.049057383090257645, -0.011856868863105774, 0.019049955531954765, 0.05262712389230728, 0.02132304199039936, -0.038804344832897186, -0.009129522368311882, 0.0260903462767601, 0.008647140115499496, 0.032922908663749695, -0.028631053864955902, 0.026694156229496002, 0.015950119122862816, -0.046304672956466675, -0.029365265741944313, 0.03195548802614212, 0.009193251840770245, -0.05338389053940773, -0.0018338399240747094, 0.011977579444646835, 0.038835760205984116, 0.025741465389728546, 0.020917469635605812, 0.028936509042978287, -0.025252973660826683, -0.022900748997926712, -0.021785655990242958, -0.0046904562041163445, 0.026672296226024628, 0.011240067891776562, -0.005961783695966005, 0.021499887108802795, 0.004497102927416563, 0.017685862258076668, 0.005443052854388952, -0.035200975835323334, -0.020921435207128525, 0.040748219937086105, 0.019062170758843422, 0.03752928972244263, -0.016375267878174782, 0.01434258371591568, -0.01891428604722023, -0.01595461368560791, -0.0273688193410635, -0.015410526655614376, 0.0028830368537455797, -0.02152346260845661, -0.025603298097848892, -0.020046643912792206, 0.03111369162797928, -0.03259287029504776, 0.00940406508743763, 0.026088839396834373, -0.022393381223082542, 0.01703706756234169, 0.005330896005034447, -0.06555347889661789, -0.0005115796811878681, -0.03487969934940338, 0.005676249973475933, -0.03040577471256256, 0.03235454112291336, -0.023088259622454643, -0.01412215642631054, -0.01820206455886364, 0.015505277551710606, 0.026529861614108086, 0.11429645121097565, 0.02426164783537388, -0.05801413580775261, 0.03380490839481354, 0.024366606026887894, 0.018197685480117798, -0.042505163699388504, -0.02036188170313835, 0.014369407668709755, 0.015951311215758324, 0.011291258968412876, 0.03876858204603195, -0.02493900991976261, -0.02176201157271862, 0.045161835849285126, -0.008970595896244049, 0.013674315065145493, 0.004155146889388561, -0.026097360998392105, 0.06350152939558029, -0.00564992893487215, -0.03224778175354004, -0.011092566885054111, 0.0296437107026577, 0.016353050246834755, -0.05697087571024895, -0.032468173652887344, -0.02173549309372902, 0.024136051535606384, -0.017872311174869537, -0.020945509895682335, 0.01427906658500433, -0.007264553569257259, 0.02671503648161888, -0.004118465818464756, -0.01290170755237341, -0.027466565370559692, 0.0248499047011137, 0.02121545374393463, 0.01345059648156166, 0.014206061139702797, 0.012448187917470932, 0.025250164791941643, 0.028356676921248436, -0.03283422067761421, -0.022068746387958527, 0.009457429870963097, -0.01056298241019249, -0.024202879518270493, 0.021320922300219536, -0.00163756450638175, -0.013516872189939022, 0.07999145239591599, -0.0018591827247291803, -0.02570505067706108, 0.10069084167480469, 0.011148190125823021, -0.015239955857396126, 0.062252067029476166, 0.04143376648426056, 0.010804388672113419, 0.04854864999651909, -0.034114185720682144, -0.051170267164707184, -0.044575247913599014, 0.02230801247060299, -0.02024194784462452, -0.007969249039888382, -0.020921295508742332, 0.0528576597571373, -0.026672128587961197, -0.019842995330691338, -0.00966645497828722, 0.02786095067858696, -0.16390672326087952, -0.01967375911772251, 0.004799152724444866, -0.0037201002705842257, 0.04012299329042435, 0.030297832563519478, -0.027579791843891144, -0.029891103506088257, -0.023751018568873405, 0.02200957201421261, 0.003665636759251356, -0.051635611802339554, 0.04153283312916756, -0.038419026881456375, 0.03116663172841072, 0.027117827907204628, 0.0014762370847165585, 0.03463374450802803, -0.003582677571102977, -0.013063380494713783, -0.029232695698738098, -0.0064124236814677715, 0.053681064397096634, -0.04743538796901703, 0.008526542223989964, -0.01660848781466484, 0.04703984782099724, 0.05781431868672371, -0.026071805506944656, 0.009829245507717133, -0.007698298431932926, 0.03147471323609352, 0.0073267449624836445, 0.000686171930283308, 0.016905585303902626, 0.021823052316904068, -0.01327512040734291, 0.004577647894620895, 0.003768672002479434, -0.024619627743959427, 0.04568622261285782, 0.05689745768904686, -0.0035632054787129164, -0.0026640736032277346, -0.0018512997776269913, -0.08333820849657059, 0.017546802759170532, -0.020665813237428665, 0.0019107230473309755, -0.030139189213514328, 0.011150742881000042, -0.030782388523221016, -0.02522220090031624, -0.01953701116144657, -0.08417374640703201, 0.017856424674391747, 0.008384781889617443, 0.03372707590460777, 0.010151145048439503, 0.0006346052978187799, -0.030957184731960297, -0.031067460775375366, 0.02473706193268299, -0.014552664011716843, -0.07446016371250153, -0.04147534817457199, 0.032630786299705505, -0.04563556984066963, 0.028483793139457703, -0.023538479581475258, -0.0017656950512900949, 0.03317461907863617, 0.0482146292924881, -0.019115766510367393, -0.016657991334795952, -0.0008473696652799845, 0.043866116553545, 0.04890657961368561, -0.023934271186590195, -0.08247435092926025, 0.018129492178559303, 0.004839284811168909, -0.012781805358827114, 0.04461956396698952, -0.008451220579445362, -0.04856470599770546, 0.009636842645704746, -0.018732627853751183, 0.03415198251605034, 0.24467183649539948, 0.059374209493398666, 0.0032637696713209152, -0.0066279140301048756, 0.06606952100992203, -0.01827012188732624, 0.010309208184480667, 0.03032519295811653, 0.030499542132019997, -0.011401595547795296, 0.013629835098981857, -0.00033221920602954924, -0.01437549851834774, -0.014802806079387665, 0.021257150918245316, -0.031103922054171562, -0.06606820970773697, -0.0008360017091035843, 0.06552433222532272, -0.014958974905312061, 0.048967041075229645, -0.018207449465990067, 0.06466072052717209, -0.01618736982345581, -0.0592474564909935, 0.03658681362867355, -0.030707774683833122, -0.007893264293670654, 0.013773956336081028, 0.024716628715395927, -0.07332608103752136, 0.027126837521791458, 0.04592577740550041, -0.06981975585222244, 0.027278896421194077, -0.05420280247926712, 0.010265771299600601, -0.01331342477351427, -0.006455446593463421, 0.03181622177362442, 0.01641330122947693, 0.0058607300743460655, -0.017234859988093376, 0.01454089768230915, -0.00839653704315424, -0.014595075510442257, 0.00017353783186990768, 0.04133060202002525, 0.024119865149259567, 0.015803759917616844, -0.026766443625092506, -0.03641567379236221, -0.007125023752450943, -0.029078274965286255, -0.05204948037862778, -0.0017385451355949044, -0.008305663242936134, 0.014970595017075539, -0.0185797531157732, 0.06499602645635605, -0.02007102407515049, 0.00848422385752201, -0.00698516983538866, 0.023752767592668533, -0.026601867750287056, 0.03391855210065842, 0.014173190109431744, -0.06324374675750732, 0.06407708674669266, 0.07170021533966064, 0.05590476840734482, 0.028331173583865166, -0.04565058648586273, 0.010800013318657875, 0.04651522636413574, -0.022785216569900513, 0.01636636070907116, -0.011358392424881458, -0.04923179745674133, 0.0083425622433424, -0.07592267543077469, -0.01258681621402502, -0.027736859396100044, 0.0002505910524632782, 0.006991895847022533, 0.0017260753083974123, -0.03913436084985733, 0.050185427069664, -0.014593638479709625, -0.024793364107608795, -0.016302313655614853, 0.023186950013041496, -0.012651719152927399, -0.00039932626532390714, -0.06922393292188644, 0.0328846275806427, 0.01018842589110136, -0.013676728121936321, -0.03464926406741142, -0.023501381278038025, -0.001293224049732089, -0.019472502171993256, -0.019607478752732277, -0.044314056634902954, 0.10516854375600815, -0.026339365169405937, 0.004124140366911888, 0.033231593668460846, -0.013833940029144287, 0.041665032505989075, -0.015486316755414009, 0.03253445029258728, 0.035072825849056244, 0.012108532711863518, -0.010887705720961094, 0.05446998402476311, -0.00157900620251894, 0.03858545422554016, 0.05481072887778282, 0.00699347909539938, -0.03357154130935669, 0.030564378947019577, -0.011115249246358871, 0.01730044186115265, -0.0155330216512084, -0.0699339210987091, 0.0009856059914454818, 0.0332152359187603, -0.042016495019197464, 0.02563314698636532, 0.02704598195850849, -0.03439601510763168, -0.05196724459528923, 0.0069349296391010284, 0.036233000457286835, -0.02673049084842205, 0.005595425609499216, 0.016859056428074837, 0.005691968835890293, -0.012362934648990631, -0.05878106504678726, -0.04265759512782097, -0.02426263876259327, 0.029211362823843956, 0.022691255435347557, 0.0068801771849393845, -0.0005645595374517143, 0.0135391466319561, -0.02945297211408615, 0.02813110128045082, 0.0423114113509655, 0.03663612902164459, 0.032298099249601364, -0.04868081584572792, -0.036521065980196, -0.048574939370155334, -0.011424386873841286, -0.004493816755712032, -0.02440064027905464, 0.01021488755941391, 0.00373258744366467, 0.05241530388593674, 0.018664762377738953, 0.029335038736462593, 0.014070509001612663, 0.005886893253773451, 0.005639956798404455, 0.019321495667099953, -0.04097137227654457, -0.018031178042292595, 0.022740209475159645, -0.03669455647468567, -0.025363286957144737, 0.028622282668948174, -0.030251361429691315, -0.00011143473238917068, -0.0934189036488533, -0.005495821125805378, -0.028113681823015213, -0.0323713943362236, 0.022336766123771667, -0.022293634712696075, -0.03515032306313515, 0.021886097267270088, -0.020596355199813843, -0.0032880897633731365, -0.00835109781473875, -0.01583441160619259, 0.028742454946041107, -0.024077512323856354, -0.015658685937523842, 0.09475069493055344, -0.030622391030192375, -0.021105201914906502, 0.03288909047842026, -0.013883557170629501, 0.06789594888687134, -0.034794922918081284, -0.013719243928790092, -0.033703986555337906, 0.01341217290610075, -0.03529735654592514, 0.00031834564288146794, 0.03038047067821026, -0.03664782643318176, -0.018504396080970764, -0.03683951497077942, 0.04436521232128143, -0.0019425532082095742, -0.006884582340717316, 0.043221186846494675, 0.045914772897958755, -0.04698536917567253, 0.02263333648443222, 0.003366309218108654, -0.023693950846791267, 0.057297155261039734, 0.037120576947927475, -0.012938559986650944, -0.02412891946732998, -0.07202638685703278, -0.0021654178854078054, 0.027825316414237022, -0.025222983211278915, -0.003214554861187935, 0.041832227259874344, 0.03327292576432228, -0.005744497757405043, -0.03552379086613655, -0.03233509138226509, -0.013645271770656109, 0.005280701909214258, 0.02556820958852768, 0.031817641109228134, 0.0027996497228741646, -0.017055170610547066, 0.004541565664112568, 0.02131573110818863, 0.00031179701909422874, -0.048807598650455475, 0.029729079455137253, 0.010359339416027069, 0.0367610938847065, 0.06564881652593613, -0.01917126029729843, 0.003091941587626934, -0.028021425008773804, -0.055809129029512405, -0.004158565308898687, 0.0001966825220733881, 0.0022251948248595, 0.014091252349317074, 0.02498532086610794, -0.024097520858049393, 0.005014009308069944, -0.03469875827431679, -0.024691319093108177, 0.03478647395968437, -0.03581797331571579, -0.005787928123027086, -0.02105034328997135, 0.006425210274755955, -0.0031035884749144316, 0.005689957179129124, -0.015945127233862877, 0.004316797945648432, -0.024444440379738808, -0.039032649248838425, -0.021140145137906075, -0.02945442497730255, 0.02936072088778019, -0.0140279745683074, -0.00417820829898119, -0.03579622134566307, -0.0013563822722062469, 0.003413490252569318, -0.019024716690182686, 0.044807061553001404, 0.027000408619642258, -0.0011116951936855912, -0.012338047847151756, 0.0039162845350801945, 0.02215106226503849, 0.03489674627780914, 0.04225209727883339, 0.015723781660199165, -0.008734853938221931, 0.0001636737579246983, -0.008413294330239296, -0.0445171557366848, 0.020942728966474533, 0.028384273871779442, -0.03904843330383301, -0.010132933966815472, -0.012957888655364513, 0.00769250700250268, -0.05076482519507408, 0.012885875068604946, -0.028997568413615227, -0.0012415223754942417, 0.007984316907823086, -0.014922366477549076, 0.005689288955181837, -0.013667798601090908, -0.013669001869857311, 0.028806278482079506, 0.02200772799551487, 0.015440305694937706, 0.02976035699248314, 0.03060188703238964, 0.02058512344956398, -0.06402921676635742, -0.01052161119878292, 0.05930927023291588, 0.04314818233251572, -0.013025901280343533, 0.06115476414561272, -0.012579938396811485, 0.026540670543909073, -0.0073218378238379955, -0.01568605564534664, -0.0051322877407073975, -0.020077964290976524, -0.04177616909146309, -0.03235168382525444, -0.018174616619944572, 0.01733260229229927, -0.004480566829442978, -0.039997778832912445, 0.0024837953969836235, -0.06392219662666321, -0.01846369355916977, -0.02393188327550888, 0.009637359529733658, 0.029670938849449158, 0.03193878009915352, 0.030039478093385696, -0.01824924349784851, 0.03129920735955238, 0.02903038077056408, 0.006479155737906694, -0.023772386834025383, 0.03844885155558586, -0.02016632631421089, 0.00351600325666368, -0.039349257946014404, -0.006889369338750839, 0.0036590397357940674, -0.017614828422665596, -0.01769634522497654, -0.02575717866420746, -0.02503141574561596, -0.017713993787765503, 0.010067401453852654, -0.02795969881117344, -0.0029382461216300726, 0.009265871718525887, 0.005315891932696104, 0.0026178783737123013, 0.019306737929582596, -0.01597445458173752, 0.027728809043765068, -0.0005092982319183648, -0.01968725211918354, 0.0222140122205019, 0.031542930752038956, 0.02846071496605873, -0.029635101556777954, -0.0040971869602799416, -0.047753795981407166, -0.0010180688695982099, -0.02032485604286194, 0.012248590588569641, 0.029095374047756195, 0.029139701277017593, 0.02854468673467636, -0.030101800337433815, 0.0087860357016325, 0.007936622947454453, 0.029520932585000992, -0.014137990772724152, -0.037735383957624435, 0.0011819869978353381, -0.029401371255517006, 0.03816777095198631, -0.002345780376344919, -0.007767453324049711, -0.02213272638618946, 0.023834187537431717, 0.03729115054011345, 0.016328049823641777, 0.015047641471028328, -0.005338198039680719, -0.009841992519795895, -0.14867891371250153, -0.0018694900209084153, -0.024576904252171516, 0.02290607988834381, -0.03406252712011337, -0.016616210341453552, -0.02939465641975403, -0.014820319600403309, 0.008619372732937336, -0.07351884245872498, -0.01928272470831871, -0.09354183822870255, 0.03280520811676979, -0.027213286608457565, 0.02992231957614422, 0.010909290052950382, 0.009217457845807076, 0.010538381524384022, -0.006970786489546299, -0.0039634015411138535, 0.0046134693548083305, -0.007513368036597967, -0.020830534398555756, 0.03743061050772667, 0.018017884343862534, -0.011549719609320164, 0.02458300068974495, -0.0206418689340353, -0.004535701125860214, -0.07227188348770142, 0.027122758328914642, 0.0030027630273252726, -0.00018362890114076436, 0.020937373861670494, 0.014678684063255787, 0.014532350935041904, 0.008903701789677143, 0.00952934566885233, -0.02888733334839344, 0.022209592163562775, 0.016708331182599068, 0.013826822862029076, -0.017901593819260597, 0.006097760982811451, -0.0043539851903915405, 0.027877040207386017, 0.01937006786465645, -0.010311998426914215, -0.01785227656364441, 0.045338284224271774, 0.009264674037694931, 0.02030649594962597, -0.04636974632740021, 0.030185412615537643, 0.01576477475464344, -0.01337946206331253, -0.03396899253129959, 0.011339514516294003, -0.03931782767176628, 0.0472690723836422, -0.03570328280329704, 0.011081288568675518, -0.02342798002064228, -0.035477202385663986, 0.018149908632040024, 0.005773888435214758, -0.0767599567770958, -0.020604120567440987, 0.00011241156607866287, -0.031945452094078064, 0.0012699547223746777, -0.00034159247297793627, -0.015150626190006733, -0.05051045119762421, 0.011793031357228756, -0.01619606278836727, 0.03399544954299927, 0.0059260716661810875, -0.01270151138305664, 0.008665713481605053, -0.03965424746274948, -0.012390824034810066, -0.010141013190150261, 0.0400034599006176, 0.05689648911356926, -0.03025641292333603, 0.0026506574358791113, 0.01350618526339531, -0.023655451834201813, -0.019270315766334534, -0.09588939696550369, -0.019279250875115395, 0.02227364480495453, 0.021270353347063065, -0.018891217187047005, 0.043229952454566956, 0.03441758081316948, 0.004286961629986763, 0.03531493991613388, -0.022619031369686127, -0.030776267871260643, -0.018240325152873993, 0.003534945659339428, 0.006884511560201645, -0.038368839770555496, 0.06659547984600067, 0.03333713486790657, -0.007240892853587866, 0.013372802175581455, -0.02934776060283184, -0.0035250061191618443, 0.024315420538187027, -0.03889843076467514, -0.002794364234432578, -0.040262579917907715, -0.03417817875742912, 0.03131508827209473, 0.030300479382276535, -0.0410759411752224, 0.029772216454148293, 0.02258070558309555, -0.039504192769527435, -0.010882160626351833, -0.022432472556829453, 0.023465221747756004, 0.03451910242438316, 0.019584350287914276, 0.026623273268342018, -0.014490332454442978, -0.01623275689780712, 0.027987096458673477, -0.054548680782318115, -0.00022303112200461328, -0.005996172782033682, -0.009885604493319988, -0.0036223353818058968, -0.0014610814396291971, 0.04674213379621506, -0.06650985777378082, 0.011305181309580803, -0.016148163005709648, -0.008868230506777763, 0.021071111783385277, -0.007821246981620789, 0.011926112696528435, -0.010551057755947113, 0.012863940559327602, 0.006898158695548773, -0.001692321733571589, -0.037716180086135864, 0.007671722676604986, -0.009483910165727139, -0.002812161110341549, 0.03541705012321472, -0.00775350583717227, -0.02855176292359829, -0.017609378322958946, -0.00626422418281436, 0.02284565009176731, 0.0188963171094656, -0.006579433102160692, -0.048591043800115585, -0.010605208575725555, -0.022473491728305817, -0.013047902844846249, 0.004847727715969086, -0.027953727170825005, 0.006897971965372562, 0.0026919932570308447, -0.016599928960204124, -0.010306362994015217, 0.010986180044710636, -0.03509830683469772, 0.013321643695235252, 0.02354813739657402, 0.027045516297221184, 0.0019069785485044122, 0.0044298856519162655, 0.04882345348596573, 0.015510977245867252, 0.03461115062236786, -0.019608421251177788, 0.02885790355503559, 0.033146340399980545, 0.03563186153769493, 0.006360508501529694, -0.006558514200150967, 0.040608808398246765, 0.02092631906270981, 0.004906101152300835, -0.027807559818029404, -0.03298771008849144, 0.0026762315537780523, 0.007083997130393982, 0.031337153166532516, 0.06380031257867813, 0.005247535649687052, -0.02784314751625061, 0.0455290824174881, 0.0027295697946101427, -0.008317752741277218, 0.003133493009954691, 0.003295435570180416, -0.022992495447397232, -0.040999848395586014, 0.026633121073246002, -0.027864592149853706, -0.025428079068660736, -0.01488633081316948, 0.021230168640613556, 0.0002086069725919515, 0.03241341561079025, 0.038735006004571915, 0.022506648674607277, -0.04899997264146805, -0.04082673415541649, 0.029641086235642433, 0.03282301127910614, 0.00039780049701221287, 0.010749262757599354, 0.03650207817554474, 0.014263251796364784, 0.011320103891193867, -0.05365598946809769, -0.04510337486863136, 0.014978686347603798, -0.017488980665802956, 0.010038563050329685, 0.012382999062538147, 0.027473362162709236, -0.02836892008781433, -0.014351564459502697, -0.03239358961582184, 0.00037034539855085313, 0.018449299037456512, 0.025245800614356995, -0.03185955435037613, -0.008926802314817905, -0.02221749722957611, -0.0033491686917841434, 0.026981059461832047, -0.013393417000770569, 0.0076097301207482815, 0.03166193887591362]",,
15_1_0_errors_invalid_script_mdx_section_2_code_1,code_snippet,15_1_0_errors_invalid_script_mdx_section_2,Possible Ways to Fix It - code_1,,"{'programming_language': 'jsx', 'filename': None, 'switcher': False}",15.1.0,,"<Script src=""https://example.com/analytics.js"" />
","[(np.int64(7), np.float64(0.12712734937667847)), (np.int64(86), np.float64(0.1660793274641037)), (np.int64(425), np.float64(0.2767680883407593)), (np.int64(438), np.float64(0.1524071842432022)), (np.int64(1647), np.float64(0.1901482194662094))]",,"[-0.057301077991724014, 0.014413516037166119, -0.06530019640922546, 0.029824180528521538, -0.03326602652668953, 0.002449982799589634, 0.014364386908710003, 0.017723921686410904, -0.023676956072449684, 0.009168200194835663, 0.02148817479610443, 0.017157286405563354, -0.004023915156722069, -0.0020517176017165184, 0.028269607573747635, -0.04037599265575409, 0.03768075630068779, 0.002532346174120903, 0.03768257424235344, -0.02481209486722946, -0.05680867284536362, 0.03410209342837334, -0.0005272833514027297, 0.002345007611438632, -0.002761166775599122, 0.024761077016592026, -0.0354837104678154, -0.015150136314332485, -0.003395610023289919, 0.015713747590780258, 0.04606255888938904, -0.0199806559830904, 0.03380323201417923, -0.030101826414465904, -0.02551206201314926, -0.015950938686728477, -0.03757772594690323, -0.020758530125021935, -0.0426584929227829, 0.028966525569558144, 0.015425218269228935, 0.011147222481667995, -0.027414551004767418, -0.06595887988805771, 0.04097387567162514, -0.0183815136551857, 0.01435394398868084, -0.011988097801804543, 0.0007563569233752787, 0.03480778634548187, -0.008936300873756409, -0.01748444326221943, 0.062537781894207, -0.01979670114815235, 0.0667029544711113, -0.0035494216717779636, -0.022578902542591095, -0.02152859978377819, -0.040019579231739044, 0.011426562443375587, -0.04180772230029106, -0.017037445679306984, -0.044653523713350296, 0.00632726214826107, 0.016445999965071678, 0.0568811371922493, 0.032150428742170334, 6.603805377380922e-05, -0.03231480345129967, 0.00715780770406127, -0.008328787051141262, 0.03796689212322235, -0.007277727127075195, 0.015438901260495186, -0.061815664172172546, 0.004580916836857796, 0.04729507863521576, 0.012359261512756348, 0.022136928513646126, 0.017496582120656967, 0.010460586287081242, -0.04019581899046898, 0.03422175347805023, 0.012449147179722786, -0.023967090994119644, 0.04594643786549568, -0.01751706749200821, -0.0024871111381798983, 0.0035749359522014856, 0.0416715070605278, 0.006100376136600971, -0.021847788244485855, 0.021284153684973717, -0.02989053912460804, -0.009898370131850243, -0.036290209740400314, 0.009450027719140053, 0.03465811163187027, 0.030738361179828644, 0.033762041479349136, 0.05320190638303757, -0.01078583113849163, 0.0007819415768608451, -0.0432860441505909, 0.024369271472096443, -0.005464012268930674, -0.0014381889486685395, -0.009782848879694939, 0.015049448236823082, -0.0052747707813978195, -0.019100287929177284, 0.03706344589591026, -0.0011797357583418489, 0.03363550826907158, -0.0029663732275366783, -0.008006320334970951, -0.0011739477049559355, 0.03914734721183777, -0.013535916805267334, -0.0006513221887871623, 0.02656472474336624, 0.04280810430645943, 0.06009221822023392, -0.05433116480708122, 0.017569588497281075, -0.0033610097598284483, -0.01832260563969612, 0.025670845061540604, -0.010302298702299595, -0.002109054010361433, 0.005080175120383501, 0.009242740459740162, -0.010273367166519165, 0.02227332815527916, -0.023948470130562782, 0.004268197808414698, 0.029707271605730057, 0.02659534104168415, 0.01515117846429348, -0.07440192252397537, 0.048048235476017, 0.03477870672941208, 0.00437173992395401, -0.04515700414776802, 0.03660367429256439, -0.026516977697610855, 0.04314294829964638, 0.01653684675693512, 0.004603335168212652, -0.047452520579099655, -0.05496858432888985, -0.005233075004070997, 0.025850854814052582, -0.004540776833891869, -0.016291296109557152, 0.002652594819664955, -0.009799179621040821, 0.015864836052060127, -0.037977565079927444, 0.0327119454741478, 0.012739108875393867, -0.023809418082237244, 0.0072250510565936565, -0.017104892060160637, 0.011309036053717136, 0.007305827923119068, 0.03655156493186951, -0.0099495155736804, 0.0036960404831916094, -0.0004062331863678992, 0.017625950276851654, -0.04790041223168373, 0.009859791956841946, -0.006118962541222572, -0.0007110479054972529, 0.011165274307131767, 0.06284987181425095, 0.016332397237420082, 0.004293154459446669, -0.027442025020718575, -0.016810379922389984, 0.001122834044508636, -0.017161937430500984, 0.007085822522640228, -0.03791661933064461, 0.024695996195077896, 0.009810189716517925, -0.01635010913014412, 0.022268522530794144, -0.009839294478297234, -0.042148370295763016, -0.03825274854898453, 0.06213488429784775, -0.029049931094050407, 0.06484710425138474, -0.01758047752082348, 0.014573434367775917, 0.02062086947262287, 0.021663019433617592, -0.016899652779102325, 0.018249934539198875, -0.022058628499507904, -0.0014512629713863134, -0.022546233609318733, -0.022007768973708153, -0.00826586876064539, -0.006990981753915548, -0.01542110275477171, 0.020326508209109306, -0.0193377286195755, -0.04053906351327896, 0.0018156379228457808, -0.03155149519443512, -0.003121996996924281, -0.03706137463450432, 0.013117073103785515, -0.026531724259257317, 2.6824902306543663e-05, -0.026944026350975037, -0.009114219807088375, 0.01826559752225876, 0.02546219900250435, -0.011406974866986275, 0.030396727845072746, 0.014748118817806244, -0.02470848709344864, 0.020911969244480133, 0.04348006844520569, 0.05920622497797012, -0.04276907816529274, 0.006838766857981682, -0.0410064235329628, 0.026182083413004875, -0.015884680673480034, 0.04551686346530914, -0.024826599285006523, -0.009780949912965298, 0.0026053667534142733, 0.05277639254927635, -0.018753299489617348, -0.0024327081628143787, -0.029946301132440567, 0.05463043227791786, -0.023249678313732147, -0.07095461338758469, -0.046078722923994064, -0.005052944645285606, 0.043497927486896515, -0.015331038273870945, -0.006973416544497013, 0.012598248198628426, -0.015235417522490025, -0.05293721333146095, 0.025850748643279076, 0.008625835180282593, 0.009066009894013405, -0.004255618434399366, -0.011001333594322205, -0.03851153701543808, -0.011007878929376602, -0.006573508959263563, -0.011710675433278084, -0.02967762015759945, 0.013107424601912498, 0.015578093938529491, -0.024917392060160637, -0.025781212374567986, -0.030952734872698784, 0.00568632036447525, 0.024613941088318825, -0.03750324249267578, -0.02244247868657112, 0.01405292097479105, -0.013592409901320934, -0.004921564366668463, 0.03049035742878914, -0.003287118161097169, -0.006687551271170378, 0.12139178812503815, -0.013248995877802372, -0.01785615086555481, 0.016404898837208748, 0.06337685883045197, 0.04665439575910568, 0.06914737075567245, -0.02583400532603264, 0.013092798180878162, -0.038111746311187744, 0.0011294417781755328, -0.053643785417079926, -0.020875174552202225, -0.0024350362364202738, 0.06389051675796509, -0.016832023859024048, -0.013004210777580738, 0.028121283277869225, 0.012265443801879883, -0.1527690887451172, -0.027463829144835472, 0.024320516735315323, 0.03880753740668297, 0.015505877323448658, 0.006867049261927605, 0.004571327939629555, -0.026515357196331024, 0.041736505925655365, 0.018518852069973946, -0.038572363555431366, -0.0682784765958786, 0.024943187832832336, -0.04339263215661049, -0.022776618599891663, 0.007599988020956516, -0.0031052646227180958, -0.005757149308919907, -0.002041602972894907, -0.03675105422735214, -0.01723308302462101, -0.012159980833530426, 0.033753231167793274, -0.007717410568147898, -0.0032035009935498238, -0.01945846527814865, 0.004052627366036177, 0.03438209742307663, 0.02411842532455921, 0.028617719188332558, -0.007821628823876381, -0.03160376101732254, -0.016854502260684967, -0.020564479753375053, 0.02218042127788067, 0.025927390903234482, 0.00506950868293643, -0.010946301743388176, -0.002473942469805479, -0.0400591678917408, 0.0031610089354217052, 0.017410069704055786, -0.026256872341036797, 0.018156178295612335, -0.0037973374128341675, -0.054038021713495255, -0.009235164150595665, 0.011374753899872303, -0.01798073761165142, -0.004786094184964895, -0.016087079420685768, -0.026241207495331764, 0.00869322195649147, 0.03541095554828644, -0.02810313180088997, 0.026861149817705154, 0.022650474682450294, 0.0507773756980896, -0.03264165669679642, 0.017396405339241028, -0.0045996918343007565, -0.04156488925218582, 0.055169906467199326, -0.019322728738188744, 0.008654464967548847, -0.03490958735346794, 0.03344681113958359, -0.002737071830779314, 0.02418072335422039, -0.019471874460577965, 0.029173051938414574, -0.007719657849520445, 0.010881531983613968, 0.0030384641140699387, -0.014225136488676071, 0.020189326256513596, 0.023673223331570625, -0.026764580979943275, 0.008960941806435585, -0.10355593264102936, -0.027557803317904472, 0.015397137962281704, -0.03237026929855347, 0.034785546362400055, -0.012845336459577084, -0.01311542745679617, 0.009938161820173264, -0.019018197432160378, 0.020008495077490807, 0.2404724657535553, 0.006167263258248568, 0.0256942231208086, 0.028116406872868538, 0.04081107676029205, 0.002357308054342866, -0.014906144700944424, 0.003272790228947997, -0.01044328324496746, -0.04030092433094978, -0.027132295072078705, 0.011170955374836922, -0.02819579467177391, -0.018298005685210228, -0.003737185150384903, 0.005558257922530174, -0.04258212074637413, 0.013427085243165493, 0.09638329595327377, 0.0053749894723296165, 0.019009949639439583, -0.03876820206642151, 0.02602231875061989, 0.03291165456175804, -0.06751585751771927, -0.022762417793273926, -0.0014365975512191653, 0.008655937388539314, -0.011524554342031479, 0.02572084777057171, 0.021740589290857315, 0.03288770839571953, 0.06260921061038971, 0.0045913588255643845, -0.0002053198404610157, -0.017913026735186577, 0.0611647367477417, -0.03606585040688515, -0.01811900921165943, 0.02745741978287697, -0.055427465587854385, -0.019597193226218224, -0.04898699000477791, 0.03308543190360069, 0.0003138063184451312, -0.017099490389227867, 0.017343448475003242, 0.0008561073336750269, -0.014249109663069248, -0.041046109050512314, -0.002140685450285673, -0.025760067626833916, 0.006096512079238892, 0.006066748406738043, 0.0012544678756967187, -0.011728092096745968, -0.017486877739429474, 0.027687080204486847, -0.019491394981741905, 0.019300198182463646, 0.020348625257611275, 0.028979241847991943, 0.0010148370638489723, 0.0051971557550132275, -0.02330251783132553, 0.0064902277663350105, 0.03506247326731682, -0.05217248201370239, 0.010419853031635284, 0.05774853751063347, -0.0037677683867514133, 0.02097161114215851, 0.005944323260337114, -0.013110917992889881, -0.02556615136563778, -0.0031367065384984016, 0.005811587907373905, 0.02041969820857048, -0.028782274574041367, 0.0055953641422092915, -0.013805643655359745, 0.014325052499771118, -0.013051222078502178, -0.0012503695907071233, 0.004586809780448675, -0.032886289060115814, -0.03737920895218849, 0.059078242629766464, -0.0208816509693861, 0.004744778852909803, 0.013141169212758541, 0.023517116904258728, -0.029618361964821815, 0.027629900723695755, -0.0007766401395201683, 0.012626889161765575, -0.010405280627310276, 0.012942621484398842, -0.03323889151215553, 0.04111295938491821, -0.04362925887107849, 0.007906182669103146, -0.006647350266575813, -0.013926700688898563, 0.05663176625967026, -0.042044658213853836, -0.015319070778787136, 0.0222775936126709, 0.013438682071864605, 0.014507479034364223, -0.038010455667972565, 0.011037098243832588, 0.045626524835824966, -0.04240195080637932, -0.05211902782320976, 0.05549614131450653, -0.0061875865794718266, -0.0047285836189985275, 0.020377933979034424, 0.035426199436187744, -0.014664743095636368, -0.02335638739168644, -0.011597000062465668, -0.0008764357771724463, -0.009088610298931599, -0.010632737539708614, -0.029883744195103645, 0.035100147128105164, 0.002811962505802512, 0.028319453820586205, 0.008076389320194721, -0.023465484380722046, 0.02330194227397442, 0.04352492094039917, 0.01567739248275757, 0.00841562170535326, 0.04140469431877136, 0.044191859662532806, -0.004407897125929594, 0.04646836593747139, -0.04289386793971062, -0.023030133917927742, 0.011411268264055252, 0.014125884510576725, 0.011856825090944767, 0.03757089376449585, -0.0006257537752389908, 0.01189336460083723, 0.003305441699922085, 0.03481637313961983, 0.057091303169727325, 0.003104577539488673, 0.009552751667797565, -0.03610958158969879, -0.013319500721991062, -0.03251880407333374, -0.013665404170751572, 0.004302665125578642, -0.018245097249746323, -0.0335153192281723, 0.029248971492052078, 0.013398656621575356, -0.024534188210964203, 0.05029319226741791, -0.03151627629995346, 0.020062550902366638, 0.007613723631948233, 0.009126774966716766, 0.026627982035279274, -0.03307541459798813, -0.010885958559811115, -0.023252135142683983, -0.08331138640642166, 0.027834059670567513, -0.010772339068353176, -0.027973273769021034, -0.1013564020395279, -0.029298294335603714, -0.04217328503727913, -0.02249728888273239, 0.027557164430618286, -0.06515419483184814, -0.04682612419128418, 0.03174519166350365, 0.0002526355965528637, 0.055977895855903625, -0.017337054014205933, 0.0033924642484635115, 0.026760002598166466, -0.030707387253642082, -0.025787757709622383, 0.12108883261680603, -0.011662565171718597, -0.04737767204642296, -0.01970423012971878, -0.03323713690042496, 0.032821767032146454, 0.004309507552534342, 0.019695095717906952, 0.0069428700953722, -0.004560444969683886, -0.005577547010034323, -0.04268014058470726, -0.03754442557692528, 0.012868053279817104, -0.036734167486429214, -0.03222397714853287, 0.005067645572125912, 0.0025596260093152523, 0.01105169765651226, 0.003484458662569523, 0.013175074942409992, 0.0009028475033119321, -0.007500482723116875, 0.010961600579321384, -0.026138849556446075, 0.07528731226921082, -0.017437705770134926, -0.01667165569961071, -0.005331205669790506, -0.023893967270851135, -0.03155642747879028, 0.012513788416981697, -0.04216049611568451, 0.007916761562228203, -0.047202158719301224, -0.014358000829815865, 0.00983710028231144, 0.031886063516139984, 0.04194796085357666, -0.0017284166533499956, -0.0021292511373758316, 0.05423221364617348, 0.02235698327422142, -0.01617399789392948, 0.03379904478788376, 0.02223823219537735, 0.004566574934870005, 0.0024789704475551844, -0.03848085552453995, -0.003206908470019698, -0.01692201942205429, 0.025319388136267662, 0.0657719075679779, -0.002636253833770752, 0.008940111845731735, 0.02118661068379879, 0.001919094007462263, 0.008101928979158401, -0.04531599581241608, -0.05023574456572533, 0.002381332451477647, 0.02347555011510849, -0.03024553880095482, 0.021102219820022583, 0.03826732188463211, -0.03183529153466225, 0.01598145253956318, -0.03382125496864319, 0.03636359050869942, -0.023884814232587814, 0.02315785363316536, -0.00879537221044302, -0.01082588080316782, -0.05448714643716812, -0.03301902487874031, 0.029380692169070244, -0.036250654608011246, -0.037252940237522125, -0.038018811494112015, -0.03061809204518795, 0.02713768184185028, -0.05904698744416237, -0.010071425698697567, 0.05316111445426941, 0.03228984400629997, -0.02887040190398693, -0.016897927969694138, 0.0034202104434370995, -0.004628821276128292, -0.07672030478715897, 0.04653071612119675, 0.0277862548828125, 0.003382527967914939, -0.005321238189935684, 0.0237474013119936, 0.017222005873918533, 0.00863659754395485, -0.00804794579744339, -0.08319250494241714, -0.021083258092403412, -0.02914489060640335, -0.06720351427793503, -0.0009446123149245977, 0.0021916842088103294, -0.007406868971884251, -0.04175042361021042, 0.07751699537038803, -0.0034072971902787685, 0.029266051948070526, -0.00492117227986455, -0.01573200337588787, 0.009552286937832832, -0.02200140617787838, -0.005592945963144302, 0.03731418773531914, -0.019798818975687027, -0.07998635619878769, 0.031187495216727257, -0.005917069967836142, -0.04142574593424797, -0.032786399126052856, 0.029571017250418663, 0.08682416379451752, 0.01696757972240448, -0.011097032576799393, 0.07763493806123734, -0.008635973557829857, 0.005159522406756878, 0.007177694700658321, -0.008246622048318386, -0.03282412886619568, -0.015206770040094852, 0.022578783333301544, -0.03292953968048096, -0.02204640582203865, 0.029767829924821854, 0.006978659890592098, -0.023858319967985153, -0.051673486828804016, -0.01866547390818596, 0.017933841794729233, -0.017429793253540993, -0.03180805221199989, 0.012120368890464306, -0.003607594408094883, 0.006569596007466316, -0.03493746370077133, -0.011241833679378033, 0.0226723812520504, 0.034235551953315735, 0.006567742209881544, 0.06090635806322098, -0.034083232283592224, -0.0023455771151930094, -0.006297877989709377, -0.014915288425981998, -0.03287453576922417, -0.039937615394592285, -0.006927242036908865, -0.002371004782617092, 0.014539439231157303, -0.052477508783340454, -0.04078947752714157, -0.02207465097308159, 0.0071201384998857975, -0.021591635420918465, 0.009981230832636356, 0.03376925364136696, 0.02027781866490841, -0.019394243136048317, 0.06005055457353592, -0.06933675706386566, -0.0033818248193711042, 0.007695728447288275, 0.03675178438425064, -0.013763745315372944, 0.028987733647227287, -0.015217499807476997, -0.003978140652179718, 0.01305795181542635, 0.03852375969290733, -0.004486377350986004, -0.0123885003849864, -0.03389931470155716, 0.07088585942983627, -0.033675890415906906, 0.050636399537324905, 0.0024950106162577868, -0.01227636355906725, -0.004412473179399967, -0.02595381811261177, -0.009923422709107399, -0.058885179460048676, -0.015728775411844254, -0.027733974158763885, 0.0047513945028185844, 0.006268054246902466, 0.02614416368305683, 0.017090238630771637, -0.0068187289871275425, 0.0212626364082098, 0.01535982359200716, 0.00830176193267107, -0.1668005883693695, -0.017490794882178307, -0.0534464456140995, 0.0006835259264335036, -0.041118815541267395, -0.012846925295889378, -0.009620845317840576, -0.07949487864971161, -0.00876916479319334, 0.002686963649466634, 0.006348066031932831, 0.007217220030725002, -0.019730884581804276, -0.03762361407279968, 0.011287730187177658, 0.009081942960619926, 0.013736437074840069, -0.012459673918783665, -0.04188205674290657, 0.03440062329173088, 0.01021075714379549, -0.0034005120396614075, 0.01663043163716793, 0.023521559312939644, -0.019202349707484245, -0.0063454871997237206, 0.007158881984651089, 0.022461963817477226, -0.030248597264289856, 0.000604068161919713, 0.03324664384126663, -0.05494416505098343, 0.011796846985816956, 0.05390695482492447, 0.043799031525850296, -0.008826810866594315, -0.003273898037150502, 0.018065040931105614, -0.005761167965829372, 0.02972433529794216, 0.018966322764754295, 0.028853289783000946, -0.010828311555087566, 0.014974738471210003, 0.060015615075826645, 0.020781492814421654, 0.015394214540719986, -0.02203276939690113, -0.010990500450134277, 0.019946787506341934, -0.012802999466657639, 0.013251411728560925, -0.010567991062998772, 0.024644026532769203, 0.0018144509522244334, -0.012219782918691635, 0.01437089592218399, 0.014800850301980972, -0.05094492435455322, 0.05745987594127655, 0.022796543315052986, 0.00843258947134018, -0.026623893529176712, -0.06544031202793121, -0.016772696748375893, 0.028768811374902725, -0.07520727068185806, 0.008438793011009693, -0.03190469741821289, -0.015434975735843182, -0.015127284452319145, -0.028676949441432953, 0.025613097473978996, -0.04469634220004082, 0.01760115474462509, 0.014462639577686787, 0.0018388768658041954, 0.005977288354188204, -0.04813330993056297, -0.03846108540892601, -0.009462978690862656, -0.00936428178101778, -0.02795846201479435, 0.06856787204742432, 0.002340142149478197, 0.029408762231469154, -0.009279054589569569, 0.024477003142237663, -0.08674661070108414, -0.021109841763973236, -0.04804251715540886, -0.03607398644089699, -0.04754849895834923, 0.02733682282269001, -0.005745843518525362, 0.05170677974820137, -0.009591744281351566, 0.01505248248577118, 0.031522445380687714, 0.01599814184010029, 0.008354149758815765, -0.03659772500395775, 0.021970394998788834, -0.00605035200715065, -0.02176574617624283, 0.04836343601346016, 0.03439703583717346, -0.002502200659364462, 0.008672773838043213, 0.00629334757104516, -0.07645050436258316, 0.014914755709469318, -0.008700290694832802, 0.0288553424179554, -0.09391820430755615, -0.012268872931599617, 0.03323997184634209, 2.816626147250645e-05, -0.008388293907046318, -0.012867781333625317, 0.023482512682676315, -0.03130408003926277, 0.028562817722558975, -0.016992034390568733, 0.036186300218105316, 0.05769459530711174, 0.023206353187561035, 0.060235634446144104, -0.03462030366063118, 0.0032588341273367405, 0.001435640500858426, -0.027441518381237984, 0.032761938869953156, 0.00028773382655344903, 0.015442085452377796, -0.013191184028983116, -0.06765851378440857, 0.034515656530857086, -0.03550868481397629, -0.014561377465724945, -0.01705055683851242, -0.00978026818484068, -0.010274381376802921, -0.04441797733306885, 0.021448012441396713, 0.038491785526275635, 0.0492437481880188, -0.032082028687000275, 0.013259116560220718, -0.021113833412528038, 0.004460603464394808, 0.004790176171809435, -0.0025403203908354044, 0.035184260457754135, -0.03251110762357712, -0.020135728642344475, -0.006673010531812906, -0.0014102092245593667, -0.010422633029520512, 0.002298869891092181, -0.011755992658436298, -0.04928752779960632, -0.021596314385533333, -0.005212436895817518, -0.005094591528177261, -0.0030195412691682577, -0.013614702969789505, -0.0014016462955623865, 0.005858216900378466, 0.03857085853815079, -0.002099113306030631, 0.010907323099672794, -0.04048547148704529, -0.03104713186621666, 0.02917371690273285, -0.027779122814536095, 0.002322188578546047, -0.0005422731628641486, 0.01122685894370079, -0.022858407348394394, 0.022687258198857307, 0.0002721060300245881, 0.018891962245106697, 0.02410440891981125, 0.021144792437553406, 0.026185795664787292, -0.011078069917857647, -0.015985747799277306, 0.05782892927527428, 0.0008407721179537475, 0.004026154987514019, -0.010892203077673912, 0.006072473246604204, -0.005205963272601366, 0.010941054672002792, 0.03743220493197441, -0.001695802086032927, 0.02592908777296543, 0.019830383360385895, 0.04170200973749161, -0.0031484831124544144, 0.007237756159156561, 0.023076171055436134, -0.01954868994653225, -0.009288887493312359, -0.04642697796225548, 0.01361132599413395, 0.01893029361963272, -0.010890189558267593, 0.043515224009752274, 0.006206701975315809, -0.0011129819322377443, 0.009700095281004906, 0.011561524122953415, 0.021893760189414024, -0.025883648544549942, 0.0507267564535141, 0.019517216831445694, -0.02024247869849205, -0.0008349355775862932, -0.0013066078536212444, 0.028794564306735992, -0.004774259869009256, 0.0001923154923133552, 0.009955920279026031, 0.0345197394490242, -0.02186332456767559, 0.019195562228560448, 0.01583901420235634, -0.004486567340791225, -0.01597548834979534, -0.025562833994627, -0.015409032814204693, 0.034386277198791504, 0.020755156874656677, 0.010279163718223572, 0.017373181879520416, 0.00043430490768514574, -0.03645102679729462, -0.06231866776943207, -0.003462467109784484, 0.021156469359993935, -0.019325315952301025, -0.04051642119884491]",
15_1_0_errors_invalid_script_mdx_section_2_code_2,code_snippet,15_1_0_errors_invalid_script_mdx_section_2,Possible Ways to Fix It - code_2,,"{'programming_language': 'jsx', 'filename': None, 'switcher': False}",15.1.0,,"<Script id=""show-banner"">
  {`document.getElementById('banner').classList.remove('hidden')`}
</Script>
","[(np.int64(7), np.float64(0.12712734937667847)), (np.int64(86), np.float64(0.1660793274641037)), (np.int64(425), np.float64(0.2767680883407593)), (np.int64(438), np.float64(0.1524071842432022)), (np.int64(1647), np.float64(0.1901482194662094))]",,"[-0.0335669182240963, -0.0036304437089711428, -0.0005134431412443519, -0.02021014876663685, -0.024456676095724106, 0.0013915831223130226, 0.023249980062246323, 0.026691999286413193, -0.014224858023226261, -0.006133577320724726, -0.010332096368074417, -0.0050303819589316845, -0.05654070898890495, -0.0064450702629983425, -0.0023262505419552326, -0.008289420045912266, 0.03220698982477188, 0.03221581131219864, 0.049433063715696335, -0.0051327054388821125, -0.059257879853248596, -0.0053274668753147125, -0.006505708675831556, 0.026940131559967995, 0.03675003722310066, 0.013033125549554825, -0.006310772150754929, 0.003198320046067238, -0.01684429496526718, -0.02943299524486065, 0.029576005414128304, -0.03861313313245773, -0.019791604951024055, -0.033518534153699875, 0.005759014282375574, -0.0001925731630763039, 0.0005093871732242405, 0.02244597114622593, -0.034005604684352875, 0.01773037388920784, -0.007388991769403219, 0.05150200426578522, 0.014930779114365578, -0.06834838539361954, 0.037164125591516495, -0.0067189414985477924, 0.015734141692519188, -0.005964171607047319, -0.03699524328112602, 0.013826534152030945, 0.004231266677379608, 0.013747142627835274, 0.06460203975439072, -0.032096017152071, 0.04498666524887085, -0.03836574777960777, 0.008730120956897736, 0.04178609326481819, -0.02659403160214424, -0.040421053767204285, -0.03499230369925499, -0.005143073853105307, -0.04093211889266968, -0.00457574799656868, 0.0557183139026165, 0.038302574306726456, -0.01922633871436119, 0.01778550073504448, -0.03469960764050484, -0.0029960626270622015, -0.012386808171868324, 0.01789439655840397, -0.018814459443092346, -0.035723499953746796, -0.041689205914735794, -0.004916044883430004, 0.05525670573115349, 0.041794855147600174, 0.009713252075016499, 0.0063987188041210175, 0.013372051529586315, -0.015593985095620155, -0.00545034883543849, 0.028517574071884155, -0.03307206183671951, 0.001972297439351678, 0.026854204013943672, 0.03542961925268173, 0.02674827165901661, 0.040610142052173615, -0.017892444506287575, -0.01665567420423031, 0.0471029058098793, -0.04013553261756897, 0.0028752218931913376, -0.057920098304748535, 0.07041001319885254, 0.04090806096792221, 0.032847270369529724, 0.021289903670549393, 0.022141117602586746, -0.015847178176045418, 0.06168217211961746, -0.012433587573468685, 0.0028223905246704817, -0.012825017794966698, 0.03378888592123985, 0.01708209700882435, 0.034653838723897934, -0.0121585913002491, 0.02726936899125576, 0.010879904963076115, 0.04004695639014244, 0.03487355262041092, -0.012168161571025848, 0.03029516525566578, -0.03417250141501427, -0.029827848076820374, -0.02231036312878132, 0.010073014535009861, 0.015575869008898735, -0.014765535481274128, 0.023925641551613808, -0.04926880821585655, 0.05783749371767044, -0.0054662711918354034, 0.02520810440182686, 0.032158929854631424, -0.03230773285031319, 0.02252434380352497, -0.0021455634851008654, -0.0007250786875374615, -0.009529474191367626, 0.03826163336634636, -0.02702387049794197, 0.00892962422221899, 0.020943164825439453, -0.012441704049706459, 0.011152452789247036, -0.03390081599354744, 0.006244739517569542, 0.02297728694975376, -0.018439751118421555, -0.052353911101818085, 0.039736852049827576, -0.03470369055867195, 0.060896556824445724, 0.01584140583872795, 0.005971514619886875, -0.04121769964694977, -0.050373293459415436, 0.04949451610445976, -0.00751918088644743, -0.06426350027322769, 0.07559546083211899, -0.017143256962299347, -0.033071085810661316, -0.01932111196219921, -0.02137269265949726, 0.013340282253921032, -0.01679518073797226, 0.028628550469875336, 0.021466245874762535, 0.009236471727490425, 0.05231805890798569, 0.011097445152699947, -0.002808338264003396, -0.021171247586607933, -0.01770828664302826, 0.010502267628908157, 0.044622089713811874, -0.030182337388396263, 0.025386344641447067, 0.02557292766869068, -0.019732149317860603, 0.04043492674827576, 0.03986784815788269, 0.020505167543888092, -0.03555997088551521, -0.023416897282004356, -0.008498910814523697, 0.006060322746634483, -0.011406593956053257, 0.005225962493568659, -0.05590974912047386, 0.03822914883494377, 0.005979964043945074, -0.01905224658548832, -0.008529678918421268, 0.011167200282216072, -0.07556618750095367, -0.054135315120220184, 0.03846251592040062, 0.024058809503912926, 0.04607884958386421, -0.02508057840168476, 0.00859101116657257, 0.001208439003676176, 0.0023988147731870413, -0.017925560474395752, -0.03426843881607056, -0.012111830525100231, 0.0018783685518428683, -0.034011390060186386, -0.0021183688659220934, -0.02443007007241249, 0.02683519572019577, -0.01989264413714409, 0.01460149884223938, 0.0017246853094547987, -0.03624881058931351, 0.0046293651685118675, -0.024037180468440056, -0.02878481149673462, -0.027342045679688454, -0.004037061706185341, -0.0021852918434888124, 0.018711786717176437, -0.0029076668433845043, -0.01497865654528141, 0.005714112892746925, 0.010347496718168259, -0.006078963167965412, -2.1331918560463237e-06, 0.010565879754722118, 0.00019807879289146513, 0.002559053245931864, 0.043008364737033844, 0.016052937135100365, -0.041997719556093216, -0.010274681262671947, -0.04322709143161774, 0.03014960139989853, -0.015202905982732773, 0.05379871651530266, -0.05852343514561653, 0.021766556426882744, 0.009632755070924759, 0.00918496958911419, -0.003179036546498537, 0.0030279220081865788, -0.01838056929409504, 0.04059770703315735, 0.027733497321605682, -0.02828299254179001, -0.02266676165163517, 0.03988541290163994, 0.018858859315514565, -0.02532353438436985, -0.024683140218257904, -0.005807895679026842, -0.005128928460180759, 0.005810573231428862, 0.024230169132351875, -0.04831385612487793, 0.011068528518080711, -0.001691493671387434, -0.01640421710908413, -0.030553707852959633, 0.020589055493474007, 0.0021975659765303135, 0.008955845609307289, -0.017708739265799522, 0.005109795834869146, 0.05010705813765526, -0.03803996369242668, -0.008738182485103607, 0.0063304053619503975, -0.025064272806048393, -0.01867317408323288, 0.010971290990710258, -0.02859116531908512, 0.005097484681755304, -0.006810260470956564, 0.016579223796725273, -0.0018916737753897905, -0.018395883962512016, -0.013313114643096924, 0.08765534311532974, 0.005903959274291992, -0.06734047085046768, -0.030211402103304863, 0.027655744925141335, -0.014791833236813545, 0.03874414414167404, -0.03206886723637581, -0.0031519990880042315, -0.008457345888018608, 0.05673107132315636, 0.009092533960938454, -0.01961517333984375, 0.009903650730848312, 0.05637938529253006, 0.008320246823132038, 0.015889879316091537, 0.04632649943232536, 0.030901862308382988, -0.1540854126214981, -0.05124516785144806, 0.029597122222185135, 0.0068465652875602245, 0.011134643107652664, -0.025864796712994576, -0.030010327696800232, -0.04582001641392708, -0.03811304643750191, 0.013178988359868526, -0.021825559437274933, -0.041799068450927734, -0.0032708006910979748, -0.05440990626811981, -0.017222672700881958, -0.008883096277713776, -0.010806579142808914, 0.0043409476056694984, -0.042626529932022095, -0.04552098363637924, -0.03000125102698803, -0.03340737149119377, 0.09327718615531921, 0.00026426734984852374, 0.008790882304310799, -0.014504711143672466, -0.034246835857629776, -0.04073011875152588, -0.025724055245518684, 0.00550377881154418, 0.010140184313058853, 0.022907797247171402, -0.004013407044112682, 0.01431999634951353, -0.010780707001686096, 0.03875555098056793, -0.007616422604769468, 0.017694732174277306, 0.03191691264510155, -0.007843097671866417, 0.05185919255018234, 0.009838820435106754, -0.04139607027173042, 0.009507101029157639, 0.013715715147554874, 0.027957992628216743, 0.01135625783354044, 0.011611256748437881, -0.039753783494234085, -0.025540631264448166, 0.01643867790699005, -0.03544936329126358, -0.0018975792918354273, -0.007685220334678888, -0.0035953857004642487, 0.035711340606212616, 0.03838284686207771, 0.046618469059467316, -0.03526870906352997, 0.03876392915844917, -0.04377502202987671, -0.02337654121220112, 0.030456503853201866, -0.018765974789857864, -0.005539118777960539, -0.026158703491091728, 0.026888329535722733, -0.028462698683142662, 0.04266655072569847, -0.03821652755141258, 0.03216288983821869, -0.03821093961596489, 0.044919051229953766, -0.05100402981042862, 0.01935489848256111, -0.009042428806424141, 0.009979058988392353, -0.04483699053525925, 0.03349943831562996, -0.09050585329532623, 0.018117930740118027, 0.025111600756645203, 0.004670793190598488, 0.04871692880988121, -0.02447456866502762, -0.04316959157586098, 0.012271314859390259, 0.006876158528029919, 0.042169369757175446, 0.24316079914569855, 0.024159280583262444, 0.007794657256454229, 0.04765228182077408, 0.03703521192073822, 0.0016732445219531655, -0.000489473866764456, -0.010176442563533783, -0.0004631907504517585, -0.029979003593325615, -0.025284407660365105, 0.03931088745594025, -0.013488932512700558, -0.010130579583346844, 0.018198801204562187, 0.006302329711616039, 0.014797673560678959, 0.012340694665908813, 0.10230158269405365, 0.008348296396434307, 0.009119165129959583, 0.0011561450082808733, 0.020869292318820953, 0.006558316759765148, -0.06863117218017578, 0.013332652859389782, 0.00010698406549636275, -0.011259563267230988, -0.027359139174222946, 0.02524307370185852, -0.018952442333102226, 0.0007757085841149092, 0.07276788353919983, -0.00821953546255827, 0.015919407829642296, -0.007195635698735714, 0.04981965199112892, -0.013188496232032776, -0.019457867369055748, 0.020745068788528442, -0.021641289815306664, -0.0005980857531540096, -0.019017281010746956, -0.019697142764925957, -0.004717806354165077, -0.01041108276695013, 0.024111280217766762, 0.01999485492706299, 0.022049037739634514, -0.021404724568128586, 0.022482940927147865, -0.02199210785329342, -0.012430800125002861, 0.016297029331326485, -0.009372412227094173, 0.015805674716830254, -0.011800392530858517, -0.012222982943058014, -0.003362973453477025, -0.006043665111064911, 0.02495259791612625, 0.03348531201481819, 0.009095803834497929, 0.040375202894210815, -0.01745496317744255, -0.012951785698533058, 0.05514734238386154, -0.04075236991047859, 0.009990855120122433, 0.05082497000694275, 0.021426433697342873, 0.002246215008199215, 0.009298588149249554, -0.020809991285204887, -0.003772829659283161, -0.01717829890549183, 0.011548485606908798, -0.020389867946505547, -0.031818099319934845, -0.011747132986783981, 0.011813846416771412, -0.020282063633203506, -0.04247669503092766, 0.08813195675611496, -0.012532567605376244, -0.004419294185936451, 0.04114174842834473, 0.04774625226855278, 0.00012021550355711952, -0.0037847375497221947, 0.02955823391675949, -0.0032409895211458206, -0.04651152342557907, 0.030856674537062645, -0.028559623286128044, 0.03144415095448494, -0.036141544580459595, 0.002807564102113247, -0.032391998916864395, 0.02728014811873436, -0.0627995952963829, -0.025224104523658752, 0.012562567368149757, -0.03427734971046448, 0.02942783385515213, -0.008269679732620716, 0.017578521743416786, -0.017295297235250473, -0.00991533137857914, 0.013686656951904297, -0.016041845083236694, -0.00249401549808681, -0.014714703895151615, -0.038752298802137375, -0.013447591103613377, 0.024706171825528145, -0.007551249116659164, 0.010938187129795551, 0.01015249453485012, 0.05262766405940056, -0.021678157150745392, 0.011379496194422245, 0.014964001253247261, 0.03741760924458504, 0.01415113266557455, -0.014816123060882092, 0.01174181792885065, 0.021707747131586075, -0.03775375336408615, 0.04623914137482643, -0.012196110561490059, -0.003391144797205925, 0.004668813198804855, 0.004086736124008894, 0.009015988558530807, -0.002605793997645378, 0.024064816534519196, 0.017195098102092743, 0.0620594285428524, 0.0014667999930679798, -0.003918740898370743, 0.0020875222980976105, -0.010733497329056263, -9.492868412053213e-05, 0.019674008712172508, 0.043248869478702545, -0.00128563039470464, -0.01743786782026291, -0.04955446720123291, 0.0474177822470665, 0.10124644637107849, 0.022539924830198288, 0.008823667652904987, -0.0041868118569254875, -0.026484927162528038, -0.049824830144643784, -0.013653065077960491, -0.008422642946243286, -0.029576364904642105, -0.026784781366586685, 0.012894866056740284, 0.01232677511870861, -0.017689472064375877, 0.03714673966169357, -0.031402233988046646, 0.03639443963766098, 0.01512300968170166, 0.015137530863285065, 0.000253853271715343, -0.010751709342002869, -0.033847518265247345, -0.0460195429623127, -0.0235297791659832, 0.03979294002056122, -0.05357467383146286, -0.013502438552677631, -0.06451433151960373, -0.03545026853680611, -0.013562514446675777, 0.011253943666815758, -0.03981563821434975, -0.0445079430937767, -0.038949280977249146, 0.012982902117073536, 0.01961807906627655, 0.013227356597781181, -0.024898212403059006, -0.021567191928625107, 0.035615574568510056, -0.031150158494710922, -0.01894843950867653, 0.13171687722206116, -0.03257547691464424, -0.025219405069947243, 0.018156379461288452, 0.015375104732811451, 0.041130732744932175, -0.03215346485376358, -0.0032722018659114838, -0.004688937682658434, -0.005901017226278782, -0.019567403942346573, 0.02413148805499077, -0.02191629260778427, -0.0161715280264616, 0.0011084334691986442, -0.032468948513269424, 0.03726790100336075, 0.001103382557630539, 0.007636143825948238, 0.022765418514609337, 0.01436859555542469, -0.004110412672162056, 0.0039040856063365936, 0.035060249269008636, -0.01072979997843504, 0.05523548275232315, 0.007802327163517475, 0.008198668248951435, 0.006737136747688055, -0.015563124790787697, -0.05593123659491539, 0.0045284368097782135, -0.006342452950775623, -0.02010001614689827, -0.03335597738623619, 0.002486306708306074, -0.022374602034687996, 5.469226380228065e-05, 0.008390056900680065, -0.011630457825958729, 0.030436811968684196, 0.007818883284926414, 0.013417419046163559, -0.0013013920979574323, 0.02809828333556652, 0.029553459957242012, 0.03014613874256611, 0.019823184236884117, -0.003544800216332078, 0.03336275741457939, -0.047128014266490936, 0.07252977788448334, 0.019378790631890297, 0.017148951068520546, 0.023304050788283348, -0.00832913164049387, -0.07344165444374084, 0.008576263673603535, -0.034583255648612976, -0.04367735981941223, -0.05087102949619293, 0.011638048104941845, -0.04372778907418251, 0.006628602743148804, 0.008499516174197197, -0.0477001890540123, 0.012906556017696857, -0.035658907145261765, 0.006469244137406349, -0.045527949929237366, 0.05136880651116371, -0.01952928677201271, -0.008044594898819923, 0.007316721137613058, -0.028363389894366264, 0.04177066683769226, -0.10516586899757385, -0.013717211782932281, -0.02284080721437931, -0.022579539567232132, -0.018097329884767532, -0.013510005548596382, -0.04653916507959366, 0.01806991919875145, 0.045560549944639206, -0.029196476563811302, 0.02032354846596718, 0.03633732348680496, -0.04236484318971634, -0.017778977751731873, -0.028837457299232483, -0.007220850791782141, 0.015719613060355186, 0.023671945556998253, -0.010586516931653023, -0.007324523292481899, 0.031098587438464165, 0.02119189314544201, -0.049983229488134384, 0.0002162014425266534, 0.022953858599066734, -0.04453297331929207, 0.047490399330854416, -2.8627016945392825e-05, -0.01812288537621498, -0.0457586832344532, 0.02834557741880417, 0.0159535463899374, -0.03723185136914253, -0.009621087461709976, -0.024749860167503357, -0.005528916139155626, -0.011054348200559616, 0.010191647335886955, -0.010445400141179562, 0.0018499393481761217, -0.02971510961651802, -0.0006370645714923739, -0.008074195124208927, -0.05491919443011284, -0.04829714447259903, -0.014720763079822063, 0.051172319799661636, -0.01186973787844181, 0.014730900526046753, 0.05123532563447952, -0.03539680317044258, -0.05777054280042648, 0.026639290153980255, -0.04259054735302925, -0.013714865781366825, -0.0005913394852541387, 0.004533048719167709, -0.038257479667663574, 0.017512181773781776, 0.005707777105271816, -0.0212574303150177, -0.01629209890961647, -0.0017383937956765294, 0.001344574149698019, -0.008305626921355724, -0.008344069123268127, 0.007627234328538179, -0.03627955913543701, 0.012907356955111027, 0.037492912262678146, -0.002248960081487894, -0.004887151997536421, -0.03473186492919922, -0.005218785256147385, -0.009991203434765339, 0.11029529571533203, -0.03840494528412819, 0.024906903505325317, 0.0017014725599437952, 0.005014027003198862, -0.01850431226193905, 0.0065759108401834965, -0.011181973852217197, -0.03329614922404289, 0.02081170491874218, -0.0519973523914814, -0.039412401616573334, -0.0024441287387162447, -0.052621640264987946, -0.009927146136760712, -0.000388834101613611, 0.001065816730260849, 0.038936831057071686, -0.020022917538881302, 0.03337419405579567, -0.08830735087394714, -9.293226526096987e-07, -0.005350988358259201, 0.046853937208652496, 0.009372137486934662, 0.02359781414270401, -0.02916339598596096, 0.011331262066960335, -0.007334756664931774, -0.013809256255626678, -0.008999252691864967, -0.02284962125122547, -0.014406201429665089, 0.057058755308389664, -0.04142184928059578, 0.027764756232500076, 0.024220043793320656, 0.010697131976485252, 0.006953470408916473, 0.02437019720673561, -0.02206321805715561, -0.0669742003083229, 0.033501118421554565, -0.017330650240182877, -0.009979614987969398, 0.01458538044244051, 0.01081028301268816, 0.020871605724096298, -0.029344134032726288, 0.003019330557435751, -0.03739476203918457, 0.008953669108450413, -0.12652258574962616, 0.027940746396780014, -0.03675113245844841, -0.0024853076320141554, 0.008278832770884037, -0.014286243356764317, -0.06332005560398102, -0.052372850477695465, 0.015760423615574837, -0.03903355821967125, -0.056189198046922684, -0.044197000563144684, 0.03741006925702095, -0.02001088298857212, 0.013763883151113987, -0.008689002133905888, 0.02051093615591526, -0.004218310583382845, -0.03509298339486122, 0.04924926534295082, -0.010225617326796055, -0.007153650745749474, 0.04883101209998131, -0.01678398624062538, 0.0016905120573937893, -1.53978598973481e-05, 0.03137825429439545, 0.027891164645552635, -0.010268007405102253, -0.005961335729807615, 0.010771876201033592, -0.011503330431878567, -0.021180594339966774, 0.024054674431681633, 0.017171738669276237, 0.008031887002289295, 0.0001835952716646716, 0.02236192487180233, 0.014284074306488037, 0.06477347761392593, 0.0034665497951209545, 0.008308522403240204, -0.057805679738521576, 0.008986215107142925, 0.019088763743638992, 0.025284675881266594, 0.0074699376709759235, 0.012334502302110195, -0.05340654030442238, -0.017404360696673393, 0.01948903128504753, 0.049588922411203384, -0.03102339617908001, 0.050557564944028854, -0.028455177322030067, 0.008995275013148785, -0.0030542900785803795, 0.013537964783608913, -0.019133832305669785, 0.035908836871385574, -0.010870185680687428, 0.01869201473891735, -0.009934877045452595, -0.039125751703977585, -0.008206473663449287, 0.0415307842195034, -0.06556864082813263, -0.02500140108168125, 0.004613449797034264, -0.016493776813149452, 0.022004494443535805, 0.025238893926143646, -0.03145672008395195, -0.031498219817876816, 0.01720183715224266, 0.07309568673372269, 0.003672889666631818, 0.003065643133595586, -0.02850767783820629, -0.03900475054979324, 0.009631999768316746, 0.0036041580606251955, -0.03742695599794388, -0.005932066589593887, -0.012803438119590282, 0.006374345626682043, -0.012039901688694954, 0.01276424154639244, -0.0929480716586113, 0.01898246817290783, -0.007682322524487972, -0.01589980721473694, -0.03087080456316471, 0.032193295657634735, -0.03860744088888168, -0.005403698422014713, 0.006302403286099434, 0.021752992644906044, -0.01258761528879404, -0.024621637538075447, -0.04090477526187897, -0.008290521800518036, -0.004758868366479874, 0.02655562199652195, -0.024145472794771194, -0.00837776344269514, 0.06297551095485687, -0.0117750009521842, 0.022730998694896698, 0.0062314667738974094, -0.05766858160495758, 0.02712378278374672, -0.03852837160229683, -0.010731732472777367, -0.013953550718724728, -0.005844565108418465, -0.006684416905045509, -0.0022313669323921204, -0.048637185245752335, 0.034338776022195816, 0.04367120936512947, -0.021824464201927185, 0.026850970461964607, -0.0035823476500809193, 0.005578910931944847, 0.02548089809715748, 0.04024289920926094, 0.03415963426232338, -0.04304016754031181, -0.007514769211411476, -0.02933596447110176, -0.05098404735326767, 0.006992224138230085, 0.013049435801804066, 0.0029476815834641457, -0.020045390352606773, -0.0016453578136861324, 0.04449494928121567, -0.009198151528835297, -0.023789599537849426, -0.058628421276807785, -0.03241390362381935, 0.022624094039201736, -0.04681485891342163, 0.001365839270874858, 0.021966008469462395, 0.05452645197510719, -0.0031259602401405573, -0.01546936109662056, -0.015434646047651768, -0.02249690517783165, 0.04581356793642044, -0.026046620681881905, -0.02381232939660549, -0.04950474575161934, 0.024508841335773468, 0.003648164216428995, 0.003983470145612955, -0.03266266733407974, -0.031576164066791534, -0.03045075573027134, -0.06874736398458481, -0.0012411813950166106, 0.019287046045064926, 0.04826069623231888, -0.004071670118719339, -0.025132717564702034, 0.015389932319521904, -0.028213204815983772, 0.03057977184653282, -0.06845755130052567, 0.007491721771657467, -0.004679890815168619, -0.009119193069636822, 0.05176864564418793, 0.06481432169675827, -0.02256716601550579, 0.04528072476387024, 0.030039943754673004, -0.03376350551843643, -0.015268187038600445, 0.002213915577158332, -0.01563735492527485, -0.01960420235991478, 0.05548062175512314, 0.0220279973000288, -0.019251449033617973, 0.01478087529540062, 0.06386137008666992, 0.024845149368047714, 0.01905650645494461, -0.03372570499777794, 0.01727893017232418, 0.0011059852549806237, 0.0055365972220897675, -0.016506707295775414, 0.009641219861805439, 0.02663806639611721, 0.019412649795413017, 0.012702099047601223, 0.02414306439459324, -0.0299691054970026, -0.020553309470415115, 0.011873175390064716, -0.009479856118559837, -0.0061598955653607845, -0.0009772859048098326, 0.023548493161797523, 0.0005152162630110979, 0.017104823142290115, 0.0029529198072850704, 0.0033784061670303345, -0.021896852180361748, 0.03953707590699196, -0.0056221759878098965, -0.04631811007857323, 0.03157902881503105, 0.0690414309501648, 0.01700100302696228, 0.015565656125545502, -0.008936118334531784, 0.026915837079286575, 0.040494054555892944, -0.034957632422447205, -0.017241649329662323, -0.030402475968003273, -0.0015378963435068727, 0.002280677668750286, -0.009077019058167934, -0.023163439705967903, -0.02704688534140587, -0.021828457713127136, -0.006964290980249643, -0.005163473542779684, 0.03304198011755943, -0.012371380813419819, 0.014189138077199459, 0.009784196503460407, -0.025604674592614174, -0.029973534867167473, -0.0034615956246852875, 0.04829038679599762, -0.004915503319352865, 0.004298848565667868]",
15_1_0_errors_invalid_script_mdx_section_2_code_3,code_snippet,15_1_0_errors_invalid_script_mdx_section_2,Possible Ways to Fix It - code_3,,"{'programming_language': 'jsx', 'filename': None, 'switcher': False}",15.1.0,,"<Script
  id=""show-banner""
  dangerouslySetInnerHTML={{
    __html: `document.getElementById('banner').classList.remove('hidden')`,
  }}
/>
","[(np.int64(7), np.float64(0.12712734937667847)), (np.int64(86), np.float64(0.1660793274641037)), (np.int64(425), np.float64(0.2767680883407593)), (np.int64(438), np.float64(0.1524071842432022)), (np.int64(1647), np.float64(0.1901482194662094))]",,"[-0.038063809275627136, 0.006335920188575983, -0.018850259482860565, -0.0023954494390636683, -0.04522909224033356, 0.0029497004579752684, 0.023828279227018356, 0.003718053223565221, -0.04422058165073395, -0.005492840427905321, -0.022066688165068626, 0.009882533922791481, -0.030863584950566292, -0.04571397230029106, 0.013293099589645863, -0.019677601754665375, 0.042888324707746506, 0.03250002861022949, 0.05255523696541786, -0.018196839839220047, -0.06427626311779022, 0.005825691390782595, -0.021493293344974518, 0.03221529722213745, 0.03839743509888649, 0.0022096794564276934, -0.012003905139863491, -0.02210739068686962, -0.02651195041835308, -0.005911908578127623, 0.015216507017612457, -0.029403313994407654, -0.013263368047773838, -0.03127359598875046, 0.040181826800107956, -0.0217742882668972, -0.0027480521239340305, 0.011788149364292622, -0.0259720329195261, 0.015670187771320343, 0.010454014874994755, 0.04050493985414505, 0.005478213541209698, -0.055251847952604294, 0.03110273741185665, -0.01736433617770672, 0.01816175878047943, -0.019276896491646767, 0.004432278219610453, -0.0025514918379485607, -0.008982202038168907, 0.004451771266758442, 0.04259811341762543, -0.023711521178483963, 0.06091819331049919, -0.0375167652964592, 0.003903811564669013, 0.01983993500471115, -0.0351719930768013, -0.031786832958459854, -0.054639507085084915, -0.05629611760377884, -0.011161841452121735, 0.0009379015536978841, 0.03320059925317764, 0.049664609134197235, 0.0006549603422172368, 0.003068875288590789, -0.04002346098423004, -0.037436794489622116, -0.0007061016513034701, 0.014776602387428284, -0.0061250305734574795, -0.027196399867534637, -0.04227928817272186, 0.008870454505085945, 0.03781294822692871, 0.008300653658807278, 0.019976023584604263, 0.010818521492183208, 0.03342758119106293, -0.020486200228333473, -0.02306635119020939, 0.03431457653641701, 0.025347493588924408, 0.01758202537894249, 0.015661494806408882, 0.03594722971320152, 0.06440167129039764, 0.03035375475883484, -0.021743346005678177, -0.008080045692622662, 0.045755885541439056, -0.015874702483415604, -0.013619968667626381, -0.033731017261743546, 0.055474553257226944, 0.0036121895536780357, 0.04540262371301651, 0.027989136055111885, 0.043437764048576355, -0.009340120479464531, 0.06487178057432175, -0.006136284675449133, 0.018815545365214348, -0.04605509340763092, 0.018895279616117477, 0.021578755229711533, 0.02178741618990898, 0.013001625426113605, 0.030232807621359825, 0.03578091040253639, 0.050603851675987244, 0.01693430170416832, -0.0017273849807679653, 0.02562354877591133, -0.04401557520031929, -0.04715442284941673, -0.010761216282844543, -0.015196052379906178, 0.02795308455824852, -0.006651220843195915, 0.023962553590536118, -0.0510932058095932, 0.0591929592192173, 0.0009967893129214644, 0.012441424652934074, 0.024693522602319717, -0.021860383450984955, 0.045833952724933624, 0.008385475724935532, 0.006398401223123074, 0.014234020374715328, 0.016744110733270645, -0.017687279731035233, 0.005201278254389763, 0.014427290298044682, -0.01199273206293583, 0.017323551699519157, -0.04968710616230965, 0.01115529052913189, 0.05005688592791557, -0.01400667428970337, -0.04015374556183815, 0.03677196800708771, -0.05728456750512123, 0.03698742389678955, 0.0028987692203372717, 0.002932676812633872, -0.0514538399875164, -0.06550091505050659, 0.05818392336368561, 0.02568720653653145, -0.04437932372093201, 0.08751780539751053, -0.04057485982775688, -0.03797994554042816, -0.025828830897808075, -0.015475387685000896, 0.011699046939611435, -0.001347667071968317, 4.082259692950174e-06, 0.015546289272606373, -0.012231267988681793, 0.03164442628622055, -0.011284524574875832, -0.025557564571499825, -0.002009080955758691, -0.01504796463996172, 0.019551919773221016, 0.02927553281188011, -0.04110250622034073, 0.04870932549238205, 0.01290116272866726, -0.00017261714674532413, 0.028695205226540565, 0.030966054648160934, 0.031716685742139816, -0.03582889214158058, -0.01683991588652134, -0.007171175442636013, 0.02581564523279667, -0.015904312953352928, 0.02383679896593094, -0.039288245141506195, 0.03135097399353981, -0.015118688344955444, -0.002678254386410117, -0.0013160562375560403, 0.022814050316810608, -0.07337628304958344, -0.04878314957022667, 0.029111051931977272, 0.012607771903276443, 0.057996608316898346, -0.030950970947742462, 0.011814587749540806, -0.014593970030546188, -0.001253016060218215, -0.028585320338606834, -0.021870028227567673, -0.010404135100543499, 0.007228298578411341, -0.01504488941282034, 0.009071040898561478, -0.028018638491630554, 0.009168188087642193, -0.018517188727855682, 0.03732080012559891, -0.005524219945073128, -0.026445435360074043, -0.016290750354528427, -0.035201579332351685, -0.029897242784500122, -0.033075131475925446, -0.03648965060710907, -0.005648346617817879, -0.006141756195574999, -0.007737680803984404, -0.01468750648200512, 0.011533371172845364, 0.004639416467398405, -0.007028090767562389, -0.0017464237753301859, 0.005713644903153181, 0.033814284950494766, 0.008472034707665443, 0.03296073153614998, 0.032067492604255676, -0.037038594484329224, 0.010163622908294201, -0.01872866228222847, 0.029101356863975525, -0.017271820455789566, 0.05107295885682106, -0.033459682017564774, 0.01468866690993309, 0.005898765288293362, 0.0022534672170877457, -0.01881539076566696, 0.019269414246082306, -0.0449678972363472, 0.03681261092424393, 0.040740080177783966, -0.038813140243291855, -0.010545036755502224, 0.02688460983335972, 0.006306605879217386, -0.026639100164175034, -0.009569769725203514, -0.00418969988822937, 0.0025038777384907007, 0.0003051679232157767, 0.010939770378172398, -0.029353048652410507, 0.012285246513783932, -0.01960245706140995, -0.016010452061891556, -0.02206084132194519, 0.013229108415544033, -0.01912882924079895, 0.009460294619202614, -0.021117815747857094, 0.010062010958790779, 0.05320290848612785, -0.024929584935307503, -0.006575586274266243, -0.006182367447763681, -0.01596638560295105, -0.016696492210030556, -0.00800611637532711, -0.03282126039266586, 0.02331884764134884, -0.013178283348679543, 0.014815944246947765, 0.0003086297365371138, -0.03501145914196968, -0.02158423140645027, 0.08122207224369049, 0.020747510716319084, -0.05304129421710968, -0.0177964698523283, 0.03203728422522545, -0.01751825585961342, 0.037711113691329956, 0.005232813768088818, -0.005309568252414465, -0.043892595916986465, 0.024327801540493965, 0.011749313212931156, -0.0025515626184642315, 0.0017673475667834282, 0.054063621908426285, -0.0171597171574831, 0.03588581457734108, 0.03593483939766884, 0.020500317215919495, -0.16297374665737152, -0.030431736260652542, 0.02145819179713726, 0.02794463001191616, 0.0018604154465720057, -0.013421117328107357, -0.040252283215522766, -0.052232857793569565, -0.01614753156900406, 0.03254271671175957, -0.04425744339823723, -0.03397899866104126, 0.03356095403432846, -0.05284509435296059, 0.007266595494002104, -0.013503576628863811, -0.013061802834272385, 0.01932058483362198, -0.04291870445013046, -0.04244906082749367, -0.0363374687731266, -0.02374102920293808, 0.09889215975999832, -0.0005080300034023821, -0.01028301753103733, -0.01716303452849388, 0.0027121210005134344, -0.046176277101039886, -0.028847485780715942, 0.002339104888960719, 0.016614722087979317, 0.022457284852862358, -0.0040523214265704155, 0.012169071473181248, -0.0027090476360172033, 0.04560736194252968, -0.005055535119026899, 0.005456906743347645, 0.02951141633093357, -0.001618823385797441, 0.04254164174199104, 0.018929079174995422, -0.03955556079745293, 0.018332215026021004, 0.02049538493156433, 0.018936753273010254, -0.006823321338742971, 0.003567978972569108, -0.02209356799721718, -0.027435429394245148, 0.013301837258040905, -0.008748463355004787, 0.005552690010517836, 0.001077231951057911, -0.019722051918506622, 0.02845601737499237, 0.023389408364892006, 0.030881155282258987, -0.027585802599787712, 0.024557629600167274, -0.045070573687553406, -0.06152496859431267, 0.01454971544444561, -0.014847018755972385, 0.016997190192341805, -0.020226508378982544, 0.040349286049604416, -0.016753986477851868, 0.056073933839797974, -0.01780288852751255, 0.02745198830962181, -0.0693637803196907, 0.04816823825240135, -0.06707838177680969, 0.02147732488811016, -0.013800998218357563, 0.009673533961176872, -0.03303900733590126, 0.03750520944595337, -0.1009620726108551, -0.014226675033569336, 0.04773491621017456, -0.004636299330741167, 0.0470769926905632, -0.027602992951869965, -0.037361208349466324, 0.01199834980070591, 0.003157759550958872, 0.026329398155212402, 0.24584677815437317, 0.031528010964393616, 0.00954445917159319, 0.05737646669149399, 0.057992927730083466, -0.018633617088198662, -0.008967511355876923, -0.018111854791641235, -0.0023119996767491102, -0.026154449209570885, -0.026455657556653023, 0.0432172492146492, -0.0021997445728629827, -0.003949135076254606, 0.02502290904521942, 0.002104954095557332, 0.00955867301672697, 0.019805289804935455, 0.10107274353504181, -0.030105682089924812, 0.0033254954032599926, 0.00568001251667738, 0.020389322191476822, 0.012928877025842667, -0.06150547415018082, 0.017794670537114143, 0.021628983318805695, -0.017676016315817833, -0.012436808086931705, 0.006569730117917061, -0.03208223730325699, 0.028807319700717926, 0.05636701360344887, -0.021525690332055092, 0.03761031851172447, -0.010611066594719887, 0.02888655662536621, -0.03288563713431358, -0.03167738765478134, 0.02565837651491165, 0.0019074133597314358, 0.01589563675224781, 0.002736925845965743, -0.010539830662310123, 0.025842279195785522, -0.0016968847485259175, 0.006578677799552679, 0.00020298939489293844, 0.0160213652998209, -0.0202323030680418, 0.015430972911417484, -0.013513883575797081, -0.017195867374539375, 0.019850503653287888, 0.014718146994709969, 0.0002285886585013941, -0.022635627537965775, -0.008253826759755611, 0.008611380122601986, 0.016825612634420395, 0.03398854285478592, 0.0349685400724411, -0.0004889522679150105, 0.05727662891149521, -0.011469191871583462, 0.012871477752923965, 0.015937957912683487, -0.04027825966477394, 0.011005853302776814, 0.06263097375631332, 0.015069468878209591, 0.011357230134308338, 0.02305927686393261, -0.004134100396186113, 0.0075575485825538635, -0.024611879140138626, 0.023055268451571465, -0.00648998748511076, -0.02922738343477249, 0.004346484784036875, 0.023791074752807617, -0.02843109890818596, -0.038567643612623215, 0.0349954292178154, -0.011864784173667431, -0.007215611636638641, 0.010743837803602219, 0.04074590280652046, -0.017223011702299118, -0.0023710052482783794, 0.03595481440424919, -0.01087141502648592, -0.03048715554177761, 0.025347484275698662, -0.033763136714696884, 0.05059795454144478, -0.02576233074069023, 0.01271505281329155, -0.04441721737384796, -0.0037792266812175512, -0.03728686645627022, -0.032082218676805496, 0.0074425688944756985, -0.004918552003800869, 0.014205707237124443, 0.01705220341682434, -0.0030670571140944958, -0.011422584764659405, -0.015117067843675613, -0.004495142959058285, 0.012601791881024837, 0.004874677397310734, 0.009783645160496235, -0.034316278994083405, -0.029791831970214844, 0.052672870457172394, -0.027215005829930305, 0.009008544497191906, 0.04566153138875961, 0.03468884900212288, -0.010579095222055912, -0.000552240526303649, 0.01701725274324417, 0.04149143397808075, 0.002814258448779583, -0.008602544665336609, -0.011332002468407154, 0.040790438652038574, -0.009528234601020813, 0.06520801782608032, -0.022918052971363068, -0.010216113179922104, -0.015956036746501923, 0.009153878316283226, 0.023291287943720818, 0.0072798049077391624, 0.029857153072953224, -0.0011073292698711157, 0.05708346143364906, 0.01479481253772974, -0.00674487603828311, -0.011948198080062866, -0.00602323142811656, 0.008021957240998745, 0.03771379962563515, 0.039545077830553055, -0.009130166843533516, -0.01917576603591442, -0.03997843340039253, 0.08309639245271683, 0.08499715477228165, 0.0004339886945672333, 0.05404800921678543, -0.01845179870724678, -0.025138819590210915, -0.027090273797512054, -0.013341241516172886, 0.006261563394218683, -0.03267969191074371, -0.050376150757074356, 0.013579257763922215, -0.005864599719643593, -0.0029034309554845095, 0.0424065999686718, -0.025715166702866554, 0.020886944606900215, 0.02388608269393444, 0.005734538193792105, -0.032419998198747635, -0.016719680279493332, -0.03710368648171425, -0.03108324110507965, -0.029195798560976982, 0.05376357212662697, -0.013777876272797585, -0.030646109953522682, -0.08389636874198914, -0.022767454385757446, -0.03183215856552124, 0.03386112302541733, -0.0236334390938282, -0.02163941226899624, -0.058567143976688385, 0.0033032065257430077, 0.008100430481135845, 0.012903154827654362, -0.0032767225056886673, -0.025191213935613632, 0.04550884664058685, -0.03072766214609146, -0.013198266737163067, 0.14963525533676147, -0.028237031772732735, -0.030722588300704956, 0.025204472243785858, 0.014886319637298584, 0.021572522819042206, -0.026523679494857788, -0.009699570015072823, -0.0006257477216422558, -0.020287610590457916, -0.03658250346779823, -0.0010609521996229887, -0.012563723139464855, 0.0064383381977677345, -0.028711972758173943, -0.02706192061305046, 0.030977364629507065, -0.02218870259821415, 0.02828788571059704, 0.025136712938547134, 0.011788635514676571, -0.006270036567002535, 0.018445974215865135, 0.0035626862663775682, -0.01455699559301138, 0.03537336364388466, 0.035674501210451126, 0.005829214584082365, 0.011579465121030807, 0.012588057667016983, -0.041955456137657166, 0.030749710276722908, -0.031577736139297485, -0.021416908130049706, -0.047173868864774704, 0.005202221684157848, -0.0479971244931221, -0.01662207581102848, 0.018372604623436928, -0.007456702645868063, 0.015402426943182945, -0.00658655958250165, 0.017498845234513283, 0.0023768364917486906, 0.02648717351257801, 0.021586881950497627, 0.03453948721289635, 0.033634673804044724, -0.008746045641601086, 0.029833288863301277, -0.03598038852214813, 0.059602219611406326, 0.020290492102503777, -0.0003220526850782335, 0.028337860479950905, -0.029995031654834747, -0.0751754567027092, -0.01564173214137554, -0.015393534675240517, -0.036709751933813095, -0.03640565276145935, 0.0086128581315279, -0.04273020103573799, 0.005916716530919075, -0.020069750025868416, -0.026539158076047897, 0.005831638351082802, -0.023288993164896965, 0.0002020100218942389, -0.03526606783270836, 0.060501277446746826, -0.018382122740149498, -0.00636436278000474, -0.013217262923717499, -0.02608867920935154, 0.03367244824767113, -0.09104153513908386, -0.011672815307974815, -0.017638929188251495, -0.0027813182678073645, -0.026938283815979958, -0.03174268826842308, -0.04471667855978012, 0.03271699324250221, 0.05717591196298599, -0.031839966773986816, 0.044246066361665726, 0.04854344204068184, -0.051147688180208206, -0.02009197138249874, -0.04229419305920601, -0.03528173267841339, -0.0005655328859575093, 0.03219931945204735, 0.009737732820212841, 0.006108029279857874, -0.011804942972958088, 0.02564420737326145, -0.04402842000126839, 0.026377487927675247, -0.001059448579326272, -0.03905477002263069, 0.03395490720868111, -0.015126735903322697, 0.0005702922353520989, -0.05221876874566078, 0.009987621568143368, 0.014837397262454033, -0.030491653829813004, -0.014506042934954166, -0.007476996164768934, -0.008156725205481052, -0.007842179387807846, 0.016844920814037323, -0.0077071120031178, 0.012890266254544258, 0.00674818642437458, -0.007672239560633898, -0.02019936963915825, -0.03348061442375183, -0.07050002366304398, 0.006046637427061796, 0.052570641040802, -0.009985601529479027, 0.014555641449987888, 0.06030244752764702, -0.020853912457823753, -0.04704004526138306, 0.031130680814385414, -0.046757347881793976, -0.025810956954956055, -0.010761900804936886, 0.0099007124081254, -0.030093789100646973, 0.020037759095430374, -0.020397929474711418, -0.017278103157877922, -0.015558053739368916, -0.007234495133161545, -0.005558946635574102, -0.016009744256734848, -0.0018757508369162679, 0.011066224426031113, 0.000603661872446537, 0.029920198023319244, 0.015486306510865688, -0.007619630079716444, -0.02524743601679802, -0.033127233386039734, 0.017298374325037003, -0.01587679609656334, 0.09923113137483597, -0.03994736447930336, 0.01366952434182167, -0.010065724141895771, 0.00844875443726778, -0.017824890092015266, -0.0018949811346828938, 0.009091413579881191, -0.02946200594305992, -0.019934868440032005, -0.03877300024032593, -0.04118283838033676, -0.015939470380544662, -0.0033847505692392588, -0.030928023159503937, -0.008069009520113468, -0.01822930946946144, 0.034140683710575104, -0.009129667654633522, 0.0149647556245327, -0.10074174404144287, 0.0007775191916152835, -0.0072288354858756065, 0.040285151451826096, -0.0021585163194686174, 0.045362915843725204, -0.051067791879177094, 0.0189340990036726, -0.005807436071336269, -0.03983071818947792, -0.02761111408472061, 0.023812824860215187, -0.004288727417588234, 0.050813980400562286, -0.019520334899425507, 0.018410377204418182, 0.03588753938674927, 0.040069907903671265, 0.007635732181370258, 0.03764418885111809, -0.0020149992778897285, -0.04603547602891922, 0.04696616157889366, -0.0197650957852602, -0.015983963385224342, 0.004729368723928928, -0.0194247979670763, 0.05625731870532036, -0.02624182589352131, -0.009978844784200191, -0.022582462057471275, 0.02247132919728756, -0.14450104534626007, 0.028794419020414352, -0.05110872909426689, -0.035929881036281586, 0.031008513644337654, -0.011590227484703064, -0.04064523056149483, -0.04866182804107666, 0.009426611475646496, -0.033021457493305206, -0.06271274387836456, -0.03541450947523117, 0.027616076171398163, -0.01673988066613674, 0.005484083201736212, -0.012748735025525093, 0.010551543906331062, -0.01866227015852928, -0.03197644278407097, 0.052092693746089935, -0.019786609336733818, -0.02667977847158909, 0.03590189665555954, -0.005869622342288494, -0.028161808848381042, -0.015350930392742157, 0.030323725193738937, 0.015657247975468636, -0.017748119309544563, -0.02273177169263363, -0.02079886756837368, -0.02754788100719452, 0.0029081644024699926, 0.01564306952059269, 0.02325618825852871, -0.0026897413190454245, 0.03282745182514191, 0.011827968060970306, -0.002719742711633444, 0.03660108894109726, 0.0045619807206094265, 0.010302331298589706, -0.04877765104174614, 0.0030567036010324955, 0.00949807744473219, 0.024956271052360535, -0.003952973056584597, 0.006915887352079153, -0.028222499415278435, 0.010839559137821198, 0.007492370437830687, 0.03697286173701286, -0.03981038182973862, 0.01752263307571411, -0.02837364375591278, 0.04106632620096207, -0.026672011241316795, 0.0019726953469216824, -0.017737342044711113, 0.04994690418243408, -0.006440988276153803, 0.015292446129024029, -0.002307416405528784, 0.004050081595778465, -0.033685389906167984, 0.042226213961839676, -0.06011320278048515, -0.012631705962121487, 0.007622867356985807, 0.019069332629442215, 0.009355532936751842, -0.002450179075822234, -0.041027896106243134, -0.004537954926490784, 0.03320121020078659, 0.055321104824543, -0.008407753892242908, -0.00013012804265599698, -0.024244152009487152, -0.027711108326911926, -0.010973788797855377, -0.01088632456958294, -0.050713516771793365, -0.004277691710740328, -0.0082011166960001, 0.004953309893608093, -0.004334953613579273, 0.008588108234107494, -0.0485428050160408, 0.01727854274213314, -0.03307919576764107, -0.030345024541020393, -0.02736239694058895, 0.026340942829847336, -0.03385581448674202, -0.0163130946457386, 0.05312347412109375, 0.015294179320335388, -0.010241876356303692, -0.02745642140507698, -0.008249527774751186, -0.015479730442166328, -0.007358555216342211, 0.025190606713294983, -0.02022388204932213, 0.010754653252661228, 0.04839533567428589, -0.005830468609929085, 0.01797696202993393, 0.006978887133300304, -0.04521862789988518, 0.00717141991481185, -0.05017980933189392, -0.014506364241242409, -0.016887670382857323, -0.011353583075106144, 0.0026332244742661715, -0.021944861859083176, -0.06300697475671768, 0.019660647958517075, 0.017056740820407867, -0.01759427785873413, 0.0271365437656641, -0.018627041950821877, 0.006442116107791662, 0.02435210719704628, 0.017058955505490303, 0.04073619097471237, -0.05792996659874916, -0.011826726607978344, -0.009942322038114071, -0.03359227254986763, 0.024199174717068672, 0.016064666211605072, 0.002530278405174613, -0.02772870473563671, 0.02245984598994255, 0.028197048231959343, -0.021460916846990585, -0.026570256799459457, -0.052105724811553955, -0.021200040355324745, -0.003566684201359749, -0.056510839611291885, 0.0018399315886199474, 0.023486116901040077, 0.048549190163612366, -0.006336207035928965, -0.01789967343211174, -0.010207469575107098, -0.018568748608231544, 0.025719786062836647, -0.04025990888476372, -0.043687015771865845, -0.04736488312482834, 0.030770014971494675, 0.00505079934373498, 0.0009515848942101002, -0.038858409970998764, 0.0038806237280368805, -0.009746706113219261, -0.06562792509794235, 0.008547511883080006, 0.031866561621427536, 0.06432029604911804, -0.010234719142317772, -0.009879160672426224, 0.010559910908341408, -0.01935110241174698, 0.010007699951529503, -0.03741345927119255, 0.004101789556443691, -0.004936171695590019, 0.035012707114219666, 0.0312684029340744, 0.048429012298583984, -0.021964645013213158, 0.02344534918665886, 0.030030814930796623, -0.02164783887565136, 0.0021276159677654505, -0.018522681668400764, -0.011757800355553627, -0.01568472944200039, 0.04377903416752815, 0.04332474246621132, -0.024687545374035835, 0.02577347308397293, 0.03776857629418373, 0.014336091466248035, -0.013933570124208927, -0.049279145896434784, -0.006629376672208309, -0.031132500618696213, 0.01657974347472191, -0.007935518398880959, 0.0012987676309421659, 0.020392024889588356, 0.021417735144495964, 0.016244664788246155, 0.05232614278793335, -0.03409610316157341, 0.0020173259545117617, 0.0020762498024851084, -0.023943712934851646, 0.002089383080601692, -0.015997502952814102, 0.003525145584717393, 0.023650314658880234, 0.031365301460027695, -0.008169636130332947, 0.007458478678017855, 0.002908905502408743, 0.03772171959280968, -0.010080722160637379, -0.05893898755311966, 0.007765177637338638, 0.07333055138587952, 0.029674040153622627, -0.011688082478940487, -0.004039785359054804, 0.028004612773656845, 0.024024145677685738, -0.029766080901026726, -0.014927166514098644, 0.002086578868329525, 6.151298293843865e-05, 0.004834683146327734, -0.0008379932842217386, -0.0498318113386631, -0.020619498565793037, -0.01615373231470585, 0.005895712878555059, 0.022456157952547073, 0.05689988285303116, -0.01235053688287735, 0.01998668536543846, 0.013235568068921566, -0.027232255786657333, -0.03758304566144943, 0.002761741867288947, 0.0473787784576416, 0.0043153609149158, 0.0132357869297266]",
15_1_0_errors_invalid_script_mdx_section_3,section,15_1_0_errors_invalid_script_mdx,Invalid Script - Useful Links,,{},15.1.0,"[/docs/pages/building-your-application/optimizing/scripts](/docs/pages/building-your-application/optimizing/scripts)
",,"[(np.int64(71), np.float64(0.09763656556606293)), (np.int64(360), np.float64(0.07562194764614105)), (np.int64(7013), np.float64(0.20932655036449432)), (np.int64(7844), np.float64(0.17863357067108154)), (np.int64(36836), np.float64(0.2073773741722107)), (np.int64(57890), np.float64(0.26211467385292053)), (np.int64(84654), np.float64(0.2303066998720169))]","[-0.02295263297855854, 0.002774737076833844, -0.04332790896296501, 0.007559881079941988, -0.02349466271698475, -0.028088686987757683, -0.01045389473438263, 0.017121750861406326, -0.005068166647106409, 0.014220918528735638, -0.02378777042031288, 0.011445635929703712, 0.02584499679505825, -0.009087400510907173, 0.0018255166942253709, -0.00045355939073488116, 0.014373545534908772, 0.018499527126550674, 0.03572918102145195, -0.009464665316045284, -0.015465451404452324, -0.0064880745485424995, 0.044211775064468384, -0.012155846692621708, -0.007286724168807268, 0.01788017526268959, -0.019279561936855316, -0.006531513761729002, 0.03056069277226925, 0.014454296790063381, 0.05158441141247749, -0.02792077511548996, 0.00807808618992567, -0.02921721525490284, -0.012000993825495243, -0.030216814950108528, -0.01999913528561592, -0.026456886902451515, -0.02788032777607441, 0.0009980269242078066, 0.015000134706497192, 0.02306361496448517, -0.013910873793065548, -0.012270422652363777, 0.03776862844824791, -0.010837269015610218, 0.028549201786518097, -0.026762478053569794, 0.0034484348725527525, -0.012222643941640854, 0.004493029322475195, -0.019746622070670128, 0.019868871197104454, -0.053136952221393585, 0.07181696593761444, 0.04864538833498955, -0.0161749217659235, -0.03016108274459839, -0.03195197507739067, 0.028283586725592613, -0.03205277398228645, -0.033934250473976135, -0.014044382609426975, -0.006828965153545141, 0.01063471008092165, 0.041455209255218506, 0.020538870245218277, -0.02495178021490574, -0.025119293481111526, -0.034320537000894547, 0.005027758423238993, 0.03740091994404793, -0.03195316717028618, -0.03789249062538147, -0.0660393014550209, 0.009050106629729271, 0.010866531170904636, -0.018962616100907326, -0.026142286136746407, 0.03088518977165222, -0.013947623781859875, 0.011067468672990799, 0.030688799917697906, -0.0034273299388587475, 0.007967719808220863, 0.03350972384214401, 0.016344130039215088, 0.016099343076348305, 0.039384495466947556, 0.047574784606695175, -0.0029298176523298025, -0.028260959312319756, 0.05496180057525635, -0.038702551275491714, -0.00934583693742752, -0.027183908969163895, 0.01991170272231102, 0.02422228455543518, 0.05479583889245987, -0.0009996738517656922, 0.045733459293842316, -0.03284770995378494, 0.0053558507934212685, -0.02256636507809162, 0.039670925587415695, -0.010389319621026516, -0.008933530189096928, 0.00943045224994421, 0.004603467881679535, -0.0035939167719334364, 0.0069479066878557205, 0.026578957214951515, 0.031708065420389175, -0.014647739008069038, 0.03125634789466858, -0.012386707589030266, -0.011662839911878109, -0.01724885404109955, 0.024692991748452187, 0.006136600859463215, 0.023297058418393135, 0.026336705312132835, 0.05378478392958641, -0.021298611536622047, 0.04154248908162117, 0.0445193350315094, 0.0018875888781622052, 0.043491676449775696, 0.009205111302435398, -0.02378741279244423, 0.008889044634997845, 0.01427468378096819, 0.0016445169458165765, -0.013524403795599937, -0.03729168698191643, -0.004153006710112095, 0.0019690843764692545, 0.017700690776109695, 0.009992687031626701, -0.052387747913599014, 0.014256146736443043, 0.0009261469240300357, -0.006831193808466196, -0.02592863328754902, 0.03345407545566559, -0.04861552268266678, 0.07239916175603867, 0.011075560934841633, 0.009076454676687717, -0.06248178333044052, -0.03589538484811783, 0.013312428258359432, 0.027459386736154556, 0.01974574476480484, -0.01160400826483965, -0.029444867745041847, -0.013657803647220135, 0.01066391821950674, 0.004859463311731815, -0.021520059555768967, -0.05305095762014389, -0.025878826156258583, -0.018605738878250122, 0.01712118089199066, 0.01385252084583044, -0.024133266881108284, 0.004809599835425615, 0.00011501273547764868, -0.03599365055561066, -0.015130171552300453, 0.03722262755036354, -0.06798168271780014, 0.005422382615506649, 0.002924407133832574, -0.011965814046561718, 0.028599761426448822, 0.08452331274747849, 0.022731618955731392, 0.02192012220621109, -0.039063893258571625, -0.020172948017716408, 0.01681324653327465, -0.018699636682868004, -0.0009566314402036369, -0.052015457302331924, -0.00015342178812716156, 0.007202888373285532, -0.00528699392452836, 0.0035536871291697025, -0.032003287225961685, 0.0044381748884916306, -0.019375266507267952, 0.02772524207830429, -0.0004999581724405289, 0.024719463661313057, -0.01482508983463049, 0.04603073000907898, 0.010253298096358776, -0.004078872036188841, -0.007901576347649097, 0.016098013147711754, 0.02959338016808033, 0.03141584247350693, -0.019075509160757065, -0.018945178017020226, -0.05214597284793854, -0.011268098838627338, -0.05078597739338875, 0.00742335245013237, -0.005660913418978453, 0.0052346838638186455, -0.034805867820978165, -0.05603726580739021, 0.030316613614559174, -0.07840164005756378, 0.012676263228058815, -0.014114124700427055, 0.013180254958570004, -0.004910909570753574, -0.03170255199074745, -0.007559741381555796, 0.02758905291557312, 0.013513190671801567, 0.025873519480228424, 0.03578150272369385, -0.013850978575646877, 0.04093324393033981, 0.05109178274869919, 0.01621166430413723, -0.024511873722076416, -0.02410249039530754, -0.021012509241700172, 0.021651212126016617, -0.03862110897898674, 0.06309731304645538, -0.030865002423524857, 0.023900171741843224, -0.0028119049966335297, 0.007917474023997784, -0.036638401448726654, 0.028292763978242874, -0.04058730602264404, 0.061762735247612, 0.0001705078611848876, -0.05550713464617729, -0.006477658636868, -0.010648244060575962, 0.038584187626838684, -0.0227967482060194, -0.055063776671886444, 0.012905504554510117, -0.0006777268135920167, 0.004900751169770956, 0.00803359691053629, 0.009633630514144897, 0.02700887620449066, 0.023182976990938187, 0.004493537824600935, -0.08146212995052338, -0.01107785478234291, -0.003721238113939762, 0.005058692302554846, -0.03666294366121292, 0.0244793351739645, 0.02556445263326168, -0.030968083068728447, -0.00019552628509700298, -0.02701375260949135, 0.015008287504315376, -0.0025448515079915524, -0.008520758710801601, 0.0012869624188169837, 0.015528926625847816, -0.007692496292293072, -0.006236386019736528, 0.007426301948726177, -0.04363125562667847, -0.02452482469379902, 0.07579334080219269, -0.012889731675386429, 0.025497600436210632, 0.05892808362841606, 0.02392362616956234, 0.034374918788671494, 0.0933833047747612, -0.0263461172580719, -0.01705080084502697, -0.041871752589941025, 0.06525368988513947, 0.020153619349002838, -0.06207524240016937, -0.04864494130015373, 0.041056498885154724, -0.025357769802212715, 0.005444332491606474, 0.007088777609169483, -0.004458956886082888, -0.15366287529468536, -0.0333588607609272, 0.022746680304408073, 0.04371416196227074, 0.006293329410254955, 0.02104521542787552, -0.021834155544638634, -0.0037617264315485954, -0.00015816593077033758, 0.01771802455186844, -0.024661241099238396, -0.06034049391746521, 0.008716439828276634, -0.04220833256840706, 0.0072678811848163605, 0.037573814392089844, -0.0035477003548294306, 0.005319003015756607, -0.0015040684957057238, -0.0061062476597726345, -0.02942952886223793, 0.003893013810738921, 0.021385937929153442, -0.026903465390205383, 0.002070000395178795, -0.00503752613440156, 0.015358438715338707, 0.03669833391904831, -0.018850333988666534, 0.037665024399757385, -0.03461601957678795, -0.029672201722860336, 0.0009539020829834044, -0.027639800682663918, -0.00694724265486002, 0.032112911343574524, 0.008393373340368271, -0.01490231417119503, -0.0024942895397543907, -0.030542274937033653, 0.035122327506542206, 0.013170382007956505, -0.018768930807709694, -0.014598741196095943, 0.007690964266657829, -0.0027691705618053675, 0.002643871121108532, -0.010601172223687172, -0.012688517570495605, -0.08459474891424179, 0.01804395020008087, -0.0020617241971194744, 0.013799666427075863, 0.018006999045610428, -0.04063350707292557, 0.01625477895140648, 0.01782407984137535, 0.06796668469905853, -0.053247276693582535, 0.03667492792010307, 0.01365742553025484, -0.004861403722316027, 0.043554212898015976, -0.039031870663166046, -0.014378679916262627, 0.01793471910059452, 0.07597755640745163, -0.007774608209729195, 0.012059135362505913, 0.002438885858282447, -0.01343582198023796, -0.031888216733932495, 0.04170314967632294, -0.01162898913025856, -0.019958894699811935, 0.0183657668530941, 0.042678430676460266, -0.017518457025289536, 0.003345932113006711, -0.12438641488552094, -0.028507985174655914, 0.01833447441458702, 0.0055044651962816715, 0.048617783933877945, -0.019480662420392036, -0.031364209949970245, -0.0011430904269218445, -0.003966786898672581, 0.01265965960919857, 0.24893173575401306, -0.019329151138663292, 0.029207132756710052, 0.0023392222356051207, 0.03340187668800354, -0.04171520099043846, -0.014014523476362228, 0.032347407191991806, 0.01062414888292551, -0.035460494458675385, 0.00023323087953031063, 0.027851328253746033, 0.0009199721971526742, -0.012337295338511467, 0.020103825256228447, 0.013594813644886017, -0.052836671471595764, 0.0011106907622888684, 0.06962023675441742, 0.0023440259974449873, -0.003583234967663884, -0.07267793267965317, 0.03718191757798195, 0.018512817099690437, -0.06905270367860794, -0.051348160952329636, -0.017376476898789406, 0.030428513884544373, -0.02608502097427845, 0.014194885268807411, -0.008488186635077, 0.0391940176486969, 0.0817384123802185, -0.023817207664251328, -0.017676573246717453, 0.00032766585354693234, 0.0789661779999733, 0.0016783507307991385, -0.02683240920305252, -0.011616641655564308, -0.03159691393375397, 0.005692361854016781, 0.011510489508509636, 0.011656902730464935, -0.05455842614173889, -0.023112844675779343, 0.007618377450853586, 0.018509970977902412, 0.028814325109124184, -0.021029474213719368, 0.04610840231180191, -0.028209399431943893, -0.0072222002781927586, 0.0016816208371892571, 0.03549860417842865, 0.001293357228860259, -0.006267228629440069, 0.022909928113222122, -0.026096723973751068, 0.018516162410378456, 0.017734413966536522, 0.022650567814707756, -0.0218527689576149, 0.018807439133524895, -0.010291078127920628, 0.014662748202681541, -0.014466376043856144, -0.05040280520915985, 0.00910995900630951, 0.06171054765582085, 0.022961823269724846, 0.04118133336305618, 0.02050704136490822, -0.03592175245285034, -0.015405438840389252, -0.01862948387861252, 0.03965410590171814, 0.015157117508351803, -0.02640477940440178, 0.02504579909145832, -0.03151967376470566, 0.011709333397448063, -0.039954785257577896, 0.006489547435194254, 0.0012110464740544558, -0.03762087970972061, -0.006589433178305626, 0.06596682965755463, -0.010722149163484573, -0.0037097185850143433, -0.00023016986961010844, 0.012999961152672768, -0.018313594162464142, 0.006002694834023714, -0.0406305305659771, 0.00599213782697916, -0.010552278719842434, 0.00025422967155463994, -0.06480136513710022, 0.021562395617365837, -0.024218853563070297, 0.009724149480462074, -0.011473320424556732, -0.01876690424978733, 0.0296078622341156, -0.0007176584331318736, -0.00047647018800489604, -0.005848159547895193, 0.014494407922029495, 0.03961276262998581, -0.01692398637533188, 0.030002251267433167, 0.02958766184747219, -0.04989014193415642, -0.03618738427758217, 0.028142573311924934, 0.008801298215985298, 0.027136296033859253, 0.01893247477710247, 0.04698975011706352, -0.017252251505851746, 0.014295186847448349, -0.024892181158065796, 0.022883407771587372, 0.006248238030821085, -0.03792937844991684, -0.025366265326738358, 0.07228678464889526, -0.031699128448963165, 0.034437648952007294, 0.05121792107820511, -0.039530716836452484, -0.02062443643808365, 0.015984736382961273, 0.01594489812850952, 0.022830937057733536, 0.02869121916592121, 0.04333032667636871, -0.004773938562721014, -0.0029606029856950045, -0.037415675818920135, -0.018482038751244545, 0.009656750597059727, 0.02404278703033924, 0.011801389046013355, 0.030573932453989983, -0.016686715185642242, 0.005656753201037645, 0.042500149458646774, 0.01402852963656187, 0.04435314983129501, 0.033960431814193726, 0.012313387356698513, -0.01608397252857685, -0.01438916102051735, -0.0422508530318737, -0.007986423559486866, -0.01061773020774126, 0.04187477380037308, -0.013960650190711021, 0.037710633128881454, 0.015468593686819077, 0.03199483081698418, 0.07033047080039978, -0.03593730553984642, -0.021509528160095215, -0.01966157928109169, 0.022215165197849274, -0.03538404405117035, 0.006880719680339098, -0.029612815007567406, 0.004766035825014114, -0.0609622597694397, 0.04830821976065636, -0.023883061483502388, -0.024103719741106033, -0.004409127403050661, -0.032202281057834625, -0.0327121838927269, -0.03844998776912689, 0.02158193849027157, -0.022778762504458427, -0.049560464918613434, 0.012718564830720425, 0.017588330432772636, -0.004219683352857828, -0.01505154836922884, -0.016620779410004616, 0.01858251914381981, -0.031133199110627174, -0.026571491733193398, 0.12973985075950623, -0.019405607134103775, -0.035797394812107086, 0.03574882820248604, 0.008580107241868973, 0.008680199272930622, 0.03536929562687874, 0.007167292293161154, 0.031214455142617226, 0.008435686118900776, 0.014216057024896145, -0.022900931537151337, 0.02948414720594883, -0.025080259889364243, -0.03312383219599724, -0.023831807076931, 0.02674025297164917, -0.012983374297618866, 0.019145842641592026, 0.010765870101749897, 0.009667797945439816, -0.03783007711172104, -0.008035378530621529, 0.04572430998086929, -0.03036610409617424, 0.06814620643854141, 0.04849734902381897, 0.008214183151721954, -0.006217925809323788, -0.057149775326251984, -0.011846432462334633, -0.011334910057485104, 0.0032595088705420494, 0.0006823648582212627, -0.0011224804911762476, 0.0028971938882023096, -0.02812190167605877, -0.007797004655003548, 0.02902790531516075, -0.009777074679732323, 0.024290237575769424, 0.01317831315100193, -0.004303379915654659, -0.0020360946655273438, 0.01744905859231949, 0.03186098486185074, 0.023517606779932976, 0.030030321329832077, -0.033539727330207825, -0.004986713174730539, -0.029213061556220055, 0.062066592276096344, 0.03662259504199028, 0.009901204146444798, 0.003008676692843437, -0.0324317142367363, -0.015911566093564034, 0.023493895307183266, -0.005559345241636038, 0.021519744768738747, -0.04167819023132324, -0.012406041845679283, -0.02375781163573265, -0.004570453893393278, -0.00332840858027339, -0.012697434984147549, 0.004044863395392895, -0.03171760216355324, 0.009870970621705055, -0.016304442659020424, 0.03170762211084366, 0.00894222967326641, 0.01603146269917488, 0.0036741711664944887, -0.03312096372246742, 0.018182771280407906, -0.024963190779089928, -0.03069309890270233, -0.043609343469142914, -0.04360661283135414, -0.0027020114939659834, -0.03131916746497154, 0.009244893677532673, 0.07855212688446045, 0.013871397823095322, -0.013308292254805565, 0.01258001010864973, 0.00034670610330067575, -0.04934810847043991, -0.08032551407814026, 0.022927481681108475, -0.015353505499660969, 0.012280477210879326, 0.01247495599091053, 0.0088664460927248, 0.05714374780654907, 0.0018308375729247928, -0.013125435449182987, -0.05061784014105797, 0.009303160011768341, 0.0028015729039907455, -0.032814137637615204, 0.017350075766444206, 0.004283077083528042, -0.024465959519147873, -0.027380740270018578, 0.024198045954108238, 0.0018028137274086475, 0.015263170003890991, 0.00833132490515709, -0.004641241859644651, -0.011624704115092754, -0.03122122399508953, -0.021099800243973732, 0.04996966943144798, -0.014234243892133236, -0.023413805291056633, 0.023728441447019577, 0.0028369659557938576, -0.008154746145009995, -0.02867637388408184, -0.009423194453120232, 0.06602969020605087, 0.01633823849260807, -0.023143045604228973, 0.030821362510323524, 0.03121860884130001, 0.012526774778962135, 0.01178364735096693, 0.00702429236844182, 0.005852429196238518, -0.014390397816896439, 0.009095918387174606, -0.029367929324507713, -0.003786848159506917, -0.030918166041374207, 0.023280952125787735, -0.05588102713227272, 0.004356204532086849, -0.049904000014066696, 0.00316798803396523, -0.025081021711230278, 0.016269082203507423, 0.026384390890598297, -0.03726084902882576, 0.03317025676369667, -0.017941849306225777, 0.003944904077798128, 0.010962950065732002, 0.03172485530376434, -0.03080563433468342, 0.07466985285282135, -0.021511299535632133, 0.02484319917857647, -0.015132282860577106, 0.005959007889032364, -0.042768899351358414, -0.035137906670570374, -0.01089178305119276, -0.01826070062816143, 0.01816643960773945, -0.027198700234293938, -0.007565255276858807, -0.013739874586462975, -0.01078946702182293, -0.004471533931791782, 0.005601853597909212, 0.042458754032850266, 0.011979151517152786, -0.011951357126235962, 0.0078056990168988705, -0.08157861977815628, -0.013881828635931015, -0.00396698247641325, 0.026585564017295837, -0.012945495545864105, 0.011503880843520164, -0.02789556048810482, 0.021607456728816032, -0.012380740605294704, -0.004508840851485729, -0.012328442186117172, 0.005287884268909693, -0.02811642549932003, 0.028503557667136192, -0.028308089822530746, 0.022557521238923073, 0.03826151043176651, -0.022280551493167877, 0.00699789822101593, -0.050859853625297546, -0.02295524626970291, -0.043870020657777786, -0.017525671049952507, -0.024706028401851654, -0.04646811634302139, 0.025689003989100456, 0.018239883705973625, 0.06410263478755951, -0.008952276781201363, -0.02158774621784687, -0.014202903024852276, -0.0006585202645510435, -0.16630229353904724, 0.011284231208264828, -0.05591482296586037, 0.014098885469138622, -0.035320479422807693, -0.014552080072462559, -0.036592818796634674, -0.06166680529713631, 0.0035114744678139687, -0.0259886272251606, -0.02995523251593113, -0.023879293352365494, 0.012922217138111591, -0.024667121469974518, -0.018820445984601974, 0.06149908900260925, 0.00190362602006644, 0.0005430023302324116, -0.04373006522655487, 0.024883808568120003, -0.0194311011582613, 0.0016729882918298244, 0.00805597472935915, -0.01622280664741993, -0.003447152441367507, -0.014020600356161594, 0.01509764138609171, -0.0319080613553524, -0.014143160544335842, 0.0037944745272397995, 0.006734980270266533, 0.00589350750669837, 0.028534946963191032, 0.005724885500967503, -0.031610991805791855, 0.040248654782772064, -0.00696169026196003, -0.02296217903494835, -0.003462410531938076, 0.013761737383902073, 0.015236583538353443, 0.012910140678286552, -0.00948177371174097, -0.018063383176922798, 0.06287551671266556, -0.01095087081193924, 0.015626560896635056, -0.027747664600610733, -0.019458292052149773, 0.012748898938298225, -0.054462578147649765, 0.0001138536463258788, -0.04005378112196922, 0.022394167259335518, -0.027704421430826187, 0.0016353505197912455, -0.020245293155312538, 0.015766140073537827, -0.07146427780389786, 0.03780265524983406, -0.0015351391630247235, 0.03460667282342911, 0.0032297936268150806, -0.013031469658017159, -0.0078096105717122555, 0.016169460490345955, -0.05619938671588898, 0.015078612603247166, -0.019974837079644203, -0.01770140789449215, -0.015897728502750397, -0.04731649160385132, -0.01520889438688755, -0.026249853894114494, 0.037449054419994354, 0.03663521260023117, -0.01771644689142704, -0.04164893180131912, -0.010728697292506695, -0.037829626351594925, -0.031213195994496346, -0.018359223380684853, -0.05081640183925629, 0.07619666308164597, 0.05405694991350174, 0.029454704374074936, 0.011599116027355194, 0.011029627174139023, -0.02261361852288246, -0.017667356878519058, -0.032818667590618134, -0.03664644807577133, -0.03810374066233635, 0.0019553075544536114, -0.026612618938088417, 0.026941882446408272, 0.00525618763640523, -0.003308134153485298, 0.011285257525742054, -0.03155942261219025, 0.041930779814720154, 0.01327994279563427, -0.026825934648513794, -0.011702176183462143, -0.03128819540143013, 0.049656596034765244, 0.045034050941467285, 0.004693800583481789, 0.008007807657122612, -0.021566642448306084, -0.11064843833446503, 0.021968843415379524, -0.017131533473730087, -0.0008702714694663882, -0.08997435867786407, 0.00846655759960413, -0.003227975917980075, 0.005109608639031649, 0.005753665696829557, 0.01979108341038227, -0.027578070759773254, -0.07949629426002502, 0.017569852992892265, -0.011334719136357307, 0.050312645733356476, 0.015947600826621056, 0.06380803883075714, 0.042355094105005264, 0.005138774868100882, -0.0021950025111436844, -0.019655520096421242, -0.08858850598335266, 0.01572991907596588, -0.007244402542710304, 0.03935158997774124, -0.013904807157814503, -0.0031609213910996914, 0.047202277928590775, -0.0651019737124443, -0.025075117126107216, -0.04261036217212677, 0.03705392777919769, 0.026342418044805527, -0.036727406084537506, 0.015487361699342728, -0.03493509441614151, 0.015229009091854095, -0.012044606730341911, 0.01859343983232975, -0.027830000966787338, 0.03303231671452522, 0.03512148931622505, -0.04372681304812431, 0.016572805121541023, -0.019249269738793373, 0.016753006726503372, -0.0228054691106081, -0.003361878450959921, -0.0494292788207531, 0.04768392816185951, -0.01705886609852314, -0.0033663674257695675, -0.009071056731045246, 0.0006861169822514057, 0.0006108942325226963, 0.024368571117520332, -0.00600206246599555, 0.009199288673698902, -0.035129670053720474, 0.0405874028801918, 0.002961676334962249, 0.03130965307354927, -0.027886120602488518, -0.0005675496067851782, 0.060290396213531494, -0.04392146319150925, 0.02772144414484501, 0.00928015261888504, 0.006798486225306988, -0.01825588382780552, 0.028436265885829926, 0.005870953667908907, 0.026783794164657593, 0.015591433271765709, -0.01782877743244171, -0.01223099883645773, -0.013940509408712387, -0.009993482381105423, 0.029386358335614204, -0.023736916482448578, -0.023216983303427696, 0.018778176978230476, -0.041751883924007416, -0.015196087770164013, -0.0005262441118247807, 0.028468044474720955, 0.00397852249443531, -0.006458507850766182, -0.003815065138041973, 0.051419585943222046, 0.0009179977350868285, 0.031187549233436584, 0.014159069396555424, -0.02436663955450058, -0.003899372648447752, -0.00825049914419651, -0.016092568635940552, -0.023399002850055695, 0.023213669657707214, 0.03861759603023529, -0.0014585359022021294, 0.034631118178367615, -0.019490094855427742, 0.003103795228525996, -0.027573151513934135, -0.027901889756321907, 0.06449781358242035, 0.03914548456668854, -0.02897387370467186, 0.00429469533264637, 0.018283290788531303, 0.019603554159402847, -0.02212521992623806, -0.012585490942001343, -0.022306913509964943, 0.006499741692095995, -0.01858414337038994, 0.017447955906391144, 0.0194009430706501, 0.011953767389059067, -0.035773370414972305, -0.016166916117072105, 0.004109871573746204, 0.013961059972643852, 0.01652703993022442, -0.022723091766238213, 0.00010347385978093371, 0.04010603204369545, -0.011685356497764587, -0.010381769388914108, 0.04691696539521217, 0.005410579964518547, 0.016979889944195747, -0.011282367631793022]",,
15_1_0_errors_invalid_segment_export_mdx,document,,Invalid Layout or Page Export,,{'related_links': []},15.1.0,"## Why This Error Occurred

Your [layout](/docs/app/api-reference/file-conventions/layout) or [page](/docs/app/api-reference/file-conventions/page) inside the app directory exports an invalid field. In these files, you're only allowed to export a default React component, or [Segment Configuration Options](/docs/app/api-reference/file-conventions/route-segment-config) for layout and pages, such as `revalidate`, `generateStaticParams`, etc.

Other custom exports are not allowed to catch misspelt configuration options and prevent conflicts with future options.

## Possible Ways to Fix It

You can create a new file and co-locate it with the page or layout. In the new file, you can export any custom fields and import it from anywhere.",,"[(np.int64(71), np.float64(0.07425207644701004)), (np.int64(360), np.float64(0.06684065610170364)), (np.int64(707), np.float64(0.09041435271501541)), (np.int64(7013), np.float64(0.2055540382862091)), (np.int64(14231), np.float64(0.2113797962665558)), (np.int64(134456), np.float64(0.2831931710243225)), (np.int64(211032), np.float64(0.3162332773208618))]","[-0.03325162082910538, -0.02861793339252472, -0.01414995826780796, 0.0016231525223702192, -0.015551071614027023, -0.043840184807777405, -0.011314976029098034, 0.010708517394959927, -0.02193591743707657, -0.005760534200817347, -0.009690805338323116, -0.0037291499320417643, 0.01626545935869217, 0.028880447149276733, -0.012707729823887348, 0.02146138995885849, -0.005719942506402731, 0.030008792877197266, 0.024472719058394432, 0.03643745183944702, -0.019735323265194893, -0.0024665354285389185, 0.01034689974039793, -0.029532404616475105, -0.026766764000058174, 0.002582583809271455, -0.02169971913099289, -0.01683344878256321, 0.0333404541015625, -0.029403824359178543, 0.03532618284225464, -0.040479034185409546, 0.0070701357908546925, -0.003149554133415222, -0.021685747429728508, -0.024643652141094208, -0.004573053680360317, -0.007845270447432995, -0.03333636373281479, 0.045591309666633606, -0.037090495228767395, -0.01220401469618082, 0.018429163843393326, -0.05260031297802925, 0.012452804483473301, -0.030024228617548943, 0.040203217417001724, -0.009087088517844677, 0.03637382760643959, -0.021583130583167076, -0.02917107194662094, 5.8174387959297746e-05, 0.032856058329343796, -0.08587825298309326, -0.02639799937605858, 0.018315669149160385, -0.016213802620768547, -0.001978472573682666, -0.0734039768576622, 0.017638826742768288, -0.029785877093672752, -0.038389258086681366, -0.0002720619668252766, -0.012154348194599152, 0.024227995425462723, 0.016485126689076424, 0.001451530959457159, -0.01035534031689167, -0.026592040434479713, -0.049347177147865295, -0.010028407908976078, 0.017530756071209908, -0.08621542155742645, -0.01888570562005043, -0.07152902334928513, 0.003816052572801709, 0.02005903236567974, -0.01070566475391388, -0.023451553657650948, 0.04190889745950699, -0.01718105562031269, -0.018878202885389328, 0.05364236980676651, 0.001015004701912403, 0.054110392928123474, -0.05184507369995117, -0.04772774875164032, 0.01145683228969574, 0.033975813537836075, 0.0058334749191999435, -0.01105604600161314, -0.03249542787671089, 0.053960010409355164, -0.050807733088731766, -0.020566333085298538, 0.02399137057363987, -0.025907916948199272, 0.01644262485206127, 0.031345538794994354, 0.004677464719861746, -0.00724958349019289, 0.03342435881495476, -0.006461001932621002, -0.032150741666555405, 0.08126882463693619, -0.03344832733273506, 0.014372946694493294, -0.0178598053753376, -0.002354284981265664, -0.011045625433325768, 0.00683387229219079, -0.029334956780076027, 0.018178513273596764, 0.00413838867098093, -0.02011885866522789, -0.014385712333023548, 0.012645607814192772, -0.03757629543542862, 0.028379548341035843, 0.05393390730023384, -0.007429392542690039, 0.038606248795986176, 0.03666636720299721, 0.0007038849871605635, 0.02713390439748764, 0.0028092018328607082, 0.019510842859745026, 0.04092089459300041, 0.005309495609253645, 0.060498517006635666, 0.05163523554801941, 0.028389515355229378, -0.048173267394304276, -0.0076521048322319984, -0.021853335201740265, 0.0114167220890522, -0.012317401356995106, 0.020144792273640633, 0.048597414046525955, -0.08146025985479355, -0.007500833831727505, 0.01982644945383072, -0.020828653126955032, -0.008141900412738323, 0.03181270882487297, -0.011970189400017262, 0.05907465144991875, 0.013373886235058308, -0.008138766512274742, -0.018410885706543922, -0.03589225560426712, -0.0035190125927329063, 0.004148830659687519, -0.017869655042886734, 0.05814902111887932, -0.05289929732680321, 0.005312476772814989, 0.0254596509039402, 0.06737292557954788, 0.0173526369035244, -0.015550992451608181, 0.04836958274245262, -0.04393208026885986, -0.0025368747301399708, 0.032540690153837204, -0.021138649433851242, -0.008988623507320881, 0.04276420548558235, -0.05006067827343941, -0.0858687236905098, 0.041492342948913574, 0.02531660906970501, 0.019331887364387512, -0.05342443659901619, 0.018829340115189552, 0.03216282278299332, 0.039871588349342346, 0.021877339109778404, 0.01928252913057804, -0.02215539664030075, -0.040619075298309326, 0.041426390409469604, 0.0006214022287167609, -0.007669250946491957, -0.025902075693011284, 0.007873829454183578, 0.024084025993943214, -0.005490780808031559, -0.007821711711585522, 0.04830624535679817, -0.016148464754223824, 0.0069132051430642605, 0.047730352729558945, 0.016008436679840088, -0.00710834376513958, -0.0019355727126821876, 0.0067867087200284, 0.0362846776843071, -0.04171781241893768, 0.005751938093453646, -0.008538950234651566, 0.010025450959801674, 0.029540441930294037, 0.0050652408972382545, 0.008279640227556229, -0.026088429614901543, -0.01598801091313362, -0.08325070887804031, 0.04065559059381485, -0.036801308393478394, -0.016021639108657837, -0.0038165978621691465, -0.05190936475992203, -0.01827177405357361, -0.0480436347424984, 0.0024237928446382284, 0.009600811637938023, -0.0186275877058506, -0.012403761968016624, -0.03324570879340172, -0.045111749321222305, 0.005027121398597956, -0.03341321274638176, 0.0010177200892940164, 0.01785437949001789, 0.033731669187545776, 0.019951267167925835, -0.029585089534521103, -0.004974936600774527, -0.0030808818992227316, 0.013128221966326237, -0.013479814864695072, 0.050969600677490234, -0.021330419927835464, 0.07445243746042252, -0.01304624043405056, 0.03271932899951935, -0.011145451106131077, 0.005441929679363966, 0.003581182099878788, 0.0026170627679675817, -0.03066752664744854, -0.006716439500451088, 0.014990496449172497, -0.04095546901226044, 0.003963499329984188, -0.005012254696339369, -0.013834000565111637, -0.040817491710186005, -0.07001369446516037, -0.02028566226363182, 0.0328727588057518, 0.0027107184287160635, -0.014807148836553097, 0.02963465452194214, -0.01052174437791109, -0.0053046029061079025, -0.0021650632843375206, -0.029785236343741417, 0.028329912573099136, -0.018385594710707664, -0.018630215898156166, -0.03748702630400658, 0.022261207923293114, -0.0343964584171772, -0.0027966464404016733, -0.047538407146930695, 0.005657469853758812, 0.0027757438365370035, -0.012824339792132378, -0.034610096365213394, 0.042737267911434174, 0.03565298765897751, -0.019162390381097794, 0.04570845887064934, 0.0003467869246378541, -0.03094935417175293, -0.018353775143623352, 0.10385362803936005, -0.007965251803398132, 3.3735337638063356e-05, 0.043373070657253265, 0.05303305760025978, -0.003731329692527652, 0.03469152748584747, 0.025213362649083138, -0.03402085602283478, 0.01386735774576664, 0.0276613961905241, 0.04353334754705429, -0.038696739822626114, -0.022254329174757004, 0.0556265264749527, 0.039077091962099075, 0.023003216832876205, -0.02100115828216076, 0.00472072372213006, -0.14896312355995178, -0.01689816080033779, 0.01289194356650114, -0.021123578771948814, 0.012123034335672855, 0.03350277990102768, -0.029737023636698723, -0.02221669629216194, 0.006392376963049173, 0.008094503544270992, -0.008782142773270607, -0.04391489923000336, -0.04514967277646065, -0.026937758550047874, 0.014428270049393177, -0.00495594646781683, -0.0041434504091739655, 0.02565528266131878, 0.01185691636055708, -0.03422861546278, -0.023301802575588226, -0.07034368067979813, 0.0031258321832865477, 0.02253640629351139, 0.021938873454928398, 0.006092630792409182, 0.05749223753809929, 0.021852247416973114, -0.021872006356716156, 0.01078366581350565, -0.030763570219278336, -0.02428400330245495, 0.009162599220871925, 0.01857699267566204, -0.013240502215921879, 0.007588824722915888, 0.030097415670752525, 0.03750144690275192, -0.03467500954866409, 0.0187339186668396, 0.0034041455946862698, 0.035750068724155426, 0.008617788553237915, 0.002948763547465205, 0.004750129301100969, -0.0008045713184401393, 0.011227567680180073, -0.009442336857318878, -0.0035461352672427893, -0.04537278413772583, 0.007793501019477844, -0.022720176726579666, -0.0025474021676927805, 0.04116532951593399, -0.017614329233765602, 0.021262548863887787, -0.0033870802726596594, 0.027107326313853264, -0.02024783566594124, 0.028214672580361366, 0.006252416875213385, -0.04921923205256462, 0.009456810541450977, -0.0136812012642622, -0.025166351348161697, -0.004338239785283804, 0.07488932460546494, -0.0006180728087201715, 0.008419148623943329, -0.026295213028788567, -0.002242394257336855, -0.021807963028550148, 0.01092582754790783, -0.01063067838549614, 0.017869381234049797, 0.029193218797445297, 0.02458232454955578, 0.02807948738336563, -0.008107082918286324, -0.11110720038414001, 0.008389520458877087, 0.034987423568964005, 0.02451299875974655, 0.011910167522728443, -0.03248899057507515, -0.03480783849954605, 0.00669496413320303, -0.014825442805886269, 0.000741448369808495, 0.22012107074260712, 0.02802092209458351, 0.002817384200170636, 0.004504152573645115, 0.08238460123538971, -0.036535535007715225, 0.009122209623456001, 0.03411388769745827, -0.0009488474461250007, -0.014924883842468262, -0.015919391065835953, 0.005047051701694727, 0.01381058432161808, -0.013391779735684395, 0.004697772674262524, 0.030995827168226242, -0.0389559343457222, 0.026122653856873512, 0.03985506296157837, -0.027792813256382942, 0.0024484433233737946, -0.04070058465003967, 0.04936628043651581, 0.0754900574684143, -0.06118341535329819, -0.05470995232462883, 0.001973213627934456, 0.017675314098596573, -0.01755092293024063, 0.03213929384946823, -0.028218351304531097, 0.027032410725951195, 0.04020454362034798, -0.043245960026979446, -0.05528155341744423, -0.006445818115025759, 0.027169980108737946, -0.044026657938957214, -0.0039920080453157425, 0.013152629137039185, 0.015854552388191223, -0.004883831832557917, -0.004917297977954149, 0.01965407095849514, -0.007507454138249159, -0.02642914094030857, -0.021962707862257957, -0.015643484890460968, 0.007830269634723663, -0.04069262370467186, -0.010875082574784756, -0.01871694065630436, -0.044116534292697906, 0.0015637223841622472, 0.004511959385126829, -0.0006739376694895327, -0.01738179847598076, 0.028410617262125015, -0.023085573688149452, 0.02586432918906212, -0.007213575765490532, 0.014296572655439377, -0.03357749804854393, 0.021199028939008713, -0.057081419974565506, 0.0201815664768219, -0.014799142256379128, -0.04092554748058319, 0.004193098284304142, 0.03741953894495964, 0.01216189470142126, 0.04141756519675255, 0.037884101271629333, 0.0063425106927752495, 0.03651968762278557, -0.02385607920587063, 0.0340726375579834, 0.03446843847632408, -0.03640294075012207, -6.35438846074976e-05, 0.006027671508491039, 0.02310497686266899, -0.04680606722831726, -0.0008927711169235408, 0.034904465079307556, -0.018502533435821533, 0.05910254269838333, 0.022076591849327087, -0.041395626962184906, -0.005335798021405935, 0.029431117698550224, -0.02612716145813465, -0.034721557050943375, 0.03909638151526451, -0.023621881380677223, -0.0030497252009809017, -0.05452906712889671, -0.015915101394057274, 0.01295905839651823, -0.01842205598950386, -0.008612770587205887, -0.026845593005418777, -0.010574936866760254, -0.031202057376503944, 0.04435160756111145, -0.049060553312301636, -0.005291426088660955, -0.02571164071559906, 0.004323970060795546, 0.014089563861489296, -0.031687334179878235, 0.022636331617832184, 0.025139804929494858, -0.04458260163664818, -0.008892000652849674, 0.03723601624369621, 0.038146086037158966, 0.026996660977602005, 0.007673528511077166, 0.02486613020300865, 0.0034041558392345905, -0.012763706967234612, -0.002293087774887681, 0.029175739735364914, 0.011166689917445183, -0.029899263754487038, 0.007329163607209921, 0.019137276336550713, -0.041729021817445755, 0.015033268369734287, -0.008189631626009941, -0.018371231853961945, -0.030007896944880486, 0.07179981470108032, 0.02397744543850422, 0.006674027070403099, 0.022355174645781517, 0.05775678530335426, -0.059213750064373016, 0.00906713493168354, -0.04209525138139725, -0.008499035611748695, 0.006938598118722439, -0.008213519118726254, 0.03657995164394379, 0.017220648005604744, 0.005418815184384584, -0.009724379517138004, -0.002325443783774972, -0.013932590372860432, 0.05248356983065605, 0.013199685141444206, 0.005187504924833775, -0.0615970604121685, 0.0046334960497915745, -0.03188954293727875, 0.0033772748429328203, 0.02409663423895836, 0.02644795924425125, -0.01190763060003519, -0.02319316752254963, 0.025912733748555183, 0.06524938344955444, 0.029169054701924324, 0.02991883084177971, 0.019006825983524323, -0.007430793717503548, 0.018267901614308357, 0.0146163459867239, -0.01930627040565014, 0.02361801452934742, -0.01313419733196497, -0.0506642684340477, 0.016045091673731804, -0.004154315683990717, 0.0523294061422348, -0.014114164747297764, -0.018731003627181053, -0.05827512592077255, -0.017856847494840622, -0.024938898161053658, 0.008929695934057236, -0.05959523469209671, -0.02140931598842144, 0.04727482795715332, 0.01196065079420805, -0.018096784129738808, -0.02942434325814247, 0.03571447357535362, -0.03515920415520668, -0.03908872231841087, 0.11337997764348984, -0.04886976256966591, 2.7103544198325835e-05, 0.022588329389691353, 0.0013005088549107313, 0.017712552100419998, 0.056990109384059906, -0.00859295204281807, 0.003282855497673154, 0.02093770168721676, -0.007754949387162924, 0.010453944094479084, -0.03330032527446747, -0.013885057531297207, -0.001145573565736413, -0.06553750485181808, 0.018733570352196693, -0.050853975117206573, 0.017263781279325485, 0.00403238320723176, 0.0035499504301697016, -0.031633052974939346, -0.01244187168776989, 0.051981810480356216, -0.014173452742397785, 0.09914044290781021, 0.049996182322502136, 0.020750701427459717, -0.03896744176745415, -0.0724824070930481, 0.011253150179982185, -0.009411199018359184, -0.03739931061863899, 0.010439139790832996, 0.03753602132201195, 0.01660418137907982, -0.03212985396385193, -0.008190724067389965, -0.019010327756404877, 0.0014324929798021913, 0.036057889461517334, 0.019311804324388504, -0.039557043462991714, 0.01896861009299755, -0.012525904923677444, 0.013222656212747097, 0.01955406740307808, -0.009750131517648697, 0.00443647475913167, 0.014478837139904499, 0.0025354595854878426, 0.03661138936877251, 0.022847333922982216, -0.011002913117408752, -0.0068906997330486774, -0.03422734886407852, -0.03665439039468765, 0.03106090798974037, 0.01952548883855343, 0.007435321342200041, 0.050562284886837006, 0.012819804251194, -0.00932921189814806, -0.011200573295354843, -0.016343727707862854, -0.006222081836313009, 0.008380178362131119, -0.02909075655043125, 0.013082598336040974, 0.002747931983321905, 0.007924712263047695, 0.005994723178446293, -0.022962048649787903, 0.011085189878940582, -0.04716090112924576, 0.062444206327199936, -0.03486073762178421, -0.012579652480781078, -0.0002159374562324956, -0.0042096409015357494, 0.012083950452506542, -0.02362130582332611, 0.013524829410016537, 0.001487506553530693, -0.008884436450898647, -0.027215732261538506, 0.01669282466173172, 0.043312277644872665, -0.040292732417583466, -0.04302685335278511, -0.015130491927266121, -0.021030304953455925, 0.03451302647590637, 0.014785485342144966, 0.05590974539518356, 0.06630498170852661, 0.014763051643967628, 0.016019098460674286, -0.04825861379504204, -0.0017301869811490178, -0.004652364179491997, -0.02011244371533394, -0.010340122506022453, -0.02009892836213112, -0.006262991577386856, -0.009113497100770473, 0.04590054973959923, 0.004402341321110725, 0.04131289944052696, 0.0241355299949646, -0.006823562551289797, -0.01486234087496996, 0.0008948366739787161, -0.01441477332264185, 0.07446813583374023, 0.016620641574263573, 0.030674878507852554, -0.029764914885163307, -0.002808512421324849, 0.03653577342629433, -0.06757991015911102, 0.036225054413080215, 0.047382015734910965, 0.04324201121926308, -0.030977588146924973, 0.044061530381441116, -0.014533626846969128, -0.007162041962146759, -0.0020522908307611942, 0.04024859517812729, 0.0010309477802366018, -0.013732380233705044, 0.0040404037572443485, -0.006310345605015755, -0.014559577219188213, -0.00300964736379683, -0.06475502997636795, 0.015833068639039993, -0.02385254018008709, -0.02460433728992939, -0.0029797195456922054, 0.005975260864943266, -0.01412197295576334, 0.022711969912052155, 0.0022343373857438564, 0.0026719600427895784, -0.02207772433757782, 0.018901647999882698, 0.03453751280903816, 0.029880020767450333, -0.042936865240335464, 0.050050683319568634, -0.00811157375574112, -0.02074594423174858, -0.009425368160009384, 0.0023439424112439156, -0.009678250178694725, -0.02610958181321621, -0.02910383604466915, -0.053197454661130905, -0.0015577675076201558, 0.004714255686849356, -0.042305298149585724, 0.00031340017449110746, -0.020549600943922997, -0.0078088585287332535, 0.040943071246147156, -0.01830875873565674, 0.013703327625989914, -0.02127198688685894, 0.033070679754018784, 0.007822981104254723, -0.010130932554602623, 0.028766129165887833, -0.0017761258641257882, -0.0035973573103547096, -0.021682649850845337, -0.008977284654974937, -0.003463373752310872, 0.0012814025394618511, 0.015007615089416504, 0.03470955789089203, 0.025919433683156967, 0.022214574739336967, 0.018524950370192528, -0.04747128486633301, 0.018684372305870056, -0.004421158693730831, -0.0008455862407572567, -0.026361040771007538, -0.03885037079453468, -0.0550091452896595, -1.5705445548519492e-05, -0.04069201275706291, -0.011244102381169796, 0.008178392425179482, -0.0005925442674197257, -0.04953861981630325, 0.04703904688358307, 0.0033907992765307426, 0.006367228459566832, -0.07526592165231705, 0.009768271818757057, -0.13596154749393463, -0.007231160532683134, -0.03753505274653435, 0.02285751886665821, -0.0047813779674470425, -0.009221727959811687, -0.02965855970978737, -0.07268373668193817, 0.00566919706761837, -0.04847384989261627, -0.05985231697559357, -0.0272460225969553, 0.04043117165565491, 0.008325266651809216, 0.037087127566337585, 0.046552807092666626, 0.018945110961794853, -0.030012810602784157, -0.0145608801394701, -0.0676041692495346, -0.023006564006209373, 0.011965759098529816, 0.04969416931271553, -0.05390411242842674, -0.023362353444099426, 0.006683042272925377, -0.002587505616247654, -0.0038570568431168795, -0.023478813469409943, 0.011797631159424782, 0.011506346054375172, -0.041660893708467484, 0.020215589553117752, 0.02602015994489193, -0.04601304605603218, -0.0056164683774113655, 0.014309704303741455, 0.006113789509981871, -0.002138006268069148, 0.008292963728308678, -0.012748891487717628, 0.027819901704788208, 0.0031718250829726458, 0.023875689134001732, 0.04144901782274246, 0.021867183968424797, -0.047762587666511536, -0.04494414106011391, -0.0429232232272625, -0.01776866801083088, -0.014774765819311142, 0.04098043590784073, 0.005574224982410669, -0.0037604046519845724, 0.041804391890764236, 0.01799551211297512, -0.028122806921601295, 0.03006373718380928, -0.05078746750950813, 0.0032459476497024298, -0.058994442224502563, 0.04038579761981964, -0.021176649257540703, -0.02041429467499256, 0.007309171371161938, 0.04079804942011833, -0.029267605394124985, 0.03867138549685478, -0.0004521936643868685, -0.014961044304072857, 0.03098357282578945, -0.029098479077219963, -0.027144335210323334, 0.020400112494826317, 0.027564750984311104, -0.015529995784163475, 0.040086373686790466, -0.06518614292144775, -0.013302110135555267, 0.0004379634920042008, -0.02748192846775055, -0.011164742521941662, -0.06435553729534149, 0.037546366453170776, 0.058441899716854095, 0.03916916251182556, -0.021682944148778915, 0.019948678091168404, 0.03094525635242462, -0.011041153222322464, -0.03699471428990364, -0.010099012404680252, 0.007943244650959969, 0.029334133490920067, 0.04138017073273659, 0.028766145929694176, -0.013845030218362808, -0.003915329929441214, 0.010626631788909435, -0.032150574028491974, -0.0186112429946661, -0.042395398020744324, 0.015077830292284489, -2.693887654459104e-05, -0.04614642634987831, 0.04095311462879181, -0.009672427549958229, 0.024927746504545212, 0.008394134230911732, -0.005872243084013462, -0.06512794643640518, 0.002609311370179057, -0.028467418625950813, -0.0038651973009109497, -0.021852895617485046, 0.005104905925691128, 0.009869495406746864, 0.01744607277214527, 0.009250584058463573, 0.010081379674375057, -0.0172455832362175, -0.010058948770165443, -0.009022106416523457, -0.01843525655567646, -0.018360262736678123, -0.023446286097168922, 0.057609837502241135, 0.023589521646499634, -0.008586058393120766, -0.01819266937673092, 0.02998865209519863, -0.012184069491922855, -0.014868378639221191, 0.034182459115982056, 0.011519372463226318, 0.0012894144747406244, -0.02211316116154194, 0.04857951030135155, -0.05839322879910469, 0.003813756862655282, -0.0005458811647258699, -0.05709633231163025, 0.018031757324934006, -0.010611893609166145, 0.01824808679521084, 0.03506791964173317, 0.05359232425689697, -0.018195485696196556, -0.03877794370055199, -0.0026274011470377445, 0.04130835086107254, -0.0006376205128617585, -0.040293943136930466, -0.001368184108287096, -0.011937319301068783, -0.015385417267680168, -0.035371024161577225, -0.026701461523771286, -0.05260930210351944, 0.038558006286621094, -0.02099352516233921, -0.011205148883163929, 0.021089931949973106, -0.006008017808198929, -0.014697480015456676, 0.007227024063467979, 0.009233327582478523, 0.002223242772743106, -0.021748825907707214, 0.01744440197944641, -0.0017001362284645438, 0.06441840529441833, -0.03229241445660591, -0.018244747072458267, 0.05302506312727928, -0.028850998729467392, 0.02839619293808937, 0.0075391498394310474, -0.006660067941993475, -0.024904873222112656, 0.02188759110867977, 0.018956007435917854, 0.026996038854122162, -0.002595958299934864, -9.68717722571455e-05, 0.005113585852086544, 0.021153945475816727, -0.002391490386798978, -0.010441211052238941, -0.019171902909874916, -0.03944537043571472, -0.0391535609960556, 0.00215075071901083, 0.020541545003652573, 0.033954765647649765, 0.01156755443662405, 0.002133594825863838, -0.020167063921689987, -0.053752750158309937, 0.0605793260037899, 0.0629538968205452, -0.014958040788769722, -0.02186722867190838, -0.021421020850539207, 0.017092576250433922, 0.00464308075606823, 0.01026474591344595, -0.027501041069626808, 0.004729702603071928, 0.06380489468574524, -0.007282592356204987, -0.018692621961236, -0.035824183374643326, 0.050859417766332626, -0.0072571830824017525, -0.055689737200737, 0.0485917292535305, -0.03779986500740051, 0.026018863543868065, -0.04512396827340126, 0.024505361914634705, -0.005829174537211657, 0.015103078447282314, -0.013441067188978195, -0.04274868220090866, -0.02238011546432972, -0.00078980514081195, 0.031895652413368225, 0.03191433101892471, -0.013142065145075321, -0.030339807271957397, -0.01891741156578064, -0.006476523354649544, -0.0016269683837890625, 0.025702930986881256, -0.007763471454381943, 0.00572710856795311, 0.02308489941060543, 0.008091069757938385, 0.01812770403921604, 0.0011812298325821757, -0.00013103718811180443, 0.014563390985131264, 0.007550590671598911]",,
15_1_0_errors_invalid_segment_export_mdx_section_1,section,15_1_0_errors_invalid_segment_export_mdx,Invalid Layout or Page Export - Why This Error Occurred,,{},15.1.0,"Your [/docs/app/api-reference/file-conventions/layout](/docs/app/api-reference/file-conventions/layout) or [/docs/app/api-reference/file-conventions/page](/docs/app/api-reference/file-conventions/page) inside the app directory exports an invalid field. In these files, you're only allowed to export a default React component, or [/docs/app/api-reference/file-conventions/route-segment-config](/docs/app/api-reference/file-conventions/route-segment-config) for layout and pages, such as ``, ``, etc.
Other custom exports are not allowed to catch misspelt configuration options and prevent conflicts with future options.
",,"[(np.int64(71), np.float64(0.02262115478515625)), (np.int64(360), np.float64(0.03957643359899521)), (np.int64(707), np.float64(0.07472008466720581)), (np.int64(3293), np.float64(0.1145235151052475)), (np.int64(7013), np.float64(0.1924028992652893)), (np.int64(14231), np.float64(0.21067717671394348)), (np.int64(44084), np.float64(0.11044154316186905)), (np.int64(64240), np.float64(0.07719297707080841)), (np.int64(134456), np.float64(0.2915040850639343)), (np.int64(211032), np.float64(0.3119952976703644)), (np.int64(212059), np.float64(0.21756845712661743))]","[-0.03534272685647011, -0.02965925633907318, -0.01366045419126749, 0.005397701635956764, -0.015455083921551704, -0.0462881438434124, -6.076098725316115e-05, 0.008470193482935429, -0.03491421416401863, 0.0039123655296862125, -2.9743678169324994e-05, -0.0037926454097032547, 0.007375260349363089, 0.02586122788488865, 0.001488769194111228, 0.026623010635375977, 0.00048877764493227, 0.03120698593556881, 0.016206368803977966, 0.028209073469042778, -0.014592507854104042, 0.0039429087191820145, 0.006307267118245363, -0.028168516233563423, -0.012975377961993217, 0.012087998911738396, -0.018949255347251892, -0.02890009805560112, 0.03731553256511688, -0.01573660783469677, 0.036634184420108795, -0.03442937880754471, 0.014439577236771584, 0.007749032229185104, -0.025561442598700523, -0.03784921020269394, 0.00884986575692892, -0.005887284874916077, -0.0351911298930645, 0.02944350615143776, -0.042311716824769974, -0.035949479788541794, 0.014055352658033371, -0.057905539870262146, 0.01892278343439102, -0.02376195602118969, 0.051290884613990784, -0.022800959646701813, 0.027907656505703926, -0.005552904214709997, -0.044184647500514984, 0.001466886606067419, 0.020627109333872795, -0.09068792313337326, -0.022291984409093857, 0.029666973277926445, -0.0212249793112278, -0.021353106945753098, -0.08424203842878342, 0.023090507835149765, -0.020824333652853966, -0.05012783408164978, -0.00026614998932927847, -0.012200642377138138, 0.01901955157518387, 0.01096221711486578, 0.0049743796698749065, -0.015171065926551819, -0.016720369458198547, -0.04795478284358978, -0.012447433546185493, 0.019251013174653053, -0.08800222724676132, -0.03536093235015869, -0.07163884490728378, -0.009721013717353344, 0.011617448180913925, -0.006556889973580837, -0.009400386363267899, 0.04986907169222832, -0.005679648369550705, -0.0022728994954377413, 0.06110319867730141, -0.0020772437565028667, 0.04637126997113228, -0.05434761196374893, -0.05011605843901634, 0.010944103822112083, 0.029610343277454376, 0.024207644164562225, -0.011687858030200005, -0.039742231369018555, 0.042198553681373596, -0.049152884632349014, -0.02549959160387516, 0.011513403616845608, -0.020571600645780563, 0.0169932059943676, 0.019853638485074043, 0.007742840796709061, 0.00686761224642396, 0.012225554324686527, -0.012129941023886204, -0.03616487607359886, 0.07421498000621796, -0.036875590682029724, 0.023148033767938614, -0.009090072475373745, 0.00281350570730865, -0.012450629845261574, 0.013827423565089703, -0.03433343395590782, 0.012738939374685287, 0.015088179148733616, -0.016758831217885017, -0.016197863966226578, 0.014289934188127518, -0.03991172835230827, 0.027061713859438896, 0.057488493621349335, -0.003567387582734227, 0.012674801982939243, 0.02892829105257988, 0.01017313078045845, 0.04824182763695717, 0.007637793198227882, 0.023917289450764656, 0.036237042397260666, 0.004711746703833342, 0.05782122164964676, 0.047351185232400894, 0.03596346825361252, -0.04304486885666847, -0.01636379025876522, -0.013909703120589256, -0.005767802707850933, 0.004082667175680399, 0.0078203734010458, 0.04198659956455231, -0.08730216324329376, -0.01757843606173992, 0.02287372201681137, -0.038703881204128265, -0.008194726891815662, 0.03036489710211754, -0.013585077598690987, 0.05475567281246185, 0.02667589671909809, -0.012213122099637985, -0.033309608697891235, -0.022318851202726364, 0.0022080126218497753, -0.00334532605484128, -0.005586476530879736, 0.061459723860025406, -0.05330861732363701, 0.025691203773021698, 0.03517487645149231, 0.06916514784097672, 0.02095358818769455, -0.016476493328809738, 0.0406341478228569, -0.03526920825242996, 0.006263199262320995, 0.0366620309650898, -0.026020845398306847, -0.005513098556548357, 0.0344572439789772, -0.04155512526631355, -0.08890863507986069, 0.014821846969425678, 0.0467665009200573, 0.012574038468301296, -0.041183050721883774, 0.029616830870509148, 0.0383637510240078, 0.05347416549921036, 0.016178326681256294, 0.022024033591151237, -0.031217223033308983, -0.03923630341887474, 0.04070897400379181, -0.0023739745374768972, 0.008350864984095097, -0.02913113683462143, 0.019829535856842995, 0.013775946572422981, 0.006650312803685665, -0.010768979787826538, 0.04870506003499031, -0.006268869154155254, -0.0048294044099748135, 0.03523274138569832, 0.018400181084871292, -0.010454767383635044, -0.004573352634906769, 0.009605499915778637, 0.03695570304989815, -0.05447157099843025, -0.019060714170336723, 0.0027087980415672064, 0.011362028308212757, 0.023698367178440094, 0.005719213280826807, 0.0014577037654817104, -0.030038882046937943, -0.02227904088795185, -0.06999529153108597, 0.032759055495262146, -0.038812339305877686, -0.011773409321904182, -0.023037875071167946, -0.031741127371788025, -0.025271059945225716, -0.0361771434545517, -0.002858692780137062, -0.012593824416399002, -0.03342197835445404, -0.013278963975608349, -0.03284933790564537, -0.0375543013215065, 0.007666662335395813, -0.024806439876556396, 0.0008470459724776447, 0.004085206426680088, 0.026407571509480476, 0.004872879944741726, -0.01783221960067749, 0.0018027808982878923, -0.0005143527523614466, 0.02148187905550003, -0.013708221726119518, 0.04023589938879013, -0.03174766153097153, 0.08368329703807831, -0.01730618253350258, 0.03433918207883835, -0.012781033292412758, 0.00617406889796257, 0.003323943819850683, -0.0014105378650128841, -0.031416960060596466, -0.008739245124161243, 0.03428705036640167, -0.03468948230147362, 0.004557472188025713, -0.0042340559884905815, -0.002111768815666437, -0.026546109467744827, -0.08149658888578415, -0.01190817542374134, 0.028105473145842552, -0.00418156199157238, -0.009457633830606937, 0.02807002142071724, -0.0006548541132360697, 0.003007537918165326, 0.007097273599356413, -0.02351250872015953, 0.01675417646765709, -0.025395022705197334, -0.012790888547897339, -0.027446314692497253, 0.02662072144448757, -0.044275913387537, -0.014426900073885918, -0.039245184510946274, 0.0011596315307542682, 0.00960971973836422, -0.010326470248401165, -0.04750705882906914, 0.05366918072104454, 0.030443772673606873, -0.022982068359851837, 0.037102386355400085, 0.004477357491850853, -0.03436163812875748, -0.021819129586219788, 0.104899562895298, -0.012007275596261024, 0.021864499896764755, 0.04543950781226158, 0.05972358211874962, -0.0038847827818244696, 0.040311288088560104, 0.010738039389252663, -0.028067825362086296, 0.02249842882156372, 0.01228128932416439, 0.05259166285395622, -0.03733906149864197, -0.005779735743999481, 0.06378397345542908, 0.035310644656419754, 0.00686058821156621, -0.03236538544297218, -0.0011331039713695645, -0.136154904961586, -0.006362278945744038, 0.014937542378902435, -0.019938116893172264, 0.028218338266015053, 0.041252970695495605, -0.044275857508182526, -0.008295898325741291, 0.013574661687016487, 0.011935600079596043, -0.007353392895311117, -0.045866452157497406, -0.0469229556620121, -0.044424399733543396, 0.01288596447557211, 0.0005392130115069449, -0.010000692680478096, 0.01840929128229618, 0.010710579343140125, -0.027832133695483208, -0.01244361512362957, -0.04354936257004738, 0.00199086288921535, 0.025265077129006386, 0.018160952255129814, 0.00534167280420661, 0.06010475382208824, 0.013848680071532726, -0.011354494839906693, 0.010609024204313755, -0.03793727979063988, -0.027292877435684204, 0.006579060573130846, 0.006249664351344109, -0.014738885685801506, -6.554301944561303e-05, 0.0385962575674057, 0.01822008192539215, -0.03688916936516762, 0.011170425452291965, 0.004178227391093969, 0.04011162370443344, 0.01298915222287178, 0.006767586804926395, 0.013990621082484722, -0.003389597637578845, -0.009322080761194229, -0.022406820207834244, 0.007568677421659231, -0.03402349725365639, 0.024473637342453003, -0.028219779953360558, -0.0020391889847815037, 0.031123505905270576, -0.030487285926938057, 0.012262552976608276, 0.004647102672606707, 0.019876500591635704, -0.010539881885051727, 0.03712405264377594, -0.0015058089047670364, -0.04173632711172104, 0.020718326792120934, -0.0002802947710733861, -0.023980000987648964, 7.164212001953274e-05, 0.08503986895084381, 0.005766718182712793, 0.004620142746716738, -0.020220931619405746, -0.004705671686679125, -0.012673198245465755, 0.023988615721464157, -0.014169765636324883, -0.0031578021589666605, 0.016697052866220474, 0.026269806548953056, 0.025747569277882576, -0.011669238097965717, -0.11063343286514282, 0.0034604696556925774, 0.03432897478342056, 0.01785837858915329, 0.018134349957108498, -0.03723755106329918, -0.03435045853257179, 0.00380057655274868, -0.009220590814948082, 0.006836676504462957, 0.21268847584724426, 0.018122892826795578, 0.0078085134737193584, 0.010925336740911007, 0.08551780134439468, -0.01977267861366272, -0.004314193036407232, 0.03378396853804588, -0.005954437423497438, -0.011565002612769604, -0.014299610629677773, -0.005538624711334705, 0.009958596900105476, -0.027522137388586998, -0.006167036481201649, 0.012947467155754566, -0.03857564181089401, 0.007399478927254677, 0.03711814805865288, -0.019358953461050987, 0.007839817553758621, -0.04661540314555168, 0.050120290368795395, 0.07363133132457733, -0.06782831996679306, -0.03400374576449394, 0.0052199293859303, 0.022307200357317924, -0.008372657932341099, 0.027196964249014854, -0.021440165117383003, 0.0313568189740181, 0.040285926312208176, -0.0390019528567791, -0.0561801940202713, -0.010731758549809456, 0.023147206753492355, -0.03663265332579613, -0.007204967085272074, 0.006712594069540501, 0.004000610206276178, -0.01403262559324503, -0.004392968025058508, 0.01794549822807312, -0.0014126019086688757, -0.03738934546709061, -0.02310527116060257, -0.007085614837706089, 0.001005731406621635, -0.04349365457892418, -0.012952730990946293, -0.02594982460141182, -0.04582987353205681, 0.008409584872424603, 0.01841808669269085, -0.0028376418631523848, -0.020219730213284492, 0.04274376481771469, -0.023747500032186508, 0.037887781858444214, -0.0091788275167346, 0.012091491371393204, -0.02396629936993122, 0.03125814348459244, -0.041466496884822845, 0.02496720291674137, -0.01476193219423294, -0.05197621509432793, 0.014603212475776672, 0.04119718074798584, 0.015522478148341179, 0.04492883011698723, 0.038392696529626846, 0.00809771753847599, 0.04117131233215332, -0.02127983421087265, 0.020833078771829605, 0.029621507972478867, -0.035239480435848236, 0.009773357771337032, 0.0011665979400277138, 0.02329728752374649, -0.03908217325806618, -7.300949800992385e-05, 0.029767585918307304, -0.030918177217245102, 0.04390500858426094, 0.009531908668577671, -0.025621576234698296, -0.0019834672566503286, 0.03216942399740219, -0.0380496084690094, -0.022441871464252472, 0.029682692140340805, -0.0005182666936889291, -0.01098327711224556, -0.06376419961452484, -0.004912060219794512, 0.005422547925263643, -0.027548898011446, 0.0014422283275052905, -0.016260452568531036, -0.020865274593234062, -0.04131609946489334, 0.04421568661928177, -0.029245268553495407, -0.007768684532493353, -0.039724916219711304, 0.011825689114630222, 0.013437921181321144, -0.03364334627985954, 0.022354943677783012, 0.023563168942928314, -0.04696260020136833, -0.015416672453284264, 0.043936606496572495, 0.04887448996305466, 0.03869815915822983, 0.0032782198395580053, 0.025111999362707138, -0.003118012100458145, -0.026156295090913773, 0.00913136638700962, 0.026909029111266136, 0.00046938942978158593, -0.036005813628435135, -0.012204333208501339, 0.0014470972819253802, -0.0385749489068985, 0.02981588989496231, -0.01206396333873272, -0.021906789392232895, -0.04794220253825188, 0.0700736716389656, 0.01843910664319992, -0.006312079727649689, 0.03523438796401024, 0.06425020098686218, -0.07556647807359695, -0.00538207683712244, -0.05237852409482002, -0.0010751625522971153, 0.008862696588039398, -0.008769573643803596, 0.04728567227721214, 0.021684177219867706, 0.005351455882191658, -0.010045857168734074, 0.010641973465681076, -0.022628266364336014, 0.03949599713087082, 0.017472991719841957, 0.015606716275215149, -0.07138979434967041, 0.008315244689583778, -0.04223436117172241, 0.006280373781919479, 0.03812437132000923, 0.013991767540574074, -0.011435644701123238, -0.023803578689694405, 0.03699365258216858, 0.06374337524175644, 0.020537780597805977, 0.028976770117878914, 0.034508198499679565, -0.009017381817102432, 0.002045823261141777, 0.024689441546797752, -0.029306685552001, 0.010199529118835926, -0.0008017001091502607, -0.057236313819885254, 0.004490513354539871, 0.01658540591597557, 0.03893355280160904, -0.0212421678006649, -0.016420532017946243, -0.03923717886209488, -0.03560962155461311, -0.02155454270541668, 0.002148495987057686, -0.04257391393184662, -0.02162482589483261, 0.04316192865371704, 0.007430289406329393, -0.027030935510993004, -0.03126964718103409, 0.03772248700261116, -0.04646581411361694, -0.034415919333696365, 0.10569813847541809, -0.037675000727176666, -0.006245486903935671, 0.02239883318543434, 0.008569733239710331, 0.009178862906992435, 0.05837512016296387, -0.008586538024246693, 0.004501299932599068, 0.025960352271795273, -0.00957004725933075, 0.01762908324599266, -0.039160508662462234, -0.012765328399837017, 0.0016561648808419704, -0.07035422325134277, 0.01157278660684824, -0.06040066108107567, 0.02378683350980282, -0.011637584306299686, -0.009874947369098663, -0.0228600911796093, -0.02147330529987812, 0.05278310924768448, -0.004256809130311012, 0.0936894565820694, 0.052103713154792786, 0.03515606001019478, -0.04395277798175812, -0.061363521963357925, 0.009902467019855976, -0.009325209073722363, -0.03935755044221878, 0.029956139624118805, 0.04065275937318802, 0.018722353503108025, -0.020578406751155853, -0.009906996041536331, -0.01605403982102871, 0.0018223089864477515, 0.03543766587972641, 0.008417937904596329, -0.02235378697514534, 0.014575295150279999, -0.020545100793242455, 0.002392796566709876, 0.02250898815691471, -0.014718971215188503, 0.0044008162803947926, 0.013915196061134338, 0.004700762685388327, 0.039121001958847046, 0.00921122170984745, -0.017851078882813454, -0.016048984602093697, -0.027839815244078636, -0.044030580669641495, 0.043157096952199936, -0.0005877650110051036, -0.01203190814703703, 0.0446263812482357, 0.005245350766927004, -0.005193226505070925, -0.009481936693191528, -0.026449790224432945, 0.003156088525429368, 0.006395478267222643, -0.023474538698792458, 0.021925801411271095, -0.003380510723218322, 0.01451514009386301, 0.007136376108974218, -0.02925533801317215, 0.005775388330221176, -0.020060818642377853, 0.06856180727481842, -0.03191216289997101, -0.01569935865700245, -0.010609131306409836, -0.009448176249861717, 0.014916947111487389, -0.027698736637830734, 0.004909518640488386, 0.0123970378190279, -0.008135714568197727, -0.036019206047058105, 0.020893072709441185, 0.04798736050724983, -0.041655033826828, -0.025774693116545677, -0.0060548060573637486, -0.008641276508569717, 0.03519118204712868, 0.01553704310208559, 0.0504344217479229, 0.05494384095072746, 0.017572781071066856, 0.028226152062416077, -0.03968000039458275, -0.0087742256000638, 0.0018924021860584617, -0.02662680484354496, -0.0066393339075148106, -0.020740598440170288, -0.0036468198522925377, -0.01226281002163887, 0.04195990040898323, -0.0064068445935845375, 0.04573991894721985, 0.019137736409902573, -0.014744481071829796, -0.01386475469917059, 0.008266364224255085, 0.0003115789731964469, 0.08105283230543137, 0.024350428953766823, 0.008849222213029861, -0.02748483046889305, -0.00959397666156292, 0.035815443843603134, -0.056399550288915634, 0.03621756657958031, 0.03730596974492073, 0.052308838814496994, -0.031687166541814804, 0.03036246821284294, -0.008756875060498714, -0.0038554214406758547, -0.004011106677353382, 0.037492185831069946, 0.011669418774545193, -0.012281697243452072, -0.003904906567186117, -0.016743693500757217, -0.012291363440454006, 0.005723859649151564, -0.06566793471574783, 0.03448309004306793, -0.01784709095954895, -0.029466217383742332, 0.0004546425479929894, 0.003189629875123501, -0.012954904697835445, 0.044126588851213455, -0.008025577291846275, 0.011391544714570045, -0.020864056423306465, 0.01609783247113228, 0.03780483081936836, 0.027484379708766937, -0.05487387627363205, 0.05484272539615631, -0.0004232107603456825, -0.019426533952355385, -0.015596411190927029, 0.012728892266750336, -0.021306674927473068, -0.012555355206131935, -0.016069959849119186, -0.04932551831007004, -0.01395544782280922, 0.0034760984126478434, -0.03646459802985191, -0.008420310914516449, -0.0243156086653471, -0.007846563123166561, 0.03765200078487396, -0.013374242931604385, 0.017888903617858887, -0.012578795664012432, 0.04504396393895149, 0.009042843244969845, -0.0024184987414628267, 0.03035769984126091, -0.012085417285561562, -0.007391046732664108, -0.0350634939968586, -0.0148963313549757, -0.0037966365925967693, 0.008157889358699322, 0.014708837494254112, 0.031729184091091156, 0.022984709590673447, 0.02134103514254093, 0.002683431375771761, -0.046418704092502594, 0.015567634254693985, 0.002846429357305169, -0.012371888384222984, -0.01312826294451952, -0.04683690145611763, -0.056398458778858185, 0.0019908780232071877, -0.032133981585502625, -0.014931443147361279, 0.023262759670615196, 0.0066670808009803295, -0.040409889072179794, 0.03919205069541931, -0.01454907190054655, -0.0002713632711675018, -0.07325749844312668, 0.007535234093666077, -0.13826337456703186, 0.0019900959450751543, -0.04627416655421257, 0.028905298560857773, -0.013454356230795383, -0.009841430932283401, -0.026490934193134308, -0.06187239661812782, 0.02479328028857708, -0.04691741243004799, -0.06694544851779938, -0.03747205063700676, 0.03634975850582123, 0.006538690999150276, 0.030210090801119804, 0.03048989549279213, 0.016835521906614304, -0.025615064427256584, -0.002209787257015705, -0.07390788197517395, -0.014637568965554237, 0.007799893617630005, 0.04990215227007866, -0.050632186233997345, -0.024225354194641113, 0.007081577088683844, -0.009386694990098476, -0.000909286318346858, -0.024337081238627434, 0.028017058968544006, 0.00990932434797287, -0.031178997829556465, 0.011135234497487545, 0.035432178527116776, -0.05040268227458, 0.009316382929682732, 0.010189230553805828, -0.0009403502917848527, -0.0024735857732594013, -0.0025028923992067575, -0.005247496068477631, 0.027989652007818222, 7.74397631175816e-05, 0.015369092114269733, 0.04199271276593208, 0.022314144298434258, -0.04011048376560211, -0.036024391651153564, -0.03997250273823738, -0.018253697082400322, -0.03726505488157272, 0.03759010136127472, 0.022796539589762688, 0.002278201514855027, 0.03208998218178749, 0.020630355924367905, -0.02360745333135128, 0.036321353167295456, -0.05801409110426903, 0.018351130187511444, -0.056669384241104126, 0.0443401038646698, -0.026418378576636314, -0.0046515618450939655, 0.005054911598563194, 0.03959920257329941, -0.036100275814533234, 0.037997372448444366, -0.001975992461666465, -0.018997294828295708, 0.018004391342401505, -0.03449208661913872, -0.035112809389829636, 0.0192234106361866, 0.02452288195490837, -0.012717744335532188, 0.04075324162840843, -0.046784646809101105, -0.000914019241463393, -0.0089332340285182, -0.01822192780673504, -0.00312721892260015, -0.07264485210180283, 0.03848828002810478, 0.05490073561668396, 0.04177127033472061, -0.016466591507196426, 0.013058522716164589, 0.029699858278036118, 0.001084788702428341, -0.031315878033638, -0.009014400653541088, 0.0041446262039244175, 0.020409969612956047, 0.04554835706949234, 0.02087283879518509, -0.022827990353107452, -0.008414887823164463, 0.022105533629655838, -0.0301536675542593, -0.020399361848831177, -0.04791013151407242, 0.019439060240983963, -0.005473440978676081, -0.047745220363140106, 0.04929601773619652, -0.010943259112536907, 0.0238039493560791, -0.001960993278771639, -0.016890300437808037, -0.07554619014263153, -0.008415400981903076, -0.03138894587755203, 0.003614670829847455, -0.03089413233101368, -0.005949086509644985, 0.020613284781575203, 0.006436188239604235, 0.02175791747868061, 0.003779917024075985, -0.022402863949537277, -0.018570009618997574, 0.0023370389826595783, -0.02959616295993328, -0.0259607695043087, -0.020299848169088364, 0.041872695088386536, 0.024401547387242317, -0.016760196536779404, -0.03143591433763504, 0.025523947551846504, -0.010931519791483879, -0.0088606933131814, 0.02872559241950512, 0.008633778430521488, 0.00016115227481350303, -0.014132991433143616, 0.056114811450242996, -0.05487819015979767, 0.0023329707328230143, -0.013557413592934608, -0.05888775363564491, 0.009193587116897106, -0.004866347648203373, 0.019031349569559097, 0.028722789138555527, 0.07180443406105042, -0.0030699593480676413, -0.03524653613567352, -0.005219588056206703, 0.050658054649829865, 0.003842387581244111, -0.03570324555039406, 0.011197593994438648, -0.01203919667750597, -0.014070957899093628, -0.025426799431443214, -0.0191020704805851, -0.049179740250110626, 0.039506737142801285, -0.014075410552322865, -0.007765906397253275, 0.025949884206056595, 0.0006171859567984939, -0.004447105806320906, 0.009194709360599518, 0.005296103190630674, -0.006198333576321602, -0.01510403398424387, 0.0189268346875906, -0.0008283093338832259, 0.06258957087993622, -0.021958040073513985, -0.014689341187477112, 0.044880203902721405, -0.020621567964553833, 0.0387420691549778, 0.014463580213487148, -0.0042975591495633125, -0.019563449546694756, 0.021941320970654488, 0.014237676747143269, 0.039760369807481766, -0.008810020983219147, -0.00042837602086365223, 0.014551439322531223, 0.009143905714154243, -0.015490646474063396, -0.02198639139533043, -0.026111049577593803, -0.04058852046728134, -0.02271130494773388, -0.006711009424179792, 0.014614545740187168, 0.022562220692634583, 0.017238285392522812, -0.0012002461589872837, -0.018526948988437653, -0.040534526109695435, 0.06365358829498291, 0.062028802931308746, -0.017796969041228294, -0.02786320447921753, -0.03920086845755577, 0.00913015566766262, 0.0021706593688577414, -0.003496793797239661, -0.04120109602808952, 0.008894569240510464, 0.06467356532812119, 0.006375976372510195, -0.004725866485387087, -0.04981308802962303, 0.05063403397798538, 0.010979724116623402, -0.04273166134953499, 0.040434930473566055, -0.007497008424252272, 0.009790233336389065, -0.04486432671546936, 0.012399415485560894, -0.004906197544187307, 0.01663392409682274, -0.008495967835187912, -0.04665495827794075, -0.015778539702296257, -0.017118919640779495, 0.01990174688398838, 0.03472524508833885, -0.011222109198570251, -0.03500531241297722, -0.002449061954393983, -0.004801338538527489, 0.0023443750105798244, 0.04062461853027344, -0.008169091306626797, 0.0011652079410851002, 0.014305582270026207, 0.02390679344534874, 0.0051050675101578236, -0.007068643346428871, 0.00021466946054715663, 0.021902890875935555, 0.00604432076215744]",,
15_1_0_errors_invalid_segment_export_mdx_section_2,section,15_1_0_errors_invalid_segment_export_mdx,Invalid Layout or Page Export - Possible Ways to Fix It,,{},15.1.0,"You can create a new file and co-locate it with the page or layout. In the new file, you can export any custom fields and import it from anywhere.
",,"[(np.int64(47), np.float64(0.005517847836017609)), (np.int64(71), np.float64(0.0745762512087822)), (np.int64(360), np.float64(0.07973843812942505)), (np.int64(707), np.float64(0.08720609545707703)), (np.int64(1650), np.float64(0.03059961646795273)), (np.int64(2661), np.float64(0.033657774329185486)), (np.int64(7013), np.float64(0.20912745594978333)), (np.int64(14231), np.float64(0.23235490918159485)), (np.int64(42261), np.float64(0.08894593268632889)), (np.int64(96746), np.float64(0.1960640251636505)), (np.int64(115861), np.float64(0.10555677115917206)), (np.int64(134456), np.float64(0.3062901496887207)), (np.int64(211032), np.float64(0.3258197009563446))]","[-0.023482946678996086, -0.02333950065076351, -0.03970934450626373, 0.05397149920463562, -0.008841224014759064, -0.0037317278329283, -0.01258685439825058, -0.0036422857083380222, 0.03711307421326637, -0.012513895519077778, 0.0006009957287460566, 0.028510011732578278, -0.022338658571243286, 0.03759501501917839, -0.03681580349802971, 0.03367535024881363, -0.02245710976421833, 0.011912846937775612, 0.019444551318883896, 0.014220071025192738, -0.06233026087284088, -0.03720579668879509, 0.01614084281027317, -0.03096792846918106, -0.03086099587380886, -0.02476535551249981, 0.010272826999425888, 0.014933791011571884, 0.023151520639657974, -0.0011516980594024062, 0.024093518033623695, -0.01279355026781559, 0.011214506812393665, 0.009441548958420753, 0.0003760116524063051, -0.055675528943538666, -0.028536640107631683, -0.003906678408384323, -0.033421289175748825, 0.020896488800644875, -0.019980421289801598, 0.03757287189364433, 0.011933376081287861, -0.03742120787501335, 0.01871372014284134, -0.03159826621413231, -0.012150430120527744, 0.01076874416321516, -0.02924223430454731, -0.054196521639823914, -0.00040358168189413846, 0.021834172308444977, -0.002270905766636133, -0.10104051232337952, -0.013674099929630756, 0.07087445259094238, -0.03290450572967529, -0.015591028146445751, -0.03222249075770378, -0.008667741902172565, -0.020347189158201218, 0.0011711771367117763, -0.0026649124920368195, -0.01529595535248518, -0.0065085249952971935, 0.04722139239311218, -0.03500865027308464, 0.02438153699040413, -0.02383996918797493, -0.060132164508104324, 0.002194290515035391, 0.012664522975683212, -0.054558802396059036, -0.018439335748553276, -0.042518675327301025, -0.010048587806522846, 0.01045813038945198, -0.01934823952615261, -0.03045259229838848, 0.00708664720878005, -0.02427808940410614, -0.008059111423790455, 0.02029445953667164, 0.010664868168532848, 0.0334026925265789, -0.02082962542772293, 0.0006908258656039834, 0.05318431183695793, 0.007323164492845535, 0.005211536772549152, -0.05664917081594467, -0.004867980722337961, 0.07308495044708252, -0.05136346444487572, -0.02019384689629078, 0.025668855756521225, 0.0026058771181851625, 0.035193219780921936, 0.021204354241490364, -0.0020590880885720253, 0.015302264131605625, 0.0029022397939115763, 0.012624610215425491, 0.04061907157301903, 0.05867227539420128, -0.017274735495448112, -0.020410435274243355, 0.024902114644646645, 0.01091083511710167, -0.035900697112083435, 0.031121445819735527, -0.028754839673638344, 0.013902992941439152, 0.0002634674310684204, -0.0001797636941773817, -0.009912467561662197, 0.010440552607178688, -0.029260965064167976, -0.007849564775824547, 0.02924473211169243, -0.017448943108320236, 0.0654967874288559, 0.07523942738771439, 0.0042463913559913635, -0.031602632254362106, 0.007633944973349571, 0.03459243103861809, -0.031745221465826035, -0.018715953454375267, 0.0029228965286165476, 0.04368317499756813, 0.08560061454772949, 0.001529709086753428, -0.0033582074102014303, 0.012343457899987698, -0.019695008173584938, -0.007616810966283083, 0.03228083997964859, -0.0157605167478323, -0.021479245275259018, 0.005524809472262859, -0.03988116607069969, -0.011103243567049503, -0.04981255531311035, -0.001573622808791697, -0.015965674072504044, 0.08104486018419266, 0.04430864378809929, 0.017535047605633736, -0.018170887604355812, -0.014008619822561741, 0.02474909834563732, 0.00432105828076601, 0.001526259700767696, 0.017935819923877716, -0.07019177824258804, -0.012150567024946213, 0.039895523339509964, -0.017982561141252518, -0.003103286027908325, -0.003310917178168893, -0.02268514223396778, -0.06284575909376144, 0.013682384975254536, 0.06037053465843201, -0.03783530741930008, 0.01135297305881977, 0.025517554953694344, -0.03671620413661003, -0.05350650101900101, 0.05683082714676857, 0.006189736537635326, 0.03093966469168663, 0.0001851152628660202, 0.036275073885917664, 0.04501905292272568, 0.01933835819363594, 0.03186934441328049, 0.015080923214554787, -0.03154673054814339, -0.014743455685675144, 0.03250138461589813, -4.6721543185412884e-05, -0.02788381092250347, -0.02517821453511715, 0.03464730456471443, -0.04948720335960388, -0.04286442697048187, 0.008315146900713444, 0.011560840532183647, -0.03656596690416336, 0.02014346420764923, 5.538988989428617e-05, 0.046163298189640045, 0.028167149052023888, -0.006994799245148897, 0.02154451794922352, 0.045152414590120316, -0.004978645592927933, 0.008890853263437748, -0.0017849600408226252, 0.03691355139017105, 0.01041390560567379, 0.014185079373419285, -0.0009323999984189868, -0.03549738600850105, 0.0011412616586312652, -0.08048245310783386, -0.0037576633039861917, -0.02821325697004795, 0.007357195485383272, -0.02325332537293434, -0.04998725652694702, -0.034060511738061905, -0.04548782855272293, 0.022406598553061485, 0.03847986087203026, 0.05127740278840065, 0.02804839424788952, -0.02559964545071125, 0.0042780800722539425, 0.00454041687771678, 0.02629193849861622, -0.01719791442155838, -0.003679456887766719, 0.011854522861540318, 0.04416198655962944, -0.04852048680186272, 0.005369960330426693, -0.017893988639116287, -0.05009371414780617, 0.015699386596679688, 0.046092741191387177, 0.004942897707223892, -0.008534915745258331, -0.04704846069216728, -0.020022906363010406, 0.027827007696032524, -0.023780664429068565, -0.016397681087255478, 0.009997587651014328, 0.012259293347597122, -0.00825030729174614, 0.001996986335143447, -0.008896811865270138, 0.008629570715129375, -0.014081847853958607, 0.004573925863951445, -0.047978442162275314, -0.010668711736798286, 0.007587330415844917, 0.02164965681731701, -0.03369197994470596, 0.020474569872021675, 0.030073951929807663, -0.00970538705587387, 0.0369749516248703, 0.006744418293237686, -0.025860700756311417, 0.02745458297431469, 0.005150942597538233, 0.021410346031188965, -0.04802193120121956, 0.018193308264017105, 0.008843234740197659, -0.013055347837507725, -0.03427404537796974, -0.03680820390582085, 0.03652951121330261, 0.018528040498495102, 0.03200596570968628, 0.021746188402175903, 0.014492878690361977, -0.02828317880630493, 0.0048318528570234776, 0.02479034662246704, -0.03268267959356308, -0.022521842271089554, 0.0785403698682785, -0.02740275301039219, -0.011765958741307259, 0.03518347069621086, 0.04827786237001419, 0.016449907794594765, 0.011540033854544163, -0.0016305475728586316, -0.030698301270604134, -0.0026409735437482595, 0.04428793117403984, 0.011056198738515377, -0.04962923005223274, 0.007342979311943054, 0.04137595742940903, -0.017130952328443527, 0.006291259545832872, 0.022443965077400208, 0.011198465712368488, -0.16717343032360077, -0.02333233132958412, 0.010966172441840172, -0.0026453956961631775, -0.0007251186179928482, -0.007491765543818474, -0.02937399037182331, -0.0395439974963665, -0.02408698946237564, 0.036998700350522995, -0.0102368900552392, -0.049250852316617966, -0.059840478003025055, -0.022978447377681732, 0.06574581563472748, 0.00645045330747962, -0.025575386360287666, 0.015815965831279755, -0.061950359493494034, -0.0399584025144577, -0.04279402270913124, -0.07190612703561783, 0.03751857578754425, 0.009072895161807537, 0.03433024138212204, 0.03357638046145439, 0.027750058099627495, 0.018791859969496727, -0.002068295143544674, -0.006215832196176052, 0.019858693704009056, 0.023725662380456924, 0.025184212252497673, -0.00024327522260136902, -0.02859850414097309, -0.02890029177069664, -0.02471666783094406, 0.020722568035125732, -0.020314602181315422, -0.012722440995275974, -0.010770834982395172, 0.016254538670182228, 0.0009811552008613944, 0.015153083018958569, 0.0011495989747345448, 0.009912526234984398, 0.0012812932254746556, -0.027938606217503548, -0.06591668725013733, -0.02700805477797985, 0.023880453780293465, -0.0031715729273855686, -0.015649868175387383, -0.01540224440395832, -0.05422785505652428, 0.0301522184163332, -0.0070264022797346115, 0.032021574676036835, 0.019862353801727295, -0.009192589670419693, -0.00776366051286459, -0.028601815924048424, 0.024768508970737457, -0.02029494196176529, 0.0065623498521745205, 0.011312340386211872, 0.035119276493787766, 0.012589585967361927, 0.013736692257225513, -0.03513859584927559, 0.05717826262116432, -0.012180539779365063, 0.017779415473341942, -0.0070127444341778755, 0.02291209250688553, 0.04704129323363304, 0.011030255816876888, -0.022421590983867645, 0.005127453710883856, -0.0856703594326973, 0.010043676011264324, 0.04274772107601166, 0.032600775361061096, -0.023117121309041977, -0.004444419872015715, -0.04079383611679077, 0.022164808586239815, -0.029961638152599335, 0.01616976037621498, 0.248514324426651, 0.0635213553905487, 0.001301057985983789, 0.006935231387615204, 0.017148764804005623, -0.05873902142047882, 0.0362103134393692, 0.06232992559671402, -0.012249159626662731, -0.03968309611082077, 0.001133099664002657, 0.01477711834013462, 0.01102793961763382, 0.022249437868595123, 0.021361306309700012, 0.06091415509581566, -0.07213292270898819, 0.02976265922188759, 0.043755605816841125, -0.05365487560629845, 0.010357538238167763, -0.06389641761779785, 0.059910353273153305, 0.027330495417118073, -0.052284374833106995, -0.018936650827527046, 0.0025148421991616488, 0.012486772611737251, 0.01963104121387005, 0.024867044761776924, -0.03828095272183418, 0.03134467080235481, 0.012585730291903019, -0.047204695641994476, -0.046363964676856995, 0.0005839997320435941, 0.05744428187608719, -0.030521608889102936, -0.008729225024580956, 0.024311542510986328, -0.01824047788977623, 0.013036533258855343, 0.019969845190644264, -0.005201215855777264, -0.04367298260331154, -0.048535365611314774, 0.007379585411399603, 0.031493354588747025, 0.016887817531824112, -0.03529757633805275, 0.030101772397756577, -0.0279783234000206, -0.017094988375902176, -0.011676873080432415, 0.012779527343809605, -6.321078399196267e-05, -0.022268200293183327, 0.022798489779233932, 0.016883259639143944, 0.0057960688136518, 0.009093502536416054, 0.012434710748493671, -0.01426144689321518, -0.026043947786092758, -0.013437922112643719, 0.010996413417160511, 0.01009022630751133, 0.005412000697106123, -0.003083823248744011, 0.034620750695466995, -0.00488567678257823, -0.002753346459940076, 0.039493050426244736, -0.0046001640148460865, 0.015354719012975693, 0.002387584652751684, 0.022582368925213814, 0.02688193880021572, 0.010553913190960884, 0.00938474852591753, -0.024790549650788307, -0.012994754128158092, -0.005339611787348986, 0.02907676063477993, 0.04191175848245621, -0.024484289810061455, -0.0019089337438344955, 0.07847535610198975, -0.003174643497914076, -0.02352862060070038, 0.02834722027182579, 0.01740604266524315, -0.004705701023340225, 0.01932770386338234, -0.026090247556567192, -0.03800435736775398, -0.060525111854076385, -0.08542308211326599, -0.034005917608737946, 0.007649104576557875, -0.04793960228562355, -0.003107362659648061, -0.006984817795455456, -0.03975167125463486, 0.059636250138282776, 0.01002766378223896, -0.016425980255007744, -0.03000451996922493, 0.01041617151349783, 0.011766458861529827, -0.022038396447896957, 0.006561972200870514, 0.027881011366844177, 0.0012390678748488426, 0.031335923820734024, 0.014813918620347977, 0.026812361553311348, 0.02100064419209957, 0.03544916212558746, -0.0020456588827073574, -0.029071057215332985, -0.0009220237843692303, -0.009925676509737968, 0.03092520497739315, -0.018898416310548782, -0.02837023325264454, 0.009363103657960892, 0.030113758519291878, -0.012049054726958275, 0.009640912525355816, 0.013416622765362263, -0.04635709524154663, 0.005555624142289162, 0.030869919806718826, 0.0238319281488657, -0.023509133607149124, 0.03430110961198807, -0.015642983838915825, -0.05150488764047623, 0.04059978947043419, -0.029744837433099747, 0.005221732892096043, 0.002052389085292816, 0.001863659592345357, 0.007031104993075132, 0.027676038444042206, -0.006677350029349327, 0.01997738890349865, -0.015929745510220528, 0.019432222470641136, 0.035242803394794464, 0.05917341634631157, 0.012304727919399738, -0.023041419684886932, -0.010945558547973633, -0.012929248623549938, -0.01910371519625187, -0.0026721376925706863, 0.035835590213537216, 0.009159895591437817, -0.0022442920599132776, 0.01936584897339344, 0.04215099290013313, 0.05495542660355568, -0.012403865344822407, -0.004261715803295374, -0.04023948684334755, 0.08516166359186172, -0.06692364066839218, -0.01384701393544674, -0.015938233584165573, -0.03649130091071129, -0.017940951511263847, 0.006294604856520891, 0.01343274861574173, 0.0377996489405632, -0.021041829138994217, 0.014669868163764477, -0.05368414893746376, -0.0030669241677969694, -0.018836457282304764, 0.01614949107170105, -0.02657916210591793, -0.057805582880973816, 0.018971553072333336, -0.018482284620404243, -0.04285893216729164, -0.028483519330620766, -0.01883985660970211, -0.013168652541935444, -0.03366011008620262, 0.09242209047079086, -0.008155968971550465, -0.011519028805196285, 0.024334967136383057, 0.02227725461125374, 0.07483316212892532, 0.013222993351519108, -0.013362047262489796, -0.016402147710323334, -0.010522262193262577, 0.03633598983287811, 0.010299730114638805, -0.0067141009494662285, -0.042036619037389755, 6.663362728431821e-05, -0.00844184122979641, 0.02954363077878952, -0.004010331816971302, -0.01663045957684517, -0.01877836510539055, 0.0023866542614996433, -0.012658830732107162, 0.004269024357199669, 0.027370749041438103, -0.026750417426228523, 0.05054457485675812, 0.07536199688911438, -0.01910931058228016, -0.020578566938638687, -0.029730962589383125, -0.017487268894910812, -0.021976584568619728, -0.013083431869745255, 0.01682049222290516, -0.004827439319342375, 0.04381557181477547, -0.02403908222913742, -0.042639076709747314, -0.04366486892104149, -0.004911455791443586, 0.034436944872140884, -0.028262607753276825, -0.045405950397253036, -0.013377820141613483, 0.005093812011182308, 0.05867733061313629, -0.004356709774583578, 0.0019419974414631724, -0.03465333953499794, 0.009328873828053474, 0.0062223817221820354, 0.05019359290599823, 0.061754580587148666, 0.04631612077355385, 0.00881185196340084, -0.011387325823307037, -0.04268413782119751, -0.012600647285580635, 0.026340916752815247, 0.018373223021626472, -0.0030393777415156364, 0.0036357021890580654, -0.048890069127082825, -0.02346271462738514, -0.020973896607756615, 0.021569188684225082, -0.008023855276405811, -0.05256161838769913, -0.030564986169338226, 0.006357334088534117, 0.009018486365675926, -0.004075540229678154, -0.02899337373673916, 0.009962701238691807, -0.05359276384115219, 0.047525860369205475, -0.05851385369896889, -0.02552470937371254, -0.03404786437749863, -0.03362218663096428, -0.0010230826446786523, -0.007080248557031155, 0.019444173201918602, 0.07331396639347076, 0.0014682089677080512, 0.012006768956780434, 0.008781439624726772, -0.022293122485280037, -0.038386572152376175, -0.07203086465597153, -0.022663656622171402, -0.03127247467637062, 0.007877141237258911, -0.011664299294352531, 0.006323531270027161, 0.05325105041265488, 0.011370609514415264, -0.017789244651794434, -0.015896525233983994, 0.014190004207193851, 0.008088622242212296, -0.028433581814169884, 0.024537211284041405, 0.01409878395497799, -0.012585518881678581, -0.007400619797408581, 0.030887341126799583, -0.024820297956466675, -0.0001852377172326669, 0.0058827511966228485, -0.01207098737359047, 0.012143446132540703, -0.05091418698430061, 0.0014538973337039351, 0.007881425321102142, -0.0110918078571558, 0.010797234252095222, -0.009590735659003258, -0.006791466847062111, 0.01435670256614685, -0.03963297978043556, -0.004613745026290417, 0.05454191938042641, 0.01012472901493311, -0.024922985583543777, 0.0646609365940094, 0.0036468636244535446, -0.009540274739265442, -0.013222609646618366, 0.01705446094274521, 0.018894674256443977, -0.016882633790373802, 0.008153027854859829, -0.01921398937702179, 0.011775468476116657, -0.01700848713517189, -0.03522137925028801, -0.06319180876016617, 0.019456401467323303, 0.012569652870297432, -0.001341151655651629, 0.029008233919739723, -0.01035931147634983, -0.03171670809388161, -0.035389162600040436, 0.07933858036994934, 0.004870214033871889, 0.06110072880983353, 0.0049936180002987385, -0.01266419142484665, -0.01978635974228382, 0.03754911571741104, 0.007152100093662739, 0.017188111320137978, -0.06693188846111298, -0.02515318989753723, -0.009849600493907928, -0.004718335811048746, -0.03559279814362526, -0.049674756824970245, 0.04708510637283325, -0.0013233042554929852, -0.01746542565524578, 0.01943107508122921, -0.08983666449785233, 0.02369062602519989, -0.04043136537075043, 0.05257934704422951, 0.01566537842154503, -0.014920814894139767, 0.019656384363770485, -0.012357200495898724, -0.03474724292755127, 0.005670429673045874, 0.021349027752876282, 0.003635827451944351, -0.05126526206731796, -0.06196850910782814, -0.007312308065593243, 0.011737361550331116, -0.0408560112118721, 0.0350174605846405, 0.03788665682077408, -0.007770721334964037, 0.009017889387905598, -0.03491087257862091, -0.002114299451932311, 0.011935068294405937, -0.03359483554959297, -0.01448918879032135, -0.03450964763760567, -0.05489078536629677, -0.0117680998519063, -0.038987014442682266, 0.008602007292211056, -0.03824953734874725, 0.024513570591807365, -0.02264329046010971, 0.006767656654119492, -0.019454289227724075, 0.011548160575330257, -0.018681898713111877, 0.013033919967710972, -0.1328577846288681, 0.030496397987008095, -0.0421949066221714, 0.04527328163385391, -0.03872242197394371, -0.010808343067765236, -0.03869839385151863, -0.0393180288374424, 0.0013124565593898296, -0.006673550698906183, -0.019592609256505966, -0.01493316050618887, 0.02825331501662731, -0.0011562996078282595, 0.026859009638428688, 0.05080850049853325, 0.0044227950274944305, -0.03575337305665016, -0.008317452855408192, 0.06462304294109344, -0.0026818711776286364, -0.018700970336794853, 0.023516830056905746, -0.03523382171988487, 0.008090735413134098, -0.0017250794917345047, -0.02691100910305977, 0.011532959528267384, -0.020707987248897552, 0.01657046191394329, -0.01602145843207836, -0.03189323842525482, 0.005394543055444956, 0.03214161843061447, -0.023851478472352028, 0.014856982976198196, 0.009412692859768867, 0.0051384735852479935, 0.026829462498426437, -0.006339946761727333, -0.021216407418251038, -0.001669625868089497, -0.013728834688663483, 0.03631209209561348, -0.023610515519976616, 0.04327663779258728, -0.009299598634243011, -0.034069739282131195, -0.028243537992239, 0.003918012138456106, 0.017938939854502678, 0.0026526045985519886, 0.0022259713150560856, 0.011926180683076382, 0.0005583061138167977, 0.04332222044467926, -0.0020179918501526117, -0.01705658994615078, -0.009619277901947498, -0.03207530826330185, -0.020509952679276466, 0.023409629240632057, -0.040672268718481064, -0.02197796106338501, 0.010297226719558239, 0.054619286209344864, -0.05079740658402443, -0.004288553260266781, 0.0023675458505749702, 0.013862893916666508, -0.03103017620742321, 0.017218301072716713, -0.03825921565294266, 0.015525680035352707, 0.02850041538476944, -0.006233844440430403, 0.02538612112402916, -0.017327213659882545, -0.03365283086895943, 0.006601990200579166, 0.0027296829503029585, -0.02952415496110916, -0.03240487724542618, 0.002136584371328354, 0.04742076247930527, 0.026872385293245316, -0.0025249351747334003, -0.0033420550171285868, -0.022532466799020767, -0.02070140652358532, 0.008375409059226513, -0.037634335458278656, -0.03312382847070694, 0.004761930089443922, 0.010774912312626839, 0.0737382173538208, -0.023169513791799545, -0.009249776601791382, -0.002628123387694359, -0.021420670673251152, -0.011807532049715519, -0.0033518534619361162, -0.012341449968516827, 0.03814280033111572, -0.029686734080314636, 0.05427549034357071, 0.01707139052450657, 0.014814373105764389, 0.0040807174518704414, -0.0009353987406939268, 0.00030879658879712224, 0.003251589136198163, -0.025375790894031525, -0.012228535488247871, -0.024341413751244545, -0.01651076227426529, 0.03149880841374397, 0.02827233262360096, 0.044720109552145004, 0.017058616504073143, 0.02276252955198288, -0.009276938624680042, -0.015447724610567093, -0.04047413915395737, 0.017010053619742393, 0.014352207072079182, 0.02522522583603859, -0.014786972664296627, 0.04376634582877159, -0.011830244213342667, 0.027679849416017532, -0.04990310221910477, 0.01615896075963974, -0.01769544556736946, 0.019548125565052032, 0.011440718546509743, -0.017493117600679398, 0.0671117976307869, -0.08271007984876633, -0.014102453365921974, 0.0010482575744390488, -0.04911310225725174, -0.009501058608293533, -0.028942828997969627, -0.007053594570606947, -0.005578838288784027, 0.040091272443532944, 9.34555719140917e-05, -0.028240760788321495, -0.0232391394674778, -0.006570505443960428, 0.002523717936128378, -0.007891102693974972, 0.04977445304393768, -0.017498519271612167, 0.010311695747077465, -0.03052407316863537, 0.03568579629063606, -0.016756204888224602, 0.05495346337556839, -0.0007855910807847977, -0.018760306760668755, 0.032312341034412384, -0.05281681939959526, 0.0014946286100894213, 0.020828187465667725, -0.008906424976885319, -0.001973806880414486, -0.069578617811203, 0.013662678189575672, 0.03654925897717476, 0.03785105049610138, -0.02637246623635292, -0.07267187535762787, 0.04545805975794792, -0.046033166348934174, -0.0002797813795041293, 0.031118880957365036, 0.06199955195188522, 0.005027551203966141, 0.029659129679203033, 0.018978284671902657, 0.03294268622994423, 0.0268847718834877, 0.02311639115214348, 0.017012661322951317, -0.00495469756424427, 0.019878359511494637, 0.009232988581061363, -0.02827308513224125, 0.019329529255628586, -0.021831044927239418, 0.02382199652493, 0.004141943529248238, 0.06654757261276245, 0.03698291257023811, -0.005866211839020252, -0.0003519582678563893, -0.03330936282873154, 0.019993199035525322, 0.004031023941934109, -0.008223994635045528, -0.010223330929875374, -0.001046156627126038, -0.012876608408987522, -0.01710646040737629, 0.010007000528275967, 0.014565029181540012, 0.022616878151893616, 0.0030651739798486233, -0.004543136339634657, 0.011649499647319317, -0.042122770100831985, 0.03171225264668465, -0.027536621317267418, -0.02409578301012516, 0.027571773156523705, -0.04062924161553383, 0.026127273216843605, 0.029867395758628845, 0.008758435025811195, 0.018130486831068993, -0.044188741594552994, 0.020212940871715546, -0.04933185130357742, -0.02020156942307949, 0.012105000205338001, 0.024473102763295174, 0.007309932727366686, 0.012544946745038033, -0.012266070581972599, -0.016554195433855057, 0.016871627420186996, 0.0035159774124622345, 0.015476677566766739, -0.04136229306459427, 0.04405243322253227, 0.022575082257390022, -0.004944631829857826, 0.004476192407310009, -0.008015075698494911, 0.012226371094584465, 0.0006177701870910823, -0.010629338212311268]",,
