entry_id,entry_type,parent_id,title,description,metadata,version,text_content,code_content,sparse_title_description,dense_text_content,dense_code_snippet,tag
15_1_0_errors_next_prerender_current_time_mdx,document,,"Cannot infer intended usage of current time with `Date.now()`, `Date()`, or `new Date()`",,{'related_links': []},15.1.0,"## Why This Error Occurred

Reading the current time can be ambiguous. Sometimes you intend to capture the time when something was cached, other times you intend to capture the time of a user Request. You might also be trying to measure runtime performance to track elapsed time.

In this instance Next.js cannot determine your intent from usage so it needs you to clarify your intent. The way you do that depends on your use case. See the possible solutions below for how to move forward.

## Possible Ways to Fix It

### Performance use case

If you are using the current time for performance tracking with elapsed time use `performance.now()`.

Before:

```jsx filename=""app/page.js""
export default async function Page() {
  const start = Date.now();
  const data = computeDataSlowly(...);
  const end = Date.now();
  console.log(`somethingSlow took ${end - start} milliseconds to complete`)

  return ...
}
```

After:

```jsx filename=""app/page.js""
export default async function Page() {
  const start = performance.now();
  const data = computeDataSlowly(...);
  const end = performance.now();
  console.log(`somethingSlow took ${end - start} milliseconds to complete`)
  return ...
}
```

> **Note**: If you need report an absolute time to an observability tool you can also use `performance.timeOrigin + performance.now()`.

### Cacheable use cases

If you want to read the time when some cache entry is created (such as when a Next.js page is rendered at build-time or when revalidating a static page), move the current time read inside a cached function using `""use cache""`.

Before:

```jsx filename=""app/page.js""
async function InformationTable() {
  const data = await fetch(...)
  return (
    <section>
      <h1>Latest Info...</h1>
      <table>{renderData(data)}</table>
    </section>
  )
}

export default async function Page() {
  return (
    <main>
      <InformationTable />
      Last Refresh: {new Date().toString()}
    </main>
  )
}
```

After:

```jsx filename=""app/page.js""
async function InformationTable() {
  ""use cache""
  const data = await fetch(...)
  return (
    <>
      <section>
        <h1>Latest Info...</h1>
        <table>{renderData(data)}</table>
      </section>
      Last Refresh: {new Date().toString()}
    </>
  )
}

export default async function Page() {
  return (
    <main>
      <InformationTable />
    </main>
  )
}
```

### Reactive use case

If you want the current time to change and be reactive, consider moving this usage to a Client Component. Note that Server Side Rendering timestamps in a Client Component is also considered ambiguous so to implement this properly Next.js needs you to only read the time in the browser, for instance by using `useLayoutEffect()` or `useEffect()`.

Before:

```jsx filename=""app/page.js""
function Timestamp() {
  return 'current time: ' + new Date().toString()
}

export default async function Page() {
  return (
    <main>
      ...
      <Timestamp />
    </main>
  )
}
```

After:

```jsx filename=""app/client-components.js""
'use client'

import { useState, useLayoutEffect } from 'react'

export function Timestamp() {
  const [time, setTime] = useState(null)
  useLayoutEffect(() => {
    // You can determine when and how often to update
    // the time here. In this example we update it only once
    setTime(new Date().toString())
  }, [])
  if (time) {
    return 'current time: ' + time
  }
  return null
}
```

```jsx filename=""app/page.js""
import { Timestamp } from './client-components'

export default async function Page() {
  return (
    <main>
      ...
      <Timestamp />
    </main>
  )
}
```

### Request-time use case

If you want the current time to represent the time of a user Request, add `await connection()` before you read the current time. This instructs Next.js that everything after the `await connection()` requires there to be a user Request before it can run. If you add `await connection()` you will also need to ensure there is a Suspense boundary somewhere above the waiting component that describes a fallback UI React can use. The Suspense can be anywhere in the parent component stack but it is shown here above the waiting component for demonstration purposes.

Before:

```jsx filename=""app/page.js""
export default async function Page() {
  const currentTime = Date.now()
  if (currentTime > someTriggerDate) {
    return <SpecialBanner />
  } else {
    return <NormalBanner />
  }
}
```

After:

```jsx filename=""app/page.js""
import { connection } from 'next/server'

async function BannerSkeleton() {
  ...
}

export default async function Page() {
  return <Suspense fallback={<BannerSkeleton />}>
    <DynamicBanner />
  </Suspense>
}

async function DynamicBanner() {
  await connection();
  const currentTime = Date.now();
  if (currentTime > someTriggerDate) {
    return <SpecialBanner />
  } else {
    return <NormalBanner />
  }
}
```

## Useful Links

- [`Date.now` API](https://developer.mozilla.org/en-US/docs/Web/JavaScript/Reference/Global_Objects/Date/now)
- [`Date constructor` API](https://developer.mozilla.org/en-US/docs/Web/JavaScript/Reference/Global_Objects/Date/Date)
- [`connection` function](/docs/app/api-reference/functions/connection)
- [`performance` Web API](https://developer.mozilla.org/en-US/docs/Web/API/Performance)
- [`Suspense` React API](https://react.dev/reference/react/Suspense)
- [`useLayoutEffect` React Hook](https://react.dev/reference/react/useLayoutEffect)
- [`useEffect` React Hook](https://react.dev/reference/react/useEffect)",,"[(np.int64(4), np.float64(0.05943934619426727)), (np.int64(5), np.float64(0.003397595137357712)), (np.int64(16), np.float64(0.020090490579605103)), (np.int64(111), np.float64(0.007466837763786316)), (np.int64(132), np.float64(0.039695627987384796)), (np.int64(678), np.float64(0.05219808965921402)), (np.int64(707), np.float64(0.006886225193738937)), (np.int64(1733), np.float64(0.23737996816635132)), (np.int64(4171), np.float64(0.09461991488933563)), (np.int64(10869), np.float64(0.16611987352371216)), (np.int64(25512), np.float64(0.23031266033649445)), (np.int64(35613), np.float64(0.25438499450683594)), (np.int64(43581), np.float64(0.22143909335136414)), (np.int64(53498), np.float64(0.3056693971157074)), (np.int64(54936), np.float64(0.19824188947677612)), (np.int64(86291), np.float64(0.2134551703929901)), (np.int64(127689), np.float64(0.22566980123519897)), (np.int64(179140), np.float64(0.2717306613922119))]","[-0.0200756024569273, 0.025876866653561592, -0.04351792857050896, 0.026490595191717148, -0.0222390778362751, 0.013013025745749474, -0.021752342581748962, -0.012353573925793171, -0.0039222813211381435, 0.011057576164603233, 0.014236013405025005, -0.013621951453387737, -0.009081413969397545, 0.0243389792740345, -0.012767818756401539, 0.036638498306274414, -0.014191586524248123, 0.037465039640665054, -0.02109917625784874, -0.005348623264580965, 0.009515026584267616, -0.008735177107155323, 0.030062353238463402, 0.01785285957157612, 0.012604630552232265, 0.025416694581508636, -0.03445269539952278, -0.009240810759365559, 0.024823330342769623, 0.07330384105443954, 0.03404965251684189, 0.007340246345847845, 0.029309101402759552, -0.01675349473953247, -0.06016020476818085, -0.014845933765172958, -0.009341411292552948, -0.0052435859106481075, -0.020683245733380318, 0.03659428656101227, 0.03317030146718025, 0.002999492222443223, 0.03174162283539772, -0.030977122485637665, 0.03619450330734253, -0.019729383289813995, 0.009365253150463104, -0.021389421075582504, -0.005812107119709253, -0.01580696552991867, -0.025509146973490715, 0.009861322119832039, 0.04253283888101578, -0.0292319618165493, 0.016716228798031807, 0.011753708124160767, 0.004218407906591892, -0.044517625123262405, -0.01235252246260643, 0.03719697892665863, -0.0331454761326313, -0.025830231606960297, 0.0015587428351864219, 0.0013197165681049228, -0.018010176718235016, 0.060686513781547546, -0.023684049025177956, -0.005616634152829647, -0.03233989700675011, -0.02703070268034935, 0.00574196083471179, 0.020632777363061905, -0.05053171515464783, -0.0301979873329401, -0.02344968542456627, 0.03737538307905197, 0.03560486063361168, 0.003705250332131982, 0.00021179596660658717, -0.03512727841734886, 0.01194065436720848, -0.011796691454946995, 0.002450965577736497, -0.008113257586956024, 0.026603417471051216, 0.041176844388246536, -0.055841363966464996, -0.01396274846047163, 0.028095412999391556, 2.1396897409431404e-06, 0.019316455349326134, -0.026928475126624107, 0.007329853717237711, -0.010133038274943829, 0.03406388312578201, 0.006118793971836567, -0.03349011391401291, 0.006884674541652203, 0.0805814266204834, -0.025818295776844025, 0.017516471445560455, -0.05084175616502762, 0.004905680660158396, -0.022793108597397804, 0.0360221341252327, 0.0031922173220664263, 0.05742271989583969, -0.004682931583374739, -0.00502335000783205, -0.023687241598963737, 0.014477401971817017, 0.02836693450808525, 0.03795731067657471, 0.026725878939032555, 0.03803873062133789, 0.0023674489930272102, -0.013008617796003819, -0.0008259639143943787, 0.01775394007563591, -0.04290080815553665, 0.002401704667136073, 0.0401502288877964, 0.02877805009484291, -0.020314890891313553, -0.008613057434558868, -0.02705438807606697, -0.03226052224636078, 0.029023364186286926, -0.002262034686282277, 0.03730721026659012, 0.03916363790631294, 0.023639824241399765, 0.03424303978681564, 0.008343704044818878, -0.03264099732041359, 0.03735845535993576, 0.02890044078230858, 0.015061549842357635, 0.03210275620222092, -0.04765922948718071, 0.05516447126865387, -0.023514894768595695, -0.04588928073644638, -0.028143998235464096, 0.031936611980199814, 0.011712562292814255, 0.06524833291769028, 0.005844242870807648, 0.0177264753729105, -0.023028096184134483, -0.013185294345021248, 0.0019229386234655976, -0.002477176021784544, -0.05603378638625145, 0.018402768298983574, 0.004569098819047213, -0.012997951358556747, -4.350346716819331e-05, -0.012924243696033955, 0.015873052179813385, -0.017661405727267265, 0.014684782363474369, -0.08029204607009888, 0.022182131186127663, 0.01446886733174324, 0.028926052153110504, -0.002633982803672552, -0.012599487788975239, -0.03441798314452171, -0.04661434516310692, 0.0364624485373497, -0.05242154374718666, 0.04018256440758705, -0.013820074498653412, 0.014556914567947388, 0.036058101803064346, 0.06465520709753036, 0.019140593707561493, 0.006677598226815462, -0.010229364037513733, -0.036379583179950714, 0.05341529846191406, 0.014290298335254192, -0.05927252396941185, -0.04566524922847748, 0.000481947063235566, 0.015155876986682415, -0.031171370297670364, -0.03545685485005379, -0.018807776272296906, -0.03957144543528557, -0.02084372378885746, 0.06305147707462311, 0.03233517333865166, 0.008108319714665413, -0.042996712028980255, 0.03983043506741524, -0.014231073670089245, 0.013881227001547813, -0.009189886040985584, -0.030101491138339043, 0.037765901535749435, 0.0001746433408698067, 0.015451868996024132, -0.01916266791522503, -0.016080781817436218, -0.01592625118792057, -0.04661381244659424, 0.021712301298975945, 0.0005286145024001598, 0.0008905358263291419, -0.005232697352766991, -0.0020839397329837084, 0.004450595937669277, -0.036735568195581436, 0.035826053470373154, 0.02692691795527935, 0.05066857114434242, -0.003960258327424526, -0.025975458323955536, 0.015558800660073757, 0.021259024739265442, -0.030305908992886543, -0.051796767860651016, 0.019973311573266983, 0.020192984491586685, 0.03413740172982216, 0.023012399673461914, 0.06405355036258698, -0.01735340617597103, 0.005507914815098047, -0.014315061271190643, 0.05649295076727867, -0.0022330291103571653, 0.04994616657495499, -0.0601835697889328, -0.0036763811949640512, -0.0015615789452567697, 0.00022287968022283167, 0.044920600950717926, -0.035947345197200775, -0.02822287008166313, 0.029784318059682846, -0.0032225430477410555, -0.01362369954586029, -0.07986333221197128, 0.031181717291474342, -0.014465427957475185, -0.05654662102460861, 0.03066396526992321, 0.03523773327469826, -0.004332132637500763, -0.024114884436130524, -0.019280651584267616, 0.00248262332752347, -0.004721702076494694, 0.01503762137144804, -0.0070876856334507465, -0.014347176998853683, -0.007512708660215139, 0.008476175367832184, 0.017815593630075455, -0.006123925559222698, 0.02299700677394867, 0.014644365757703781, -0.02865794114768505, -0.03524097800254822, -0.03200380504131317, -0.006855516228824854, 0.01282848883420229, -0.02012794464826584, 0.021628059446811676, 0.021832380443811417, -0.023273587226867676, -0.03913068398833275, 0.056313809007406235, -0.008926311507821083, 0.001918315072543919, 0.0850379690527916, 0.013221262022852898, -0.01874907687306404, 0.040609218180179596, 0.0749005377292633, 0.006196318194270134, 0.04616524651646614, -0.01788908615708351, -0.020259983837604523, -0.02277800254523754, 0.021181022748351097, -0.01963604800403118, 0.042147956788539886, 0.014678023755550385, 0.045592259615659714, -0.04995336756110191, -0.029859835281968117, 0.013046147301793098, 0.014769610948860645, -0.16112206876277924, -0.02195906825363636, 0.02190258540213108, 0.010573969222605228, -0.009430947713553905, 0.03682422637939453, -0.02304011583328247, -0.02950991503894329, -0.015750953927636147, 0.05958780646324158, -0.0041354382410645485, -0.05635785683989525, -0.017552470788359642, -0.022032706066966057, 0.0066625261679291725, 0.010628242045640945, -2.7804502678918652e-05, -0.027195831760764122, 0.03678303584456444, -0.05038540065288544, 0.015678128227591515, -0.014617923647165298, 0.026165898889303207, -0.02755161002278328, -0.048491086810827255, -0.012832820415496826, 0.05545639246702194, -0.009646642953157425, -0.052021462470293045, 0.0027781471144407988, -0.011890326626598835, 0.008697688579559326, 0.002213448751717806, -0.009189106523990631, -0.009969629347324371, 0.02989223040640354, 0.05011483654379845, -0.005785118788480759, -0.005364793818444014, -0.011402454227209091, 0.01887897215783596, 0.017528166994452477, -0.03653906285762787, 0.005952832754701376, 0.03813094273209572, -0.036493562161922455, 0.039817892014980316, -0.010064966045320034, -0.022179506719112396, -0.0582406111061573, 0.011040391400456429, -0.006402975879609585, 0.005734139122068882, -0.029886141419410706, -0.018909139558672905, -0.009572935290634632, -0.0035673666279762983, 0.03503284975886345, -0.05568509176373482, -0.000876557023730129, 0.007487650029361248, -0.042064081877470016, 0.04458881914615631, 0.0029830215498805046, -0.0479162223637104, 0.014593501575291157, 0.02432989701628685, -0.030325302854180336, 0.03433100879192352, -0.05739516019821167, 0.04934703931212425, -0.03848285600543022, 0.024249784648418427, -0.01687214896082878, 0.0019741803407669067, 0.04583657160401344, -0.019089851528406143, -0.02484726719558239, 0.033460307866334915, -0.08970987796783447, -0.036918532103300095, 0.02818417362868786, -0.02238338626921177, 0.01588241383433342, -0.024070879444479942, 0.005962260067462921, 0.014761255122721195, 0.0289482269436121, 0.02666863426566124, 0.22671617567539215, 0.029645048081874847, -0.017640365287661552, -0.008727500215172768, 0.022118885070085526, -0.05060288682579994, -0.029600556939840317, 0.025678908452391624, 0.017626823857426643, -0.024433504790067673, -0.0059086414985358715, 0.014324771240353584, 0.0009837376419454813, 0.0038101060781627893, -0.026873983442783356, 0.0445537194609642, -0.044338978826999664, 0.043200552463531494, 0.0705282911658287, -0.04983733594417572, 0.029378021135926247, -0.010914994403719902, 0.015046484768390656, 0.018095044419169426, -0.04182688891887665, 0.012710192240774632, -0.03637342527508736, -0.0036864837165921926, -0.037522777915000916, 0.002722266362980008, -0.036078326404094696, 0.0531720332801342, 0.054357174783945084, -0.07198095321655273, -0.00704203313216567, -0.019493797793984413, -0.004417308606207371, -0.020492004230618477, -0.00014603929594159126, -0.0039406511932611465, 0.006455678027123213, 0.00310227507725358, -0.011896573938429356, 0.04154784977436066, -0.01787515915930271, -0.032646555453538895, -0.024808326736092567, -0.03674319386482239, -0.038276977837085724, 0.007666363380849361, -0.03796723484992981, -0.021965283900499344, -0.004690513014793396, -0.002337882062420249, -0.013148059137165546, -0.02690103091299534, 0.017614642158150673, 0.008051219396293163, -0.0007382914191111922, 0.06674779951572418, 0.008288893848657608, 0.008820154704153538, -0.01805453933775425, 0.03403984010219574, -0.02461906149983406, 0.018864085897803307, -0.005168233998119831, -0.04507388919591904, 0.009518980048596859, -0.004769731778651476, -0.000762603827752173, -0.007008770480751991, 0.029267512261867523, 0.005675753578543663, -0.02826370671391487, -0.02845272235572338, -0.0027156651485711336, 0.023952994495630264, -0.04799056053161621, 0.06094035506248474, -0.02040017955005169, -0.0022676517255604267, -0.025373391807079315, 0.025049539282917976, 0.0010964038083329797, -0.014227177016437054, 0.02130485326051712, 0.07382873445749283, -0.027572818100452423, -0.01760452426970005, -0.04332464188337326, -0.005153994541615248, -0.03525550290942192, 0.05800632759928703, 0.0011944754514843225, 0.044627949595451355, 0.012306556105613708, -0.033712998032569885, 0.011887901462614536, 0.03774532675743103, -0.024291079491376877, -0.021085934713482857, 0.02340421825647354, -0.045767515897750854, 0.03768492117524147, -0.04967502877116203, 0.040378645062446594, -0.000891636242158711, 0.01182003878057003, 0.034446340054273605, -0.044715505093336105, 0.000763366580940783, -0.01477392390370369, -0.03469688445329666, -0.01387934759259224, 0.0485866479575634, 0.017872121185064316, 0.04369122162461281, 0.03565185144543648, 0.03162439167499542, -0.011397987604141235, 0.01799817569553852, -0.002473959932103753, -0.016506312415003777, 0.005005230661481619, -0.029517432674765587, -0.010611417703330517, -0.02419816516339779, -0.01170982513576746, 0.034732673317193985, 0.030523091554641724, -0.052933089435100555, 0.009811828844249249, 0.011562100611627102, 0.05436739698052406, 0.0002925955050159246, -0.04707660153508186, 0.02517569437623024, -0.018112637102603912, 0.07199455052614212, -0.015883393585681915, -0.03894994780421257, -0.012979937717318535, 0.02282571792602539, 0.0045755342580378056, 0.07265376299619675, -0.013093717396259308, 0.006501910742372274, -0.042455464601516724, 0.01823456957936287, 0.04693130776286125, 0.03669288381934166, -0.005545171443372965, -0.03522850573062897, -0.043985698372125626, -0.07962024956941605, -0.033011071383953094, -0.025674933567643166, -0.015620674937963486, 0.003884201170876622, 0.022849569097161293, -0.009561891667544842, -0.0197159331291914, 0.040893252938985825, 0.03231571614742279, -0.0018215753370895982, 0.0014967580791562796, 0.038581669330596924, -0.014256216585636139, -0.0067035057581961155, -0.007837735116481781, -0.030948301777243614, -0.026291649788618088, 0.01138849277049303, -0.04582643508911133, -0.019161295145750046, -0.06416696310043335, 0.01950722374022007, -0.042393215000629425, -0.021557312458753586, -0.006357851438224316, -0.0124921053647995, -0.027624906972050667, 0.008167468942701817, 0.025868898257613182, 0.01705790124833584, -0.01722552999854088, -0.018504824489355087, -0.000448305974714458, -0.029491234570741653, 0.011743760667741299, 0.11818967014551163, 0.002174320397898555, -0.019710160791873932, 0.05834281072020531, -0.012775540351867676, 0.08529181033372879, 0.04796982184052467, 0.005070131737738848, -0.02386675588786602, 0.0029556541703641415, 0.0006991180707700551, -0.004109944216907024, 0.04743333160877228, 0.005495819728821516, -0.045350056141614914, 0.005574348848313093, -0.02299242652952671, -0.03387884050607681, 0.02771628275513649, 0.006343137472867966, 0.01404456328600645, -0.05072250962257385, 0.006236677058041096, 0.02525126375257969, -0.032161202281713486, 0.06612933427095413, 0.03804117813706398, 0.048815540969371796, 0.0064977966248989105, -0.07781146466732025, -0.0026203705929219723, 0.008404956199228764, -0.042313769459724426, 0.0042409650050103664, -0.00113779678940773, -0.008786121383309364, -0.00804080255329609, 0.025703970342874527, 0.03447277098894119, -0.012271898798644543, 0.02048744633793831, -0.012977463193237782, -0.0418282225728035, 0.00687857111915946, 0.0032865179236978292, 0.007788537070155144, 0.02808920294046402, -0.011786555871367455, -0.021321123465895653, 0.008961787447333336, 0.019376272335648537, 0.0295703262090683, 0.03190918266773224, -0.0020424388349056244, -0.008158261887729168, -0.01706003025174141, -0.022543495520949364, -0.0013058432377874851, 0.028876284137368202, 0.013725916855037212, 0.002973896684125066, 0.022118983790278435, 0.0040090447291731834, 0.060747165232896805, 0.03715061768889427, 9.930625674314797e-05, -0.0027489333879202604, -0.03575585409998894, -0.05406177043914795, -0.016437726095318794, -0.0022725968156009912, -0.0031961193308234215, 0.017013506963849068, -0.0010277254041284323, -0.06577925384044647, 0.028546860441565514, -0.059338971972465515, -0.016467902809381485, -0.06393225491046906, -0.020422877743840218, 0.010432855226099491, 0.002928508445620537, -0.023162970319390297, 0.013171777129173279, -0.0029510552994906902, 0.016096802428364754, -0.009294834919273853, 0.019613543525338173, 0.004454332869499922, -0.03856295719742775, 0.007584406062960625, 0.03514708951115608, 0.04411402344703674, -0.009256924502551556, 0.009880025871098042, 0.022238831967115402, 0.007921205833554268, -0.021863318979740143, -0.04236356168985367, -0.0011907388688996434, -0.015081103891134262, -0.044911421835422516, 0.004885102156549692, -0.00012011077342322096, -0.021193822845816612, -0.021174196153879166, 0.036980923265218735, 0.003143996000289917, 0.03697839006781578, -0.004052434116601944, -0.05130242556333542, -0.00028918293537572026, -0.0073804534040391445, -0.05202283710241318, 0.03520764037966728, -0.010514983907341957, -0.014225359074771404, 0.060976240783929825, 0.015569152310490608, -0.024822043254971504, -0.07694051414728165, 0.007011694367974997, 0.05792883038520813, 0.027117474004626274, -0.00406963424757123, 0.052538707852363586, -0.040204137563705444, 0.010197796858847141, 0.0030380520038306713, -0.008796383626759052, -0.012483705766499043, -0.00955875962972641, 0.04352014139294624, -0.03518958017230034, 0.0006261398666538298, 0.039973579347133636, -0.025606771931052208, -0.027426835149526596, -0.011753908358514309, -0.0026715686544775963, -0.023170121014118195, -0.013262400403618813, -0.019767452031373978, -0.007090204395353794, 0.00441461568698287, 0.01107009407132864, -0.026962200179696083, 0.04124885052442551, -0.02065361477434635, -0.04050060734152794, 0.008072750642895699, 0.05239154398441315, -0.03290833160281181, -0.01972781866788864, -0.014391330070793629, -0.0036942230071872473, -0.02492411807179451, 0.0002963735314551741, -0.006742679513990879, 0.011626441031694412, 0.020887602120637894, -0.02822108007967472, -0.042358316481113434, 0.021365802735090256, 0.024095866829156876, -0.01471749134361744, 0.032768331468105316, 0.042413946241140366, 0.006681724917143583, -0.012584548443555832, 0.05192885920405388, -0.041080161929130554, -0.017006399109959602, 0.01286843977868557, 0.012156167067587376, 0.0029892793390899897, 0.015317955985665321, -0.009003625251352787, 0.016269473358988762, -0.03235683590173721, -0.0029854262247681618, 0.038710687309503555, -0.045602522790431976, 0.0042229206301271915, 0.035366956144571304, -0.012362159788608551, 0.0026183039881289005, 0.004545721225440502, 0.06483215093612671, -0.009557317942380905, -0.042829494923353195, -0.014697445556521416, -0.009060807526111603, -0.032262541353702545, -0.0036105613689869642, -0.011949857696890831, -0.033223267644643784, 0.01902231201529503, 0.01138345804065466, -0.007784734014421701, 0.03220772743225098, -0.04455328360199928, 0.0008657576399855316, -0.14007265865802765, 0.05165006220340729, 0.002286534057930112, 0.002007948001846671, -0.025431904941797256, 0.020335603505373, 0.02037891559302807, -0.030720429494976997, -0.02099352888762951, -0.05118127167224884, -0.03440428897738457, -0.03250371292233467, 0.005247443914413452, -0.026709983125329018, 0.00882463064044714, 0.030601993203163147, -0.013759608380496502, -0.004404631443321705, -0.017647409811615944, 0.013237505219876766, 0.008410372771322727, -0.001502801664173603, 0.0026170765049755573, -0.01056546438485384, -0.0501905120909214, 0.0008042316185310483, 0.018525894731283188, -0.007786603178828955, -0.0028107452671974897, -0.03131473436951637, -0.012983701191842556, -0.0405912809073925, -0.0035390551201999187, 0.019845686852931976, 0.03358020260930061, 0.029413213953375816, 0.00935731828212738, 0.017644748091697693, -0.014482807368040085, 0.026718704029917717, -0.01684027537703514, 0.012459940277040005, -0.04104284569621086, -0.018819915130734444, 0.007836215198040009, 0.03460894152522087, -0.014091279357671738, -0.026856238022446632, -0.037705980241298676, 0.009295901283621788, -0.025249576196074486, 0.04778604209423065, -0.02465469390153885, -0.0021617391612380743, -0.023200877010822296, 0.010610020719468594, -0.022470783442258835, -0.030382992699742317, -0.03388148546218872, 0.014816788025200367, -0.01793309859931469, 0.01803385652601719, -0.054492443799972534, -0.06816738098859787, -0.012291197665035725, 0.050676170736551285, -0.058440010994672775, 0.0814596563577652, -0.0040877810679376125, 0.01808781363070011, -0.038498494774103165, -0.008936713449656963, -0.02036801353096962, -0.025986261665821075, 0.003626404330134392, 0.01749458536505699, 0.028288457542657852, -0.04712488874793053, -0.019932061433792114, 0.014737965539097786, -0.07599294930696487, -0.0024933896493166685, -0.029131442308425903, 0.02511586621403694, 0.09018639475107193, -0.0008304748334921896, -0.012787175364792347, -0.029070338234305382, 0.009034637361764908, -0.07271567732095718, -0.040092699229717255, -0.0024040420539677143, -0.012924936600029469, 0.03953860327601433, 0.014628388918936253, 0.018066540360450745, -0.01565178483724594, 0.025908231735229492, -0.003983341623097658, -0.0005174033576622605, 0.013533431105315685, -0.02286994270980358, 0.022787485271692276, 0.013418477959930897, -0.022003285586833954, 0.0002179067669203505, 0.022949544712901115, 0.05777953937649727, -0.02098870649933815, 0.01498333178460598, -0.0074660382233560085, -0.02234300784766674, -0.04332757741212845, -0.018366601318120956, -0.08395835012197495, -0.028076903894543648, -0.017340824007987976, 0.004118147771805525, 0.021744463592767715, -0.011666209436953068, -0.011774965561926365, -0.03132130578160286, -0.026814624667167664, -0.029968850314617157, 0.008121298626065254, 0.018055668100714684, 0.05690210312604904, 0.02365810051560402, -0.0002477975212968886, 0.0008641035528853536, -0.008148272521793842, -0.03372157737612724, 0.0004447551036719233, 0.04374454915523529, 0.04059290140867233, 0.02013280615210533, -0.03952430561184883, 0.020412154495716095, -0.05650273337960243, 0.004207912366837263, -0.0257567148655653, 0.01949043944478035, 0.03260916844010353, -0.03563839569687843, -0.02775224670767784, -0.03017178364098072, 0.05870623141527176, -0.01913531683385372, -0.007767242379486561, -0.006588004529476166, -0.02450929954648018, -0.02050100266933441, 0.003109435550868511, 0.04129540175199509, -0.032118793576955795, 0.015381263568997383, -0.026328902691602707, 0.02001388557255268, -0.04930347949266434, 0.032976843416690826, -0.03279091790318489, -0.008117950521409512, 0.006001946050673723, -0.03131593391299248, 0.008546320721507072, 0.02128695882856846, -0.028354661539196968, 0.003195101162418723, -0.0042692264541983604, 0.001341890194453299, 0.017169099301099777, 0.07217256724834442, -0.01936173066496849, -0.006551570724695921, 0.009838647209107876, -0.02022537775337696, -0.006400498561561108, 0.03491993620991707, 0.0373661033809185, -0.021260658279061317, 0.03971324488520622, -0.019602464511990547, 0.012322084978222847, -0.007157424930483103, 0.014324065297842026, 0.007728160358965397, 0.012001118622720242, 0.06074909120798111, 0.03483626991510391, 0.002754647983238101, -0.04531208798289299, -0.03172464668750763, -0.023189907893538475, -0.01339288242161274, 0.011255867779254913, -0.014414953999221325, -0.010922136716544628, 0.06335196644067764, 0.04046860709786415, 0.05914680287241936, 0.016296762973070145, -0.026247551664710045, 0.044935520738363266, -0.011723966337740421, -0.011179797351360321, 0.0004380884056445211, 0.015548530966043472, 0.0214838907122612, -0.035328831523656845, 0.05249769613146782, -0.025859441608190536, -0.00289438315667212, 0.016027728095650673, -0.0025378961581736803, -0.04155988618731499, -0.03339214250445366, 0.002902278443798423, 0.013058388605713844, 0.03569123521447182, 0.005415425170212984, 0.025468209758400917, 0.005011437926441431, 0.010904998518526554, -0.041738737374544144, -0.04399615898728371, -0.016750382259488106, -0.010124679654836655, 0.020861992612481117, -0.008434552699327469, 0.03605461120605469, -0.027765680104494095, -0.02150830812752247, -0.028158649802207947, 0.018619948998093605, 0.006748666986823082, -0.002929483074694872, -0.015809200704097748, 0.04139524698257446, -0.0358453169465065, -0.00010058170300908387, 0.024230848997831345, -0.0008556058164685965, -0.0025733348447829485, -0.017689712345600128]",,
15_1_0_errors_next_prerender_current_time_mdx_section_1,section,15_1_0_errors_next_prerender_current_time_mdx,"Cannot infer intended usage of current time with `Date.now()`, `Date()`, or `new Date()` - Why This Error Occurred",,{},15.1.0,"Reading the current time can be ambiguous. Sometimes you intend to capture the time when something was cached, other times you intend to capture the time of a user Request. You might also be trying to measure runtime performance to track elapsed time.
In this instance Next.js cannot determine your intent from usage so it needs you to clarify your intent. The way you do that depends on your use case. See the possible solutions below for how to move forward.
",,"[(np.int64(4), np.float64(0.04788185656070709)), (np.int64(5), np.float64(0.007899954915046692)), (np.int64(16), np.float64(0.017174750566482544)), (np.int64(132), np.float64(0.06163693964481354)), (np.int64(180), np.float64(0.0034154802560806274)), (np.int64(678), np.float64(0.031266793608665466)), (np.int64(707), np.float64(0.010509207844734192)), (np.int64(1733), np.float64(0.2262078821659088)), (np.int64(3293), np.float64(0.11271442472934723)), (np.int64(4171), np.float64(0.06875962018966675)), (np.int64(10869), np.float64(0.1555008888244629)), (np.int64(25512), np.float64(0.236076220870018)), (np.int64(35613), np.float64(0.2534734606742859)), (np.int64(43581), np.float64(0.21310320496559143)), (np.int64(44084), np.float64(0.08763011544942856)), (np.int64(53498), np.float64(0.2963898479938507)), (np.int64(54936), np.float64(0.19678543508052826)), (np.int64(64240), np.float64(0.09591353684663773)), (np.int64(86291), np.float64(0.2165999412536621)), (np.int64(127689), np.float64(0.21477831900119781)), (np.int64(179140), np.float64(0.2604483366012573)), (np.int64(212059), np.float64(0.2409103512763977))]","[-0.05732925608754158, -9.943116310751066e-06, -0.013421132229268551, 0.024596814066171646, -0.020120369270443916, -0.016317063942551613, -0.023225311189889908, -0.02929535321891308, -0.0018257179763168097, 0.007917013019323349, -0.00039585886406712234, -0.033471666276454926, -0.024016372859477997, 0.024848949164152145, -0.04086577519774437, 0.045842546969652176, 0.0014216756680980325, -0.00887998566031456, -0.009121617302298546, -0.025746257975697517, 0.010027301497757435, -0.017369678243994713, 0.01516896951943636, 0.03194260969758034, 0.009808137081563473, 0.030550343915820122, -0.054623737931251526, -0.017134003341197968, 0.035072892904281616, 0.08079549670219421, 0.03307962045073509, 0.004443188197910786, 0.061564598232507706, 0.00425006402656436, -0.04427386075258255, -0.03673294559121132, 0.006401450838893652, -0.007846436463296413, -0.007195517420768738, 0.03391079977154732, 0.05176477134227753, 0.00913197547197342, 0.012767976149916649, -0.00961273442953825, 0.03937667980790138, -0.010496349073946476, -0.007634203415364027, -0.0012365744914859533, -0.012556634843349457, -0.010797888971865177, -0.018079373985528946, 0.010140437632799149, 0.06426447629928589, -0.01042842399328947, 0.004289316013455391, 0.02657787874341011, 0.023739095777273178, -0.06211188808083534, -0.004002055618911982, 0.018375806510448456, -0.012583598494529724, -0.05682682991027832, -0.01426614262163639, -0.013751884922385216, -0.022467954084277153, 0.04797443002462387, -0.005814424715936184, 0.01029417384415865, -0.02578905038535595, -0.052077680826187134, 0.025333011522889137, 0.028366297483444214, -0.045557212084531784, -0.020473431795835495, -0.030817069113254547, 0.043614380061626434, -0.006229266989976168, -0.011891944333910942, -0.01703622005879879, 0.006250787992030382, 0.01777658984065056, -0.021904895082116127, 0.021825768053531647, -0.006680839695036411, 0.044243570417165756, 0.04277081415057182, -0.04918358847498894, 0.012696987017989159, 0.041896797716617584, 0.010512670502066612, 0.010268080048263073, -0.010964153334498405, -0.001223632600158453, -0.014658428728580475, 0.02172933891415596, -0.017079448327422142, -0.04865340143442154, 5.1471412007231265e-05, 0.06120912358164787, -0.0313444621860981, 0.025584682822227478, -0.053465619683265686, 0.004072148818522692, -0.00870408583432436, -0.021899690851569176, 0.0037305783480405807, 0.06856490671634674, 0.014170593582093716, 0.009379182942211628, -0.003726118477061391, 0.006483479868620634, 0.04169061779975891, 0.03317089006304741, 0.040544990450143814, 0.021527087315917015, 0.008743788115680218, -0.001740482053719461, -0.007064769975841045, -0.013209143653512001, -0.05705052241683006, -0.009881322272121906, 0.03602795675396919, 0.02768779918551445, -0.021661905571818352, -0.03457120433449745, -0.023059751838445663, -0.03406986594200134, 0.02180682122707367, -0.012748677283525467, 0.01615850254893303, 0.03994765132665634, 0.04733286052942276, 0.01782476156949997, -0.002017105696722865, -0.04096577316522598, 0.029392044991254807, 0.001218907767906785, 0.03623610734939575, 0.022420790046453476, -0.014528393745422363, 0.06180214509367943, 0.0016481556231155992, -0.042472995817661285, -0.01601109839975834, 0.040933817625045776, 0.02449188195168972, 0.053231026977300644, 0.002128658816218376, 0.018988678231835365, -0.030910788103938103, -0.006030234042555094, -0.002354441676288843, 0.009518138132989407, -0.04846687987446785, -0.016779307276010513, 0.019626354798674583, -0.00791588332504034, 0.014211034402251244, -0.03760514780879021, 0.044205762445926666, -0.020059634000062943, 0.0029203786980360746, -0.052414678037166595, 0.04354076087474823, 0.016863040626049042, 0.014942166395485401, -0.01490718126296997, 0.019235743209719658, -0.04111156612634659, -0.03960154578089714, 0.015802819281816483, -0.03782997280359268, 0.013236344791948795, 0.019900349900126457, 0.0007096513290889561, 0.04156775400042534, 0.06866040080785751, 0.023139087483286858, -0.018846025690436363, -0.017210112884640694, -0.037927087396383286, 0.03731122612953186, 0.018272781744599342, -0.06582829356193542, -0.031721990555524826, 0.027650313451886177, -0.012704294174909592, -0.03538860008120537, -0.026702309027314186, -0.03464040160179138, -0.02115955948829651, -0.010292035527527332, 0.03685399144887924, 0.022058000788092613, 0.0089262705296278, -0.05520124360918999, 0.02473345398902893, -0.01169885229319334, 0.014549961313605309, -0.048115722835063934, -0.012560891918838024, 0.020859822630882263, 0.00019561366934794933, 0.005993311759084463, -0.0477370023727417, -0.03361286222934723, -0.05334046110510826, -0.003474472090601921, 0.023448651656508446, -0.015481566078960896, 0.0014054056955501437, -0.01979849301278591, 0.005510238464921713, -0.015802975744009018, -0.036015234887599945, 0.02343170903623104, 0.02669949270784855, 0.04788518697023392, 0.017344871535897255, -0.006881247740238905, 0.030985333025455475, 0.024743206799030304, -0.02622825652360916, -0.07791554927825928, -0.015717480331659317, 0.021572373807430267, 0.010873528197407722, 0.04517899453639984, 0.01121736504137516, 0.01173397060483694, 0.02157621644437313, 0.0171832162886858, 0.042675167322158813, 0.00323627982288599, 0.020058048889040947, -0.054330211132764816, -0.0405203253030777, -0.002299511106684804, -0.006955333519726992, 0.053073424845933914, -0.007008202373981476, -0.040811192244291306, 0.05167987197637558, 0.030179396271705627, -0.0007350895320996642, -0.06842844188213348, -0.0012692497111856937, -0.012117200531065464, -0.045252274721860886, 0.022222133353352547, 0.05991489812731743, -0.030697306618094444, -0.0494823232293129, -0.02368212677538395, 0.011587739922106266, -0.017991265282034874, 0.004144757520407438, -0.01434023305773735, 0.006690836511552334, 0.009076216258108616, 0.02046273648738861, 0.02942434698343277, -0.004823009483516216, 0.010797428898513317, 0.008119228295981884, -0.009172664023935795, -0.010308491997420788, -0.011599155142903328, 0.016162211075425148, 0.007515720557421446, 0.0006773293134756386, 0.009004841558635235, 0.003910195082426071, -0.011728531681001186, -0.04059130698442459, 0.08926678448915482, -0.021947897970676422, -0.001816309173591435, 0.07436966150999069, 0.02763986587524414, -0.012683513574302197, 0.04209299758076668, 0.05457087233662605, 0.014379698783159256, 0.0633966252207756, -0.03957213833928108, 0.003173261880874634, -0.00838964432477951, 0.026928329840302467, -0.01044573076069355, 0.0395638532936573, 0.01671736128628254, 0.05005915090441704, -0.04689113423228264, -0.04653459042310715, -0.019102497026324272, 0.010018285363912582, -0.14592614769935608, 0.0038719067815691233, 0.03294942528009415, -0.006261463742703199, -0.021082332357764244, 0.04461131617426872, -0.04367953538894653, -0.023168524727225304, -0.02031640149652958, 0.06523081660270691, 0.01798918843269348, -0.05880371481180191, -0.002593692159280181, -0.0061726877465844154, -0.022454824298620224, 0.019733279943466187, -0.00399432610720396, -0.029652005061507225, -0.015395746566355228, -0.054173052310943604, 0.008995388634502888, -0.03760719299316406, 0.04778161644935608, -0.02152160555124283, -0.03961341455578804, 0.0017273261910304427, 0.040774837136268616, -0.02121129259467125, -0.04890358820557594, 0.009498941712081432, -0.003492269665002823, 0.021945366635918617, 0.00610912824049592, -0.014620073139667511, 0.0010067089460790157, 0.03307170048356056, 0.047600265592336655, 0.013264634646475315, -0.0033248888794332743, -0.020347436890006065, 0.02214406430721283, 0.020664505660533905, -0.0343003086745739, 0.011388974264264107, 0.035425569862127304, -0.02857254445552826, -0.014204658567905426, -0.016406666487455368, -0.01632005348801613, -0.05088040232658386, 0.019563153386116028, 0.0065029095858335495, -0.022440442815423012, -0.021702449768781662, -0.059833135455846786, -0.008907785639166832, 0.041845131665468216, 0.020997442305088043, -0.03711681067943573, 0.017710916697978973, -0.02227148599922657, -0.022573143243789673, 0.05575752630829811, 0.00023356488964054734, -0.04116092994809151, 0.016314301639795303, 0.03687828406691551, -0.014865306206047535, 0.017668412998318672, -0.037278227508068085, 0.03660474717617035, -0.021595705300569534, 0.013345015235245228, -0.030956799164414406, -0.002909963484853506, 0.053404420614242554, -0.04211001470685005, -0.03021720051765442, 0.04313264787197113, -0.06547337770462036, -0.017715130001306534, 0.023089874535799026, -0.005994467064738274, 0.025870729237794876, -0.016476264223456383, -0.0030529501382261515, 0.003663811832666397, 0.0049108718521893024, 0.048944540321826935, 0.22423747181892395, 0.05049751698970795, -0.013253966346383095, -0.019788216799497604, 0.026357192546129227, -0.012957318685948849, -0.029424456879496574, 0.052069440484046936, 0.007822834886610508, -0.03894050046801567, -0.005649545229971409, 0.016186226159334183, -0.03091631643474102, 0.00508216954767704, -0.011869659647345543, 0.015711603686213493, -0.04676420986652374, 0.026867419481277466, 0.03440774977207184, -0.03206390142440796, 0.028065519407391548, 0.007118935696780682, 0.028620578348636627, -0.0032827884424477816, -0.056750085204839706, 0.011906230822205544, -0.013713883236050606, -0.019320311024785042, -0.023243550211191177, -0.0056278700940310955, -0.03984241560101509, 0.06449992209672928, 0.04647770896553993, -0.052893415093421936, -0.0007847210508771241, -0.016276970505714417, -0.0043113515712320805, -0.03019830398261547, -0.01683688536286354, 0.027678417041897774, 0.009545344859361649, 0.013972257263958454, -0.010559999383985996, 0.027469927445054054, -0.01817099191248417, -0.020563533529639244, -0.03983871266245842, -0.03860185667872429, -0.04893811419606209, 0.022605158388614655, -0.017395474016666412, -0.001466014189645648, 0.003076574532315135, -0.022449485957622528, 0.03403272479772568, -0.03324759751558304, 0.013688413426280022, 0.005042051896452904, 0.017074977979063988, 0.08734726160764694, -0.0008104443550109863, 0.010365815833210945, -0.0053514703176915646, 0.02742060460150242, 0.0038590459153056145, 0.011979875154793262, 0.0067121852189302444, -0.043686941266059875, 0.03695357218384743, -0.010234701447188854, -0.018178949132561684, 0.010475890710949898, 0.006431104149669409, -0.010262265801429749, -0.020144784823060036, 0.0019884887151420116, -0.014502430334687233, 0.022469107061624527, -0.017262578010559082, 0.04051598161458969, -0.009806916117668152, -0.015213320031762123, -0.0025508820544928312, 0.024800416082143784, 0.019837897270917892, -0.025652745738625526, 0.03303229436278343, 0.07126881182193756, -0.013994636945426464, 0.006831730715930462, -0.054989784955978394, 0.01013492513448, -0.014521071687340736, 0.03323615342378616, 0.02592111937701702, 0.020955821499228477, 0.021009139716625214, -0.031763385981321335, -0.007331602741032839, 0.06887763738632202, -0.01668301783502102, 0.0002905613509938121, 0.01043675746768713, -0.045475125312805176, 0.03649746999144554, -0.03272601217031479, 0.03267732262611389, 0.003698486601933837, -0.01152844075113535, 0.058661699295043945, -0.02816680632531643, -0.022172439843416214, -0.009815564379096031, -0.038796648383140564, -0.009591527283191681, 0.06739961355924606, 0.015165654942393303, 0.03605253994464874, 0.03257197514176369, 0.05562146380543709, -0.006831219885498285, -0.01943063549697399, -0.0016082366928458214, 0.011710847727954388, -0.021260228008031845, -0.03475506231188774, -0.019990259781479836, -0.027269650250673294, -0.01847945712506771, 0.009779448620975018, 0.011477726511657238, -0.030466441065073013, -0.008185377344489098, -0.012306240387260914, 0.043508488684892654, -0.0009528077789582312, -0.003101492766290903, 0.008835283108055592, -0.02577747218310833, 0.08439280092716217, -0.017863387241959572, -0.040488351136446, -0.004940195940434933, -0.010264991782605648, 0.02050633914768696, 0.07201801985502243, -0.019324228167533875, -0.0014992699725553393, -0.006906434893608093, 0.016510706394910812, 0.03406980261206627, 0.03645279258489609, 0.002322119427844882, -0.05205126851797104, -0.03259885683655739, -0.09051813930273056, -0.04461709037423134, -0.009729109704494476, -0.011195641942322254, 0.0025856797583401203, 0.009762618690729141, -0.011902820318937302, -0.009862011298537254, 0.060596875846385956, 0.012773305177688599, -0.0017441040836274624, 0.009996818378567696, 0.03927384689450264, 0.012014002539217472, -0.003302815370261669, -0.02697773091495037, -0.03426079824566841, 0.007303128484636545, 0.022304948419332504, -0.005824388470500708, -0.029828742146492004, -0.08354591578245163, 0.015303523279726505, -0.03643951192498207, -0.04239894077181816, 0.0010038671316578984, -0.009503000415861607, -0.006167124025523663, 0.01746787317097187, 0.03765849769115448, -0.02472553588449955, 0.008931991644203663, -0.020456582307815552, 0.0036924949381500483, -0.026217350736260414, 0.03227202966809273, 0.11031753569841385, -0.003179124789312482, -0.030946306884288788, 0.07165545225143433, -0.029237080365419388, 0.082026407122612, 0.020747056230902672, -0.004756176378577948, -0.052252981811761856, 0.001628437195904553, -0.0145662697032094, -0.014220952056348324, 0.015638280659914017, -0.0007334331166930497, -0.019982799887657166, 0.025393009185791016, -0.02526075206696987, -0.023545319214463234, 0.03314511105418205, 0.007415778003633022, 0.0047971042804419994, -0.0336698517203331, -0.012266085483133793, 0.01397598348557949, -0.024546051397919655, 0.05736035853624344, 0.0376560240983963, 0.055056486278772354, 0.002743980847299099, -0.05423435941338539, 0.0016026077792048454, 0.025627894327044487, -0.04643037170171738, -0.01094928290694952, 0.006121865473687649, -0.0033633126877248287, -0.022059151902794838, 0.007405893411487341, 0.04606686905026436, -0.014740949496626854, 0.02041303925216198, -0.01602904498577118, -0.029050657525658607, 0.004819584544748068, -0.007599357981234789, 0.0011141836876049638, 0.017138231545686722, -0.02819668874144554, -0.008282976225018501, 0.004437058232724667, 0.03825032711029053, 0.037403542548418045, 0.03032759577035904, 0.01618633046746254, -0.023164300248026848, -0.015259124338626862, -0.004479620140045881, 0.013479839079082012, 0.024971826002001762, 0.013938209973275661, -0.019076593220233917, 0.01901957020163536, 0.02127568982541561, 0.04323779046535492, 0.04202120006084442, 0.00017329676484223455, -0.005126506090164185, -0.021372145041823387, -0.06888923794031143, -0.022399259731173515, 0.007511554751545191, -0.007781501859426498, -0.008122649975121021, -0.011965769343078136, -0.0350552536547184, -0.004249073099344969, -0.02336040884256363, -0.035776712000370026, -0.07495906949043274, -0.024076472967863083, 0.007796961814165115, 0.005292748566716909, -0.043851785361766815, -0.028006548061966896, -0.00797687005251646, -0.01622381992638111, 0.010573293082416058, 0.00019968237029388547, 0.014725003391504288, -0.04811384528875351, 0.038037676364183426, 0.04621214419603348, 0.046325959265232086, -0.03092726692557335, 0.0008447217405773699, 0.007137562148272991, -0.004315405152738094, -0.005636327899992466, -0.05089239403605461, -0.010541274212300777, -0.021353300660848618, -0.04091427102684975, 0.02825212851166725, 0.013369196094572544, 0.0038875588215887547, -0.024979908019304276, 0.04638790711760521, -0.017705172300338745, 0.020018981769680977, 0.000227989541599527, -0.03844529017806053, -0.003178725019097328, -0.01648717373609543, -0.051796868443489075, 0.01962888240814209, -0.013678423129022121, -0.05770304054021835, 0.08006893843412399, -0.0015750739257782698, -0.042901478707790375, -0.06698185205459595, -0.0025771744549274445, 0.04264061897993088, 0.021439149975776672, -0.0019431448308750987, 0.042783066630363464, -0.02877785824239254, 0.0161865446716547, -0.01064529549330473, -0.026882775127887726, 0.00524497963488102, -0.011968896724283695, 0.015893669798970222, -0.03227582946419716, 0.004206555429846048, 0.018800485879182816, -0.015501724556088448, -0.013740254566073418, -0.006793954875320196, -0.01848786137998104, -0.03491269052028656, -0.0017375664319843054, -0.024835115298628807, -0.008913031779229641, -0.007728137541562319, 0.0022964212112128735, -0.02172013185918331, 0.04493359476327896, -0.015990808606147766, -0.03485448285937309, -0.024673769250512123, 0.017032500356435776, -0.019092734903097153, -0.015491794794797897, -0.0026813100557774305, 0.006972324103116989, -0.02381022833287716, -0.007730805780738592, 0.00024556097923778, 0.016580896452069283, 0.018899355083703995, -0.012068860232830048, -0.046225644648075104, 0.03998337686061859, 0.04339561238884926, -0.026373960077762604, 0.022420812398195267, 0.03976301848888397, 0.0471176840364933, -0.04009215533733368, 0.07626592367887497, -0.05369306355714798, 0.006782841868698597, 0.002506692660972476, -0.017780469730496407, 0.009242883883416653, -0.003568278392776847, 0.026910841464996338, 0.009256592951714993, 0.0004088966525159776, 0.0036608080845326185, 0.06708084791898727, -0.06331948190927505, 0.011984268203377724, 0.03611285984516144, -0.009922761470079422, 0.007731940131634474, 0.00971478596329689, 0.07775183022022247, -0.0337638333439827, -0.023808997124433517, 0.0021816983353346586, -0.005439195781946182, -0.02111458033323288, -0.007183545734733343, 0.01751813478767872, -0.017843490466475487, -0.0030847417656332254, 0.005255941301584244, -0.04349193349480629, 0.01864941231906414, -0.03294391185045242, -0.012055139057338238, -0.12612144649028778, 0.06837411969900131, 0.005098326131701469, 0.004644410684704781, -0.016320515424013138, 0.020111948251724243, 0.006524857133626938, -0.0007995267515070736, -0.017469365149736404, -0.04069535806775093, -0.03353303298354149, -0.0404030978679657, 0.0031911982223391533, -0.039288230240345, 0.00953395664691925, 0.046326346695423126, -0.03914400190114975, -0.014741828665137291, -0.019008928909897804, 0.04598686471581459, 0.020858468487858772, -0.0031243120320141315, 0.011753273196518421, -0.0035807143431156874, -0.03503956273198128, 0.010524386540055275, 0.007676089182496071, 0.0016306262696161866, -0.005948519334197044, -0.027564775198698044, -0.006610434502363205, -0.038842979818582535, -0.0057858629152178764, 0.02977784350514412, 0.0456501767039299, 0.015212170779705048, -0.0011931397020816803, -0.004282765090465546, -0.009157107211649418, 0.018151458352804184, -0.02405485138297081, 0.0030235869344323874, -0.03259194269776344, -0.034038644284009933, -0.011914895847439766, 0.05714571848511696, -0.004219251684844494, -0.013145607896149158, -0.05777963623404503, -0.0018795942887663841, -0.05503862351179123, 0.040600571781396866, -0.0306183323264122, -0.012107405811548233, -0.027607940137386322, 0.021355168893933296, -0.038377318531274796, -0.04453873261809349, -0.03135550767183304, 0.020171793177723885, 0.01290850155055523, 0.004640956409275532, -0.05667281150817871, -0.03310186415910721, -0.014565734192728996, 0.03490077704191208, -0.0849766805768013, 0.054005660116672516, -0.010158628225326538, -0.006631337571889162, -0.02397989109158516, -0.008563365787267685, -0.03408798575401306, -0.03380173444747925, -0.030136751011013985, 0.0012775521026924253, 0.03415216878056526, -0.026503771543502808, 0.0035814244765788317, 0.011350525543093681, -0.06110652908682823, -0.016082268208265305, -0.03219267725944519, 0.027449319139122963, 0.0419921949505806, -0.005506093613803387, -0.009031768888235092, -0.008640906773507595, -0.008085528388619423, -0.061651475727558136, -0.03336601331830025, -0.002148826140910387, -0.026901375502347946, 0.032895829528570175, 0.022972242906689644, 0.007414348889142275, -0.009422414004802704, 0.0373176634311676, -0.011904439888894558, 0.0025599815417081118, 0.01717221550643444, -0.013519875705242157, 0.013577859848737717, 0.012733131647109985, -0.03152149170637131, 0.015339205041527748, 0.014658193103969097, 0.05497639253735542, -0.03293798863887787, -0.0010136662749573588, 0.01266887504607439, -0.019578970968723297, -0.016951095312833786, -0.019838009029626846, -0.09594734758138657, -0.02408766932785511, -0.02105182409286499, 0.011562940664589405, 0.00578072015196085, -0.000401218916522339, -0.01954086497426033, -0.029305554926395416, -0.021998245269060135, -0.03484859690070152, 0.00815006997436285, 0.012614334002137184, 0.03581929951906204, 0.03441992774605751, 0.00042715430026873946, -0.027300825342535973, -0.02309928648173809, -0.03776179626584053, -0.0070183477364480495, 0.03993993625044823, 0.03234162926673889, 0.03487749770283699, -0.023100344464182854, 0.023666080087423325, -0.04160549119114876, -0.011758382432162762, -0.030214952304959297, 0.014162471517920494, 0.019926849752664566, -0.03812016174197197, -0.0170584823936224, -0.02269853837788105, 0.05521845817565918, -0.010695422999560833, -0.006652343552559614, -0.018912484869360924, -0.03256459906697273, -0.006979724392294884, 0.05154309794306755, 0.025033721700310707, -0.02078118361532688, 0.025719547644257545, -3.6280085623729974e-05, 0.004816638305783272, -0.021819377318024635, 0.045135270804166794, -0.038070350885391235, 0.004572493955492973, -0.018573714420199394, -0.05288814753293991, 0.02931933104991913, 0.021238338202238083, -0.023783912882208824, -0.0042260559275746346, 0.012089998461306095, 0.016898134723305702, 0.019643917679786682, 0.07026396691799164, -0.016241155564785004, 0.00922679528594017, 0.025509696453809738, -0.011586173437535763, -0.0023292263504117727, 0.042399756610393524, 0.04542030394077301, 0.0015456735854968429, 0.03788819909095764, -0.021309256553649902, 0.033712051808834076, 0.018676038831472397, 0.010549990460276604, -0.0254403967410326, 0.011779263615608215, 0.06899856775999069, 0.03202873468399048, 0.006587083451449871, -0.03950078785419464, -0.01705086976289749, -0.03832237049937248, -0.03351285308599472, 0.019122516736388206, 0.0042946250177919865, -0.004909320268779993, 0.06514667719602585, 0.03299741819500923, 0.01862759329378605, 0.02047492004930973, -0.041143789887428284, 0.05428384989500046, -0.021073848009109497, -0.014913150109350681, 0.008717192336916924, 0.03997315838932991, -0.0017342852661386132, -0.044827818870544434, 0.02590702846646309, -0.016651799902319908, -0.016973473131656647, 0.019498126581311226, 0.007816078141331673, -0.0199421439319849, -0.03715050220489502, 0.010317699052393436, -0.003930704668164253, 0.032420869916677475, 0.027659261599183083, 0.023788565769791603, 0.021136924624443054, 0.0016265619779005647, -0.015739865601062775, -0.05016529560089111, -0.03452078625559807, -0.0035594648215919733, 0.005367429461330175, 0.0040683806873857975, 0.03923996165394783, -0.0257567148655653, -0.021667206659913063, -0.008318882435560226, 0.03435954451560974, -0.0013529810821637511, -0.006871577352285385, -0.029993457719683647, 0.027223825454711914, 0.0010917382314801216, -0.03011355921626091, 0.030372528359293938, -0.006294453516602516, -0.008463999256491661, -0.04264076054096222]",,
15_1_0_errors_next_prerender_current_time_mdx_section_2,section,15_1_0_errors_next_prerender_current_time_mdx,"Cannot infer intended usage of current time with `Date.now()`, `Date()`, or `new Date()` - Possible Ways to Fix It",,{},15.1.0,,,"[(np.int64(4), np.float64(0.043312475085258484)), (np.int64(5), np.float64(0.02496635913848877)), (np.int64(16), np.float64(0.0145425945520401)), (np.int64(132), np.float64(0.0808754712343216)), (np.int64(678), np.float64(0.06388789415359497)), (np.int64(1650), np.float64(0.03171684592962265)), (np.int64(1733), np.float64(0.22709700465202332)), (np.int64(4171), np.float64(0.09855692088603973)), (np.int64(10869), np.float64(0.16770148277282715)), (np.int64(25512), np.float64(0.23800556361675262)), (np.int64(35613), np.float64(0.2516804337501526)), (np.int64(42261), np.float64(0.0645306333899498)), (np.int64(43581), np.float64(0.2185637503862381)), (np.int64(53498), np.float64(0.3016608655452728)), (np.int64(54936), np.float64(0.20297154784202576)), (np.int64(86291), np.float64(0.2277277261018753)), (np.int64(96746), np.float64(0.1963924914598465)), (np.int64(115861), np.float64(0.08264538645744324)), (np.int64(127689), np.float64(0.21188309788703918)), (np.int64(179140), np.float64(0.25325363874435425))]",,,
15_1_0_errors_next_prerender_current_time_mdx_section_3,section,15_1_0_errors_next_prerender_current_time_mdx,"Cannot infer intended usage of current time with `Date.now()`, `Date()`, or `new Date()` - Performance use case",,{},15.1.0,"If you are using the current time for performance tracking with elapsed time use ``.
Before:
After:
Note: If you need report an absolute time to an observability tool you can also use ``.
",,"[(np.int64(4), np.float64(0.05059418827295303)), (np.int64(16), np.float64(0.013329967856407166)), (np.int64(132), np.float64(0.026954058557748795)), (np.int64(678), np.float64(0.016611948609352112)), (np.int64(1733), np.float64(0.21424484252929688)), (np.int64(4171), np.float64(0.03204229846596718)), (np.int64(4527), np.float64(0.16030319035053253)), (np.int64(7225), np.float64(0.16185274720191956)), (np.int64(10869), np.float64(0.1124853789806366)), (np.int64(25512), np.float64(0.22383978962898254)), (np.int64(35613), np.float64(0.2285618782043457)), (np.int64(43581), np.float64(0.19098444283008575)), (np.int64(53498), np.float64(0.27371710538864136)), (np.int64(54936), np.float64(0.1715136021375656)), (np.int64(86291), np.float64(0.20188601315021515)), (np.int64(94030), np.float64(0.26570719480514526)), (np.int64(127689), np.float64(0.1909869909286499)), (np.int64(179140), np.float64(0.23698168992996216))]","[-0.02945639193058014, -0.00982891209423542, -0.041533276438713074, 0.06468091905117035, -0.011606018990278244, -0.07167726010084152, -0.026030180975794792, 0.0009710700251162052, 0.013165418058633804, 0.010187013074755669, 0.002129616914317012, 0.0009153843857347965, 0.025736667215824127, -0.001154733239673078, -0.0006144636427052319, 0.05618937686085701, -0.012783576734364033, 0.02510133571922779, -0.0017443096730858088, -0.01574692875146866, -0.00019098531629424542, 0.013163084164261818, 0.013938062824308872, 0.035141244530677795, -0.004753967747092247, -0.016462691128253937, -0.004621875938028097, 0.014068851247429848, 0.05053805187344551, 0.08836276084184647, 0.014780011959373951, -0.027987301349639893, 0.012870382517576218, -0.00415696669369936, -0.056560005992650986, -0.00790167786180973, -0.0060501666739583015, -0.02104981429874897, -0.02886519581079483, 0.01103305071592331, 0.008429581299424171, -0.009645120240747929, 0.003272304544225335, 0.005275867413729429, 0.02303849719464779, -0.01053785253316164, -0.030366694554686546, -0.015371748246252537, -0.021306289359927177, -0.024700632318854332, 0.004731585271656513, 0.007288181222975254, 0.05057857185602188, -0.03881395235657692, 0.021573910489678383, 0.03205908462405205, -0.06572563946247101, -0.02988504432141781, -0.020386384800076485, 0.013656411319971085, -0.03895394504070282, -0.012687813490629196, -0.03678391873836517, 0.006696102675050497, -0.036570753902196884, 0.028000563383102417, 0.0034175936598330736, 0.020052241161465645, -0.014901706948876381, 7.961691881064326e-05, 0.010725045576691628, -0.008939546532928944, -0.04780342057347298, -0.05070467293262482, -0.024719808250665665, 0.016821041703224182, -0.009566147811710835, 0.00017646382912062109, -0.030396955087780952, 0.03690921887755394, 0.001903668511658907, -0.010451910085976124, 0.028532201424241066, -0.0009673824533820152, 0.00499091949313879, 0.04884350672364235, -0.02089749276638031, 0.03435944393277168, -0.012709401547908783, 0.06911710649728775, 0.014782465063035488, -0.03261855989694595, 0.03775922954082489, -0.020189549773931503, 0.017354367300868034, -0.026456020772457123, -0.002691177185624838, -0.011961751617491245, 0.008717220276594162, -0.030200593173503876, 0.0012938928557559848, -0.01808215118944645, 0.02644016221165657, -0.002825101837515831, 0.04677887633442879, -0.0028070786502212286, 0.024402517825365067, 0.04307476431131363, -0.011510730721056461, -0.01681247167289257, -0.0032396968454122543, 0.03086869604885578, 0.023351280018687248, 0.03748340159654617, 0.02760849893093109, 0.04282239452004433, -0.024422040209174156, -0.020460065454244614, 0.029438544064760208, -0.03741328418254852, 0.04564507305622101, 0.03638853132724762, 0.03527484089136124, 0.004654691554605961, -0.029240790754556656, -0.00697749899700284, -0.011334300972521305, 0.0011822315864264965, -0.02223263680934906, -0.010305872187018394, 0.012106076814234257, 0.037160810083150864, 0.005534708965569735, -0.030843349173665047, -0.023142842575907707, 0.005177665036171675, 0.034158166497945786, 0.04395414888858795, -0.004566528834402561, -0.03143301233649254, 0.04362998530268669, 0.02802644670009613, -0.03751862421631813, -0.014598777517676353, 0.041753992438316345, -0.03788391128182411, 0.02695322036743164, 0.020856866613030434, -0.007974504493176937, 0.005300155375152826, -0.01886172965168953, 0.04432063549757004, -0.0036121502052992582, -0.02114151045680046, -0.005895970854908228, 0.038358211517333984, 0.01157522015273571, 0.01877612993121147, -0.013753047212958336, 0.006074082106351852, -0.06536730378866196, 0.018649084493517876, -0.032426681369543076, 0.03562277927994728, 0.03496185690164566, 0.022838393226265907, -0.022336430847644806, -0.025791822001338005, -0.006971375551074743, 0.006489607971161604, 0.016033068299293518, -0.006173232104629278, 0.009247543290257454, 0.01043446734547615, 0.01110252644866705, 0.03717726469039917, 0.077811099588871, 0.012044361792504787, 0.02150527946650982, -0.021883929148316383, -0.04711133614182472, -0.010599138215184212, 0.004242907743901014, -0.015599459409713745, -0.03485240042209625, 0.012495145201683044, -0.0065744491294026375, -0.028090884909033775, -7.667956379009411e-05, 0.01848212070763111, -0.022090351209044456, -0.017928509041666985, 0.01950893923640251, 0.04301978647708893, 0.03519023582339287, -0.026109939441084862, -0.006858095061033964, -0.046749234199523926, -0.025397086516022682, -0.003988213371485472, -0.0024424169678241014, -0.00816471129655838, 0.009825078770518303, -0.0683838278055191, -0.03699997439980507, 0.0006631665746681392, -0.014067226089537144, -0.006349239032715559, 0.01709679141640663, -0.01363125815987587, 0.0063234553672373295, -0.004282831680029631, -0.0007258614059537649, 0.01243557408452034, -0.03288387134671211, 0.030436178669333458, 0.031523190438747406, 0.03732125833630562, 0.03943730145692825, -0.0775662437081337, 0.020413637161254883, 0.03946610540151596, 0.01829550974071026, -0.022475939244031906, -0.01353095006197691, -0.005975794512778521, 0.032118506729602814, 0.033225782215595245, 0.02925465628504753, -0.012042950838804245, 0.032879240810871124, 0.006845355499535799, 0.033263590186834335, 0.02055865153670311, -0.006205514073371887, -0.06571727246046066, -0.026919299736618996, 0.05686506628990173, 0.03721417114138603, 0.04173484444618225, -0.041254907846450806, -0.013809544034302235, 0.043697651475667953, -0.013325263746082783, -0.022381706163287163, -0.02860254980623722, 0.01577480509877205, -0.022482631728053093, -0.023162759840488434, 0.060828693211078644, 0.05758986249566078, -0.016304558143019676, -0.036471471190452576, -0.024132542312145233, 0.0006747075240127742, -0.006569196470081806, 0.04043414816260338, -0.019634155556559563, -0.058944664895534515, -0.02337646298110485, 0.0231948085129261, 0.03373090550303459, -0.01217243168503046, 0.018631739541888237, 0.04935574531555176, -0.03869885951280594, 0.01544073224067688, -0.06155907362699509, 0.005011342000216246, 0.014247473329305649, 0.02164766564965248, -0.02592609077692032, -0.00861723255366087, -0.0059333303943276405, -0.019150041043758392, 0.04373517632484436, -0.05661951005458832, 0.013616166077554226, 0.07392126321792603, -0.008541278541088104, 0.013998470269143581, 0.015212738886475563, 0.04686813801527023, -0.0035707734059542418, 0.04942977800965309, -0.06473039090633392, 0.024210907518863678, -0.012479276396334171, -0.00540968868881464, -0.04227428510785103, 0.02818131074309349, -0.011775136925280094, 0.03985873609781265, -0.043587662279605865, -0.031160486862063408, -0.0016672605415806174, -0.0037938205059617758, -0.1709360033273697, -0.01573275215923786, -0.02772938832640648, 0.02148672565817833, 0.020714055746793747, 0.05495654046535492, 0.011113815009593964, -0.046328235417604446, -0.005619877949357033, 0.02551948092877865, 0.004798480309545994, -0.0562504306435585, 0.012193053029477596, -0.022768627852201462, 0.028154617175459862, 0.002149051520973444, 0.0019379510777071118, -0.021665574982762337, 0.009834847413003445, -0.03774884343147278, -0.0019291231874376535, -0.026481227949261665, 0.018615948036313057, -0.0650167390704155, -0.021471787244081497, -0.02546445094048977, 0.05671721324324608, 0.046716149896383286, -0.03184041380882263, 0.01666625589132309, -0.010704334825277328, 0.034002967178821564, 0.012736663222312927, -0.009774752892553806, -0.009313032031059265, 0.07125162333250046, -0.024582209065556526, 0.0268910713493824, 0.0180625282227993, -0.005749036557972431, 0.03936953842639923, 0.03349101543426514, 0.004693020135164261, 0.02434663660824299, 0.014454957097768784, -0.02321680448949337, -0.02660837583243847, -0.00258230185136199, -0.047750625759363174, -0.0007148906588554382, 0.015541132539510727, -0.01363398041576147, -0.005733693949878216, 0.012666579335927963, -0.05386011302471161, -0.00254346732981503, 0.03904469683766365, 0.036727163940668106, -0.041466813534498215, 0.009243861772119999, 0.029848560690879822, -0.01436406560242176, -0.025401614606380463, -0.03202563151717186, -0.05053293704986572, -0.0047194985672831535, 0.007847636938095093, -0.0400577075779438, 0.024645693600177765, -0.05980733036994934, 0.021885689347982407, -0.0314042903482914, 0.02507871761918068, 0.007965417578816414, -0.024010106921195984, 0.015525834634900093, -0.012390085496008396, -0.017871122807264328, -0.015156268142163754, -0.0702337771654129, -0.024373279884457588, -0.03309466317296028, 9.044546459335834e-05, 0.0021806550212204456, -0.0010123959509655833, 0.0022645234130322933, 0.008594198152422905, 0.034871891140937805, -0.008897580206394196, 0.25680309534072876, 0.0667957216501236, -0.03849448636174202, -0.023293213918805122, 0.0013502343790605664, -0.0017758805770426989, 0.004886629059910774, 0.036033835262060165, 0.01009141094982624, -0.01946151815354824, -0.005622882395982742, 0.027288338169455528, -0.018146399408578873, -0.030939307063817978, 0.023900100961327553, 0.011849531903862953, -0.04811202362179756, -0.01599145494401455, 0.06789737194776535, 0.04300730675458908, 0.025232696905732155, 0.015882425010204315, 0.057878125458955765, -0.007623166311532259, -0.07206731289625168, 0.015179699286818504, -0.039285287261009216, 0.030286427587270737, 0.0037166269030421972, 0.028871173039078712, -0.01927439495921135, 0.014957689680159092, 0.03949473053216934, -0.02195691503584385, -0.033211879432201385, -0.004841458518058062, -0.005211799405515194, -0.03541060909628868, -0.0012638968182727695, 0.009653016924858093, -0.022736120969057083, -0.009681065566837788, -0.02135373279452324, -0.020537929609417915, -0.012880207970738411, -0.008044948801398277, 0.005257477983832359, -0.011410951614379883, 0.0027823480777442455, -0.007833793759346008, -0.0467163622379303, -0.01978970505297184, 0.005570807494223118, -0.026323769241571426, 0.0636562928557396, -0.022725211456418037, 0.0009612782159820199, 0.007486301939934492, -0.0007330827065743506, 0.038533832877874374, -0.005560551304370165, -0.01319541223347187, 0.010427532717585564, 0.019828863441944122, -0.010674940422177315, 0.02576751448214054, 0.00948321633040905, -0.027857420966029167, -0.030433982610702515, 0.00026460803928785026, 0.030181115493178368, 0.07285884022712708, -0.00629563070833683, -0.013606058433651924, 0.04398954287171364, -0.03313690051436424, -0.016384322196245193, -0.002879474079236388, -0.019619112834334373, 0.03621794655919075, -0.043198276311159134, -0.028174351900815964, -0.026278818026185036, -0.0026069877203553915, -0.006872926373034716, -0.014018860645592213, -0.013525710441172123, 0.04396786540746689, -0.02994079515337944, 0.014489933848381042, -0.03094678558409214, 0.01928381621837616, -0.040652502328157425, -0.010781398043036461, -0.036805909126996994, -0.009656018577516079, 0.04363137483596802, -0.03406677022576332, -0.0382252000272274, 0.008255328051745892, -0.011632581241428852, 0.010096345096826553, -0.016588881611824036, 0.020793721079826355, 0.01663709431886673, -0.00633549690246582, -0.01897572912275791, -0.02138780616223812, 0.0368230938911438, 0.030646562576293945, -0.05571980029344559, 0.004496360197663307, -0.007468420080840588, -0.011415395885705948, 0.025562241673469543, 0.07423384487628937, 0.054556332528591156, 0.03492492809891701, 0.002243862021714449, 0.007859990932047367, 0.00337389437481761, 0.000880659616086632, 0.05160929635167122, -0.032572194933891296, -0.01028851792216301, -0.03042515553534031, -0.018467895686626434, 0.0016901190392673016, -0.008075380697846413, 0.04115916043519974, 0.00776252243667841, -0.04459729790687561, -0.04474358633160591, 0.008486508391797543, 0.01730521209537983, -0.014144455082714558, 0.03460453823208809, -0.009760417975485325, 0.007034530863165855, 0.03742102161049843, -0.015895580872893333, -0.014805307611823082, -0.027331113815307617, -0.010987412184476852, 0.015557341277599335, 0.0346711203455925, 0.010296745225787163, -0.012646489776670933, -0.04299190267920494, 0.055887620896101, 0.01741892658174038, 0.04058180749416351, 0.030635753646492958, -0.036440081894397736, -0.0005034832865931094, -0.07141797989606857, -0.04030531644821167, -0.002876084763556719, -0.029763733968138695, -0.0035042166709899902, -0.0017843652749434114, 0.029716361314058304, -0.004134221933782101, 0.04415006563067436, 0.015207488089799881, -0.027027729898691177, 0.00225419201888144, 0.0521671436727047, -0.04793136939406395, -0.0011891351314261556, 0.0012933278921991587, -0.031624045222997665, -0.018719390034675598, 0.002952766604721546, -0.023663781583309174, -0.02200327254831791, -0.038505181670188904, 0.03869810327887535, -0.054388899356126785, -0.042148739099502563, -0.012936707586050034, -0.006517601199448109, -0.042358532547950745, 0.027473410591483116, -6.3475759816356e-05, -0.007603745441883802, -0.02722606435418129, -0.016620652750134468, 0.0037122503854334354, -0.01059981994330883, 0.02776314690709114, 0.12438921630382538, -0.007545303553342819, -0.029310813173651695, 0.025454344227910042, 0.011817083694040775, 0.10591036081314087, -0.015054918825626373, -0.01675027795135975, -0.029411286115646362, 0.00013129046419635415, 0.058234803378582, 0.0059858704917132854, -0.0012018553679808974, -0.039364758878946304, -0.004337009973824024, -0.015972133725881577, 0.02621161751449108, -0.010247806087136269, 0.00566285103559494, 0.052349530160427094, 0.02112778276205063, -0.028506377711892128, 0.02730500139296055, -0.004940493032336235, 0.010557830333709717, 0.05925455689430237, 0.011261813342571259, 0.000836293154861778, 0.00041800583130680025, -0.03684106841683388, -0.019578710198402405, -0.005877256393432617, -0.011903587728738785, 0.009744911454617977, 0.048323631286621094, 0.03260990232229233, 0.008735735900700092, 0.021611889824271202, -0.02691943198442459, -0.013389106839895248, 0.002066612709313631, 0.009964062832295895, -0.0013452050043269992, -0.0373699851334095, -0.023753905668854713, 0.013014656491577625, 0.01063158456236124, -0.04773334413766861, -0.04530465602874756, 0.029134588316082954, 0.07287264615297318, 0.0076477560214698315, 0.05644873157143593, 0.021046053618192673, -0.039093323051929474, -0.012507516890764236, -0.03205253183841705, -0.012027944438159466, 0.0032496913336217403, 0.009387921541929245, 0.0022942954674363136, -0.009634601883590221, 0.000684966507833451, 0.02656836062669754, -0.004562322050333023, -0.008725457824766636, 0.01395571418106556, -0.032624732702970505, -0.027588820084929466, -0.008767195045948029, 0.006947783287614584, 0.011057381518185139, -0.02794807404279709, -0.03286779299378395, -0.024942688643932343, 0.005500949919223785, -0.05060155689716339, -0.020118094980716705, -0.04960591718554497, 0.000757856119889766, 0.02246757596731186, -0.014554925262928009, -0.06491821259260178, -0.018154269084334373, -0.024947408586740494, -0.01409353781491518, 0.005849937442690134, 0.011883617378771305, 0.00791887380182743, -0.01664019748568535, 0.01987094059586525, 0.028570471331477165, 0.05332605913281441, -0.0693705826997757, 0.002912619849666953, -0.01033006887882948, 0.005156155675649643, 0.021124569699168205, -0.06809734553098679, 0.01128280907869339, -0.00939471460878849, -0.04836767539381981, 0.0034763861913233995, -0.01887449622154236, -0.03351348638534546, -0.013169128447771072, 0.057257115840911865, -0.024953018873929977, -0.007717922329902649, 0.0009195299935527146, -0.01153313834220171, 0.003519982099533081, -0.017982663586735725, 0.001970082288607955, 0.01913340389728546, -0.0029300968162715435, -0.009699834510684013, 0.08232045918703079, -0.007873929105699062, 0.014553659595549107, -0.0312483049929142, -0.0008778171031735837, 0.04519377648830414, 0.04119712859392166, -0.024917472153902054, 0.05225560441613197, -0.032183583825826645, 0.013635815121233463, -0.042415473610162735, 0.018265241757035255, -0.007870292291045189, 0.005408257246017456, 0.010377129539847374, -0.09396058320999146, -0.013874512165784836, 0.024145931005477905, -0.02962353266775608, -0.05263229086995125, 0.013482960872352123, 0.005557885859161615, -0.03478577733039856, 0.010235085152089596, -0.01174729410558939, 0.03403020650148392, -0.033083848655223846, 0.03387908637523651, -0.05105073004961014, 0.041330039501190186, -0.009195898659527302, -0.024829110130667686, -0.03918968141078949, 0.06734224408864975, -0.035275280475616455, -0.00048390269512310624, -0.06258395314216614, 0.005868761800229549, -0.00060468033188954, 0.028496261686086655, -0.03853641077876091, 0.016477758064866066, 0.017055148258805275, -0.0402340367436409, -0.011876985430717468, 0.014206201769411564, -0.008540947921574116, -0.0007695505628362298, 0.030752891674637794, 0.0218422319740057, -0.02738007716834545, -0.04237459972500801, 0.026860469952225685, -3.420912617002614e-05, -0.034346140921115875, 0.008094554767012596, 0.02869105339050293, 0.01433087419718504, -0.04151493310928345, -0.02622128650546074, -0.018926696851849556, -0.03548485040664673, 0.021835124120116234, 0.01996433362364769, 0.027918096631765366, -0.0016166059067472816, 0.021081935614347458, 0.01805395819246769, 0.023712249472737312, 0.027786746621131897, 0.07542135566473007, -0.015769392251968384, -0.014574728906154633, -0.017746154218912125, -0.001584965968504548, -0.012221692129969597, -0.022027533501386642, -0.0023351015988737345, 0.0019153362372890115, 0.02497606910765171, 0.027800971642136574, -0.00206182524561882, -0.0012824240839108825, -0.034269433468580246, 0.0338747538626194, -0.14235341548919678, 0.04296456277370453, -0.040503449738025665, -0.000800786423496902, -0.055483631789684296, 0.001311822677962482, -0.030886417254805565, -0.02360379323363304, -0.047461386770009995, -0.0388125404715538, -0.0036906562745571136, -0.009668571874499321, 0.017991403117775917, -0.008245936594903469, -0.014385659247636795, 0.018971029669046402, -0.03479308634996414, -0.017323091626167297, -0.047811247408390045, 0.05921749398112297, 0.01462751068174839, -0.030267631635069847, 0.005962530616670847, 0.014146205969154835, 0.004739735741168261, 0.03176334872841835, -0.04255801811814308, 0.025128090754151344, -0.008091620169579983, -0.06503552198410034, 0.034685276448726654, -0.03422650694847107, 0.009902727790176868, 0.045179303735494614, 0.0492696575820446, 0.04839916154742241, -0.006888774689286947, -0.005202308297157288, -0.023899979889392853, 0.0005537282559089363, 0.017312830314040184, 0.0031212109606713057, -0.03790328651666641, 0.0030447642784565687, -0.0015935731353238225, 0.03616296499967575, 0.018825707957148552, 0.00045087619218975306, -0.031911417841911316, 0.0077147032134234905, -0.030681874603033066, 0.029739705845713615, 0.022200090810656548, -0.005803040694445372, -0.004782476928085089, -0.008373198099434376, -0.028576044365763664, 0.020989974960684776, -0.009762698784470558, 0.0035601856652647257, -0.017558325082063675, 0.010721055790781975, -0.037074070423841476, -0.03977517411112785, -0.021834155544638634, 0.05149135738611221, -0.07921566069126129, 0.0121305538341403, -0.019821614027023315, 0.017185745760798454, -0.003078810404986143, 0.03263592720031738, -0.02821025438606739, -0.018029501661658287, 0.004642102401703596, 0.03796984255313873, 0.058607038110494614, 0.0007062284857966006, -0.00892698299139738, 0.008645338006317616, -0.046724602580070496, 0.004712078254669905, 0.005156455561518669, 0.055838584899902344, 0.03327473625540733, -0.01503266766667366, -0.016016362234950066, -0.018320925533771515, -0.08754710853099823, -0.02139676921069622, -0.05616886168718338, -0.04569130390882492, -0.028755540028214455, 0.03453953564167023, -0.02274039015173912, 0.008202793076634407, -0.032330285757780075, 0.014710364863276482, 0.0018368687015026808, 0.005654301028698683, -0.011475605890154839, -0.030231568962335587, -0.035658031702041626, -0.003008786588907242, -0.020595325157046318, 0.012105085887014866, 0.01874091476202011, 0.006275627762079239, -0.023438790813088417, 0.011080125346779823, -0.015617006458342075, -0.014629604294896126, -0.030970506370067596, -0.014383289963006973, -0.0491713248193264, -0.031050490215420723, -0.014896348118782043, 0.00798686034977436, 0.05278462544083595, -0.02608484961092472, -0.0063627115450799465, -0.005403745453804731, -0.03522946313023567, -0.029356352984905243, 0.052341390401124954, 0.06291773170232773, -0.013606433756649494, -0.005925571545958519, 0.007938639260828495, -0.008801799267530441, -0.007947963662445545, -0.03216472268104553, 0.012552266009151936, 9.04559638001956e-05, 0.028138823807239532, -0.0012758136726915836, -0.038276270031929016, 0.036522455513477325, -0.0625276044011116, -0.02848273143172264, -0.03887099400162697, 0.018083248287439346, 0.02391449362039566, -0.051854781806468964, 0.019336959347128868, -0.025678103789687157, 0.017509019002318382, 0.010314504615962505, -0.0057015186175704, -0.032420575618743896, 0.010482927784323692, 0.011132659390568733, 0.010321537032723427, 0.03664523363113403, 0.005700154695659876, -0.003767965128645301, -0.004978967364877462, 0.046017564833164215, 0.00869213230907917, 0.006594462785869837, -0.019376326352357864, -0.040290914475917816, 0.003641872899606824, -0.05628247559070587, -0.025749195367097855, 0.034279707819223404, -0.040855973958969116, 0.005846588872373104, 0.022636553272604942, 0.01859697885811329, -0.019629264250397682, 0.03145374357700348, -0.022822050377726555, -0.012866717763245106, 0.004965879488736391, -0.005383376032114029, -0.009310446679592133, 0.05391298606991768, 0.020396128296852112, -0.0016725054010748863, 0.016767099499702454, 0.01396403182297945, 0.0845622569322586, -0.00027629532269202173, 0.03014424256980419, 0.02314639277756214, 0.014307800680398941, 0.06595680862665176, 0.021682925522327423, 0.02535158209502697, -0.007333084475249052, 0.005701481830328703, -0.02051844447851181, -0.02689729817211628, 0.061030954122543335, 0.002164115197956562, 0.010151905938982964, 0.07030632346868515, 0.02229912020266056, 0.01440888550132513, -0.013757875189185143, 0.03417768329381943, 0.02244005911052227, -0.022547777742147446, -0.020120615139603615, 0.025616127997636795, -0.01741599291563034, 0.01872839406132698, -0.025438955053687096, 0.0016888676909729838, -0.005652501713484526, 0.006135430186986923, 0.007032329682260752, -0.015367524698376656, -0.0034176718909293413, -0.0060045369900763035, -0.006716768257319927, 0.04289154335856438, 0.009740253910422325, -0.00665004039183259, 0.05362508445978165, 0.005323179066181183, -0.011173735372722149, -0.031539347022771835, -0.04202299937605858, -0.013710426166653633, -0.0060842628590762615, 0.0072364406660199165, 0.0022771453950554132, 0.0055828699842095375, -0.03680681064724922, -0.025469956919550896, -0.02193964645266533, 0.017934849485754967, 0.020249728113412857, 0.005631520878523588, -0.02721465565264225, 0.04911453649401665, 0.011061422526836395, -0.004787761252373457, 0.0547906719148159, -0.0425368994474411, -0.004376555327326059, -0.043655846267938614]",,
15_1_0_errors_next_prerender_current_time_mdx_section_3_code_1,code_snippet,15_1_0_errors_next_prerender_current_time_mdx_section_3,Performance use case - code_1,,"{'programming_language': 'jsx', 'filename': 'app/page.js', 'switcher': False}",15.1.0,,"export default async function Page() {
  const start = Date.now();
  const data = computeDataSlowly(...);
  const end = Date.now();
  console.log(`somethingSlow took ${end - start} milliseconds to complete`)

  return ...
}
","[(np.int64(5), np.float64(0.07538703083992004)), (np.int64(7), np.float64(0.07741428911685944)), (np.int64(64), np.float64(0.08436857908964157)), (np.int64(425), np.float64(0.24043267965316772)), (np.int64(1647), np.float64(0.12406497448682785)), (np.int64(4027), np.float64(0.20528654754161835)), (np.int64(22469), np.float64(0.28152281045913696)), (np.int64(28175), np.float64(0.23501528799533844))]",,"[-0.005144155118614435, 0.010611786507070065, -0.04741121083498001, 0.03360459581017494, -0.01814662292599678, 0.029588891193270683, -0.009295003488659859, 0.0438983179628849, -0.01052598562091589, 0.027371063828468323, -0.0027506237383931875, 0.04070314019918442, 0.002948080888018012, 0.011686249636113644, 0.03193749859929085, 0.03708985820412636, -0.006494782865047455, 0.04898706451058388, 0.003887057537212968, 0.025973733514547348, 0.012015368789434433, 0.03937810659408569, 0.027324186637997627, 0.0008933747885748744, 0.03435453400015831, 0.023928897455334663, -0.021509995684027672, -0.023555949330329895, 0.01053152047097683, 0.012648841366171837, 0.03994109854102135, 0.04600253328680992, 0.015469156205654144, -0.04702058061957359, -0.049114540219306946, 0.0072641256265342236, -0.004110952373594046, -0.04307897388935089, -0.05277802422642708, 0.04000420495867729, -0.007174896076321602, 0.0014529585605487227, 0.026124820113182068, -0.012523396871984005, 0.03163682669401169, -0.03506813943386078, 0.03038462996482849, -0.033458590507507324, -0.028858233243227005, -0.022732071578502655, 0.0044577219523489475, 0.005836778786033392, 0.0067351581528782845, -0.059633415192365646, 0.020662209019064903, 0.004025815054774284, -0.04329716041684151, 0.029422523453831673, -0.06736200302839279, 0.021600767970085144, -0.04169702157378197, 0.007261455524712801, -0.019390542060136795, 0.0009187808027490973, -0.0007078270427882671, 0.05240202322602272, 0.005299597512930632, 0.01726985163986683, -0.012047583237290382, 0.0024987037759274244, 0.00034700860851444304, 0.038392290472984314, -0.06260139495134354, -0.007264493033289909, -0.06481200456619263, 0.011717002838850021, 0.052268918603658676, 0.028699966147542, -0.01151063572615385, -0.023558810353279114, -0.006576918996870518, 0.006081343162804842, 0.02581658773124218, 0.0016892573330551386, 0.019409585744142532, -0.006116389762610197, -0.03608303144574165, 0.0007467991672456264, -0.04069177433848381, 0.01290198415517807, -0.040174324065446854, -0.01206531748175621, 0.05051581189036369, -0.03675610199570656, 0.0008172364323399961, -0.020227110013365746, 0.016220515593886375, 0.030918870121240616, 0.09512388706207275, 0.00884589459747076, 0.03542555123567581, -0.03459998965263367, -0.006163765210658312, -0.02534356154501438, 0.06405851244926453, -0.0023559420369565487, 0.019854361191391945, -0.026990851387381554, -0.0304441936314106, 0.002244965871796012, 0.026149554178118706, 0.014714675024151802, 0.03729764372110367, 0.0040678237564861774, 0.013156977482140064, -0.02407444640994072, -0.007893864996731281, 0.01502933818846941, 0.014474057592451572, 0.017283080145716667, -0.010063867084681988, 0.044448208063840866, 0.02052462100982666, 0.03727032616734505, 0.025269733741879463, -0.009207244962453842, -0.02842816710472107, 0.0342508926987648, 0.022658931091427803, 0.07104380428791046, 0.0537409782409668, 0.056614674627780914, 0.028502121567726135, 0.0007152294274419546, -0.04374973848462105, 0.009833897463977337, 0.018687712028622627, 0.024874361231923103, 0.010613723658025265, -0.008870246820151806, 0.01875179447233677, -0.022016722708940506, -0.03344540297985077, -0.030982688069343567, 0.016615886241197586, -0.05550014227628708, 0.040342897176742554, -0.009560767561197281, -0.014261783100664616, -0.021475598216056824, -0.0345907025039196, 0.018245240673422813, 0.004472120199352503, 0.0012811403721570969, 0.019443590193986893, -0.013011258095502853, -0.014422450214624405, 0.032413870096206665, -0.022038351744413376, 0.030965697020292282, -0.005223289132118225, 0.026012394577264786, -0.02080516144633293, -0.003534383373335004, 0.02640971913933754, -0.031237658113241196, 0.031625740230083466, 0.008311903104186058, -0.030402103438973427, -0.06512425094842911, -0.0035349337849766016, -0.029907481744885445, 0.038445621728897095, 0.015599782578647137, 0.019993942230939865, 0.016466986387968063, 0.0844436064362526, 0.022183317691087723, 0.04087046906352043, -0.02626156248152256, 0.009467064402997494, 0.03711659461259842, -0.010241775773465633, -0.04075751081109047, -0.07678995281457901, -0.026789681985974312, -5.503077045432292e-05, -0.006886660121381283, -0.011093142442405224, 0.01806253008544445, -0.021693607792258263, -0.012039773166179657, 0.027598248794674873, 0.03387455642223358, 0.006260582245886326, 0.025495899841189384, 0.022962572053074837, 0.014795311726629734, -0.012261219322681427, -0.01095022726804018, 0.012008516117930412, 0.0344795323908329, 0.0009952170075848699, 0.022001514211297035, -0.002287799259647727, -0.00803572777658701, -0.017294522374868393, -0.056880705058574677, 0.003510256763547659, 0.08272698521614075, -0.009303318336606026, 0.03050013817846775, -0.03759635612368584, 0.014764214865863323, -0.06754746288061142, 0.003090192098170519, 0.014583870768547058, 0.015515911392867565, -0.001925733988173306, -0.04768547788262367, -0.006434454116970301, 0.04813104122877121, 0.01754872314631939, -0.010629125870764256, 0.008668223395943642, -0.0049759019166231155, 0.022327478975057602, 0.0062588960863649845, 0.048378970474004745, -0.021127792075276375, -0.028883690014481544, -0.03061973862349987, 0.033846039324998856, 0.0020938171073794365, 0.050878603011369705, -0.045568421483039856, 0.022603226825594902, 0.011439361609518528, -0.011645641177892685, 0.007863881066441536, -0.0559525303542614, 0.00105587812140584, 0.033746954053640366, -0.043075256049633026, -0.001232184935361147, -0.05452929437160492, -0.001032305764965713, -0.03200654312968254, -0.026747172698378563, -0.033716458827257156, 0.01343330554664135, 0.020755566656589508, -0.025827396661043167, 0.012420102953910828, 0.005142264999449253, 0.014082800596952438, 0.030565515160560608, 0.025487715378403664, -0.024388905614614487, 0.011794237419962883, -0.004679352510720491, 0.0013808640651404858, -0.01340172067284584, 0.023791441693902016, 0.002062477869912982, -0.026415826752781868, -0.054588183760643005, 0.008642666041851044, 0.000349450740031898, 0.02409961447119713, 0.001033486914820969, 0.022293701767921448, 0.016056997701525688, -0.028746401891112328, 0.005698003340512514, 0.02497979626059532, -0.027714630588889122, -0.02277171052992344, 0.08739224821329117, -0.00148336635902524, 0.01111140102148056, -0.004768048878759146, 0.04562721401453018, -0.0008152821683324873, 0.021990422159433365, -0.06278382241725922, -0.0290841031819582, -0.0023165724705904722, 0.007840068079531193, -0.02702794224023819, 0.004926926456391811, -0.0050200773403048515, 0.049732714891433716, -0.0087807048112154, 0.007955196313560009, -0.03657656908035278, -0.004230119753628969, -0.1772570013999939, -0.015934955328702927, -0.012318240478634834, 0.01932172104716301, -0.004647605121135712, 0.020145578309893608, 0.0357157401740551, -0.030913030728697777, -0.03259832412004471, 0.07036510109901428, -0.047746673226356506, -0.06046583130955696, -0.022365814074873924, -0.05259047448635101, -0.0008922451524995267, -0.015930287539958954, 0.030528513714671135, -0.0012639707420021296, 0.011521991342306137, -0.024363767355680466, -0.009300244972109795, -0.04584851115942001, -0.009281034581363201, -0.005479898769408464, -0.0439702607691288, 0.02067715674638748, -0.0024046048056334257, -0.01078035868704319, -0.03505846858024597, -0.011882123537361622, 0.01149050984531641, 0.029266180470585823, -0.0058272588066756725, 0.0007818283629603684, 0.002036828314885497, 0.006969246547669172, 0.04302259534597397, 0.039927199482917786, -6.690645386697724e-05, 0.03797663748264313, 0.0061364066787064075, -0.013379785232245922, -0.0246779453009367, 0.04903306066989899, -0.019431451335549355, -0.011738031171262264, -0.0010158978402614594, -0.030131325125694275, -0.006813084706664085, -0.017936402931809425, 0.022282497957348824, -0.03666355460882187, 0.04431028664112091, 0.017909161746501923, -0.050018806010484695, 0.024839840829372406, 0.014920532703399658, 0.037503812462091446, -0.030241213738918304, -0.0019381375750526786, -0.016648687422275543, 0.001141339773312211, 0.0018120823660865426, -0.0157946590334177, -0.014702464453876019, 0.014107448048889637, 0.021895119920372963, 0.0170967485755682, 0.010364971123635769, -0.04779447987675667, 0.02821662463247776, -0.038753341883420944, 0.016346080228686333, -0.0036344891414046288, -0.011399919167160988, 0.027811970561742783, -0.03139044716954231, -0.0035454630851745605, 0.05169352889060974, -0.10940378159284592, -0.03452090546488762, -0.0075239925645291805, -0.0033167798537760973, 0.025985291227698326, -0.025728043168783188, -0.05146237462759018, 0.0061585064977407455, 0.026553189381957054, -0.007489153183996677, 0.24796804785728455, -0.0004283529124222696, -0.009781784377992153, 0.03577820584177971, 0.06016341969370842, -0.047818925231695175, -0.04685312509536743, -0.008417743258178234, -0.0027741994708776474, 0.002129458589479327, 0.0033144608605653048, -0.004894859157502651, -0.015055069699883461, -0.00823552068322897, -0.003862482961267233, 0.031451355665922165, -0.049657274037599564, 0.0062354267574846745, 0.07201112806797028, -0.018804697319865227, 0.05108863487839699, -0.014668097719550133, 0.029741249978542328, 0.05035354197025299, -0.038056518882513046, -0.02984742633998394, 0.0029923527035862207, 0.022612128406763077, 0.0063965232111513615, -0.0015101778553798795, -0.029028551653027534, 0.061025552451610565, 0.017029371112585068, -0.011282514780759811, -0.0022047285456210375, 0.008445657789707184, 0.03798023983836174, -0.03904710337519646, -0.03034111112356186, -0.005710321012884378, 0.031111082062125206, 0.011694947257637978, -0.057405345141887665, -0.03340175002813339, -0.033995453268289566, -0.032115448266267776, 0.034196242690086365, -0.03567663952708244, -0.016370339319109917, -0.04032091796398163, 0.03217264637351036, -0.03554894030094147, 0.002398888347670436, 0.005022682715207338, 0.0320335328578949, 0.009529718197882175, 0.01693662628531456, 0.015365970320999622, 0.014950715005397797, 0.04021430015563965, 0.011426305398344994, 0.013258533552289009, -0.02858464978635311, -0.004479311406612396, -0.01497524045407772, 0.03163643553853035, -0.025502551347017288, -0.0012005774769932032, 0.035748861730098724, -0.011908555403351784, -0.011998893693089485, -0.010968087241053581, 0.010021358728408813, 0.022849513217806816, -0.015976179391145706, -0.0358925424516201, 0.03033670410513878, -0.012079852633178234, -0.02808263711631298, 0.04069427400827408, -0.02217060700058937, -0.017688417807221413, -0.02951825223863125, 0.02461938001215458, -0.0018842972349375486, -0.013437422923743725, -0.003604061668738723, 0.10848832875490189, -0.0005447916919365525, -0.02333267591893673, -0.042287830263376236, -0.019137553870677948, -0.050914216786623, 0.0212346650660038, 0.021015232428908348, 0.03732278570532799, -0.0029780352488160133, -0.030839409679174423, -0.020387278869748116, 0.023715902119874954, -0.002430005930364132, -0.026036418974399567, 3.648671554401517e-05, -0.05320613831281662, 0.004058115184307098, -0.007266912143677473, 0.007195054087787867, -0.011505184695124626, 0.00027222378412261605, 0.04745420441031456, -0.10492636263370514, 0.02886064164340496, 0.00223196460865438, -0.02217230200767517, 0.052379705011844635, 0.035903070122003555, 0.016455085948109627, 0.03656851500272751, 0.03820030391216278, -0.006863420829176903, -0.037963833659887314, -0.0034858437720686197, 0.012722243554890156, 0.0015807104064151645, -0.01789223402738571, -0.0046364679001271725, -0.006096402183175087, -0.031270116567611694, -0.009462352842092514, 0.04101966321468353, 0.020555075258016586, -0.029325775802135468, -0.005565157160162926, 0.0254423338919878, 0.039354316890239716, 0.008917143568396568, -0.01022412534803152, 0.024872509762644768, 0.021383116021752357, 0.03470568358898163, -0.03350109979510307, -0.01094422023743391, 0.009128167293965816, 0.04752501845359802, 0.008718903176486492, 0.038183558732271194, 0.03232049569487572, 0.024393679574131966, -0.054408058524131775, 0.009349898435175419, 0.044566523283720016, 0.026040300726890564, 0.012027095071971416, -0.016303889453411102, -0.00672147236764431, -0.021149616688489914, -0.0320306271314621, 0.005540596786886454, -0.021119965240359306, 0.005561994854360819, 0.014675956219434738, -0.0118879908695817, 0.03520582243800163, 0.049125298857688904, -0.0037649727892130613, -0.01745690032839775, -0.02563369832932949, 0.031720101833343506, -0.051728468388319016, -0.007076037582010031, 0.03415525704622269, 0.011537382379174232, -0.028485873714089394, -0.007085755933076143, -0.015478936024010181, -0.02611946128308773, -0.06164853274822235, 0.012207924388349056, -0.03483829274773598, -0.02414218708872795, -0.026546696200966835, 0.027778921648859978, -0.04836996644735336, -0.004354055039584637, -0.00962029118090868, 0.003306360449641943, 0.002341989893466234, 0.0032820897176861763, 0.0031347910407930613, -0.04100310057401657, -0.05621595308184624, 0.13817748427391052, -0.017897840589284897, -0.020962173119187355, 0.007756845559924841, -0.0021437976974993944, 0.018371812999248505, 0.035407956689596176, 0.01180789154022932, 0.010902992449700832, 0.03194037824869156, 0.022088322788476944, -0.004929038695991039, 0.03882244601845741, -0.005176968406885862, -0.03969525918364525, -0.020236296579241753, 0.004635464865714312, -0.04275665432214737, 0.011358813382685184, -0.007970968261361122, -0.005728743504732847, 0.0040094503201544285, -0.002228910569101572, 0.035193320363759995, -0.037356067448854446, 0.06031866744160652, 0.06715378165245056, 0.01102072186768055, -0.00451666209846735, -0.0351276695728302, 0.01703532226383686, -0.016509834676980972, -0.033548880368471146, 0.025630652904510498, 0.012433580122888088, 0.0022234979551285505, -0.04486585408449173, -0.03578144684433937, 0.01614062860608101, -0.004435306880623102, -0.006222535390406847, 0.028626739978790283, 0.011956733651459217, 0.00215717195533216, -0.03362300619482994, 0.028524691238999367, 0.035696305334568024, 3.228476316508022e-06, -0.014698978513479233, -0.03077646531164646, 0.02228609099984169, 0.011839811690151691, 0.034200269728899, -0.011611607857048512, 0.006469708401709795, -0.03259133920073509, 0.012146005406975746, 0.004844827577471733, 0.055101849138736725, -0.021872857585549355, 0.030580323189496994, 0.0011384929530322552, -0.02124376967549324, 0.01092904806137085, 0.027644053101539612, -0.02791840210556984, 0.0007981708040460944, -0.025496190413832664, -0.00904938019812107, 0.005201146472245455, 0.007888170890510082, -0.0022705621086061, 0.02924908697605133, -0.014080450870096684, -0.0661676824092865, 0.049710553139448166, -0.09956185519695282, -0.023688606917858124, -0.02529877983033657, 0.012268949300050735, 0.0002099920529872179, -0.02131330780684948, -0.03420693427324295, 0.06502518057823181, 0.04065289720892906, 0.012702299281954765, -0.03011496178805828, 0.05561945587396622, -0.0013254920486360788, -0.05499156191945076, 0.00863952562212944, 0.022456182166934013, -0.017025595530867577, 0.0050816647708415985, 0.020387643948197365, 0.012769268825650215, -0.03361152857542038, 0.03236910700798035, -0.06621218472719193, -0.0010487146209925413, 0.0033233894500881433, -0.04348057135939598, 0.031623221933841705, -0.00925904419273138, -0.009724629111588001, -0.02185080572962761, 0.02340843342244625, -9.292105460190214e-06, 0.014779547229409218, -0.009687602519989014, -0.048459723591804504, -0.02441965416073799, 0.0007821758626960218, -0.04529258608818054, 0.06144069880247116, -0.021416764706373215, 0.0054201181046664715, 0.012564022094011307, -0.008347911760210991, 0.003083660500124097, -0.03986978903412819, 0.002567620947957039, 0.051101356744766235, 0.018475467339158058, -0.027188599109649658, 0.02008156105875969, -0.018163789063692093, 0.01133223157376051, 0.009198196232318878, 0.03562679886817932, -0.023265965282917023, 0.0007020673947408795, 0.013310599140822887, -0.013037974014878273, -0.014258726499974728, 0.020334819331765175, -0.04082738235592842, -0.024191729724407196, -0.03789655864238739, 0.022482024505734444, -0.009954898618161678, 0.008562611415982246, -0.015236501581966877, 0.00026875713956542313, 0.0101632596924901, 0.006169864907860756, -0.00558543112128973, 0.06469029188156128, 0.014031575992703438, 0.03600243479013443, 0.0068167089484632015, 0.035801734775304794, -0.057688552886247635, 0.016846492886543274, -0.0206717848777771, 0.014472246170043945, -0.027712080627679825, -0.02411731146275997, -0.024728873744606972, -0.007984340190887451, 0.011058849282562733, -0.04364635795354843, -0.04607093706727028, -0.0015932366950437427, -0.04784339293837547, 0.005508492235094309, 0.047455064952373505, 0.08763662725687027, -0.0562678724527359, 0.012701827101409435, 0.00996604934334755, -0.0264968890696764, -0.06264447420835495, 0.004512130748480558, 0.022203249856829643, 0.0010776948183774948, 0.009087498299777508, -0.023299027234315872, 0.020135965198278427, -0.007133619859814644, 0.02103535458445549, -0.004802299197763205, 0.007848364301025867, -0.002921497216448188, 0.041520942002534866, -0.027337200939655304, -0.004088616464287043, -0.025675982236862183, -0.010100943967700005, -0.042094435542821884, -0.07187075167894363, -0.06185179203748703, -0.029050776734948158, -0.018720511347055435, 0.011520503088831902, -0.023075878620147705, -0.02325461618602276, 0.047585342079401016, 0.03413849696516991, -0.03699467331171036, -0.02997204288840294, -0.0709252581000328, -0.008773276582360268, -0.16343802213668823, -0.008858608081936836, -0.013568660244345665, -0.020330963656306267, -0.025002866983413696, -0.0030704983510077, -0.01587027870118618, -0.06651128083467484, 0.014565370976924896, -0.018724093213677406, 0.018760014325380325, -0.04461050033569336, -0.02832077257335186, -0.008275197818875313, -0.017304468899965286, 0.027038002386689186, -0.017795255407691002, 0.009702612645924091, -0.011323772370815277, 0.0077490732073783875, -0.0025634649209678173, -0.018074486404657364, 0.010961427353322506, -0.018577784299850464, -0.05495069921016693, -0.005534422118216753, 0.020243847742676735, 0.011182504706084728, -0.022485900670289993, -0.02100924588739872, 0.04730707034468651, -0.019025692716240883, 0.02411877177655697, 0.0595809668302536, -0.007841109298169613, 0.025982815772294998, 0.013158434070646763, 0.03316611051559448, 0.0012468814384192228, 0.020175043493509293, -0.02935059554874897, 0.011539897881448269, -0.04175816476345062, -0.00016295748355332762, -0.009372985921800137, 0.012389170937240124, 3.9238839235622436e-05, -0.036277737468481064, 0.0022782518062740564, 0.004002728033810854, 0.028940055519342422, 0.025395812466740608, 0.00488120736554265, 0.02384740300476551, -0.011428523808717728, 0.0068559241481125355, 0.01580527052283287, 0.009460898116230965, -0.009221368469297886, 0.004374702461063862, -0.021998347714543343, 0.016393501311540604, -0.03971016779541969, -0.05615255609154701, -0.01851898990571499, 0.023682817816734314, -0.06581274420022964, 0.051777295768260956, 0.015432029031217098, 0.02914709784090519, -0.05880630761384964, 0.04597949981689453, 0.0004188518796581775, -0.006805098615586758, 0.011715223081409931, 0.008052730932831764, 0.007761825807392597, -0.03199200704693794, -0.06235881894826889, -0.0004098852805327624, -0.02853325940668583, 0.018440155312418938, -0.0328141488134861, 0.031494252383708954, 0.038876358419656754, -0.0013395600253716111, -0.04154238849878311, 0.0010748497443273664, -0.024733014404773712, -0.04386579617857933, -0.021270103752613068, -0.0013121668016538024, 0.006490321364253759, 0.01225434709340334, -0.005691010970622301, 0.018833499401807785, -0.038641516119241714, -0.013625367544591427, -0.006418125703930855, -0.012036092579364777, 0.009006202220916748, -0.010384676977992058, 0.020806074142456055, 0.02228509820997715, -0.02424236759543419, 0.001247475971467793, 0.024438267573714256, 0.01058134064078331, -0.004259937442839146, 0.0034574768505990505, -0.02740420028567314, 0.03202013671398163, -0.023152204230427742, -0.005721419118344784, -0.06922146677970886, -0.018338993191719055, 0.01034207921475172, -0.009498625062406063, -0.00928073562681675, -0.045923423022031784, -0.007056072819977999, -0.0580327995121479, 0.009541284292936325, -0.03559190407395363, 0.03384514898061752, 0.05036782845854759, 0.02504745125770569, 0.02927286922931671, 0.011841773055493832, 0.009681064635515213, -0.016443531960248947, 0.005677464418113232, 0.046612635254859924, 0.03616466745734215, 0.06100320443511009, -0.02237737737596035, -0.030608464032411575, 0.03992743045091629, -0.06563837826251984, -0.004972689785063267, -0.0013241756241768599, 0.00010233332432108, 0.020318416878581047, -0.03434617817401886, 0.0013622342376038432, -0.01610315777361393, 0.06045187637209892, -0.04143202304840088, 0.010562918148934841, 0.00342443841509521, -0.004211040213704109, 0.009038258343935013, -0.06532283127307892, 0.03828152269124985, -0.03770405054092407, -0.03694484382867813, -0.04929215833544731, 0.048197511583566666, -0.02139589749276638, 0.037877243012189865, 0.0017300553154200315, -0.00987095758318901, 0.00018542498582974076, 0.009309315122663975, -0.010750044137239456, 0.015333681367337704, -0.04580605775117874, -0.003136776387691498, 0.006956715602427721, -0.005560028366744518, 0.027196485549211502, 0.018321791663765907, -0.04617735743522644, -0.02612427808344364, 0.030033160001039505, 0.009611005894839764, 0.01696779951453209, -0.006594457197934389, 0.0032924050465226173, 0.01670290343463421, 0.012850499711930752, 0.017539024353027344, -0.004962292034178972, 0.04176297411322594, 0.023626860231161118, 0.0746799111366272, 0.013993890956044197, 0.008805233053863049, 0.031092379242181778, -0.031014887616038322, -0.018538132309913635, -0.012827141210436821, -0.010073940269649029, -0.039543841034173965, 0.017316147685050964, 0.003168481634929776, -0.01727229170501232, 0.015113167464733124, 0.010289224795997143, 0.06487641483545303, -0.018169784918427467, -0.02222919464111328, -0.02037542313337326, -0.025399936363101006, 0.007005428895354271, -0.03989608213305473, 0.021623361855745316, -0.010642456822097301, 0.005034546833485365, 0.013146691024303436, 0.002601593965664506, 0.024061046540737152, -0.01248511578887701, 0.009694802574813366, -0.024145541712641716, -0.024925118312239647, -0.0026435914915055037, 0.040098320692777634, -0.0021182193886488676, 0.03232178837060928, -0.015365722589194775, -0.020336130633950233, -0.00501013221219182, -0.021672535687685013, -0.05883539095520973, -0.014360910281538963, 0.003157382132485509, 0.0016908204415813088, -0.034014780074357986, -0.002607196569442749, -0.04910149797797203, -0.013912342488765717, 0.0010911780409514904, -0.00028429419035091996, -0.01007809303700924, -0.009888803586363792, 0.01882658526301384, 0.01438434049487114, -0.027241848409175873, 0.020152641460299492, -0.002931254683062434, 0.015977617353200912, -0.016439899802207947, -0.008772715926170349]",
15_1_0_errors_next_prerender_current_time_mdx_section_3_code_2,code_snippet,15_1_0_errors_next_prerender_current_time_mdx_section_3,Performance use case - code_2,,"{'programming_language': 'jsx', 'filename': 'app/page.js', 'switcher': False}",15.1.0,,"export default async function Page() {
  const start = performance.now();
  const data = computeDataSlowly(...);
  const end = performance.now();
  console.log(`somethingSlow took ${end - start} milliseconds to complete`)
  return ...
}
","[(np.int64(5), np.float64(0.07538703083992004)), (np.int64(7), np.float64(0.07741428911685944)), (np.int64(64), np.float64(0.08436857908964157)), (np.int64(425), np.float64(0.24043267965316772)), (np.int64(1647), np.float64(0.12406497448682785)), (np.int64(4027), np.float64(0.20528654754161835)), (np.int64(22469), np.float64(0.28152281045913696)), (np.int64(28175), np.float64(0.23501528799533844))]",,"[-0.005660675000399351, 0.012386729009449482, -0.0469307117164135, 0.030291203409433365, -0.02249613031744957, 0.030723540112376213, -0.008991044946014881, 0.04414905607700348, -0.007375630550086498, 0.026975953951478004, -0.005900953430682421, 0.036203984171152115, 0.00010074154124595225, 0.013798697851598263, 0.03890659660100937, 0.034149445593357086, -0.009289441630244255, 0.045380085706710815, 0.003652373794466257, 0.028543012216687202, 0.01593933068215847, 0.03909602388739586, 0.032062381505966187, 0.007857101038098335, 0.03308643773198128, 0.023071613162755966, -0.02502133883535862, -0.02607836201786995, 0.013276835903525352, 0.021460343152284622, 0.03941327705979347, 0.050590675324201584, 0.015612817369401455, -0.04728493094444275, -0.05338270217180252, 0.0026365777011960745, -0.006693817675113678, -0.050621479749679565, -0.05274564027786255, 0.04527658596634865, -0.0059241121634840965, 0.011296813376247883, 0.027406075969338417, -0.015943041071295738, 0.028222581371665, -0.03329290449619293, 0.03657035902142525, -0.0345914326608181, -0.035118263214826584, -0.015301228500902653, 0.006914094556123018, 0.0005298436735756695, -0.004233540501445532, -0.061445452272892, 0.012925348244607449, 0.007298824843019247, -0.04707210883498192, 0.03515268862247467, -0.06819216161966324, 0.02791120484471321, -0.04444120451807976, 0.013160564936697483, -0.01875465363264084, -0.00031701725674793124, 0.0009133080602623522, 0.05195257067680359, 0.0016342021990567446, 0.01801444962620735, -0.010704247280955315, 0.000234682418522425, -0.0051905387081205845, 0.03636077791452408, -0.06564352661371231, -0.007589989807456732, -0.0641784816980362, 0.020321814343333244, 0.052828866988420486, 0.02700842171907425, -0.005610955413430929, -0.03511834144592285, -0.010210082866251469, 0.010661964304745197, 0.023496076464653015, 0.0016401961911469698, 0.0118106072768569, -0.01184380054473877, -0.032262884080410004, -0.009982604533433914, -0.0312831848859787, 0.010833971202373505, -0.03630456700921059, -0.016183262690901756, 0.05167281627655029, -0.041778236627578735, 0.001844774349592626, -0.017740445211529732, 0.015919579192996025, 0.03206651285290718, 0.09449124336242676, 0.0069059645757079124, 0.040466491132974625, -0.030897118151187897, -0.0008980109705589712, -0.03147101029753685, 0.07039765268564224, 0.004434532485902309, 0.02174343541264534, -0.024459058418869972, -0.03727103769779205, -0.002264776499941945, 0.025322068482637405, 0.013327849097549915, 0.031428154557943344, 0.002682142425328493, 0.014190702699124813, -0.026273420080542564, -0.005059370771050453, 0.01984812133014202, 0.014449996873736382, 0.015544123947620392, -0.005211398471146822, 0.03888203203678131, 0.01737280562520027, 0.04155450686812401, 0.024745341390371323, -0.016107706353068352, -0.03287933021783829, 0.03484754264354706, 0.025259237736463547, 0.06402561813592911, 0.04813014715909958, 0.05502902716398239, 0.029601195827126503, 0.00526450527831912, -0.04050896316766739, 0.01018707174807787, 0.019009549170732498, 0.026415789499878883, 0.0016496848547831178, -0.012524981983006, 0.017654389142990112, -0.01277980674058199, -0.030426783487200737, -0.03394000232219696, 0.017961010336875916, -0.06141171604394913, 0.05082918703556061, -0.009983507916331291, -0.016274813562631607, -0.028386177495121956, -0.044806431978940964, 0.01577145792543888, 0.0019009964307770133, 0.0002286525268573314, 0.023343119770288467, -0.004480679985135794, -0.004624577704817057, 0.02334161102771759, -0.01182233914732933, 0.03703654184937477, -0.01763870008289814, 0.020765524357557297, -0.014795719645917416, -0.01104393508285284, 0.023550601676106453, -0.037560079246759415, 0.02546856738626957, 0.0033074854873120785, -0.028433693572878838, -0.06715402007102966, -0.006674468982964754, -0.027870766818523407, 0.03672057017683983, 0.02017415128648281, 0.020444586873054504, 0.014904980547726154, 0.0829242691397667, 0.02512071654200554, 0.04627788066864014, -0.026119587942957878, 0.009696879424154758, 0.03509851172566414, -0.003964405041188002, -0.035129182040691376, -0.07597105950117111, -0.034333545714616776, 0.016079822555184364, -0.0012918012216687202, -0.008414662443101406, 0.025937287136912346, -0.015818648040294647, -0.0065865106880664825, 0.03863641992211342, 0.025836560875177383, 0.008771509863436222, 0.021922217682003975, 0.027079572901129723, 0.011033670045435429, -0.014492605812847614, -0.010852457955479622, 0.011007577180862427, 0.03152439743280411, 0.005530795082449913, 0.013863369822502136, -0.0029367513488978148, -0.001986015820875764, -0.011265230365097523, -0.054521143436431885, -0.0061992076225578785, 0.07285527884960175, -0.007086810655891895, 0.020724739879369736, -0.03792683780193329, 0.02103857509791851, -0.07006732374429703, 0.006816868204623461, 0.010741827078163624, 0.006434889975935221, -0.004259005188941956, -0.05259115621447563, -0.006577196530997753, 0.051573265343904495, 0.020282583311200142, -0.014873167499899864, 0.008145500905811787, -0.007291055750101805, 0.02620428055524826, 0.0048517826944589615, 0.05618666484951973, -0.022846713662147522, -0.02896139957010746, -0.03183646872639656, 0.03426124155521393, 0.0004085557593498379, 0.052508167922496796, -0.04724718630313873, 0.02728177420794964, 0.016583088785409927, -0.01556860376149416, 0.006171629298478365, -0.05217431113123894, -0.0013650025939568877, 0.030471321195364, -0.041860662400722504, -0.010126899927854538, -0.056876152753829956, -0.001569270738400519, -0.03158818930387497, -0.027622772380709648, -0.028046278282999992, 0.009823452681303024, 0.01680910587310791, -0.021564461290836334, 0.009913639165461063, 0.004086031578481197, 0.016412874683737755, 0.031307972967624664, 0.025374945253133774, -0.02600696310400963, 0.012081395834684372, -0.0034120287746191025, -0.0013168439036235213, -0.010704937390983105, 0.02526388131082058, -0.0016751151997596025, -0.02063484862446785, -0.049047745764255524, 0.007121991366147995, -0.002103859791532159, 0.027443787083029747, -0.0026870411820709705, 0.020823020488023758, 0.015156092122197151, -0.029556874185800552, 0.006392969749867916, 0.02994888462126255, -0.02271801047027111, -0.021029820665717125, 0.09087018668651581, -0.001816235831938684, 0.006564636714756489, 0.002607177710160613, 0.04508986696600914, 0.0025401616003364325, 0.024517860263586044, -0.05498621240258217, -0.03326170891523361, -0.003737409831956029, 0.010349974036216736, -0.028703905642032623, 0.003294492606073618, 0.0014596536057069898, 0.05052664875984192, -0.006706101819872856, 0.01219778973609209, -0.030038032680749893, -0.0021007838658988476, -0.17565833032131195, -0.01664433814585209, -0.011892251670360565, 0.025109224021434784, -0.004465974401682615, 0.022515779361128807, 0.039623938500881195, -0.023046407848596573, -0.03143799304962158, 0.06673836708068848, -0.04556442052125931, -0.0591641329228878, -0.022839391604065895, -0.0544886514544487, -0.006974423304200172, -0.014034156687557697, 0.028957365080714226, -0.00203117192722857, 0.006933499127626419, -0.021470803767442703, -0.01075733732432127, -0.03873229771852493, -0.015458685345947742, -0.005417778622359037, -0.04487788677215576, 0.013740895316004753, 0.006582516245543957, -0.00786250177770853, -0.0351337194442749, -0.008009729906916618, 0.012289718724787235, 0.02799862064421177, -0.005807454697787762, 0.001839925185777247, 0.005679708439856768, 0.005345840472728014, 0.03892752155661583, 0.04073498770594597, 0.0019295273814350367, 0.041226837784051895, 0.012071913108229637, -0.007127807475626469, -0.02469087950885296, 0.04457062482833862, -0.020034266635775566, -0.008277259767055511, -0.0030409039463847876, -0.03323633596301079, -0.0036541062872856855, -0.018952839076519012, 0.028011629357933998, -0.041548360139131546, 0.04682270064949989, 0.02280449867248535, -0.049791257828474045, 0.023357585072517395, 0.022944273427128792, 0.0451224148273468, -0.020674193277955055, -0.006553265266120434, -0.013029336929321289, -0.0040742079727351665, 0.002883796812966466, -0.012299399822950363, -0.017908863723278046, 0.021292012184858322, 0.017334261909127235, 0.014675257727503777, 0.006650166120380163, -0.040595050901174545, 0.023052845150232315, -0.03772343695163727, 0.015676425769925117, -0.0007266718312166631, -0.01612657681107521, 0.027998516336083412, -0.03331064060330391, -0.005606951657682657, 0.05035742372274399, -0.10206101834774017, -0.023271093145012856, -0.012096899561583996, -0.003700453555211425, 0.02628447115421295, -0.032871898263692856, -0.051366452127695084, 0.005310261156409979, 0.019956663250923157, -0.005333716981112957, 0.24667328596115112, -0.003841434372588992, -0.010907037183642387, 0.0381743460893631, 0.05674748495221138, -0.05059191957116127, -0.04883241653442383, -0.006949496455490589, 0.006058800499886274, 0.0067784227430820465, -0.01114599872380495, -0.005502300336956978, -0.01275784894824028, -0.003476768033578992, -0.005317467264831066, 0.02891458570957184, -0.051501818001270294, 0.011434844695031643, 0.07301859557628632, -0.017121391370892525, 0.049146734178066254, -0.012383966706693172, 0.03154948353767395, 0.0462363064289093, -0.04028195142745972, -0.0319024920463562, -0.004189268220216036, 0.01986117660999298, 0.006367870140820742, -0.00600097794085741, -0.026075761765241623, 0.05807343125343323, 0.02319890633225441, -0.010402368381619453, -0.011333315633237362, 0.004699767101556063, 0.0327104814350605, -0.039178863167762756, -0.023475617170333862, -0.007202153094112873, 0.03459739685058594, 0.01265438087284565, -0.05979657918214798, -0.034187544137239456, -0.03729822114109993, -0.03919726610183716, 0.030974043533205986, -0.03402268886566162, -0.016014855355024338, -0.0350327268242836, 0.02489081397652626, -0.03089076280593872, 0.004576496779918671, 0.004278499633073807, 0.030365338549017906, 0.0066899703815579414, 0.01606997847557068, 0.018089059740304947, 0.01520456001162529, 0.03943907469511032, 0.012456623837351799, 0.011056998744606972, -0.0261334590613842, -0.012906461954116821, -0.022616006433963776, 0.0320824570953846, -0.0353776179254055, -0.004879447631537914, 0.03472352400422096, -0.0009671883890405297, -0.004994965624064207, -0.010714041069149971, 0.011070593260228634, 0.025499500334262848, -0.016636405140161514, -0.044824857264757156, 0.028277788311243057, -0.012982845306396484, -0.030085310339927673, 0.03425401821732521, -0.023818427696824074, -0.01304126437753439, -0.0390232652425766, 0.01683253049850464, -0.0023369991686195135, -0.008252808824181557, 0.0006590646808035672, 0.10314299166202545, -0.0038343651685863733, -0.017583852633833885, -0.05015102028846741, -0.01973738521337509, -0.04635881632566452, 0.016878044232726097, 0.02448984980583191, 0.04318563640117645, -0.008528389967978, -0.03449983149766922, -0.014244484715163708, 0.028311053290963173, -0.0027250656858086586, -0.03267999738454819, -0.007146636489778757, -0.043181441724300385, -0.0022628516890108585, -0.0024347857106477022, 0.007940064184367657, -0.009800770319998264, 0.0016911709681153297, 0.05195287987589836, -0.09793584793806076, 0.03242373839020729, 0.0011153783416375518, -0.021935587748885155, 0.055005740374326706, 0.029156554490327835, 0.012027512304484844, 0.03669820725917816, 0.040354687720537186, -0.008323020301759243, -0.03486614301800728, 0.010345598682761192, 0.013536261394619942, -0.0027619278989732265, -0.011014128103852272, -0.0060740127228200436, -0.0029104191344231367, -0.028303414583206177, -0.003700550412759185, 0.04220828786492348, 0.031458161771297455, -0.02543744631111622, -0.0017393335001543164, 0.02963963896036148, 0.033528443425893784, 0.010928792878985405, -0.011147602461278439, 0.02540556527674198, 0.0225863978266716, 0.033014118671417236, -0.03805689513683319, -0.012629671953618526, 0.008552159182727337, 0.04709329828619957, 0.007997817359864712, 0.03480548784136772, 0.02746955305337906, 0.01993153616786003, -0.0472959466278553, 0.0013754727551713586, 0.04310445114970207, 0.024497397243976593, 0.013839267194271088, -0.016924360767006874, -0.002861933084204793, -0.02691062167286873, -0.028297699987888336, -0.003670724807307124, -0.02789001725614071, 0.005751979071646929, 0.0163527000695467, -0.006627944298088551, 0.02680770494043827, 0.04767630249261856, -0.00452390918508172, -0.01588139869272709, -0.023620232939720154, 0.02424662373960018, -0.04980141296982765, -0.008092294447124004, 0.04225679486989975, 0.007504141423851252, -0.031497545540332794, -0.0024235565215349197, -0.02400115691125393, -0.02744908444583416, -0.0578392893075943, 0.016205688938498497, -0.026668624952435493, -0.019705448299646378, -0.02425229176878929, 0.02664107456803322, -0.05205751582980156, -0.005334839224815369, -0.012613952159881592, 0.003212550189346075, 0.002841486129909754, 0.00613007927313447, 0.005868032108992338, -0.04245409741997719, -0.0545646995306015, 0.1352136731147766, -0.015459414571523666, -0.023235028609633446, 0.009954018518328667, -0.003432660596445203, 0.02343033254146576, 0.03857239708304405, 0.01464320719242096, 0.014577382244169712, 0.03407690301537514, 0.020898234099149704, -0.0035693668760359287, 0.03839077427983284, -0.0017170434584841132, -0.035998620092868805, -0.014820162206888199, -0.0026217985432595015, -0.04633994400501251, 0.008105586282908916, -0.00155102729331702, -0.0026822953950613737, 0.0005383681273087859, -0.00010350481170462444, 0.03395849093794823, -0.03261539712548256, 0.057882752269506454, 0.0625011995434761, 0.013895436190068722, -0.005119197070598602, -0.032150447368621826, 0.021476229652762413, -0.018994063138961792, -0.03615796938538551, 0.026311004534363747, 0.009314846247434616, 0.0044724056497216225, -0.04788577929139137, -0.024429623037576675, 0.01557663269340992, -0.0035114127676934004, -0.00696514593437314, 0.03813135623931885, 0.009980280883610249, 0.0003921471943613142, -0.03484955430030823, 0.02548627182841301, 0.029566308483481407, -0.00010748052591225132, -0.016513530164957047, -0.024992331862449646, 0.022585006430745125, 0.01246374286711216, 0.03321220353245735, -0.017856724560260773, 0.0031904985662549734, -0.03190338611602783, 0.010617665946483612, -0.0038619122933596373, 0.05381395295262337, -0.024968063458800316, 0.025919856503605843, 0.0009127160883508623, -0.022826489061117172, 0.0048395609483122826, 0.03152499347925186, -0.028139768168330193, -0.006602455861866474, -0.020219560712575912, -0.004088104702532291, 0.003713497193530202, 0.0063559929840266705, -0.006429668981581926, 0.02980821393430233, -0.015170141123235226, -0.06588339805603027, 0.046026576310396194, -0.09594094008207321, -0.02370612323284149, -0.035352922976017, 0.011301149614155293, -0.005043077282607555, -0.023052094504237175, -0.036469489336013794, 0.07256972044706345, 0.03484436124563217, 0.010487502440810204, -0.03541300445795059, 0.051747724413871765, -0.0011696028523147106, -0.06241324916481972, 0.004162322264164686, 0.022792506963014603, -0.013902436010539532, 0.011834231205284595, 0.013059252873063087, 0.015283473767340183, -0.027283575385808945, 0.029783446341753006, -0.06059800460934639, 0.003854305250570178, 0.005637815222144127, -0.05106501653790474, 0.03139021620154381, -0.016563890501856804, -0.007303755264729261, -0.015022726729512215, 0.022238370031118393, 0.004474931862205267, 0.01895829662680626, -0.011533290147781372, -0.04173465445637703, -0.023078657686710358, 0.001008100574836135, -0.0493859238922596, 0.062339652329683304, -0.024542495608329773, 0.015581915155053139, 0.014232111163437366, -0.002761691343039274, 0.009328183718025684, -0.04009520635008812, 0.0046676164492964745, 0.0538196824491024, 0.016085360199213028, -0.023945525288581848, 0.021868985146284103, -0.017996596172451973, 0.012512181885540485, 0.006055060774087906, 0.035069528967142105, -0.030486110597848892, 0.0001436779130017385, 0.02080490067601204, -0.016035523265600204, -0.01503082923591137, 0.023272313177585602, -0.04951029270887375, -0.0205696914345026, -0.04003120958805084, 0.02622581645846367, -0.007741941139101982, 0.012435696087777615, -0.015366065315902233, 0.006806535646319389, 0.006443704944103956, 0.011019783094525337, -0.01209598034620285, 0.07181814312934875, 0.015039310790598392, 0.04818376898765564, 0.005027409177273512, 0.0446636788547039, -0.05439883470535278, 0.018865369260311127, -0.018050720915198326, 0.02003859356045723, -0.02220897749066353, -0.0209392961114645, -0.016397569328546524, -0.001749926945194602, 0.014422454871237278, -0.04575604200363159, -0.04559876024723053, -0.00353586976416409, -0.050694167613983154, 0.015937846153974533, 0.04459979757666588, 0.08943825215101242, -0.05865701660513878, 0.01377364806830883, 0.008865001611411572, -0.023510154336690903, -0.06107098236680031, 0.004391572903841734, 0.02237231470644474, 0.003784067463129759, 0.00777469901368022, -0.022336822003126144, 0.017918497323989868, -0.00632754061371088, 0.018436865881085396, -0.007534825708717108, 0.0052893804386258125, 0.001925903488881886, 0.04651859402656555, -0.028363343328237534, -0.011235520243644714, -0.02459404245018959, -0.010607409290969372, -0.038022227585315704, -0.07741039991378784, -0.05914442986249924, -0.03389940783381462, -0.022818733006715775, 0.007327008992433548, -0.027465809136629105, -0.02098998986184597, 0.052416153252124786, 0.03452172502875328, -0.03066074475646019, -0.02901391312479973, -0.0677429586648941, -0.00935969315469265, -0.1594613492488861, -0.0111205680295825, -0.01566990837454796, -0.022702999413013458, -0.02522403746843338, -0.00423665763810277, -0.011152690276503563, -0.06646371632814407, 0.007714179810136557, -0.02106029912829399, 0.0092679588124156, -0.038086578249931335, -0.02904132939875126, -0.007823786698281765, -0.018234150484204292, 0.020409615710377693, -0.01948525570333004, 0.013583102263510227, -0.0031588114798069, -0.0009089783416129649, -0.00493211206048727, -0.018811723217368126, 0.016513947397470474, -0.022053545340895653, -0.052180394530296326, -0.009319518692791462, 0.02137264981865883, 0.008151423186063766, -0.027900494635105133, -0.021280165761709213, 0.048993635922670364, -0.017321733757853508, 0.022131608799099922, 0.055971354246139526, -0.011763252317905426, 0.02822517603635788, 0.01021515391767025, 0.026027243584394455, -0.0011117318645119667, 0.01790587604045868, -0.024678315967321396, 0.010937842540442944, -0.042037483304739, -0.010001528076827526, -0.009207083843648434, 0.016159754246473312, 0.0039531332440674305, -0.035578321665525436, 0.002943716011941433, 0.003665873082354665, 0.03125431388616562, 0.025533486157655716, 0.0049752709455788136, 0.022597679868340492, -0.006915070116519928, 0.002460857154801488, 0.006703121121972799, 0.0056396531872451305, -0.01367743220180273, 0.006600582972168922, -0.03103092685341835, 0.01453376840800047, -0.03648318350315094, -0.05531836301088333, -0.008195826783776283, 0.02121114544570446, -0.0714414194226265, 0.05801302194595337, 0.017598280683159828, 0.025619888678193092, -0.05998272821307182, 0.049045007675886154, -0.0012363528367131948, -0.0044180406257510185, 0.012677985243499279, 0.007026594132184982, 0.004274428356438875, -0.02912009321153164, -0.06534326821565628, -0.006097286008298397, -0.029904166236519814, 0.01924051344394684, -0.03481992706656456, 0.035532157868146896, 0.041150327771902084, -0.003487873123958707, -0.04291471838951111, 0.0036573512479662895, -0.02167082019150257, -0.0459686815738678, -0.02315153367817402, -0.001680727582424879, 0.01409849151968956, 0.008487822487950325, -0.008860474452376366, 0.008592275902628899, -0.02996034547686577, -0.0135772954672575, -0.005252261646091938, -0.016526419669389725, 0.008502500131726265, -0.005385815631598234, 0.02476866915822029, 0.0214438047260046, -0.02551419660449028, 0.004194673150777817, 0.021820945665240288, 0.011947858147323132, -0.007608017884194851, -0.002400701865553856, -0.03573178872466087, 0.031730666756629944, -0.02221878245472908, -0.0016522728838026524, -0.06763432919979095, -0.016049262136220932, 0.012424087151885033, -0.013066885992884636, -0.011623046360909939, -0.04540218785405159, -0.01118935365229845, -0.055596549063920975, 0.006240881513804197, -0.03422975540161133, 0.03883523494005203, 0.052774976938962936, 0.02987499162554741, 0.025912340730428696, 0.0065135834738612175, 0.01732000522315502, -0.011506056413054466, -0.004879603628069162, 0.040605735033750534, 0.03257490694522858, 0.05058813840150833, -0.02192859910428524, -0.03606247901916504, 0.04258237034082413, -0.06200380623340607, -0.006084954831749201, 0.0012605575611814857, 0.0017581658903509378, 0.02579428255558014, -0.03614598885178566, 0.009210008196532726, -0.019491052255034447, 0.059319477528333664, -0.03776852414011955, 0.00935238879173994, -0.0009507029899396002, 0.005797377787530422, 0.010364082641899586, -0.0659799724817276, 0.04286753758788109, -0.03655175864696503, -0.04085910692811012, -0.0581175871193409, 0.049193840473890305, -0.024185294285416603, 0.03147205337882042, 0.004692558664828539, -0.014566387049853802, -0.00741531839594245, 0.006214625667780638, -0.01568601094186306, 0.014424718916416168, -0.042178623378276825, -0.00340789882466197, 0.000354337360477075, -0.010643568821251392, 0.021678054705262184, 0.025602560490369797, -0.04610016196966171, -0.02420399710536003, 0.023126937448978424, 0.0048881880939006805, 0.024828391149640083, -0.005821766331791878, 0.0008349194540642202, 0.015846693888306618, 0.01481546089053154, 0.014923112466931343, -0.011840867809951305, 0.04472869634628296, 0.014508134685456753, 0.0715906023979187, 0.010575768537819386, 0.02109641581773758, 0.028348572552204132, -0.030446931719779968, -0.019590655341744423, -0.014380798675119877, -0.017919624224305153, -0.044039711356163025, 0.014689027331769466, 0.003464612178504467, -0.008967314846813679, 0.021200403571128845, 0.007222538348287344, 0.07020287215709686, -0.020321445539593697, -0.012415843084454536, -0.01355550903826952, -0.02459840290248394, 0.013283716514706612, -0.04308122768998146, 0.022369975224137306, -0.008277724497020245, 0.006201472599059343, 0.01135125383734703, 0.012285938486456871, 0.02433488890528679, -0.011672191321849823, 0.006491507403552532, -0.02156968042254448, -0.02574058435857296, -0.011370300315320492, 0.041884660720825195, -0.0009150849655270576, 0.028006812557578087, -0.011562971398234367, -0.020272372290492058, -0.0014514719368889928, -0.029834767803549767, -0.056346386671066284, -0.0061662402004003525, 0.005504942033439875, 0.0032330991234630346, -0.03806618973612785, 0.00043213783646933734, -0.04697825759649277, -0.018508005887269974, -0.00271549797616899, -0.008750504814088345, -0.004900142550468445, -0.006921700201928616, 0.015074551105499268, 0.014281800016760826, -0.025464823469519615, 0.0239114947617054, -0.0033660405315458775, 0.013886901549994946, -0.012776689603924751, -0.0013665038859471679]",
15_1_0_errors_next_prerender_current_time_mdx_section_4,section,15_1_0_errors_next_prerender_current_time_mdx,"Cannot infer intended usage of current time with `Date.now()`, `Date()`, or `new Date()` - Cacheable use cases",,{},15.1.0,"If you want to read the time when some cache entry is created (such as when a Next.js page is rendered at build-time or when revalidating a static page), move the current time read inside a cached function using ``.
Before:
After:
",,"[(np.int64(4), np.float64(0.03985989838838577)), (np.int64(5), np.float64(0.0010999739170074463)), (np.int64(16), np.float64(0.02034507691860199)), (np.int64(132), np.float64(0.029991038143634796)), (np.int64(678), np.float64(0.024458765983581543)), (np.int64(1430), np.float64(0.1915397197008133)), (np.int64(1733), np.float64(0.2150394767522812)), (np.int64(2041), np.float64(0.15460599958896637)), (np.int64(2886), np.float64(0.1971389800310135)), (np.int64(4171), np.float64(0.03768887370824814)), (np.int64(4527), np.float64(0.1848483681678772)), (np.int64(10869), np.float64(0.1140911877155304)), (np.int64(25512), np.float64(0.21485620737075806)), (np.int64(35613), np.float64(0.22853848338127136)), (np.int64(43581), np.float64(0.19192755222320557)), (np.int64(50218), np.float64(0.18355676531791687)), (np.int64(53498), np.float64(0.2787923216819763)), (np.int64(54936), np.float64(0.16205628216266632)), (np.int64(86291), np.float64(0.19953666627407074)), (np.int64(127689), np.float64(0.20544999837875366)), (np.int64(179140), np.float64(0.24340982735157013))]","[0.0011597004486247897, 0.001994310412555933, -0.025513609871268272, 0.05802026763558388, 0.008970723487436771, -0.016346920281648636, -0.015629064291715622, 0.0022707285825163126, -0.01527191512286663, 0.032952141016721725, 0.025830145925283432, -0.03503270819783211, -0.017329903319478035, 0.0014538849936798215, -0.04296324774622917, 0.055313192307949066, -0.011911680921912193, 0.040126681327819824, 0.030479339882731438, 0.0034275378566235304, -0.013718312606215477, -0.02822156436741352, -0.014719094149768353, 0.009942983277142048, 0.05598100647330284, 0.004943020176142454, -0.03303329646587372, 0.005699566099792719, 0.024604426696896553, 0.044159818440675735, 0.04766371473670006, -0.012200755998492241, 0.025603407993912697, -0.02425435371696949, -0.0073850685730576515, -0.007556317839771509, -0.015891917049884796, -0.03406982496380806, -0.03419105336070061, 0.01021101325750351, 0.002192407613620162, -0.002280289074406028, 0.006186904385685921, 0.019667411223053932, 0.02304728329181671, -0.018831806257367134, 0.005200069863349199, -0.015013321302831173, -0.00699326116591692, -0.029348552227020264, -0.035778243094682693, 0.031905438750982285, 0.03270755708217621, -0.007066009566187859, 0.034012969583272934, 0.030479570850729942, -0.00595957413315773, -0.05932948738336563, 0.0027269921265542507, 0.016505951061844826, -0.025376543402671814, -0.03614233806729317, -0.010738218203186989, 0.0404965803027153, -0.013143517076969147, 0.041165824979543686, -0.007121828384697437, -0.007981971837580204, -0.03652568534016609, -0.014830449596047401, 0.009905620478093624, 0.018278995528817177, -0.0023572035133838654, -0.0443773977458477, 0.009452786296606064, 0.04271142929792404, 0.03448741137981415, -0.029516328126192093, -0.014563635922968388, 0.013280916027724743, 0.0008538453257642686, -0.0260245893150568, 0.04385979101061821, 0.014625228010118008, 0.01305614598095417, 0.03150036931037903, -0.06402777135372162, 0.02986225113272667, 0.007982656359672546, -0.002276946557685733, 0.012773193418979645, -0.02422461099922657, 0.023438530042767525, -0.038062095642089844, 0.016119247302412987, -0.026489466428756714, -0.004914744291454554, -0.0030630475375801325, 0.06193690001964569, -0.007313516456633806, 0.041150763630867004, -0.02843315899372101, 0.00011530178744578734, 0.022712325677275658, 0.015110989101231098, 0.022999349981546402, 0.010371276177465916, 0.02192743495106697, -0.021826988086104393, -0.02697712741792202, 0.022503850981593132, 0.03348863869905472, 0.017512857913970947, 0.0595281608402729, 0.017532628029584885, -0.006113151088356972, -0.009021989069879055, -0.015421025454998016, -0.042406387627124786, -0.028523417189717293, 0.01194041594862938, 0.017579523846507072, 0.02136707305908203, 0.01212001871317625, -9.9684446468018e-05, -0.011424250900745392, -0.01081747468560934, 0.019415585324168205, -0.024861454963684082, 0.0061376360245049, 0.012300955131649971, 0.054807309061288834, 0.013011934235692024, -0.008453280664980412, -0.032673437148332596, 0.030452437698841095, 0.0023990634363144636, 0.009421190246939659, 0.023899951949715614, -0.03545030206441879, 0.02849256619811058, -0.024114560335874557, -0.04354838654398918, -0.021999191492795944, 0.05415865033864975, -0.016250427812337875, 0.06639033555984497, -0.0038136374205350876, 0.017250733450055122, -0.0041866181418299675, -0.012021733447909355, 0.03211980685591698, 0.009202690795063972, -0.06966295093297958, 0.011116997338831425, -0.0024480342399328947, -0.04329812154173851, 0.0007268360350281, -0.03008858859539032, 0.016453947871923447, -0.010179183445870876, -0.012037447653710842, -0.053905799984931946, 0.054263800382614136, 0.04129117354750633, -0.009910215623676777, -0.014696228317916393, -0.0002352097217226401, -0.026046080514788628, 0.001191656687296927, 0.02194812335073948, -0.03814558684825897, 0.03171785548329353, 0.01869940012693405, 0.020489152520895004, 0.06316303461790085, 0.06641452759504318, 0.013225824572145939, -0.04884301498532295, -0.020030071958899498, -0.05340399965643883, 0.019234975799918175, 0.005721590481698513, -0.03744896501302719, -0.01928887516260147, 0.03407543897628784, -0.018083622679114342, -0.012066420167684555, -0.021266194060444832, 3.849886707030237e-05, -0.05436556786298752, -0.011430350132286549, 0.04790125787258148, 0.03515297919511795, 0.021767769008874893, -0.04682110249996185, 0.04254811257123947, -0.009422541595995426, 0.01755172573029995, 0.006120303645730019, 0.03872903808951378, 0.0209417175501585, 0.0019560535438358784, -0.0042829555459320545, -0.01618899032473564, -0.018610717728734016, -0.014732996001839638, -0.029157033190131187, 0.0238698348402977, -0.0001330019294982776, 0.009027296677231789, -0.0252564437687397, 0.002056893426924944, 0.004822165239602327, 0.004377606324851513, 0.050033047795295715, 0.007802171166986227, 0.06705314666032791, 0.011927934363484383, -0.028085807338356972, 0.03090669773519039, 0.026315221562981606, 0.01688258722424507, -0.030418649315834045, -0.02166977897286415, -0.004127451218664646, 0.0390167310833931, 0.049286212772130966, 0.016055559739470482, 0.0018344882410019636, 0.004383825231343508, 0.015242956578731537, 0.00040944135980680585, -0.024812953546643257, 0.004895170219242573, -0.06566925346851349, -0.05610862001776695, 0.030750606209039688, 0.005530391354113817, -0.008577167056500912, -0.024810826405882835, -0.006544341333210468, 0.053764548152685165, 0.030463477596640587, 0.015249011106789112, -0.005241994746029377, -0.003126043826341629, 0.004451521672308445, -0.025883186608552933, 0.02379174530506134, 0.05596906691789627, 0.003245546715334058, -0.04725193232297897, 0.004434672184288502, -0.013119369745254517, -0.02917989157140255, 0.023584889248013496, -0.0019363882020115852, -0.01941508799791336, -0.024458738043904305, 0.023613546043634415, 0.037185970693826675, -0.0023538186214864254, 0.0086837662383914, 0.022841734811663628, -0.042822156101465225, -0.012111789546906948, -0.0667693018913269, 0.05485604330897331, 0.004597738850861788, 0.01035228744149208, 0.015682291239500046, 0.007611509412527084, -0.031525593250989914, -0.03853239864110947, 0.050550658255815506, -0.022852525115013123, -0.01201507356017828, 0.05669323354959488, 0.009464646689593792, 0.012107041664421558, 0.015201861038804054, 0.056374888867139816, 0.008211170323193073, 0.04909447953104973, -0.05846250429749489, 0.015262464992702007, -0.03156529366970062, 0.0008177229901775718, -0.03816113993525505, -0.0037585708778351545, 0.008014979772269726, 0.05826945975422859, -0.03759613260626793, -0.0511382520198822, 0.013465341180562973, 0.014144713059067726, -0.15906649827957153, -0.0378081351518631, -0.013059628196060658, 0.0012973311822861433, 0.009516055695712566, 0.03537455573678017, -0.04226318374276161, -0.04615286365151405, -0.013351264409720898, 0.061000023037195206, 0.010841632261872292, -0.05529361590743065, 0.011597814969718456, -0.02606753259897232, 0.014093083329498768, 0.006604737602174282, -0.0218204278498888, -0.025328097864985466, 0.006321294698864222, -0.05454137548804283, 0.006641336251050234, -0.015864485874772072, 0.04630256071686745, -0.006990283261984587, -0.03024868853390217, -0.0037900391034781933, 0.046357762068510056, 0.025757843628525734, -0.054971322417259216, -0.0039053126238286495, 0.02541312947869301, 0.05535401776432991, 0.01363595761358738, -0.002386016771197319, -0.015908820554614067, 0.04650259017944336, -0.01649519056081772, 0.01715211011469364, 0.028287818655371666, -0.022062573581933975, -0.0001486839901190251, 0.01922144927084446, -0.056164469569921494, -0.0012264407705515623, 0.06447934359312057, -0.01068978849798441, -0.01207001693546772, -0.0034824248868972063, -0.03953441604971886, -0.026467394083738327, 0.02960497885942459, -0.023169079795479774, -0.020439239218831062, 0.017041416838765144, -0.049391258507966995, 0.0010564131662249565, 0.01015919353812933, 0.033970195800065994, -0.06601686775684357, 0.05832084268331528, 0.018887294456362724, -0.05934176221489906, 0.02390487864613533, -0.01976461336016655, -0.04378906264901161, 0.005105930846184492, 0.008505413308739662, -0.036517832428216934, 0.032864056527614594, -0.07319867610931396, 0.04671608656644821, -0.030220285058021545, 0.02032344974577427, -0.0025070442352443933, -0.023946592584252357, 0.017421549186110497, -0.06350299715995789, -0.04066501185297966, 0.015820655971765518, -0.08069052547216415, -0.04392433539032936, 0.007869173772633076, -0.020651694387197495, -0.0096384072676301, -0.012751288712024689, 0.01024951133877039, 0.005070855375379324, 0.031667470932006836, 0.011203288100659847, 0.22228917479515076, 0.07413765043020248, 0.016211524605751038, 0.013773470185697079, 0.0416184701025486, 0.003920233808457851, -0.01924646832048893, 0.034329235553741455, 0.013356145471334457, -0.04206514358520508, -0.00939133856445551, -0.0035984250716865063, -0.026135962456464767, -0.031177375465631485, 0.016789110377430916, 0.02512378804385662, -0.003347766352817416, 0.005825016647577286, 0.09559892863035202, -0.028002899140119553, 0.03221821412444115, 0.020728852599859238, 0.028914816677570343, 0.007588367909193039, -0.08824361115694046, 0.02773175574839115, -0.030269967392086983, -0.024522854015231133, -0.04285484924912453, 0.0007296770345419645, -0.0023741796612739563, 0.03095434419810772, 0.010879743844270706, -0.040662072598934174, -0.0228706244379282, -0.045255325734615326, -0.002884340239688754, -0.013309081085026264, -0.04208194836974144, -0.02065320312976837, -0.015042012557387352, 0.005107772070914507, 0.004521054681390524, -0.002936675911769271, -0.031056005507707596, -0.031356073915958405, 0.009337893687188625, -0.04982902854681015, -0.039370641112327576, -0.004463951103389263, -0.023367881774902344, -0.011174015700817108, 0.013046535663306713, -0.009746680967509747, 0.05503891408443451, -0.041550248861312866, 0.01866779290139675, 0.030774740502238274, 0.019838901236653328, 0.04605184122920036, 0.0035832305438816547, -8.027505100471899e-05, -0.0012370286276564002, 0.0590272881090641, -0.0041758716106414795, 0.019008595496416092, 0.03081688843667507, -0.04142177477478981, 0.00845387950539589, 0.02235819771885872, -0.004283063113689423, 0.01447735819965601, -0.014708695001900196, -0.03273363411426544, -0.01954389177262783, 0.020181642845273018, -0.0054612113162875175, 0.0034507920499891043, -0.04239479824900627, 0.05459337309002876, 0.016701437532901764, -0.014864800497889519, 0.011389980092644691, -0.005520298611372709, 0.0036959792487323284, -0.01724831759929657, -0.027279082685709, 0.04042286053299904, -0.009286153130233288, -0.03006485290825367, -0.05162666365504265, -0.01252732053399086, 0.0032267181668430567, 0.030260978266596794, -0.028038719668984413, 0.00399346649646759, 0.021818583831191063, 0.0028820682782679796, -0.02812923491001129, 0.03213779255747795, -0.037654321640729904, -0.01383973192423582, 0.01635090820491314, -0.01683592051267624, 0.040170785039663315, -0.025266416370868683, 0.03705509006977081, -0.01830572634935379, 0.015315503813326359, 0.04639630764722824, -0.02883884869515896, 0.00010146456770598888, -0.01336805522441864, -0.04180401936173439, -0.028191667050123215, 0.06399261951446533, 0.04067787155508995, 0.04119352251291275, 0.026299215853214264, 0.02802780456840992, -0.01240579690784216, 0.011623871512711048, 0.03971816971898079, -0.01396127138286829, -0.014130182564258575, -0.03435482084751129, -0.008205598220229149, -0.028277970850467682, -0.020500022917985916, 0.03405502066016197, 0.008826754987239838, -0.03684176504611969, -0.028374770656228065, -0.028819721192121506, 0.03844651207327843, -0.014242139644920826, 0.05093151330947876, -0.011087873950600624, 0.024908091872930527, 0.061538081616163254, -0.013444182462990284, -0.04061262682080269, -0.017853200435638428, -0.009767119772732258, 0.021867897361516953, 0.07612021267414093, 0.008969077840447426, -0.006818267051130533, -0.023439457640051842, 0.06147632375359535, 0.06040855869650841, 0.04060768708586693, 0.011674350127577782, -0.02814258448779583, -0.042187415063381195, -0.060160864144563675, -0.03066355548799038, 0.017321527004241943, 0.0024618215393275023, 0.008457961492240429, 0.010882844217121601, 0.006148343440145254, 0.010795773938298225, 0.045426901429891586, 0.02776470221579075, -0.0074102929793298244, -0.011707281693816185, 0.05915810167789459, -0.010144909843802452, -0.008825110271573067, -0.02395537681877613, -0.03861512988805771, -0.023722603917121887, 0.004677127115428448, 0.00597967067733407, -0.0271782074123621, -0.08333142846822739, 0.003135352162644267, -0.02629231847822666, -0.0371473953127861, 0.006133860908448696, 0.0011637016432359815, -0.004719064105302095, -0.016638590022921562, 0.001971459947526455, -0.020387301221489906, -0.032768525183200836, -0.029662219807505608, 0.009490172378718853, -0.016584398224949837, -0.00857347808778286, 0.1337144523859024, 0.007993394508957863, -0.016179047524929047, 0.055578846484422684, -0.008125984109938145, 0.11420664936304092, -0.010721062310039997, -0.019298432394862175, -7.815739809302613e-05, -0.04019568860530853, 0.0007481910288333893, -0.0026966214645653963, 0.037492670118808746, -0.04378243535757065, -0.024400731548666954, 0.018770113587379456, -0.005878013093024492, -0.0412733294069767, 0.021794885396957397, 0.010007687844336033, -0.04038156569004059, -0.03907627612352371, 0.01117764599621296, 0.02361656166613102, -0.030452407896518707, 0.03914505988359451, 0.04349368065595627, 0.009616756811738014, -0.0007630155887454748, -0.035717837512493134, -0.013152003288269043, 0.028180252760648727, 0.009066331200301647, 0.023043297231197357, 0.003219462465494871, 0.05754179507493973, -0.00724314758554101, 0.002891950309276581, -0.008468392305076122, -0.014205328188836575, 0.052341047674417496, -0.005334425251930952, -0.026853099465370178, -0.004421304911375046, -0.019743897020816803, 0.012131065130233765, 0.008217021822929382, -0.01140056923031807, -0.05781276524066925, 0.004918294958770275, 0.05931020900607109, 0.03404029831290245, 0.034971535205841064, 0.03428840637207031, -0.021865546703338623, -0.013961966149508953, 0.0065145473927259445, 0.002471313113346696, 0.0150284543633461, -0.01707669533789158, -0.020141348242759705, 0.002351383212953806, 0.01319519616663456, 0.05490837246179581, 0.022519247606396675, 0.02132883481681347, -0.013771863654255867, -0.01177351176738739, -0.03503376618027687, -0.018449407070875168, -0.02016066573560238, -0.008059383369982243, -0.012521302327513695, 0.007543325889855623, -0.03006896562874317, 0.030285896733403206, -0.06491463631391525, -0.04094110056757927, -0.08621404320001602, -0.024629579856991768, -0.0072553022764623165, -0.01068645715713501, -0.038086067885160446, 0.011952775530517101, -0.03341594710946083, -0.0022094263695180416, 0.0004264283343218267, -0.004966347012668848, 0.0020544654689729214, -0.015324544161558151, 0.0283118337392807, 0.03699023276567459, 0.04021668806672096, -0.06096002832055092, -0.015801813453435898, -0.004453412257134914, 0.033036261796951294, 0.005747336894273758, -0.05268367752432823, 0.004977353848516941, -0.018550578504800797, -0.03441910073161125, 0.014808092266321182, -0.0030532677192240953, -0.010397078469395638, -0.009336438961327076, 0.05829674378037453, 0.00431244308128953, 0.0223543718457222, -0.005323857069015503, -0.03141007572412491, -0.019011275842785835, 0.0012329926248639822, 0.01672838069498539, 0.014956898987293243, 0.01916418969631195, -0.03960612788796425, 0.058955591171979904, -0.02132258005440235, 0.03187650069594383, -0.05717048421502113, -0.03453497961163521, 0.05266602709889412, 0.034715618938207626, -0.01734032668173313, 0.046119555830955505, -0.03468117490410805, 0.017049254849553108, -0.03604424372315407, -0.01361651998013258, 0.02842842787504196, -0.019998345524072647, 0.01523441169410944, -0.04748988524079323, 0.0255262590944767, 0.016649825498461723, -0.019957464188337326, -0.020781977102160454, -0.011277069337666035, -0.0031371230725198984, -0.0517888218164444, 0.021493801847100258, -0.0041579254902899265, -0.025472648441791534, 0.015689413994550705, 0.005935212131589651, -0.026486428454518318, 0.018666939809918404, -0.02769399993121624, -0.028920447453856468, -0.012231353670358658, 0.03344258293509483, -0.025522427633404732, 0.00037785491440445185, -0.03532242402434349, -0.03198022022843361, -0.023073794320225716, -0.015553007833659649, -0.02400854602456093, -0.016278322786092758, 0.016924377530813217, -0.02238551340997219, -0.013447469100356102, 0.030978702008724213, -0.019708598032593727, -0.017811890691518784, 0.028660928830504417, 0.035529233515262604, 0.013668382540345192, -0.008889405988156796, 0.030398176982998848, -0.062715083360672, -0.038393378257751465, -0.00047387147787958384, 0.03162403032183647, 0.031199144199490547, -0.021885521709918976, -0.0033369455486536026, 0.0010928952833637595, -0.02180853858590126, -0.015429350547492504, 0.03451823443174362, -0.05537618696689606, 0.0004457826726138592, 0.010940426029264927, -0.015409613028168678, 0.03458203002810478, 0.027440113946795464, 0.015022157691419125, -0.012000354006886482, -0.001099495217204094, -0.007240850478410721, 0.006741328164935112, -0.02949538826942444, -0.03581288829445839, -0.017397191375494003, -0.024089282378554344, 0.0007251288625411689, 0.02601044252514839, -0.021984132006764412, 0.02348780445754528, -0.018535904586315155, 0.007345676887780428, -0.13645419478416443, 0.05908991023898125, -0.05048130825161934, 0.004487750586122274, -0.002210714854300022, 0.012819578871130943, 0.024113228544592857, -0.018483590334653854, 0.0008341543143615127, -0.02909468114376068, -0.02130955271422863, -0.014046827331185341, 0.013803629204630852, -0.025759296491742134, -0.03987797722220421, 0.004181180149316788, -0.016791269183158875, -0.00811223965138197, -0.015347450971603394, 0.03957094997167587, 0.02575813978910446, -0.004922144580632448, 0.010478615760803223, 0.011952071450650692, -0.037780240178108215, -0.012873837724328041, -0.028201455250382423, 0.01954297535121441, -0.008738013915717602, -0.040965113788843155, -0.0028950890991836786, -0.034074828028678894, -0.001038004644215107, -0.0006624977104365826, 0.038654912263154984, 0.024900734424591064, 0.005750080570578575, 0.024987226352095604, 0.02307472750544548, 0.03094043955206871, 0.01819058321416378, 0.00022960687056183815, -0.0013945852406322956, -0.015180465765297413, 0.008787212893366814, 0.025214506313204765, 0.001520901801995933, -0.0046491557732224464, -0.013487064279615879, -0.009180462919175625, -0.005147607997059822, 0.021692994982004166, -0.011424713768064976, -0.023137278854846954, -0.03825432434678078, 0.01467673759907484, -0.0039336890913546085, -0.005920641124248505, -0.06940462440252304, 0.007665424142032862, -0.009669224731624126, 0.014020390808582306, -0.019885549321770668, -0.03415258601307869, -0.014542571268975735, 0.06407613307237625, -0.05629153549671173, 0.020419679582118988, 0.015528525225818157, 0.03173152729868889, -0.008754043839871883, -0.008655051700770855, -0.0616154670715332, -0.0063061765395104885, -0.0032665515318512917, 0.026272855699062347, 0.013359061442315578, 0.011836112476885319, 0.021941497921943665, 0.014580383896827698, -0.04236595705151558, 0.010445765219628811, 0.00030443642754107714, 0.025576747953891754, 0.047264911234378815, 0.015960020944476128, -0.02426200360059738, 0.027586577460169792, -0.042438801378011703, -0.04548749327659607, -0.01644253358244896, -0.039575736969709396, 0.01348065584897995, 0.02814980410039425, -0.0015673096058890224, 0.05626080930233002, -0.01112461555749178, 0.007241036742925644, -0.006328411865979433, -0.009174681268632412, -0.0016079142224043608, 0.008381286635994911, -0.014233822003006935, 0.03833993151783943, -0.026624208316206932, 0.027791546657681465, 0.03573860600590706, 0.04621860384941101, -0.035900481045246124, 0.023868363350629807, 0.0180951114743948, -0.029640793800354004, -0.01477041095495224, -0.042981017380952835, -0.10172561556100845, -0.03581802546977997, -0.0032756414730101824, 0.005508223082870245, 0.02726135402917862, 0.0073188599199056625, -0.019631922245025635, -0.022022999823093414, -0.029203291982412338, -0.041479770094156265, 0.015345663763582706, 0.01764875464141369, 0.031713228672742844, 0.02588210441172123, 0.0027945328038185835, -0.04391682520508766, -0.017304351553320885, -0.0418650321662426, 0.0074693807400763035, 0.024155177175998688, 0.03423222154378891, 0.005245245527476072, -0.036158278584480286, 0.04921938106417656, -0.06411043554544449, -0.004104511812329292, -0.05348975211381912, 0.017173949629068375, 0.022875161841511726, -0.0520048625767231, 0.00013021178892813623, -0.06617001444101334, 0.027342423796653748, -0.029647089540958405, 0.00469471188262105, -0.02569536119699478, -0.0522829033434391, -0.017411034554243088, 0.02629528008401394, 0.03436848521232605, -0.012821443378925323, 0.031226836144924164, 0.020272715017199516, 0.031451985239982605, -0.07191044837236404, 0.03445367515087128, -0.01610906980931759, -0.002709491876885295, 0.00737560261040926, -0.03885461762547493, 0.027952536940574646, 0.01235044002532959, -0.03945334628224373, 0.018858270719647408, -0.0028584885876625776, 0.05192429944872856, 0.006813529413193464, 0.04250828176736832, -0.014673256315290928, 0.0051538171246647835, 0.006167341955006123, -0.015376931056380272, -0.009534141980111599, 0.022021466866135597, 0.06278552114963531, -0.007674501743167639, 0.02034621872007847, -0.011802763678133488, 0.05723605304956436, -0.02974546141922474, 0.06949235498905182, 0.0009798563551157713, -0.0219593308866024, 0.07728318125009537, 0.03370825573801994, -0.020635537803173065, -0.03861095383763313, -2.1137571820872836e-05, -0.0286868866533041, -0.017006397247314453, 0.02889230288565159, -0.0227236058562994, -0.019050946459174156, 0.0355464443564415, 0.04008946195244789, 0.039223577827215195, -0.015199829824268818, -0.020186536014080048, 0.004125435370951891, 0.010241245850920677, -0.02848700061440468, 0.00392959313467145, 0.009265255182981491, 0.013763997703790665, -0.051756422966718674, 0.011324543505907059, -0.055764492601156235, 0.0029023161623626947, -0.022262686863541603, -0.009355672635138035, -0.0455881804227829, -0.050995830446481705, 0.0014378433115780354, 0.01220360305160284, 0.012681298889219761, 0.03572800010442734, 0.03420507162809372, 0.036513857543468475, -0.018794938921928406, -0.028435762971639633, -0.05423641577363014, -0.018470287322998047, -0.020756129175424576, -0.002504145260900259, -0.008686386980116367, 0.029633885249495506, -0.0283194687217474, -0.0038374168798327446, 0.02121015638113022, 0.01027672179043293, -0.0004687720793299377, -0.01518279779702425, -0.04353753477334976, 0.01913144253194332, -0.004606985952705145, -0.01545597892254591, 0.005628131330013275, 0.01659618318080902, 0.020296093076467514, -0.020309962332248688]",,
15_1_0_errors_next_prerender_current_time_mdx_section_4_code_1,code_snippet,15_1_0_errors_next_prerender_current_time_mdx_section_4,Cacheable use cases - code_1,,"{'programming_language': 'jsx', 'filename': 'app/page.js', 'switcher': False}",15.1.0,,"async function InformationTable() {
  const data = await fetch(...)
  return (
    <section>
      <h1>Latest Info...</h1>
      <table>{renderData(data)}</table>
    </section>
  )
}

export default async function Page() {
  return (
    <main>
      <InformationTable />
      Last Refresh: {new Date().toString()}
    </main>
  )
}
","[(np.int64(5), np.float64(0.07538703083992004)), (np.int64(7), np.float64(0.07741428911685944)), (np.int64(64), np.float64(0.08436857908964157)), (np.int64(425), np.float64(0.24043267965316772)), (np.int64(1647), np.float64(0.12406497448682785)), (np.int64(4027), np.float64(0.20528654754161835)), (np.int64(22469), np.float64(0.28152281045913696)), (np.int64(28175), np.float64(0.23501528799533844))]",,"[0.01821516454219818, -0.013541300781071186, -0.0024410171899944544, 0.032677073031663895, -0.018260180950164795, -0.02301246114075184, 0.0301068015396595, 0.03139343857765198, -0.01015838049352169, 0.015792645514011383, -0.01140641886740923, 0.028984759002923965, -0.017617255449295044, 0.041758302599191666, 0.023046031594276428, 0.05209288373589516, -0.01583784632384777, 0.023698488250374794, 0.007971894927322865, 0.01664443500339985, -0.00994743313640356, 0.020950529724359512, 0.03775392472743988, 0.012552253901958466, 0.021263735368847847, 0.0060543278232216835, 0.028018206357955933, -0.0177439134567976, 0.0005079324473626912, 0.026893729344010353, 0.03606529161334038, -0.0015984512865543365, -0.007990059442818165, -0.04279528558254242, -0.03457687795162201, -0.0188673734664917, -0.015657031908631325, -0.03770042210817337, -0.06733481585979462, 0.07464040815830231, -0.029763879254460335, -0.013823801651597023, -0.012926523573696613, 0.012610793113708496, 0.0212964229285717, -0.022229768335819244, 0.014571156352758408, -0.01969803124666214, -0.030455129221081734, -0.016609320417046547, 0.007859529927372932, -0.017794594168663025, 0.0026857121847569942, -0.0026905660051852465, 0.011574841104447842, 0.022158168256282806, -0.02007601596415043, -0.012998759746551514, -0.04238183796405792, 0.009287958033382893, -0.020807160064578056, 0.014935852959752083, -0.040705692023038864, -0.00088040268747136, 0.018372565507888794, 0.036271288990974426, 0.04416758939623833, 0.025495588779449463, -0.009636154398322105, -0.02797139249742031, -0.015984533354640007, 0.06505996733903885, -0.04718822240829468, -0.025542059913277626, -0.03655518218874931, 0.032216671854257584, 0.05589735135436058, -0.03125421702861786, 0.04675990715622902, -0.015357716009020805, -0.014996747486293316, -0.014496499672532082, 0.008626541122794151, 0.0043779462575912476, 0.009084091521799564, -0.005498913116753101, -0.03122863546013832, 0.07986743748188019, -0.030367400497198105, 0.02311617322266102, -0.03165671229362488, -0.01793285831809044, 0.04603005200624466, -0.036617714911699295, 0.014863812364637852, -0.06066157668828964, 0.02283768355846405, 0.018694784492254257, 0.08883789926767349, -0.008804925717413425, 0.045186541974544525, -0.05096051096916199, 0.009835314936935902, -0.0018384451977908611, 0.06623808294534683, -0.0021384158171713352, -0.012081328779459, -0.02098090387880802, -0.03509814664721489, -0.000961379031650722, 0.011320001445710659, 0.010471654124557972, 0.028921527788043022, 0.029943427070975304, 0.034829042851924896, -0.022670859470963478, -0.004055505618453026, 0.0077574956230819225, 0.045527487993240356, 0.013170316815376282, 0.0236961767077446, 0.016991430893540382, 0.03233472630381584, 0.007393968291580677, -0.011264159344136715, -0.021163459867239, 0.008803927339613438, 0.018686600029468536, 0.015187215991318226, 0.0787455216050148, 0.016498375684022903, 0.015496533364057541, 0.0028848887886852026, -0.03673753887414932, -0.04227239638566971, -0.013503476046025753, -0.010407096706330776, 0.005851383786648512, -0.0018451333744451404, -0.07772083580493927, 0.009305720217525959, 0.02349676564335823, -0.07091120630502701, -0.022243047133088112, -0.00711636571213603, -0.07311040908098221, 0.03972163423895836, 0.02444613166153431, -0.013001698069274426, 0.016682060435414314, -0.06004142761230469, 0.01683877781033516, -0.020809656009078026, -0.01365742925554514, -0.00910212006419897, -0.01536298543214798, 0.015298208221793175, 0.025934424251317978, -0.04251443222165108, -0.00044085568515583873, 0.01925741136074066, 0.04697306454181671, -0.055166468024253845, 0.020444700494408607, 0.012335321865975857, 0.024021578952670097, 0.05564155802130699, -0.03424368426203728, -0.034705862402915955, -0.05906454101204872, 0.023358292877674103, -0.015162906609475613, 0.05841203033924103, 0.01983918808400631, -0.003960330504924059, 0.016554884612560272, 0.09091554582118988, 0.02454393357038498, 0.0009828935144469142, -0.026796512305736542, -0.02285991795361042, 0.024426400661468506, -0.033301420509815216, -0.01697622984647751, -0.02381076291203499, 0.0312065277248621, -0.0008834450272843242, 0.032000940293073654, -0.023091990500688553, -0.0007489536073990166, -0.024090662598609924, -0.004776061046868563, 0.05561599135398865, 0.05461926758289337, -0.002994745969772339, -0.010696968995034695, -0.00496477447450161, -0.00966908410191536, 0.018383074551820755, 0.009071076288819313, 0.03708444535732269, 0.044123467057943344, -0.014210788533091545, 0.004340353887528181, -0.0036169898230582476, 0.016766918823122978, 0.025986935943365097, -0.04809236899018288, 0.018918389454483986, 0.005080512259155512, -0.04909011721611023, 0.015436694025993347, -0.023516464978456497, -0.008089052513241768, -0.05003136396408081, 0.012771704234182835, 0.008113480173051357, 0.035564124584198, -0.010811154730618, -0.020043404772877693, -0.007967201061546803, 0.061124902218580246, -0.024070383980870247, -0.0051468536257743835, -0.0021751474123448133, 0.016739152371883392, 0.022718334570527077, 0.01521875336766243, 0.027863139286637306, -0.009990114718675613, 0.02127806469798088, 0.025375764816999435, 0.048106785863637924, -0.01535820122808218, 0.0253539327532053, -0.05830428749322891, -0.015153461135923862, 0.021876836195588112, -0.004479949828237295, -0.009047282859683037, -0.039710357785224915, -0.012028012424707413, -0.029868632555007935, 0.003860723925754428, -0.011670781299471855, -0.0262961033731699, 0.03173588588833809, -0.009389417245984077, -0.05042260140180588, -0.035163938999176025, -7.112349703675136e-05, 0.028344618156552315, -0.041918426752090454, 0.028717154636979103, -0.008574150502681732, -0.013723266310989857, 0.0029956456273794174, 0.025633838027715683, -0.017588797956705093, 0.007163422182202339, -0.007548100780695677, 0.05851633474230766, -0.04597679525613785, 0.026785485446453094, -0.01745546981692314, -0.004149543587118387, -0.03258444368839264, -0.00889913085848093, 0.01721140183508396, 0.02094670757651329, -0.02623279020190239, -0.03208475559949875, 0.03418416529893875, -0.0118332514539361, 0.024325372651219368, 0.0012933860998600721, -0.033392634242773056, -0.005472959019243717, 0.066464364528656, 0.0071580312214791775, -0.019920911639928818, -0.0249765757471323, 0.039692558348178864, 0.01115700788795948, 0.05394310876727104, -0.030356144532561302, -0.016878781840205193, 0.005291658453643322, 0.026004115119576454, -0.021812476217746735, -0.018209703266620636, -0.011760607361793518, 0.05218174681067467, -0.018111685290932655, 0.01647406816482544, 0.0383327454328537, 0.005882128141820431, -0.17205296456813812, -0.008594308979809284, -0.004789941478520632, 0.002398056210950017, 0.0036520282737910748, 0.009445932693779469, -0.0007485795067623258, -0.0325147807598114, -0.024275360628962517, 0.05762239545583725, -0.03906330093741417, -0.05622667074203491, -0.0649838000535965, -0.051854319870471954, 0.010127429850399494, -0.0033949173521250486, -0.008219845592975616, 0.008527478203177452, -0.004860767163336277, -0.022590700536966324, -0.03746829181909561, -0.016884485259652138, 0.012892402708530426, -0.025981511920690536, -0.039791908115148544, 0.015158319845795631, 0.03947100043296814, -0.04404120147228241, -0.029021650552749634, -0.04421684890985489, 0.018005644902586937, 0.011376911774277687, -0.010397967882454395, -0.004450119566172361, 0.0320516936480999, 0.007418596651405096, 0.03319394588470459, 0.008867336437106133, 0.011786499060690403, 0.025757569819688797, 0.020152371376752853, -0.005032142624258995, -0.0388154610991478, 0.05568831413984299, -0.006659241393208504, 0.0007352656102739275, -0.008281709626317024, -0.019948814064264297, -0.03128049522638321, -0.029472431167960167, 0.030443474650382996, -0.030574221163988113, 0.01887659728527069, -0.016049278900027275, -0.04132772237062454, 0.007392055820673704, 0.03715772181749344, 0.06289250403642654, -0.0167137049138546, 0.003681979840621352, -0.016892829909920692, -0.01880895346403122, -0.0028886613436043262, -0.007356738205999136, -0.029614251106977463, -0.00517783360555768, 0.04832453653216362, 0.035660792142152786, -0.022594554349780083, -0.048279762268066406, 0.07684286683797836, -0.023903753608465195, 0.010709400288760662, 0.0047005400992929935, -0.013055069372057915, 0.02065916545689106, -0.06886334717273712, 0.000708208535797894, 0.03149773180484772, -0.0952768549323082, -0.017148910090327263, -0.01198509056121111, -0.035369325429201126, 0.01885952800512314, -0.018451768904924393, -0.01404988206923008, 0.032274506986141205, 0.005912648979574442, 0.011111102066934109, 0.21454134583473206, 0.027290979400277138, 0.0006016877596266568, 0.01917724870145321, 0.047773655503988266, -0.04148105904459953, -0.02124880440533161, 0.018346300348639488, 0.01875178888440132, -0.027358638122677803, -0.014990988187491894, -0.015311917290091515, -0.008293015882372856, 0.006532585714012384, -0.011441342532634735, 0.040606677532196045, -0.05258360877633095, 0.020196959376335144, 0.03626583144068718, -0.019333969801664352, 0.0695369765162468, -0.017971551045775414, 0.005495661403983831, 0.03480716794729233, -0.037910521030426025, 0.004582620225846767, 0.013413414359092712, 0.01030014455318451, 0.009600173681974411, -0.010975725017488003, -0.03415282070636749, 0.009348401799798012, 0.028033636510372162, -0.04465286061167717, -0.019142312929034233, 0.007374178152531385, 0.024943767115473747, -0.009085621684789658, -0.03375658020377159, -0.0006184888770803809, 0.02166864462196827, -0.005689279641956091, 0.03149506449699402, 0.014131314121186733, -0.02403983287513256, -0.04852968081831932, -0.010237281210720539, -0.0301506407558918, -0.0006976295844651759, -0.01647273451089859, 0.0390484556555748, -0.050680533051490784, 0.006082203239202499, -0.00858991127461195, 0.004264016170054674, 0.01178443431854248, 0.02738395519554615, 0.01063428446650505, -0.01826471835374832, 0.0470864437520504, 0.04142088443040848, -0.0006795494700782001, -0.030587278306484222, 0.01689687930047512, -0.0368412621319294, -0.00026484145200811327, -0.017714060842990875, 0.013579750433564186, -0.016767237335443497, 0.014111652970314026, -0.010477278381586075, 0.01707751490175724, 0.0068148463033139706, -0.011085599660873413, -0.004880685359239578, -0.043726593255996704, 0.0014895006315782666, 0.025570986792445183, -0.041787829250097275, 0.009715855121612549, -0.026869405061006546, -0.03992723301053047, -0.056959446519613266, 0.061634425073862076, 0.0025997310876846313, 0.013924036175012589, 0.009320836514234543, 0.07775969803333282, -0.03200516104698181, 0.04316381737589836, -0.027943039312958717, 0.007955645211040974, -0.052268240600824356, 0.020993024110794067, -0.028737764805555344, 0.026915930211544037, -0.007957902736961842, -0.016273258253932, -0.001343664713203907, 0.0145822549238801, -0.02324170619249344, -0.04042551666498184, 0.017662491649389267, -0.0028391277883201838, 0.05466834083199501, 0.02747010812163353, 0.025477750226855278, 0.012663704343140125, -0.02069941908121109, 0.012921879068017006, -0.05286368355154991, 0.03168156370520592, 0.03619430586695671, -0.05211032181978226, -0.012953333556652069, 0.014716348610818386, 0.020395509898662567, 0.03612237796187401, 0.033459361642599106, 0.0015164843061938882, -0.03691607341170311, 0.001571023021824658, -0.005364477634429932, -0.030833549797534943, -0.02615949884057045, -0.03101000376045704, -0.009931536391377449, -0.051295094192028046, -0.017108922824263573, 0.02022661082446575, -0.0024246578104794025, -0.026033421978354454, 0.003181176260113716, 0.012402959167957306, 0.025012601166963577, 0.001271332148462534, -0.01292982418090105, 0.025458378717303276, 0.049700453877449036, 0.03239848092198372, -0.05464262142777443, -0.02089565247297287, -0.009998267516493797, 0.021124275401234627, -0.0030970165971666574, 0.04842067137360573, 0.029881374910473824, 0.03174380958080292, -0.05361747741699219, 0.01949755661189556, 0.03367367386817932, 0.05347774177789688, 0.04570021852850914, -0.027734659612178802, -0.013493671081960201, -0.019437305629253387, -0.028864627704024315, -0.014591480605304241, 0.01569722220301628, 0.006232107058167458, -0.00010689367627492175, -0.009658349677920341, 0.024660473689436913, 0.05049477890133858, 0.008521257899701595, -0.01454198732972145, -0.03039969876408577, -0.012708531692624092, -0.05119505152106285, 0.0029701744206249714, 0.014669395051896572, -0.011600768193602562, -0.04606829211115837, 0.003338531358167529, -0.03786173835396767, -0.03213293105363846, -0.06090577319264412, 0.019453654065728188, -0.039470598101615906, -0.05982571095228195, -0.018712151795625687, -0.0019464000361040235, -0.019975708797574043, -0.05511416122317314, 0.015803314745426178, 0.04813656210899353, -0.007407813798636198, 0.00732152396813035, 0.029552901163697243, -0.046462174504995346, -0.04556499049067497, 0.12965013086795807, 0.03319314122200012, -0.012724841013550758, 0.00414202269166708, 0.03446930646896362, 0.058519914746284485, 0.04673658683896065, 0.020825592800974846, -0.059171270579099655, -0.00222333543933928, 0.013233046047389507, 0.025521721690893173, 0.027333015576004982, -0.030154995620250702, 0.01171736977994442, 0.010086198337376118, 0.009490879252552986, -0.01742529310286045, 0.06647634506225586, -0.015731623396277428, 0.013776988722383976, -0.03827601298689842, -0.037559881806373596, 0.02353886514902115, -0.03808478266000748, 0.05506938695907593, 0.07050134986639023, 0.038157522678375244, -0.012389631941914558, -0.01175236888229847, -0.015722591429948807, 0.011119316332042217, 0.0008845272241160274, 0.012284272350370884, 0.02802487649023533, 0.0022310521453619003, -0.0182371623814106, -0.022694626823067665, 7.746713527012616e-05, -0.01490149274468422, -0.003186819376423955, 0.08332063257694244, -0.0191603172570467, 0.0099905701354146, -0.027795249596238136, 0.02127462811768055, 0.050853829830884933, -0.01293160766363144, 0.005778697319328785, -0.04920359328389168, -0.010625358670949936, 0.0349484421312809, 0.03038298897445202, 0.010656598024070263, 0.016583513468503952, -0.030502181500196457, 0.0012283824617043138, 0.0009730546735227108, 0.02734975330531597, -0.014793528243899345, -0.003352842992171645, 0.030759410932660103, -0.019807562232017517, 0.017353525385260582, 0.019186343997716904, 0.009914780035614967, -0.005887344479560852, -0.029714515432715416, -0.010417239740490913, 0.004789871163666248, 0.005062122363597155, 0.016648126766085625, 0.007437787484377623, -0.007411542814224958, -0.04140869528055191, 0.055836353451013565, -0.06965173780918121, -0.03375358134508133, -0.011779498308897018, 0.012504289858043194, 0.0018506948836147785, -0.015845393761992455, -0.01127847470343113, 0.011314580217003822, 0.023547055199742317, 0.02422276698052883, -0.04802510887384415, -0.0018192449351772666, -0.01869451254606247, -0.031134692952036858, -0.022392401471734047, 0.029047111049294472, -0.01135725062340498, -0.012126385234296322, 0.03530248999595642, 0.008046084083616734, -0.01349635049700737, 0.015567769296467304, -0.052452027797698975, -0.03473925217986107, -0.019690288230776787, -0.05072743445634842, 0.016510365530848503, -0.0249016210436821, -0.017558813095092773, -0.01626698672771454, -0.015096901915967464, 0.006274495739489794, -0.01534082181751728, 0.0008372876327484846, -0.019148197025060654, -0.0038555841892957687, 0.010646837763488293, -0.01914857141673565, 0.02350085787475109, -0.0053633651696145535, 0.036126937717199326, 0.05902339518070221, -0.015775833278894424, -0.027479175478219986, -0.021213559433817863, 0.0224294550716877, 0.057844534516334534, 0.025319337844848633, -0.0360695905983448, 0.016192784532904625, -0.053586337715387344, 0.03031250275671482, -0.01044019591063261, -0.012286078184843063, 0.004356075078248978, -0.004548152908682823, 0.0035845653619617224, 0.0036030227784067392, 0.023177914321422577, -0.005582971964031458, -0.04336625337600708, -0.04953864961862564, -0.020830728113651276, 0.034296631813049316, -0.0168149471282959, 0.016954796388745308, -0.03671922907233238, -0.013892660848796368, 0.035991422832012177, 0.03240974619984627, -0.0011090327752754092, 0.0402875654399395, 0.013198267668485641, -0.023248864337801933, 0.014880342409014702, 0.07753549516201019, -0.0031839145813137293, -0.01258820854127407, 0.026301151141524315, 0.043096695095300674, -0.010350068099796772, -0.0018955552950501442, -0.04007760062813759, -0.03518024832010269, 0.011599728837609291, -0.006557265296578407, -0.04757164791226387, -0.01861095428466797, -0.028523672372102737, -0.00547906244173646, 0.02857382409274578, 0.06077021732926369, 0.01806609332561493, -0.00044604510185308754, 0.03490801900625229, -0.04188109561800957, -0.04971599951386452, -0.006505809724330902, 0.025297369807958603, 0.028639022260904312, 0.018822869285941124, -0.03410244360566139, 0.008870101533830166, -0.0030243692453950644, 0.06849651038646698, 0.011723954230546951, -0.026486650109291077, -0.023525569587945938, 0.05321582779288292, -0.05249990150332451, 0.009934106841683388, -0.028102915734052658, -0.003979193978011608, -0.024011336266994476, -0.05222761631011963, -0.08422977477312088, -0.02982308343052864, 0.016808299347758293, -0.025965243577957153, -0.029802711680531502, -0.02316211350262165, 0.02977035567164421, -0.014466228894889355, 0.009907135739922523, -0.03889777511358261, -0.03278012201189995, -0.004154345951974392, -0.1444590985774994, -0.002175602363422513, -0.009232149459421635, -0.00895240344107151, -0.004857752472162247, 0.0029221049044281244, -0.046532467007637024, -0.04075968638062477, 0.015201058238744736, -0.022985152900218964, -0.006607814226299524, -0.052180271595716476, 0.002133880741894245, -0.024853909388184547, 0.03472466021776199, 0.0311166662722826, 0.0074658640660345554, -0.010962939821183681, 0.013467510230839252, 0.023559805005788803, 0.007193294819444418, -0.0018748077563941479, 0.03687748312950134, -0.00042819397640414536, -0.028927741572260857, -0.001043215044774115, 0.03571731597185135, -0.003641508286818862, -0.012548372149467468, -0.0330544114112854, 0.017801502719521523, -0.031327590346336365, 0.014135414734482765, 0.02967200055718422, 0.008496792986989021, 0.049658022820949554, 0.010342709720134735, 0.04172496497631073, 0.00495110871270299, 0.01575380191206932, -0.04989934340119362, 0.018457159399986267, -0.021830271929502487, 0.0017701501492410898, -0.010075949132442474, -0.01897370256483555, -0.0033310053404420614, -0.02781742438673973, -0.019226612523198128, 0.01735687628388405, 0.056936267763376236, 0.0011870088055729866, 0.013439434580504894, 0.0020934275817126036, -0.007074304390698671, 0.016589703038334846, 0.0054175155237317085, -0.018197307363152504, 0.004503293428570032, 0.008529136888682842, -0.03026595525443554, 0.028359487652778625, -0.011412175372242928, -0.03855136036872864, -0.004780153278261423, 0.025067996233701706, -0.05477391555905342, 0.03779853507876396, -0.004116395954042673, 0.03270108997821808, -0.03472106531262398, -0.012411844916641712, -0.003604590194299817, -0.038491953164339066, 7.26003127056174e-05, 0.007054492831230164, 0.04102644696831703, -0.01219901256263256, -0.06779243797063828, 0.0014776568859815598, -0.057785868644714355, -0.019742203876376152, -0.039138276129961014, 0.030410705134272575, 0.021698126569390297, 0.0032351864501833916, -0.02114545740187168, -0.012972447089850903, -0.03502274304628372, -0.02393534407019615, -0.04027425870299339, -0.0406782291829586, 0.036636047065258026, 0.029311370104551315, 0.004400654695928097, 0.007258952129632235, -0.023129550740122795, -0.023169061169028282, 0.005992342717945576, 0.012445393949747086, 0.01992947980761528, -0.03623552620410919, 0.022915637120604515, 0.006343665532767773, -0.011662699282169342, 0.04318010061979294, 0.06474412977695465, 0.022225037217140198, -0.00521516241133213, 0.0061098672449588776, 0.005493114702403545, 0.0016754271928220987, -0.016519958153367043, 0.02882564254105091, -0.06265950202941895, -0.025877391919493675, 0.0024462027940899134, 0.041595347225666046, -0.010557124391198158, -0.03805213049054146, 0.01589050330221653, -0.015705350786447525, 0.05049201473593712, -0.051598090678453445, 0.03905787691473961, 0.05527210608124733, 0.0260233823210001, 0.011830218136310577, 0.04474165663123131, 0.031558796763420105, 0.01892434060573578, -0.027777545154094696, 0.022577675059437752, 0.07501780241727829, 0.0619485005736351, -0.03968208655714989, -0.04502616077661514, 0.02767287753522396, -0.0508093386888504, -0.029149062931537628, -0.004384899046272039, -0.03257894515991211, -0.009177087806165218, -0.05084773898124695, -0.021493257954716682, -0.016081852838397026, 0.073313407599926, -0.056353069841861725, 0.049397680908441544, 0.012001300230622292, 0.0061785499565303326, 0.01164849940687418, -0.05728011950850487, 0.008489765226840973, -0.07663435488939285, 0.024342933669686317, -0.05560331791639328, -0.007132985629141331, -0.03421872854232788, 0.021343989297747612, -0.01570732705295086, 0.007378009147942066, 0.016311468556523323, -0.027307188138365746, 0.016667842864990234, -0.011603920720517635, -0.01690639741718769, -0.012729945592582226, -0.013899632729589939, -0.010260027833282948, 0.013340335339307785, 0.021691353991627693, -0.022961121052503586, -0.04710105061531067, 0.03330489993095398, -0.0014585342723876238, 0.019221238791942596, -0.03652577847242355, 0.05212226137518883, 0.021202800795435905, -0.0016260502161458135, -0.009051577188074589, -0.0025692617055028677, 0.01394976582378149, 0.03168715536594391, 0.031229350715875626, 0.036444712430238724, 0.006574050989001989, 0.014471210539340973, -0.011078443378210068, -0.021594947203993797, -0.018902670592069626, 0.025751110166311264, -0.033239856362342834, 0.04628141596913338, -0.049492113292217255, -0.012823029421269894, 0.04727655649185181, 0.011089760810136795, 0.03323245421051979, -0.055794574320316315, 0.008065856993198395, -0.030883539468050003, 0.0014130749041214585, 0.015923574566841125, -0.015731237828731537, 0.00528231356292963, 0.029517250135540962, -0.006791349966078997, -0.006890281103551388, 0.002185986377298832, 0.016169968992471695, -0.015066783875226974, 0.026927923783659935, -0.0058982777409255505, -0.053155966103076935, -0.010667103342711926, -0.00764548359438777, -0.01393869984894991, 0.021263709291815758, 0.02872094139456749, -0.009867013432085514, 0.02156730182468891, -0.03486054390668869, -0.030999483540654182, -0.025970010086894035, -0.01017745677381754, -0.007207200862467289, -0.031917769461870193, -0.020028332248330116, -0.010763738304376602, -0.05860206112265587, 0.01366867683827877, -0.005810533184558153, -0.013830889947712421, -0.012449712492525578, -0.021851105615496635, -0.015008311718702316, 0.00228680158033967, -0.014792135916650295, 0.00861304346472025, 0.004683338571339846, -0.0011367332190275192, -0.0005114685045555234]",
15_1_0_errors_next_prerender_current_time_mdx_section_4_code_2,code_snippet,15_1_0_errors_next_prerender_current_time_mdx_section_4,Cacheable use cases - code_2,,"{'programming_language': 'jsx', 'filename': 'app/page.js', 'switcher': False}",15.1.0,,"async function InformationTable() {
  ""use cache""
  const data = await fetch(...)
  return (
    <>
      <section>
        <h1>Latest Info...</h1>
        <table>{renderData(data)}</table>
      </section>
      Last Refresh: {new Date().toString()}
    </>
  )
}

export default async function Page() {
  return (
    <main>
      <InformationTable />
    </main>
  )
}
","[(np.int64(5), np.float64(0.07538703083992004)), (np.int64(7), np.float64(0.07741428911685944)), (np.int64(64), np.float64(0.08436857908964157)), (np.int64(425), np.float64(0.24043267965316772)), (np.int64(1647), np.float64(0.12406497448682785)), (np.int64(4027), np.float64(0.20528654754161835)), (np.int64(22469), np.float64(0.28152281045913696)), (np.int64(28175), np.float64(0.23501528799533844))]",,"[0.03424381837248802, -0.013041961006820202, -0.009629929438233376, 0.034346096217632294, -0.015720563009381294, -0.026067867875099182, 0.02604125253856182, 0.03760312870144844, -0.018131570890545845, 0.014139379374682903, -0.013046973384916782, 0.0250537246465683, -0.016619840636849403, 0.04642978683114052, 0.01868715137243271, 0.05539829283952713, -0.03316414728760719, 0.023897001519799232, 0.0030497671104967594, 0.02207399718463421, -0.002934074494987726, 0.01736481487751007, 0.032818231731653214, -0.0016815288690850139, 0.024123888462781906, 0.0005885505233891308, 0.028258468955755234, -0.011899799108505249, 0.005174397025257349, 0.03791714832186699, 0.0390750877559185, 0.00835609994828701, -0.017411353066563606, -0.032405123114585876, -0.037634577602148056, -0.018427735194563866, -0.020116088911890984, -0.031577203422784805, -0.060058336704969406, 0.0661156177520752, -0.02212437242269516, -0.006907510105520487, -0.011716620065271854, 0.012605545111000538, 0.018515821546316147, -0.032303664833307266, 0.014801154844462872, -0.014917749911546707, -0.04112689197063446, -0.009306835010647774, 0.0051641035825014114, -0.005872455425560474, 0.0015669299755245447, 1.708750096440781e-05, 0.001624543685466051, 0.02517927624285221, -0.012645117938518524, -0.02563595585525036, -0.043886199593544006, 0.01615283638238907, -0.014216440729796886, 0.005944458767771721, -0.030864009633660316, -0.0162569060921669, 0.012605506926774979, 0.04200243577361107, 0.0399957001209259, 0.02523547224700451, -0.008197491988539696, -0.03447515890002251, -0.017563508823513985, 0.07262812554836273, -0.04572879150509834, -0.03316947817802429, -0.03342263028025627, 0.02401609718799591, 0.07585194706916809, -0.03667324781417847, 0.04704415053129196, -0.02628733403980732, -0.010397877544164658, -0.018822474405169487, 0.013466091826558113, 0.017459474503993988, 0.008561109192669392, -0.017103563994169235, -0.02976994216442108, 0.07253910601139069, -0.03179185837507248, 0.02294885367155075, -0.030654603615403175, -0.0259770005941391, 0.04846109822392464, -0.02833736129105091, 0.006201981101185083, -0.04673406481742859, 0.01705542393028736, 0.01816035993397236, 0.09149067848920822, -0.00554381450638175, 0.04932362958788872, -0.0521758496761322, -2.9564245778601617e-05, -0.002249391982331872, 0.06925135850906372, -0.009845616295933723, -0.03464345633983612, -0.015065178275108337, -0.037138428539037704, -0.003477253718301654, 0.025265442207455635, 0.0029686070047318935, 0.022626543417572975, 0.033475205302238464, 0.03820628300309181, -0.028305061161518097, 0.003733002580702305, 0.006179440300911665, 0.03610684722661972, 0.021242927759885788, 0.012756036594510078, 0.008153959177434444, 0.027117302641272545, 0.008781767450273037, -0.009370950050652027, -0.021772000938653946, 0.001584382844157517, 0.012809064239263535, 0.014982014894485474, 0.06287702172994614, 0.008133291266858578, 0.031569045037031174, -0.0011773136211559176, -0.04594624787569046, -0.04647330194711685, -0.0013169482117518783, -0.0038698450662195683, 0.010136818513274193, -0.0015535193961113691, -0.07524404674768448, 0.006262633018195629, 0.01732286438345909, -0.08326151221990585, -0.019734296947717667, 0.00943025853484869, -0.06095610558986664, 0.05396915599703789, 0.01802520640194416, -0.014829181134700775, 0.02963627316057682, -0.056749872863292694, 0.007458054926246405, -0.023484092205762863, -0.01919367164373398, 0.0007191121694631875, -0.022630035877227783, 0.016112739220261574, 0.022194435819983482, -0.026170676574110985, -0.0007930604624561965, 0.008623595349490643, 0.03562691807746887, -0.0551261268556118, 0.031362731009721756, 0.01594618521630764, 0.02046601101756096, 0.05020187422633171, -0.029546892270445824, -0.03322692960500717, -0.06087661534547806, 0.03166351467370987, -0.015673376619815826, 0.04447934404015541, 0.017332805320620537, 0.0040903170593082905, 0.017668290063738823, 0.07447360455989838, 0.023012913763523102, -0.009078429080545902, -0.030972138047218323, -0.023594388738274574, 0.02362058311700821, -0.034368593245744705, -0.023790499195456505, -0.020197993144392967, 0.03470657765865326, -0.0011863474501296878, 0.020487690344452858, -0.02305135689675808, 0.00458013080060482, -0.030767817050218582, -0.0031714807264506817, 0.06092336028814316, 0.05572181195020676, -0.021423231810331345, -0.01109431404620409, 0.0013132905587553978, -0.004725297447293997, 0.036340370774269104, 0.014700829051434994, 0.05108923837542534, 0.05485856905579567, -0.027046222239732742, 0.012557669542729855, -0.00742978323251009, 0.01372311171144247, 0.03749909996986389, -0.036432936787605286, 0.0212978795170784, -0.006406801752746105, -0.030034221708774567, 0.009768210351467133, -0.025139372795820236, -0.01559720654040575, -0.041608091443777084, 0.011210158467292786, 0.003627245780080557, 0.04426957294344902, -0.01664894074201584, -0.02663409151136875, -0.013752608560025692, 0.05299156531691551, -0.030193664133548737, 0.007190474309027195, -0.0036286204122006893, 0.015850752592086792, 0.019913604483008385, 0.024954261258244514, 0.030673278495669365, -0.009315927512943745, 0.030060231685638428, 0.03167643025517464, 0.04660788178443909, -0.008532650768756866, 0.024991367012262344, -0.06848406791687012, -0.027190253138542175, 0.02389702759683132, -0.014996708370745182, -0.02283327654004097, -0.04827740043401718, -0.007798495702445507, -0.03507769852876663, 0.003722486551851034, -0.012669548392295837, -0.02986474707722664, 0.03318663313984871, -0.0009606376988813281, -0.04825708270072937, -0.041221413761377335, -0.008483598940074444, 0.029925381764769554, -0.055072981864213943, 0.024083459749817848, 0.0022413546685129404, -0.02694803662598133, 0.015293965116143227, 0.028461523354053497, -0.010074304416775703, 0.011276897974312305, -0.006006294395774603, 0.05159064009785652, -0.060315582901239395, 0.020570380613207817, -0.03128571808338165, -0.016054656356573105, -0.03836134448647499, -0.028026986867189407, 0.017752479761838913, 0.028145847842097282, -0.016246970742940903, -0.01180984266102314, 0.016606740653514862, -0.016837699338793755, 0.012887999415397644, 0.0005229277885518968, -0.056322257965803146, -0.003342266893014312, 0.06549983471632004, -0.0017154439119622111, -0.021354561671614647, -0.009732364676892757, 0.044317059218883514, 0.017284726724028587, 0.045513588935136795, -0.024363312870264053, -0.011974985711276531, 0.012279325164854527, 0.024244112893939018, -0.006856654770672321, -0.01644374616444111, 0.001351180369965732, 0.06329775601625443, -0.019780857488512993, 0.01697881892323494, 0.047772880643606186, 0.007413411047309637, -0.1669740378856659, -0.005171093624085188, -0.0032969170715659857, 0.0029774082358926535, 0.01196500938385725, 0.008861234411597252, -0.005083789583295584, -0.03198244422674179, -0.025667035952210426, 0.05824146792292595, -0.02858429215848446, -0.06399112939834595, -0.0706506222486496, -0.06153644621372223, -0.00027456562384031713, -0.016140393912792206, -0.004743873607367277, -0.0022105940151959658, -0.003786002518609166, -0.03473178669810295, -0.034022700041532516, -0.024473339319229126, 0.016086062416434288, -0.021902775391936302, -0.044793352484703064, 0.010496526025235653, 0.04809526726603508, -0.03236593306064606, -0.03958361968398094, -0.05324716866016388, 0.01912611909210682, 0.027054309844970703, -0.008326416835188866, -0.004164200741797686, 0.026561889797449112, 0.018364010378718376, 0.022915301844477654, 0.0100412517786026, 0.01627594232559204, 0.01576216146349907, 0.017636382952332497, -0.003144260495901108, -0.049004361033439636, 0.055192943662405014, 0.003609743667766452, -0.011484726332128048, -0.004048199392855167, -0.0270522553473711, -0.03876405581831932, -0.03956453874707222, 0.039464276283979416, -0.03360685706138611, 0.016051968559622765, -0.014715279452502728, -0.03922757878899574, 0.0064411889761686325, 0.02655605599284172, 0.061496127396821976, -0.02242194674909115, 0.015398222021758556, -0.0035800172481685877, -0.017923548817634583, -0.014454715885221958, 0.001512923394329846, -0.03345170244574547, -0.010317367501556873, 0.05317671224474907, 0.023258287459611893, -0.017294874414801598, -0.05208972468972206, 0.07610101252794266, -0.022954629734158516, 0.00766685651615262, 0.014663184061646461, -0.009833830408751965, 0.020872177556157112, -0.07230712473392487, -0.005990475416183472, 0.03017295151948929, -0.1008056104183197, -0.007372776046395302, -0.012314887717366219, -0.014464679174125195, 0.013088410720229149, -0.023270180448889732, -0.010487925261259079, 0.025235306471586227, 0.01821119710803032, 0.00488405954092741, 0.2185291349887848, 0.0351317822933197, 0.006340985652059317, 0.010670294985175133, 0.05322522297501564, -0.032115593552589417, -0.02921449951827526, 0.024624206125736237, 0.014630161225795746, -0.022697851061820984, -0.03263859823346138, -0.020993104204535484, -0.00795745849609375, -0.00018878569244407117, -0.01056152768433094, 0.029982414096593857, -0.04326501488685608, 0.015353572554886341, 0.053137198090553284, -0.015614551492035389, 0.05265955999493599, -0.01699436455965042, -0.0020200011786073446, 0.03794141113758087, -0.04276461526751518, 0.006877481937408447, -0.007945286110043526, 0.013302735053002834, 0.008618876338005066, -0.015256203711032867, -0.024964431300759315, 0.02097761072218418, 0.02747403271496296, -0.04507024586200714, -0.02523741126060486, -0.00297917821444571, 0.011928420513868332, -0.012329100631177425, -0.029922109097242355, -0.002069793175905943, 0.01142556220293045, -0.007674242835491896, 0.041180700063705444, 0.018138175830245018, -0.04018516466021538, -0.0600227527320385, -0.012584708631038666, -0.02431405708193779, -0.0005846329731866717, -0.023328479379415512, 0.014984099194407463, -0.044811882078647614, 0.0032096432987600565, -0.007647586055099964, 0.006399774923920631, 0.004346493165940046, 0.030939973890781403, 0.007321302779018879, -0.01850132830440998, 0.044668808579444885, 0.04211550951004028, -0.0026255440898239613, -0.025223389267921448, 0.023312237113714218, -0.0496818907558918, 0.006488523446023464, -0.01968741975724697, -0.0031308927573263645, -0.010628213174641132, 0.022913634777069092, -0.0006101483013480902, 0.03614075481891632, 0.014287080615758896, -0.010365071706473827, 0.00496712839230895, -0.04229535162448883, 0.013026462867856026, 0.01827971450984478, -0.035990044474601746, 0.031022414565086365, -0.029145926237106323, -0.03979061543941498, -0.05480773374438286, 0.052850618958473206, -0.0053102378733456135, 0.02026350423693657, 0.0040740990079939365, 0.0849626287817955, -0.03381447121500969, 0.022991787642240524, -0.03190925344824791, 0.004738352727144957, -0.0535711832344532, 0.030041100457310677, -0.024526376277208328, 0.02730856090784073, 0.001000674325041473, -0.008998051285743713, -0.005881616845726967, 0.023193197324872017, -0.020099205896258354, -0.049808137118816376, 0.011105882935225964, -0.009203705936670303, 0.06542032957077026, 0.050253890454769135, 0.02040039747953415, 0.0025633377954363823, -0.006821829359978437, 0.02652764692902565, -0.038581423461437225, 0.03853100910782814, 0.01929755136370659, -0.05009803548455238, -0.02667653188109398, 0.0220989678055048, 0.015265526250004768, 0.03948962688446045, 0.022413471713662148, 0.012441025115549564, -0.04318498075008392, 0.0024892017245292664, 0.006309821270406246, -0.03181915357708931, -0.008932380937039852, -0.035724785178899765, -0.004122176673263311, -0.05101558566093445, -0.0213477723300457, 0.02335323952138424, -0.006390763912349939, -0.031377241015434265, 0.000333853968186304, 0.00882330909371376, 0.02237282507121563, -0.007558908313512802, -0.0005499102408066392, 0.016557788476347923, 0.05049677938222885, 0.034776102751493454, -0.05005931854248047, -0.012643899768590927, -0.014887132681906223, 0.04266011714935303, 0.011083951219916344, 0.05031686648726463, 0.02368449792265892, 0.04592490941286087, -0.041212812066078186, 0.018412990495562553, 0.035731542855501175, 0.03352649137377739, 0.040636274963617325, -0.027537086978554726, -0.01093265786767006, -0.025461820885539055, -0.02475142292678356, -0.02145138941705227, 0.008427456952631474, 0.005215918179601431, -0.005854257382452488, -0.004555683117359877, 0.02313116379082203, 0.0340157188475132, 0.004773575812578201, -0.007773072924464941, -0.02393292635679245, 0.003906708676367998, -0.033428583294153214, -0.004296897444874048, 0.020411401987075806, -0.0007471214630641043, -0.04873330146074295, 0.004694516770541668, -0.04365100339055061, -0.02404317632317543, -0.06835675239562988, 0.02032642811536789, -0.026752591133117676, -0.050051167607307434, -0.015089277178049088, -0.00586581090465188, -0.015379526652395725, -0.04918806627392769, 0.013307251036167145, 0.04969702661037445, -0.012687943875789642, 0.0019494204316288233, 0.030734406784176826, -0.040244027972221375, -0.022193389013409615, 0.12939471006393433, 0.04256008565425873, -0.012735439464449883, -0.0014523173449561, 0.018623199313879013, 0.061627697199583054, 0.053276531398296356, 0.013011778704822063, -0.06648850440979004, 0.0034983379300683737, 0.007362718693912029, 0.020716657862067223, 0.04061548039317131, -0.04024500772356987, 0.016764136031270027, 0.020235421136021614, 0.012721965089440346, -0.029962094500660896, 0.058013513684272766, -0.014015547931194305, 0.0110649848356843, -0.0422353558242321, -0.03165562450885773, 0.02246440201997757, -0.028173085302114487, 0.042400751262903214, 0.0656353309750557, 0.042063962668180466, -0.01716718077659607, -0.02140188030898571, -0.009150264784693718, 0.007303992751985788, -0.0033087253104895353, 0.021245652809739113, 0.02126520313322544, 0.0051119523122906685, -0.020606406033039093, -0.02586415782570839, 0.0005319009069353342, -0.015050843358039856, 0.008336354978382587, 0.07482673227787018, -0.027021966874599457, -0.004894304554909468, -0.044445283710956573, 0.01429118774831295, 0.053847599774599075, -0.004331644158810377, 0.004923085682094097, -0.03966137394309044, -0.0032966556027531624, 0.01643989235162735, 0.037778884172439575, 0.009855646640062332, -0.0005316222668625414, -0.03188936784863472, 0.01748250052332878, 0.003424716414883733, 0.03310568258166313, -0.009262580424547195, 0.0068000671453773975, 0.019437681883573532, -0.013271440751850605, 0.027767175808548927, 0.0180168766528368, 0.018389610573649406, -0.006787233054637909, -0.04211797937750816, -0.009266352280974388, 0.004070537630468607, 0.0014365665847435594, 0.01325423363596201, 0.014955522492527962, -0.0005085423472337425, -0.03700636327266693, 0.04686100035905838, -0.07266419380903244, -0.032200124114751816, -0.017649734392762184, 0.00449570594355464, 0.002759913681074977, -0.016709452494978905, -0.021026115864515305, 0.017677610740065575, 0.01252999622374773, 0.03594410419464111, -0.04456722363829613, -0.005115417763590813, -0.01930616796016693, -0.0333692692220211, -0.02582392282783985, 0.04288433492183685, -0.0035550587344914675, -0.007158398162573576, 0.028197776526212692, 0.006653591059148312, 0.011379857547581196, 0.01153924036771059, -0.057761579751968384, -0.035667698830366135, -0.014107470400631428, -0.059751011431217194, 0.006000499706715345, -0.01801249571144581, -0.020530346781015396, -0.014337766915559769, -0.007972572930157185, 0.009017347358167171, -0.0011104961158707738, 0.001963033340871334, -0.015162449330091476, -0.010249823331832886, 0.012774450704455376, -0.01528029516339302, 0.018950801342725754, 0.008699856698513031, 0.023733973503112793, 0.045378658920526505, -0.023801088333129883, -0.009745649993419647, -0.00950364675372839, 0.018052291125059128, 0.05044613033533096, 0.03226699307560921, -0.03387827426195145, 0.021925147622823715, -0.044750701636075974, 0.03482053056359291, -0.02169273979961872, -0.020230300724506378, 0.0007062274380587041, 0.0056226300075650215, 0.00543489633128047, -0.009543606080114841, 0.019907163456082344, -0.0005591475055553019, -0.041175726801157, -0.03972289338707924, -0.035938240587711334, 0.021455861628055573, -0.013095874339342117, 0.009248876012861729, -0.03902270644903183, 0.0073731751181185246, 0.04764873906970024, 0.04362953454256058, -0.006536718923598528, 0.04477918520569801, -0.0007153986371122301, -0.029596135020256042, 0.021530471742153168, 0.0850144699215889, -0.014731601811945438, -0.0025613210164010525, 0.006747995037585497, 0.04788447171449661, -0.013084367848932743, -0.006012353114783764, -0.03770797327160835, -0.02683204412460327, 0.018691860139369965, -0.010325309820473194, -0.0412418395280838, -0.012455773539841175, -0.035370439291000366, -0.01064064260572195, 0.013208067044615746, 0.04961244389414787, 0.014718007296323776, -0.004311510361731052, 0.04783327504992485, -0.03252208232879639, -0.04444809630513191, -0.005173657555133104, 0.032415732741355896, 0.033117447048425674, 0.018925584852695465, -0.02946741320192814, 0.013846799731254578, -0.006265663076192141, 0.059330277144908905, 0.002268620068207383, -0.03750341758131981, -0.012643445283174515, 0.04418902099132538, -0.04530048742890358, 0.014654799364507198, -0.033119019120931625, -0.0037933310959488153, -0.024134956300258636, -0.053998757153749466, -0.0802387222647667, -0.022675706073641777, -0.004028181079775095, -0.016683802008628845, -0.023304136469960213, -0.011198384687304497, 0.01905038394033909, -0.025642389431595802, 0.01044729445129633, -0.03823539614677429, -0.04305975139141083, 0.00830373540520668, -0.14291827380657196, 0.004946921486407518, -0.01262593176215887, -0.0010942656081169844, -0.0005776614416390657, -0.004604368004947901, -0.04708379879593849, -0.04140254855155945, 0.01877499744296074, -0.01971399411559105, -0.0077910455875098705, -0.050111476331949234, 0.00852495338767767, -0.026622282341122627, 0.01939835399389267, 0.02125585451722145, 0.0070427521131932735, -0.012528657913208008, 0.009819671511650085, 0.010534517467021942, 0.015912605449557304, -0.003330451436340809, 0.035655226558446884, 0.0008177921990863979, -0.0459844246506691, -0.007233699783682823, 0.030808666720986366, 0.006841886788606644, -0.006783744785934687, -0.021068593487143517, 0.031656891107559204, -0.029206248000264168, 0.0066147190518677235, 0.03351150080561638, 0.026368429884314537, 0.046113304793834686, 0.013314287178218365, 0.03430737182497978, 0.0007774866535328329, 0.012052307836711407, -0.04791513830423355, 0.012260752730071545, -0.023278284817934036, -0.008750425651669502, -0.010769279673695564, -0.009227174334228039, -0.003521684557199478, -0.021983813494443893, -0.020417658612132072, 0.013770132325589657, 0.05568448454141617, -0.009714021347463131, 0.01119809877127409, 0.003148585557937622, 0.01088327169418335, 0.02134193480014801, 0.006780742201954126, -0.01549672894179821, 0.0076404744759202, 0.009326810017228127, -0.028735240921378136, 0.032094843685626984, -0.012714900076389313, -0.044720083475112915, 0.006913817021995783, 0.025871384888887405, -0.05699475482106209, 0.0449286587536335, 0.005417515058070421, 0.04916062206029892, -0.037410687655210495, -0.002813307335600257, -0.015904853120446205, -0.03986923396587372, 0.00766397500410676, 0.0163726843893528, 0.03742149472236633, -0.009151292033493519, -0.040757112205028534, -0.0023249960504472256, -0.05145646631717682, -0.020994221791625023, -0.03415122255682945, 0.018744133412837982, 0.032651666551828384, 0.0035721142776310444, -0.024711396545171738, -0.0033954849932342768, -0.02295510657131672, -0.043492402881383896, -0.04165750369429588, -0.041136983782052994, 0.039555054157972336, 0.026813950389623642, -0.005731106270104647, 0.017246615141630173, -0.0029549517203122377, -0.02356327511370182, -0.002258072141557932, 0.012142411433160305, 0.017133332788944244, -0.04037410765886307, 0.020962104201316833, 0.007668955717235804, -0.0058198668994009495, 0.05229123309254646, 0.05929986760020256, 0.015508366748690605, -0.021656934171915054, 0.021956833079457283, 0.015458178706467152, 0.0025643683038651943, -0.012396816164255142, 0.013618020340800285, -0.06824637204408646, -0.029029587283730507, 0.010646617040038109, 0.034138452261686325, -0.02003946527838707, -0.04304766654968262, 0.010316203348338604, -0.0036250439006835222, 0.022119959816336632, -0.04925408586859703, 0.033903613686561584, 0.051110416650772095, 0.03431572765111923, 0.014787659980356693, 0.043685562908649445, 0.03604362905025482, 0.01091525424271822, -0.029315104708075523, 0.014260571449995041, 0.05836779624223709, 0.06376516819000244, -0.041427191346883774, -0.03861547261476517, 0.04007931053638458, -0.05643554404377937, -0.02378010004758835, -0.014014671556651592, -0.024738941341638565, -0.003994579892605543, -0.03987085074186325, -0.027980510145425797, -0.016011150553822517, 0.06460514664649963, -0.05448044091463089, 0.04784552380442619, 0.010224204510450363, -0.0036064733285456896, 0.003793437499552965, -0.050173111259937286, 0.007857263088226318, -0.07824032008647919, 0.029561953619122505, -0.050777617841959, 0.006477823480963707, -0.04167599976062775, 0.02187815122306347, -0.010911747813224792, -0.0022089944686740637, 0.030425474047660828, -0.03081170655786991, 0.026655588299036026, -0.019048430025577545, -0.016759224236011505, -0.013174441643059254, -0.003853915724903345, -0.009749820455908775, 0.00784772913902998, 0.01972072571516037, -0.02000979706645012, -0.0341755710542202, 0.03306720033288002, -0.01345606055110693, 0.019934793934226036, -0.018238844349980354, 0.04174875095486641, 0.010440817102789879, 0.0016618173103779554, -0.0192110538482666, 0.0004933027666993439, 0.011510881595313549, 0.03331538289785385, 0.03125599026679993, 0.027099380269646645, 0.015119156800210476, 0.013223405927419662, -0.014965861104428768, -0.029809627681970596, -0.01274464838206768, 0.02007455565035343, -0.037957899272441864, 0.05034077540040016, -0.04969876632094383, -0.01896170899271965, 0.049957599490880966, 0.009453986771404743, 0.03669847175478935, -0.05842733755707741, 0.007232306525111198, -0.023289911448955536, -0.0010486799292266369, 0.015108775347471237, -0.02470184862613678, -0.013516275212168694, 0.03429058939218521, -0.002368575893342495, 0.004462558310478926, -0.001384542090818286, 0.01901051215827465, -0.013273762539029121, 0.02450241521000862, -0.014909171499311924, -0.055801890790462494, -0.023597680032253265, -0.009386228397488594, -0.012193652801215649, 0.021621182560920715, 0.03329953923821449, -0.011004172265529633, 0.027120284736156464, -0.04660266637802124, -0.027562681585550308, -0.018964149057865143, -0.010513081215322018, 0.009222744032740593, -0.028328603133559227, -0.010576189495623112, 0.000563488807529211, -0.04706329107284546, 0.015919983386993408, -0.005425815470516682, -0.02619381621479988, -0.00927908718585968, -0.02599162794649601, -0.0187920443713665, -0.005962910130620003, 0.0028429394587874413, 0.0012664740206673741, 0.00678258528932929, 0.017000209540128708, -0.00018655166786629707]",
15_1_0_errors_next_prerender_current_time_mdx_section_5,section,15_1_0_errors_next_prerender_current_time_mdx,"Cannot infer intended usage of current time with `Date.now()`, `Date()`, or `new Date()` - Reactive use case",,{},15.1.0,"If you want the current time to change and be reactive, consider moving this usage to a Client Component. Note that Server Side Rendering timestamps in a Client Component is also considered ambiguous so to implement this properly Next.js needs you to only read the time in the browser, for instance by using `` or ``.
Before:
After:
",,"[(np.int64(4), np.float64(0.04712428152561188)), (np.int64(16), np.float64(0.000758044421672821)), (np.int64(132), np.float64(0.023545727133750916)), (np.int64(678), np.float64(0.025557205080986023)), (np.int64(853), np.float64(0.14028775691986084)), (np.int64(1733), np.float64(0.20650599896907806)), (np.int64(4171), np.float64(0.031671687960624695)), (np.int64(4527), np.float64(0.16489948332309723)), (np.int64(7225), np.float64(0.1757199764251709)), (np.int64(10869), np.float64(0.11207662522792816)), (np.int64(25512), np.float64(0.209102064371109)), (np.int64(35613), np.float64(0.22671519219875336)), (np.int64(43581), np.float64(0.18995168805122375)), (np.int64(53498), np.float64(0.27620160579681396)), (np.int64(54936), np.float64(0.1647229939699173)), (np.int64(71232), np.float64(0.2611621618270874)), (np.int64(86291), np.float64(0.19181716442108154)), (np.int64(127689), np.float64(0.19186025857925415)), (np.int64(179140), np.float64(0.24301519989967346))]","[-0.026210449635982513, 0.014054371975362301, -0.002640223130583763, 0.03657286986708641, -0.019653581082820892, -0.03986252099275589, -0.011397537775337696, 0.0034747475292533636, -0.0008079783874563873, 0.0028865612111985683, 0.022394634783267975, -0.008470623753964901, -0.01570540852844715, -0.010139193385839462, -0.014096935279667377, 0.045050088316202164, 0.010225016623735428, 0.03361773118376732, 0.029973719269037247, -0.007135269697755575, -0.014994663186371326, -0.03205079585313797, -0.030943291261792183, 0.022131385281682014, 0.021527742967009544, 0.018447618931531906, -0.030965790152549744, 0.006971561815589666, 0.046858593821525574, 0.09877543896436691, 0.026599319651722908, -0.023429185152053833, 0.0237894207239151, -0.005868729669600725, -0.018345579504966736, -0.019923824816942215, -0.006345569621771574, -0.015875114127993584, -0.03180825337767601, 0.006984117906540632, -0.00759526202455163, -0.017273373901844025, 0.0014622729504480958, 0.007400556467473507, 0.01187106128782034, -0.023856516927480698, 0.014687751419842243, -0.012281214818358421, 0.02789095602929592, -0.04670592397451401, -0.03834160789847374, 0.02832466922700405, 0.04546094685792923, -0.026645993813872337, 0.004530915059149265, 0.025145141407847404, 0.010332376696169376, -0.06066020950675011, -0.025732342153787613, 0.009307974949479103, -0.04243634268641472, -0.03186918795108795, -0.013739787973463535, 0.02117941342294216, -0.013076548464596272, 0.04146025329828262, 0.00938839465379715, 0.018391519784927368, -0.041546158492565155, -0.03570893779397011, 0.0036023231223225594, 0.023305321112275124, -0.04026687517762184, -0.02463490515947342, -0.01214716024696827, 0.015634510666131973, 0.0108318030834198, -0.015094468370079994, -0.023378610610961914, 0.0026477761566638947, 0.0034319409169256687, -0.01090044155716896, 0.04901357740163803, -0.0038243357557803392, 0.03638805076479912, 0.06003192439675331, -0.022514116019010544, 0.02771378867328167, -0.00483706034719944, -0.012915784493088722, 0.014591822400689125, -0.030184395611286163, 0.02184109576046467, -0.014231311157345772, 0.003901347052305937, -0.018681969493627548, -0.015628192573785782, -0.0027011060155928135, 0.07380855828523636, -0.02644897624850273, 0.012201379053294659, -0.05799402296543121, 0.0013531309086829424, -0.0059492457658052444, -0.002657274715602398, 0.050433624535799026, 0.05081015080213547, 0.024507934227585793, 0.016645925119519234, -0.01983235962688923, 0.006353059783577919, 0.03368892893195152, 0.03529834374785423, 0.03845174238085747, 0.0098269609734416, 0.003318995935842395, -0.005038417875766754, -0.02267892099916935, -0.008942440152168274, -0.041510771960020065, -0.007336900103837252, 0.020399542525410652, 0.03941432386636734, -0.00856074783951044, 0.012030122801661491, 0.007700957823544741, -0.025121847167611122, 0.037967246025800705, -0.04304793104529381, 0.03793209046125412, 0.025124462321400642, 0.064249686896801, 0.02485683374106884, 0.004314580466598272, -0.06612177938222885, 0.026124542579054832, -0.018486926332116127, 0.02599160745739937, 0.0149839511141181, -0.04756782576441765, 0.03867284953594208, -0.0017568703042343259, -0.03888140618801117, -0.009114173240959644, 0.04175925627350807, -0.004393627401441336, 0.017723537981510162, 0.02605404704809189, -5.007711297366768e-05, -0.030571268871426582, -0.010071189142763615, 0.023757601156830788, 0.027041859924793243, -0.05364861711859703, -0.010686010122299194, 0.01949526183307171, -0.004686816595494747, 0.05129367485642433, -0.016902174800634384, 0.016112975776195526, -0.019276024773716927, -0.006910013034939766, -0.057216282933950424, 0.05500349774956703, 0.030182499438524246, 0.009474705904722214, -0.004677692893892527, -0.015617383643984795, -0.02532491274178028, -0.007370790466666222, -0.005381906405091286, 0.015328468754887581, 0.035576675087213516, 0.01806609518826008, 0.011014366522431374, 0.04302408918738365, 0.05007672682404518, 0.030616089701652527, -0.028985824435949326, -0.009797686710953712, -0.0412200465798378, 0.009737192653119564, 0.011489121243357658, -0.009183507412672043, -0.026647035032510757, 0.020688433200120926, -0.036167070269584656, -0.027370931580662727, -0.005407762713730335, 0.01354285329580307, -0.028811952099204063, -0.02106265164911747, 0.028134744614362717, -0.00953893642872572, 0.054307788610458374, -0.0459553562104702, 0.04974878579378128, -0.02789193019270897, 0.01859407313168049, 0.002054930664598942, -0.018864678218960762, 0.01604810729622841, -0.007841399870812893, 0.021296409890055656, -0.06188608333468437, 0.0022051206324249506, -0.03552745655179024, -0.020974552258849144, 0.030175872147083282, -0.03291526436805725, 0.014929934404790401, 0.007389047183096409, 0.020890960469841957, 0.0020347009412944317, -0.052217062562704086, 0.06271953880786896, -0.01268121600151062, 0.055179622024297714, 0.019888564944267273, -0.03700248897075653, 0.037078965455293655, 0.03502936661243439, -0.013583517633378506, -0.05500711128115654, -0.02755984663963318, -0.0017031137831509113, 0.022668300196528435, 0.036166880279779434, 0.009127953089773655, -0.004903236869722605, 0.016218198463320732, -0.005616949405521154, 0.029823780059814453, -0.02256084606051445, 0.019872723147273064, -0.06315846741199493, -0.03385617583990097, 0.018067022785544395, -0.007666379678994417, 0.03994881361722946, -0.0032548331655561924, -0.019103869795799255, 0.0633891224861145, 0.029182879254221916, -0.01203770749270916, -0.015698706731200218, 0.004873944446444511, 0.02298589050769806, -0.03544461727142334, 0.009979845024645329, 0.011460631154477596, 0.0019014384597539902, -0.022367872297763824, 0.006254293490201235, -0.01350640133023262, -0.013821853324770927, 0.012363218702375889, -0.0022279408294707537, -0.007274065166711807, -0.018672959879040718, 0.01549284067004919, 0.06364364922046661, -0.006300134118646383, 0.022320274263620377, 0.04360834136605263, -0.012711837887763977, -0.025120344012975693, -0.02063361555337906, 0.01467584166675806, 0.018670029938220978, 0.0015250149881467223, -0.009752379730343819, 0.022044677287340164, -0.025342732667922974, -0.01158842258155346, 0.09580226242542267, -0.028485596179962158, 0.002037466736510396, 0.09122215956449509, 0.025185108184814453, -0.0030899939592927694, 0.02913937345147133, 0.05375382676720619, 0.009432387538254261, 0.04879625886678696, -0.05994008108973503, 0.0025761849246919155, 0.029495488852262497, 0.006163131911307573, -0.01614111289381981, 0.00010986791312461719, 0.01001757476478815, 0.06039757654070854, -0.046664200723171234, -0.013182494789361954, -0.009945045225322247, -0.005190580151975155, -0.14299805462360382, -0.01738608442246914, 0.009141995571553707, 0.003052004147320986, -0.0016463270876556635, 0.03814803063869476, -0.04453849419951439, -0.015244153328239918, 0.012438688427209854, 0.07000314444303513, -0.005852378439158201, -0.061767566949129105, 0.010393312200903893, -0.03632824495434761, -0.001207450870424509, -0.006094109266996384, -0.020543374121189117, -0.0420348197221756, -0.0027094322722405195, -0.04048551246523857, -0.015145538374781609, -0.034481462091207504, 0.025263644754886627, -0.021529925987124443, -0.017423303797841072, -0.02147788740694523, 0.022856127470731735, 0.0468408465385437, -0.037925511598587036, -0.0007908199913799763, 0.005076136440038681, 0.02123425528407097, 0.015364396385848522, -0.005363367032259703, -0.006642067804932594, 0.023287681862711906, 0.022412048652768135, 0.026214074343442917, -0.019091276451945305, -0.02771974727511406, 0.03951088711619377, 0.04122105613350868, -0.021253421902656555, -0.027872027829289436, 0.041514698415994644, -0.056995321065187454, -0.01648917980492115, -0.02399548701941967, -0.00496336305513978, -0.0324716679751873, 0.0315135195851326, -0.021374734118580818, -0.05062948167324066, 0.005781035870313644, -0.048536818474531174, 0.003479636274278164, 0.000170234648976475, 0.022946933284401894, -0.0202165599912405, 0.023233162239193916, -0.02133760415017605, -0.01732885092496872, 0.02141657844185829, -0.01795949600636959, -0.056086890399456024, 0.03550843894481659, 0.02556375041604042, -0.021736934781074524, 0.04860832914710045, -0.04095006734132767, 0.022301500663161278, 0.011765293776988983, 0.04523139446973801, -0.02598138526082039, -0.021233271807432175, 0.04885434731841087, -0.013354449532926083, -0.017718840390443802, 0.0194074846804142, -0.05311843380331993, 0.001274287118576467, 0.007483505643904209, -0.02379373088479042, 0.043198343366384506, -0.03755698725581169, 0.00927040446549654, 0.012559017166495323, 0.00876680575311184, 0.04443277418613434, 0.23147056996822357, 0.06167536973953247, -0.014258057810366154, 0.013889004476368427, 0.041691362857818604, -0.011451959609985352, 0.003973174840211868, 0.0237860269844532, 0.03847069665789604, -0.032088398933410645, -0.004064350388944149, 0.01015731692314148, -0.02604985609650612, -0.01389855332672596, 0.007767607923597097, 0.028713181614875793, -0.06542685627937317, 0.037088144570589066, 0.054275091737508774, -0.025481726974248886, 0.04017896205186844, -0.011799647472798824, 0.027333613485097885, -0.011704115197062492, -0.08934331685304642, 0.049439433962106705, -0.007090299855917692, 0.009864235296845436, -0.025955930352211, 0.022924616932868958, -0.028319092467427254, 0.04523046314716339, 0.018265916034579277, -0.04359183833003044, 0.0010123144602403045, -0.041362836956977844, 0.03637011721730232, -0.003957713488489389, -0.0072354841977357864, 0.021159742027521133, -0.044024065136909485, -0.003218900877982378, 0.009458486922085285, 0.010291583836078644, -0.0047322725877165794, -0.03585098311305046, 0.014602653682231903, -0.006149995140731335, -0.03859230503439903, -0.00946109276264906, 0.010489408858120441, -0.011995489709079266, 0.009607738815248013, 0.003976248670369387, 0.028492486104369164, -0.03052610345184803, -0.0002879202365875244, 0.012616834603250027, 0.015543224290013313, 0.03971854969859123, -0.0353921502828598, 5.727056850446388e-05, -0.0187237411737442, 0.02282962203025818, -0.0020929519087076187, 0.023485828191041946, 0.0361260287463665, -0.03958810493350029, 0.005727489944547415, 0.0008049047319218516, -0.021651552990078926, -0.015716182067990303, -0.011739369481801987, -0.015167687088251114, -0.007943286560475826, 0.0014500656398013234, -0.018850455060601234, 0.018188592046499252, -0.03324578329920769, 0.05470375344157219, -0.010338615626096725, 0.008377885445952415, 0.0007366192294284701, 0.004021951463073492, 0.01405272539705038, -0.037469688802957535, -0.016745716333389282, 0.07275722920894623, -0.03709228336811066, 0.009036744944751263, -0.04744019731879234, 0.014444989152252674, -0.023623719811439514, 0.029085779562592506, -0.025196511298418045, 0.004438788630068302, 0.0524485744535923, -0.027075834572315216, -0.040913403034210205, 0.05204281210899353, -0.019473280757665634, -0.004510572180151939, 0.0032084635458886623, -0.050692975521087646, 0.060974519699811935, -0.061240486800670624, 0.027933944016695023, -0.02644515410065651, -0.0003882373566739261, 0.03897727280855179, -0.07071329653263092, -0.008436468429863453, -0.00960752833634615, -0.03034823387861252, -0.004541399888694286, 0.06177101284265518, 0.012039072811603546, 0.03340582922101021, 0.0035157729871571064, 0.025222867727279663, -0.0007535581826232374, 0.011485476978123188, 0.03617488220334053, -0.035505443811416626, -0.03628622740507126, -0.026629529893398285, -0.014438413083553314, -0.03300584852695465, -0.02471127361059189, 0.018660321831703186, 0.021416110917925835, -0.02359367161989212, -0.06823040544986725, -0.011059039272367954, 0.010473036207258701, -0.031203750520944595, 0.002387410029768944, 0.008744025602936745, 0.025174498558044434, 0.041174810379743576, -0.03886884078383446, -0.03593388572335243, -0.014784229919314384, 0.004453922621905804, 0.0302193034440279, 0.043971072882413864, -0.016844140365719795, 0.00434941565617919, -0.018952200189232826, 0.05089395493268967, 0.04520383104681969, 0.06899569928646088, -0.009094526059925556, -0.0341598205268383, -0.03200085088610649, -0.057466499507427216, -0.016085214912891388, 0.027539227157831192, -0.009059100411832333, -0.015727553516626358, 0.007278564851731062, 0.026663392782211304, 0.011822566390037537, 0.043335605412721634, 0.027417590841650963, -0.018070697784423828, -0.014044898562133312, 0.03858001530170441, -0.010481041856110096, -0.014100507833063602, -0.03529063239693642, -0.035173580050468445, 0.0059746126644313335, 0.018389170989394188, -0.03265127167105675, 0.013176200911402702, -0.06352134793996811, 0.03657910227775574, 0.003681380534544587, -0.05440447852015495, 0.0016283837612718344, -0.012989962473511696, -0.02746339701116085, -0.046791382133960724, 0.024708084762096405, -0.020299920812249184, -0.02054452709853649, -0.023017311468720436, 0.00843511801213026, -0.028697500005364418, -0.010118112899363041, 0.12266142666339874, -0.006239740643650293, -0.022735105827450752, 0.06694284081459045, 0.0028624164406210184, 0.1313532143831253, 0.004772410728037357, -0.010597716085612774, -0.05117382854223251, -0.04248978570103645, 0.03722405061125755, -0.012529500760138035, 0.03832195699214935, -0.02998865209519863, -0.028813030570745468, -0.02723686955869198, -0.023748140782117844, -0.04492662847042084, 0.059679798781871796, 0.027080781757831573, -0.0015519692096859217, -0.03495476022362709, 0.01218130998313427, 0.03599494323134422, -0.01500809844583273, 0.05084111914038658, 0.025366267189383507, 0.016812529414892197, 0.04127195104956627, -0.03961624950170517, -0.022004757076501846, 0.010874355211853981, -0.03230255842208862, -0.011262018233537674, -0.01163004245609045, 0.009829817339777946, -0.03473922982811928, 0.013671078719198704, 0.005040805321186781, -0.012060838751494884, 0.05006900802254677, 0.008499305695295334, -0.008840462192893028, 0.0005361780058592558, -0.029476448893547058, -0.0005255318828858435, 0.02315317653119564, -0.033830661326646805, -0.057958588004112244, 0.024138055741786957, 0.018884625285863876, 0.06866910308599472, 0.024299779906868935, 0.02974860928952694, -0.032847121357917786, -0.047134146094322205, 0.00882197730243206, 0.015591522678732872, 0.026222707703709602, -0.019246738404035568, -0.00038364308420568705, 0.008002162910997868, 0.01930336281657219, 0.0329076386988163, 0.0033966596238315105, -0.0015234295278787613, 0.012359565123915672, -0.026707740500569344, -0.07113040238618851, -0.005978050641715527, -0.00902449432760477, -0.0069579919800162315, -0.04004682973027229, -0.01372665073722601, -0.007629470434039831, 0.04859280586242676, -0.061586856842041016, -0.030916236340999603, -0.08175633102655411, 0.008997046388685703, -0.004067115485668182, -0.006635647267103195, -0.06485582888126373, -0.014659509994089603, -0.02289821021258831, -0.028392314910888672, 0.015015696175396442, 0.0009197120671160519, 0.0013914398150518537, -0.041646793484687805, 0.017666516825556755, 0.03771710395812988, 0.037967242300510406, -0.04786977171897888, 0.00419615488499403, 0.05332751199603081, -0.013774995692074299, 0.0019849336240440607, -0.0731310024857521, 0.01349864061921835, -0.0019756127148866653, -0.04943377152085304, 0.03280475363135338, -0.03501851111650467, -0.015150384977459908, 0.0006131768459454179, 0.02335662581026554, 0.001151236821897328, 0.011022130958735943, -0.00991018582135439, -0.0292362067848444, 0.002591971540823579, -0.04039313644170761, -0.02488234080374241, 0.03580901771783829, -0.01834259368479252, -0.0006458158022724092, 0.043867845088243484, -0.017150884494185448, -0.025073468685150146, -0.06342507898807526, 0.023031072691082954, -0.005224719177931547, 0.03079884499311447, -0.011137174442410469, 0.017904862761497498, -0.05050462856888771, -0.0007402278715744615, -0.01181530300527811, 0.012191793881356716, -0.00440565450116992, -0.02106219343841076, 0.006529242731630802, -0.03353068605065346, 0.038107980042696, 0.03459370508790016, -0.02414471097290516, -0.030072547495365143, -0.012232462875545025, -0.02481105737388134, -0.03326878696680069, 0.0033221531193703413, -0.03327586501836777, -0.030146081000566483, -0.03376142308115959, 0.0304460059851408, -0.032149773091077805, 0.0409490168094635, 0.014873119071125984, -0.024652112275362015, -0.04754195362329483, 0.01395304873585701, -0.009607979096472263, -0.03532175347208977, 0.0015871499199420214, -0.019712278619408607, -0.013179155997931957, 0.0022118703927844763, -0.02168068289756775, 0.014260645024478436, 0.0063113742507994175, -0.0008255743887275457, -0.028192853555083275, -0.009313792921602726, -0.007412053644657135, -0.001472974312491715, 0.031161291524767876, 0.028961557894945145, 0.019824959337711334, -0.029034052044153214, 0.022309409454464912, -0.009478134103119373, -0.04836338758468628, -0.009743317030370235, 0.0263906829059124, -0.0012896633706986904, -0.03637620061635971, 0.024967163801193237, -0.01184235792607069, -0.0080911535769701, 0.02118830382823944, 0.06161457300186157, 0.012590568512678146, 0.013786662369966507, 0.01753460057079792, -0.011935212649405003, 0.028195451945066452, 0.01780598983168602, 0.04235781356692314, -0.00789138674736023, -0.032179299741983414, -0.00688904570415616, -0.0264298003166914, -0.03298818692564964, -0.028546899557113647, -0.0005961472634226084, -0.040029704570770264, 0.02583554945886135, 0.01645756885409355, -0.04322598874568939, 0.009493241086602211, -0.008839738555252552, -0.005277987569570541, -0.14759236574172974, 0.03960319980978966, -0.03218773007392883, 0.00842997431755066, -0.016718072816729546, 0.009963885881006718, -0.008275839500129223, -0.030558058992028236, -0.0037393318489193916, -0.026463232934474945, -0.030412795022130013, -0.06001871079206467, 0.021562879905104637, -0.025170784443616867, 0.02178839035332203, 0.024362090975046158, -0.008127087727189064, -0.033263277262449265, -0.02245023101568222, 0.03134721890091896, 0.01065470278263092, -0.01820836216211319, 0.012101816013455391, 0.008477365598082542, 0.026659158989787102, 0.0018262519733980298, 0.001542435958981514, 0.022761346772313118, -0.016631335020065308, -0.029510125517845154, 0.004091158974915743, -0.027845796197652817, 0.01625784859061241, 0.0004747816710732877, 0.03248163312673569, -0.005547896958887577, 0.011035989038646221, 0.01749878190457821, -0.014002836309373379, 0.019759327173233032, 0.01483114156872034, 0.0173164214938879, -0.014311465434730053, -0.005892626009881496, 0.016468826681375504, 0.03309642896056175, -0.0043234508484601974, -0.013963364064693451, -0.018381541594862938, -0.015663834288716316, 0.0029324162751436234, 0.03928152844309807, 0.010367235168814659, 0.0015144431963562965, -0.03387625515460968, 0.010225708596408367, -0.029269320890307426, 0.001579310279339552, -0.0625363364815712, 0.027657439932227135, -0.008829883299767971, -0.002163292607292533, -0.021810386329889297, -0.059245362877845764, -0.02438226155936718, 0.05952778831124306, -0.08346718549728394, 0.012284879572689533, -0.014705157838761806, 0.0015638266922906041, -0.03835117071866989, -0.06275234371423721, -0.027310248464345932, 0.0005922705749981105, 0.011046676896512508, 0.026374736800789833, -0.006556046660989523, 0.01628742180764675, -0.05608166754245758, 0.01634305529296398, -0.05054797977209091, -0.012868636287748814, -0.03103773109614849, 0.021135712042450905, 0.024100352078676224, -0.011955350637435913, 0.009245369583368301, -0.01993204653263092, -0.05752863362431526, -0.01897839643061161, -0.019490834325551987, -0.019753575325012207, -0.018383275717496872, 0.05533687397837639, 0.029262125492095947, 0.019452787935733795, -0.01259841863065958, 0.019635064527392387, -0.002479505492374301, -0.004885014146566391, -0.004880936816334724, -0.030727621167898178, 0.013054821640253067, 0.005409129895269871, -0.02858865074813366, 0.009420530870556831, 0.05722424387931824, 0.02699226886034012, -0.019863925874233246, -0.008157921954989433, 0.000676175463013351, 0.0036002739798277617, -0.022455768659710884, -0.04014028236269951, -0.08045725524425507, -0.018233666196465492, 0.012005473487079144, -0.014466649852693081, 0.015121469274163246, 0.02143360674381256, -0.004142644349485636, 0.00037226147833280265, -0.03210103511810303, -0.04053838923573494, 0.019463831558823586, 0.04630712419748306, 0.042085595428943634, 0.03086518682539463, 0.03909352421760559, -0.014019804075360298, -0.018821414560079575, -0.004727809224277735, 0.0032783045899122953, 0.04108654707670212, 0.038624584674835205, 0.02662787400186062, -0.0164993554353714, 0.037949129939079285, -0.057226166129112244, -0.009786730632185936, -0.03246293216943741, -0.02880983240902424, 0.009162792935967445, -0.061886437237262726, -0.007916116155683994, -0.03095007874071598, 0.011434589512646198, -0.008938626386225224, 0.007127994205802679, -0.013767699711024761, -0.03316451981663704, 0.001983371563255787, 0.030827201902866364, 0.003969104960560799, -0.023256244137883186, 0.011196413077414036, -0.0063145216554403305, -0.014319853857159615, -0.026528943330049515, 0.030776342377066612, -0.040813107043504715, -0.0024511890951544046, -0.005918766371905804, -0.040673501789569855, 0.01928405463695526, 0.04283091798424721, -0.03205594792962074, 0.025295685976743698, 0.025359921157360077, 0.007031199522316456, -0.0045456537045538425, 0.05565965175628662, -0.017830194905400276, -0.03446407616138458, 0.02235247567296028, 0.004204843193292618, 0.025336598977446556, 0.040132008492946625, 0.06218896806240082, 0.023021724075078964, 0.019055917859077454, -0.026928093284368515, 0.05067036673426628, -0.0403597317636013, 0.05285530164837837, 0.030056200921535492, 0.011915518902242184, 0.06257547438144684, 0.04348238930106163, -0.011967913247644901, -0.030845152214169502, -0.01298823393881321, -0.021225513890385628, -0.016272153705358505, 0.029116317629814148, -0.028147242963314056, -0.015271442010998726, 0.02596832998096943, 0.036061327904462814, 0.00968138873577118, 0.04446033760905266, -0.010383475571870804, 0.04331519082188606, -0.0017750161932781339, -0.024566946551203728, -0.0033444298896938562, -0.003142914269119501, 0.014922880567610264, -0.06018749251961708, 0.023909006267786026, -0.01867958903312683, -0.006184072233736515, -0.03126087784767151, -0.0012656551552936435, -0.005374586209654808, -0.03137120604515076, 0.037994012236595154, 0.03372297063469887, 0.03468266874551773, 0.019584110006690025, 0.03183208405971527, 0.023802436888217926, -0.015335869044065475, -0.0017532857600599527, -0.031516674906015396, -0.02717399038374424, -0.008709822781383991, -0.02868572063744068, -0.04954375699162483, 0.021675793454051018, -0.056723710149526596, -0.025513984262943268, 0.006349732633680105, -0.010230601765215397, 0.03966612368822098, 0.022063570097088814, -0.03239022567868233, 0.04718223214149475, 0.02613755315542221, -0.028981488198041916, 0.047397416085004807, -0.020052313804626465, 0.00254433904774487, -0.014074522070586681]",,
15_1_0_errors_next_prerender_current_time_mdx_section_5_code_1,code_snippet,15_1_0_errors_next_prerender_current_time_mdx_section_5,Reactive use case - code_1,,"{'programming_language': 'jsx', 'filename': 'app/page.js', 'switcher': False}",15.1.0,,"function Timestamp() {
  return 'current time: ' + new Date().toString()
}

export default async function Page() {
  return (
    <main>
      ...
      <Timestamp />
    </main>
  )
}
","[(np.int64(5), np.float64(0.07538703083992004)), (np.int64(7), np.float64(0.07741428911685944)), (np.int64(64), np.float64(0.08436857908964157)), (np.int64(425), np.float64(0.24043267965316772)), (np.int64(1647), np.float64(0.12406497448682785)), (np.int64(4027), np.float64(0.20528654754161835)), (np.int64(22469), np.float64(0.28152281045913696)), (np.int64(28175), np.float64(0.23501528799533844))]",,"[-0.014072543010115623, 0.0035834340378642082, -0.02452761121094227, 0.02217959426343441, 0.0013291944051161408, -0.007594989612698555, 0.008344405330717564, 0.0477326400578022, -0.027830936014652252, 0.0033689471893012524, -0.005190384574234486, 0.06235182285308838, 0.010730392299592495, 0.011398036032915115, 0.003619571216404438, 0.07183121889829636, 0.004201363772153854, 0.027114126831293106, 0.005058313719928265, 0.007605315186083317, -0.03884692117571831, 0.010952616110444069, -0.00019157337374053895, 0.002427231054753065, 0.01594189926981926, -0.000856201455462724, 0.004770759958773851, -0.04379700869321823, 0.01492389477789402, -0.001624485943466425, 0.048756010830402374, -0.02175300382077694, 0.002271727193146944, -0.06260200589895248, -0.0752631425857544, 0.002119601471349597, -0.005301833152770996, -0.007312464527785778, -0.04921231418848038, 0.034941352903842926, -0.012869926169514656, -0.041208416223526, 0.0004729637294076383, 0.014548908919095993, -0.0012393724173307419, -0.021916398778557777, 0.03867865353822708, -0.02762647531926632, -0.021084696054458618, -0.04485961049795151, 0.009607447311282158, 0.012660958804190159, 0.03222320228815079, -0.03819200396537781, 0.01537430752068758, 0.030093632638454437, -0.04168478772044182, 0.01609531044960022, -0.0550360381603241, -0.002918304642662406, -0.0144881596788764, -0.014081786386668682, -0.022412514314055443, 0.04058311879634857, -0.012668227776885033, 0.013890267349779606, 0.0241088829934597, 0.022817758843302727, -0.016995573416352272, 0.0055633289739489555, 0.016576994210481644, 0.0502932146191597, -0.09483206272125244, -0.04887508973479271, -0.04105435684323311, 0.044446125626564026, 0.01952872797846794, -0.018684562295675278, 0.017296835780143738, 0.00677042780444026, -0.005613848101347685, -0.015086263418197632, 0.04810325428843498, -0.012539899908006191, 0.0072053223848342896, -0.02388136461377144, -0.027344780042767525, 0.017401989549398422, -0.023762395605444908, 0.01210303045809269, -0.02330758422613144, -0.011090978980064392, 0.04153486713767052, -0.045219771564006805, 0.021419445052742958, -0.05791962146759033, 0.006442810408771038, 0.0036350104492157698, 0.05805923417210579, -0.023051083087921143, 0.027911335229873657, -0.011623093858361244, 0.0016130746807903051, -0.01427967194467783, 0.03750750049948692, -0.010725281201303005, 0.02056289277970791, -0.020960306748747826, -0.021533137187361717, -0.004988016095012426, 0.0185411274433136, 0.040044158697128296, 0.03826722502708435, 0.0036759027279913425, 0.0007164594135247171, 0.011097091250121593, -0.020208558067679405, -0.010612251237034798, 0.005654342472553253, 0.03531961515545845, -0.02897992916405201, 0.02529628947377205, 0.029562044888734818, -0.013912629336118698, -0.01046765223145485, 0.003811857895925641, 0.0027846747543662786, 0.03771507367491722, -0.023821625858545303, 0.034411512315273285, 0.06968151032924652, 0.047095682471990585, 0.017067886888980865, -0.0028886038344353437, -0.0319245345890522, 0.01428910531103611, 0.011591782793402672, 0.012994903139770031, -0.0023283495102077723, -0.014604751020669937, 0.003018834162503481, 0.012313978746533394, -0.0882703885436058, -0.018790241330862045, 0.04056408628821373, -0.049892671406269073, 0.03764183819293976, -0.031349699944257736, -0.0017401946242898703, 0.004119352903217077, 0.02411678619682789, 0.06407911330461502, 0.01343695167452097, -0.02659052051603794, -0.027462027966976166, -0.01575241982936859, 0.013096864335238934, 0.04877530783414841, -0.02385420724749565, -0.02031025104224682, 0.014231952838599682, 0.022266220301389694, -0.03369491547346115, 0.04001977667212486, 0.004168594256043434, 0.0008671691175550222, 0.031028183177113533, -0.02578688971698284, -0.023892156779766083, -0.022647496312856674, 0.01047606859356165, -0.05186232179403305, 0.02331714518368244, 0.002761868294328451, 0.01877497509121895, 0.022154051810503006, 0.07952508330345154, 0.026779431849718094, 0.00880956556648016, -0.02053172141313553, -0.00916412565857172, 0.029428433626890182, 0.009031948633491993, 0.01899026706814766, -0.023283250629901886, 0.007263630628585815, 0.0015560503816232085, -0.019598549231886864, -0.012727480381727219, -0.014266913756728172, -0.04324110224843025, -0.010539039969444275, 0.06154654920101166, 0.06450649350881577, 0.012627426534891129, -0.01634128764271736, 0.014917124062776566, -0.016795916482806206, -0.0009356600930914283, 0.003415541024878621, -0.0037756168749183416, 0.02189501002430916, 0.01521529071033001, 0.040321704000234604, 0.019447728991508484, -0.026193225756287575, 0.023319020867347717, -0.052365224808454514, 0.015376892872154713, 0.03748726844787598, -0.008645310066640377, 0.0031590459402650595, -0.020199527963995934, 0.015573887154459953, -0.02130727469921112, 0.013075708411633968, 0.02787216193974018, 0.041879065334796906, 0.017816957086324692, -0.007694209460169077, 0.0066437185741961, 0.07148296386003494, -0.01745591312646866, 0.018257172778248787, -0.015101807191967964, -0.005316732916980982, 0.025139547884464264, 0.001961116213351488, -0.004566211253404617, -0.030824454501271248, -0.0029898216016590595, 0.011456942185759544, 0.032672591507434845, 0.0007117412751540542, 0.005572095513343811, -0.05292654037475586, -0.04819808900356293, -0.014355798251926899, 0.012569284997880459, 0.020036624744534492, -0.010440678335726261, 0.010236389935016632, 0.019777286797761917, 0.0010064083617180586, -0.022209297865629196, -0.03214311972260475, 0.014162753708660603, -0.0036428228486329317, -0.06511502712965012, -0.04448842257261276, 0.02125960774719715, -0.003948788158595562, -0.04417568817734718, 0.021499451249837875, -0.0016285814344882965, -0.004635601304471493, 0.015124489553272724, 0.027368193492293358, -0.007224284112453461, 0.022688454017043114, 0.003737092250958085, 0.03896928206086159, -0.03321760520339012, 0.03174740448594093, 0.023497316986322403, 0.0005828139837831259, -0.021535636857151985, -0.01801401935517788, 0.024334559217095375, -0.0184932928532362, 0.004412067122757435, -0.028412099927663803, 0.02085239067673683, -0.031181558966636658, 0.008761550299823284, 0.023650357499718666, -0.017844101414084435, -0.0421120747923851, 0.05127580836415291, 0.012060626409947872, -0.0037003657780587673, 0.006657987833023071, 0.05385582149028778, 0.031057963147759438, 0.005971111822873354, -0.050033584237098694, -0.013564172200858593, -0.017463164404034615, 0.007345900405198336, -0.04605744406580925, -0.005064957309514284, 0.008173186331987381, 0.03442542254924774, -0.04433753341436386, -0.0023184935562312603, 0.01498775091022253, -0.004973369184881449, -0.17312480509281158, -0.0034252372570335865, -0.03856050223112106, 0.027205849066376686, -0.0067405737936496735, 0.014979184605181217, 0.01914345473051071, -0.033883772790431976, -0.014941999688744545, 0.0580432265996933, -0.017020732164382935, -0.048496879637241364, -0.040373239666223526, -0.0666792243719101, -0.018383679911494255, 0.008287196978926659, -0.004309317097067833, -0.003205726156011224, -0.021950772032141685, -0.006136288400739431, -0.007584280334413052, -0.02382759563624859, 0.0078053860925138, -0.017789073288440704, -0.0394829660654068, 0.013238039799034595, 0.025165855884552002, -0.02585029788315296, 0.005906851962208748, 0.0017202991293743253, 0.006010250188410282, 0.0027502321172505617, -0.008097754791378975, 0.010344724170863628, 0.007789406459778547, 0.04917885363101959, -0.003925535827875137, 0.024638773873448372, 0.0034203752875328064, 0.027516432106494904, 0.03004341386258602, 0.014759616926312447, -0.02427729032933712, 0.041252974420785904, -0.032312799245119095, -0.016335882246494293, -0.021672796458005905, -0.008865688927471638, -0.027127580717206, -0.02744285948574543, 0.009575014933943748, -0.03639216721057892, -0.008711078204214573, 0.013710211962461472, -0.06191357970237732, 0.02432749979197979, 0.01494103018194437, 0.012951401993632317, -0.012840558774769306, 0.023990226909518242, -0.0057439920492470264, 0.0035479736980050802, -0.013316536322236061, -0.03289502486586571, -0.00905152503401041, 0.01897438056766987, 0.04986103996634483, 0.02785513736307621, -0.00870019756257534, -0.022314470261335373, 0.07285948097705841, -0.032565224915742874, 0.012828455306589603, -0.004252916667610407, -0.007389032281935215, 0.03958665579557419, -0.007391336373984814, -0.035322755575180054, 0.028084641322493553, -0.09697002172470093, -0.04725112393498421, 0.008462997153401375, 0.005143660120666027, 0.02509697899222374, -0.017267322167754173, -0.04426247626543045, 0.009074813686311245, -0.0010284645250067115, 0.00903656892478466, 0.2626412808895111, 0.04640674963593483, -0.007750515826046467, 0.02539478801190853, 0.046327631920576096, -0.038784224539995193, -0.05284813791513443, 0.015384414233267307, 0.01959839090704918, -0.007048406638205051, 0.01208394207060337, 0.012082433328032494, -0.015499018132686615, -0.022135093808174133, 0.00908758956938982, 0.04368215799331665, -0.05502878874540329, 0.021068423986434937, 0.04109274223446846, -0.013533989898860455, 0.03882947936654091, -0.036302901804447174, 0.0006887823692522943, 0.01480818074196577, -0.06021377071738243, -0.005409490782767534, -0.002529317745938897, 0.03798966109752655, 0.003895317204296589, 0.014252935536205769, -0.04718289524316788, 0.04689440876245499, 0.03403158485889435, -0.0076124900951981544, -0.006860742811113596, -0.029984375461935997, 0.03473860025405884, -0.07571429014205933, -0.02782038226723671, 0.008319100365042686, 0.014300413429737091, -0.002528992947191, 0.01676451601088047, 0.020768260583281517, -0.058888304978609085, -0.04810921847820282, -0.021892162039875984, -0.03900568559765816, -0.0003157506580464542, -0.0454280748963356, 0.020087793469429016, -0.04911482706665993, 0.00886382907629013, -0.02210153453052044, 0.024167561903595924, 0.00402225973084569, 0.02187526971101761, 0.0009788461029529572, 0.01923913136124611, 0.03476974368095398, 0.01645575277507305, -0.007162341382354498, -0.014640459790825844, -0.003986069466918707, -0.003871808759868145, 0.013241699896752834, -0.0026382047217339277, -0.03216489031910896, 0.012843860313296318, -0.01665019802749157, -0.008926979266107082, 0.0014671405078843236, -0.023391366004943848, 0.008886490948498249, -0.02090379036962986, -0.008517904207110405, 0.022430475801229477, -0.012219167314469814, -0.04818931221961975, 0.05969901755452156, -0.040310196578502655, -0.01882135309278965, -0.038663651794195175, 0.0402446947991848, 0.0033845019061118364, 0.003368339966982603, 0.009508517570793629, 0.08740223944187164, -0.0038700515870004892, 0.010098627768456936, -0.018973050639033318, 0.01639479212462902, -0.043623149394989014, 0.020602533593773842, -0.02025946043431759, 0.019662288948893547, 0.005687488242983818, -0.039579544216394424, -0.008800915442407131, 0.03883775696158409, -0.0024871607311069965, -0.016115697100758553, 0.02334117330610752, -0.048857785761356354, 0.02921798825263977, 0.015271466225385666, 0.0405593067407608, -0.037628430873155594, 0.022840332239866257, 0.002562738722190261, -0.08645555377006531, 0.008692627772688866, -0.00429762015119195, -0.021944016218185425, 0.022701291367411613, 0.036907587200403214, 0.04289791360497475, 0.01127665862441063, 0.009991351515054703, 0.03691377863287926, -0.04471602663397789, 0.012302947230637074, 0.01820586621761322, -0.031673263758420944, -0.008819985203444958, -0.035512953996658325, -0.0005920027033425868, -0.015374217182397842, -0.013720075599849224, 0.023608161136507988, 0.002300216583535075, -0.028513139113783836, 0.036006372421979904, 0.006426344159990549, 0.01099949236959219, -0.030133351683616638, 0.04320404306054115, 0.02724047377705574, 0.04067375510931015, 0.03008582629263401, -0.03469322621822357, -0.024095920845866203, 0.009889752604067326, 0.02440541796386242, 0.015322335995733738, 0.05365844815969467, 0.051547374576330185, 0.02276569791138172, -0.0390702523291111, 0.0572713166475296, 0.07883752137422562, 0.055389709770679474, 0.03084363229572773, -0.012451699003577232, -0.0028528431430459023, -0.03716583177447319, -0.0462212972342968, -0.012820794247090816, -0.0009099414455704391, 0.001868736115284264, 0.007152699865400791, 0.008807716891169548, 0.023789970204234123, 0.03412514179944992, 0.010187883861362934, -0.023286713287234306, -0.041515134274959564, 0.007201666943728924, -0.044190678745508194, 0.015180559828877449, 0.006358337588608265, -0.017194807529449463, -0.014614771120250225, -0.013941964134573936, -0.015358188189566135, -0.03424327075481415, -0.04850716143846512, 7.769376679789275e-05, -0.030900191515684128, -0.025870000943541527, -0.030925055965781212, 0.004774817731231451, -0.03369695320725441, -0.022153615951538086, 0.026584548875689507, 0.052675213664770126, 0.0004802677722182125, 0.0042008887976408005, -0.0035738865844905376, -0.047099433839321136, -0.06861310452222824, 0.12431102991104126, 0.01900278776884079, -0.012506687082350254, 0.017226191237568855, 0.0018386011943221092, 0.07524926960468292, 0.020375629886984825, 0.02353326417505741, -0.04227682203054428, -0.007824179716408253, 0.05318653583526611, 0.0010122599778696895, 0.03139815106987953, -0.05537354573607445, -0.008627288974821568, 0.008673443458974361, 0.003281732788309455, 0.00806190725415945, 0.030626846477389336, 0.0023650305811315775, -0.011558844707906246, -0.0017325785011053085, -0.001167593407444656, 0.026783769950270653, -0.03358834236860275, 0.08965566009283066, 0.03475373610854149, 0.0092159453779459, -0.008412701077759266, -0.03426625579595566, -0.008217846043407917, -0.007702991366386414, 0.03232729434967041, 0.007480920758098364, 0.04573070630431175, -0.017861787229776382, -0.028101706877350807, -0.024774054065346718, 0.019519813358783722, -0.014392971992492676, 0.0038943428080528975, 0.02723616361618042, -0.003680481342598796, 0.009388934820890427, -0.045081641525030136, 0.015321399085223675, 0.04996586963534355, -0.01627020165324211, -0.012627914547920227, 0.004317468963563442, 0.016914483159780502, 0.012128439731895924, 0.041501205414533615, 0.019645487889647484, 0.018303750082850456, -0.05983705818653107, 0.0034673702903091908, 0.023886218667030334, 0.028004704043269157, -0.010879057459533215, -0.001570892403833568, 0.022065766155719757, -0.016817456111311913, 0.005546253174543381, 0.03170395642518997, -0.007855064235627651, 0.009176981635391712, -0.027128756046295166, -0.03104645200073719, -0.005040970630943775, 0.011515440419316292, -0.0018471784424036741, 0.011190361343324184, 0.0031421363819390535, -0.05544136464595795, 0.03963097929954529, -0.09034793823957443, -0.020656835287809372, -0.02089567296206951, -0.00501089496538043, 0.0003711822791956365, 0.0010744801256805658, -0.022218968719244003, 0.033317916095256805, 0.042715005576610565, 0.027932923287153244, -0.016861550509929657, 0.04600737243890762, -0.014448372647166252, -0.028164127841591835, -0.01590218022465706, 0.02790258266031742, -0.034959398210048676, -0.014447784051299095, 0.04193756356835365, -0.009975583292543888, -0.01923403888940811, 0.0076291621662676334, -0.06639744341373444, -0.03701932728290558, -0.009300870820879936, -0.044274404644966125, 0.04693377763032913, -0.013241277076303959, -0.014519325457513332, -0.036929816007614136, 0.05097215622663498, -0.012741712853312492, -0.022109897807240486, 0.0074205556884408, -0.01291999127715826, -0.025914527475833893, -0.019826827570796013, -0.04043719545006752, 0.04018484801054001, -0.0008157493430189788, 0.022175095975399017, 0.013917318545281887, -0.018106048926711082, 0.01741235889494419, -0.03867940232157707, 0.004222934599965811, 0.0830112025141716, 0.026700317859649658, -0.04025926813483238, -0.0007678301772102714, -0.04126645624637604, 0.04149838536977768, -0.04375648871064186, 0.009754416532814503, -0.0030585082713514566, 0.005509208422154188, -0.021222541108727455, 0.005984961986541748, -0.002033121883869171, 0.008084422908723354, 0.01418998185545206, -0.04438892379403114, -0.022474918514490128, 0.007503355387598276, 0.00898065697401762, 0.02529926784336567, -0.021337462589144707, -0.03307507559657097, 0.0019468492828309536, 0.04463902860879898, 0.01910444162786007, 0.019170111045241356, -0.02191987633705139, -0.021188868209719658, 0.005727232899516821, 0.040660563856363297, -0.0616709366440773, -0.0093947509303689, -0.02339315228164196, 0.01720217615365982, -0.02191733568906784, -0.002859873231500387, -0.04028359800577164, -0.03611661493778229, 0.04231611266732216, -0.02056213840842247, -0.035068389028310776, -0.0220162533223629, -0.031598351895809174, -0.024443069472908974, 0.04984898120164871, 0.07925747334957123, 0.012296624481678009, 0.013735286891460419, 0.02177020162343979, -0.01080973632633686, -0.055936310440301895, -0.0197621937841177, 0.01983051560819149, 0.010054003447294235, 0.039271030575037, -0.03482639044523239, 0.024410372599959373, -0.03089584968984127, 0.06618627905845642, 0.01082026120275259, 0.0023182579316198826, -0.008503472432494164, 0.032897673547267914, -0.020474687218666077, 0.0053191399201750755, 0.0029829281847923994, -0.016100797802209854, -0.020054468885064125, -0.05086440220475197, -0.044413767755031586, -0.018655715510249138, -0.016755208373069763, -0.024914171546697617, -0.017786148935556412, -0.04374288022518158, 0.03254479169845581, 0.004502954892814159, -0.057429783046245575, -0.049918487668037415, -0.03835755214095116, -0.02911568433046341, -0.14707571268081665, 0.015161733143031597, -0.012981077656149864, -0.0005294515867717564, -0.038640398532152176, 0.026267794892191887, -0.05880466848611832, -0.03362800553441048, 0.014998928643763065, -0.03227309137582779, 0.007527918089181185, -0.03996243700385094, 0.014978391118347645, -0.03172476589679718, -0.016832463443279266, 0.03829466179013252, -0.008555183187127113, -0.001465741777792573, -0.023216813802719116, 0.006243277341127396, -0.004027666989713907, -0.01392523106187582, 0.04918813332915306, 0.003658882575109601, -0.01649155467748642, 0.01420646719634533, 0.016105521470308304, 0.03133023530244827, -0.011030231602489948, -0.011006985791027546, 0.03777361288666725, -0.015211459249258041, 0.028057871386408806, 0.012406411580741405, 0.02352602779865265, 0.03723667562007904, -0.0001819229801185429, 0.05256655439734459, 0.005261242389678955, 0.022374141961336136, -0.028018377721309662, 0.011937040835618973, -0.06434144079685211, 0.0027216081507503986, 0.0061766114085912704, -0.025688549503684044, 0.010620486922562122, -0.038765281438827515, -0.01578061655163765, 0.01875872164964676, 0.04500587284564972, 0.021626772359013557, -0.009364340454339981, 0.026061145588755608, -0.028839539736509323, 0.0027895637322217226, -0.012829942628741264, -0.010193930007517338, 0.004890837240964174, 0.007672393694519997, -0.008077651262283325, 0.023990068584680557, -0.020724935457110405, -0.07055282592773438, -0.002856240374967456, 0.045945074409246445, -0.04651515185832977, 0.02712247334420681, -0.008525485172867775, 0.0059897019527852535, -0.031155509874224663, 0.00020174612291157246, -0.04522557184100151, -0.011677509173750877, -0.005693585611879826, 0.011320744641125202, 0.013456422835588455, 0.017667319625616074, -0.04254213720560074, 0.006820315960794687, -0.043903935700654984, 0.0039035696536302567, -0.025116991251707077, 0.027704866603016853, 0.003876116592437029, 0.02325372025370598, -0.0008959598490037024, -0.0069870962761342525, -0.061544958502054214, -0.0037938531022518873, -0.028234347701072693, -0.027666250243782997, 0.013376674614846706, 0.027130253612995148, 0.017943520098924637, 0.018112849444150925, -0.037619370967149734, 0.021900737658143044, -0.008703169412910938, -0.012276305817067623, 0.02033589407801628, -0.011971238069236279, -0.015577824786305428, -0.017072314396500587, -0.01823510229587555, -0.0051625557243824005, 0.013999716378748417, 0.027859093621373177, 0.0036166321951895952, -0.01665824092924595, -0.042942631989717484, 0.01106947846710682, -0.0610407330095768, 0.009578123688697815, -0.0394250825047493, -0.02715243212878704, -0.01389404572546482, 0.03799299895763397, -0.014823976904153824, -0.05091572552919388, -0.010942612774670124, -0.04219752550125122, 0.0308738611638546, -0.018341904506087303, 0.02966412715613842, 0.05211951583623886, 0.027008280158042908, 0.03295034170150757, 0.02161198854446411, -0.0025399394799023867, -0.020907925441861153, -0.03457210212945938, 0.04215596616268158, 0.06543467938899994, 0.048272427171468735, -0.0056553976610302925, -0.05939742550253868, 0.025546660646796227, -0.06766976416110992, -0.02278105914592743, -0.001637532957829535, 0.009875711984932423, 0.028585907071828842, -0.055833425372838974, -0.013681783340871334, -0.014745430089533329, 0.058845747262239456, -0.027499964460730553, 0.031157249584794044, 0.011337488889694214, 0.009650380350649357, -0.0011274422286078334, -0.041319604963064194, 0.025411227717995644, -0.03486761823296547, 0.004383681807667017, -0.06385243684053421, 0.0008457939838990569, -0.0430099181830883, 0.028100688010454178, -0.04316967353224754, -0.009880868718028069, 0.010250013321638107, -0.03953685984015465, 0.010584847070276737, 0.01724798046052456, -0.029001299291849136, 0.004799551796168089, 0.003555349772796035, 0.03322514891624451, 0.03199927508831024, 0.008328580297529697, -0.030021551996469498, -0.08223875612020493, 0.09266004711389542, 0.011472946032881737, 0.007928882725536823, -0.006583644542843103, 0.044475257396698, 0.020434793084859848, 0.005659676622599363, 0.016193918883800507, 0.04950442910194397, 0.011869470588862896, 0.026954680681228638, 0.027698688209056854, 0.006104703061282635, 0.009696888737380505, 0.00716900359839201, -0.013986336998641491, -0.00268758088350296, -0.0024197553284466267, 0.025416146963834763, 0.008522330783307552, 0.036728907376527786, -0.03917558863759041, -0.018577219918370247, 0.028516972437500954, 0.00014375806495081633, 0.03526435047388077, -0.014805351383984089, 0.02473953738808632, -0.015874648466706276, -0.019902952015399933, 0.0005377625348046422, -0.009312698617577553, 0.010502971708774567, 0.041115641593933105, -0.01802150160074234, 0.0011539522092789412, -0.014970891177654266, 0.016997745260596275, -0.016987867653369904, 0.008155486546456814, -0.02850971557199955, -0.048363275825977325, -0.011061063967645168, 0.04859240725636482, -0.01218755915760994, 0.013289164751768112, 0.02384570986032486, -0.01855967752635479, -0.009113045409321785, -0.045346539467573166, -0.03844252601265907, -0.012943260371685028, 0.0009731785976327956, 0.0220696572214365, -0.02459283545613289, -0.016005177050828934, -0.05618641525506973, -0.04194509610533714, 0.013228347525000572, 0.027539219707250595, -0.026201315224170685, 0.0012677579652518034, -0.004756338428705931, 0.02303484082221985, 0.0175641980022192, 0.007556925993412733, 0.0012706808047369123, 0.006651010364294052, -0.005052811931818724, -0.0439591221511364]",
15_1_0_errors_next_prerender_current_time_mdx_section_5_code_2,code_snippet,15_1_0_errors_next_prerender_current_time_mdx_section_5,Reactive use case - code_2,,"{'programming_language': 'jsx', 'filename': 'app/client-components.js', 'switcher': False}",15.1.0,,"'use client'

import { useState, useLayoutEffect } from 'react'

export function Timestamp() {
  const [time, setTime] = useState(null)
  useLayoutEffect(() => {
    // You can determine when and how often to update
    // the time here. In this example we update it only once
    setTime(new Date().toString())
  }, [])
  if (time) {
    return 'current time: ' + time
  }
  return null
}
","[(np.int64(5), np.float64(0.047465212643146515)), (np.int64(7), np.float64(0.13365265727043152)), (np.int64(64), np.float64(0.02916600927710533)), (np.int64(277), np.float64(0.16159147024154663)), (np.int64(425), np.float64(0.2322353571653366)), (np.int64(1647), np.float64(0.127152681350708)), (np.int64(4027), np.float64(0.18804481625556946)), (np.int64(28175), np.float64(0.24270141124725342)), (np.int64(54137), np.float64(0.2809242010116577)), (np.int64(222978), np.float64(0.30155664682388306))]",,"[-0.08441620320081711, -0.0008772871224209666, -0.0019221290713176131, 0.021791046485304832, -0.005647911224514246, -0.04383320361375809, 0.013963653706014156, 0.02388925664126873, -0.0016103554517030716, 0.021151328459382057, 0.006766649894416332, 0.0074247196316719055, -0.020557774230837822, -0.0023719961754977703, 0.01617932878434658, 0.05852944776415825, -0.024040985852479935, 0.019135143607854843, 0.01963890716433525, -0.017929401248693466, -0.032855186611413956, -0.04961135983467102, -0.004712450318038464, -0.007288877386599779, 0.022940102964639664, 0.001806048909202218, -0.038773227483034134, -0.017547106370329857, 0.02632931061089039, 0.061777208000421524, 0.06211777403950691, -0.007824825122952461, 0.012669368647038937, -0.05119849368929863, -0.050672050565481186, -0.004868511576205492, 0.01910579577088356, -0.006670818664133549, -0.023287717252969742, 0.04173887521028519, -0.020041881129145622, -0.022623950615525246, 0.020311463624238968, 0.0012965637724846601, 0.015332222916185856, -0.015265428461134434, 0.04379422590136528, -0.0040193344466388226, -0.012577928602695465, -0.03933132439851761, -0.009919633157551289, 0.036008983850479126, 0.019332563504576683, -0.04651258885860443, 0.011077458038926125, 0.032159607857465744, -0.02504453808069229, -0.027760442346334457, -0.05777721479535103, 0.009725957177579403, -0.05905609205365181, 0.005893653724342585, -0.0008195195696316659, 0.007239216938614845, -0.002538166008889675, 0.03432345390319824, 0.020253991708159447, 0.03578852862119675, -0.017229091376066208, -0.016999293118715286, 0.004103644285351038, 0.031386930495500565, -0.07328765839338303, -0.02173914946615696, -0.036047063767910004, -0.004745465237647295, 0.005063342396169901, -0.011290042661130428, 0.0010036964667961001, 0.001966166775673628, -0.01345205307006836, 0.0063612572848796844, 0.05326918140053749, -0.007597529795020819, 0.04623008146882057, -0.03269336745142937, 0.023350657895207405, 0.03996368497610092, 0.005403066985309124, -0.009997026063501835, 0.018722834065556526, -0.019405251368880272, 0.047660719603300095, -0.02118695341050625, 0.013477752916514874, -0.012329891324043274, -0.0024550699163228273, -0.0040410663932561874, 0.038653161376714706, -0.03323523327708244, 0.003552196081727743, -0.0281283687800169, 0.004999472759664059, -0.030502183362841606, 0.03341134637594223, 0.014202255755662918, 0.02683718129992485, 0.0133644575253129, 0.015273087657988071, -0.0039009079337120056, -0.0009099083254113793, 0.03553099185228348, 0.01831860840320587, -0.01234297826886177, 0.0051676323637366295, 0.015956822782754898, 0.024053186178207397, -0.022198863327503204, 0.010678605176508427, -0.015527200885117054, -0.0009436302934773266, 0.015637196600437164, 0.03479247912764549, 0.00906131137162447, -0.03157762810587883, 0.032174307852983475, 0.016125168651342392, 0.04519683122634888, -0.004125609062612057, 0.033696699887514114, 0.05609360337257385, 0.05739246681332588, -0.017583681270480156, -0.003262205980718136, -0.044083911925554276, 0.055191561579704285, -0.01726079359650612, 0.028615953400731087, -0.001703500165604055, -0.023904385045170784, 0.020404580980539322, 0.015395338647067547, -0.059226300567388535, -0.007057326380163431, 0.03158416599035263, -0.0011143895098939538, 0.029749279841780663, -0.010901296511292458, 0.009891501627862453, 0.028844060376286507, -0.012673369608819485, 0.036671821027994156, 0.01180552039295435, -0.03916732966899872, -0.018649766221642494, -0.012918475084006786, 0.01945286989212036, 0.03930675610899925, -0.016613295301795006, -0.036106739193201065, -0.00671886932104826, 0.027716372162103653, -0.054562900215387344, 0.08687739819288254, 0.0364074744284153, -0.001427392358891666, -0.003899778937920928, -0.005935585591942072, -0.03812088072299957, 0.005794502329081297, -0.006275717634707689, -0.013288494199514389, -0.012501407414674759, 0.012163939885795116, 0.012023312039673328, 0.0226429533213377, 0.07915552705526352, 0.040813617408275604, -0.016165563836693764, -0.0015872851945459843, -0.036088764667510986, 0.009840685874223709, 0.0029766575898975134, -0.025966832414269447, -0.03463031351566315, 0.038380589336156845, -0.017518674954771996, -0.01667274534702301, -0.010546844452619553, 0.004487180151045322, -0.037513308227062225, -0.004252131097018719, 0.03777541220188141, 0.05563390254974365, 0.030896248295903206, -0.03528367727994919, 0.038148343563079834, -0.005099988542497158, 0.0058106184005737305, 0.014834368601441383, -0.023281455039978027, 0.019435284659266472, 0.011291048489511013, 0.03682278096675873, 0.009225534275174141, -0.022017410025000572, -0.013038251549005508, -0.03341292962431908, 0.040380459278821945, -0.017189878970384598, 0.0028481087647378445, 0.006245664320886135, 0.03092118538916111, 0.0033709020353853703, -0.037651579827070236, 0.028203461319208145, -0.008760690689086914, 0.03965245559811592, -0.0011972645297646523, -0.025400841608643532, 0.007732350379228592, 0.0623505599796772, -0.02551501803100109, -0.002937699668109417, -0.041219934821128845, -0.02536940388381481, 0.048900797963142395, 0.011310349218547344, -0.031644321978092194, -0.035632915794849396, -0.0019328697817400098, -0.008005456067621708, 0.031592607498168945, -0.019064590334892273, -0.0010686337482184172, -0.071068175137043, -0.009408384561538696, -0.02877657301723957, 0.006123017054051161, 0.0415038987994194, -0.036408931016922, 0.015501161105930805, 0.040451694279909134, -0.01149678137153387, -0.047373540699481964, -0.0651753768324852, 0.005888099782168865, 0.03592073917388916, -0.051823727786540985, -0.060462672263383865, -0.021089274436235428, -0.00015988042287062854, -0.015469169244170189, 0.0024357277434319258, -0.016187330707907677, 0.0027217536699026823, 0.021956944838166237, 0.02682306617498398, 0.011186551302671432, 0.0169256292283535, 0.014465092681348324, 0.005279483739286661, -0.029237043112516403, 0.006355139892548323, 0.014737132005393505, -0.01296338438987732, -0.04267764464020729, -0.038963884115219116, 0.018546491861343384, 0.005292425397783518, 0.02677812986075878, -0.004855859559029341, 0.03988867625594139, -0.023367032408714294, -0.0011313124559819698, 0.05628729239106178, -0.05695265531539917, -0.004732692614197731, 0.06925451755523682, 0.011432869359850883, -0.009074684232473373, 0.0010648196330294013, 0.03671339899301529, 0.032544560730457306, -0.00688364589586854, -0.047486480325460434, 0.026950133964419365, 0.005933527369052172, 0.03612004965543747, -0.04284970089793205, -0.044698745012283325, -0.03245900571346283, 0.07024913281202316, -0.022690895944833755, 0.015096423216164112, 0.03103010542690754, -0.00859327707439661, -0.14931978285312653, 0.0006007970659993589, -0.03284348547458649, 0.03840151056647301, -0.015654265880584717, 0.01744459755718708, -0.011112745851278305, -0.05112815648317337, -0.017008598893880844, 0.047850172966718674, -0.045801639556884766, -0.05700240284204483, -0.0239118542522192, -0.019565097987651825, -0.0017149546183645725, -0.0016663072165101767, -0.027456235140562057, -0.02051839604973793, -0.01584704965353012, -0.030088065192103386, -0.02663697674870491, -0.07195775955915451, 0.04434502124786377, -0.013066207058727741, -0.033230528235435486, 0.006026738788932562, -0.013454594649374485, -0.013751666061580181, 0.012567886151373386, 0.014774461276829243, -0.009159306064248085, 0.01387050375342369, 0.007192477583885193, -0.003119428176432848, 0.010764844715595245, 0.03251516819000244, 0.0014428753638640046, 0.04373548924922943, 0.02560567855834961, 0.028047366067767143, 0.029986774548888206, 0.030231226235628128, -0.014565587975084782, 0.005122442729771137, 0.016580861061811447, 0.0030255140736699104, -0.0013822158798575401, 0.003172430442646146, -0.00490686995908618, -0.017873208969831467, -0.010525749996304512, -0.035616468638181686, -0.03469548374414444, 0.037813711911439896, -0.04382159933447838, -0.010785291902720928, 0.002851401921361685, 0.005633367691189051, -0.02494218945503235, -0.004495842847973108, -0.010550507344305515, 0.020526453852653503, 0.012486754916608334, -0.005176962818950415, -0.015861690044403076, -0.01680111326277256, 0.05217834934592247, 0.024268388748168945, -0.007095488719642162, -0.021572750061750412, 0.06184259057044983, -0.015345489606261253, 0.018565740436315536, -0.016919637098908424, 0.010712850838899612, 0.07017997652292252, -0.017645828425884247, -0.008181259967386723, 0.02507556788623333, -0.11525548249483109, -0.01771288551390171, 0.025227392092347145, -0.01495313923805952, 0.03308967128396034, 0.0018243042286485434, -0.007225561421364546, -0.022127000615000725, 0.01498696580529213, 0.06301019340753555, 0.23802824318408966, 0.08513209223747253, -0.014804253354668617, 0.011682054027915001, 0.047285210341215134, -0.035715218633413315, -0.010785207152366638, 0.0318940170109272, -0.009982208721339703, -0.011512713506817818, -0.004108819179236889, 0.04309361055493355, 0.005691326688975096, 5.131530633661896e-05, 0.002394129056483507, 0.01713009551167488, -0.06376577168703079, 0.009074079804122448, 0.028857311233878136, -0.018925270065665245, -0.0024345109704881907, -0.025934284552931786, -0.01467113010585308, 0.01439103577286005, -0.10422254353761673, -0.025203976780176163, -0.006052382290363312, 0.047750651836395264, -0.018589943647384644, 0.005207642912864685, -0.04347506910562515, 0.05279134213924408, 0.02240256778895855, -0.030225733295083046, 0.0021950292866677046, 0.002272066893056035, 0.0364820770919323, -0.033981435000896454, -0.035120557993650436, 0.026866193860769272, -0.02665475197136402, -0.008133289404213428, 0.027942245826125145, 0.0013244905276224017, -0.0317651703953743, -0.03842553868889809, -0.02625626139342785, -0.02802538499236107, -0.02802325412631035, -0.03356596454977989, 0.012688676826655865, -0.004879045765846968, 0.014035381376743317, 0.008451799862086773, 0.02009117789566517, -0.029767721891403198, -0.005698992870748043, -0.015977730974555016, -0.013793745078146458, -0.00019963154045399278, -0.009031114168465137, -0.006137392949312925, -0.02874082885682583, 0.02066250890493393, 0.0006454053218476474, 0.02935706451535225, 0.01623482257127762, 0.025395313277840614, 0.0246865414083004, 0.01112639531493187, -0.017163479700684547, -0.0014627559576183558, 0.001815557712689042, -0.0024585104547441006, -0.028950508683919907, -0.003983091097325087, -0.013768834061920643, 0.014248956926167011, -0.04613373801112175, 0.019148826599121094, -0.01716543734073639, 0.02612755261361599, 0.01449547428637743, 0.0050913142040371895, 0.029517637565732002, -0.01921314187347889, 0.02445208467543125, 0.082307830452919, 0.00030412417254410684, 0.002724079415202141, -0.022717446088790894, 0.018271643668413162, -0.04259181022644043, 0.015939662232995033, -0.02202249877154827, 0.003818012308329344, 0.04704585298895836, -0.03549422323703766, -0.023928413167595863, 0.023615360260009766, -0.0022980226203799248, -0.02410080097615719, -0.00555391376838088, -0.02729455754160881, 0.03838929533958435, -0.053496379405260086, 0.02245521917939186, -0.01954502798616886, 0.013098856434226036, 0.02784184366464615, -0.07842019200325012, 0.010412465780973434, 0.027687491849064827, -0.04020872339606285, 0.037269555032253265, 0.054158683866262436, 0.05100622400641441, 0.0371648408472538, 0.017828943207859993, 0.05373048409819603, -0.011334866285324097, 0.007747760973870754, 0.021432343870401382, -0.03140712156891823, -0.0116345826536417, -0.021443724632263184, -0.0006724294507876039, -0.020791687071323395, -0.017769917845726013, 0.010072441771626472, 0.004667126573622227, -0.003885698039084673, 0.005243368912488222, 0.017617791891098022, 0.04197834059596062, -0.008388597518205643, 0.026506878435611725, 0.028778396546840668, 0.07531612366437912, 0.050576794892549515, -0.04284962639212608, -0.05423428490757942, -0.009796353988349438, 0.0270190741866827, 0.02577814646065235, 0.04534262418746948, -0.00802042055875063, -0.012333939783275127, -0.031008422374725342, 0.050781551748514175, 0.02959902584552765, 0.060446929186582565, 0.012364426627755165, -0.005330191925168037, -0.023923246189951897, -0.0604388527572155, -0.007915457710623741, 0.010046064853668213, -0.03680545464158058, -0.009868673048913479, 0.0008053365163505077, -0.0009766947478055954, 0.02085934951901436, 0.03596506640315056, 0.026682177558541298, -0.0509612075984478, -0.035522930324077606, 0.016386641189455986, -0.01914815790951252, -0.0167265422642231, 0.01013190671801567, -0.007936331443488598, -0.0476115345954895, -0.014554712921380997, -0.026245824992656708, -0.0010671340860426426, -0.06460324674844742, 0.021504763513803482, -0.040657881647348404, -0.009815153665840626, -0.02711074985563755, -0.0342736653983593, -0.03273104131221771, -0.02710500732064247, 0.011396430432796478, 0.05425216257572174, -0.031027212738990784, -0.003706492017954588, 0.02512170560657978, -0.02191886492073536, -0.05766085535287857, 0.11941546201705933, -0.01160640362650156, -0.0180086437612772, 0.05431472510099411, -0.013687437400221825, 0.06042896956205368, 0.03261226415634155, 0.005456708371639252, -0.05183888599276543, -0.02084268070757389, 0.04315914586186409, -0.011949995532631874, 0.03718291223049164, -0.02918601781129837, -0.029245680198073387, -0.00853305496275425, 0.03423051908612251, -0.036556731909513474, 0.019293786957859993, -0.01103193499147892, 0.013837836682796478, -0.00755604961887002, 0.0048708077520132065, 0.003822397906333208, -0.04104581102728844, 0.07414902001619339, 0.03267061337828636, 0.02780189923942089, 0.00529819168150425, -0.021603360772132874, -0.011472220532596111, -0.0020635086111724377, -0.021339569240808487, -0.005778131540864706, 0.0452883243560791, 0.001008931896649301, -0.06245425343513489, -0.02372121252119541, 0.018559588119387627, -0.01192132942378521, -0.01661178655922413, 0.03910190612077713, 0.011707769706845284, 0.00033340833033435047, -0.05058853700757027, 0.02543124556541443, 0.03382396325469017, -0.03684932366013527, 0.006976461037993431, 0.000624871056061238, 0.03919699788093567, 0.04608984664082527, 0.033686719834804535, -0.0004491750441957265, -0.036402951925992966, -0.053424686193466187, 0.016414636746048927, 0.03158405050635338, 0.0350792296230793, 0.008879224769771099, 0.03859879821538925, 0.009481941349804401, -0.027887988835573196, -0.02663387358188629, 0.05428159609436989, -0.0033451118506491184, -0.00470769265666604, -0.032847680151462555, -0.07679598778486252, -8.64951653056778e-05, -0.021401643753051758, 0.0021517283748835325, -0.019944801926612854, -0.011478191241621971, -0.08136661350727081, 0.024823682382702827, -0.0386321134865284, 0.0023989572655409575, -0.03714307025074959, 0.026338914409279823, 0.006554682273417711, -0.026361679658293724, -0.013676227070391178, -0.01001132745295763, -0.008986326865851879, 0.023030690848827362, 0.011477992869913578, 0.022775230929255486, -0.01182266604155302, -0.043489232659339905, 0.021314090117812157, -0.03364258259534836, 0.011299236677587032, -0.04327049478888512, 0.0034218369983136654, 0.05951421335339546, -0.04677249491214752, 0.0032010183203965425, -0.07204770296812057, -0.04083418473601341, 0.025213157758116722, -0.046786025166511536, 0.02408508025109768, -0.009818598628044128, -0.018981656059622765, -0.02413414604961872, 0.04291555657982826, -0.00235402281396091, 0.04003891721367836, 0.0058322506956756115, 0.020509256049990654, -0.024606434628367424, -0.03990005701780319, -0.05052445828914642, 0.044429488480091095, -0.03156698867678642, 0.016130104660987854, 0.03551289066672325, -0.038610465824604034, -0.004019990563392639, -0.04327911138534546, 0.008247711695730686, 0.03261667862534523, 0.031759392470121384, -0.022081026807427406, 0.028236063197255135, -0.06862283498048782, 0.028155237436294556, -0.02590879425406456, 0.016953127458691597, -0.0053704543970525265, -0.007453031837940216, -0.031723544001579285, -0.005312653258442879, 0.007408980745822191, -0.01322168204933405, -0.03731955587863922, -0.009973566047847271, -0.011746103875339031, -0.02424277737736702, 0.006537496577948332, 0.03025750443339348, -0.05062638595700264, -0.02884221449494362, -0.014224337413907051, 0.02200644463300705, 0.029119933024048805, 0.03174092620611191, 0.017644144594669342, 0.0013869937974959612, -0.005591071210801601, -0.0019161381060257554, -0.038861989974975586, -0.01304668840020895, -0.011244929395616055, -0.027355147525668144, -0.013254953548312187, -0.015153956599533558, -0.009823670610785484, -0.003427669173106551, 0.00730157969519496, -0.009029165841639042, -0.04188920930027962, 0.03673767298460007, -0.027270251885056496, -0.038235001266002655, 0.057524096220731735, 0.02118569053709507, 0.03148221597075462, -0.02199469693005085, 0.02399313449859619, 0.006847217679023743, -0.061211369931697845, -0.025540266185998917, 0.024313081055879593, 0.007172941230237484, -0.01148313656449318, 0.007031298242509365, 0.002477849368005991, -0.021282263100147247, 0.06620689481496811, 0.012706165201961994, 0.003539915895089507, 0.006732129957526922, 0.038630712777376175, -0.014083199203014374, 0.0026863652747124434, -0.012640532106161118, -0.010477123782038689, -0.022127944976091385, -0.027552342042326927, -0.04141739383339882, -0.00591586297377944, -0.01151466928422451, -0.00203318172134459, -0.018628239631652832, -0.003068383550271392, 0.025274090468883514, 0.009403204545378685, -0.04765033721923828, -0.007750263903290033, -0.022523606196045876, 0.0007601312245242298, -0.14481182396411896, 0.023486945778131485, -0.000137474897201173, 0.0064941281452775, -0.032179415225982666, 0.0178049448877573, -0.012399629689753056, -0.006144109182059765, 0.014916122891008854, -0.03987908735871315, -0.018121307715773582, -0.07969635725021362, 0.010226971469819546, -0.01613890752196312, 0.02804582566022873, 0.008449306711554527, -0.033878032118082047, -0.021845988929271698, -0.03373480215668678, 0.031249992549419403, -0.013055631890892982, -0.014589116908609867, 0.05424441397190094, -0.02145489491522312, 0.0029461567755788565, -0.011801432818174362, 0.006595987360924482, 0.02636134810745716, -0.00040066728251986206, -0.04210131987929344, 0.015045850537717342, 0.024152440950274467, 0.0459979772567749, 0.028247138485312462, 0.008004819042980671, 0.035224054008722305, 0.003565056947991252, 0.0686972588300705, -0.02515055239200592, 0.006865516304969788, -0.020451797172427177, 0.012600765563547611, -0.029970407485961914, -0.03793874382972717, 0.02658267505466938, 0.02870751917362213, -0.06414683908224106, -0.02287556789815426, -0.011690227314829826, -0.0017988356994464993, 0.012218433432281017, 0.05667946860194206, -0.012799294665455818, 0.001134612481109798, -0.0008105106535367668, 0.0028254659846425056, 0.015191499143838882, 0.006506176665425301, -0.025635629892349243, 0.020259233191609383, 0.026855086907744408, 0.0515916533768177, -0.037066683173179626, -0.04356664419174194, 0.0010484678205102682, 0.019857818260788918, -0.10549690574407578, 0.030204910784959793, -0.013765216805040836, 0.019505683332681656, -0.020702866837382317, -0.009932953864336014, -0.037946783006191254, 0.0058203935623168945, 0.0088560301810503, -0.015443100593984127, -0.012162731029093266, -0.006788992788642645, -0.07074157893657684, 0.004781329073011875, -0.01719740591943264, 0.0005074002547189593, -0.030295809730887413, 0.013115538284182549, 0.007962631061673164, 0.039369553327560425, 0.001499223755672574, -0.010898543521761894, -0.032350216060876846, 0.005122681614011526, -0.020882228389382362, -0.024402188137173653, 2.2685899239149876e-05, 0.05973608419299126, 0.018714772537350655, 0.02721313387155533, 0.0032189323101192713, 0.013541806489229202, 0.007001515477895737, -0.01632203534245491, -0.021405505016446114, -0.023106541484594345, 0.01502661220729351, -0.0005347290425561368, 0.001913604442961514, 0.02857106551527977, 0.03357895836234093, 0.04000403359532356, 0.025238309055566788, -0.007519029546529055, -0.016375429928302765, 0.017306720837950706, -0.045193642377853394, -0.014885885640978813, -0.02384861931204796, -0.04548974707722664, -0.015499007888138294, 0.004510792437940836, -0.013752256520092487, 0.012379826046526432, -0.02331392839550972, 0.0024641586933285, 0.008048692718148232, -0.017316527664661407, 0.002406513085588813, 0.03805681690573692, 0.05652598291635513, 0.013666655868291855, 0.029587918892502785, 0.017318513244390488, -0.01693045161664486, -0.0020799413323402405, 0.01837049424648285, 0.042121004313230515, 0.04087201878428459, -0.012542564421892166, -0.05127287283539772, 0.02959025464951992, -0.02991642989218235, -0.04540165513753891, 0.007960033603012562, -0.025917919352650642, 0.013994487933814526, -0.053305696696043015, 0.002948290668427944, -0.010583666153252125, 0.055033616721630096, 0.018155965954065323, 0.00032169773476198316, -0.027446694672107697, -0.0026207331102341413, 0.01216837391257286, 0.002496122382581234, 0.002443106146529317, -0.01587683893740177, -0.005630218889564276, -0.005861357785761356, -0.026189714670181274, 0.008135740645229816, 0.013646203093230724, -0.045888666063547134, 0.05711781606078148, 0.007177968509495258, -0.03737938031554222, 0.0286661796271801, 0.03916025161743164, -0.04158540815114975, -0.00038361590122804046, 0.0041816746816039085, -0.0038528977893292904, 0.031635068356990814, 0.03192540630698204, -0.01706291176378727, -0.03982561454176903, 0.05465138703584671, 0.03804782032966614, 0.0073375217616558075, 0.05260169878602028, 0.009727869182825089, 0.005712880287319422, 0.013325650244951248, -0.0023940198589116335, 0.02980518527328968, 0.01310957781970501, 0.04054541513323784, 0.02526436746120453, -0.040027324110269547, 0.007275451440364122, 0.004334732890129089, -0.004083527717739344, -0.016698265448212624, -0.0076875146478414536, -0.013569138012826443, -0.017390066757798195, 0.05055047944188118, -0.050494831055402756, -0.011722942814230919, 0.04047257825732231, -0.006765912752598524, 0.06463873386383057, -0.010832755826413631, -0.022206461057066917, -0.00920448824763298, -0.027115974575281143, -0.008806506171822548, -0.039616093039512634, 0.002456007758155465, 0.038907241076231, -0.008593393489718437, 0.009838247671723366, -0.0413811169564724, -0.011895714327692986, -0.05999297648668289, 0.029967112466692924, -0.024452749639749527, -0.016357695683836937, 0.02106826938688755, 0.008798226714134216, -0.010400061495602131, 0.000875044905114919, 0.04659615829586983, -0.039741843938827515, -0.00038210873026400805, -0.02785833738744259, -0.03689434006810188, -0.014594785869121552, 0.01877395436167717, -0.018541039898991585, -0.012475550174713135, -0.0021602099295705557, -0.05220486596226692, 0.008567595854401588, -0.003272111527621746, 0.01071835495531559, 0.00035229948116466403, -0.01054351031780243, 0.028501374647021294, 0.05272126570343971, -0.0031239050440490246, -0.0017957075033336878, 0.01709914207458496, -0.038446683436632156, -0.018883462995290756, -0.09154901653528214]",
15_1_0_errors_next_prerender_current_time_mdx_section_5_code_3,code_snippet,15_1_0_errors_next_prerender_current_time_mdx_section_5,Reactive use case - code_3,,"{'programming_language': 'jsx', 'filename': 'app/page.js', 'switcher': False}",15.1.0,,"import { Timestamp } from './client-components'

export default async function Page() {
  return (
    <main>
      ...
      <Timestamp />
    </main>
  )
}
","[(np.int64(5), np.float64(0.07538703083992004)), (np.int64(7), np.float64(0.07741428911685944)), (np.int64(64), np.float64(0.08436857908964157)), (np.int64(425), np.float64(0.24043267965316772)), (np.int64(1647), np.float64(0.12406497448682785)), (np.int64(4027), np.float64(0.20528654754161835)), (np.int64(22469), np.float64(0.28152281045913696)), (np.int64(28175), np.float64(0.23501528799533844))]",,"[-0.00043033238034695387, -0.004868298768997192, -0.03429882973432541, 0.02422463893890381, 0.0060004573315382, 0.0033758780919015408, 0.027255795896053314, 0.031165188178420067, -0.035165462642908096, 0.019681507721543312, 0.024887552484869957, 0.05610364302992821, 0.004261643160134554, 0.019273942336440086, 0.006682304665446281, 0.05229611694812775, 0.007579017896205187, 0.04287697374820709, 0.02359365113079548, 0.00484804343432188, -0.035861290991306305, 0.0007843304192647338, 0.007722909562289715, -0.013900680467486382, 0.01416815910488367, -0.003415083047002554, 0.011765927076339722, -0.022092971950769424, 0.03078850358724594, 0.006495588459074497, 0.030520649626851082, -0.023141643032431602, 0.009321791119873524, -0.05606336519122124, -0.061340589076280594, -0.00572219118475914, 0.009694634936749935, 0.00832676887512207, -0.06376150995492935, 0.04068978130817413, -0.04666940122842789, -0.021436922252178192, 0.0010182723635807633, -0.022807897999882698, -0.003342866664752364, -0.04583678022027016, 0.05834667757153511, -0.029291067272424698, -0.011363925412297249, -0.018405873328447342, 0.013031422160565853, 0.015219267457723618, 0.014245878905057907, -0.053057484328746796, 0.0036341033410280943, 0.027904806658625603, -0.03954082727432251, -0.01046955306082964, -0.03374938294291496, 0.0036526478361338377, -0.021683648228645325, -0.010700855404138565, -0.0030241527128964663, 0.01979191228747368, 0.010545947588980198, 0.01944674924015999, 0.02371533028781414, 0.015908319503068924, -0.026783090084791183, 0.0014506385196000338, -0.024660201743245125, 0.06205800920724869, -0.09530090540647507, 0.0014969281619414687, -0.058282915502786636, 0.041217416524887085, 0.044829290360212326, -0.012644488364458084, 0.023335019126534462, 0.003603987628594041, -0.012132956646382809, -0.008131267502903938, 0.04370531067252159, -0.01671573892235756, 0.026727773249149323, -0.021200530230998993, -0.04073914512991905, 0.005604617763310671, -0.0307995043694973, 0.0014798932243138552, -0.0164500642567873, -0.03517560288310051, 0.05921583250164986, -0.02810830995440483, -0.010362034663558006, -0.05220241844654083, 0.015932755544781685, 0.026797223836183548, 0.07798841595649719, -0.01096972357481718, 0.02343917079269886, -0.024427123367786407, 0.017658626660704613, -0.005419958848506212, 0.04254135116934776, 0.0060487790033221245, 0.030823688954114914, -0.022908085957169533, -0.016468632966279984, 0.002367883687838912, 0.0046323565766215324, 0.023045234382152557, 0.031399503350257874, -0.007978590205311775, 0.004107991699129343, 0.011463270522654057, 0.0008087147143669426, -0.010455516166985035, 0.011226397007703781, 0.041742876172065735, -0.02810428850352764, 0.0319870226085186, -0.0020178398117423058, -0.007935965433716774, 0.014755334705114365, -0.0027616694569587708, 0.00437834020704031, 0.0385129451751709, -0.008474870584905148, 0.0354837141931057, 0.06720985472202301, 0.040716078132390976, 0.016587084159255028, 0.0026474050246179104, -0.02927122823894024, -7.52768391976133e-05, 0.0007918391493149102, 0.009905548766255379, -0.000431527616456151, -0.022082651033997536, 0.006223728880286217, -0.010861435905098915, -0.08762522786855698, -0.022808775305747986, 0.030336838215589523, -0.032135896384716034, 0.04277997836470604, -0.023539509624242783, -0.018740639090538025, -0.017523014917969704, 0.0007541010272689164, 0.06104542315006256, 0.010963556356728077, -0.012612568214535713, -0.020174233242869377, -0.02537195011973381, 0.006989115383476019, 0.05403248593211174, 0.013442444615066051, -0.00494822533801198, 0.01396910473704338, 0.04005110263824463, -0.02378397434949875, 0.029130401089787483, 0.008941357024013996, -0.02433346025645733, 0.025518052279949188, -0.01827920973300934, -0.023024410009384155, -0.026907753199338913, 0.010651148855686188, -0.01976499706506729, 0.0075446804985404015, 0.0044236318208277225, 0.021560601890087128, 0.0320516936480999, 0.07505305856466293, 0.02544833905994892, 0.015700362622737885, -0.00022663049458060414, -0.013854688964784145, 0.014215868897736073, -0.0034291332121938467, 0.0345149002969265, -0.020074665546417236, 0.013774048537015915, 0.020866647362709045, -0.006519615650177002, 0.0005803443491458893, 0.009023292921483517, -0.0425865575671196, -0.019458608701825142, 0.05592327564954758, 0.03237144649028778, 0.001761205610819161, -0.013499527238309383, 0.003790434915572405, -0.001715789083391428, -0.003894532099366188, 0.0031148192938417196, -0.015790706500411034, 0.026591943576931953, 0.01702927052974701, 0.05129144713282585, 0.01996035687625408, -0.0018226116662845016, 0.010360854677855968, -0.05418624356389046, 0.014666274189949036, 0.03269847109913826, -0.029747603461146355, -0.005441716872155666, -0.025787046179175377, 0.005889338441193104, -0.040435194969177246, 0.0065349796786904335, 0.02337365597486496, 0.06575099378824234, -0.004206348676234484, -0.01563461497426033, -0.014504694379866123, 0.04379701614379883, -0.01590072177350521, 0.04306330531835556, 0.004668212495744228, -0.02076694555580616, 0.027206335216760635, 0.00408097542822361, -0.00028242869302630424, -0.017653590068221092, -0.010344943031668663, -0.00737990066409111, 0.029301289469003677, -0.008464295417070389, 0.033047866076231, -0.050904590636491776, -0.034174468368291855, -0.033977147191762924, 0.024467304348945618, 0.003042902797460556, -0.01859675720334053, 0.029927171766757965, 0.004126648884266615, -0.012116367928683758, -0.013090482912957668, -0.04748872295022011, 0.006758388597518206, -0.020809471607208252, -0.03247649967670441, -0.05092405900359154, -0.010328007861971855, 0.020259788259863853, -0.03338254243135452, 0.0367669016122818, 0.008086252957582474, 0.011217269115149975, 0.015593613497912884, 0.014967343769967556, 0.008644623681902885, 0.006311295088380575, -0.025117017328739166, 0.02916082553565502, -0.033825237303972244, 0.02661260776221752, 0.000603395514190197, -0.008880320005118847, -0.05119822546839714, -0.006345673929899931, 0.02240816503763199, 0.002398052252829075, -0.005782859865576029, -0.013969196006655693, 0.03879925608634949, -0.02594894729554653, 0.0277198925614357, 0.0437711700797081, -0.013220989145338535, -0.03893508389592171, 0.04574843496084213, 0.012536066584289074, -0.016932958737015724, 0.0018097393913194537, 0.05054917559027672, 0.03768708184361458, 0.02543342299759388, -0.0468609444797039, -0.042329054325819016, -0.01120829675346613, -0.006379107479006052, -0.017674701288342476, -0.04289348050951958, 0.028672466054558754, 0.05535924807190895, -0.0242272038012743, -0.0004086444969289005, 0.029848096892237663, -0.007979298010468483, -0.15722961723804474, -0.018415849655866623, -0.010694685392081738, 0.033466801047325134, -0.00959573034197092, 0.01177872996777296, 0.013459190726280212, -0.03922789916396141, -0.003622563323006034, 0.0487062968313694, -0.02509267069399357, -0.061175357550382614, -0.03802933171391487, -0.08405943214893341, 0.004669343587011099, -0.0046153138391673565, -0.016230138018727303, -0.01495404727756977, -0.01714455522596836, -0.011934393085539341, -0.016684433445334435, -0.030926888808608055, 0.0032650057692080736, -0.008570457808673382, -0.007031293120235205, -0.001420899759978056, 0.002314967103302479, -0.009592469781637192, -0.006713812239468098, -0.0144735649228096, 0.0015552033437415957, -0.010098958387970924, -3.591820495785214e-05, 0.01815464161336422, 0.014365113340318203, 0.035818081349134445, 0.01674850657582283, 0.039813242852687836, -0.007189462427049875, 0.02763126790523529, 0.005231307819485664, 0.033995725214481354, -0.012760157696902752, 0.028514236211776733, -0.03970612958073616, -0.04516414552927017, -0.012606117874383926, -0.017025751993060112, -0.01521365623921156, 0.0010042724898084998, 0.04660633206367493, -0.03085600957274437, -0.022157413884997368, 0.03671364113688469, -0.06323380768299103, 0.02906917780637741, -0.013257347978651524, 0.01757463440299034, -0.028899623081088066, 0.01966610550880432, -0.02532779611647129, -0.015403985045850277, -0.005727627780288458, -0.026772232726216316, 0.001180917490273714, -0.017422087490558624, 0.03591100499033928, 0.0007340615266002715, 0.002525828080251813, -0.02956456132233143, 0.05064434930682182, -0.021316250786185265, 0.032442811876535416, 0.0013015150325372815, -0.0055175963789224625, 0.03989959880709648, 0.015867652371525764, -0.02714027278125286, 0.009682553820312023, -0.08438919484615326, -0.04686175286769867, 0.015246782451868057, -0.0006422727601602674, 0.03744891658425331, -0.03380567580461502, -0.02733483538031578, 0.021444007754325867, -0.0017235411796718836, -0.01284878607839346, 0.2704841196537018, 0.03361988067626953, -0.024278715252876282, 0.04105337709188461, 0.07024670392274857, -0.03291737288236618, -0.061107221990823746, -0.0018291296437382698, -0.011304423213005066, -0.007034777197986841, -0.0007838072488084435, -0.026122186332941055, 0.0005070592160336673, -0.025418832898139954, 0.006564541719853878, 0.023626992478966713, -0.051015399396419525, 0.015397115610539913, 0.050082046538591385, -0.025445958599448204, 0.0016206586733460426, -0.027614198625087738, 0.004089392255991697, -0.004636196885257959, -0.07472305744886398, 0.0036244881339371204, -0.0032511563040316105, 0.04611607640981674, -0.002426608232781291, 0.03537783771753311, -0.0413007028400898, 0.06880094110965729, 0.036230601370334625, -0.002697488060221076, -0.01971765048801899, -0.028223155066370964, 0.05488349124789238, -0.07244140654802322, -0.029728885740041733, 0.0007846960215829313, 0.013282446190714836, 0.005589721724390984, 0.015700088813900948, 0.017207376658916473, -0.026662170886993408, -0.04488508775830269, 0.006601662375032902, -0.026560675352811813, -0.003100864589214325, -0.025761784985661507, 0.055409062653779984, -0.059423696249723434, -0.0030505768954753876, -0.009557233192026615, 0.015347862616181374, -0.004736222792416811, -0.0020387538243085146, -0.0036164564080536366, 0.024379771202802658, 0.022155459970235825, 0.02248353697359562, 0.010817448608577251, -0.004246228840202093, -0.0148747768253088, -0.011882225051522255, 0.0259843859821558, -0.0005297710304148495, -0.03172113746404648, 0.013583273626863956, 0.0007586477440781891, 0.005044066347181797, -0.00689804507419467, 0.0039620958268642426, 0.00816607940942049, -0.010067909955978394, -0.019377434626221657, 0.05522395670413971, 0.0010621444089338183, -0.07256554067134857, 0.07674839347600937, -0.047818224877119064, -0.000743080978281796, -0.03357299789786339, 0.03125716373324394, -0.003855041926726699, -0.010569791309535503, -0.02228996902704239, 0.06768478453159332, -0.018682073801755905, 0.004504583775997162, -0.024764733389019966, 0.01011783629655838, -0.004679845180362463, 0.02382941171526909, 7.984323019627482e-05, 0.018504368141293526, -0.008861621841788292, -0.025665072724223137, -0.014507629908621311, 0.03986474871635437, -0.025132592767477036, -0.024425363168120384, 0.01147562824189663, -0.06896565109491348, 0.018466796725988388, 0.006801106967031956, 0.05235254019498825, -0.0511079765856266, 0.01197352446615696, 0.01502261683344841, -0.08518637716770172, 0.03866773098707199, 0.0009094042470678687, -0.011961239390075207, 0.00706184096634388, 0.02841627039015293, 0.05455426871776581, 0.019366998225450516, 0.03248108550906181, 0.02420138381421566, -0.026184484362602234, -0.007695348933339119, -0.0020491580944508314, -0.026301579549908638, -0.021777445450425148, -0.05720476433634758, -0.03762931376695633, -0.035994865000247955, -0.021373214200139046, 0.004320822190493345, 0.011221942491829395, -0.02325984090566635, 0.009120825678110123, 0.008067461661994457, 0.008354615420103073, -0.014902796596288681, 0.008431294932961464, 0.05359939485788345, 0.027043377980589867, 0.006483021657913923, -0.05724816024303436, -0.04032069817185402, -0.0008361469372175634, 0.03678036481142044, 0.03886723145842552, 0.04600391164422035, 0.0490511916577816, 0.02456006035208702, -0.03740237280726433, 0.0338253378868103, 0.06339243054389954, 0.04970620945096016, 0.015387341380119324, -0.013957484625279903, 0.004314545542001724, -0.026988152414560318, -0.019867777824401855, -0.01354897115379572, -0.008686408400535583, -0.01589950919151306, -0.004265111871063709, 0.004277019761502743, 0.02551412209868431, 0.04491075500845909, -0.0011084917932748795, -0.01161842793226242, -0.07061854749917984, -0.0008883155533112586, -0.028522957116365433, 0.006703214254230261, 0.015985267236828804, -0.0182526633143425, -0.04349337890744209, 0.012712324969470501, -0.018668171018362045, -0.007245845627039671, -0.06624672561883926, 0.009528098627924919, 0.006062256637960672, -0.04458604380488396, -0.026578176766633987, 0.017470870167016983, -0.05678928270936012, -0.022652676329016685, 0.04051259532570839, 0.028478438034653664, -0.00319983484223485, -0.0030225960072129965, 0.009918411262333393, -0.03722542151808739, -0.07699399441480637, 0.13011154532432556, 0.0029184515587985516, -0.02493738755583763, 0.013863901607692242, 0.006723122671246529, 0.03213633596897125, 0.018510939553380013, 0.02366551011800766, -0.01943790540099144, -0.005000220611691475, 0.03156841918826103, -0.010585268959403038, 0.024135245010256767, -0.05340756103396416, -0.013183061964809895, -0.02019762247800827, 0.005336218513548374, -0.024744996801018715, 0.04654698073863983, -0.0018699167994782329, 0.010323974303901196, -0.006617034785449505, -0.0015048531349748373, 0.049682844430208206, -0.020908018574118614, 0.07597993314266205, 0.06315986812114716, 0.010473166592419147, -0.0141533762216568, -0.03401266410946846, -0.004062048625200987, -0.02127959206700325, 0.004385069943964481, 0.01697443053126335, 0.018186017870903015, -0.013012477196753025, -0.03060014173388481, -0.02524063177406788, 0.0129325482994318, -0.009997338987886906, 0.008710324764251709, 0.021705158054828644, -0.012498725205659866, 0.024482829496264458, -0.03518158569931984, 0.00804260466247797, 0.04734513908624649, 0.013726228848099709, -0.007697315886616707, 0.015640290454030037, 0.006175560411065817, 0.011636519804596901, 0.04004289209842682, 0.006892082747071981, 0.029418596997857094, -0.052109599113464355, 0.008898007683455944, -0.0025873978156596422, 0.028639987111091614, -0.003070924896746874, 0.010078495368361473, 0.04547923058271408, -0.014132251963019371, 0.014783578924834728, 0.020257916301488876, -0.004795381333678961, 0.013174785301089287, -0.043955106288194656, -0.006172067020088434, 0.015188389457762241, 0.03727662190794945, -0.014639805071055889, 0.01023714616894722, -0.004508105106651783, -0.03226066008210182, 0.03974763676524162, -0.10015524178743362, -0.022636115550994873, -0.006639247294515371, -0.0036384861450642347, -0.012142081744968891, -0.019535932689905167, -0.06131767854094505, 0.04517293721437454, 0.03568565100431442, 0.03636838123202324, 0.005589445121586323, 0.033417925238609314, -0.008634256199002266, -0.03488345444202423, -0.04345220327377319, 0.01769048534333706, -0.039816949516534805, 0.00795220211148262, 0.026079989969730377, 0.007384814787656069, -0.021428978070616722, 0.03126227855682373, -0.062079787254333496, -0.024209830909967422, -0.0012518827570602298, -0.062352247536182404, 0.03890088573098183, -0.030324436724185944, -0.015691712498664856, -0.037628885358572006, 0.053217146545648575, 0.0023636389523744583, 0.019592823460698128, 0.016564391553401947, -0.0027264703530818224, -0.030128275975584984, -0.020234445109963417, -0.018710527569055557, 0.050221651792526245, -0.011166976764798164, 0.012126480229198933, -0.015280656516551971, 0.02062106691300869, 0.0018098130822181702, -0.048402298241853714, 0.012244210578501225, 0.01829022541642189, 0.011542455293238163, -0.015513598918914795, -0.021008748561143875, -0.011395029723644257, 0.027046771720051765, -0.020927181467413902, 0.01486178021878004, -0.024905797094106674, 0.02061273716390133, -0.035879287868738174, 0.0015953053953126073, -0.011629441753029823, 0.009219277650117874, -0.015551873482763767, -0.01456336211413145, -0.007791187148541212, -0.002040513325482607, 0.00798974558711052, 0.011259092949330807, -0.01110910065472126, -0.03311379998922348, 0.021183399483561516, 0.0366782508790493, 0.0006185070960782468, 0.04083922877907753, 0.019878946244716644, -0.0009936911519616842, -0.005901919212192297, 0.051177993416786194, -0.03971109166741371, 0.01177073922008276, -0.012703773565590382, -0.0074058836326003075, -0.011041576974093914, -0.00022247784363571554, -0.029183346778154373, -0.04995547980070114, 0.029429052025079727, -0.0020002364180982113, -0.03903593495488167, -0.01538585964590311, -0.059955161064863205, -0.005990910809487104, 0.054104167968034744, 0.05318448320031166, -0.011841963976621628, 0.006420498248189688, 0.020567655563354492, -0.012610876932740211, -0.060594674199819565, -0.01603660359978676, 0.004564397968351841, 0.01613442227244377, 0.03517747297883034, -0.027382610365748405, 0.014859803020954132, -0.0027059162966907024, 0.05797814577817917, 0.0051564062014222145, 0.023024776950478554, -0.005201883614063263, 0.032957740128040314, -0.04241457208991051, 0.0043347859755158424, -0.008567975834012032, -0.038219667971134186, -0.015522981062531471, -0.05458030849695206, -0.048223160207271576, -0.024796154350042343, -0.012789256870746613, -0.027367528527975082, -0.003567793872207403, -0.05140294134616852, 0.006861530244350433, 0.02589402161538601, -0.047455329447984695, -0.04899059236049652, -0.020264355465769768, -0.03315852954983711, -0.17299966514110565, -0.002604268491268158, -0.011455444619059563, 0.00221468904055655, -0.04207264259457588, 0.003803948173299432, -0.04623235762119293, -0.07069443166255951, 0.04444826766848564, -0.006164150312542915, 0.007693668361753225, -0.05367289111018181, 0.02916553057730198, -0.02077057957649231, -0.011835050769150257, 0.038030847907066345, 0.0216358732432127, -0.009645589627325535, -0.023629751056432724, -0.004463613964617252, -0.011640505865216255, -0.004364631604403257, 0.06573652476072311, 0.004166979808360338, -0.010166550055146217, 0.01366357784718275, 0.018144378438591957, 0.04013090208172798, -0.015078111551702023, -0.0010499237105250359, 0.03758738189935684, -0.005752529017627239, 0.02247476950287819, 0.01601576618850231, 0.013119830749928951, 0.03308267146348953, 0.008448526263237, 0.03891895338892937, -0.004136014264076948, 0.031432315707206726, -0.014218197204172611, 0.009243100881576538, -0.04451306164264679, -0.0016183719271793962, 0.009800119325518608, 0.012452425435185432, 0.004565353039652109, -0.02609536424279213, -0.02069707214832306, 0.0015624103834852576, 0.06104273349046707, -0.0039014278445392847, -0.004489918705075979, 0.020433081313967705, -0.010044984519481659, -0.02075371704995632, -0.0038018098566681147, 0.01463062409311533, -0.01281690876930952, 0.02487459033727646, -0.03485036641359329, 0.008251296356320381, -0.010110411792993546, -0.08135910332202911, 0.038324929773807526, 0.03331832215189934, -0.04796305298805237, 0.025421012192964554, -0.004068808164447546, 0.004316455684602261, -0.02929249033331871, 0.0032691918313503265, -0.013423957861959934, -0.013744475319981575, 0.0059740254655480385, 0.02282523922622204, 0.02801504172384739, 0.010420627892017365, -0.06012265011668205, 0.021892346441745758, -0.03530989587306976, 0.0055518485605716705, -0.019247569143772125, 0.03623630478978157, 0.0249430350959301, 0.028656892478466034, -0.007345967460423708, 0.003967661410570145, -0.042135871946811676, -0.018145957961678505, -0.012180771678686142, -0.016096001490950584, 0.003359346417710185, 0.02701468952000141, 0.030449405312538147, 0.012298093177378178, -0.03194809332489967, -0.012026642449200153, 0.0070629301480948925, -0.005908094812184572, 0.011054660193622112, -0.00900124479085207, -0.009623919613659382, 0.0063703907653689384, -0.03512025997042656, 0.005528617650270462, 0.03886277601122856, 0.0011285686632618308, -0.007491906173527241, -0.024212036281824112, -0.037318162620067596, 0.02929426170885563, -0.06386103481054306, -0.008673188276588917, -0.07285857945680618, -0.037513360381126404, 0.01731162704527378, -9.96823946479708e-05, -0.02632768638432026, -0.050040680915117264, -3.25173677993007e-05, -0.031580954790115356, -0.01636439748108387, -0.034144751727581024, 0.04656274989247322, 0.043010830879211426, 0.03186171129345894, 0.041325412690639496, 0.06571847200393677, 0.005466575268656015, -0.00846758671104908, -0.017961660400032997, 0.03422539681196213, 0.05017755180597305, 0.04377446696162224, 0.004009051248431206, -0.02052636630833149, 0.03418669104576111, -0.04467063397169113, -0.03233959898352623, -0.01235390268266201, -0.012707415036857128, 0.02816513366997242, -0.0467284731566906, -0.010402392596006393, -0.004330476745963097, 0.08506403118371964, -0.040348976850509644, 0.025935925543308258, 0.02729892171919346, -0.024360734969377518, -0.003991221077740192, -0.03690022975206375, 0.01566178910434246, -0.02931174449622631, -0.005210349336266518, -0.03404032811522484, -0.004683349281549454, -0.031252022832632065, 0.025990400463342667, -0.028868114575743675, -0.02305629476904869, 0.0021453159861266613, -0.023292282596230507, 0.002898175735026598, 0.010151652619242668, -0.04197011888027191, 0.006995311472564936, 0.0009633949375711381, 0.022852236405014992, 0.0165847297757864, -0.012566222809255123, -0.018147051334381104, -0.056589558720588684, 0.08094702661037445, 0.015764903277158737, 0.008124684914946556, -0.030497178435325623, 0.03374664485454559, 0.00840215664356947, 0.019773606210947037, 0.016113854944705963, 0.019557204097509384, 0.0089488560333848, 0.03986978903412819, 0.0320633128285408, 0.025530241429805756, 0.015886925160884857, 0.00372668681666255, -0.04306448623538017, -0.027975324541330338, 0.0019473293796181679, 0.030029762536287308, -0.0010650486219674349, 0.009634286165237427, -0.06165800616145134, -0.03078555315732956, -0.0005109329358674586, 0.005106673110276461, 0.07370918989181519, 0.016363322734832764, 0.011484713293612003, -0.015202273614704609, -0.022203432396054268, 0.005123606417328119, 0.015796413645148277, -0.01184327807277441, 0.017598353326320648, -0.0032030055299401283, 0.01422740239650011, -0.01122952438890934, 0.020922301337122917, -0.03268278017640114, 0.004691471811383963, -0.015889450907707214, -0.03009636327624321, 0.01339950691908598, 0.06011074781417847, -0.03538605570793152, 0.004388943314552307, 0.030353521928191185, -0.024385541677474976, -0.026675689965486526, -0.038305703550577164, -0.020521890372037888, -0.0060477000661194324, -0.0030833128839731216, 0.008427976630628109, -0.01121550239622593, -0.02197558432817459, -0.045599523931741714, -0.029583727940917015, 0.022296642884612083, -0.004406203981488943, -0.042229510843753815, -0.0007189911557361484, 0.003371619153767824, 0.03302549198269844, -0.00664491904899478, 0.01119722705334425, -0.0006964588537812233, 0.010820644907653332, -0.028539320454001427, -0.022153068333864212]",
15_1_0_errors_next_prerender_current_time_mdx_section_6,section,15_1_0_errors_next_prerender_current_time_mdx,"Cannot infer intended usage of current time with `Date.now()`, `Date()`, or `new Date()` - Request-time use case",,{},15.1.0,"If you want the current time to represent the time of a user Request, add `` before you read the current time. This instructs Next.js that everything after the `` requires there to be a user Request before it can run. If you add `` you will also need to ensure there is a Suspense boundary somewhere above the waiting component that describes a fallback UI React can use. The Suspense can be anywhere in the parent component stack but it is shown here above the waiting component for demonstration purposes.
Before:
After:
",,"[(np.int64(4), np.float64(0.05103688687086105)), (np.int64(16), np.float64(0.018622539937496185)), (np.int64(132), np.float64(0.02224550023674965)), (np.int64(678), np.float64(0.014658331871032715)), (np.int64(853), np.float64(0.08404341340065002)), (np.int64(1733), np.float64(0.23581096529960632)), (np.int64(4171), np.float64(0.02698444575071335)), (np.int64(4527), np.float64(0.1512024998664856)), (np.int64(6032), np.float64(0.21613557636737823)), (np.int64(7225), np.float64(0.1545526683330536)), (np.int64(10869), np.float64(0.11406402289867401)), (np.int64(25512), np.float64(0.20609918236732483)), (np.int64(35613), np.float64(0.22046101093292236)), (np.int64(43581), np.float64(0.19980710744857788)), (np.int64(53498), np.float64(0.2633359432220459)), (np.int64(54936), np.float64(0.15467557311058044)), (np.int64(75616), np.float64(0.2314721941947937)), (np.int64(86291), np.float64(0.18830907344818115)), (np.int64(127689), np.float64(0.19322063028812408)), (np.int64(179140), np.float64(0.2367972880601883))]","[-0.034848254173994064, 0.0027107580099254847, -0.007968557998538017, 0.028126932680606842, -0.0269827488809824, -0.018762826919555664, 0.012599961832165718, -0.007980188354849815, -0.007054160814732313, 0.006626044400036335, 0.01384161040186882, -0.009307720698416233, 0.01400249544531107, 0.0030297385528683662, -0.0067358375526964664, 0.04771699383854866, 0.021787837147712708, 0.03671518713235855, 0.019375678151845932, -0.023482734337449074, -0.01813657581806183, -0.020269326865673065, -0.03546514734625816, 0.029782017692923546, 0.03281676024198532, 0.004413444083184004, -0.013276095502078533, -0.014701725915074348, 0.02762642875313759, 0.06140663102269173, 0.04610792174935341, -0.03312971070408821, 0.020251555368304253, -0.0015300206141546369, -0.03160134702920914, -0.04075636714696884, -0.014786344021558762, -0.0014536872040480375, -0.0238454919308424, 0.021723611280322075, 0.003835911862552166, -0.027971668168902397, 0.008550314232707024, 0.04615868628025055, 0.019422955811023712, -0.027404900640249252, 0.005983560346066952, -0.02866731584072113, 0.011802315711975098, -0.03405342996120453, -0.02974143996834755, 0.01609756611287594, 0.0318261981010437, -0.017204653471708298, 0.008077465929090977, 0.029742514714598656, 0.0023512074258178473, -0.022485531866550446, -0.020094966515898705, 0.03804255649447441, -0.056572288274765015, -0.03961680829524994, -0.04827206954360008, 0.04796237498521805, -0.004770431201905012, 0.026283586397767067, 0.014914346858859062, 0.01891338638961315, -0.021406643092632294, -0.03903929516673088, 0.0032726104836910963, 0.002618722850456834, -0.03969523683190346, -0.04548513516783714, -0.02466615103185177, 0.024307481944561005, 0.011613426730036736, -0.02740003541111946, -0.022464768961071968, 0.0359523743391037, 0.0005574992392212152, -0.01746826246380806, 0.05359736084938049, -0.014513112604618073, 0.03876497223973274, 0.02014036849141121, -0.035383112728595734, 0.01508118212223053, 0.019306745380163193, 0.013160521164536476, 0.01095553208142519, -0.0259854719042778, 0.0424819141626358, -0.04708995297551155, 0.014288325794041157, -0.015646835789084435, -0.0371582917869091, -0.031056761741638184, 0.10418133437633514, -0.029294662177562714, -0.011073718778789043, -0.03602961450815201, 0.029252536594867706, -0.006416086573153734, 0.0060323565267026424, 0.0300423763692379, 0.06410103291273117, 0.039554163813591, 0.013837571255862713, -0.006044108886271715, 0.009769029915332794, 0.0414065457880497, 0.006033094599843025, 0.045410800725221634, 0.02222524583339691, -0.009614131413400173, 0.009997564367949963, -0.01798771135509014, -0.011599798686802387, -0.04913439601659775, 0.033759817481040955, 0.018613401800394058, 0.01054635364562273, 6.79828372085467e-06, 0.007227260619401932, -0.005491709336638451, -0.00524776941165328, 0.06579070538282394, -0.017650002613663673, 0.043214283883571625, 0.01801333576440811, 0.01888863556087017, 0.010238954797387123, 0.010844234377145767, -0.06967557221651077, 0.021966928616166115, 0.0007820385508239269, 0.046451665461063385, 0.03208838403224945, -0.03573835268616676, 0.03127811849117279, 0.004340445157140493, -0.016372323036193848, 0.0005848701694048941, 0.044162388890981674, -0.007210699841380119, 0.02677730843424797, -0.001015944522805512, 0.01222716923803091, -0.008365397341549397, -0.014698920771479607, 0.023059740662574768, -0.003571474691852927, -0.0424862802028656, -0.0018681066576391459, 0.033090244978666306, 0.00900124292820692, 0.006218831054866314, 0.0034173945896327496, 0.014970127493143082, -0.02548220008611679, -0.007487164810299873, -0.04649906978011131, 0.057004086673259735, 0.03176426887512207, 0.04171423986554146, -0.01888168416917324, -0.03572055697441101, -0.059851378202438354, 0.003740328596904874, -0.02190849930047989, -0.0012957695871591568, 0.036403778940439224, -0.0029694971162825823, 0.006725866347551346, 0.047558438032865524, 0.021137384697794914, 0.01379297487437725, -0.05347546562552452, -0.012145188637077808, -0.07351507246494293, 0.02160424366593361, 0.02319110557436943, -0.013087036088109016, -0.030150458216667175, 0.029585761949419975, -0.024088500067591667, -0.02853277511894703, -0.014998032711446285, 0.01701964996755123, -0.04892214387655258, -0.015463786199688911, 0.02946329489350319, -0.025202762335538864, 0.010898538865149021, -0.03109036386013031, 0.034233368933200836, -0.03228594362735748, -0.0011530291521921754, -0.011134334839880466, -0.014427047222852707, -0.001091532176360488, -0.00015209909179247916, -0.0003149283293168992, -0.030547412112355232, -0.006665783002972603, -0.060298725962638855, -0.0065189143642783165, 0.035486336797475815, -0.03235255181789398, 0.007022486533969641, 0.003473229706287384, 0.007985500618815422, 0.020980143919587135, -0.04646064341068268, 0.039028964936733246, 0.0023528840392827988, 0.04387422278523445, 0.014651988632977009, -0.04650966078042984, 0.010199620388448238, 0.006294506136327982, -0.00440987478941679, -0.02197655476629734, -0.019002197310328484, 0.0029201600700616837, 0.011263594962656498, 0.0431278720498085, -0.025149120017886162, 0.009249957278370857, 0.025053618475794792, -0.011539235711097717, 0.020417051389813423, -0.007126452401280403, 0.021801134571433067, -0.057819001376628876, -0.028233660385012627, 0.02112884260714054, 0.005929783917963505, 0.04425536468625069, -0.021072397008538246, -0.029647184535861015, 0.0533832386136055, 0.010986103676259518, -0.0005644806660711765, -0.048253390938043594, 0.011816399171948433, 0.0001853363064583391, -0.03135143592953682, -0.001620178809389472, 0.013347256928682327, -0.005082695744931698, -0.030092328786849976, 0.015811705961823463, 0.0005942538846284151, 0.008695743978023529, 0.009202223271131516, -0.004453327506780624, 0.003355809487402439, -0.004897110164165497, 0.03638793155550957, 0.03791757673025131, 0.016721945255994797, 0.024581866338849068, 0.03310198336839676, -0.026790615171194077, -0.019931068643927574, 0.0039763012900948524, -0.007534375414252281, -0.003079107729718089, 0.0010657586390152574, 0.010597682558000088, 0.0114584444090724, -0.03336121141910553, 0.027970755472779274, 0.08561138063669205, -0.024015480652451515, -0.0179209616035223, 0.07412309944629669, 0.038895849138498306, -0.0077109853737056255, 0.016404610127210617, 0.048387885093688965, 0.010753300972282887, 0.04605626314878464, -0.06056486815214157, 0.01569090411067009, 0.03350324556231499, 0.014150726608932018, -0.031920354813337326, 0.004197575151920319, 0.018496807664632797, 0.06713894009590149, -0.034279461950063705, -0.03304050490260124, 0.0020105482544749975, 0.005388217978179455, -0.15156197547912598, -0.013479422777891159, 0.012023632414638996, -0.00918678566813469, 0.00858259852975607, 0.05166755989193916, -0.03022989258170128, -0.024073831737041473, 0.0037425211630761623, 0.07791630923748016, 0.01943397894501686, -0.056846920400857925, 0.059154994785785675, -0.009021769277751446, -0.006818860769271851, 0.01775364764034748, -0.030162706971168518, -0.02807866409420967, 0.003452266100794077, -0.04231683537364006, -0.010016664862632751, -0.0414280965924263, 0.03538467362523079, -0.01289272028952837, -0.022733213379979134, 0.008073609322309494, 0.02022401988506317, -0.006548484321683645, -0.05069689080119133, 0.01597599871456623, -0.02998124063014984, 0.007643665187060833, -0.004949016030877829, -0.007509368937462568, -0.011324083432555199, 0.04047192633152008, 0.011496239341795444, 0.026961060240864754, 0.006245773751288652, -0.005771330092102289, 0.02572501078248024, 0.035626985132694244, -0.015987973660230637, -0.0043789357878267765, 0.04629688709974289, -0.05090866982936859, -0.03502390906214714, -0.022335385903716087, -0.014635764993727207, -0.04413134232163429, 0.00877725426107645, -0.011263763532042503, -0.025163868442177773, 0.02106124348938465, -0.052488043904304504, -0.0019606167916208506, 0.03934913128614426, 0.03204535320401192, -0.028496816754341125, 0.024668516591191292, 0.002601772313937545, -0.0221793744713068, 0.03209780901670456, -0.03479844331741333, -0.06187053024768829, 0.01560975145548582, 0.028924837708473206, 0.0025584858376532793, 0.04365663602948189, -0.04261673986911774, 0.01788480579853058, -0.014731080271303654, 0.03186666965484619, -0.003250147681683302, -0.017112042754888535, 0.025207944214344025, -0.009114047512412071, -0.017009207978844643, 0.01284207683056593, -0.0777163878083229, 0.015121497213840485, 0.0041704499162733555, -0.02950437180697918, 0.05680931359529495, -0.026199862360954285, -0.033841103315353394, -0.011898587457835674, 0.019472040235996246, 0.02607223205268383, 0.21430636942386627, 0.0858735665678978, 0.01610848680138588, -0.010198503732681274, 0.03725705295801163, 0.018163280561566353, -0.011082450859248638, 0.019865835085511208, -0.005660670343786478, -0.034219302237033844, -0.009482772089540958, -0.025059690698981285, 0.004378305282443762, -0.027254171669483185, 0.012112257070839405, 0.01641925424337387, -0.045012954622507095, 0.0048047020100057125, 0.0461236871778965, -0.014686862006783485, 0.03694125637412071, -0.004127312917262316, 0.022177021950483322, -0.0007067644619382918, -0.06349186599254608, 0.03375294804573059, 0.0024131580721586943, -0.003992063924670219, -0.005683798808604479, 0.013377687893807888, -0.018717071041464806, 0.057159584015607834, 0.03287139907479286, -0.03923242166638374, -0.03471328318119049, -0.05465297773480415, 0.020535988733172417, -0.013159599155187607, -0.059777263551950455, 0.013419551774859428, -0.014926047995686531, -0.013611579313874245, 0.007345350459218025, 0.02361392043530941, -0.006226188037544489, -0.016126329079270363, 0.0006537808803841472, -0.026378506794571877, -0.053858932107686996, -0.005116356536746025, 0.01133632566779852, -0.024162087589502335, -0.01639307104051113, -0.0089295394718647, 0.03593478351831436, -0.03161175176501274, 0.020355507731437683, 0.011684000492095947, 0.0006534553249366581, 0.049440570175647736, -0.03904128074645996, 0.002741719363257289, -0.016595078632235527, 0.046146292239427567, -0.020055681467056274, 0.031104354187846184, 0.05117179825901985, -0.041520897299051285, -0.000380767451133579, 0.02867877669632435, -0.0021615696605294943, 0.010855384171009064, -0.014626417309045792, -0.02359636314213276, -0.001751145115122199, 0.012774812988936901, -0.0006499688606709242, 0.021977223455905914, -0.05691158398985863, 0.040846746414899826, -0.017536690458655357, -0.015676436945796013, 0.0046019223518669605, 0.01925387792289257, 0.019733736291527748, -0.02216220833361149, 0.0032123036216944456, 0.06962398439645767, -0.03081870824098587, -0.009181920439004898, -0.03513677790760994, 0.009379626251757145, -0.04386194795370102, 0.031091593205928802, -0.041189685463905334, 0.004845514427870512, 0.060158438980579376, 0.0021718591451644897, -0.027336476370692253, 0.02155996672809124, -0.012039139866828918, -0.004321578424423933, 0.008722024038434029, -0.02670426480472088, 0.017628896981477737, -0.08068639039993286, 0.007144598755985498, -0.02154218964278698, 0.025516649708151817, 0.03188925236463547, -0.06321554630994797, -0.034158386290073395, 0.026823874562978745, -0.03678809851408005, -0.00704277353361249, 0.07229424268007278, 0.05029211938381195, 0.03658657148480415, 0.043739788234233856, 0.019451096653938293, 0.002750836778432131, 0.008662178181111813, 0.06191191449761391, -0.03769097849726677, -0.028093330562114716, -0.047172266989946365, -0.0003845573228318244, -0.04619112238287926, -0.035823140293359756, 0.035434819757938385, 0.003202762920409441, -0.010637763887643814, -0.06934230029582977, 0.017024310305714607, 0.042412638664245605, -0.025358496233820915, 0.06005175784230232, -0.002301933243870735, 0.0260297991335392, 0.02292948216199875, -0.020573388785123825, -0.06806973367929459, -0.018855378031730652, 0.008735856972634792, 0.032970529049634933, 0.06165740638971329, -0.024197280406951904, -0.005354707129299641, -0.054070185869932175, 0.03038804791867733, 0.043297991156578064, 0.06815686821937561, -0.004475683905184269, -0.03964606299996376, -0.030905984342098236, -0.044756483286619186, -0.029544919729232788, 0.020044073462486267, -0.020003682002425194, 0.016929859295487404, 0.0025960481725633144, 0.00823470763862133, 0.0048432922922074795, 0.012722153216600418, 0.0178364384919405, -0.0041506411507725716, -0.022991985082626343, 0.05531531199812889, -0.008202048018574715, 0.001307287602685392, -0.017816632986068726, -0.05544298142194748, 0.0012942672474309802, 0.0375521183013916, -0.024119241163134575, 0.007047475315630436, -0.07264789938926697, 0.04264267906546593, 0.003030740190297365, -0.04777447134256363, 0.020016226917505264, -0.03224753960967064, -0.03881821781396866, -0.01054015289992094, 0.026645153760910034, -0.02387346513569355, 0.007938705384731293, -0.035431157797575, 0.02102220430970192, -0.03518946096301079, -0.01169636007398367, 0.12496993690729141, -0.03460288420319557, -0.030133221298456192, 0.1009477972984314, -0.04117986559867859, 0.08856908231973648, 0.006332957185804844, -0.015274734236299992, -0.04460651054978371, -0.053084906190633774, 0.009255027398467064, -0.019527830183506012, 0.011137696914374828, 0.0033628856763243675, -0.031050322577357292, 0.0072185383178293705, -0.0072652846574783325, -0.05033116042613983, 0.03173992037773132, 0.042866311967372894, 0.02201160416007042, -0.002839361084625125, -0.002602354157716036, 0.05654839426279068, -0.0049875034019351006, 0.036248642951250076, 0.04318461939692497, -0.0030045285820961, 0.007599513046443462, -0.0504949614405632, -0.014612589031457901, 0.031754154711961746, -0.045081742107868195, 0.01872229017317295, 0.02364921197295189, 0.031179198995232582, -0.015505580231547356, 0.042783934623003006, -0.020575186237692833, -0.01800270564854145, 0.020641306415200233, -0.011794035322964191, -0.01010233536362648, 0.0003644401440396905, -0.014681014232337475, 0.004498399794101715, 0.016998793929815292, -0.03407716751098633, -0.041969358921051025, -0.010774524882435799, 0.019207244738936424, 0.051569677889347076, 0.04629248008131981, 0.01937214843928814, -0.023695632815361023, -0.031628530472517014, -0.020093407481908798, 0.017858179286122322, 0.029358552768826485, -0.01192238088697195, -0.031984150409698486, -0.0011132819345220923, 0.006770576816052198, 0.03519069030880928, -0.004561486188322306, 0.013490728102624416, 0.019147414714097977, -0.021612899377942085, -0.06996148079633713, -0.005650032311677933, 0.013134139589965343, 0.006618521176278591, -0.02279682084918022, -0.03145643323659897, -0.013712807558476925, 0.026325756683945656, -0.06346907466650009, -0.02148531563580036, -0.062269020825624466, 0.030510313808918, 0.0074004000052809715, -0.004047666676342487, -0.052721619606018066, 0.01668173260986805, -0.032337483018636703, -0.01906541734933853, 0.034747812896966934, 0.03648778423666954, -0.004206814803183079, -0.025577541440725327, 0.033668629825115204, 0.014606949873268604, 0.04468829557299614, -0.04856159910559654, -0.009823192842304707, 0.03202236816287041, 0.004786639474332333, 0.009917475283145905, -0.07140128314495087, 0.019820738583803177, -0.0018929534126073122, -0.031957682222127914, 0.006184946745634079, -0.01919558458030224, -0.013657953590154648, -0.005787864327430725, 0.01875654235482216, 0.00418062461540103, 0.033491265028715134, 0.00286208582110703, -0.034874871373176575, -0.02306940220296383, -0.02588510513305664, -0.027720605954527855, 0.04039130359888077, -0.024365710094571114, -0.01807056926190853, 0.054878536611795425, -0.015254545956850052, -0.028341121971607208, -0.05396726727485657, 0.03270759433507919, 0.027902549132704735, 0.04046616703271866, 0.00047733139945194125, 0.04770581051707268, -0.047866445034742355, -0.002748630242422223, -0.010446390137076378, 0.018590470775961876, -0.021488990634679794, -0.018473530188202858, 0.009030049666762352, -0.02858864702284336, 0.028926638886332512, 0.03125565126538277, -0.04785654693841934, -0.024919724091887474, -0.028099384158849716, 0.014568259008228779, -0.04642292112112045, -0.006366329733282328, -0.008342537097632885, -0.03012310154736042, -0.012797422707080841, 0.0029112673364579678, -0.05728231742978096, 0.03620758280158043, 0.0015686487313359976, -0.027372632175683975, -0.048943471163511276, 0.030368627980351448, -0.02939734235405922, -0.003218512749299407, -0.00021790082973893732, -0.024824360385537148, -0.020765874534845352, 0.006709082517772913, -0.015692217275500298, 0.028873108327388763, -0.0043381513096392155, -0.01774860918521881, -0.029702745378017426, -0.018210530281066895, -0.005673518870025873, -0.014332163147628307, 0.0365578792989254, 0.045592743903398514, 0.034284934401512146, -0.03597874194383621, 0.033663034439086914, -0.039373014122247696, -0.02187003195285797, 0.017242850735783577, 0.033842943608760834, 0.008398523554205894, -0.003072557970881462, 0.0152362622320652, -0.03445097431540489, -0.01034627016633749, 0.021097969263792038, 0.05430729687213898, -0.006075055338442326, 0.013929309323430061, -0.008503682911396027, -0.014078838750720024, 0.004107693210244179, 0.0003622593358159065, 0.02800005115568638, -0.03739842772483826, -0.026658354327082634, 0.002826381241902709, -0.005494996905326843, -0.0065303402952849865, -0.05562752112746239, 0.0038332673721015453, -0.028479259461164474, 0.029721960425376892, 0.024374332278966904, -0.040985122323036194, 0.03547590225934982, -0.04372546076774597, 0.01713746227324009, -0.1454320251941681, 0.032826099544763565, -0.004766516387462616, 0.018511636182665825, -0.0014207949861884117, 0.006363121792674065, -0.0216425321996212, -0.01628185249865055, -0.014361643232405186, -0.027014482766389847, -0.03690207749605179, -0.0835852175951004, 0.022029250860214233, -0.029554592445492744, -0.0002789468562696129, 0.013912295922636986, -0.05764203146100044, -0.0059942519292235374, -0.037341825664043427, -0.015242034569382668, 0.0006655477336607873, -0.004104292020201683, 0.014077291823923588, 0.0026731339748948812, -0.011635679751634598, -0.020993830636143684, -0.013291167095303535, 0.019125154241919518, -0.006105450447648764, -0.023076411336660385, 0.026465922594070435, -0.01196399424225092, 0.004984050523489714, 0.043566323816776276, 0.014012631960213184, 0.021789442747831345, 0.004118242301046848, 0.011843525804579258, -0.002185374964028597, 0.015095516107976437, 0.017353413626551628, 0.03231227025389671, -0.01033287588506937, -0.03660203143954277, 0.01531150657683611, 0.033033691346645355, -0.01618615724146366, 0.008961458690464497, -0.04198215529322624, -0.01942013017833233, -0.026585044339299202, 0.022837795317173004, 0.020043086260557175, 0.006856777239590883, -0.025201259180903435, 0.004820516798645258, -0.006332694552838802, 0.023768672719597816, -0.061585355550050735, 0.022666770964860916, -0.014499549753963947, 0.006373455747961998, -0.021339863538742065, -0.049386851489543915, -0.03292227163910866, 0.043483760207891464, -0.062018077820539474, -0.00046452012611553073, -0.0002715433656703681, 0.011900078505277634, -0.02372448891401291, -0.030308332294225693, -0.06039569154381752, -0.009716964326798916, 0.009003241546452045, 0.012326006777584553, -0.006699061952531338, 0.006137567106634378, -0.019515104591846466, 0.02107613906264305, -0.07143262028694153, -0.02900751307606697, -0.0077099245972931385, 0.02719871513545513, 0.05564285069704056, -0.009660397656261921, 0.0021152638364583254, -0.015223569236695766, -0.06054600328207016, -0.03349335119128227, -0.0500931553542614, -0.02503880113363266, 0.0007067227852530777, 0.04829643294215202, 0.005970299243927002, 0.02255227230489254, 0.004251331556588411, 0.02586398646235466, 0.0316195972263813, -0.009150964207947254, -0.013714638538658619, 0.027670843526721, 0.007888291962444782, -0.0007183091365732253, -0.040303412824869156, 0.02478102408349514, 0.030905216932296753, 0.030499493703246117, -0.009678171947598457, -0.01165214367210865, -0.023154595866799355, -0.0063253059051930904, -0.030742932111024857, -0.018764227628707886, -0.09649521857500076, -0.021911904215812683, -0.020589862018823624, 0.008816198445856571, 0.019098076969385147, 0.02407032996416092, -0.012736680917441845, -0.010766158811748028, -0.026927176862955093, -0.03135637566447258, 0.004440933465957642, 0.005265079904347658, 0.03391963616013527, 0.01901094987988472, 0.04258402809500694, 0.007287589367479086, -0.011903525330126286, -0.012390884570777416, -0.0024776554200798273, 0.03425779566168785, 0.012945964932441711, 0.034781210124492645, -0.016800805926322937, 0.017408819869160652, -0.02784954383969307, 0.0031237369403243065, -0.028285477310419083, 0.0043479641899466515, 0.014327693730592728, -0.05037323385477066, -0.016225693747401237, -0.04705872759222984, 0.01366512943059206, -0.017176203429698944, 0.007891603745520115, -0.013684917241334915, -0.010929824784398079, -1.57186841533985e-05, 0.01183477882295847, 0.049159176647663116, -0.013339124619960785, 0.021746573969721794, 0.030793987214565277, 0.004163866396993399, -0.014254908077418804, 0.004603047855198383, -0.03516942635178566, 0.006712683476507664, -0.020372644066810608, -0.031912438571453094, 0.00394935067743063, 0.043371450155973434, -0.03542514890432358, 0.02473168633878231, 0.02988738752901554, 0.046638090163469315, -0.028701500967144966, 0.057264670729637146, -0.01094756554812193, 0.008011975325644016, 0.00589897483587265, -0.008529662154614925, 0.01793474145233631, 0.036787159740924835, 0.06082358956336975, 0.011433746665716171, 0.0450882613658905, -0.0320802703499794, 0.06957132369279861, -0.03836067020893097, 0.013360926881432533, 0.01708214357495308, 0.008949981071054935, 0.046292051672935486, 0.029194120317697525, 0.01751444861292839, -0.04582730308175087, -0.03888603672385216, 0.023156696930527687, -0.0331239327788353, 0.01515610609203577, -0.025944039225578308, 0.005253498442471027, 0.028880266472697258, 0.0274505615234375, 0.005274918861687183, 0.011828536167740822, -0.009014739654958248, 0.026236964389681816, 0.0005724595976062119, -0.023179644718766212, -0.008982755243778229, 0.018653629347682, -0.020551705732941628, -0.061685528606176376, -0.0035039016511291265, -0.05395914986729622, -0.008153112605214119, -0.022855157032608986, -0.010640550404787064, -0.012395627796649933, -0.021962370723485947, 0.056475698947906494, 0.02971159666776657, 0.017422271892428398, 0.023324962705373764, 0.04739660769701004, 0.03386140614748001, -0.012934058904647827, 0.006757763214409351, -0.043449513614177704, -0.012788047082722187, -0.010213813744485378, -0.017609786242246628, -0.0285798329859972, 0.020086372271180153, -0.03414730727672577, -0.022926047444343567, -0.006748700514435768, -0.003798933932557702, 0.03808080404996872, 0.0008521954878233373, -0.051469407975673676, 0.006913525518029928, 0.0024653247091919184, -0.007407886441797018, 0.06763572245836258, -0.017449036240577698, -0.00421568751335144, -0.023035887628793716]",,
15_1_0_errors_next_prerender_current_time_mdx_section_6_code_1,code_snippet,15_1_0_errors_next_prerender_current_time_mdx_section_6,Request-time use case - code_1,,"{'programming_language': 'jsx', 'filename': 'app/page.js', 'switcher': False}",15.1.0,,"export default async function Page() {
  const currentTime = Date.now()
  if (currentTime > someTriggerDate) {
    return <SpecialBanner />
  } else {
    return <NormalBanner />
  }
}
","[(np.int64(5), np.float64(0.07538703083992004)), (np.int64(7), np.float64(0.07741428911685944)), (np.int64(64), np.float64(0.08436857908964157)), (np.int64(425), np.float64(0.24043267965316772)), (np.int64(1647), np.float64(0.12406497448682785)), (np.int64(4027), np.float64(0.20528654754161835)), (np.int64(22469), np.float64(0.28152281045913696)), (np.int64(28175), np.float64(0.23501528799533844))]",,"[-0.02303938753902912, -0.006525022909045219, -0.03310038521885872, 0.035934146493673325, -0.015435623936355114, 0.019895391538739204, -0.004169932566583157, 0.01630702242255211, -0.013008661568164825, 0.03144785016775131, -0.006945786532014608, 0.061929911375045776, -0.004873903933912516, 0.023207593709230423, 0.029734205454587936, 0.06972246617078781, 0.003133706981316209, 0.05493604764342308, 0.0013429875252768397, 0.014459162950515747, -0.04801933467388153, 0.018763156607747078, 0.0039279889315366745, 0.014446328394114971, 0.01783308945596218, 0.010735324583947659, 0.004934013821184635, -0.040783464908599854, 0.010234166868031025, 0.011275455355644226, 0.04982640594244003, -0.022081684321165085, -0.011409650556743145, -0.04869178682565689, -0.03298267722129822, 0.00015351167530752718, -0.003553291317075491, 0.01286732591688633, -0.05012275651097298, 0.03982698917388916, -0.029565371572971344, -0.023322230204939842, 0.0031661121174693108, 0.013417278416454792, 0.01606757380068302, -0.0373992845416069, 0.044696636497974396, -0.027720781043171883, 0.00645244587212801, -0.03087099827826023, -0.032386668026447296, 0.010152263566851616, 0.022241899743676186, -0.036703769117593765, 0.01510570291429758, 0.007035526446998119, -0.035924434661865234, 0.031737130135297775, -0.01652367413043976, -0.018623491749167442, -0.013189898803830147, -0.02209940180182457, -0.0030639467295259237, 0.006946289446204901, -0.01180625706911087, -0.005617487244307995, 0.032364536076784134, 0.020117325708270073, -0.01949482038617134, -0.017668182030320168, -0.0019726131577044725, 0.029313649982213974, -0.05888495594263077, -0.04701123386621475, -0.07704054564237595, -0.00923733040690422, 0.05432320013642311, -0.0178492683917284, 0.04444218426942825, -0.03551182150840759, -0.004618165548890829, -0.016195615753531456, 0.038901783525943756, 0.008777288720011711, 0.036682870239019394, 0.013499263674020767, -0.040088895708322525, 0.003465932095423341, -0.018459508195519447, -0.00712915463373065, -0.031662583351135254, -0.016314828768372536, 0.007858285680413246, -0.01602519303560257, -0.008339310996234417, -0.07458918541669846, -0.021321263164281845, 0.011592228896915913, 0.06055837869644165, -0.0147754717618227, 0.010658428072929382, 0.008399774320423603, -0.0012272861786186695, -0.021573467180132866, 0.022169629111886024, 0.012065608985722065, -0.0053166854195296764, -0.04473606124520302, -0.04734434187412262, -0.01084277592599392, -0.004843540024012327, 0.023864803835749626, 0.043457407504320145, 0.03703729808330536, -0.01580703631043434, -0.00017037600628100336, -0.024524422362446785, 0.004483931697905064, 0.007087362464517355, 0.01549458410590887, -0.035963717848062515, -0.007687130011618137, 0.046646278351545334, -0.008173944428563118, 0.00035678312997333705, -0.012957030907273293, 0.008550986647605896, 0.04557574912905693, 0.00847995188087225, 0.06281644850969315, 0.03536553680896759, 0.06069745123386383, 0.01676286943256855, 0.0010508187115192413, -0.040194399654865265, 0.009639330208301544, 0.037287577986717224, 0.0013901576166972518, 0.011277160607278347, -0.009726325049996376, -0.009349576197564602, 0.021739987656474113, -0.051504384726285934, -0.0171184204518795, 0.027096113190054893, -0.04468386992812157, 0.05499368906021118, -0.010921076871454716, -0.00656672939658165, -0.025481533259153366, -0.004983858205378056, 0.05950388312339783, 0.012377073056995869, -0.01671336218714714, 0.0013939267955720425, -0.00649900222197175, 0.019816124811768532, 0.04713469371199608, -0.028687257319688797, 0.0011761493515223265, 0.028634341433644295, 0.035371337085962296, -0.003854800248518586, 0.005150748882442713, 0.012042527087032795, 0.015553751960396767, 0.01034541241824627, -0.01005480531603098, -0.026805665343999863, -0.010611812584102154, 0.029965994879603386, -0.01574169285595417, 0.03569110855460167, 0.002642003120854497, 0.02362792380154133, 0.01789529249072075, 0.0767180323600769, 0.014762894250452518, 0.010061322711408138, 0.00833842158317566, -0.02648242376744747, 0.045713648200035095, -0.0057629747316241264, 0.00830958504229784, -0.03613028675317764, 0.014030572958290577, -0.011753288097679615, -0.017444489523768425, 0.0005130575736984611, 0.016383279114961624, -0.03188987076282501, -0.0057165781036019325, 0.0376204177737236, 0.0706605389714241, 0.041516292840242386, -0.029614204540848732, 0.015361938625574112, 0.00803790520876646, -0.011873875744640827, -0.00038330588722601533, 0.008689763024449348, 0.015916230157017708, 0.002709269057959318, 0.04805199056863785, 0.00989413633942604, -0.03428500145673752, -0.007996389642357826, -0.03155927732586861, -0.006911951117217541, 0.04141479358077049, -0.02583567425608635, -0.00574960233643651, -0.027056477963924408, -0.013563279062509537, -0.03370743617415428, -0.004176080226898193, 0.005777689162641764, 0.023358050733804703, 0.0037559419870376587, -0.023307668045163155, 0.024557175114750862, 0.06013350933790207, -0.0042228493839502335, -0.006943702697753906, -0.01686970703303814, 0.021690011024475098, 0.043517760932445526, 0.016368592157959938, 0.01623823679983616, -0.014091568998992443, 0.001260792021639645, -0.015054689720273018, 0.044137608259916306, 0.012606234289705753, 0.029648885130882263, -0.04424363374710083, -0.0024676364846527576, -0.03758266940712929, -0.016404690220952034, 0.045599959790706635, -0.007071500178426504, 0.013287683017551899, 0.018831362947821617, -0.00799736101180315, 0.00424905214458704, -0.017638206481933594, 0.0019010294927284122, -0.024825667962431908, -0.06754663586616516, -0.034637704491615295, 0.006371073890477419, 0.02212435007095337, -0.010182617232203484, 0.009455603547394276, 0.0030739400535821915, 0.0017817020416259766, 0.009437477216124535, 0.03763372451066971, 0.002729967935010791, 0.013061774894595146, 0.008292636834084988, 0.040696244686841965, -0.042811568826436996, 0.034441493451595306, 0.002388469874858856, -0.008508874103426933, -0.038080036640167236, 0.018936989828944206, 0.0033879794646054506, -0.02140469290316105, -0.00263342447578907, -0.0042245471850037575, 0.02278102934360504, -0.015389903448522091, 0.014850982464849949, 0.019373487681150436, -0.015254676342010498, -0.03578822687268257, 0.05962855741381645, 0.01670105755329132, -1.5023999367258511e-05, -0.026427263393998146, 0.03687874972820282, 0.030328823253512383, 0.029514184221625328, -0.041212476789951324, -0.026897219941020012, 0.015114599838852882, -0.008281512185931206, -0.01912134699523449, 0.011359996162354946, 0.049428489059209824, 0.04392685741186142, -0.041036639362573624, -0.005238814279437065, 0.032177284359931946, 0.01430288515985012, -0.16039417684078217, -0.008671561256051064, -0.0035655649844557047, 0.02741142548620701, -0.010618317872285843, 0.00436194846406579, 0.0037615105975419283, -0.025942446663975716, 0.010948847979307175, 0.06688972562551498, -0.014781720004975796, -0.06060173735022545, -0.03734595701098442, -0.06004662066698074, 0.0168379507958889, -0.01261315681040287, 0.010694305412471294, 0.010913608595728874, -0.00909971073269844, -0.015900924801826477, -0.018348945304751396, -0.028129661455750465, 0.008824941702187061, 0.00963302981108427, -0.040070075541734695, -0.0006666187546215951, 0.015662217512726784, -0.018151000142097473, -0.039737455546855927, -0.02635447308421135, 0.012219692580401897, -0.024705272167921066, -0.004390077665448189, 0.0009212509612552822, 0.00846497155725956, 0.02903600037097931, -0.020521551370620728, 0.040902815759181976, -0.006277566775679588, 0.0222679004073143, 0.009968589060008526, 0.04790690541267395, -0.027707131579518318, 0.06643036752939224, -0.036302149295806885, -0.006249726749956608, -0.02533501386642456, -0.02578750066459179, -0.02460610307753086, -0.026060963049530983, -0.005143645219504833, -0.03666679561138153, 0.0015193913131952286, -0.0018126032082363963, -0.054616596549749374, 0.019133685156702995, -0.009855864569544792, 0.025763388723134995, -0.04299189895391464, 0.019907481968402863, -0.03178415447473526, 0.008022022433578968, 0.009058748371899128, -0.01281597837805748, -0.016370438039302826, 0.03522779792547226, 0.03750075772404671, 0.013745184987783432, 0.029901063069701195, -0.02516975998878479, 0.03470689430832863, -0.04916311055421829, 0.012653947807848454, -0.024833345785737038, 0.009644151665270329, 0.01802644319832325, -0.03984595090150833, -0.028774581849575043, 0.04337264224886894, -0.11727138608694077, -0.019503775984048843, 0.01705572009086609, 0.01951567456126213, 0.029691005125641823, -0.011747877113521099, -0.06788082420825958, 0.028445100411772728, -0.007669370621442795, -0.01872509904205799, 0.26159387826919556, 0.04425622150301933, 0.002563571324571967, 0.07185858488082886, 0.05930883437395096, -0.04496638849377632, -0.024335285648703575, -0.005039387848228216, 0.002904411405324936, 0.006441689096391201, -0.0030802383553236723, 0.038809001445770264, -0.007133956998586655, -0.009585422463715076, -0.006814324297010899, 0.016830988228321075, -0.0449545755982399, 0.015057467855513096, 0.09555081278085709, -0.01531369611620903, 0.03973386436700821, 0.01826164871454239, 0.0012641411740332842, 0.018924202769994736, -0.03921850025653839, -0.037798549979925156, 0.003832963528111577, 0.016091996803879738, 0.002598509658128023, 0.020048066973686218, -0.02530072070658207, 0.04583076387643814, 0.02529297210276127, -0.05429479479789734, 0.009319211356341839, -0.009150263853371143, 0.0013190844329074025, -0.05835343897342682, -0.028213875368237495, -0.0037688156589865685, 0.018547283485531807, -0.0011026073480024934, -0.02090325951576233, 0.020160673186182976, -0.016210151836276054, -0.035387031733989716, -0.024668272584676743, -0.01133912242949009, -0.015800554305315018, -0.05153828114271164, 0.01708458922803402, -0.03558799624443054, -0.0205615796148777, 0.0034578668419271708, 0.0002101114223478362, -0.0031433752737939358, 0.020605966448783875, -0.0041504413820803165, -0.017980601638555527, 0.02506895922124386, -0.000696775910910219, -0.005172115750610828, -0.0404105968773365, -0.0031607940327376127, 0.004948028363287449, 0.024309463798999786, -0.03092624992132187, 0.007629877887666225, 0.060967158526182175, -0.00470308680087328, -0.021595334634184837, 0.0039118994027376175, 0.018022453412413597, 0.031002752482891083, 0.0023719477467238903, -0.005908704828470945, -0.014254454523324966, 0.0036084165330976248, -0.02843519300222397, 0.03929109498858452, -0.0166305024176836, 0.005851759575307369, -0.06077464297413826, 0.041537389159202576, 0.006957612466067076, -0.0386432521045208, 0.024057378992438316, 0.06812108308076859, -0.0006146194646134973, -0.00799761712551117, -0.011225891299545765, -0.052258580923080444, -0.0105897830799222, 0.05066201463341713, -0.04354321211576462, 0.037397634238004684, -0.02534303069114685, -0.009009741246700287, 0.008992791175842285, 0.03054734691977501, 3.5241075238445774e-05, -0.022458162158727646, 0.043362174183130264, -0.040083758533000946, 0.020607972517609596, 0.040168002247810364, 0.04831726849079132, -0.03309919685125351, 0.008369188755750656, 0.006135642062872648, -0.1117006167769432, 0.011452784761786461, -0.008808878250420094, -0.040523238480091095, 0.026515526697039604, 0.037119604647159576, 0.004601071588695049, 0.03220827132463455, -0.001988867996260524, 0.00475887767970562, -0.04809373989701271, -0.005930354353040457, 0.03542829677462578, 0.024666065350174904, -0.007155396044254303, -0.026684168726205826, -0.00766752939671278, -0.013048341497778893, -0.022474665194749832, 0.029413515701889992, -0.024293998256325722, -0.026688164100050926, 0.002794247819110751, 0.013072294183075428, 0.0016380754532292485, -0.005641348659992218, 0.02658025547862053, 0.0196294654160738, 0.03262093663215637, 0.028700413182377815, 0.0016606028657406569, -0.0028243735432624817, -0.01281837746500969, 0.04129471629858017, 0.005015509203076363, 0.05211426690220833, 0.07858889549970627, 0.017514217644929886, -0.03218642622232437, 0.06713607907295227, 0.06548487395048141, 0.037819754332304, 0.006451459601521492, -0.029804954305291176, -0.00596817210316658, -0.004278945736587048, -0.03279218077659607, 0.04032253473997116, -0.012120293453335762, 0.00860817451030016, -0.010099118575453758, 0.008463101461529732, 0.016635337844491005, 0.03889300674200058, -0.01839793100953102, 0.011617539450526237, -0.014657671563327312, 0.035246510058641434, -0.03165578842163086, 0.009856910444796085, 0.027438757941126823, -0.03212786093354225, -0.042429305613040924, -0.004790496081113815, -0.007768556009978056, 0.02227250300347805, -0.045847974717617035, 0.008762787096202374, -0.045577261596918106, 0.00878720823675394, -0.029438339173793793, 0.0014628965873271227, -0.06727316230535507, -0.0082841282710433, 0.03406859189271927, 0.03382986783981323, 0.012150406837463379, -0.008403923362493515, 0.0058038849383592606, -0.0476263128221035, -0.05709771066904068, 0.11818110942840576, 0.020102595910429955, -0.005775945261120796, 0.005382135044783354, 0.00395292229950428, 0.029253678396344185, 0.029976144433021545, 0.010606958530843258, 0.00453913165256381, 0.004881205037236214, 0.027335401624441147, -0.0013585468987002969, 0.03824615478515625, -0.02480437606573105, -0.027572842314839363, -0.0016264226287603378, -0.015108959749341011, -0.008437729440629482, 0.014107457362115383, 0.004137346986681223, -0.02985806204378605, 0.0074478015303611755, -0.020692626014351845, 0.058468181639909744, -0.006831994745880365, 0.06708834320306778, 0.0471809096634388, 0.024026203900575638, -0.030743293464183807, -0.013583758845925331, -0.0011970860650762916, -0.012613710016012192, -0.010732919909060001, 0.036146413534879684, 0.016479507088661194, 0.0015941765159368515, -0.03207879140973091, 0.001998825930058956, 0.029276514425873756, -0.00020206571207381785, 0.018486808985471725, -0.002824613358825445, -0.019419949501752853, 0.009963618591427803, -0.014224073849618435, -0.0037452862598001957, 0.05874089524149895, -0.02761957421898842, -0.010757281444966793, -0.011572739109396935, 0.005576194729655981, 0.019353726878762245, 0.025638185441493988, 0.024919554591178894, 0.030312316492199898, -0.04646329954266548, 0.0025617254432290792, 0.01007822621613741, 0.025837227702140808, -0.0035772656556218863, 0.018772268667817116, 0.0002852479228749871, -0.021888086572289467, 0.007822498679161072, 0.01336171105504036, 0.022160928696393967, 0.03047550842165947, -0.05139344185590744, -0.03559482842683792, 0.016999149695038795, 0.033417269587516785, -0.017415780574083328, -0.0071503957733511925, -0.00947429146617651, -0.05802500993013382, 0.05554470792412758, -0.06642260402441025, -0.017434177920222282, -0.03489025682210922, 0.021198835223913193, 0.021593963727355003, -0.014518402516841888, -0.024785377085208893, 0.016780024394392967, 0.010139179416000843, 0.000994012225419283, -0.007975541055202484, 0.09972731024026871, 0.0023342622444033623, -0.03993653506040573, -0.043258704245090485, 0.021973207592964172, -0.04391332343220711, 0.028304405510425568, 0.04311435669660568, 0.012501723133027554, -0.017355987802147865, 0.008859969675540924, -0.06866755336523056, -0.02855163998901844, -0.007285574451088905, -0.04749270901083946, 0.013017646037042141, 0.005373045336455107, -0.009269343689084053, -0.041144464164972305, 0.043324194848537445, 0.01280408725142479, -0.01556431781500578, -0.014739707112312317, -0.041299398988485336, -0.021620698273181915, 0.0020473955664783716, -0.04107470065355301, 0.03255932778120041, -0.012341310270130634, 0.01973402313888073, 0.019611982628703117, 0.0001325986086158082, -0.002407028106972575, -0.022711986675858498, 0.00883321650326252, 0.06833454221487045, -0.009594610892236233, -0.031726717948913574, 0.003189131850376725, -0.03384716808795929, 0.010699897073209286, -0.023314127698540688, 0.008739993907511234, -0.012503345496952534, -0.010417671874165535, 0.004320468753576279, 0.0025370572693645954, 0.010689180344343185, 0.042297691106796265, -0.009047919884324074, -0.029022222384810448, -0.014880221337080002, 0.01739182323217392, -0.016028206795454025, 0.03607569634914398, 0.02166217938065529, -0.01604251004755497, -0.019296715036034584, 0.012663624249398708, -0.000981896067969501, 0.014823026023805141, 0.00181572325527668, 0.00828931387513876, 0.008895385079085827, 0.037433087825775146, -0.04748072475194931, 0.009584351442754269, -0.03240138664841652, 0.04770177975296974, -0.007949862629175186, 0.011816374957561493, -0.037184905260801315, -0.03469602391123772, 0.024232860654592514, -0.049719616770744324, -0.033294323831796646, -0.03304227069020271, -0.019812284037470818, -0.02855248935520649, 0.03430004045367241, 0.05991869419813156, 0.0033152014948427677, 0.01043281052261591, 0.03065381944179535, -0.04168553277850151, -0.029652278870344162, 0.0031447005458176136, 0.017246438190340996, 0.0027412802446633577, 0.04549402743577957, -0.04975047707557678, 0.013077335432171822, -0.012729224748909473, 0.012788341380655766, -0.001541180768981576, 0.0043227956630289555, 0.013568717055022717, 0.03113875538110733, -0.047265712171792984, -0.0026424413081258535, -0.021470557898283005, 0.01084047555923462, -0.02357044257223606, -0.06324019283056259, -0.03914129361510277, -0.002004463691264391, 0.009691406041383743, -0.029080575332045555, 0.016925126314163208, -0.05149000883102417, 0.013543011620640755, 0.001792335999198258, -0.05155132710933685, -0.05433730408549309, -0.058142390102148056, 0.001389809069223702, -0.15131907165050507, 0.030108362436294556, -0.03461078181862831, -0.030986808240413666, -0.02344636619091034, 0.010324281640350819, -0.04718684032559395, -0.05275505408644676, 0.019866248592734337, -0.017347168177366257, -0.016351036727428436, -0.07661646604537964, 0.011583743616938591, -0.016009094193577766, 0.0036625664215534925, 0.013143620453774929, -0.0011265302309766412, 0.009052902460098267, 0.0033087637275457382, -0.00839341338723898, -0.011934415437281132, -0.015625841915607452, 0.056779809296131134, -0.000892020296305418, -0.03779395669698715, 0.009189263917505741, 0.042222559452056885, 0.014937103725969791, -0.011377674527466297, -0.02991868183016777, 0.03340236097574234, -0.039172690361738205, -0.004726637154817581, 0.026795681565999985, 0.0016016153385862708, -0.0005169425276108086, 0.013753331266343594, 0.04441617801785469, 0.022457245737314224, 0.0286713819950819, -0.01101832464337349, 0.006299701519310474, -0.03819569945335388, -0.011680148541927338, 0.0209267009049654, 0.001469512702897191, 0.010325337760150433, -0.03725120797753334, -0.019976910203695297, 0.016573073342442513, 0.031999267637729645, 0.020500103011727333, 0.01799895241856575, 0.02801184542477131, -0.057936593890190125, 0.0025068800896406174, 0.0005680546164512634, 0.004588122945278883, -0.02786528877913952, 0.018270783126354218, 0.007058342918753624, 0.010953284800052643, -0.03611140698194504, -0.058956969529390335, -0.04511408135294914, 0.04079291597008705, -0.07960596680641174, 0.017608437687158585, -0.02153000235557556, 0.019988667219877243, -0.0231101643294096, -0.017532242462038994, -0.03956500440835953, -0.020275525748729706, 0.017815381288528442, -0.020548732951283455, 0.023816661909222603, 0.003947485703974962, -0.07824552804231644, -0.005090348422527313, -0.039151255041360855, 0.03332569822669029, -0.019986916333436966, -0.0008518380345776677, 0.039026420563459396, 0.015843607485294342, 0.006039804313331842, 0.004104200750589371, -0.009513427503407001, 0.009337429888546467, -0.023637719452381134, -0.02294153906404972, -0.02063051238656044, 0.02353510633111, 0.021289659664034843, 0.019102178514003754, -0.029981883242726326, -0.004978788550943136, -0.013762851245701313, -0.018134914338588715, 0.00021206973178777844, -0.0262738224118948, 0.005737767554819584, 0.006628434639424086, -0.028689220547676086, -0.004387611523270607, 0.02116086333990097, 0.030401282012462616, 0.004352976568043232, -0.011180881410837173, -0.03968058526515961, 0.003626571735367179, -0.061308495700359344, -0.01476050354540348, -0.06006038188934326, -0.014436852186918259, 0.030599942430853844, 0.010192382149398327, -0.03475227579474449, -0.04943525046110153, 0.0029483051039278507, -0.044052254408597946, -0.004251883830875158, -0.028641054406762123, 0.037538301199674606, 0.033096794039011, 0.02448885701596737, 0.03641153499484062, 0.021920111030340195, 0.012245061807334423, -0.008560937829315662, -0.014592225663363934, 0.037567224353551865, 0.07207132875919342, 0.016507839784026146, -0.01288829930126667, -0.022539006546139717, 0.040866654366254807, -0.04094934090971947, -0.024336576461791992, -0.052462950348854065, 0.007533674594014883, 0.0021755583584308624, -0.03278227150440216, -0.029963044449687004, 0.00758506590500474, 0.07507812231779099, -0.06534699350595474, 0.02075163647532463, -0.005295053124427795, -0.0020374185405671597, 0.011801233515143394, -0.04672985151410103, -0.021032018586993217, -0.03384086862206459, -0.014256620779633522, -0.040385302156209946, -0.016490627080202103, -0.03580951690673828, 0.01936022751033306, -0.031759317964315414, -0.04519391432404518, 0.039310604333877563, -0.03892577439546585, 0.07109297811985016, 0.0017936789663508534, -0.03549892455339432, 0.011646862141788006, -0.036418333649635315, 0.04145990312099457, 0.0013435152359306812, 0.0118381567299366, -0.027430031448602676, -0.0388430580496788, 0.06403611600399017, -0.005731758661568165, 0.007723459508270025, 0.004429783206433058, 0.045462701469659805, -0.009991169907152653, 0.007733146194368601, 0.003189840354025364, 0.014251808635890484, 0.02204223722219467, 0.02493239752948284, 0.015561820939183235, 0.013096013106405735, 0.013739551417529583, 0.04010523855686188, -0.029129216447472572, -0.04579969868063927, 0.001658572000451386, 0.013425084762275219, -0.01873685233294964, 0.050286322832107544, -0.024080002680420876, -0.02738966979086399, 0.01419336348772049, -0.006523934658616781, 0.051050882786512375, -0.004149433691054583, 0.018141018226742744, -0.012206202372908592, -0.013536602258682251, -0.008557301014661789, -0.04961218312382698, -0.01990506984293461, 0.026088517159223557, -0.02969978377223015, 0.019386539235711098, -0.008575255051255226, 0.02071955054998398, -0.04214797168970108, 0.013059189543128014, -0.02196158841252327, -0.04261690750718117, -0.014401753433048725, 0.04926616698503494, 0.0030179815366864204, 0.011873805895447731, 0.01851336844265461, -0.03501082584261894, 0.03450028598308563, -0.014731340110301971, -0.024016981944441795, -0.026233062148094177, -0.04420825466513634, 0.008742955513298512, -0.013380555436015129, -0.0286954864859581, -0.05285076051950455, -0.07358667254447937, 0.03686680272221565, 0.030069543048739433, -0.03620840981602669, -0.022600799798965454, 0.026585515588521957, 0.0029247640632092953, 0.024490276351571083, -0.0005312339635565877, -0.0010647578164935112, 0.03617754578590393, 0.04282701388001442, -0.05759338662028313]",
15_1_0_errors_next_prerender_current_time_mdx_section_6_code_2,code_snippet,15_1_0_errors_next_prerender_current_time_mdx_section_6,Request-time use case - code_2,,"{'programming_language': 'jsx', 'filename': 'app/page.js', 'switcher': False}",15.1.0,,"import { connection } from 'next/server'

async function BannerSkeleton() {
  ...
}

export default async function Page() {
  return <Suspense fallback={<BannerSkeleton />}>
    <DynamicBanner />
  </Suspense>
}

async function DynamicBanner() {
  await connection();
  const currentTime = Date.now();
  if (currentTime > someTriggerDate) {
    return <SpecialBanner />
  } else {
    return <NormalBanner />
  }
}
","[(np.int64(5), np.float64(0.07538703083992004)), (np.int64(7), np.float64(0.07741428911685944)), (np.int64(64), np.float64(0.08436857908964157)), (np.int64(425), np.float64(0.24043267965316772)), (np.int64(1647), np.float64(0.12406497448682785)), (np.int64(4027), np.float64(0.20528654754161835)), (np.int64(22469), np.float64(0.28152281045913696)), (np.int64(28175), np.float64(0.23501528799533844))]",,"[-0.046467434614896774, -0.00018505394109524786, -0.01410644594579935, 0.02809322625398636, -0.024109235033392906, 0.008522974327206612, 0.01398096140474081, 0.007482599932700396, 0.01920732483267784, 0.033367667347192764, 0.001488853944465518, 0.05200035497546196, -0.00465707341209054, 0.031315770000219345, 0.030732272192835808, 0.04763927683234215, 0.009583062492311, 0.026089763268828392, 0.03407931700348854, 0.002644410589709878, -0.021808525547385216, 0.008694421499967575, 0.013278977014124393, 0.040499165654182434, -0.0046333554200828075, 0.01913476549088955, 0.019962672144174576, -0.03324246034026146, -0.009196380153298378, 0.03849159926176071, 0.029446355998516083, -0.010071328841149807, -0.010834579356014729, -0.048120997846126556, -0.0014699692837893963, -0.04020387679338455, -0.026139184832572937, 0.034430768340826035, -0.0604248009622097, 0.07435088604688644, -0.030698606744408607, -0.00017414979811292142, 0.011590344831347466, -0.012348425574600697, 0.025807343423366547, -0.0460197888314724, 0.03520704060792923, -0.027553727850317955, -0.0011216632556170225, -0.023799747228622437, -0.025960806757211685, 0.02854480780661106, 0.02142062410712242, -0.04213665798306465, 0.04910968616604805, 0.003718150081112981, -0.03509341552853584, 0.04985131323337555, -0.05773204192519188, 0.024979563429951668, -0.02087455615401268, 0.020487019792199135, -0.007672355510294437, 0.008398156613111496, 0.03382863476872444, 0.04287804663181305, 0.018354706466197968, 0.03489655628800392, -0.014789686538279057, -0.02630329690873623, 0.011451796628534794, 0.01845998503267765, -0.04157732054591179, -0.02399528957903385, -0.0993109866976738, -0.000706323015037924, 0.08285602927207947, -0.0111366743221879, 0.06132835894823074, -0.020969312638044357, -0.01783832721412182, -0.024198194965720177, 0.00096408516401425, 0.0005369816208258271, 0.051599614322185516, 0.011791619472205639, -0.018225068226456642, 0.05266384407877922, 0.007266811095178127, 0.002339243423193693, 0.0025733266957104206, -0.022347629070281982, 0.030687646940350533, -0.030849315226078033, -0.02779470384120941, -0.04095058888196945, -0.01814946159720421, 0.006270286627113819, 0.07809664309024811, -0.005573953967541456, 0.0068488880060613155, 0.01327250525355339, 0.023074109107255936, -0.005979796871542931, 0.02062472142279148, 0.00818720180541277, 0.04578058049082756, -0.0213288813829422, -0.04025398567318916, -0.004575452767312527, 0.01751839555799961, -0.010301454924046993, 0.014522350393235683, 0.017746558412909508, -0.016396868973970413, -0.03151834383606911, 0.004975615069270134, 0.007063859608024359, 0.008194023743271828, 0.019283480942249298, 0.013679120689630508, -0.004419632256031036, 0.029709309339523315, -0.011100070551037788, 0.01577964425086975, -0.01352185383439064, 0.015136980451643467, 0.039414290338754654, -0.007710978388786316, 0.057646192610263824, 0.029634440317749977, 0.025731682777404785, 0.02506709285080433, -0.0015001348219811916, -0.04764409363269806, 0.024567265063524246, 0.027661535888910294, 0.016155675053596497, 0.02051651105284691, -0.026915615424513817, 0.012133272364735603, 0.006470024585723877, -0.02835177257657051, -0.016345161944627762, 0.0094004450365901, -0.04033483937382698, 0.03072989732027054, 0.010553669184446335, -0.0023948082234710455, -0.03632332757115364, -0.008957100100815296, 0.04770065099000931, 0.003300487296655774, 0.00609084777534008, -0.009473306126892567, 0.01577937975525856, -0.0023188465274870396, 0.016558336094021797, -0.012051209807395935, 0.00792835745960474, -0.007250860333442688, 0.02494547888636589, -0.024329258129000664, 0.029157884418964386, 0.02670123428106308, 0.030756743624806404, 0.021271422505378723, -0.027225879952311516, -0.012356264516711235, 0.023734990507364273, -0.010973995551466942, -0.018901770934462547, 0.06514868140220642, 0.03557887300848961, 0.017194470390677452, 0.019699526950716972, 0.05563156306743622, 0.023274298757314682, -0.004843690432608128, -0.013243705965578556, -0.0503607839345932, 0.01904326118528843, -0.033316392451524734, 0.050463270395994186, -0.025571148842573166, 0.028163617476820946, -0.014460157603025436, -0.016184978187084198, 0.00043824315071105957, 0.027511386200785637, -0.03160443156957626, 0.0030575289856642485, 0.06442004442214966, 0.019683293998241425, 0.057581741362810135, -0.000981524819508195, -0.001996430801227689, -0.010686935856938362, -0.0009730976307764649, -0.0025128074921667576, 0.002371397102251649, 0.017966540530323982, 0.014891303144395351, 0.01744900643825531, -0.013261018320918083, 0.0032953969202935696, -0.01663363166153431, -0.014795947819948196, 0.005732272751629353, 0.022069746628403664, -0.03705849498510361, 0.01930992119014263, -0.004282077774405479, -0.0017900924431160092, -0.06678150594234467, 0.002122207311913371, -0.0019801247399300337, 0.0256891380995512, 0.010095267556607723, -0.019842879846692085, 0.00482237758114934, 0.044684506952762604, -0.030594661831855774, -0.02695441246032715, -0.015512744896113873, -0.01991242915391922, 0.050928838551044464, 0.03704049065709114, 0.015835030004382133, -0.02096446231007576, -0.008492185734212399, -0.003773086005821824, 0.01934925839304924, 0.005775257013738155, 0.0648198351264, -0.04118070378899574, -0.015566818416118622, -0.03193910792469978, 0.008520116098225117, 0.04197118431329727, -0.0042062499560415745, -0.003707835217937827, 0.021507861092686653, -0.01768968254327774, -0.001812537433579564, -0.02247210405766964, 0.01825305074453354, -0.0037889499217271805, -0.03509090840816498, -0.0073537155985832214, -0.043111372739076614, 0.01796010136604309, 0.002422587713226676, -0.011265167035162449, -0.005363518372178078, 0.01521641481667757, 0.0006265155971050262, 0.009927148930728436, -0.007781182881444693, -0.005639331880956888, 0.0032736624125391245, 0.0497138649225235, -0.00037102721398696303, 0.03397681564092636, -0.0003437520645093173, 0.004748865030705929, -0.037419822067022324, 0.020506601780653, -0.008768664672970772, 0.01115296222269535, -0.0034615921322256327, 0.023267170414328575, 0.03385978192090988, -0.00502378772944212, 0.009590902365744114, 0.02836013212800026, -0.01370434369891882, -0.03788844496011734, 0.05811257287859917, 0.04579625278711319, -0.02250979281961918, -0.03734568506479263, 0.026481246575713158, 0.014802115969359875, 0.04341723024845123, -0.04658735543489456, -0.027439460158348083, -0.006359020713716745, -0.018106600269675255, -0.018365321680903435, -0.02918272465467453, 0.0021583165507763624, 0.0561164990067482, -0.017937323078513145, 0.0036564250476658344, 0.06627529859542847, 0.025731652975082397, -0.164115309715271, 0.01251830905675888, 0.005262039136141539, 0.02698155678808689, -0.0010597651125863194, -0.004286112729460001, 0.013886886648833752, -0.029941197484731674, -0.04915960505604744, 0.07330923527479172, -0.020390698686242104, -0.05455158278346062, 0.005352902691811323, -0.03408903628587723, 0.014610780403017998, -0.01115444116294384, -0.008866481482982635, 0.01766260899603367, 0.006891014985740185, -0.02992977201938629, -0.027357758954167366, -0.026630060747265816, 0.021244177594780922, 0.02331196889281273, -0.046975359320640564, 0.019911745563149452, 0.010262526571750641, -0.029723647981882095, -0.03290790319442749, -0.0305846706032753, -0.018137512728571892, 0.01858421228826046, -0.005558687727898359, 0.0038628261536359787, 0.013000664301216602, 0.018652217462658882, -0.02028108946979046, 0.03546877205371857, -0.0066819689236581326, 0.025124000385403633, 0.008585629984736443, 0.07950124889612198, -0.016123920679092407, 0.03297477960586548, 0.011350449174642563, -0.022106023505330086, -0.01567157730460167, 0.005758774932473898, -0.051175378262996674, -0.06770537048578262, -0.0023502581752836704, -0.020278984680771828, -9.199558007821906e-06, -0.03784290328621864, -0.0533573292195797, -0.011969816870987415, 0.0006235101609490812, 0.032245293259620667, -0.012751046568155289, -0.018741091713309288, -0.0221602451056242, 0.01756727509200573, 0.031139947474002838, -0.02975931391119957, -0.04630688950419426, 0.003652593120932579, 0.05551593005657196, 0.01450535748153925, 0.028859928250312805, -0.016732390969991684, 0.03250669687986374, -0.022276028990745544, 0.012132630683481693, -0.03412783890962601, 0.02221517264842987, 0.010085570625960827, -0.004202388692647219, -0.011388204991817474, 0.06311630457639694, -0.13164818286895752, 0.0006176747847348452, 0.01794312335550785, 0.007349526975303888, 0.0430741086602211, -0.013233192265033722, -0.04302392899990082, 0.014255632646381855, -0.016485271975398064, 0.02008790336549282, 0.2562476098537445, 0.02333688549697399, -0.021250126883387566, 0.05024552717804909, 0.05266072601079941, -0.036439504474401474, 1.6020352632040158e-05, 0.0046166772954165936, 0.004434465896338224, -0.0029122557025402784, -0.03305908665060997, 0.014868872240185738, 0.013728604651987553, 0.00173587363678962, 0.000600771454628557, 0.013239659368991852, -0.06462980061769485, 0.030697088688611984, 0.07538064569234848, -0.03408278152346611, 0.023021649569272995, -0.017907943576574326, -0.005742940120398998, -0.0009496489074081182, -0.02447165548801422, -0.009991340339183807, 0.013078301213681698, -0.003063938580453396, 0.021674776449799538, 0.03527987003326416, -0.03611970320343971, 0.039891570806503296, -4.641362920665415e-06, -0.0594959631562233, -0.02243402972817421, -0.0123068206012249, 0.020654162392020226, -0.041156090795993805, -0.03798758238554001, -0.011822545900940895, 0.040467631071805954, 0.013866985216736794, -0.019884908571839333, 0.02177947387099266, -0.030329598113894463, -0.041432276368141174, -0.008371970616281033, -0.003935013897716999, 0.005947330966591835, -0.06121189519762993, -0.0011089396430179477, -0.039978932589292526, -0.029637599363923073, -0.011382045224308968, 0.02325587533414364, -0.02812369167804718, 0.0039642876945436, -0.027697455137968063, -0.030649416148662567, 0.015579474158585072, -0.009651330299675465, 0.007798200473189354, -0.06415797024965286, 0.006106756627559662, -0.005693693645298481, -0.014961941167712212, 0.012746975757181644, 0.005580250173807144, 0.04854448512196541, 0.018908726051449776, 0.018707694485783577, -0.0010410016402602196, 0.017585963010787964, 0.024407342076301575, -0.0064545501954853535, -0.007292331662029028, -0.003730171360075474, -0.0008506471058353782, -0.06309665739536285, 0.0035785557702183723, -0.041915785521268845, -0.00409457553178072, -0.031816571950912476, 0.040905531495809555, 0.007419663947075605, 0.012661607936024666, 0.007175934035331011, 0.0916750505566597, 0.0036077930126339197, 0.011349283158779144, -0.025089344009757042, -0.011858168058097363, -0.019819874316453934, 0.047725703567266464, -0.044943150132894516, 0.06494752317667007, -0.0034088913816958666, -0.01845618337392807, -0.010803606361150742, 0.018763434141874313, 0.0009761761175468564, -0.02809089608490467, 0.016479196026921272, -0.022972753271460533, -0.010288511402904987, -0.020412912592291832, 0.04344169422984123, -0.04736886918544769, 0.023844368755817413, 0.0061242543160915375, -0.10537522286176682, 0.025086425244808197, 0.015505582094192505, -0.034351032227277756, 0.01932070590555668, 0.030293557792901993, 0.01037715096026659, 0.0031995889730751514, 0.012344416230916977, -0.021710297092795372, -0.026671331375837326, 0.010514570400118828, 0.029698031023144722, -0.012964580208063126, 0.006228837184607983, -0.06805370002985, -0.03557988256216049, -0.03479129821062088, -0.017453493550419807, 0.05635485798120499, 0.006895433180034161, -0.01978984661400318, 0.0012348698219284415, 0.016209250316023827, 0.003525741398334503, -0.009091467596590519, 0.045231323689222336, 0.011601254343986511, 0.033016353845596313, -0.018827596679329872, 0.016266293823719025, -0.017468849197030067, -0.00033377407817170024, 0.06054101511836052, 0.013429549522697926, 0.0411464162170887, 0.05496564507484436, 0.025967910885810852, -0.03166312351822853, 0.04171319678425789, 0.04919012263417244, 0.04119563102722168, 0.02284904569387436, -0.020659906789660454, -0.01678035408258438, -0.018264789134263992, -0.03877091780304909, 0.015309073962271214, 0.0023832893930375576, -0.004960625898092985, 0.005420411005616188, 0.0016482643550261855, 0.05810817703604698, 0.0059256162494421005, -0.04154548421502113, -0.006064345594495535, -0.037190329283475876, 0.0264817513525486, -0.005399583838880062, 0.011981249786913395, -0.005817454308271408, -0.030114341527223587, -0.03480905294418335, 0.04251982271671295, -0.031138744205236435, -0.01710120216012001, -0.08909667283296585, 0.02995062991976738, -0.032651256769895554, -0.028191696852445602, -0.0007273786468431354, -0.014883710071444511, -0.06400170177221298, -0.02674194984138012, 0.04667246341705322, 0.05426587536931038, -0.0033301101066172123, -0.012098940089344978, -0.009899734519422054, -0.03127728030085564, -0.06191371753811836, 0.12638640403747559, 0.023220082744956017, -0.017445364966988564, 0.03363664820790291, 0.003957601264119148, 0.0485074482858181, -0.0002537846739869565, 0.00905656348913908, -0.006627778522670269, -0.006689177826046944, -0.003133191494271159, 0.007544899825006723, 0.027279414236545563, -0.014004295691847801, -0.0301981084048748, 0.028216734528541565, 0.0026431214064359665, -0.024385105818510056, 0.05492539331316948, 0.05157458782196045, 0.010174447670578957, -0.020398035645484924, -0.019281916320323944, 0.04345526546239853, -0.04147680848836899, 0.030908815562725067, 0.060215335339307785, 0.0026384543161839247, -0.03171689808368683, -0.0026301550678908825, -0.009831259958446026, -0.013949141837656498, -0.03688441589474678, 0.016350174322724342, -0.005441523622721434, 0.003403814509510994, -0.02888082154095173, 0.027527518570423126, 0.021961243823170662, -0.003328185062855482, -0.00539103290066123, 0.0001951803860720247, -0.0034282614942640066, 0.017382629215717316, -0.0024051584769040346, -0.024251164868474007, 0.03414050489664078, -0.0023793536238372326, -0.026190608739852905, -0.03505508974194527, -0.029778070747852325, 0.032709501683712006, 0.04676532745361328, 0.0029432824812829494, 0.043184295296669006, -0.04221020266413689, -0.026544617488980293, 0.008379267528653145, 0.03107151947915554, -0.023297660052776337, -0.0026190418284386396, 0.001706999377347529, -0.03332210332155228, -0.0018633627332746983, -0.011705998331308365, 0.013438588939607143, 0.026406172662973404, -0.041889406740665436, -0.05123380199074745, 0.03471649810671806, 0.04697851091623306, -0.022128865122795105, -0.013937784358859062, -0.007782075088471174, -0.04624995216727257, 0.05919203162193298, -0.0717322900891304, -0.013732674531638622, -0.03762739151716232, 0.036346398293972015, 0.012688136659562588, -0.027170874178409576, -0.034817807376384735, 0.004702091217041016, 0.01710130274295807, 0.031736232340335846, -0.018641065806150436, 0.07002123445272446, 0.0076468088664114475, -0.03736778348684311, -0.007925791665911674, 0.03128168731927872, -0.013120749033987522, 0.0008146320469677448, 0.04462212696671486, 0.012690821662545204, -0.01675090566277504, -0.008983191102743149, -0.04745243489742279, -0.010869080200791359, -0.031161144375801086, -0.0602373369038105, 0.00031376772676594555, -0.033696528524160385, -0.010069454088807106, -0.027647994458675385, 0.004564648028463125, 0.006332708988338709, -0.0019880591426044703, -0.01781187579035759, 0.01177807804197073, -0.028890114277601242, -0.005200409796088934, -0.054322563111782074, 0.015126672573387623, -0.0420227013528347, 0.006143265403807163, 0.05509371683001518, 0.014255523681640625, -0.002341861603781581, -0.01667223498225212, 0.005238410085439682, 0.05151870846748352, -0.00019155685731675476, 0.0033946875482797623, -0.007651062216609716, -0.031858593225479126, -0.008170131593942642, -0.0033227144740521908, 0.0007977088680490851, -0.015926692634820938, -0.015351328067481518, -0.0016020600451156497, 0.004988967441022396, 0.004594437777996063, 0.04700925573706627, -0.00037476621218957007, -0.02105352096259594, -0.02841707319021225, -0.011788316071033478, -0.01409253478050232, 0.029991114512085915, 0.03694640100002289, -0.04873767867684364, 0.008149842731654644, 0.04198012128472328, -0.020942140370607376, 0.009083778597414494, -0.03008098155260086, 0.025662453845143318, 0.029727917164564133, 0.07482525706291199, -0.048369985073804855, 0.001978466520085931, 0.0025574725586920977, 0.02953256107866764, -0.02387958951294422, 6.714629853377119e-05, -0.02462175115942955, -0.007585072424262762, -0.015706276521086693, -0.016049208119511604, -0.03773779794573784, -0.04150236025452614, -0.031304750591516495, -0.02644296921789646, 0.024047931656241417, 0.054216258227825165, 0.014884036965668201, 0.010875611566007137, 0.010378586128354073, -0.030930034816265106, -0.04988669976592064, -0.009870936162769794, 0.02080279402434826, -0.02833854779601097, -0.017466340214014053, 0.0014690272510051727, -0.004148595035076141, 0.007348246406763792, -0.00727006234228611, 0.012616369873285294, 0.02211652882397175, -0.014948495663702488, 0.0015812978381291032, -0.03511158376932144, -0.027472583577036858, -0.012666216120123863, 0.039650388062000275, -0.03406815975904465, -0.05811122804880142, -0.025684496387839317, -0.003842308884486556, 0.02264609932899475, -0.01810084842145443, -0.05315885320305824, -0.026185588911175728, 0.04273895546793938, 0.05403264984488487, -0.053170040249824524, -0.026972901076078415, -0.05261140316724777, 0.031946778297424316, -0.16453656554222107, 0.022780949249863625, -0.004689863417297602, -0.012182478792965412, -0.02475828118622303, 0.01800847426056862, -0.030845653265714645, -0.06581084430217743, 0.052720535546541214, -0.01031095813959837, -0.010039161890745163, -0.0818268358707428, -0.0008787042461335659, -0.02496250532567501, 0.018649997189641, 0.02475104294717312, -0.02530779503285885, 0.006076736841350794, 0.01365751214325428, 0.012113486416637897, -0.019220910966396332, -0.028487129136919975, 0.06500842422246933, 0.004361212253570557, -0.015033197589218616, -0.01983872428536415, 0.04163859784603119, -0.018964841961860657, -0.016924111172556877, -0.02491571381688118, -0.004758171271532774, -0.03300987556576729, 0.007733662612736225, 0.031961213797330856, 0.011112747713923454, -0.0015533866826444864, -0.002539621666073799, 0.03695590794086456, 0.011363432742655277, -0.0010653362842276692, -0.017237752676010132, 0.02764839679002762, -0.020984547212719917, -0.05128952115774155, 0.008825819939374924, 0.02677297219634056, -0.01168525218963623, -0.02408723346889019, -0.04233279451727867, 0.013366764411330223, 0.028600629419088364, 0.0503503754734993, 0.002363861771300435, 0.005230116192251444, -0.02376856654882431, -0.0013161536771804094, -0.005583190359175205, 0.0288853757083416, 0.0008117866236716509, 0.026042625308036804, -0.04816759005188942, -0.00019339547725394368, -0.010275064967572689, -0.06575135886669159, -0.04047304019331932, 0.03545147180557251, -0.058116938918828964, 0.03887505084276199, 0.004534128587692976, 0.0006294332561083138, -0.018156159669160843, -0.013350470922887325, -0.026807667687535286, -0.011704039759933949, 0.0004919037455692887, 0.0032252108212560415, 0.03540132939815521, -0.0016430822433903813, -0.07207290828227997, -0.007636942435055971, -0.03741378337144852, 0.0007993776816874743, -0.04071226716041565, 0.0021217172034084797, 0.058546990156173706, -0.0061621638014912605, 0.01163219939917326, -0.005870573688298464, -0.028253789991140366, -0.008269377052783966, -0.026836566627025604, -0.0536295510828495, 0.0064116730354726315, 0.028819583356380463, -0.012260237708687782, 0.004431590903550386, -0.024273881688714027, 0.009160020388662815, -0.00892153661698103, -0.029469644650816917, 0.03054143860936165, -0.014728600159287453, 0.01666918396949768, 0.007767518516629934, -0.041032325476408005, 0.011806042864918709, 0.035832684487104416, 0.020447053015232086, 0.007933279499411583, -0.022924641147255898, -0.039128683507442474, 0.010859300382435322, -0.03765657916665077, -0.014145854860544205, -0.0646282359957695, -0.006606436334550381, 0.004712909460067749, 0.0106348916888237, -0.023663587868213654, -0.032463692128658295, 0.015431337989866734, -0.03221571072936058, -0.034452781081199646, -0.03367039933800697, 0.027970848605036736, 0.04075545072555542, 0.02734285220503807, 0.01393249910324812, 0.01199077907949686, 0.03806574270129204, 0.0030511668883264065, -0.023927614092826843, 0.02008829265832901, 0.07605454325675964, 0.014917060732841492, -0.01644069328904152, -0.014480937272310257, 0.0537525936961174, -0.02570161409676075, -0.02262936532497406, -0.014697401784360409, -0.010473893955349922, 0.00949097704142332, -0.02765112742781639, -0.010147521272301674, -0.021245058625936508, 0.06332371383905411, -0.035581279546022415, 0.011051499284803867, -0.01986639015376568, -0.005501569714397192, 0.013959911651909351, -0.03398018330335617, 0.02545703388750553, -0.017435595393180847, 0.016790319234132767, -0.02334594912827015, -0.05046141520142555, -0.07174040377140045, 0.012144853360950947, -0.0038209690246731043, -0.038667790591716766, 0.00471085449680686, -0.020973501726984978, 0.037447504699230194, 0.04052410274744034, -0.019537467509508133, 0.009579800069332123, -0.031202031299471855, 0.018623320385813713, -0.0023143261205404997, 0.02135944738984108, -0.020684778690338135, -0.00416793767362833, 0.030203046277165413, 0.004011351615190506, 0.032956313341856, -0.019474323838949203, 0.024884801357984543, -0.0013502342626452446, 0.030348308384418488, 0.012886916287243366, -0.033280931413173676, 0.006325217429548502, 0.035896532237529755, -0.009755684062838554, 0.02798040769994259, 0.00929479394108057, 0.021019063889980316, -0.010374752804636955, -0.006725996267050505, 0.0028819988947361708, 0.05424059182405472, -0.04111667349934578, 0.04150184243917465, -0.028805749490857124, -0.007649821229279041, -0.024090759456157684, 0.019452357664704323, 0.030983682721853256, -0.02716960944235325, 0.010984840802848339, 0.0006431385409086943, -0.023878391832113266, -0.024576259776949883, -0.032606422901153564, 0.003764315042644739, -0.004909893963485956, -0.02081250213086605, 0.002666908549144864, -0.011742908507585526, -0.0007891905261203647, -0.023797903209924698, -0.012651133351027966, -0.017683638259768486, -0.02921241894364357, -0.02983936294913292, 0.02226846292614937, -0.05075770244002342, 0.015563281252980232, 0.02347598224878311, -0.017957037314772606, 0.01888953521847725, -0.00035471440060064197, -0.020345637574791908, -0.016796251758933067, -0.03207690268754959, -0.01725568063557148, -0.031042074784636497, -0.04478611797094345, -0.04323191940784454, -0.051295746117830276, 0.036379773169755936, 0.027255702763795853, -0.018556823953986168, -0.017025621607899666, 0.00043074871064163744, 0.006345186848193407, 0.002957447897642851, 0.010978837497532368, 0.036557912826538086, 0.031188255175948143, 0.0043458594009280205, 0.014727137051522732]",
15_1_0_errors_next_prerender_current_time_mdx_section_7,section,15_1_0_errors_next_prerender_current_time_mdx,"Cannot infer intended usage of current time with `Date.now()`, `Date()`, or `new Date()` - Useful Links",,{},15.1.0,"[https://developer.mozilla.org/en-US/docs/Web/JavaScript/Reference/Global_Objects/Date/now](https://developer.mozilla.org/en-US/docs/Web/JavaScript/Reference/Global_Objects/Date/now)
[https://developer.mozilla.org/en-US/docs/Web/JavaScript/Reference/Global_Objects/Date/Date](https://developer.mozilla.org/en-US/docs/Web/JavaScript/Reference/Global_Objects/Date/Date)
[/docs/app/api-reference/functions/connection](/docs/app/api-reference/functions/connection)
[https://developer.mozilla.org/en-US/docs/Web/API/Performance](https://developer.mozilla.org/en-US/docs/Web/API/Performance)
[https://react.dev/reference/react/Suspense](https://react.dev/reference/react/Suspense)
[https://react.dev/reference/react/useLayoutEffect](https://react.dev/reference/react/useLayoutEffect)
[https://react.dev/reference/react/useEffect](https://react.dev/reference/react/useEffect)
",,"[(np.int64(4), np.float64(0.039997078478336334)), (np.int64(16), np.float64(0.005599915981292725)), (np.int64(132), np.float64(0.05128214508295059)), (np.int64(678), np.float64(0.04172596335411072)), (np.int64(1733), np.float64(0.22161830961704254)), (np.int64(4171), np.float64(0.043772146105766296)), (np.int64(7844), np.float64(0.01649606227874756)), (np.int64(10869), np.float64(0.1368560791015625)), (np.int64(25512), np.float64(0.22950507700443268)), (np.int64(35613), np.float64(0.2385580837726593)), (np.int64(36836), np.float64(0.08555526286363602)), (np.int64(43581), np.float64(0.20367787778377533)), (np.int64(53498), np.float64(0.27872517704963684)), (np.int64(54936), np.float64(0.1860942840576172)), (np.int64(57890), np.float64(0.18175247311592102)), (np.int64(86291), np.float64(0.2091544270515442)), (np.int64(127689), np.float64(0.1989154815673828)), (np.int64(179140), np.float64(0.2428678572177887))]","[-0.04690676927566528, 0.002853532088920474, -0.02428319863975048, -0.002354978583753109, -0.0355466790497303, -0.03175365924835205, -0.0017745762597769499, 0.017480792477726936, -0.008246655575931072, 0.00027141382452100515, -0.012032910250127316, 0.017569949850440025, 0.007219979539513588, -0.0015250511933118105, -0.004484954290091991, 0.040844276547431946, 0.027682287618517876, 0.014439337886869907, 0.03769798204302788, 0.0024057994596660137, -0.026210039854049683, 0.008436626754701138, 0.013923263177275658, -0.026815660297870636, 0.006723568309098482, -0.002720707328990102, -0.01485042367130518, -0.05543522536754608, 0.02601821906864643, 0.012275351211428642, 0.01397413108497858, -0.01373243797570467, 0.04530567303299904, -0.0067123533226549625, -0.037122972309589386, -0.0018621936906129122, -0.015002773143351078, -0.0044749705120921135, -0.05048307031393051, 0.0015059943543747067, -0.03386616334319115, -0.00810158345848322, -0.011152923107147217, -0.03217562660574913, 0.01971992664039135, -0.05456849932670593, -0.01828625611960888, -0.016015714034438133, -0.009415262378752232, -0.04317600652575493, -0.03661470115184784, 0.03575759008526802, 0.047321926802396774, -0.045473214238882065, 0.01321410946547985, 0.012211121618747711, -0.015105579048395157, -0.04559513181447983, -0.09201569855213165, -0.013139990158379078, -0.03895951062440872, -0.03559883311390877, -0.014856274239718914, -0.009761570021510124, 0.046144697815179825, 0.014103718101978302, 0.02115475945174694, 0.018477072939276695, -0.031929861754179, -0.006408911198377609, -0.009312620386481285, 0.028415493667125702, -0.027712075039744377, -0.007512381765991449, -0.0431518591940403, 0.020089607685804367, 0.017725884914398193, -0.009939467534422874, -0.006163184996694326, 0.024445999413728714, -0.0168316550552845, 0.0010264287702739239, 0.04212212190032005, 0.0033399900421500206, -0.015301414765417576, 0.0007101414958015084, -0.02460162155330181, 0.0008382770465686917, 0.013037488795816898, 0.04677235335111618, 0.014024628326296806, -0.014926864765584469, 0.05650670453906059, -0.021029016003012657, -0.005781432613730431, 0.008070756681263447, -0.033948201686143875, 0.02148776315152645, 0.05194895714521408, 0.03718145936727524, -0.004650522023439407, 0.018033530563116074, 0.011797812767326832, -0.04907431825995445, 0.03876509517431259, -0.0020385179668664932, 0.05014093220233917, 0.0009909960208460689, 0.016376888379454613, 0.01537568774074316, 0.005654201377183199, -0.020579325035214424, 0.033294904977083206, 0.03492870554327965, 0.011371509172022343, -0.004800383932888508, -0.005951655097305775, -0.01958003267645836, 0.02288348786532879, -0.008461467921733856, -0.007349005900323391, 0.012215111404657364, 0.012275688350200653, -0.01804439164698124, 0.027052953839302063, 0.03842099756002426, 0.033985432237386703, 0.06890001147985458, 0.025491701439023018, 0.049424972385168076, 0.0061357105150818825, 0.002923311898484826, -0.016403445973992348, -0.010788642801344395, -0.04081197828054428, 0.022724492475390434, 0.03307545930147171, 0.0423668771982193, 0.01993701420724392, -0.04904518276453018, 0.06421279907226562, 0.008298130705952644, -0.016216283664107323, 0.03528199344873428, 0.04241623729467392, -0.010916497558355331, 0.018519887700676918, 0.01841842383146286, 0.011635941453278065, -0.03239123150706291, 0.02056802809238434, 0.018685216084122658, 0.01719384454190731, -0.016309717670083046, 0.008501080796122551, -0.02035004459321499, -0.014804759994149208, 0.03676218166947365, -0.0030614116694778204, -0.02470654994249344, -0.03597817197442055, -0.038800399750471115, -0.03087680973112583, 0.04429060220718384, 0.014215482398867607, -0.023694872856140137, 0.0061089228838682175, 0.016674784943461418, -0.010456389747560024, -0.005437436047941446, 0.01310578640550375, -0.03081403486430645, 0.056869275867938995, 0.007021801546216011, 0.011673592031002045, 0.008506057783961296, 0.08959683030843735, 0.014907064847648144, -0.0015753114130347967, -0.00917907152324915, -0.036845315247774124, 0.026100562885403633, 0.00982374232262373, -0.06110882759094238, -0.055051226168870926, -0.006302324123680592, -0.07363498210906982, -0.010373658500611782, 0.013203192502260208, 0.027564790099859238, -0.003124701092019677, -0.019707106053829193, 0.057497333735227585, -0.004576726350933313, 0.009972346015274525, -0.006774143781512976, 0.05997547134757042, 0.013778490014374256, -0.04839448630809784, -0.0016085801180452108, -0.04197826236486435, 0.03133320063352585, 0.04987764358520508, 0.0544096864759922, -0.06581142544746399, -0.025607530027627945, -0.0002729512343648821, -0.009104582481086254, 0.025447934865951538, -0.004851080011576414, 0.011165878735482693, 0.02784976176917553, 0.0013630532193928957, 0.00620078481733799, -0.06191572546958923, 0.00024390830367337912, -0.009713584557175636, -0.03553592041134834, -0.04205504432320595, 0.001153311925008893, 0.013261968269944191, 0.04937288910150528, 0.011208736337721348, -0.014893008396029472, 0.03504984825849533, -0.003958030138164759, 0.03434675559401512, 0.035896651446819305, 0.04853767156600952, -0.008360368199646473, 0.044128287583589554, 0.0037186210975050926, 0.04518216475844383, -0.024488424882292747, 0.04236625134944916, -0.05433906242251396, -0.030394576489925385, -0.02178904041647911, 0.0331883579492569, 0.019301146268844604, -0.005149428732693195, -0.027762606739997864, 0.020045248791575432, -0.0035276988055557013, -0.05500785633921623, -0.014075478538870811, 0.062133271247148514, 0.035667672753334045, -0.04590950161218643, -0.026715172454714775, -0.0215399619191885, 0.034308113157749176, -0.034468404948711395, -0.016009364277124405, -0.003756892867386341, -0.024269571527838707, 0.024829236790537834, 0.00892783235758543, -0.015046313405036926, -0.007060522213578224, 0.02252252958714962, 0.0049667260609567165, -0.028292708098888397, 0.03208572790026665, 0.00125534285325557, -0.03382593020796776, -0.039757661521434784, -0.050121743232011795, 0.002887674141675234, 0.019141221418976784, -0.04530463367700577, 0.0224019642919302, 0.024106910452246666, -0.01949174515902996, -0.023847442120313644, 0.0074315802194178104, -0.05237752944231033, -0.038370437920093536, 0.07283038645982742, 0.00667829904705286, -0.0039924983866512775, 0.018279751762747765, 0.0565992072224617, 0.026143135502934456, 0.0469537191092968, -0.03173162788152695, 0.0209929458796978, 0.017856134101748466, 0.028726430609822273, -0.02129220776259899, -0.02271202951669693, -0.025988537818193436, 0.06088690459728241, -0.05000938102602959, 0.0013398868031799793, 0.021857349202036858, -0.01885782927274704, -0.156027689576149, -0.02682165615260601, -0.007293785456568003, 0.029375052079558372, 0.019133523106575012, 0.022221200168132782, -0.031354870647192, -0.013813026249408722, 0.02470993623137474, 0.02952558733522892, -0.039723217487335205, -0.05867326259613037, -0.004311396740376949, 0.03471474349498749, -0.029072925448417664, 0.03376571461558342, -0.04046384617686272, 0.0023638533893972635, 0.010415093041956425, -0.03421483933925629, 0.009221795946359634, 0.011124253273010254, 0.024164222180843353, -0.04393215849995613, -0.008762204088270664, 0.0019047732930630445, 0.02446124516427517, 0.03606904670596123, -0.01764729991555214, 0.02037482149899006, -0.05991615355014801, -0.008058322593569756, -0.002594501944258809, 0.003074133303016424, -0.017117613926529884, 0.017985569313168526, -0.014676814898848534, -0.004596030805259943, -0.03957081213593483, -0.010145720094442368, -0.00014222305617295206, 0.04888075590133667, -0.010072183795273304, -0.04683232307434082, -0.006193436682224274, -0.019814729690551758, -0.020600929856300354, -0.011369760148227215, -0.008687330409884453, -0.04020700603723526, -0.005365088116377592, -0.02381901815533638, 0.012265190482139587, 0.026007292792201042, -0.038437023758888245, 0.03325500339269638, -0.024133985862135887, 0.024972811341285706, 0.004440630320459604, -0.010845073498785496, 0.019755836576223373, 0.029383767396211624, 0.06596524268388748, -0.05214390903711319, -0.006143306382000446, -0.017842326313257217, 0.057911865413188934, -0.0028196892235428095, 0.03192157298326492, -0.01870150864124298, 0.021402832120656967, -0.026351826265454292, 0.020322848111391068, -0.03598076477646828, 0.027972053736448288, 0.028300218284130096, 0.006049277260899544, 0.002606283640488982, -0.02631830796599388, -0.1059749498963356, -0.05098029598593712, 0.03899097815155983, -0.013846646063029766, 0.039320189505815506, -0.04749922826886177, -0.04219437390565872, 0.01894516497850418, 0.01911759562790394, -0.008130802772939205, 0.2522209882736206, -0.01903364807367325, 0.02159317024052143, -0.03880099952220917, 0.06165521591901779, -0.03693823143839836, 0.0038891597650945187, 0.030000198632478714, -0.007775551173835993, -0.0050170160830020905, 0.030676530674099922, 0.01760450005531311, 0.018935661762952805, -0.020123377442359924, -0.00032691023079678416, 0.01452424842864275, -0.02047841064631939, 0.005015896167606115, 0.0601189024746418, 0.014332043938338757, 0.019735261797904968, -0.04088136553764343, 0.006472303997725248, 0.008287661708891392, -0.03760286048054695, -0.035336434841156006, 0.010451148264110088, 0.04475150629878044, -0.007263059727847576, 0.0659608393907547, -0.03654300794005394, 0.001830133143812418, 0.05697004124522209, -0.0011701243929564953, -0.022767774760723114, -0.004459593445062637, -0.014887485653162003, 0.004923714324831963, -0.010325660929083824, -0.00659377034753561, -0.03772972896695137, -0.018494540825486183, -0.005398855544626713, 0.05269746854901314, 0.015637433156371117, -0.027350516989827156, -0.04997268691658974, -0.014185025356709957, -0.019398964941501617, -0.07733563333749771, -0.021364139392971992, -0.029367027804255486, -0.023876167833805084, -0.00878117885440588, 0.009061170741915703, -0.0207651499658823, -0.013542482629418373, 0.024169104173779488, -0.037818990647792816, 0.00968985352665186, 0.013967401348054409, 0.02332324907183647, -0.013984422199428082, 0.0007434153812937438, -0.0024644082877784967, 0.02317170985043049, 0.052305590361356735, -0.052095986902713776, 0.04448297992348671, 0.030364716425538063, 0.014270046725869179, 0.022619828581809998, 0.029977377504110336, -0.0025502091739326715, 0.06137889623641968, -0.02735830284655094, 0.026771824806928635, 0.01899329200387001, -0.013861436396837234, 0.02960037998855114, 0.0030074536334723234, 0.0025814760010689497, -0.0004931369912810624, 0.035147495567798615, 0.020823774859309196, -0.015343002043664455, -0.01577901281416416, 0.07616067677736282, -0.013637173920869827, 0.002582638058811426, -0.006148406304419041, -0.0029182080179452896, -0.039710406213998795, 0.015096521936357021, -0.02624504268169403, 0.02854829654097557, 0.01733854040503502, 0.012468305416405201, -0.024662084877490997, -0.024985935539007187, -0.062444716691970825, -0.00669258926063776, 0.006772147491574287, -0.01324482448399067, 0.043147239834070206, -0.041980624198913574, -0.0034973034635186195, 0.013185728341341019, 0.012451112270355225, -0.0021398779936134815, -0.042295098304748535, 0.006824543233960867, -0.0037065260112285614, -0.02555047906935215, -0.027432918548583984, 0.05985252559185028, 0.02649957686662674, 0.005150892306119204, 0.0035596771631389856, 0.0419536791741848, -0.02168702706694603, -0.014943267218768597, -0.02114720270037651, 0.04325780272483826, -0.013401607982814312, -0.011472195386886597, -0.02649584412574768, 0.041873592883348465, -0.05241839587688446, 0.05228804051876068, 0.003063184441998601, -0.02969573624432087, -0.008359499275684357, 0.0017809470882639289, -0.0002397740026935935, -0.01116902008652687, 0.04930760711431503, 0.05036073178052902, -0.017433421686291695, 0.016600657254457474, 0.02097991481423378, -0.029971128329634666, -0.000952848291490227, 0.04996579512953758, 0.03155853971838951, 0.023055681958794594, 0.003124221693724394, -0.008794375695288181, -0.006113513372838497, 0.04109226167201996, 0.03041371889412403, 0.06517796218395233, 0.020526882261037827, -0.024305611848831177, 0.0029917974025011063, -0.04376572370529175, -0.02168145775794983, -0.011541372165083885, 0.021341079846024513, -0.011192971840500832, 0.014716695062816143, 0.026265257969498634, 0.04927455261349678, 0.00115237757563591, -0.006500401068478823, -0.03147025778889656, -0.040862828493118286, 0.02102217823266983, 0.015597640536725521, 0.03407888114452362, -0.011834324337542057, -0.029140092432498932, -0.07682818919420242, -0.007944083772599697, 0.0029221586883068085, -0.0042916564270854, -0.05137293413281441, 0.010766858235001564, -0.03944685682654381, 0.024310944601893425, -0.006932206451892853, -0.014046519063413143, -0.014598974958062172, 0.016933318227529526, 0.003685362869873643, 0.03856971859931946, -0.001291372929699719, -0.02229229547083378, 0.015242460183799267, -0.011530677787959576, -0.021376943215727806, 0.1304524689912796, -0.013953601010143757, -0.025723006576299667, 0.058331314474344254, -0.026561405509710312, 0.03310529142618179, 0.030050305649638176, 0.00961369276046753, -0.03443054109811783, -0.01691276952624321, -0.0022090047132223845, 0.009331186302006245, -0.019759083166718483, -0.004274794366210699, -0.02404063753783703, -0.02246088534593582, 0.0021633596625179052, -0.0041519273072481155, 0.021714167669415474, 0.051912419497966766, -0.02069796621799469, 0.0019488398684188724, -0.009814217686653137, 0.028864894062280655, -0.03376436606049538, 0.10432925075292587, 0.01813393272459507, 0.008645961992442608, 0.04286971688270569, -0.08032109588384628, 0.012275776825845242, -0.014257012866437435, -0.03803735971450806, 0.010132503695786, 0.04156440496444702, 0.012507070787250996, -0.039389315992593765, 0.040227871388196945, 0.009531533345580101, -0.006624521221965551, 0.00036843723501078784, -0.00012314725609030575, -0.03292997181415558, -0.0370105616748333, -0.0007756707491353154, -0.02114662528038025, 0.03640967980027199, -0.007831222377717495, 0.007793295197188854, -0.023360662162303925, -0.019972199574112892, 0.023723850026726723, 0.033305320888757706, -0.026127809658646584, -0.005810688715428114, 0.02847380004823208, -0.0016849030507728457, 0.07429692149162292, -0.0266377292573452, -0.028122063726186752, -0.01709679886698723, 0.032534267753362656, -0.018549084663391113, -0.014680975116789341, 0.02391066960990429, -0.016350023448467255, 0.009681420400738716, -0.04554113373160362, -0.02057814411818981, 0.018464168533682823, 0.019237766042351723, 0.02326809987425804, -0.02157469280064106, -0.06057038530707359, -0.04445623606443405, 0.09895265847444534, -0.03367498517036438, -0.014587219804525375, -0.022426294162869453, 0.016573837026953697, 0.04433836042881012, -0.016637500375509262, -0.015337682329118252, 0.00043314776849001646, -0.017945947125554085, 0.008862101472914219, -0.007492067292332649, 0.0034993616864085197, 0.007844205014407635, -0.04053357616066933, 0.025948544964194298, 0.02310449630022049, 0.04855312779545784, -0.014383893460035324, -0.00433389050886035, 0.0563107505440712, -0.010845230892300606, -0.0071256994269788265, -0.0579092763364315, 0.05116014927625656, 0.009085663594305515, -0.024378886446356773, -0.024507783353328705, 0.030615396797657013, -0.04011651873588562, -0.0333896167576313, 0.04640959948301315, -0.009145003743469715, 0.005961403716355562, -0.011457167565822601, 0.023138366639614105, -0.005255631636828184, -0.004258931614458561, 0.016824278980493546, 0.06985288858413696, -0.012124577537178993, -0.03366612643003464, 0.01624586433172226, -0.019014503806829453, -0.022443540394306183, -0.04651328921318054, 0.008070217445492744, 0.04802284762263298, 0.06326442211866379, -0.014602066949009895, 0.03995450213551521, -0.07360225915908813, 0.008845731616020203, -0.020066790282726288, 0.019205693155527115, 0.013041793368756771, 0.010809656232595444, 0.03164844214916229, -0.037386953830718994, -0.011658452451229095, -0.024285584688186646, -0.02029760740697384, -0.017869818955659866, 0.024848604574799538, -0.029232105240225792, -0.03682262450456619, 0.0003825169987976551, -0.007849405519664288, -0.03683381527662277, -0.003879961557686329, 0.048096541315317154, -0.01488861721009016, 0.024480309337377548, -0.011642808094620705, 0.012685339897871017, 0.0010404848726466298, 0.06120673194527626, -0.0346585251390934, -0.01675732247531414, -0.0003963140188716352, 0.016345417127013206, -0.03162705525755882, -0.023366205394268036, -0.01988595724105835, 0.011335703544318676, -0.019413257017731667, -0.0001386528165312484, -0.03906423598527908, -0.006036608479917049, 0.03975288197398186, -0.02789066918194294, 0.005939396098256111, 0.005223583895713091, 0.009991402737796307, -0.01521286740899086, 0.001099322340451181, -0.01949457824230194, -0.017725301906466484, -0.003711000783368945, 0.03648471459746361, -0.014307660982012749, 0.012514442205429077, -0.0020960448309779167, 0.002307879738509655, 0.0022675141226500273, 0.018878957256674767, 0.0036435879301279783, -0.01767602562904358, -0.03754665330052376, 0.005244872532784939, -0.019419267773628235, 0.011824911460280418, 0.02396545559167862, 0.023865165188908577, -0.015065457671880722, -0.036101073026657104, -0.013092542998492718, -0.026016157120466232, -0.037799715995788574, -0.06503953039646149, 0.025190407410264015, -0.03511853516101837, -0.005230719223618507, 0.04633490741252899, -0.03892243281006813, 0.028948768973350525, -0.036437489092350006, 0.04684342071413994, -0.15457697212696075, -0.012861094437539577, -0.041283104568719864, -0.005372852552682161, -0.03053947351872921, -0.0031226808205246925, -0.040343351662158966, -0.04343876615166664, 0.050041500478982925, -0.02606639266014099, -0.0472089909017086, -0.017143724486231804, -0.02308623306453228, -0.011990601196885109, -0.03066546656191349, 0.04068036749958992, -0.018630728125572205, 0.0029751823749393225, -0.014451738446950912, 0.010450034402310848, -0.027667252346873283, -0.017735714092850685, 0.04509010538458824, 0.0020316147711127996, -0.006281640380620956, 0.005383229348808527, -0.04167798161506653, -0.004357071127742529, -0.00038486887933686376, 0.024531129747629166, 0.03857332468032837, -0.04302654787898064, -0.00619174400344491, 0.01608235016465187, 0.0036445523146539927, 0.018286990001797676, 0.012001575902104378, 0.04981241375207901, 0.004227984696626663, 0.05160992220044136, -0.01154827419668436, 0.008814035914838314, 0.000956737669184804, -0.022031813859939575, 0.03776080533862114, 0.03889525309205055, -0.041191376745700836, -0.008655478246510029, -0.032047517597675323, 0.006309248507022858, 0.012181044556200504, 0.060269277542829514, 0.011837882921099663, 0.013435689732432365, -0.019809141755104065, 0.01960722543299198, 0.015848468989133835, 0.02226448431611061, -0.05539829283952713, 0.014899132773280144, 0.01629495993256569, 0.008019420318305492, 0.008715096861124039, -0.014583475887775421, -0.02706826478242874, 0.020794566720724106, -0.04391409829258919, 0.04513968527317047, 0.006328563671559095, -0.0018893738742917776, -0.008543599396944046, -0.04353315755724907, -0.010705415159463882, 0.030668912455439568, 0.04548044502735138, 0.020772680640220642, 0.009038013406097889, -0.005451130215078592, -0.019700657576322556, 0.007692947518080473, -0.05781947448849678, -0.012772362679243088, -0.04667089506983757, 0.016280487179756165, 0.02184223383665085, 0.029304636642336845, 0.004629666917026043, -0.023093292489647865, -0.0595133937895298, -0.02233015187084675, -0.031898725777864456, -0.04058843478560448, -0.056191883981227875, 0.0443371944129467, 0.014730197377502918, 0.028087198734283447, 0.008204692974686623, -0.0019635693170130253, 0.015032224357128143, -0.009533521719276905, -0.017745543271303177, -0.048112668097019196, 0.012118726968765259, -0.018870556727051735, -0.007286344654858112, 0.015163728967308998, -0.014514584094285965, 0.012716474011540413, 0.023505154997110367, -0.007193413097411394, -0.0998494029045105, 0.004256707150489092, -0.040433332324028015, -0.0022658929228782654, -0.05572952702641487, -0.0010658536339178681, -0.015863902866840363, 0.007214886602014303, -0.003969055600464344, 0.013741541653871536, 0.003899829927831888, -0.0246297437697649, 0.02127743698656559, -0.03712828457355499, -0.006766133476048708, 0.029162712395191193, 0.008954835124313831, 0.0273196529597044, -0.020093698054552078, -0.012574976310133934, -0.007166952360421419, -0.01817956380546093, 0.013408453203737736, 0.03806960955262184, -0.02002977952361107, -0.019334975630044937, 0.001851643668487668, 0.03082127869129181, -0.06135768070816994, -0.007477671839296818, -0.02897505834698677, -0.032993387430906296, -0.01744859851896763, -0.03049377351999283, 0.012665903195738792, 0.0014092567143961787, 0.04444323852658272, 0.014605428092181683, -0.023117026314139366, 0.0001656785316299647, 0.008947234600782394, -0.018231183290481567, -0.03183363750576973, 0.022271130234003067, -0.024095162749290466, 0.022114362567663193, 0.004419348202645779, 0.02280927076935768, -0.051903121173381805, 0.018785974010825157, -0.0420953668653965, -0.08362607657909393, -0.016909446567296982, -0.012404507026076317, 0.01193179376423359, 0.044654108583927155, -0.0186117235571146, -0.03761442378163338, -0.012986545450985432, 0.0410580039024353, -0.013487235642969608, 0.05279221758246422, -0.03647521510720253, -0.011433687061071396, 0.02784680388867855, -0.013293551281094551, 0.022728994488716125, 0.00021556920546572655, -0.006661962252110243, 0.013154196552932262, 0.0310992281883955, 0.00701857777312398, 0.061266589909791946, -0.013134860433638096, 0.010142647661268711, 0.017140299081802368, -0.02444872073829174, -0.04015969857573509, 0.030246464535593987, 0.008962064050137997, -0.04426106810569763, -0.03989332541823387, 0.014976595528423786, 0.004852204117923975, 0.008366409689188004, -0.004415982868522406, -0.0002525885938666761, -0.006579066626727581, -0.021832043305039406, 0.06434987485408783, -0.006722776219248772, -0.0007437666645273566, 0.0065751029178500175, -0.016273753717541695, -0.0026558672543615103, -0.02288387157022953, -0.0403839610517025, -0.019698595628142357, -0.014597390778362751, 0.039827894419431686, -0.0010831654071807861, 0.01765238121151924, -0.018206246197223663, 0.01591315120458603, -0.0027384506538510323, -0.0315558947622776, 0.038753874599933624, 0.0009549069800414145, 0.0043019987642765045, -0.006363016553223133, 0.019818712025880814, 0.004224111791700125, -0.00942769180983305, -0.03435510769486427, -0.04502654820680618, -0.001873290748335421, 0.018048997968435287, 0.005116283427923918, -0.009575418196618557, -0.01793401874601841, -0.03513260930776596, 0.010082395747303963, -0.013495845720171928, 0.02330261655151844, 0.050242405384778976, -0.014676734805107117, 0.016354741528630257, 0.0004541341622825712, 0.021392785012722015, -0.026446877047419548, 0.010378560051321983, 0.028322458267211914, -0.04862220957875252, -0.03285183757543564]",,
