entry_id,entry_type,parent_id,title,description,metadata,version,text_content,code_content,sparse_title_description,dense_text_content,dense_code_snippet,tag
15_1_0_errors_no_duplicate_head_mdx,document,,No Duplicate Head,,{'related_links': []},15.1.0,"> Prevent duplicate usage of `<Head>` in `pages/_document.js`.

## Why This Error Occurred

More than a single instance of the `<Head />` component was used in a single custom document. This can cause unexpected behavior in your application.

## Possible Ways to Fix It

Only use a single `<Head />` component in your custom document in `pages/_document.js`.

```jsx filename=""pages/_document.js""
import Document, { Html, Head, Main, NextScript } from 'next/document'

class MyDocument extends Document {
  static async getInitialProps(ctx) {
    //...
  }

  render() {
    return (
      <Html>
        <Head />
        <body>
          <Main />
          <NextScript />
        </body>
      </Html>
    )
  }
}

export default MyDocument
```

## Useful Links

- [Custom Document](/docs/pages/building-your-application/routing/custom-document)Prevent duplicate usage of `` in ``.
",,"[(np.int64(6), np.float64(0.06199546158313751)), (np.int64(67), np.float64(0.1389404684305191)), (np.int64(438), np.float64(0.24996936321258545)), (np.int64(786), np.float64(0.15164804458618164)), (np.int64(44816), np.float64(0.28158339858055115)), (np.int64(52721), np.float64(0.23156137764453888))]","[-0.002820391906425357, 0.01633252389729023, -0.030097750946879387, 0.0153875183314085, -0.018039271235466003, 0.009539746679365635, 0.008251183666288853, -0.009695693850517273, -0.04736979305744171, -0.013793842867016792, 0.0021333680488169193, -0.01581462286412716, 0.00716104730963707, -0.024213669821619987, -0.024149460718035698, -0.013692060485482216, -0.017823021858930588, 0.010231387801468372, -0.007657183799892664, 0.012639344669878483, -0.03032658062875271, -0.019501902163028717, 0.026707114651799202, 0.01639062538743019, -0.02501795068383217, 0.0026313746348023415, -0.019611982628703117, 0.020233044400811195, 0.050331346690654755, 0.035461291670799255, 0.03430986776947975, -0.027701500803232193, 0.02496270276606083, 0.019423872232437134, -0.011060838587582111, -0.010196509771049023, -0.007536764722317457, 0.006731840316206217, -0.014956243336200714, -0.006821792107075453, -0.012482495047152042, 0.02398536168038845, 0.008270415477454662, -0.0601644441485405, -0.005730235483497381, -0.0013541029766201973, 0.01677839644253254, -0.010765578597784042, 0.046414464712142944, -0.009652143344283104, -0.04179053381085396, 0.020793773233890533, 0.047219060361385345, -0.10152257233858109, -0.023156538605690002, 0.019418559968471527, -0.04674079641699791, 0.005854467861354351, 0.011778256855905056, 0.02298201434314251, -0.02280869521200657, 0.004912210162729025, -0.002735971240326762, -0.0033136603888124228, -0.04046274721622467, 0.04084750637412071, 0.012235930189490318, 0.03534863516688347, -0.026537947356700897, -0.053823355585336685, -0.005441868212074041, 0.0029449344146996737, -0.04643726721405983, -0.01899339072406292, -0.02209644392132759, 0.01785546913743019, 0.053812846541404724, -0.057143013924360275, -0.02710789255797863, -0.009325875900685787, 0.009655969217419624, -0.02704905904829502, 0.015353514812886715, 0.0028500640764832497, 0.030870776623487473, -0.029710760340094566, -0.00963603612035513, 0.008707845583558083, 0.014271569438278675, 0.012134231626987457, -0.013098415918648243, -0.033995289355516434, 0.057745687663555145, -0.018873080611228943, -0.0216908510774374, 0.02664780803024769, 0.02271341346204281, -0.00021914890385232866, 0.062262050807476044, -0.008563051000237465, 0.043881841003894806, -0.001218213583342731, -0.011206208728253841, -0.040513742715120316, 0.06500138342380524, 0.03008565492928028, 0.03154858946800232, -0.0256132110953331, 0.02963867411017418, -0.014883357100188732, 0.007479753810912371, 0.030479811131954193, 0.004756987560540438, -0.020324958488345146, -0.008529970422387123, -0.012946111150085926, 0.022244002670049667, -0.024638693779706955, 0.02270234189927578, -0.00024897445109672844, 0.008662729524075985, 0.023696402087807655, 0.0406290665268898, -0.029478928074240685, 0.035921644419431686, -0.02556329034268856, -0.006029031239449978, 0.04520979896187782, -0.020673727616667747, -0.0317218191921711, 0.028308508917689323, 0.039212096482515335, 0.029892973601818085, 0.012396374717354774, -0.05319675803184509, 0.020782334730029106, -0.030419714748859406, 0.029173891991376877, 0.010837734676897526, -0.049413617700338364, 0.027592482045292854, 0.02566550299525261, 0.012265531346201897, -0.03584808483719826, 0.006874267477542162, -0.01852031797170639, 0.025181837379932404, 0.03193516656756401, 0.0029465537518262863, -0.028298096731305122, -0.004330215975642204, 0.034143704921007156, 0.031501397490501404, -0.01810840517282486, 0.08050594478845596, -0.07051201909780502, 0.012842586264014244, 0.024687273427844048, 0.04118732735514641, 0.030476020649075508, 0.06600357592105865, -0.0129996407777071, -0.01587795838713646, 0.022776084020733833, 0.03135516867041588, -0.04338514059782028, 0.0017269421368837357, 0.04133008420467377, -0.006848541088402271, -0.038854893296957016, 0.03463635966181755, -0.0070068007335066795, 0.032849133014678955, -0.005200132727622986, 0.010848657228052616, 0.019531484693288803, 0.025533808395266533, 0.0036818915978074074, 0.01193187478929758, -0.01201952900737524, 0.008739786222577095, 0.03186013549566269, -0.000891297881025821, -0.051021840423345566, -0.02087135799229145, 0.001658069551922381, -0.016622139140963554, -0.01806151494383812, -0.011918446980416775, 0.00988051574677229, -0.02750565856695175, -0.025074485689401627, 0.08356839418411255, 0.040164049714803696, 0.00345616671256721, -0.011088565923273563, 0.0034595346078276634, -0.016346778720617294, -0.005968050565570593, 0.03346662223339081, -0.02306489273905754, 0.033470675349235535, 0.015827007591724396, -0.014676240272819996, -0.03419579938054085, -0.01672932505607605, -0.017248589545488358, -0.04884013161063194, 0.030551213771104813, -0.016919270157814026, 0.015603736974298954, -0.02313070371747017, -0.007444223389029503, -0.001673225313425064, -0.036799632012844086, 0.024749936535954475, 0.007236889097839594, -0.004178051836788654, -0.014929523691534996, -0.06246700882911682, -0.007121157832443714, 0.0276901014149189, -0.022272862493991852, -0.011129002086818218, 0.01921761967241764, 0.005505354609340429, 0.041103824973106384, -0.013369825668632984, 0.04465453699231148, 0.051904067397117615, -0.034718722105026245, 0.008573857136070728, 0.03182947263121605, -0.012840292416512966, 0.04316196218132973, -0.029485808685421944, -0.026313431560993195, -0.006348416209220886, -0.011688816361129284, 0.02959660440683365, 0.05226404592394829, -0.02697695605456829, 0.02657383121550083, 0.011510654352605343, -0.038606543093919754, -0.02969737909734249, 0.03826500475406647, 0.04651866480708122, -0.02330832928419113, -0.004582311492413282, 0.019121775403618813, 0.025315633043646812, -0.0218178890645504, -0.013713611289858818, 0.03848496451973915, 0.0062237149104475975, -0.007515196688473225, -0.009073457680642605, -0.021102188155055046, -0.02244492992758751, 0.010052635334432125, 0.06050571799278259, -0.028957031667232513, 0.005389675032347441, -0.028835106641054153, -0.010592063888907433, -0.03457631170749664, -0.020177677273750305, 0.015875613316893578, 0.04194667562842369, -0.09117303043603897, -0.0011128822807222605, 0.06766357272863388, -0.0268575269728899, -0.022165074944496155, 0.01291411928832531, -0.004981138277798891, -0.02734554558992386, 0.06949429214000702, 0.01996198296546936, -0.028565408661961555, 0.05844199284911156, 0.06652157008647919, 0.06622463464736938, 0.0657706931233406, 0.0030085179023444653, -0.01899576559662819, -0.06912268698215485, 0.017588699236512184, 0.01901284232735634, -0.0019200154347345233, 0.050976917147636414, 0.03015361912548542, 0.002097883028909564, -0.01870131865143776, -0.0004018373729195446, 0.02452564425766468, -0.13679733872413635, -0.04005178064107895, 0.053973034024238586, -0.024477196857333183, 0.016093045473098755, 0.022757316008210182, -0.029341213405132294, -0.006925906985998154, 0.009469635784626007, 0.04823680222034454, -0.01973319984972477, -0.0311397947371006, -0.03854888677597046, -0.03276639059185982, 0.013971639797091484, 0.02812216617166996, -0.016161195933818817, -0.014060795307159424, 0.022974684834480286, -0.031279027462005615, -0.03485238552093506, -0.035033419728279114, 0.05345692113041878, -0.021035362035036087, 0.014906046912074089, -0.01928095333278179, 0.03131801262497902, 0.0014378409832715988, -0.03438097983598709, -0.005897743161767721, -0.0176579337567091, -0.037741806358098984, -0.002400956815108657, -0.0012719109654426575, -0.007722612004727125, 0.020640971139073372, 0.004063556436449289, 0.03252033889293671, -0.04481470212340355, -0.03606506064534187, 0.02750878781080246, 0.040297072380781174, -0.002713647438213229, -0.00019755617540795356, 0.02217765711247921, -0.06058534234762192, 0.025095516815781593, -0.039609335362911224, -0.03514553979039192, -0.053928960114717484, 0.012269438244402409, -0.01119945663958788, 0.0018375093350186944, 0.03400726243853569, 0.0010298423003405333, 0.0006294923950918019, -0.014326094649732113, 0.008154701441526413, -0.02554665319621563, 0.03056436963379383, 0.016671137884259224, -0.03291485831141472, 0.05825487896800041, -0.04047366976737976, -0.04353414475917816, 0.029313325881958008, 0.04633963853120804, -0.004345658700913191, 0.013739028945565224, -0.02105955220758915, 0.02554130367934704, -0.05849632993340492, -0.005937611218541861, 0.0082650575786829, -0.028488075360655785, -0.0012162273051217198, 0.03880017623305321, -0.0030896184034645557, 0.0054857428185641766, -0.11294829100370407, 0.023536136373877525, 0.002401114208623767, -0.040140725672245026, 0.0344151146709919, -0.02789083495736122, -0.010857634246349335, -0.0058989617973566055, -0.013549350202083588, -0.002456663642078638, 0.23613019287586212, 0.03230829909443855, 0.035201482474803925, 0.014172054827213287, 0.08839186280965805, -0.01011742651462555, -0.017238222062587738, 0.03905373439192772, 0.019776316359639168, -0.043076857924461365, 0.027109196409583092, 0.03499075025320053, 0.019264955073595047, 0.011919327080249786, 0.04560070112347603, 0.02297833561897278, -0.027071556076407433, 0.052037596702575684, 0.054598771035671234, -0.04678073897957802, 0.032750457525253296, -0.04632285609841347, 0.04566631093621254, 0.04319380596280098, -0.0685633197426796, -0.006524000316858292, -0.005520216654986143, 0.025152010843157768, -0.06051567569375038, 0.0428270623087883, -0.04444422945380211, 0.026464715600013733, 0.05371512472629547, -0.09571459144353867, -0.0038428576663136482, -0.05283443629741669, 0.0094525758177042, -0.043049562722444534, -0.04244210198521614, -0.0078091248869895935, 0.002575387479737401, 0.001461721258237958, 0.004675804637372494, -0.0051179914735257626, 0.024394938722252846, 0.005711146164685488, 0.02068394422531128, -0.012326699681580067, 0.024507733061909676, -0.006834413856267929, -0.0015546545619145036, -0.01828780025243759, 0.006660346407443285, 0.015134122222661972, -0.03132681921124458, -0.004992480389773846, -0.021749848499894142, 0.0005866718129254878, -0.02129172347486019, 0.03255537524819374, -0.00011793091834988445, 0.036627959460020065, -0.055013447999954224, 0.01341202948242426, 0.003149155294522643, 0.007206722628325224, 0.01209244690835476, 0.004268488381057978, 0.03949981927871704, 0.06650982052087784, 0.028840644285082817, -0.040163926780223846, 0.029709218069911003, -0.014712953008711338, 0.026742028072476387, -0.0273257028311491, 0.0207784753292799, 0.012193867936730385, -0.0689191147685051, 0.0348089262843132, -0.007632439024746418, 0.02011740580201149, -0.02316683530807495, -0.02022017538547516, 0.007984813302755356, -0.0036989657673984766, -0.0039603132754564285, 0.041447579860687256, -0.01565822772681713, -0.0036096747498959303, 0.00204462930560112, -0.005543399136513472, -0.022281592711806297, 0.040430523455142975, -0.035057637840509415, 0.0118473581969738, 0.023854002356529236, -0.00523266289383173, 0.01408203225582838, -0.003746176138520241, -0.04075905680656433, -0.02612913027405739, -0.025559227913618088, -0.0500839538872242, 0.05556878820061684, -0.029897531494498253, 0.02116077020764351, -0.007123439107090235, -0.0086675975471735, 0.007832882925868034, -0.02110769972205162, -0.0028605442494153976, 0.007724697235971689, 0.020528336986899376, -0.030735017731785774, 0.044260505586862564, 0.0012115107383579016, -0.006059569306671619, 0.011571231298148632, 0.062333472073078156, 0.007840610109269619, -0.014349929057061672, -0.038858361542224884, 0.011270776391029358, 0.013040049932897091, -0.0279502272605896, 0.01167930755764246, -0.0026033781468868256, -0.047315552830696106, 0.0034953122958540916, 0.008970916271209717, -0.03599639981985092, -0.09457544982433319, 0.026817651465535164, 0.02000853791832924, -0.0019014427671208978, 0.002994318027049303, 0.0004769330844283104, -0.023036260157823563, 0.0039027773309499025, -0.06687023490667343, -0.026721611618995667, -0.013431819155812263, 0.04443822056055069, 0.014636713080108166, 0.054328300058841705, 0.004020260646939278, -0.01998920924961567, -0.01089430507272482, 0.01734347641468048, 0.053197626024484634, 0.053625430911779404, -0.008499367162585258, -0.052674826234579086, -0.022536147385835648, -0.06849920004606247, -0.000774834246840328, 0.0014334360603243113, 0.021697549149394035, -0.015871398150920868, -0.0166110098361969, 0.019948279485106468, 0.009249511174857616, 0.03348362818360329, -0.006185955833643675, 0.00497015006840229, -0.017536258324980736, -0.004799660295248032, -0.0321386344730854, 0.0011011905735358596, -0.01087427232414484, -0.04451664909720421, -0.004054709803313017, 0.023609016090631485, -0.020865190774202347, -0.0003511802642606199, -0.036260005086660385, -0.012631045654416084, -0.009270857088267803, -0.00695853540673852, 0.02232108637690544, -0.01305141020566225, -0.06569702923297882, 0.003651372855529189, 0.07263706624507904, 0.0232273917645216, 0.010844848118722439, -0.01164236944168806, 0.019413800910115242, -0.04020792245864868, -0.029875822365283966, 0.11464790999889374, -0.04249121993780136, 0.016960320994257927, 0.046137742698192596, 0.0020498489029705524, 0.04218782112002373, -0.0028850415255874395, -0.04145050421357155, 0.012594268657267094, 0.0020236114505678415, 0.02348273992538452, 0.0046294089406728745, 0.04304214194417, -0.01107980590313673, -0.019934380427002907, -0.00039137768908403814, -0.003407291602343321, -0.0337483249604702, 0.0039017596282064915, -0.00750110624358058, 0.03146934136748314, -0.06884350627660751, 0.035782940685749054, 0.017196329310536385, -0.033421143889427185, 0.0576668344438076, 0.04629933089017868, 0.004068349953740835, 0.008591167628765106, -0.00982560683041811, -0.003137123305350542, 0.023413576185703278, -0.06350427865982056, 0.011787528172135353, -0.01172181498259306, 0.008634088560938835, -0.01699601300060749, 0.014837207272648811, -0.007078052498400211, -0.02010800875723362, 0.02986321970820427, 0.03980272263288498, -0.042406145483255386, 0.01419005636125803, 0.014468727633357048, -0.0010129332076758146, 0.022569188848137856, 0.04533842206001282, -0.037754595279693604, 0.017707694321870804, -0.03718150779604912, 0.04935437813401222, 0.012109187431633472, 0.005444696173071861, -0.015949007123708725, -0.014342512004077435, -0.02536400780081749, -0.03824521228671074, 0.007400414906442165, 0.018226895481348038, 0.04547320678830147, 0.022226983681321144, -0.045212335884571075, 0.03543313965201378, -0.01170776505023241, 0.009225325658917427, 0.012674868106842041, -0.06886640936136246, 0.0005402046954259276, -0.013113567605614662, 0.0015843827277421951, -0.014663074165582657, -0.01222854945808649, -0.012706712819635868, -0.061582956463098526, 0.0292247012257576, -0.0518258698284626, -0.02706020139157772, -0.031574372202157974, -0.015853378921747208, -0.03465399891138077, 0.016253100708127022, -0.0049764132127165794, 0.002758416347205639, 7.535036274930462e-06, -0.013423173688352108, 0.014805035665631294, 0.0692862719297409, -0.056711580604314804, -0.04808780550956726, -0.03478953242301941, -0.006121676415205002, 0.05511349067091942, 0.03495213761925697, -0.015608993358910084, 0.07562845200300217, 0.04348576068878174, 0.0015851188218221068, -0.007917416281998158, -0.0038353942800313234, -0.0026514804922044277, -0.03375802934169769, -0.011018351651728153, -0.034873079508543015, -0.0010424666106700897, -0.011769361793994904, -0.0015866629546508193, 0.007308322936296463, 0.027220413088798523, -0.0008307047537527978, -0.0072020175866782665, -0.015322336927056313, -0.0401277095079422, -0.030994491651654243, 0.04373108595609665, 0.012803366407752037, -0.021564647555351257, -0.007011952344328165, -0.013166625052690506, -0.025906048715114594, -0.07850335538387299, 0.02548423409461975, 0.008630247786641121, 0.05318275839090347, -0.017171839252114296, 0.04164891317486763, -0.028119511902332306, -0.03097652457654476, 0.004946422763168812, 0.02358151413500309, -0.0126907117664814, -0.03231734037399292, -0.015624986961483955, -0.0371859148144722, 0.010818617418408394, 0.01163116842508316, -0.03490573912858963, -0.018350642174482346, -0.02893230691552162, -0.03320096433162689, 0.009410479106009007, -0.008173564448952675, -0.03660712391138077, 0.017522985115647316, 0.008136535994708538, 0.009136148728430271, -0.013999126851558685, 0.005420677363872528, -0.030316730961203575, -0.0006372847128659487, -0.04453204572200775, 0.03361111134290695, -0.013067848049104214, 0.007392219267785549, -0.009300611913204193, -0.006569392047822475, -0.0019318345002830029, -0.03762234374880791, -0.01833251118659973, -0.050066228955984116, -0.008891859091818333, -0.02786782570183277, -0.019212378188967705, -0.007321294862776995, 0.0020864880643785, 0.008503795601427555, 0.027570033445954323, 0.05023513734340668, -0.008516579866409302, -0.030665503814816475, 0.003620241302996874, -0.015566010028123856, -0.03722546994686127, 0.01402965746819973, 0.01541366521269083, -0.012897390872240067, 0.0002966973988804966, -0.012397842481732368, -0.0009435278479941189, -0.03305969759821892, -0.0460948720574379, 0.01037588156759739, -0.02160344086587429, 0.03778612241148949, -0.0136527419090271, -0.03898513317108154, 0.025526436045765877, 0.0045043108984827995, -0.013299447484314442, 0.0074569652788341045, -0.06678169220685959, 0.003431771183386445, -0.010287447832524776, 0.027905361726880074, -0.024825863540172577, 0.0090594831854105, -0.016082724556326866, -0.020266322419047356, -0.009691077284514904, 0.007418882567435503, 0.06191224232316017, -0.016136933118104935, 0.03255651891231537, -0.1263686716556549, 0.02319130301475525, -0.03113585337996483, 0.03131283074617386, -0.026167113333940506, 0.0027566845528781414, -0.0005326287355273962, -0.056296706199645996, 0.02150387316942215, -0.03884049132466316, -0.051921214908361435, -0.035205427557229996, 0.025326356291770935, -0.017419446259737015, 0.002197022084146738, 0.04292786121368408, 0.012211481109261513, 0.011105131357908249, -0.04267474636435509, -0.015952564775943756, -0.0018853085348382592, 0.016213517636060715, -5.407255594036542e-05, -0.009244340471923351, -0.00361537653952837, -0.01104497816413641, -0.003523970488458872, 0.026750192046165466, -0.02234705165028572, 0.04208747670054436, -0.015041285194456577, -0.010386938229203224, -0.0009265484986826777, 0.029180455952882767, -0.013817672617733479, 0.009640775620937347, 0.028944285586476326, 0.016848690807819366, 0.022858060896396637, 0.01810944825410843, 0.009554179385304451, 0.015163290314376354, -0.027036912739276886, -0.01285449881106615, 0.008094098418951035, 0.049379780888557434, -0.03071831353008747, -0.014375424943864346, 0.019661052152514458, -0.010916859842836857, 0.027844540774822235, 0.032824061810970306, 0.01664571650326252, -0.005603181663900614, -0.011075153015553951, 0.001572831766679883, -0.0018785165157169104, 0.002270650351420045, -0.01692768931388855, 0.02860235795378685, -0.016272228211164474, 0.010302509181201458, -0.021470636129379272, -0.01780463382601738, -0.0079460134729743, 0.047452885657548904, -0.04553898796439171, 0.03716789186000824, 0.020694345235824585, 7.812541298335418e-05, -0.013420477509498596, -0.0695168673992157, -0.012504421174526215, -0.005517828278243542, 0.017369141802191734, 0.018267257139086723, -0.030969863757491112, -0.044489629566669464, -0.029213570058345795, 0.0007965377881191671, -0.06954550743103027, -0.0008427604334428906, -0.04657718539237976, 0.020667789503932, 0.0364808663725853, 0.012695944868028164, -0.01741616427898407, -0.05691324546933174, 0.01911906525492668, -0.05059714987874031, -0.015643395483493805, -0.027742180973291397, -0.010309937410056591, -0.004356530494987965, 0.018902072682976723, 0.043974317610263824, 0.023375123739242554, 0.02586178295314312, 0.02451292984187603, -0.020722826942801476, -0.04034468159079552, -0.010137324221432209, 0.02503800019621849, 0.0051689306274056435, -0.025344479829072952, 0.03269816190004349, 0.003971933387219906, -0.02893083542585373, -0.018999779596924782, -0.03399554640054703, -0.025230852887034416, 0.015527311712503433, -0.01653912290930748, 0.01463819295167923, -0.06680941581726074, 0.004637809935957193, -0.009229022078216076, 0.006710659246891737, 0.0435674823820591, -0.003664025804027915, 0.008081450127065182, -0.026375843212008476, 0.0008975448436103761, -0.026087280362844467, 0.029757358133792877, 0.007885011844336987, 0.058063190430402756, 0.04519175738096237, 0.010000437498092651, -0.027839619666337967, 0.006901201792061329, -0.07062467187643051, 0.020079070702195168, 0.000515290186740458, -0.002962897764518857, -0.034613482654094696, -0.0058744060806930065, 0.011061293072998524, -0.05674909055233002, 0.04675549641251564, -0.0330396331846714, -0.0023107100278139114, -0.015319070778787136, -0.04088878259062767, -0.0071329474449157715, -0.0029126626905053854, 0.034700628370046616, 0.015557749196887016, -0.0027618801686912775, -0.012170758098363876, -0.002336803125217557, -0.05277174711227417, -0.026746906340122223, 0.0007518898346461356, -0.030568433925509453, -0.014631655998528004, -0.036248184740543365, 0.021118052303791046, -0.03224250674247742, 0.040768612176179886, -0.01361842080950737, -0.009693720377981663, 0.024890277534723282, 0.000674114387948066, -0.03824523091316223, 0.02181554213166237, -0.010732144117355347, 0.0037224486004561186, -0.010577873326838017, 0.024012932553887367, -0.005010856781154871, 0.052163850516080856, -0.03358050435781479, -0.0028951105196028948, 0.024463407695293427, -0.006027487572282553, -0.015839336439967155, 0.023877477273344994, 0.03381955623626709, -0.04770861938595772, 0.04524809494614601, 0.006869056727737188, -0.013842280954122543, 0.01496937032788992, 0.005666574463248253, 0.000584168010391295, -0.027011016383767128, 0.008929461240768433, 0.02101019211113453, -0.04172235354781151, -0.04982823505997658, -0.015796665102243423, -0.011779294349253178, 0.029093891382217407, -0.011174083687365055, 0.03670024499297142, -0.03172780200839043, -0.015848882496356964, 0.02477394975721836, 0.07284373790025711, 0.04241283982992172, -0.0032481923699378967, 0.026099469512701035, -0.02196156419813633, -0.04027479514479637, 0.022201724350452423, 0.001038940972648561, 0.03565620630979538, -0.0009295489289797843, 0.06996574997901917, -0.02170361764729023, 0.007328580599278212, 0.0049768066965043545, -0.024401003494858742, -0.030271144583821297, -0.023020830005407333, 0.07151807099580765, 0.047443293035030365, 0.022115936502814293, -0.018817884847521782, 0.03820148482918739, 0.015864107757806778, -0.01957857981324196, -0.062398310750722885, -0.01649847812950611, 0.015615311451256275, 0.0025954025331884623, 0.028990603983402252, -0.0038390348199754953, 0.04449735954403877, -0.07325194031000137, -0.0023986436426639557, 0.00015466674813069403, -0.01811906322836876, 0.00974383857101202, -0.011233593337237835, -0.02190776914358139, 0.027118569239974022, -0.04611768573522568, 0.009912123903632164, 0.03291315585374832, 0.046847447752952576, -0.006152532994747162, 0.025608466938138008]",,
15_1_0_errors_no_duplicate_head_mdx_section_2,section,15_1_0_errors_no_duplicate_head_mdx,No Duplicate Head - Why This Error Occurred,,{},15.1.0,"More than a single instance of the `` component was used in a single custom document. This can cause unexpected behavior in your application.
",,"[(np.int64(67), np.float64(0.14556089043617249)), (np.int64(438), np.float64(0.2262483388185501)), (np.int64(786), np.float64(0.15723338723182678)), (np.int64(3293), np.float64(0.1544530838727951)), (np.int64(44084), np.float64(0.11557810008525848)), (np.int64(44816), np.float64(0.300923228263855)), (np.int64(52721), np.float64(0.25228169560432434)), (np.int64(64240), np.float64(0.06007993593811989)), (np.int64(212059), np.float64(0.2430105209350586))]","[0.011437603272497654, 0.007371246349066496, -0.053404878824949265, 0.03438872471451759, -0.015217194333672523, -0.05806783214211464, 0.00966698583215475, 0.04314275458455086, -0.02795056253671646, -0.0012232863809913397, 0.008535110391676426, -0.00969652459025383, 0.0054496354423463345, -0.017730679363012314, -0.0009953222470358014, -0.004540176596492529, 0.01804322376847267, 0.024775607511401176, -0.023993080481886864, 0.012580746784806252, -0.031676556915044785, -0.004040618892759085, 0.03133096918463707, 0.00037862808676436543, -0.05176461488008499, 0.021594388410449028, -0.007251558359712362, -0.019671358168125153, 0.04176772013306618, 0.014697992242872715, 0.01846116967499256, -0.041960492730140686, 0.06198035553097725, -0.00857856310904026, -0.009522437117993832, -0.028531504794955254, -0.023992102593183517, 0.005750484298914671, -0.01596667617559433, 0.02680838108062744, -0.0003544183273334056, 0.024204107001423836, -0.0060257879085838795, -0.03943939134478569, -0.02092248573899269, 0.0016935929888859391, -0.005134144797921181, -0.016066888347268105, -0.004865940660238266, 0.0013576019555330276, 0.0062703234143555164, -0.0082328412681818, 0.026476530358195305, -0.08684280514717102, -0.018063917756080627, 0.02495611272752285, -0.04003952443599701, -0.015506693162024021, -0.02217857725918293, -0.0021079466678202152, -0.023795627057552338, -0.0010968880960717797, -0.017626356333494186, -0.024248413741588593, -0.04833105951547623, 0.08818956464529037, -0.005346646532416344, 0.015395848080515862, -0.0018400567350909114, -0.057035453617572784, 0.018624665215611458, 0.02335669845342636, -0.021374376490712166, -0.006216975394636393, -0.044835079461336136, 0.028294840827584267, 0.03224558383226395, -0.047218650579452515, -0.037825893610715866, 0.01666705496609211, -0.0050351847894489765, -0.03244813159108162, -0.0148656340315938, 0.004616719204932451, 0.013043783605098724, 0.020557744428515434, 0.0007014788570813835, 0.006206277757883072, 0.014530526474118233, -0.0002233151171822101, 0.0008817797643132508, -0.030971840023994446, 0.09993432462215424, 9.07643188838847e-05, -0.012604552321135998, 0.03949173539876938, 0.0012919303262606263, 0.04685844108462334, 0.012922316789627075, -0.00205845944583416, 0.013616268523037434, -0.009626057930290699, -0.024510690942406654, -0.04930936545133591, 0.029838887974619865, 0.006955358199775219, 0.028676170855760574, 0.03354896232485771, 0.0010311576770618558, -0.010761733166873455, 0.016151893883943558, 0.03716897591948509, 0.02237258292734623, -0.019979922100901604, 0.003244759514927864, 0.022485515102744102, 0.011949856765568256, -0.0005275646108202636, 0.020737137645483017, -0.003338148118928075, 0.04504934698343277, 0.02550208382308483, 0.010875151492655277, -0.043257322162389755, -0.019009672105312347, -0.01601971499621868, 0.017584936693310738, 0.029924774542450905, -0.014673474244773388, -0.011733679100871086, 0.03982867673039436, 0.02554829977452755, -0.020571058616042137, 0.00131692155264318, -0.08898325264453888, 0.006592349149286747, -0.001599754672497511, 0.02098177932202816, 0.01412000972777605, -0.06597288697957993, 0.043992944061756134, -0.02056899666786194, 0.011314495466649532, -0.021747179329395294, 0.002261594869196415, -0.022608160972595215, 0.04630013927817345, 0.008504223078489304, -0.014117917977273464, -0.04845144599676132, 0.004897456616163254, 0.014437803067266941, -0.0206745695322752, -0.024963393807411194, 0.03737281635403633, -0.08121705800294876, 0.046640049666166306, 0.01881317049264908, 0.0321182906627655, 0.013767378404736519, 0.052320633083581924, -0.019626621156930923, -0.0024672846775501966, 0.03358114883303642, 0.01662101410329342, -0.01389765553176403, -0.005445137154310942, 0.06307857483625412, -0.03278924524784088, -0.06439223885536194, 0.024938229471445084, -0.01680661179125309, -0.01229643914848566, -0.008736166171729565, -0.0027510079089552164, 0.017178822308778763, 0.030449334532022476, 0.011166773736476898, 0.01249572355300188, -0.017704520374536514, 0.00372792175039649, 0.022066906094551086, -0.010383202694356441, -0.023145753890275955, -0.02843695878982544, -0.002998907584697008, -0.020397914573550224, -0.018046407029032707, -0.0007233879878185689, 0.027041204273700714, -0.005211600102484226, -0.019006656482815742, 0.04246709868311882, 0.04370851442217827, 0.000999700976535678, -0.018134523183107376, 0.010501410812139511, 0.012940309941768646, 0.019417257979512215, 0.017054276540875435, -0.017460692673921585, 0.024762656539678574, -0.0002757768670562655, -0.02325652912259102, -0.04437874257564545, -0.00012955481361132115, -0.016872763633728027, -0.055762648582458496, 0.0203263983130455, -0.018878698348999023, 0.030006110668182373, -0.0010128964204341173, -0.025993378832936287, 0.012163598090410233, -0.04062937572598457, 0.033530641347169876, 0.015810225158929825, -0.0032585272565484047, -0.006326254922896624, -0.07647174596786499, -0.04491189122200012, 0.01911478117108345, -0.01852765865623951, 0.057445768266916275, -0.014532682485878468, 0.011535623110830784, -0.01563354581594467, -0.005964622832834721, 0.045973822474479675, 0.006141865160316229, -0.02789272367954254, -0.01530052162706852, 0.034416571259498596, -0.00924057886004448, 0.0393989160656929, -0.01473257876932621, -0.03700447455048561, 0.02233104221522808, -0.004401927348226309, -0.005083829164505005, 0.01617536135017872, 0.004702506121248007, 0.0706784725189209, 0.01471997331827879, -0.020436696708202362, -0.017676740884780884, 0.00680763553828001, 0.04487049952149391, -0.017916638404130936, -0.0401587039232254, 0.019428277388215065, -0.003232210176065564, -0.0020329856779426336, -0.017455480992794037, 0.024365099146962166, 0.001797328470274806, 0.0275630671530962, 0.020735643804073334, -0.025366075336933136, 0.0015316169010475278, 0.014951781369745731, 0.036447834223508835, -0.01894676312804222, 0.0055540865287184715, 0.00251856935210526, -0.01580764539539814, -0.0029000553768128157, -0.01133962906897068, 0.02305428311228752, 0.0013440388720482588, -0.0337333045899868, -0.01930990070104599, 0.009606201201677322, -0.011137047782540321, -0.030648544430732727, 0.034111469984054565, -0.03912297263741493, -0.027865244075655937, 0.07896596193313599, 0.013517295010387897, 0.00514974445104599, 0.06345155090093613, 0.036461420357227325, 0.004389788024127483, 0.03906119987368584, -0.008982192724943161, -0.019143901765346527, -0.03829726204276085, 0.00402855034917593, 0.029713911935687065, 0.021036498248577118, -0.0018265345133841038, 0.051954157650470734, 0.003190843155607581, -0.028847040608525276, -0.004019150510430336, 0.016220206394791603, -0.14307880401611328, 0.020923960953950882, 0.015237289480865002, 0.009483237750828266, 0.020623652264475822, 0.030856164172291756, -0.039277780801057816, -0.031665608286857605, 0.0012097060680389404, 0.048386335372924805, -0.040877796709537506, -0.050820183008909225, 0.003919936250895262, -0.011275426484644413, 0.011280529201030731, 0.0038835089653730392, -0.03154734522104263, 0.023776287212967873, -0.01644805446267128, -0.0372280478477478, -0.005162625573575497, -0.039135631173849106, 0.046926867216825485, -0.011587237939238548, 0.015583522617816925, -0.02828402817249298, 0.06148575618863106, 0.0238962285220623, -0.023381778970360756, -0.01386167760938406, -0.04650174453854561, 0.0176228117197752, -0.006392884533852339, 0.036208100616931915, 0.02213721163570881, 0.036470625549554825, 0.01078642625361681, 0.03401661291718483, -0.03553606569766998, -0.03137311339378357, 0.047856297343969345, 0.014325860887765884, -0.03154191002249718, 0.0033899100963026285, -0.012447281740605831, -0.05977838486433029, 0.046386756002902985, -0.04235666245222092, -0.02326287142932415, -0.03612995892763138, 0.016006631776690483, -0.034249600023031235, -0.0072545274160802364, 0.025803150609135628, -0.027979008853435516, 0.015297343954443932, 0.002369728172197938, 0.03272203728556633, -0.017455512657761574, 0.05987755209207535, -0.010847204364836216, -0.017758779227733612, 0.022046342492103577, -0.028944605961441994, -0.030163653194904327, 0.01532175112515688, 0.039250608533620834, -0.01255790889263153, 0.0349375456571579, -0.03455306217074394, 0.022847143933176994, -0.003785502864047885, 0.02183482237160206, -0.006112975999712944, -0.013874057680368423, 0.007032580208033323, 0.008989295922219753, 0.01842642016708851, -0.021773282438516617, -0.0786416232585907, -0.009344534948468208, 0.007388628087937832, 0.011591976508498192, 0.0504705086350441, -0.009086268953979015, -0.03928573429584503, -0.010392602533102036, -0.0027414970099925995, -0.00019674276700243354, 0.24291345477104187, 0.03553396463394165, 0.033745065331459045, 0.00780857726931572, 0.08149421960115433, -0.02570067159831524, 0.024179980158805847, 0.04767978563904762, 0.012792129069566727, -0.034685611724853516, 0.0248694010078907, 0.02450803481042385, -8.596882980782539e-05, -0.019607679918408394, 0.032750584185123444, 0.013594843447208405, -0.06372636556625366, -0.007239996921271086, 0.08232522010803223, -0.022927748039364815, 0.022582456469535828, -0.02954375557601452, 0.07534649223089218, 0.010086281225085258, -0.09161745011806488, -0.018775133416056633, -0.02691979706287384, -0.043012455105781555, -0.032887052744627, 0.031544167548418045, -0.057922832667827606, 0.03983044624328613, 0.04807855561375618, -0.035472847521305084, 0.03442028537392616, -0.015616674907505512, -0.007427512668073177, -0.015404671430587769, -0.02668895199894905, -0.008390151895582676, -0.0060004726983606815, -0.007718521170318127, -0.009748387150466442, -0.01243522297590971, 0.016452105715870857, -0.020605914294719696, 0.010332763195037842, -0.012181826867163181, 0.007505548186600208, 0.0017140913987532258, 0.011328647844493389, 0.019167618826031685, 0.013021686114370823, 0.013063534162938595, -0.02274155803024769, 0.006830163300037384, -0.03209675848484039, 0.020284093916416168, 0.03071734867990017, 0.02861608937382698, -0.005795059259980917, 0.036553725600242615, -0.07813230156898499, 0.028644850477576256, 0.03578647971153259, 0.030602017417550087, -0.015980880707502365, -0.057165756821632385, 0.01825646124780178, 0.053562745451927185, 0.02251717448234558, -0.009355001151561737, 0.005970187950879335, 0.009965489618480206, 0.02970830723643303, -0.000610773975495249, 0.05489747226238251, 0.01179118175059557, -0.06767350435256958, 0.005713244434446096, -0.01891765184700489, -0.006150009110569954, -0.02130056545138359, -0.00849000085145235, 0.019580338150262833, -0.010677003301680088, -0.013765002600848675, 0.06147262826561928, -0.017486223950982094, -0.0007978419889695942, -0.015929125249385834, 0.006844440009444952, -0.048875220119953156, -0.023442041128873825, -0.04528285190463066, 0.015421257354319096, 0.021873682737350464, -0.022141627967357635, -0.019231639802455902, -0.0285766813904047, -0.04090239107608795, -0.048040423542261124, -0.003138550790026784, -0.026418136432766914, 0.07954113930463791, -0.008637645281851292, 0.004452853463590145, -0.03596830740571022, -0.012314384803175926, 0.02803797461092472, -0.012440652586519718, 0.012775518000125885, -0.03112279810011387, 0.0037279280368238688, -0.012729067355394363, 0.07196401059627533, -0.019972732290625572, 0.028802601620554924, 0.034029521048069, 0.06679651886224747, -0.012983639724552631, -0.0451667346060276, 0.014685436151921749, 0.0007084741955623031, -0.029668807983398438, -0.02704130858182907, -0.03304388374090195, 0.028500763699412346, -0.01818164810538292, 0.007337149698287249, 0.015290884301066399, -0.04048970341682434, -0.06465872377157211, 0.01514846459031105, 0.0353546142578125, -0.008092865347862244, 0.030954230576753616, -0.002131394576281309, -0.013579347170889378, 0.03130749985575676, -0.07535446435213089, 0.0026776122394949198, -0.027316046878695488, 0.06864537298679352, -0.009662047028541565, 0.005406688433140516, -0.09387852996587753, 0.008905725553631783, -0.002861566375941038, 0.006140740122646093, 0.07022108882665634, 0.020722713321447372, -0.03148613125085831, -0.038131825625896454, -0.018859028816223145, -0.05354604870080948, -0.02760712243616581, 0.00888022966682911, -0.012557709589600563, -0.010013560764491558, 0.006263917312026024, 0.036791786551475525, 0.0383690781891346, 0.03360642492771149, 0.01235351525247097, 0.030241476371884346, 0.023367486894130707, 0.03399801626801491, -0.0278158001601696, -0.02326706238090992, 0.0003344161086715758, -0.006256718188524246, -0.022466035559773445, 0.014412440359592438, -0.008351796306669712, 0.05550462752580643, -0.01053943857550621, 0.0022851373068988323, -0.039484232664108276, -0.008225317113101482, 0.015009612776339054, -0.05934632942080498, -0.047551229596138, -0.006624214351177216, 0.06916005164384842, 0.036626674234867096, 0.0038074383046478033, -0.019216040149331093, -0.023295031860470772, -0.015161222778260708, 0.01510665938258171, 0.12410586327314377, -0.04605241119861603, -0.024030378088355064, 0.016890227794647217, -0.015848418697714806, 0.015009754337370396, 0.008955069817602634, -0.006394635885953903, -0.007125902455300093, -0.023193640634417534, 0.0038341276813298464, 0.014286307618021965, 0.03408105671405792, -0.006932866293936968, -0.021977193653583527, -0.027579277753829956, 0.007936390116810799, -0.025370238348841667, -0.016071507707238197, 0.017922334372997284, 0.05209723487496376, -0.04397657513618469, 0.014456650242209435, 0.027721818536520004, -0.017226774245500565, 0.04634035751223564, 0.03596121072769165, -0.013700048439204693, -0.02971724420785904, -0.01934397593140602, -0.02608770690858364, 0.01648816093802452, -0.04756972938776016, -0.002353360876441002, 0.014605158939957619, 0.03880259767174721, -0.018254470080137253, 0.027477966621518135, -0.03164929896593094, -0.01298473309725523, 0.014856812544167042, -0.00269084214232862, -0.021495988592505455, 0.002318141981959343, -0.0017677460564300418, 0.03689693659543991, 0.01944807358086109, -0.017379973083734512, -0.049556534737348557, 0.02925540693104267, -0.0372554175555706, 0.06446976959705353, 0.06326913833618164, -0.02188042178750038, -0.03223239257931709, -0.06460966914892197, -0.07277972251176834, -0.002771843457594514, 0.02599531225860119, 0.039092205464839935, 0.04889019578695297, -0.007617245428264141, -0.05730637162923813, 0.022348938509821892, -0.04484185576438904, 0.002926973393186927, -0.001828371430747211, -0.055431414395570755, -0.020374644547700882, -0.004336207173764706, 0.02589990757405758, 0.006995734758675098, -0.01038918923586607, 0.009984033182263374, -0.044349074363708496, 0.024986745789647102, -0.026088394224643707, -0.011033603921532631, 0.009419907815754414, -0.018094515427947044, -0.04069436341524124, -0.0015932414680719376, -0.01083564106374979, -0.005181748885661364, 0.001317182439379394, -0.00975464005023241, 0.02471804991364479, 0.05774621292948723, -0.0015613221330568194, -0.031732622534036636, -0.02065279521048069, -0.04561252519488335, 0.021885370835661888, 0.017209336161613464, 0.017643814906477928, 0.04924044758081436, 0.02801545150578022, 0.015058886259794235, -0.03236986696720123, 0.01635962352156639, 0.01991860568523407, -0.05712958052754402, 0.015269867144525051, -0.026323309168219566, 0.01961870677769184, -0.029757309705018997, 0.03374728187918663, -0.00702255591750145, 0.027546212077140808, 0.012115302495658398, 0.0059533012099564075, -0.008164725266397, -0.039697494357824326, -0.024147523567080498, 0.034161392599344254, -0.003007987281307578, -0.021974386647343636, 0.020864376798272133, 0.003610007232055068, -0.0008434255141764879, -0.08779952675104141, -0.0019099191995337605, 0.033030636608600616, 0.03561190515756607, -0.034542303532361984, 0.05887851491570473, -0.020991427823901176, 0.013859606347978115, 0.0041849492117762566, -0.013674905523657799, -0.005649765022099018, -0.03878970816731453, -0.016279378905892372, -0.061166912317276, 0.017800016328692436, 0.024883007630705833, -0.04831012710928917, -0.02257661521434784, -0.014815793372690678, -0.05030626431107521, -0.02330951951444149, -0.018181247636675835, -0.03202143684029579, 0.05729825422167778, 0.0067853862419724464, -0.010170144028961658, -0.04253934696316719, 0.04164901375770569, 0.008738490752875805, 0.00806051678955555, -0.06302269548177719, 0.03802219405770302, 0.025174150243401527, 0.015200893394649029, -0.04099360480904579, 0.006788657512515783, 0.01480302307754755, 0.0032067561987787485, -0.028128430247306824, -0.03708659112453461, -0.018835514783859253, -0.017345529049634933, -0.03411012142896652, -0.024661900475621223, -0.018456172198057175, 0.0029445397667586803, 0.03710700944066048, 0.020357904955744743, 0.03583809733390808, -0.02980392426252365, 0.00405607046559453, -0.027016030624508858, -0.02319115586578846, 0.0034232228063046932, 0.019943803548812866, 0.011802824214100838, 0.009674793109297752, -0.012416427955031395, -0.027142981067299843, -0.016632717102766037, -0.0216898825019598, -0.004201589152216911, 0.006835529580712318, 0.014352139085531235, 0.007019872311502695, -0.030840924009680748, 0.04049300029873848, -0.0007825552602298558, -0.001845722901634872, -0.004862793255597353, -0.08248422294855118, -0.0090996865183115, -0.015751374885439873, 0.023599058389663696, 0.007119022309780121, 0.010248333215713501, 0.006806532386690378, -0.01771421544253826, 0.017742695286870003, -0.01781664602458477, 0.04419681429862976, -0.02177693508565426, 0.02568441815674305, -0.1592193990945816, -0.004106520209461451, -0.02473909966647625, 0.028515737503767014, -0.02956942468881607, -0.00995785091072321, 0.002964720129966736, -0.026589618995785713, 0.013891859911382198, -0.08443375676870346, -0.036953773349523544, -0.03437917307019234, 0.060597412288188934, -0.025709379464387894, -0.03491726145148277, 0.022182811051607132, 0.003355378285050392, 0.0019318974809721112, -0.01709679514169693, -0.0066713253036141396, 0.006144366227090359, 0.02444395050406456, -0.008828608319163322, -0.033547692000865936, -0.010128202848136425, -0.01560258213430643, -0.017058784142136574, 0.02524532936513424, -0.030614979565143585, 0.020194046199321747, -0.015886757522821426, 0.008415862917900085, 0.014767064712941647, 0.029870405793190002, -0.02537946216762066, -0.0029903629329055548, 0.029193643480539322, -0.004611198790371418, -0.0006007457268424332, 0.01370235811918974, 0.023107189685106277, -0.0015704445540904999, -0.02258293144404888, -0.0008901214459910989, 0.04747326672077179, 0.025235729292035103, -0.0022312114015221596, 0.0012655535247176886, -0.030569951981306076, 0.0070678237825632095, -0.02045481652021408, -0.0044403076171875, -0.028897767886519432, 0.002240350702777505, -0.009959056973457336, 0.032944206148386, 0.023968473076820374, 0.006598902866244316, -0.029616614803671837, 0.05329865217208862, -0.019013378769159317, 0.02174466662108898, -0.040699731558561325, -0.009158189408481121, 0.022586973384022713, 0.011723346076905727, -0.055192895233631134, -0.011270708404481411, 0.005789917428046465, 0.009285983629524708, -0.030791284516453743, 0.0366070494055748, 0.0032534527126699686, -0.03376515209674835, 0.02873038873076439, -0.010844658128917217, 0.01313722226768732, -0.0032208252232521772, 0.0038676392287015915, -0.021602952852845192, -0.02828742191195488, 0.02565794810652733, -0.04705328494310379, -0.005042176693677902, 0.009181151166558266, 0.013404053635895252, -0.046856217086315155, -0.008245980367064476, 0.014987516216933727, -0.035634785890579224, -0.049616649746894836, -0.01906926929950714, -0.012346127070486546, 0.0024963226169347763, -0.014082549139857292, 0.050775252282619476, -0.001902919844724238, 0.03270464390516281, 0.019890569150447845, -0.036734551191329956, -0.030807506293058395, -0.020839402452111244, 0.03652362897992134, 0.026272712275385857, -0.0405832938849926, 0.054280295968055725, 0.01031460240483284, -0.016851963475346565, -0.037660203874111176, -0.018135154619812965, -0.013641341589391232, 0.005777496378868818, -0.02619571052491665, -0.019051648676395416, -0.04635556414723396, 0.004681465215981007, 0.05309959501028061, 0.014019060879945755, -0.01359466090798378, 0.04222949221730232, 0.01656392589211464, -0.034230515360832214, 0.014940937049686909, -0.041355106979608536, 0.040010079741477966, 0.04671701416373253, 0.050888799130916595, 0.05288134887814522, 0.030176494270563126, -0.0188770592212677, 0.030095094814896584, -0.007072210777550936, 0.00994562916457653, 0.0015019947895780206, 0.011618221178650856, -0.024794889613986015, -0.0014959140680730343, 0.0316178984940052, -0.07256720960140228, 0.036307670176029205, -0.0355529747903347, -0.02730925939977169, 0.005099569447338581, -0.022502822801470757, 0.006120688747614622, -0.02929683029651642, 0.02350924350321293, 0.021655814722180367, 0.019051095470786095, -0.018511300906538963, -0.014932517893612385, -0.03430616110563278, -0.03822575509548187, 0.02117389254271984, -0.008704272098839283, 0.014430146664381027, -0.020870089530944824, 0.0018232545116916299, 0.016822291538119316, 0.028168657794594765, 0.008481102995574474, -0.02078385092318058, -0.0008290287805721164, -0.0030902097932994366, -0.04763541370630264, 0.0223984494805336, -0.020217258483171463, 0.003173102857545018, 0.013943669386208057, 0.005074961576610804, 0.002044581575319171, 0.025081096217036247, -0.012212730012834072, -0.028434786945581436, 0.023385755717754364, 0.00944090262055397, -0.015258927829563618, -0.029040824621915817, -0.021260501816868782, -0.030571239069104195, 0.05456192418932915, 0.003182765794917941, 0.013150587677955627, 0.011172623373568058, 0.01266598142683506, 0.027801422402262688, -0.04264454171061516, 0.04070106893777847, 0.03981928154826164, -0.036666762083768845, -0.0051556858234107494, 0.026714248582720757, -0.04692613705992699, 0.015317831188440323, -0.009270206093788147, 0.03188983350992203, -0.01149484608322382, 0.00806507095694542, 0.018219241872429848, 0.0365464873611927, -0.02686392329633236, -0.003662805538624525, 0.04058322682976723, -0.02839277684688568, -0.042655590921640396, -0.010818489827215672, -0.004808228928595781, 0.01757815107703209, 0.004769592545926571, 0.036609552800655365, 0.02179086208343506, 0.051708996295928955, 0.011191350407898426, -0.01722969114780426, -0.05716869980096817, -0.013567308895289898, 0.04179418087005615, 0.025210127234458923, 0.049687907099723816, -0.00945711974054575, 0.023310700431466103, 0.019307412207126617, 0.0004298910207580775, -0.057123854756355286, -0.040863003581762314, 0.022838344797492027, -0.02969258651137352, 0.01914951577782631, 0.00277827400714159, 0.043543897569179535, -0.061716653406620026, -0.005088214296847582, -0.002950902795419097, 0.014241491444408894, 0.01879381388425827, 0.03666646033525467, -0.038790263235569, 0.057837799191474915, -0.017298895865678787, 0.0015381864504888654, 0.02519524283707142, -0.000433585635619238, -0.03147965669631958, 0.017581138759851456]",,
15_1_0_errors_no_duplicate_head_mdx_section_3,section,15_1_0_errors_no_duplicate_head_mdx,No Duplicate Head - Possible Ways to Fix It,,{},15.1.0,"Only use a single `` component in your custom document in ``.
",,"[(np.int64(47), np.float64(0.029983006417751312)), (np.int64(67), np.float64(0.1814241111278534)), (np.int64(438), np.float64(0.23820891976356506)), (np.int64(786), np.float64(0.18745166063308716)), (np.int64(1650), np.float64(0.10959428548812866)), (np.int64(2661), np.float64(0.08015334606170654)), (np.int64(42261), np.float64(0.10196094214916229)), (np.int64(44816), np.float64(0.29348623752593994)), (np.int64(52721), np.float64(0.267009973526001)), (np.int64(96746), np.float64(0.20870132744312286)), (np.int64(115861), np.float64(0.12851007282733917))]","[-0.010490791872143745, 0.016367588192224503, -0.03198396414518356, 0.021791961044073105, 0.00832979753613472, -0.04666661098599434, 0.014072522521018982, 0.009028621017932892, -0.03856244683265686, -0.020698480308055878, 0.024143315851688385, 0.008332266472280025, 0.04080485180020332, -0.03887448459863663, -0.002437810180708766, 0.012076234444975853, -0.013001037761569023, 0.04328855499625206, 0.01526102889329195, -0.02230140008032322, -0.04174202308058739, 0.015552598983049393, 0.03516308218240738, 0.03945893049240112, -0.004012187477201223, 0.03615838661789894, -0.010758600197732449, 0.03685256466269493, 0.03683348745107651, 0.022215405479073524, 0.049437686800956726, -0.041677411645650864, 0.007134655490517616, -0.011574426665902138, -0.014623768627643585, -0.0141985472291708, 0.009213404729962349, -0.010567682795226574, -0.03594452887773514, 0.016956742852926254, -0.015081916935741901, -0.03715638443827629, -0.020174512639641762, -0.039251744747161865, 0.006189191713929176, 0.00047710962826386094, 0.013853621669113636, -0.028014875948429108, 0.019217655062675476, 0.008643594570457935, -0.032894235104322433, 0.0512988306581974, 0.04176679626107216, -0.07515459507703781, 0.008613893762230873, 0.0504535473883152, -0.03276277706027031, -0.030247589573264122, -0.0271895844489336, -0.006340973079204559, -0.011674807406961918, -0.013019629754126072, -0.02059410884976387, 0.01987975835800171, -0.00509380828589201, 0.019462084397673607, -0.011957606300711632, 0.0034609956201165915, 0.002143041230738163, -0.05396128073334694, -0.006445291452109814, 0.005268050357699394, -0.012152689509093761, -0.0169211458414793, -0.025429043918848038, 0.011240432038903236, 0.027904175221920013, -0.03056197240948677, -0.04958578571677208, 0.0027355202473700047, 0.03285931795835495, -0.010163470171391964, 0.011144564487040043, -0.002714643720537424, 0.05172751843929291, -0.0020229872316122055, -0.033261656761169434, 0.034769412130117416, -0.011271295137703419, 0.03047266975045204, -0.027672141790390015, -0.007727694232016802, 0.06755265593528748, -0.0017443588003516197, -0.052556753158569336, -0.028687940910458565, 0.03128432109951973, 0.010307005606591702, 0.01387707144021988, 0.024841897189617157, 0.04302376136183739, 0.00877164863049984, -0.008855308406054974, -0.05094120651483536, 0.05370760336518288, -0.005012369714677334, 0.03321092575788498, 0.005871190689504147, -0.014736012555658817, -0.014779949560761452, 0.0048090750351548195, 0.06274116039276123, -0.010992093943059444, 0.005266936495900154, 0.007015871815383434, -0.035063739866018295, -0.009216652251780033, -0.02648908831179142, 0.07209351658821106, 0.0005698509630747139, 0.0520511157810688, 0.01607341319322586, -0.004634841810911894, -0.040525104850530624, 0.03776770457625389, -0.024347729980945587, 0.01568855158984661, 0.036701500415802, -0.038443610072135925, 0.01221082080155611, 0.03242938965559006, 0.0322716124355793, 0.007213253527879715, -0.00483184028416872, -0.07185091078281403, -0.022176403552293777, -0.0233322586864233, 0.01679329015314579, 0.008255166932940483, -0.06464223563671112, 0.00574769452214241, -0.022864703088998795, 0.01486230455338955, -0.05303271859884262, -0.020712517201900482, -0.010978816077113152, -0.005017515737563372, 0.03824750334024429, 0.006377097684890032, -0.03875203803181648, -0.007188690360635519, 0.03791523724794388, -0.01876246929168701, -0.01750813238322735, 0.07335284352302551, -0.07098930329084396, 0.06645698845386505, 0.045649100095033646, 0.04981202259659767, 0.04064895957708359, 0.039539314806461334, -0.00963615346699953, -0.019579851999878883, 0.025790389627218246, 0.035001229494810104, 0.0011518662795424461, -0.010555288754403591, 0.031915806233882904, -0.016924282535910606, -0.0024681584909558296, 0.016878603026270866, 0.024224629625678062, -0.01558514405041933, 0.009697966277599335, 0.033220503479242325, 0.008919852785766125, -0.0013391784159466624, 0.003808345180004835, -0.010983185842633247, -0.012554156593978405, -0.022245291620492935, 0.03906090557575226, -0.01886356808245182, -0.0028790030628442764, -0.04502899572253227, 0.028726179152727127, 0.0037662009708583355, -0.009166581556200981, -0.008227271027863026, 0.033526934683322906, 0.023353243246674538, -0.02681221067905426, 0.0019418541342020035, 0.03347454220056534, -0.0018035063985735178, 0.024189699441194534, 0.020142624154686928, -0.0073050386272370815, -0.01707051880657673, 0.023360440507531166, -0.016432806849479675, 0.02043931558728218, 0.012557736597955227, -0.05104000121355057, -0.031492892652750015, -0.0020956050138920546, -0.01993097923696041, -0.07857096195220947, 0.031147068366408348, -0.003837606403976679, -0.016971290111541748, 0.015212217345833778, -0.008979986421763897, -0.026964878663420677, -0.04016480967402458, 0.021764414384961128, -0.005110384430736303, -0.0026996000669896603, 0.00700227590277791, -0.0778793916106224, -0.018943367525935173, 0.04226071760058403, 0.0036708638072013855, 0.05160557106137276, 0.011216806247830391, -0.009999927133321762, -0.009766743518412113, 0.00032698578434064984, 0.048332579433918, -0.005000246223062277, -0.020010588690638542, -0.03642050549387932, 0.021014202386140823, -0.0019468871178105474, 0.014514029957354069, -0.009119589813053608, -0.0016262338031083345, 0.013965046964585781, 0.005939183756709099, -0.014409101568162441, 0.00729138869792223, 0.01831258460879326, 0.06814254820346832, 0.011652483604848385, -0.03242044523358345, -0.012403715401887894, 0.010576671920716763, 0.02672509290277958, 0.01633358933031559, -0.03400489687919617, -0.004194633569568396, -0.02439138852059841, -0.0017023584805428982, -0.010539127513766289, 0.0030982857570052147, 0.002764427103102207, -0.018074259161949158, 0.01324786152690649, 0.003914549946784973, 0.00012164168583694845, 0.02115633338689804, 0.0352943129837513, -0.00600882712751627, 0.025164153426885605, -0.026587579399347305, -0.04087924584746361, 0.0038178586401045322, -0.024400832131505013, 0.006334629375487566, 0.034573350101709366, -0.03400810435414314, -0.008065524511039257, 0.059677526354789734, -0.0045905811712145805, -0.01909290999174118, 0.056883249431848526, -0.02396700158715248, -0.01213864702731371, 0.05169570446014404, 0.01587754487991333, 0.02770729549229145, 0.05203402042388916, 0.05749208852648735, 0.01751779392361641, 0.02864662930369377, -0.015015672892332077, 0.0037275010254234076, -0.004484343342483044, -0.004452515859156847, 0.02976115606725216, -0.032858699560165405, 0.008998042903840542, 0.0690627321600914, 0.003559960750862956, -0.038811326026916504, -0.025116173550486565, -0.003734538098797202, -0.14370128512382507, 0.0042844368144869804, 0.001913484768010676, 0.012408869341015816, 0.018083864822983742, 0.010240351781249046, -0.01696530357003212, -0.02407889813184738, -0.005328608211129904, 0.049353260546922684, -0.023033566772937775, -0.04761258885264397, -0.03792080655694008, -0.023594848811626434, 0.0069021061062812805, 0.014092333614826202, -0.023922285065054893, -0.04367734491825104, 0.019348055124282837, -0.008029073476791382, -0.018470317125320435, -0.05708876624703407, 0.05014168098568916, -0.022677673026919365, 0.0601688027381897, -0.019301559776067734, 0.030822111293673515, -0.014788000844419003, 0.0003828672633972019, -0.049975305795669556, -0.059685118496418, -0.008432731032371521, -0.008673100732266903, 0.03484968841075897, -0.019306214526295662, 0.015848932787775993, 0.0280821043998003, 0.026143359020352364, -0.06838124245405197, -0.003861346747726202, 0.045754775404930115, -0.003938427194952965, -0.004230601247400045, 0.02513086050748825, 0.0022894758731126785, -0.030693713575601578, 0.015928644686937332, -0.04718688875436783, -0.02670574188232422, -0.026226630434393883, -0.0038675698451697826, -0.050318922847509384, 0.018351823091506958, -0.007429476827383041, -0.016909971833229065, 0.019262222573161125, -0.030139733105897903, 0.006431239657104015, -0.04648585990071297, 0.06003788113594055, 0.0019776090048253536, 0.024931229650974274, -0.0033900472335517406, -0.03245481848716736, 0.011431011371314526, -0.01530123595148325, 0.0645478293299675, 0.008509615436196327, 0.037911947816610336, -0.016038620844483376, -0.0027353812474757433, -0.03120170161128044, 0.0008590032812207937, 0.009250031784176826, -0.021243631839752197, -0.013172673992812634, 0.03501662239432335, -0.018444636836647987, -0.031110135838389397, -0.10955709218978882, 0.01939251460134983, 0.001138890627771616, 0.0026713137049227953, 0.0687086433172226, -0.04111019894480705, -0.0010166368447244167, -0.019657686352729797, -0.01149707566946745, -0.010893288999795914, 0.23071320354938507, 0.0375044159591198, 0.05517766252160072, 0.011012978851795197, 0.06868967413902283, -0.0008404084946960211, 0.007618304807692766, 0.03746680170297623, 0.004251872189342976, -0.027581794187426567, 0.023751815780997276, 0.021585462614893913, 0.023944072425365448, 0.004479093477129936, 0.01398393977433443, 0.017925849184393883, -0.049745913594961166, 0.03059491328895092, 0.08921761810779572, 0.012935656122863293, 0.0384339801967144, -0.012945898808538914, 0.03935478627681732, 0.04444881156086922, -0.030277790501713753, -0.004799711052328348, -0.025908347219228745, 0.004774812143296003, -0.041632819920778275, 0.020960135385394096, -0.023313842713832855, 0.04516442492604256, 0.03365567699074745, -0.046406712383031845, 0.01424754410982132, -0.04446892440319061, 0.018857236951589584, -0.017168039456009865, -0.04395558312535286, -0.016368744894862175, 0.0021712947636842728, -0.004201062023639679, 0.02675475738942623, -0.010876383632421494, 0.014059248380362988, -0.021650226786732674, 0.05600600689649582, -0.008682782761752605, 0.013170118443667889, -0.0023286817595362663, 0.028392190113663673, -0.004808663856238127, -0.0058741639368236065, 0.014524981379508972, 0.001878973445855081, -0.034162238240242004, -0.046042002737522125, -0.03759871795773506, -0.004364926367998123, 0.014930827543139458, 0.024579491466283798, 0.019242435693740845, -0.04852240905165672, -0.008639705367386341, 0.03666580840945244, 0.026721535250544548, -0.013778222724795341, 0.016475949436426163, 0.05259601026773453, 0.01888773962855339, 0.008411325514316559, -0.001715967315249145, 0.013026864267885685, -0.006320374086499214, 0.016062844544649124, 0.009380698204040527, 0.014533420093357563, 7.937457849038765e-05, -0.0317506343126297, 0.053590647876262665, -0.02200871706008911, 0.028281675651669502, 0.013921759091317654, -0.025180837139487267, 0.019478069618344307, -0.04143337532877922, -0.013922611251473427, 0.013602769002318382, -0.037385307252407074, -0.02535885013639927, -0.001921583665534854, -0.024789750576019287, -0.02287551388144493, -0.002181336050853133, -0.0511624850332737, -0.001874237321317196, 0.036247026175260544, -0.0009867283515632153, -0.042403921484947205, -0.031586047261953354, -0.03528854623436928, -0.028864294290542603, -0.015332003124058247, -0.050813719630241394, 0.07609143853187561, -0.036204107105731964, -0.02477274276316166, -0.05119340494275093, 0.015923602506518364, -0.05086172744631767, -0.023330269381403923, 0.0365019254386425, -0.019931187853217125, 0.021099235862493515, 0.007098903879523277, 0.030175767838954926, 0.0397898405790329, 0.019660575315356255, -0.002963270293548703, 0.047701943665742874, -0.04125026613473892, -0.051158539950847626, -0.010173180140554905, -0.030739905312657356, -0.03502114862203598, -0.00978014338761568, -0.013975710608065128, 0.03646586835384369, -0.053134288638830185, 0.006389532703906298, 0.025262288749217987, -0.029297560453414917, -0.035004664212465286, -0.00020897932699881494, 0.034978412091732025, -0.013192471116781235, 0.048551034182310104, 0.0132669135928154, -0.013836116530001163, -0.01815083809196949, -0.04030971974134445, -0.023335039615631104, -0.044183846563100815, 0.02213919535279274, 0.006344482768326998, -0.005696079693734646, -0.0032745248172432184, -0.020447134971618652, -0.006779197137802839, -0.009773073717951775, 0.05285045504570007, 0.031069554388523102, -0.06141285598278046, -0.05239846557378769, -0.027125902473926544, -0.0354006290435791, 0.0035816191229969263, 0.05794883146882057, -0.01575956493616104, -0.03528380021452904, 0.027384759858250618, 0.013720562681555748, 0.034082215279340744, 0.0704941377043724, 0.00013195787323638797, 0.04325597733259201, -0.010741963982582092, 0.04150982201099396, -0.056108202785253525, -0.030271362513303757, -0.01177063025534153, -0.00954376719892025, -0.03606398403644562, -0.02303319051861763, -5.264188803266734e-05, 0.01797877997159958, 0.0041877105832099915, 0.0035738134756684303, -0.03384442999958992, -0.026531048119068146, 0.004982085898518562, -0.043225135654211044, -0.06542094051837921, 0.0050955768674612045, 0.05012504383921623, 0.012688533402979374, 0.013459021225571632, -0.027683580294251442, -0.004827167838811874, -0.027566010132431984, -0.07232829928398132, 0.08949369937181473, -0.04876674711704254, -0.018139276653528214, 0.03243356943130493, 0.0030865154694765806, -0.04258415848016739, -0.013511855155229568, -0.03432207554578781, -0.0069188326597213745, -0.02290748432278633, 0.034468989819288254, 0.00275877071544528, 0.018414495512843132, -0.033133815973997116, -0.03041614592075348, -0.024946831166744232, 0.026355717331171036, -0.03224119544029236, -0.009340062737464905, -0.014459049329161644, 0.010678733699023724, -0.010946856811642647, 0.024286970496177673, 0.0018046032637357712, 0.00114131486043334, 0.021224910393357277, 0.0352819487452507, -0.0036397851072251797, -0.041370030492544174, -0.011384713463485241, -0.005260507110506296, 0.021287521347403526, -0.03241269662976265, 0.02749074064195156, 0.006868691649287939, 0.03529948368668556, -0.0361407995223999, 0.016861621290445328, -0.023208344355225563, -0.006130947731435299, 0.044675104320049286, -0.034159932285547256, -0.019055001437664032, 0.03757307678461075, -0.032401617616415024, -0.007189789786934853, 0.04376271367073059, 0.018852774053812027, -0.03358958289027214, 0.019006237387657166, -0.015816859900951385, 0.03478535637259483, 0.032350022345781326, -0.019656725227832794, -0.049441661685705185, -0.03530513495206833, -0.026774557307362556, 0.012764654122292995, 0.013418997637927532, -0.016820084303617477, 0.05423852056264877, 0.019931325688958168, -0.040124788880348206, -0.008783700875937939, -0.017470790073275566, 0.014483180828392506, 0.015148613601922989, -0.07148800790309906, -0.038573697209358215, 0.01410140935331583, 0.005020196083933115, -0.060916755348443985, -0.02220182679593563, 0.016285700723528862, -0.021999886259436607, 0.03632653132081032, -0.025070492178201675, -0.016827421262860298, 0.007254825439304113, -0.01620512828230858, -0.02472594752907753, -0.004368053749203682, -0.004832623992115259, 0.03907560557126999, 0.03468039259314537, -0.05514630302786827, 0.01587975211441517, 0.05591806769371033, 0.003136157523840666, -0.027863427996635437, -0.033476926386356354, -0.03789454326033592, 0.028194790706038475, 0.0024736092891544104, 0.010120649822056293, 0.021186336874961853, 0.05764612928032875, 0.004069229122251272, -0.059471216052770615, -0.0013846165966242552, 0.009399781003594398, -0.03848283737897873, -0.008310770615935326, -0.05305562540888786, 0.015967383980751038, -0.032494377344846725, -0.037324387580156326, -0.010141992010176182, 0.04203915223479271, 0.004627277608960867, 0.013066225685179234, -0.0066369203850626945, -0.01493041217327118, 0.01797175593674183, 0.03966444358229637, -0.0046303109265863895, 0.013967909850180149, -0.00508474325761199, 0.012387013994157314, 0.018977507948875427, -0.05730573460459709, 0.0017593230586498976, -0.0018649608828127384, 0.034625884145498276, -0.04119419679045677, 0.04081335663795471, 0.0038361146580427885, -0.01775996759533882, 0.019880477339029312, -0.024709612131118774, 0.005818628240376711, -0.0038322561886161566, -0.05828085169196129, -0.03920956328511238, 0.029877282679080963, 0.030144426971673965, -0.046346768736839294, 0.006448565050959587, -0.015559681691229343, -0.06709626317024231, 0.006334241013973951, -0.031676359474658966, -0.04356354847550392, -0.0018586949445307255, -0.007644659373909235, -0.005280165001749992, -0.04061086103320122, -0.01340094767510891, -0.002565100323408842, 0.021707838401198387, -0.027708036825060844, 0.05908019095659256, -0.021470405161380768, 0.011706700548529625, -0.0416787788271904, 0.01360677182674408, 0.005084860138595104, -0.0006416871910914779, -0.01614517904818058, -0.03988140821456909, 0.028495803475379944, -0.049376435577869415, -0.013448480516672134, -0.013087150640785694, -0.011038178578019142, -0.017004985362291336, 0.04033902287483215, 0.017075499519705772, -0.02054598554968834, -0.027975652366876602, -0.01153245847672224, -0.029537588357925415, -0.00497323926538229, -0.0035534705966711044, 0.0276081133633852, -0.007329132873564959, -0.02042393572628498, 0.013487322255969048, 0.017989136278629303, -0.008597573265433311, -0.08586683869361877, -0.01826753467321396, 0.04045804589986801, -0.01113215647637844, -0.02752993255853653, -0.026598958298563957, 0.015553466975688934, -0.015926847234368324, -0.014969166368246078, -0.005725452676415443, -0.041626960039138794, -0.010665577836334705, -0.0025708177126944065, 0.0382096953690052, -0.03489264100790024, 0.013819846324622631, 0.006096663884818554, -0.01821431703865528, 0.011920863762497902, -0.013690177351236343, 0.03689794987440109, -0.023388223722577095, 0.016240037977695465, -0.16350342333316803, 0.034137338399887085, -0.0357816182076931, 0.003061373019590974, -0.05996333062648773, -0.010318462736904621, -0.009951068088412285, -0.0356573760509491, 0.028928183019161224, -0.03953685611486435, -0.048275601118803024, -0.05664331838488579, 0.05104999989271164, 0.013330182991921902, -0.009203849360346794, 0.022652089595794678, 0.029411552473902702, -0.004816827364265919, -0.03495674207806587, 0.0014804390957579017, -0.026302840560674667, 0.011013105511665344, -0.014641557820141315, 0.009933809749782085, -0.027547962963581085, 0.00654051685705781, -0.026433803141117096, 0.06119147688150406, -0.03778534010052681, 0.006898154504597187, -0.0003949995734728873, 0.05077005550265312, 0.02133217826485634, 0.03765270859003067, -0.007317437790334225, -0.005639973562210798, 0.04738090932369232, -0.004854639992117882, 0.01661900244653225, -0.001238251687027514, -0.008367435075342655, 0.03133687004446983, 0.011827675625681877, 0.019770557060837746, 0.05925599858164787, 0.048402830958366394, 0.0005219769664108753, 0.018266014754772186, -0.028381135314702988, -0.011882664635777473, 0.004819483961910009, -0.0333603098988533, 0.009740232490003109, 0.02021254412829876, 0.0026693071704357862, -0.004105060361325741, 0.02808930166065693, 0.02303452230989933, -0.02898865006864071, 0.049048494547605515, -0.0010751347290351987, 0.0038376497104763985, -0.05850924924015999, -0.046504002064466476, -0.016097292304039, 0.01013361755758524, -0.06671857833862305, -0.017786171287298203, 0.01611722819507122, 0.00815479177981615, -0.0475926510989666, -0.006437110714614391, 0.01942569389939308, -0.021142464131116867, 0.03589068725705147, 0.02804434299468994, 0.04240372031927109, -0.023806031793355942, -0.02015979401767254, -0.015297568403184414, -0.032489776611328125, 0.008898034691810608, -0.017253240570425987, 0.028976324945688248, 0.023318855091929436, 0.009564313106238842, -0.018144963309168816, -0.012115041725337505, 0.0009550253744237125, 0.011059790849685669, -0.04731571301817894, -0.03170765936374664, 0.017276400700211525, -0.015372770838439465, 0.010928601026535034, 0.04906953126192093, -0.001337074558250606, 0.009939873591065407, -0.002362264087423682, 0.011956608854234219, -0.04465869069099426, -0.017734795808792114, -0.006421584170311689, 0.0342470183968544, -0.027039876207709312, 0.03419024124741554, 0.05075744912028313, -0.03464163839817047, -0.006474452093243599, -0.04207585006952286, -0.013993499800562859, 0.01929791457951069, -0.03636748716235161, -0.024271996691823006, -0.02198389172554016, -0.020389514043927193, 0.03555995598435402, -0.02717535011470318, 0.016241932287812233, 0.004159391857683659, 0.00010516530892346054, -0.022484786808490753, 0.03362017497420311, -0.039363034069538116, 0.004949676338583231, 0.006403656210750341, 0.0845656543970108, 0.03243574872612953, -0.01718229241669178, -0.0029009226709604263, 0.06144574657082558, -0.02989371493458748, 0.0567101389169693, -0.003670552046969533, 0.012335467152297497, -0.05145864933729172, 0.011150632053613663, 0.053927429020404816, -0.07720305770635605, 0.0004953427123837173, -0.025214863941073418, -0.04034406319260597, -0.02419661544263363, -0.021062610670924187, 0.03173013776540756, 0.0009331743349321187, 0.002968710381537676, 0.04035113751888275, -0.01618667133152485, -0.0179989542812109, 0.024324657395482063, -0.04331635683774948, 0.010407784022390842, 0.013149154372513294, -0.011350269429385662, -0.025112207978963852, -0.06090867891907692, 0.021445315331220627, -0.00391392083838582, 0.027138786390423775, 0.029299132525920868, 0.002505731536075473, 0.056768015027046204, -0.0018606734229251742, -0.029135217890143394, 0.01516727264970541, 0.010200311429798603, -0.0022832145914435387, -0.011661347933113575, 0.014227042905986309, -0.017257357016205788, 0.017452716827392578, -0.031023163348436356, 0.026643704622983932, 0.00801551528275013, 0.019459964707493782, -0.004667122848331928, 0.013402599841356277, -0.0062558613717556, -0.01886431872844696, 0.0277316365391016, 0.004113138187676668, 0.02595529519021511, 0.0005651640240103006, 0.010358608327805996, 0.036123212426900864, -0.020325064659118652, 0.01410621777176857, 0.023628495633602142, -0.007885157130658627, -0.0014349069679155946, 0.010426681488752365, -0.02728811278939247, -0.010943178087472916, 0.03409714996814728, 0.025973226875066757, -0.010944632813334465, -0.005110748112201691, 0.009455172345042229, 0.035840339958667755, 0.056996576488018036, 0.03417394310235977, 0.002515033818781376, -0.029454121366143227, -0.011867738328874111, -0.02271351031959057, -0.00460298266261816, 0.055170897394418716, -0.009369502775371075, 0.05000244081020355, -0.044064898043870926, 0.033684294670820236, -0.01043106522411108, -0.028847025707364082, 0.024552149698138237, -0.035236310213804245, 0.0628347247838974, 0.08423585444688797, 0.021418612450361252, 0.01006581075489521, 0.019003499299287796, 0.022104449570178986, -0.009949248284101486, -0.01132778637111187, -0.022328704595565796, -0.006853570230305195, 0.008632107637822628, -0.01225062645971775, -0.005799829959869385, 0.011095250025391579, -0.019212648272514343, 0.011399547569453716, 0.013168825767934322, 0.0025840201415121555, 0.024288885295391083, 0.007886032573878765, 0.05908988416194916, 0.0062028164975345135, -0.01598556526005268, -0.022550074383616447, 0.06788484007120132, 0.030990397557616234, -0.06690207868814468, 0.019969969987869263]",,
15_1_0_errors_no_duplicate_head_mdx_section_3_code_1,code_snippet,15_1_0_errors_no_duplicate_head_mdx_section_3,Possible Ways to Fix It - code_1,,"{'programming_language': 'jsx', 'filename': 'pages/_document.js', 'switcher': False}",15.1.0,,"import Document, { Html, Head, Main, NextScript } from 'next/document'

class MyDocument extends Document {
  static async getInitialProps(ctx) {
    //...
  }

  render() {
    return (
      <Html>
        <Head />
        <body>
          <Main />
          <NextScript />
        </body>
      </Html>
    )
  }
}

export default MyDocument
","[(np.int64(5), np.float64(0.025137174874544144)), (np.int64(7), np.float64(0.05164705216884613)), (np.int64(64), np.float64(0.07225333154201508)), (np.int64(425), np.float64(0.21235942840576172)), (np.int64(454), np.float64(0.012055166065692902)), (np.int64(1647), np.float64(0.11618073284626007)), (np.int64(28175), np.float64(0.2495521754026413)), (np.int64(37967), np.float64(0.17692171037197113)), (np.int64(117432), np.float64(0.27043411135673523))]",,"[-0.03200765699148178, -0.022493252530694008, 0.029971666634082794, 0.03269834443926811, -0.008319713175296783, 0.02558307535946369, -0.01955069601535797, -0.0012972964905202389, -0.008924958296120167, -0.022756479680538177, -0.023093361407518387, -0.012796890921890736, -0.045738980174064636, 0.004091435577720404, -0.01744653843343258, 0.03085332177579403, -0.002417605835944414, 0.027174824848771095, 0.008797612972557545, -0.02306169830262661, -0.03335294872522354, -0.013968986459076405, 0.024324122816324234, 0.037921786308288574, 0.0226561538875103, 0.009614057838916779, -0.013958719559013844, -0.01224835030734539, -0.019980061799287796, 0.018899662420153618, -0.004784147720783949, 0.011955250054597855, 0.005729448050260544, -0.027508914470672607, -0.018069885671138763, 0.003290846012532711, 0.0018479271093383431, -0.013784725219011307, -0.040039725601673126, 0.02709612436592579, 0.007649380248039961, 0.00556899281218648, 0.0436205230653286, -0.01794387400150299, 0.006454446818679571, -0.01131984032690525, 0.04028262197971344, -0.017012152820825577, 0.023694375529885292, -0.017278997227549553, -0.06043130159378052, 0.0232093445956707, 0.047628987580537796, -0.06341273337602615, 0.02587718702852726, 0.01741192117333412, -0.049346067011356354, 0.017825741320848465, -0.035163331776857376, 0.01771877147257328, -0.017851224169135094, 0.016630887985229492, -0.006976153235882521, 0.03396918252110481, -0.009247690439224243, 0.032687388360500336, 0.020597686991095543, 0.025576477870345116, -0.03936535120010376, -0.0313909649848938, -0.017304684966802597, 0.022323548793792725, -0.05178382620215416, -0.04461692273616791, -0.04883599653840065, -0.014201951213181019, 0.05299542844295502, -0.021105872467160225, 0.023170379921793938, 0.004497626330703497, -0.02153829298913479, -0.008567983284592628, 0.03298535197973251, 0.01152753084897995, 0.021053452044725418, -0.03839226812124252, 0.00408392958343029, 0.011184141971170902, 0.032550834119319916, 0.027938643470406532, -0.008157076314091682, -0.031015923246741295, 0.04433584213256836, -0.05155925825238228, -0.00863233394920826, -0.005940128117799759, 0.027221672236919403, 0.03319626674056053, 0.03588469699025154, -0.006665381137281656, 0.012361714616417885, 0.0077806804329156876, -0.0024811828043311834, 0.000984907615929842, 0.07408817112445831, 0.04593909904360771, 0.06793434172868729, -0.0383840911090374, 0.040714651346206665, -0.0032670553773641586, 0.02234690450131893, -0.016470588743686676, -0.004401305690407753, -0.0023746592923998833, -0.002563167130574584, -0.007940552197396755, 0.013681966811418533, -0.029856251552700996, -0.004984576720744371, 0.007826064713299274, 0.008938083425164223, 0.005794072989374399, 0.05296127125620842, -0.008723670616745949, 0.008100849576294422, -0.008832447230815887, 0.02159641683101654, 0.05269789323210716, 0.02601456455886364, 0.030989835038781166, 0.034336309880018234, 0.038049474358558655, 0.02114366553723812, 0.021380532532930374, -0.013136050663888454, -0.028364187106490135, -0.03611104190349579, 0.03534188121557236, 0.022452984005212784, -0.05537482723593712, 0.05182230845093727, 0.02785956859588623, -0.014087149873375893, -0.035057514905929565, 0.02369898185133934, -0.052252355962991714, 0.048277322202920914, -0.0024131792597472668, 0.009829678572714329, -0.009362117387354374, -0.007733223959803581, 0.06797850877046585, 0.03371097892522812, -0.006982287857681513, 0.056093428283929825, -0.05816544219851494, -0.009602128528058529, 4.693029040936381e-06, 0.024961892515420914, 0.043205976486206055, -0.0024935088586062193, 0.022230414673686028, 0.011939282529056072, -0.0222429521381855, 0.04513666406273842, -0.04284260794520378, -0.00010107037087436765, -0.002273043617606163, -0.036626946181058884, -0.0485091358423233, 0.038420431315898895, 0.012878491543233395, 0.046773672103881836, 0.008753045462071896, 0.008843214251101017, 0.018856767565011978, 0.07942461967468262, 0.029984815046191216, 0.04194175824522972, -0.01493704505264759, 0.040317852050065994, 0.02948608249425888, -0.008963022381067276, -0.047224923968315125, -0.00013277618563733995, 0.04320013150572777, -0.0024044085294008255, -0.022217540070414543, -0.024489540606737137, 0.0029387499671429396, -0.014905435033142567, -0.027060622349381447, 0.07353898882865906, 0.012851562350988388, 0.006258987821638584, -0.02134883962571621, 0.01439887098968029, -0.046911899000406265, -0.030813951045274734, 0.006628206465393305, -0.025752082467079163, 0.02557806856930256, 0.033895816653966904, -0.008408519439399242, -0.01240137591958046, -0.021648738533258438, -0.026856781914830208, -0.04576881602406502, 0.0006450291257351637, 0.012935172766447067, -0.035691145807504654, -0.003566706320270896, -0.009188602678477764, -0.01611730270087719, -0.04694751277565956, 0.03398559242486954, 0.018153661862015724, -0.01935727149248123, -0.002814431907609105, -0.05840644985437393, -0.008464066311717033, 0.03807765617966652, 0.02381065860390663, -0.0028960227500647306, 0.014420878142118454, -0.035260796546936035, 0.03911777213215828, -0.02290135808289051, 0.0077500413171947, -0.003342237090691924, -0.016168011352419853, 0.0004551192687358707, 0.011563267558813095, -0.0028278545942157507, 0.023403020575642586, -0.033392976969480515, -0.004674042109400034, -0.05049266666173935, 0.005006274674087763, 0.04429814964532852, 0.013609508983790874, -0.017425373196601868, -0.0025293270591646433, 0.016326947137713432, -0.032107945531606674, -0.024514198303222656, 0.004192370921373367, 0.030585376545786858, -0.010376336053013802, -0.01824076659977436, -0.0041601103730499744, 0.04133832827210426, -0.061032794415950775, 0.019367555156350136, -0.021162379533052444, 0.021478664129972458, -0.045613374561071396, 0.00043583568185567856, -0.02820095792412758, -0.0026965283323079348, 0.01620330847799778, 0.04777411371469498, -0.008908865042030811, -0.0015424166340380907, 0.005652512889355421, -0.03498951345682144, -0.04211658611893654, 0.0007597552030347288, -0.008752717636525631, 0.022201726213097572, -0.02300160378217697, -0.019212640821933746, 0.05200496315956116, -0.04217281937599182, -0.01007198728621006, 0.023074474185705185, -0.01995127648115158, -0.019277604296803474, 0.06156274676322937, 0.03035719506442547, -0.05729704350233078, 0.0028721047565340996, 0.0355416014790535, 0.022949831560254097, 0.04598947986960411, -0.005835491698235273, -0.02414095774292946, -0.026659563183784485, 0.04913764074444771, 0.023969845846295357, -0.03430365398526192, 0.05305252969264984, 0.038853466510772705, -0.004915663972496986, 0.013005781918764114, 0.01939127966761589, -0.014788767322897911, -0.16413623094558716, -0.04069417715072632, 0.030918750911951065, -0.02771899849176407, -0.006693838629871607, 0.013815611600875854, -0.002532399957999587, -0.01537240482866764, 0.013097867369651794, 0.0415617860853672, -0.007905554957687855, -0.044750962406396866, -0.020606553182005882, -0.05718696862459183, 0.001014161272905767, 0.005227365996688604, 0.004749618005007505, 0.004998029209673405, -0.019081274047493935, -0.022393137216567993, -0.03270172327756882, -0.015268377959728241, 0.0356198213994503, -0.0020771031267941, -0.01264065783470869, -0.021712468937039375, 0.03682827949523926, -0.04517488181591034, -0.029181763529777527, 0.025774512439966202, -0.0073363762348890305, -0.01844416931271553, 0.011592567898333073, -0.007249131333082914, -0.012554186396300793, 0.015598568134009838, 0.011818761937320232, 0.0463886484503746, -0.04356812685728073, 0.00016703478468116373, 0.023147830739617348, 0.02769598364830017, 0.00687044020742178, 0.02357945777475834, 0.00719810463488102, 0.02059432864189148, 0.00643743434920907, 0.014042163267731667, -0.03420324623584747, -0.043081242591142654, 0.02568562515079975, -0.021243184804916382, 0.000992562621831894, 0.03343500196933746, -0.03299644589424133, 0.01741303689777851, 0.004065994173288345, -0.0068557653576135635, -0.010677202604711056, 0.03565755859017372, 0.00621907040476799, -0.047912124544382095, 0.021782217547297478, -0.025283250957727432, -0.01974651962518692, 0.025393495336174965, 0.05260522663593292, 0.011279991827905178, -0.011678703129291534, -0.025663981214165688, 0.04141661152243614, -0.07177290320396423, 0.02069191075861454, -0.006160965654999018, -0.03376347944140434, 0.03903190791606903, 0.005817560013383627, -0.003359308000653982, 0.046012233942747116, -0.07500067353248596, -0.02372574247419834, 0.007249059155583382, -0.015743015334010124, 0.03765169903635979, -0.038025323301553726, 0.002761491108685732, 0.008108263835310936, -0.017061086371541023, 0.05260724201798439, 0.25093215703964233, 0.013264823704957962, 0.01153041236102581, 0.04275968298316002, 0.08750167489051819, 0.003815358504652977, -0.030171485617756844, 0.014966320246458054, -0.0036075536627322435, -0.02560572884976864, 0.017203468829393387, 0.011758922599256039, 0.029015399515628815, 0.010286979377269745, 0.033089153468608856, 0.022369984537363052, -0.02193196676671505, 0.020775333046913147, 0.052233196794986725, -0.039531782269477844, 0.047015272080898285, -0.04273580014705658, 0.011451998725533485, 0.005812855437397957, -0.057605400681495667, -0.015155660919845104, 0.015177429653704166, 0.04846707358956337, -0.02748156152665615, 0.027892054989933968, -0.048633791506290436, 0.045154862105846405, 0.02874879352748394, -0.054229363799095154, -0.00890238955616951, -0.03363199904561043, 0.03265639767050743, -0.055584825575351715, -0.03643146529793739, 0.018509849905967712, 0.014669554308056831, -0.0038579602260142565, -0.0035233101807534695, -0.024906475096940994, 0.019834108650684357, -0.006631618831306696, 0.0034083400387316942, -0.0022172369062900543, 0.04607264697551727, -0.03595616668462753, 0.022648029029369354, -0.030711127445101738, 0.0013711777282878757, -0.004515827167779207, 0.024768788367509842, -0.007899242453277111, 0.0016136578051373363, 0.028314922004938126, -0.04553261771798134, 0.024296294897794724, -0.01779208332300186, 0.02873377874493599, -0.019283173605799675, -0.022608380764722824, -0.005754566751420498, -0.014874116517603397, 0.03471418097615242, -0.031170345842838287, 0.04273323342204094, 0.03514118120074272, 0.014149302616715431, -0.03176567330956459, 0.006140056531876326, -0.015134520828723907, 0.00011222605826333165, -0.03549645096063614, -0.001625522505491972, 0.019582286477088928, -0.03874603286385536, 0.03132680803537369, -0.023981282487511635, 0.020172152668237686, -0.06203443929553032, 0.02125863917171955, 0.028104355558753014, 0.006941821426153183, 0.027058839797973633, 0.035365231335163116, 0.0011557131074368954, -0.019571121782064438, -0.014802408404648304, -0.05394204705953598, -0.005893982481211424, 0.03870648145675659, 0.0014336926396936178, 0.00852004811167717, -0.0036304909735918045, -0.022473441436886787, -0.013299860060214996, 0.02195821888744831, -0.06444574147462845, -0.014279531314969063, 0.003618896007537842, -0.046261515468358994, 0.028287924826145172, -0.03585701808333397, 0.03406683728098869, -0.016581304371356964, -0.012182308360934258, 0.004414787981659174, -0.050264738500118256, -0.007112986873835325, 0.009896100498735905, -0.013722226954996586, 0.03448081761598587, 0.045036379247903824, 0.06903018057346344, 0.002878272207453847, 0.05503733456134796, 0.03199295327067375, 0.014112354256212711, 0.018941549584269524, -0.054186444729566574, 0.009876974858343601, 0.011861556209623814, -0.041449159383773804, -0.021335698664188385, -0.00106673629488796, -0.05632906034588814, 0.006691127549856901, -0.00012356643856037408, 0.0012293960899114609, -0.030743543058633804, 0.03439606353640556, -0.002351391362026334, 0.002282712608575821, 0.055378228425979614, 0.015410281717777252, -0.011573315598070621, 0.026410788297653198, -0.0519295297563076, -0.01756548136472702, -0.01331180240958929, 0.026861075311899185, 0.030171265825629234, 0.07962538301944733, 0.03261949494481087, -0.019048888236284256, -0.01515460666269064, 0.021839657798409462, 0.047200415283441544, 0.008233731612563133, 0.05155680328607559, -0.024320293217897415, -0.013819537125527859, -0.0864105075597763, -0.002497981069609523, -0.019164053723216057, 0.019506370648741722, -0.015558214858174324, -0.010397201403975487, 0.024701973423361778, 0.03457159548997879, 0.02780698984861374, -0.009700294584035873, -0.016095273196697235, -0.05967402458190918, 0.011979717761278152, -0.02965346910059452, 0.005813040770590305, -0.018438411876559258, -0.06137409806251526, -0.019230680540204048, 0.02939997799694538, -0.03139469772577286, -0.02335403300821781, -0.053546011447906494, -0.03997363522648811, -0.007052664179354906, -0.00730565981939435, 0.01569376327097416, 0.027692317962646484, -0.027894333004951477, 0.022800924256443977, 0.020148806273937225, -0.005568292923271656, -0.01804731972515583, -0.018309924751520157, 0.04938708245754242, -0.032099612057209015, -0.07075748592615128, 0.1297587752342224, -0.059826698154211044, -0.0007052645087242126, 0.04820054769515991, 0.02831610105931759, 0.05218416079878807, -0.007119522895663977, 0.0037419074214994907, -0.005542163737118244, 0.03898603096604347, 0.029566893354058266, 0.002466969657689333, 0.04372401162981987, -0.015580564737319946, -0.02001836709678173, -0.04625353589653969, 0.0019779291469603777, -0.026723967865109444, -0.012040129862725735, 0.005714795086532831, 0.040182050317525864, -0.01593213528394699, 0.0033575899433344603, 0.008261989802122116, -0.026721542701125145, 0.04594537243247032, 0.023251676931977272, 0.024961601942777634, -0.03250992298126221, 0.015608007088303566, -0.005368669051676989, -0.01189015619456768, -0.05194121599197388, 0.028191061690449715, 0.008611474186182022, -0.0022695097140967846, 0.01027708500623703, 0.017836065962910652, 0.021322546526789665, -0.009150187484920025, 0.0415501706302166, 0.03776676580309868, -0.035419002175331116, 0.017331909388303757, 0.00359486136585474, 0.0037746073212474585, 0.015166876837611198, 0.04084277153015137, -0.02602500654757023, 0.013148151338100433, 0.010125331580638885, 0.05245549604296684, 0.010139944031834602, 0.0190912876278162, 0.038161396980285645, 0.0002916853700298816, -0.004029826261103153, -0.010390281677246094, 0.007051061373203993, -0.0013175955973565578, -0.0072639877907931805, 0.03600794076919556, -0.028370091691613197, 0.015194838866591454, -0.029084155336022377, -0.04274386167526245, 0.0022487842943519354, -0.020789653062820435, -0.00048266921658068895, -0.0007787750801071525, 0.023553451523184776, -0.025403225794434547, -0.025659024715423584, 0.0038537406362593174, -0.07537461817264557, 0.07123038172721863, -0.09756690263748169, -0.03294437751173973, -0.021415529772639275, 0.0010866331867873669, -0.015544290654361248, 0.005888200830668211, -0.027729609981179237, 0.04405708611011505, 0.005987521260976791, -0.024026764556765556, -0.008487047627568245, 0.06410948932170868, -0.05174144357442856, -0.034243062138557434, -0.033017147332429886, 0.03734336793422699, -0.010530765168368816, 0.04131552577018738, 0.009358984418213367, 0.027391331270337105, 0.027903791517019272, 0.024680208414793015, -0.021794049069285393, -0.015951666980981827, -0.019222334027290344, -0.030372435227036476, 0.0023896258790045977, -0.006945348810404539, -0.01814614050090313, -0.013719908893108368, 0.019063765183091164, -0.014990259893238544, 0.009948745369911194, -0.004931108094751835, -0.021900268271565437, -0.02233560010790825, -0.03513680770993233, -0.02726924791932106, 0.030523575842380524, -0.0028499197214841843, 0.0028560881037265062, 0.025771841406822205, -0.006447158753871918, -0.04323341324925423, -0.0588785856962204, -0.0010834562126547098, 0.014597582630813122, 0.06058844178915024, -0.00781309325248003, 0.04820112884044647, -0.01200659479945898, -0.0039582266472280025, -0.014707923866808414, 0.015163027681410313, -0.01358970906585455, -0.022145530208945274, -0.06474214047193527, -0.017055002972483635, 0.013276996091008186, 0.0364345908164978, -0.00774769252166152, -0.02108803018927574, -0.02223978377878666, 0.004011616576462984, 0.022238286212086678, 0.02116835117340088, -0.0038795412983745337, -0.03933955729007721, -0.018007813021540642, 0.028636936098337173, -0.011182286776602268, 0.009019854478538036, -0.04210478439927101, 0.03456712141633034, -0.004265608265995979, 0.043546125292778015, -0.014482627622783184, 0.022067399695515633, -0.052035629749298096, -0.02911440096795559, -0.019216902554035187, -0.0012092804536223412, -0.03788528963923454, -0.07220588624477386, -0.0018353232881054282, -0.0067983646877110004, -0.05433468520641327, -0.019821954891085625, -0.025883862748742104, 0.0228955689817667, 0.026165632531046867, 0.09483994543552399, -0.02097121812403202, -0.004294514190405607, 0.010326290503144264, -0.017413809895515442, -0.037336453795433044, 0.00999695248901844, 0.03048827312886715, -0.015276039950549603, 0.003656502114608884, -0.01897246763110161, -0.024013010784983635, -0.022432366386055946, -0.009744292125105858, -0.012861769646406174, 0.023932717740535736, 0.019388828426599503, 0.06337685137987137, -0.04110964387655258, 0.013698599301278591, 0.011122876778244972, -0.01754976063966751, 0.007823723368346691, -0.04149140790104866, -0.025370240211486816, -0.04638666659593582, -0.005727115087211132, -0.010871420614421368, -0.016214970499277115, -0.03351929783821106, 0.006318449042737484, -0.0008274500141851604, -0.011616011150181293, 0.018651995807886124, -0.025981320068240166, 0.015330906957387924, -0.13786666095256805, 0.0016867369413375854, -0.037248242646455765, -0.004233533516526222, -0.01969228871166706, 0.005714926868677139, -0.02134508639574051, -0.07515161484479904, 0.03472825139760971, -0.00902557373046875, -0.05005114525556564, -0.019684866070747375, -0.0018633053405210376, 0.0035822174977511168, 0.0039691985584795475, 0.019073231145739555, 0.0027520933654159307, -0.00823942944407463, -0.04132898151874542, 0.007818924263119698, -0.016518844291567802, 0.0009215365862473845, 0.057332031428813934, -0.011153321713209152, 0.0023983789142221212, -0.007603036239743233, -0.0040299370884895325, 0.029558420181274414, -0.01812944933772087, 0.022790130227804184, 0.026976626366376877, -0.026520512998104095, 0.022641710937023163, 0.026660209521651268, 0.012140092439949512, 0.029364408925175667, 0.0006534602143801749, 0.01002507470548153, 0.013428308069705963, 0.017341040074825287, 0.008487431332468987, 0.00971532054245472, -0.05517342686653137, -0.0269863773137331, -0.02890969067811966, -0.01207729335874319, -0.056330226361751556, -0.011079219169914722, -0.004907120950520039, -0.02531130239367485, 0.036189548671245575, 0.060525164008140564, 0.02432839944958687, 0.01819237507879734, -0.0272346343845129, -0.010396817699074745, -0.05461977794766426, 0.008517146110534668, -0.06412245333194733, 0.02053588069975376, -0.025557322427630424, 0.02126721478998661, -0.0014579367125406861, -0.03333307057619095, -0.004687940701842308, 0.023220760747790337, -0.017825741320848465, 0.047435272485017776, 0.015814419835805893, -0.018601970747113228, -0.002146922517567873, -0.029078496620059013, -0.002546753501519561, -0.009874417446553707, 0.012583799660205841, 0.04008517786860466, -0.01988382451236248, -0.0245920792222023, -0.04165541008114815, 0.005719853099435568, -0.07024531811475754, -0.010567876510322094, -0.06217795982956886, 0.05333786457777023, 0.04734048619866371, 0.011440811678767204, -0.0242213923484087, -0.035312484949827194, -0.024990186095237732, -0.024357758462429047, -0.00815262459218502, -0.021162481978535652, -0.0309942327439785, -0.04010001942515373, 0.020354416221380234, -0.01201473269611597, -0.005656619556248188, 0.036269836127758026, 0.03285844624042511, -0.01523962989449501, -0.03351370617747307, 0.011538430117070675, 0.03125295042991638, 0.020554155111312866, -0.0072181615978479385, 0.04451800510287285, -0.006045331247150898, -0.015131758525967598, -0.003485744586214423, -0.007389724720269442, -0.03142585977911949, 0.016016919165849686, -0.033905018121004105, 0.00789772067219019, -0.08027210086584091, -0.023512575775384903, -0.019685322418808937, -0.0005548202898353338, 0.028211580589413643, 0.0063927071169018745, 0.004193659406155348, -0.02147097699344158, 0.004385851323604584, -0.025605155155062675, 0.04253605753183365, 0.004059704020619392, 0.013459568843245506, 0.00406468054279685, -0.00878288596868515, 0.024082515388727188, -0.024780767038464546, -0.07390191406011581, 0.03597184270620346, 0.0323476679623127, 0.0067834374494850636, -0.024006923660635948, 0.010775478556752205, 0.03998396545648575, -0.03359336405992508, 0.025569047778844833, -0.03668856620788574, -0.02489357627928257, 0.002361686434596777, -0.03607814759016037, -0.030870765447616577, 0.026946429163217545, 0.0087431063875556, -0.014324580319225788, -0.019250785931944847, -0.03068198449909687, 0.005878383293747902, 0.005752755794674158, -0.033140167593955994, 0.009244215674698353, -0.040845416486263275, 0.002839538035914302, -0.034015629440546036, 0.013319696299731731, -0.022570505738258362, 0.048250582069158554, -0.017401862889528275, -0.032310839742422104, 0.003268537810072303, 0.03092077374458313, 0.0226086787879467, -0.019910860806703568, -0.02008044719696045, 0.008511174470186234, -0.0372922308743, 0.02846856415271759, 0.0034607478883117437, 0.007819260470569134, -0.026864318177103996, -0.04801471158862114, 0.05708623677492142, 0.012178461067378521, -0.0021902716252952814, 0.021339120343327522, 0.07546117156744003, 0.01082522515207529, 0.02778255194425583, 0.007181892637163401, -0.006357826292514801, -0.015414505265653133, 0.027405163273215294, 0.012680435553193092, 0.0031761247664690018, 0.034875404089689255, 0.014751634560525417, -0.027419492602348328, -0.05445058271288872, -0.03541826084256172, 0.022507835179567337, -0.004656333941966295, -0.008837558329105377, -0.010313945822417736, -0.006104452535510063, 0.0014180056750774384, -0.023201242089271545, 0.09188773483037949, -0.005034974776208401, -0.010297040455043316, -0.04545394331216812, -0.028577104210853577, -0.023574354127049446, -0.012792902067303658, -0.011463452130556107, -0.0010575323831290007, -0.006634706165641546, 0.00797912199050188, 0.020189130678772926, -0.05075420066714287, -0.013797893188893795, 0.019125452265143394, -0.018918007612228394, -0.013731843791902065, 0.039621900767087936, 0.06999751925468445, 0.030006296932697296, -0.001132808974944055, 0.01782248541712761, 0.017976751551032066, -0.018162298947572708, -0.013949064537882805, -0.026496965438127518, 0.0017631613882258534, -0.0049057696014642715, 0.006173660978674889, -0.00541916536167264, -0.0010159224038943648, -0.09467912465333939, 0.008680404163897038, 0.006234017666429281, 0.01015667337924242, -0.012203825637698174, -0.04016651585698128, 0.02229931950569153, 0.0285447146743536, 0.01370678748935461, 0.0023292978294193745, -0.006727816071361303, 0.046584032475948334, -0.02074115164577961, -0.014638043940067291]",
15_1_0_errors_no_duplicate_head_mdx_section_4,section,15_1_0_errors_no_duplicate_head_mdx,No Duplicate Head - Useful Links,,{},15.1.0,"[/docs/pages/building-your-application/routing/custom-document](/docs/pages/building-your-application/routing/custom-document)
",,"[(np.int64(67), np.float64(0.06794266402721405)), (np.int64(438), np.float64(0.20084649324417114)), (np.int64(786), np.float64(0.10663188993930817)), (np.int64(7844), np.float64(0.11502697318792343)), (np.int64(36836), np.float64(0.17210710048675537)), (np.int64(44816), np.float64(0.22895044088363647)), (np.int64(52721), np.float64(0.20198726654052734)), (np.int64(57890), np.float64(0.24961619079113007))]","[-0.03032669797539711, 0.006577554624527693, -0.004100682679563761, 0.0018169949762523174, -0.02474663220345974, 0.005498924758285284, 0.0005391313461586833, -0.005621808581054211, 0.0004972780006937683, -0.002282522153109312, -0.008970688097178936, 0.03252958133816719, 0.028997905552387238, -0.018277565017342567, -0.014926725998520851, -0.004185211379081011, -0.018289396539330482, 0.0334567055106163, 0.007825511507689953, -0.004278722684830427, -0.0037699353415519, 2.0917821530019864e-05, 0.0350462943315506, 0.0019774793181568384, -0.009615817107260227, 0.01622423157095909, 0.02764432318508625, 0.013399430550634861, 0.03678201138973236, -0.04608628898859024, 0.045520879328250885, -0.024378715083003044, 0.011186551302671432, -0.005080712027847767, -0.03170156106352806, -0.060482174158096313, -0.03777574375271797, -0.01670195162296295, -0.04023066535592079, 0.0005125213647261262, -0.00016470915579702705, 0.008926428854465485, -0.013780977576971054, -0.014463701285421848, 0.04397423565387726, -0.02315097115933895, 0.017341934144496918, -0.01897856593132019, 0.0341976098716259, -0.02528350055217743, -0.013293595984578133, -0.005026262253522873, -0.003470504656434059, -0.08923445641994476, 0.007495385129004717, 0.0753653272986412, -0.010064288973808289, -0.05264946445822716, -0.005176265724003315, 0.008348766714334488, -0.010230603627860546, -0.025015877559781075, -0.0013183578848838806, -0.023644309490919113, 0.012503489851951599, 0.009456643834710121, 0.03543519228696823, -0.021497279405593872, -0.0136422635987401, -0.05678751692175865, 0.008802259340882301, 0.022608689963817596, -0.07541214674711227, -0.0362398624420166, -0.04886556416749954, 0.0024158232845366, 0.04467053711414337, -0.0049202051013708115, -0.012222624383866787, 0.002262069145217538, -0.009056278504431248, 0.012706251814961433, 0.04055538401007652, -0.003997931256890297, -0.0067004854790866375, -0.026068968698382378, -0.023561719805002213, 0.05734587460756302, 0.03868119791150093, -0.005346299149096012, 0.001752979471348226, -0.014092479832470417, 0.034311991184949875, -0.04567580297589302, -0.014382878318428993, -0.0032127012964338064, 0.014081508852541447, 0.0012534488923847675, 0.021331412717700005, -0.0006141239427961409, 0.03744828328490257, 0.003035398432984948, 0.02035420387983322, -0.017107026651501656, -0.006452988367527723, -0.014475605450570583, 0.015217001549899578, 0.0013015720760449767, 0.012368917465209961, -0.02087346650660038, -0.002688497304916382, 0.000759072252549231, 0.027701105922460556, -0.00011617232667049393, 0.02024111896753311, -0.02936423011124134, -0.018802080303430557, -0.027171596884727478, 0.016439000144600868, 0.012627077288925648, 0.008460869081318378, 0.028733640909194946, 0.05023950710892677, -0.012307950295507908, 0.018291788175702095, 0.028858458623290062, 0.01808704249560833, 0.03344113379716873, 0.016767313703894615, -0.007651195395737886, 0.02608763426542282, 0.025488456711173058, -0.0017742488998919725, 0.0006522368639707565, -0.026296649128198624, -0.014668168500065804, 0.01369286049157381, 0.0193317998200655, -0.011560659855604172, -0.0766054019331932, 0.023559199646115303, 0.015911336988210678, 0.014386209659278393, -0.02127164788544178, 0.026717783883213997, -0.04259232059121132, 0.08048786222934723, 0.034333232790231705, -0.0004627021844498813, -0.05640258640050888, 0.02141798846423626, 0.012830737046897411, 0.026360370218753815, 0.03677923232316971, 0.008258532732725143, -0.042838774621486664, 0.026441901922225952, 0.019134381785988808, 0.056575875729322433, 0.024223053827881813, -0.02391161397099495, 0.02467281185090542, -0.004551445599645376, 0.02311321161687374, 0.010182804428040981, -0.04643974080681801, 0.02364281751215458, 0.014826701022684574, -0.025872748345136642, -0.05603611469268799, 0.0458996407687664, -0.00946195237338543, 0.00019632764451671392, 0.012546192854642868, 0.029684782028198242, 0.016484325751662254, 0.07760366052389145, 0.01746806688606739, 0.010266945697367191, -0.03591829165816307, -0.034417275339365005, 0.02416985109448433, -0.03298861160874367, 0.016848135739564896, -0.012463611550629139, -0.0038745456840842962, -0.037970609962940216, -0.007733209058642387, -0.011328833177685738, 0.02770334668457508, -0.0005243838531896472, -0.0029625294264405966, 8.08479671832174e-05, 0.007989998906850815, 0.0014151220675557852, -0.0006111417314969003, 0.015479039400815964, 0.03820928558707237, -0.0073457942344248295, -0.027167977765202522, 0.034445591270923615, 0.034124359488487244, 0.04301260784268379, 0.0020808358676731586, 0.003058694303035736, -0.031041964888572693, 0.0242658331990242, -0.05313938856124878, -0.004548962693661451, -0.039560794830322266, -0.022183675318956375, -0.03524165600538254, -0.055057574063539505, 0.012916041538119316, -0.03294552490115166, 0.021953796967864037, 0.01914670318365097, 0.008938849903643131, 0.024899393320083618, -0.02776974067091942, -0.031976450234651566, 0.03853084519505501, -0.02069949544966221, 0.0291849784553051, 0.025880087167024612, 0.006325279828161001, 0.00871659442782402, 0.005559928715229034, 0.017084171995520592, -0.024201422929763794, -0.046337004750967026, -0.015778327360749245, 0.01727578602731228, -0.017321409657597542, 0.07513541728258133, -0.012718437239527702, -0.01572263240814209, -0.012354216538369656, 0.0011413038009777665, -0.0376816987991333, -0.005852510221302509, -0.023233765736222267, 0.02663821540772915, -0.008480281569063663, -0.04164372384548187, 0.011740723624825478, -0.023893309757113457, 0.044700611382722855, -0.016850991174578667, -0.015653621405363083, 0.02073710784316063, -0.01601189188659191, 0.015036134980618954, 0.0022498462349176407, 0.006456672679632902, 0.006754743866622448, 0.009470570832490921, 0.00476799625903368, -0.03576068952679634, 0.002844440285116434, -0.003613392822444439, 0.02445407398045063, -0.048795927315950394, 0.009796292521059513, 0.010318208485841751, -0.04871707782149315, -0.011648895218968391, -0.04223598912358284, 0.01735394448041916, -0.01901848427951336, -0.03797931596636772, 0.04143837094306946, 0.03838363289833069, 0.0034022454638034105, -0.00920737162232399, -0.009477916173636913, -0.037870071828365326, -0.0457625649869442, 0.04923674836754799, -0.022901935502886772, -0.0007135557243600488, 0.10485347360372543, 0.005765094421803951, 0.024642406031489372, 0.07625712454319, -0.05521264299750328, 0.0009896834380924702, -0.05517606809735298, 0.0426514595746994, -0.0033998487051576376, -0.06808959692716599, -0.013456620275974274, 0.0511673241853714, -0.027173029258847237, 0.00997681450098753, 0.007338473107665777, 0.00476031145080924, -0.16376085579395294, -0.046379633247852325, 0.04527018964290619, 0.06268581748008728, -0.004694461356848478, 0.026042429730296135, -0.04102963209152222, -0.017067374661564827, -0.004341532941907644, 0.005694639403373003, -0.006584384478628635, -0.046719614416360855, -0.030830562114715576, -0.039764706045389175, -0.001002749428153038, 0.03874979913234711, -0.0006717612850479782, 0.006838602013885975, -0.007410119287669659, -0.01657808944582939, -0.006404253654181957, -0.019804086536169052, 0.009525123052299023, 0.040930233895778656, -0.009590426459908485, -0.016033068299293518, 0.014428474009037018, 0.00869650486856699, 0.01817157492041588, -0.003420654684305191, 0.00952902715653181, -0.03800134360790253, 0.0017328819958493114, 0.004741522949188948, -0.0006542452028952539, -0.0018939008004963398, 0.016281185671687126, 0.018498728051781654, 0.006008186377584934, 0.005328678060323, 0.018135063350200653, 0.0536750927567482, -0.020075079053640366, -0.006397115997970104, -0.006563958711922169, 0.005584191996604204, 0.021210497245192528, -0.03041534125804901, -0.04859013482928276, -0.07077066600322723, 0.025241076946258545, -0.024909792467951775, 0.019496185705065727, 0.012347421608865261, -0.05639733374118805, 0.010778860189020634, 0.03200143948197365, 0.036202237010002136, -0.04360906034708023, 0.02202656865119934, -0.015878478065133095, 0.015585485845804214, 0.053740646690130234, -0.034426264464855194, 0.02212097868323326, 0.04344131425023079, 0.07919973880052567, 0.009666034020483494, 0.026884030550718307, -0.021341923624277115, 0.0008514137589372694, -0.020169811323285103, 0.027059080079197884, 0.005091121885925531, -0.059603769332170486, -0.015625659376382828, 0.026688316836953163, -0.03892946615815163, 0.0020309248939156532, -0.11233403533697128, -0.04536382108926773, 0.030985567718744278, 0.016588862985372543, -0.0010157495271414518, -0.04082220792770386, -0.03791400045156479, -0.00426420196890831, -0.029341932386159897, 0.013931896537542343, 0.26294463872909546, 0.018117588013410568, 0.010547702200710773, -0.005949351470917463, 0.06221465766429901, -0.003226199187338352, -0.0002674161805771291, 0.011239609681069851, 0.0011080291587859392, -0.019802624359726906, 0.012696599587798119, 0.029898447915911674, -0.011642077937722206, -0.0069906627759337425, 0.0038594305515289307, 0.039486344903707504, -0.07729922980070114, -0.011925745755434036, 0.049895841628313065, 7.603049016324803e-05, -0.015631550922989845, -0.07190371304750443, 0.02712113969027996, 0.025223057717084885, -0.040219541639089584, -0.024185121059417725, -0.02731207385659218, 0.017175210639834404, -0.040323127061128616, 0.05854972079396248, -0.028240857645869255, 0.02187495492398739, 0.06920615583658218, -0.01169673353433609, -0.0744832307100296, -0.00786463264375925, 0.04544403776526451, -0.028562968596816063, -0.01256726123392582, -0.02202444151043892, -0.041548047214746475, -0.0018246999243274331, -0.007318214513361454, 0.012489438988268375, -0.02655670791864395, -0.03958529978990555, -0.003178182290866971, -0.00066696188878268, 0.02453153021633625, -0.02470163255929947, 0.04461587592959404, -0.019091390073299408, -0.010334736667573452, 0.020976485684514046, 0.02031940408051014, -0.0009691683226265013, -0.008617006242275238, 0.008427894674241543, -0.003517704550176859, -0.019703980535268784, 0.027807487174868584, 0.018784957006573677, -0.050949860364198685, 0.019006233662366867, -0.007898311130702496, 0.017349470406770706, -0.0047287894412875175, -0.03305523470044136, 0.017891105264425278, 0.06056201830506325, -0.0008531399071216583, 0.007614107336848974, 0.032778289169073105, -0.013482360169291496, 0.025518443435430527, 0.007360117509961128, 0.03007444553077221, 0.025855446234345436, -0.04108878970146179, 0.05586675554513931, -0.01856442354619503, 0.021951444447040558, 0.004461301956325769, 0.0273041520267725, 0.015459523536264896, -0.016051243990659714, 0.0382973849773407, 0.05157339200377464, -0.00972308125346899, 0.03529895469546318, -0.014112229458987713, -0.01510089822113514, -0.0009076796704903245, 0.03301286697387695, -0.0409330390393734, -0.010585491545498371, -0.01833540014922619, 0.008246129378676414, -0.06506868451833725, -0.008489695377647877, 0.002279040403664112, 0.018654070794582367, -0.02943037450313568, -0.021456347778439522, 0.044984713196754456, 0.0024496756959706545, -0.0033302083611488342, -0.023203175514936447, -0.014501447789371014, 0.004451868589967489, -0.0387607216835022, 0.02012215368449688, 0.0031604557298123837, -0.03574509918689728, -0.03517501801252365, 0.05105510726571083, 0.012255959212779999, 0.021303819492459297, 0.02158486656844616, 0.05649060383439064, -0.0012647227849811316, -0.03700176626443863, -0.008723633363842964, 0.007746860850602388, -0.015520942397415638, -0.04026472941040993, -0.027681881561875343, 0.031060338020324707, -0.04209335148334503, 0.024646133184432983, 0.03308986872434616, -0.027630258351564407, -0.032164040952920914, 0.013977819122374058, 0.01687690243124962, 0.001088036224246025, 0.05076756328344345, 0.06268349289894104, -0.038371726870536804, 0.007606353610754013, -0.037041645497083664, 0.0007069400162436068, 0.005495828576385975, 0.001027002464979887, 0.029820507392287254, 0.024245815351605415, -0.007267494220286608, 0.0013850989053025842, 0.0397675558924675, 0.0073081376031041145, 0.04937691614031792, 0.028152091428637505, -0.0017376169562339783, -0.047583188861608505, -0.009151135571300983, -0.03103637881577015, -0.003691969206556678, -0.006235758773982525, 0.03972775489091873, -0.0528375580906868, 0.03490320220589638, 0.006688020657747984, 0.06082744896411896, 0.0841282308101654, -0.02843940071761608, -0.0245116725564003, -0.028333008289337158, 0.04560396447777748, -0.0017136882524937391, 0.01201276108622551, -0.005647784564644098, -0.007036244496703148, -0.06812611222267151, 0.032673414796590805, 0.022396519780158997, -0.0030989283695816994, -0.022040599957108498, -0.03294796869158745, -0.0636420026421547, -0.027004441246390343, 0.018178148195147514, 0.020707473158836365, -0.06480804085731506, -0.0023128094617277384, 0.03277374804019928, -0.013949048705399036, -0.03789379820227623, -0.025669772177934647, 0.01461072824895382, -0.047597985714673996, -0.022103793919086456, 0.11214305460453033, -0.043779607862234116, -0.015274017117917538, 0.05362652242183685, 0.034825440496206284, -0.020748749375343323, 0.014316056855022907, -0.038197483867406845, 0.044666700065135956, 0.008875099942088127, 0.032031700015068054, 0.00280874315649271, -0.01037527620792389, -0.03806929290294647, -0.029076896607875824, -0.028433673083782196, 0.034576158970594406, -0.0009270089212805033, 0.012916929088532925, -0.026525253430008888, 0.022085042670369148, -0.06642340868711472, -0.007989125326275826, 0.03565076366066933, -0.033311035484075546, 0.0726824626326561, 0.05278315767645836, 0.015105372294783592, 0.0046599009074270725, -0.05449777841567993, -0.009276384487748146, -0.01859211176633835, 0.008368946611881256, -0.02374461106956005, 0.0007097040070220828, 0.028044378384947777, -0.017533091828227043, -0.012512543238699436, -0.002136708702892065, -0.01035293284803629, 0.06655332446098328, 0.005491661373525858, -0.025458263233304024, 0.003859913907945156, 0.00590526545420289, 0.018097706139087677, 0.008044013753533363, 0.022928794845938683, -0.045579951256513596, 0.010243699885904789, 0.005145648960024118, 0.045609164983034134, 0.026622284203767776, 0.013997645117342472, 0.017199307680130005, -0.08358711749315262, -0.028869986534118652, 0.039112456142902374, 0.010567438788712025, 0.01370521541684866, -0.03665686398744583, -0.0066332509741187096, -0.045753780752420425, 0.029495159164071083, 0.006145262625068426, 0.0023077267687767744, -0.0001608863822184503, -0.04400712251663208, 0.008724866434931755, 0.00567928422242403, 0.020654501393437386, 0.004806687124073505, -0.012267914600670338, 0.021276963874697685, -0.04706794023513794, 0.022512340918183327, -0.040137577801942825, -0.02023187465965748, -0.01837705820798874, -0.022137582302093506, -0.012054557912051678, -0.028991766273975372, 0.035431478172540665, 0.044298071414232254, 0.025128541514277458, -0.005455175880342722, 0.013599206693470478, 0.019779914990067482, -0.04977056011557579, -0.08736278861761093, 0.011089344508945942, -0.028579847887158394, 0.013867901638150215, 0.005676331929862499, 0.03504333645105362, 0.0606100857257843, 0.01236208900809288, 0.007466604001820087, -0.03639541193842888, -0.021583788096904755, 0.00047630848712287843, -0.023928510025143623, 0.039782412350177765, 0.00774233415722847, -0.013618565164506435, -0.03477419912815094, 0.06116686761379242, -0.010821118950843811, 0.023388395085930824, 0.006370910909026861, -0.0182342566549778, 0.005822585895657539, -0.022756922990083694, 0.009397183544933796, 0.04887320473790169, -0.028503941372036934, -0.01117307972162962, 0.023508314043283463, -0.03407580778002739, 0.019188374280929565, -0.06496940553188324, 0.004339658655226231, 0.028878189623355865, 0.038267236202955246, -0.02611793391406536, 0.014024724252521992, 0.03904818743467331, -0.004339292645454407, -0.004401315003633499, 0.02196887880563736, 0.026758713647723198, -0.003112448612228036, -0.002962611149996519, -0.02843075804412365, 0.002506328048184514, -0.02664368972182274, -0.0007551804301328957, -0.031347259879112244, 0.03048592619597912, -0.05041850358247757, 0.020051423460245132, -0.011217388324439526, 0.001587359351105988, -0.019027618691325188, -0.007620754651725292, 0.013362323865294456, -0.005436450242996216, -0.014815044589340687, -0.003944803960621357, -0.0021839470136910677, -0.01951918564736843, 0.044869452714920044, -0.015231619589030743, 0.0029697036370635033, -0.06812909245491028, -0.00010333433601772413, -0.014053497463464737, -0.04168663173913956, 0.003062737872824073, -0.028134185820817947, 0.026952631771564484, 0.011730466969311237, -0.016407443210482597, 0.021208973601460457, -0.027432529255747795, -0.001390889985486865, -0.03307585045695305, 0.018403133377432823, 0.05029475688934326, -0.023574842140078545, 0.028696641325950623, -0.012319850735366344, -0.011749420315027237, -0.014197507873177528, -0.027652066200971603, -0.017153825610876083, 0.007826750166714191, -0.030588066205382347, 0.009335165843367577, 0.011191149242222309, -0.031854718923568726, 0.01995057240128517, 0.029095280915498734, -0.04098578914999962, -0.0005232855910435319, -0.019083892926573753, -0.010604646056890488, 0.007414998486638069, -0.028366057202219963, 0.00686581851914525, -0.048513706773519516, -0.009577026590704918, -0.015508820302784443, -0.024950094521045685, 0.012108176946640015, -0.005528910551220179, 0.014846798032522202, -0.0032153907231986523, 0.07978968322277069, -0.038904666900634766, -0.015530670993030071, -0.009383179247379303, 0.014029525220394135, -0.1510721743106842, -0.007027624640613794, -0.03532041609287262, 0.009439338929951191, -0.04092944785952568, -0.010993233881890774, -0.02365146391093731, -0.05267556384205818, 0.0034170912113040686, -0.02833983674645424, -0.019671078771352768, -0.004851195961236954, 0.046066321432590485, -0.014506837353110313, -0.004925451707094908, 0.03687361255288124, 0.03463900089263916, -0.016329821199178696, -0.029261969029903412, -0.004675616975873709, -0.02451404742896557, 0.011730178259313107, 0.044281646609306335, 0.013339956291019917, -0.03051324002444744, -0.04391506686806679, -0.015341673046350479, 0.013731294311583042, -0.03293357416987419, 0.03830434009432793, -0.030646340921521187, 0.01049333531409502, 0.02406093291938305, 0.04373529553413391, -0.053305890411138535, 0.047200631350278854, 0.025754010304808617, -0.029897291213274002, 0.000846186769194901, 0.0037780902348458767, -0.024755176156759262, 0.009981634095311165, -0.011459226720035076, 0.01831609383225441, 0.027641233056783676, -0.003303372301161289, 0.021864062175154686, -0.0021838031243532896, 0.0010210591135546565, -0.011640644632279873, -0.0425819531083107, 0.06806252151727676, 0.02499980852007866, 0.0006829141057096422, -0.025220410898327827, 0.028252514079213142, 0.01537054032087326, 0.0074839829467237, -0.006322962231934071, -0.0015988219529390335, -0.02783089503645897, 0.052912719547748566, -0.03209047392010689, 0.004798535723239183, 0.0022717895917594433, 0.021672341972589493, -0.016153573989868164, 0.024774381890892982, -0.016303429380059242, -0.008781028911471367, -0.016233962029218674, 0.007822412066161633, -0.025739425793290138, -0.0009799895342439413, 0.031881142407655716, 0.0026206388138234615, -0.009686158038675785, -0.03077443316578865, -0.016802357509732246, -0.03547373786568642, -0.013808414340019226, -0.010763869620859623, -0.028109097853302956, 0.05183896794915199, 0.04289763793349266, 0.028424710035324097, 0.014923406764864922, 0.01120363362133503, 0.01940270885825157, -0.016839053481817245, -0.023594744503498077, -0.05957477167248726, -0.017113707959651947, -0.01714251935482025, 0.016063224524259567, 0.016647156327962875, -0.015547379851341248, -0.004487771075218916, 0.01833169534802437, -0.01963251270353794, -0.0036857295781373978, 0.021909836679697037, -0.006919663865119219, -0.0007912564906291664, -0.033270902931690216, 0.030726876109838486, 0.05616380274295807, 0.010843170806765556, -0.03114240989089012, -0.037459373474121094, -0.08335453271865845, -0.01979176141321659, -0.01888844184577465, 0.0017669638618826866, -0.03695707768201828, 0.00981439370661974, -0.006459500640630722, 0.004736596718430519, 0.04228118434548378, -0.01883125491440296, -0.01548255980014801, -0.04345995560288429, -0.008610389195382595, -0.029508406296372414, 0.005251920782029629, 0.009918464347720146, 0.06654687225818634, 0.027675902470946312, 0.021106703206896782, -0.020615331828594208, -0.013811002485454082, -0.06922165304422379, 0.04156218841671944, -0.0015303476247936487, 0.001045577577315271, 0.002580197062343359, -0.011851025745272636, 0.03422282636165619, -0.027881428599357605, -0.05586177855730057, -0.03703649714589119, 0.0015219755005091429, 0.005067179445177317, -0.04526688531041145, 0.031083431094884872, -0.046665992587804794, 4.978260676580248e-06, -0.0050224969163537025, 0.004979941062629223, -0.0375031903386116, 0.027405917644500732, -0.007885115221142769, -0.04679340869188309, 0.046261370182037354, -0.000928582448977977, 0.04191380366683006, -0.028235215693712234, 0.004876784048974514, -0.05371631681919098, 0.037883151322603226, 0.011389226652681828, -0.019048389047384262, -0.006509374361485243, -0.018411757424473763, 0.019067276269197464, 0.03915751725435257, 0.004586932715028524, -0.007921630516648293, -0.06498509645462036, 0.04744952917098999, 0.013083945028483868, 0.016359878703951836, -0.0067730862647295, -0.002427381230518222, 0.06160293146967888, -0.02967570163309574, 0.014225595630705357, 0.00010002342605730519, 0.005587572697550058, -0.045377217233181, 0.019520169124007225, 0.013893039897084236, 0.04721590131521225, 0.010440698824822903, 0.005415651481598616, -0.014643286354839802, -0.012783035635948181, 0.007410699967294931, -0.00735099520534277, -0.01700037345290184, -0.03938227891921997, 0.02263590693473816, -0.036579057574272156, -0.02270469069480896, 0.021103963255882263, 0.021343618631362915, -0.01877474971115589, 0.020721502602100372, 0.02005738392472267, 0.0561802051961422, 0.024328844621777534, 0.009392122738063335, 0.00018896283290814608, -0.04785779118537903, -0.002088327659294009, 0.008346649818122387, -0.04689992591738701, 0.0017535353545099497, -0.009706326760351658, 0.034860674291849136, -0.004790300037711859, 0.01289363857358694, -0.047624725848436356, 0.007456934079527855, -0.01815229095518589, -0.06134762242436409, 0.05407796800136566, 0.044973064213991165, -0.014325093477964401, -0.012389703653752804, 0.024935206398367882, 0.016621708869934082, -0.019628770649433136, -0.0044367811642587185, -0.02442459762096405, 0.004557087551802397, -0.022660166025161743, 0.0296335369348526, -0.017398012802004814, -0.001502704224549234, -0.046662285923957825, -0.01195947453379631, 0.0273299403488636, -0.002095106989145279, -0.0005802891100756824, -0.01612340472638607, 0.024564463645219803, 0.012309718877077103, 0.016687380149960518, 0.0014092304045334458, 0.04112992435693741, -0.0064353640191257, 0.03873811289668083, 0.0034346836619079113]",,
15_1_0_errors_no_head_element_mdx,document,,No Head Element,,{'related_links': []},15.1.0,"> Prevent usage of `<head>` element.

## Why This Error Occurred

A `<head>` element was used to include page-level metadata, but this can cause unexpected behavior in a Next.js application. Use Next.js' built-in `next/head` component instead.

## Possible Ways to Fix It

Import and use the `<Head />` component:

```jsx filename=""pages/index.js""
import Head from 'next/head'

function Index() {
  return (
    <>
      <Head>
        <title>My page title</title>
        <meta name=""viewport"" content=""initial-scale=1.0, width=device-width"" />
      </Head>
    </>
  )
}

export default Index
```

## Useful Links

- [next/head](/docs/pages/api-reference/components/head)Prevent usage of `` element.
",,"[(np.int64(438), np.float64(0.17359288036823273)), (np.int64(44816), np.float64(0.23937219381332397)), (np.int64(48325), np.float64(0.2621626853942871))]","[-0.01732093282043934, 0.006224328186362982, -0.028957806527614594, 0.02884979173541069, -0.030467374250292778, -0.020692478865385056, 0.015077860094606876, 0.01826000213623047, -0.012393028475344181, -0.004740075208246708, -0.016050463542342186, 0.011859635822474957, -0.015020942315459251, -0.00956282764673233, -0.020261337980628014, -0.011916306801140308, -0.0028676106594502926, 0.0100653525441885, 0.019619781523942947, -0.0013079352211207151, -0.022262748330831528, 0.0014719311147928238, -0.003602676559239626, 0.02570718340575695, -0.03302733600139618, -0.011613918468356133, 0.0039971149526536465, 0.008252440951764584, 0.002245883224532008, 0.06443700939416885, 0.014998389407992363, -0.003938299138098955, 0.023739410564303398, 0.025119779631495476, -0.027682805433869362, -0.013152319006621838, -0.005729803815484047, 0.009317820891737938, -0.024401996284723282, 0.02694561704993248, -0.01863090880215168, 0.014226838015019894, 0.02257492206990719, -0.04137808829545975, 0.027409475296735764, -0.006344169843941927, -0.0021132342517375946, -0.0180630125105381, 0.02549072541296482, 0.00975621584802866, -0.01685776747763157, 0.001928757643327117, 0.022452261298894882, -0.06724166125059128, 0.03049222193658352, -0.0024230554699897766, -0.010818790644407272, -0.02858792245388031, -0.007416290231049061, 0.02224327065050602, -0.016665976494550705, -0.01192962285131216, -0.01634231209754944, 0.008004046976566315, 0.004159207921475172, 0.04528636485338211, -0.004970765672624111, 0.03306717798113823, -0.04166170582175255, -0.03860921040177345, -0.005613486282527447, 0.013521089218556881, -0.014081640169024467, -0.01785285398364067, 0.007123744115233421, 0.03560458868741989, 0.026370836421847343, -0.036416009068489075, -0.003843124257400632, 0.004132535774260759, 0.013004404492676258, -0.0284710880368948, -0.015446892008185387, 0.005381093826144934, 0.03313470631837845, -0.0013166314456611872, -0.024129411205649376, 0.02721014805138111, 0.030922329053282738, 0.017377614974975586, -0.007076777517795563, -0.04953115060925484, 0.0641980767250061, -0.02388942800462246, -0.03261376917362213, 0.051135145127773285, -0.0058248406276106834, -0.010835903696715832, 0.06699807196855545, -0.04704859107732773, -0.010468811728060246, 0.008660588413476944, 0.014336125925183296, -0.03099411353468895, 0.09634582698345184, 0.028147699311375618, 0.045119646936655045, 0.0022883524652570486, 0.05181276053190231, -0.014756538905203342, 0.016420891508460045, -0.0034930617548525333, 0.021737778559327126, -0.01846982166171074, -0.008669227361679077, -0.024589551612734795, 0.006262480281293392, -0.024992872029542923, 0.020274585112929344, -0.022859133780002594, 0.03625866398215294, 0.049505140632390976, 0.028976332396268845, -0.030535826459527016, 0.05875934287905693, 0.004165429621934891, -0.04230227321386337, 0.018962860107421875, -0.029161952435970306, 0.006424026098102331, 0.019913243129849434, 0.010737079195678234, 0.03290623053908348, 0.02200031466782093, -0.038986120373010635, 0.020828852429986, 0.015658969059586525, 0.03479853272438049, 0.0316721647977829, -0.06171558424830437, 0.02488158829510212, 0.01797831617295742, -0.023274896666407585, -0.044756799936294556, 0.02122698910534382, 0.0008255443535745144, 0.018290331587195396, 0.02311113476753235, 0.0080752894282341, -0.04139958694577217, -0.011543676257133484, 0.02576863206923008, 0.03134290128946304, -0.0405782014131546, 0.05622686818242073, -0.02636990137398243, -0.025999998673796654, -0.012900421395897865, 0.02613755501806736, 0.02317252941429615, 0.01902824640274048, -0.010032836347818375, -0.048611175268888474, 0.019587669521570206, 0.032180145382881165, -0.017370428889989853, 0.010389120317995548, -0.0002630156232044101, -0.016038784757256508, -0.02972668968141079, 0.013374836184084415, -0.006337144877761602, 0.049283143132925034, -0.01703745312988758, 0.026646872982382774, 0.03182797133922577, 0.016314251348376274, 0.01613433286547661, -0.005003076046705246, 0.010907969437539577, -0.026086119934916496, 0.027583438903093338, 0.012441286817193031, -0.03285221755504608, -0.03850221633911133, -0.008215016685426235, 0.006073493044823408, -0.013013739138841629, -0.008877755142748356, 0.011108176782727242, -0.05878281220793724, -0.033130139112472534, 0.09118762612342834, 0.007013937924057245, 0.015924017876386642, 0.009179956279695034, -0.0026310912799090147, -0.02086043730378151, 0.009758935309946537, 0.029670778661966324, -0.02066420204937458, 0.008303439244627953, -0.002810470061376691, -0.02637762576341629, -0.026357676833868027, 0.007826457731425762, -0.012087839655578136, -0.05228390917181969, 0.019833188503980637, 0.010027598589658737, 0.014486854895949364, 0.005137227475643158, -0.025540633127093315, -0.03819328546524048, -0.034571800380945206, -0.00221506436355412, 0.0053972238674759865, -0.00832570530474186, -0.022602824494242668, -0.06836776435375214, -0.0312998965382576, -0.01952098309993744, -0.03874080255627632, -0.0038356189616024494, -0.00011261489999014884, 0.014582476578652859, 0.04174697399139404, 0.0038256789557635784, 0.04053203761577606, 0.04567403346300125, 0.0012965791393071413, 0.003033060347661376, 0.04547491669654846, -0.022634105756878853, 0.051557544618844986, -0.049757249653339386, 0.008540697395801544, -0.017494013532996178, -0.0017227334901690483, 0.028603848069906235, 0.013942122459411621, -0.02675904892385006, -0.01270410418510437, 0.008330542594194412, -0.059359993785619736, -0.039968423545360565, 0.05606425926089287, 0.0385899543762207, -0.0359988808631897, -0.0007434461731463671, 0.01952778734266758, 0.018886584788560867, -0.0341283343732357, 0.005501462146639824, 0.03267979249358177, -0.0076557788997888565, -0.003912732005119324, -0.023668091744184494, -0.007595625706017017, -0.013782721012830734, 0.003204528009518981, 0.05436529964208603, -0.022707223892211914, 0.0020081691909581423, -0.017898453399538994, -0.0076613156124949455, -0.02356169931590557, -0.023727400228381157, 0.0015896549448370934, 0.015686186030507088, -0.07997992634773254, 0.001511546433903277, 0.0388532429933548, -0.02582104690372944, -0.018184786662459373, 0.03271709382534027, -0.03715866431593895, 0.005165609065443277, 0.07348201423883438, 0.02657570317387581, -0.05827056244015694, 0.04635828733444214, 0.06731093674898148, 0.028220893815159798, 0.045932285487651825, 0.015206286683678627, -0.0442560650408268, -0.03667225316166878, 0.010141558013856411, 0.026682129129767418, 0.0073386020958423615, 0.03945162519812584, 0.049314532428979874, -0.0016725437017157674, -0.02250467985868454, 0.038698628544807434, 0.03010651096701622, -0.13412359356880188, -0.028708945959806442, 0.0604555569589138, -0.03950963169336319, 0.04284131899476051, 0.017593346536159515, -0.04032869637012482, -0.025479765608906746, -0.0004224235890433192, 0.031971801072359085, -0.016338106244802475, -0.047818128019571304, -0.01228068396449089, -0.036202047020196915, -0.01847144402563572, 0.03338858112692833, -0.0035157836973667145, -0.012631903402507305, 0.03682442381978035, -0.03913184627890587, -0.021282974630594254, -0.010635060258209705, 0.034048862755298615, -0.03190555423498154, -0.0052985623478889465, -0.033951327204704285, 0.04875516518950462, 0.012537064962089062, -0.0351690910756588, -0.009503858163952827, -0.04094872623682022, -0.020693637430667877, -0.007499247789382935, 0.018191317096352577, -0.00033017437090165913, 0.03313366696238518, 0.01306272391229868, 0.029320290312170982, -0.06137499958276749, -0.02089276723563671, 0.05362263321876526, 0.016856929287314415, -0.013481576927006245, -0.004251326899975538, 0.03263694420456886, -0.07944847643375397, 0.0018568962113931775, -0.03622102364897728, -0.04338676854968071, 0.006688009016215801, 0.026268042623996735, -0.001037192647345364, -0.01213916763663292, -0.016637442633509636, -0.012492385692894459, 0.005052611697465181, 0.013547469861805439, 0.03550029173493385, -0.015761567279696465, 0.0024521485902369022, -0.005727321375161409, -0.04349716007709503, 0.03810069337487221, -0.020743967965245247, -0.033433981239795685, -0.027036521583795547, 0.04357423633337021, -0.03701992332935333, 0.03170943260192871, -0.041438568383455276, 0.010513289831578732, -0.06383723765611649, 0.005412228871136904, 0.008848650380969048, -0.01588127203285694, 0.008485602214932442, 0.004368435591459274, -0.007262429688125849, 0.022388989105820656, -0.10150017589330673, 0.031370457261800766, 0.004528195131570101, -0.026653040200471878, 0.027344094589352608, -0.039890605956315994, 0.009828614071011543, -0.005339798983186483, -0.019927851855754852, 0.018591536208987236, 0.238685742020607, 0.042020805180072784, 0.021661272272467613, 0.017044343054294586, 0.03865822032094002, -0.02606087364256382, -0.0012706484412774444, 0.033854007720947266, 0.042449917644262314, -0.03788954019546509, 0.0010217109229415655, 0.001100451103411615, 0.01868937537074089, 0.0008487764280289412, 0.038521137088537216, 0.024900240823626518, -0.025705154985189438, 0.06040126830339432, 0.06252351403236389, -0.06316805630922318, 0.02175954356789589, -0.02605636976659298, 0.032603759318590164, 0.017034301534295082, -0.07233945280313492, 0.02043989486992359, -0.0031287209130823612, -0.014944706112146378, -0.0460033193230629, 0.01164419949054718, -0.021235061809420586, 0.02704516239464283, 0.052107200026512146, -0.07399332523345947, -0.015018908306956291, -0.04361225664615631, -0.009585496969521046, -0.023863496258854866, -0.000613971205893904, 0.015898410230875015, -0.0176116693764925, 0.01271634642034769, 0.002395030576735735, 0.038817889988422394, -0.00524228997528553, -0.009426507167518139, -0.0003481425519566983, -0.02918502688407898, 0.0006205185200087726, 0.013101157732307911, -0.035855259746313095, -0.03548131510615349, -0.006925743538886309, 0.0007575838244520128, -0.021423615515232086, -0.002998663578182459, -0.006914607249200344, 0.007923110388219357, 0.018363889306783676, 0.04538685828447342, 0.014160463586449623, 0.03331775963306427, -0.04104326292872429, 0.008126874454319477, -0.01747252233326435, -0.0015762964030727744, 0.04822295531630516, -0.005662811920046806, 0.01159206498414278, 0.05651560053229332, -0.0002860341046471149, -0.015802228823304176, 0.03479647636413574, -0.010841437615454197, 0.010478707030415535, -0.046187710016965866, 0.036501817405223846, 0.04852421209216118, -0.04476043954491615, 0.02805718220770359, -0.02372395433485508, 0.016080273315310478, -0.04035399854183197, -0.016222653910517693, -0.0003857066622003913, -0.009477684274315834, 0.034770481288433075, 0.04584087058901787, -0.04001656919717789, -0.013179726898670197, -0.005198920611292124, 0.005611269269138575, 0.001930191763676703, 0.06084713339805603, -0.06755218654870987, 0.0030665192753076553, 0.022420484572649002, -0.01824396476149559, 0.02865585684776306, 0.02556033432483673, -0.0372299998998642, -0.03763880208134651, -0.029064208269119263, -0.04956943541765213, 0.02905120514333248, -0.026121066883206367, 0.027141567319631577, -0.0056090569123625755, 0.0005003570695407689, 0.006734844762831926, -0.0055153206922113895, 0.009361227042973042, 0.01892518810927868, 0.012555860914289951, -0.027079807594418526, 0.018944909796118736, 0.02556515857577324, 0.015203403308987617, 0.00286163785494864, 0.020300334319472313, 0.0049877227284014225, -0.0004917160840705037, -0.014965272508561611, 0.004218286834657192, 0.011401538737118244, -0.013019939884543419, 0.022449452430009842, -0.026779090985655785, -0.06262320280075073, 0.010551920160651207, 0.012713564559817314, -0.03285392001271248, -0.10772009938955307, 0.04232419654726982, 0.027657561004161835, 0.008069518953561783, -0.015719661489129066, 0.004042862914502621, -0.030891701579093933, 0.013754256069660187, -0.048225004225969315, -0.034517351537942886, -0.005198610480874777, 0.04313967376947403, 0.006940624210983515, 0.05533897131681442, 0.0032653387170284986, -0.01948731020092964, 0.0004086473782081157, 0.027026910334825516, 0.053836580365896225, 0.03990103676915169, 0.03761814534664154, -0.05755561217665672, -0.03328757733106613, -0.07356211543083191, -0.001833740621805191, -0.02832755260169506, -0.003811631118878722, -0.010684585198760033, -0.016942165791988373, 0.02724856324493885, 0.0022506359964609146, 0.0019114427268505096, 0.007174300495535135, 0.05595030263066292, -0.015248873271048069, 0.010578311048448086, 0.001307374332100153, -0.015610883943736553, -0.0009729365701787174, -0.046208228915929794, -0.015432765707373619, 0.01341705396771431, -0.04127384349703789, -0.007568075321614742, -0.06955297291278839, -0.005233581643551588, -0.0035802682396024466, -0.002163033466786146, 0.007089273072779179, -0.0017872038297355175, -0.0490138866007328, -0.03767360746860504, 0.0662558376789093, 0.0065787192434072495, 0.030643858015537262, -0.011936144903302193, 0.022235756739974022, -0.047836460173130035, 0.00641247071325779, 0.12288941442966461, -0.012350981123745441, 0.005120590794831514, 0.0700337141752243, -0.032580580562353134, 0.08385241031646729, 0.0131312794983387, -0.016593554988503456, -0.0008458637166768312, 0.012182699516415596, 0.03018421120941639, 0.012540079653263092, 0.047117799520492554, 0.01275220699608326, -0.023761674761772156, -0.0001255317183677107, -0.0002528067270759493, -0.036720868200063705, 0.02548234350979328, 0.021603047847747803, 0.03713761270046234, -0.0929236114025116, 0.01908545382320881, 0.021607909351587296, -0.015805069357156754, 0.05816536769270897, 0.04427587240934372, -0.011898042634129524, 0.01089785248041153, 0.006993135903030634, -0.007039239630103111, 0.0038824016228318214, -0.08016274869441986, -0.011258356273174286, -0.02987491339445114, 0.021830959245562553, -0.002103607403114438, 0.016032693907618523, 0.0076196822337806225, -0.01811983250081539, 0.04960978403687477, 0.025409746915102005, -0.0623803474009037, -0.010309151373803616, 0.020098896697163582, -0.002061479026451707, 0.030003072693943977, 0.049723945558071136, -0.030735349282622337, 0.011325105093419552, -0.023297296836972237, 0.02954918146133423, 0.018939096480607986, 0.013478294014930725, -0.03298602253198624, 0.018833886831998825, -0.0459233857691288, -0.03487159684300423, -0.006233205087482929, -0.029354767873883247, 0.019770951941609383, 0.01980091631412506, -0.03421947732567787, 0.008241845294833183, -0.017007138580083847, 0.034138042479753494, 0.020692501217126846, -0.0635068416595459, -0.003645309479907155, -0.02725234068930149, 0.01628829725086689, -0.016339797526597977, -0.0034364473540335894, -0.030911125242710114, -0.012478707358241081, 0.03842375800013542, -0.08292602747678757, -0.0313011072576046, -0.025980420410633087, -0.01043996773660183, -0.010046664625406265, -0.010470016859471798, -0.06196356192231178, 0.009299355559051037, -0.00988401472568512, -0.0014100744156166911, 0.017635773867368698, 0.05991094559431076, -0.0665036141872406, -0.03875194117426872, -0.025861602276563644, 0.003883624915033579, 0.06961554288864136, 0.020799634978175163, -0.0013179032830521464, 0.04641019180417061, 0.021866552531719208, -0.013612297363579273, -0.021728700026869774, 0.027196059003472328, -0.010485906153917313, -0.05157499015331268, -0.008002404123544693, -0.03897551819682121, 0.009450666606426239, -0.0012203858932480216, 0.006174743175506592, 0.015285316854715347, 0.024340279400348663, -0.011642944999039173, -0.01780146360397339, -0.011939694173634052, -0.011500449851155281, -0.04531324282288551, 0.03103535808622837, -0.005411473102867603, -0.007178810890763998, -0.008690884336829185, -0.01697630248963833, -0.03648386523127556, -0.07854945957660675, 0.03949618339538574, 0.008269770070910454, 0.057659558951854706, 0.004119007848203182, 0.06746551394462585, -0.03962128981947899, -0.03254767879843712, 0.008973252028226852, 0.012534750625491142, -0.01311935018748045, -0.029002051800489426, 0.01677064597606659, -0.055765531957149506, 0.0052442243322730064, 0.02996891178190708, -0.031201360747218132, -0.007843277417123318, -0.03787830099463463, -0.020081225782632828, 0.012147230096161366, -0.028454221785068512, -0.04222750663757324, 0.020344756543636322, 0.03142647072672844, 0.00913153775036335, -0.033197902143001556, -0.0012461966834962368, -0.005673851817846298, -0.00817505456507206, -0.03352808952331543, 0.051834966987371445, -0.022605331614613533, 0.002558376407250762, 0.0004988030414097011, -0.0231794361025095, -0.00012718973448500037, 0.01128403190523386, -0.003718823427334428, -0.014088966883718967, -0.00673202658072114, -0.02132687345147133, -0.03970247134566307, -0.0023724802304059267, 0.024236686527729034, 0.00332944025285542, 0.024902338162064552, 0.016994496807456017, -0.002914019860327244, -0.035832591354846954, 0.01878943108022213, -0.014645280316472054, -0.010407769121229649, 0.035875916481018066, 0.016681866720318794, 0.001341942697763443, -0.02704453282058239, -0.015588310547173023, -0.010758205316960812, -0.0296911783516407, -0.032930392771959305, 0.023296812549233437, -0.032536666840314865, 0.03743600845336914, 0.008557876572012901, -0.032774917781353, 0.025410158559679985, 0.024282241240143776, 0.027660895138978958, -0.014460805803537369, -0.05483713001012802, 0.0009352361084893346, -0.02620106004178524, -0.010310660116374493, -0.025585228577256203, 0.004415444098412991, -0.027165578678250313, -0.005339760333299637, 0.0035456600598990917, 0.02927158959209919, 0.039669428020715714, -0.013459967449307442, 0.02822018228471279, -0.12410886585712433, 0.0192818995565176, -0.0235494002699852, 0.018777020275592804, -0.00039317557821050286, 0.017128460109233856, -0.00215389602817595, -0.05367008224129677, 0.008588511496782303, -0.019526824355125427, -0.06051740050315857, -0.00846647098660469, 0.0047946590930223465, -0.024955660104751587, 0.027300506830215454, 0.0504654124379158, -0.01725291833281517, -0.010679643601179123, -0.042397983372211456, -0.000800249632447958, 0.011205152608454227, -0.004813333973288536, 0.029816389083862305, -0.0015615818556398153, -0.004055686295032501, 0.00741935521364212, -0.009261337108910084, 0.009272320196032524, -0.010309174656867981, 0.010855067521333694, -0.006268322002142668, -0.030800053849816322, -0.008910992182791233, 0.011418388225138187, 0.02030494436621666, -0.0032643352169543505, 0.019818415865302086, 0.005353459622710943, -0.0026786248199641705, 0.049136627465486526, 0.02113606594502926, 0.01897992566227913, -0.027178581804037094, -0.02786056324839592, 0.011528157629072666, 0.07157612591981888, -0.02805456519126892, -0.026359135285019875, -0.0224332083016634, -0.013881547376513481, 0.003727208124473691, 0.027983438223600388, 0.003184712026268244, -0.01088547520339489, 0.0022375781554728746, 0.0287290308624506, -0.020063798874616623, -0.013018273748457432, -0.025521118193864822, 0.02163875475525856, -0.02967299334704876, 0.004428561311215162, -0.023291639983654022, -0.028767477720975876, 0.007968206889927387, 0.052460622042417526, -0.067012719810009, 0.039450474083423615, 0.005025382153689861, -0.0046530780382454395, -0.006046222057193518, -0.09570680558681488, -0.04195042699575424, -0.02497119829058647, 0.0013389931991696358, 0.014281940646469593, 0.014715375378727913, -0.035521309822797775, -0.035356223583221436, 0.007828551344573498, -0.06879555433988571, -0.008904810063540936, -0.06708811968564987, 0.023728201165795326, 0.06944650411605835, 0.022909240797162056, -0.00999428704380989, -0.022948812693357468, -0.017885038629174232, -0.04688820615410805, -0.019431263208389282, -0.007987855933606625, -0.0011368432315066457, 0.01202035415917635, 0.015771236270666122, 0.011114018969237804, 0.032294515520334244, 0.029500223696231842, 0.01930472068488598, -0.03521859645843506, -0.061462946236133575, -0.030551912263035774, 0.025329148396849632, 0.024867825210094452, -0.018695008009672165, 0.03699041157960892, -0.0036168256774544716, 0.005417609121650457, -0.019458215683698654, -0.021026546135544777, -0.01710774376988411, -0.008404090069234371, -0.014482678845524788, 0.012776659801602364, -0.06287339329719543, -7.482370165234897e-06, -0.025296293199062347, -0.005538336466997862, 0.011781021021306515, 0.02271225117146969, 0.0013726454926654696, -0.01291482150554657, -0.0038643148727715015, -0.02138613350689411, 0.01352694258093834, -0.0060865008272230625, 0.030085045844316483, 0.0417296439409256, 0.014274551533162594, 0.01901651732623577, 0.016930682584643364, -0.0595368817448616, 0.005233914591372013, 0.0015252880984917283, 0.017439283430576324, -0.009482967667281628, -0.024259887635707855, 0.024318832904100418, -0.03924908861517906, 0.040311720222234726, -0.03145131096243858, -0.011922022327780724, 0.030008843168616295, -0.051583822816610336, -0.005398625507950783, 0.00207796529866755, 0.05384083464741707, 0.0037118345499038696, -0.004584293346852064, 0.020499808713793755, -0.012385431677103043, -0.023481955751776695, -0.025970080867409706, 0.012502862140536308, -0.04552704468369484, 0.00788818672299385, -0.032653242349624634, 0.04264753311872482, -0.04102327674627304, 0.04808041453361511, -0.01551084965467453, -0.046949636191129684, -0.01835530996322632, -0.0077141085639595985, 0.002623344073072076, -0.003676982130855322, -0.0014478935627266765, 0.009739981964230537, -0.01187610812485218, 0.014530493877828121, -0.016503436490893364, 0.061007581651210785, -0.02258184365928173, -0.012908154167234898, 0.015220179222524166, -0.02016928791999817, -0.0029021252412348986, 0.0028804258909076452, 0.04953254014253616, -0.011898952536284924, 0.06600834429264069, -0.024927014485001564, 0.021199669688940048, 0.01133155170828104, 0.029638567939400673, 0.0037246320862323046, 0.004103413783013821, 0.009318776428699493, 0.008545913733541965, -0.03309948742389679, -0.056666113436222076, -0.040639594197273254, 0.010948407463729382, -0.0007284132880158722, 0.0027962869498878717, -0.021077552810311317, 0.005224368069320917, -0.030830876901745796, 0.021463381126523018, 0.07457829266786575, 0.026616260409355164, -0.003919013310223818, 0.051917001605033875, -0.03668186441063881, -0.02401345781981945, 0.032685767859220505, -0.007139003835618496, 0.029383767396211624, 0.005958236753940582, 0.05362069234251976, -0.01921110972762108, -0.013317459262907505, 0.02478494495153427, -0.0016131619922816753, -0.020444776862859726, -0.019328178837895393, 0.014643288217484951, 0.023053428158164024, 0.01707715354859829, -0.02350548841059208, 0.06847792863845825, 0.02551836334168911, 0.018765268847346306, -0.06181292235851288, -0.024856988340616226, 0.004621891770511866, 0.027927344664931297, 0.029671622440218925, -0.00633110199123621, 0.038026366382837296, -0.03514811769127846, 0.023158220574259758, -0.027277419343590736, 0.00837109237909317, 0.011189643293619156, 0.024730021134018898, -0.038438212126493454, 0.029771333560347557, -0.05429331958293915, 0.006498480215668678, 0.040716033428907394, 0.03179429471492767, -0.01325936522334814, 0.03707243874669075]",,
15_1_0_errors_no_head_element_mdx_section_2,section,15_1_0_errors_no_head_element_mdx,No Head Element - Why This Error Occurred,,{},15.1.0,"A `` element was used to include page-level metadata, but this can cause unexpected behavior in a Next.js application. Use Next.js' built-in `` component instead.
",,"[(np.int64(438), np.float64(0.16457875072956085)), (np.int64(3293), np.float64(0.10765555500984192)), (np.int64(44084), np.float64(0.07668301463127136)), (np.int64(44816), np.float64(0.2801503539085388)), (np.int64(48325), np.float64(0.2651914954185486)), (np.int64(64240), np.float64(0.04144202172756195)), (np.int64(212059), np.float64(0.2345256209373474))]","[-0.0362447090446949, -0.007546750362962484, -0.05051663517951965, 0.04336841404438019, -0.019086375832557678, 0.00784191582351923, 0.014016690663993359, 0.04048924520611763, -0.01707918755710125, 0.0062130591832101345, 0.020356550812721252, 0.011571819894015789, 0.00642525777220726, -0.01532442681491375, -0.028617488220334053, 0.019756438210606575, -0.0005170533549971879, 0.024785269051790237, 0.03034272976219654, -0.0028171585872769356, -0.017505083233118057, -0.02462831884622574, 0.004435292445123196, 0.02753255143761635, -0.008809330873191357, 0.015698818489909172, 0.00595227163285017, -0.0028449958190321922, 0.007560571655631065, 0.042152684181928635, 0.014723504893481731, -0.025252651423215866, 0.033361565321683884, 0.029513930901885033, -0.01937675103545189, -0.05001403018832207, -0.01941613107919693, 0.02463988959789276, -0.03290386125445366, 0.031487710773944855, 0.00402291351929307, -0.007612057961523533, 0.012475698255002499, -0.022321274504065514, 0.015122095122933388, -0.013239934109151363, -0.008943712338805199, -0.023736173287034035, 0.031203899532556534, 0.0032714379485696554, 0.0024785599671304226, 0.00041266842163167894, 0.020945750176906586, -0.044641993939876556, 0.05331568047404289, -0.004180894698947668, -0.022866839542984962, -0.05508876219391823, -0.036366671323776245, 0.017382314428687096, -0.01889985054731369, -0.0065622529946267605, -0.02504766546189785, -0.0012994088465347886, 0.009511024691164494, 0.07371264696121216, -0.01657160185277462, 0.0043153343722224236, -0.03963806480169296, -0.045733530074357986, 0.003765236819162965, 0.026660701259970665, -0.011238365434110165, -0.021320339292287827, 0.022343670949339867, 0.03068518079817295, 0.019520414993166924, -0.043050169944763184, -0.02092103473842144, 0.023169292137026787, 0.019258322194218636, -0.03356492891907692, -0.009214309975504875, -0.006983294151723385, 0.03778458386659622, 0.03273559734225273, -0.04370434582233429, 0.012621847912669182, 0.013368697836995125, 0.0014809223357588053, 0.0023470702581107616, -0.03218536451458931, 0.0923660472035408, -0.00911124236881733, -0.01545755472034216, 0.02496967650949955, -0.002233552746474743, 0.012292491272091866, 0.06960447877645493, -0.05083661153912544, -0.03331594914197922, -0.008866654708981514, -0.0018259002827107906, -0.017265817150473595, 0.037438031286001205, 0.02725990302860737, 0.03491155430674553, 0.01739501953125, 0.035600148141384125, -0.008748471736907959, 0.026684707030653954, 0.021394623443484306, 0.020679716020822525, 0.01978752762079239, 0.00240173633210361, -0.01296230684965849, -0.0034767950419336557, -0.018549354746937752, 0.02793624997138977, -0.03015330620110035, 0.07706921547651291, 0.03835861384868622, 0.005429125390946865, -0.037013765424489975, 0.04821023344993591, -0.009912002831697464, -0.050277017056941986, 0.038987722247838974, -0.03897905349731445, 0.01992890052497387, 0.0035185872111469507, -0.0005487205926328897, 0.002030332339927554, 0.0019389429362490773, -0.08370643854141235, 0.008967622183263302, 0.009340226650238037, 0.02497127465903759, 0.03744359686970711, -0.06471498310565948, 0.03739034757018089, -0.02063450776040554, -0.012221140787005424, -0.027682185173034668, 0.011921113356947899, -0.01194090023636818, 0.026270931586623192, -0.0060076299123466015, 0.0070732953026890755, -0.045622967183589935, -0.019260624423623085, 0.028167085722088814, 0.009518986567854881, -0.02213134430348873, -0.010472080670297146, -0.017867280170321465, -0.005618090741336346, -0.01255822367966175, -0.006072493735700846, 0.0170444343239069, 0.006073283962905407, -0.011983941309154034, -0.03893313556909561, 0.014714363031089306, 0.02904292196035385, 0.0014640303561463952, 0.004793110303580761, -0.0019604102708399296, -0.03092127852141857, -0.05108269676566124, 0.0038119391538202763, 0.010156789794564247, 0.05142882466316223, -0.010069366544485092, 0.029411442577838898, 0.03857274726033211, 0.04512600228190422, 0.012662243098020554, -0.016071228310465813, 0.0035090174060314894, -0.038893964141607285, 0.0005424410337582231, 0.007693595718592405, -0.016394855454564095, -0.0393638089299202, 0.0027184253558516502, -0.008286992087960243, -0.017413703724741936, -0.01858772337436676, 0.015712784603238106, -0.05375947430729866, -0.029910456389188766, 0.05749613791704178, 0.0019306147005409002, 0.020004646852612495, 0.01948874071240425, -0.007147758733481169, -0.005579938646405935, -0.0015060827136039734, 0.018541933968663216, -0.016271991655230522, -0.003941594623029232, 0.008066085167229176, -0.027248891070485115, -0.03231364116072655, 0.013933910988271236, -0.017239615321159363, -0.07148686051368713, 0.011436061933636665, 0.009173196740448475, 0.04857301339507103, 0.009249700233340263, -0.026990335434675217, -0.035375483334064484, -0.05434843525290489, -0.016762327402830124, -0.0030590456444770098, 0.009171886369585991, -0.021874723955988884, -0.05925963819026947, -0.04003685340285301, -0.015199817717075348, -0.012614435516297817, 0.013715683482587337, -0.010284794494509697, 0.021632570773363113, 0.015674345195293427, 0.00767500139772892, 0.032608043402433395, 0.01210991945117712, -0.002795384032651782, 0.006703500635921955, 0.05032283440232277, -0.015653004869818687, 0.04373347759246826, -0.048980627208948135, 0.01259911060333252, 0.04250617325305939, 0.0004208530008327216, -0.0024116274435073137, -0.006564881652593613, -0.018169116228818893, 6.225209654076025e-05, 0.029790110886096954, -0.020107878372073174, -0.02913067862391472, 0.019991092383861542, 0.06331492215394974, -0.03782925754785538, -0.0022438715677708387, 0.03274312987923622, 0.017140571027994156, -0.04142254218459129, -0.001578942988999188, 0.015980388969182968, -0.011466102674603462, 0.01225503534078598, -0.01088002324104309, -0.00943206436932087, -0.0021043606102466583, 0.029886892065405846, 0.040800657123327255, -0.03210049122571945, 0.006498060189187527, -0.002733703935518861, -0.015959905460476875, -0.004589283838868141, -0.013707531616091728, 0.016338087618350983, -0.007333665620535612, -0.052863024175167084, -0.008432699367403984, -0.00421429006382823, -0.0004593761987052858, -0.007669204846024513, 0.06769388169050217, -0.031568072736263275, -0.011633719317615032, 0.0725826844573021, 0.0155418049544096, -0.04310264438390732, 0.06330379843711853, 0.05323323607444763, 0.011386338621377945, 0.053637322038412094, -0.022990122437477112, -0.016837047412991524, 0.0003231382870581001, -0.009114190936088562, 0.0050262571312487125, 0.033871304243803024, 0.015087972395122051, 0.053762126713991165, 0.0032813912257552147, -0.03428959846496582, -0.02041899785399437, 0.02344731241464615, -0.14475734531879425, -0.016629688441753387, 0.04003390669822693, -0.02152210660278797, 0.03128402307629585, 0.02983364462852478, -0.03522435575723648, -0.021286267787218094, 0.012426239438354969, 0.04580868408083916, -0.026873154565691948, -0.061328765004873276, 0.019515063613653183, -0.027072234079241753, -0.014639885164797306, 0.029150575399398804, -0.001655739382840693, -0.003983926028013229, 0.04453675448894501, -0.04465257748961449, -0.006338890641927719, -0.023422453552484512, 0.030162064358592033, -0.029439125210046768, 0.031394436955451965, -0.03223591297864914, 0.056127067655324936, 0.009353367611765862, -0.04218610003590584, -0.004690314177423716, -0.02818971313536167, 0.020100275054574013, -0.0038194747176021338, 0.025597872212529182, 0.016487564891576767, 0.03290731832385063, 0.029267070814967155, 0.02341899834573269, -0.04647132009267807, -0.033196721225976944, 0.06074787676334381, -0.008065306581556797, -0.03985736891627312, -0.00041310529923066497, 0.021919282153248787, -0.06761282682418823, 0.007813159376382828, -0.038483332842588425, -0.0420430526137352, 0.022774910554289818, 0.030976517125964165, -0.0020113266073167324, -0.017638826742768288, -0.0534319207072258, -0.02954811044037342, -7.956128683872521e-05, 0.020275995135307312, 0.01841999962925911, -0.0031992767471820116, 0.01875363290309906, -0.01518647838383913, -0.02099335938692093, 0.043294135481119156, -0.015068395994603634, -0.04784620553255081, -0.041424114257097244, 0.05214599892497063, -0.026986930519342422, 0.06450362503528595, -0.056214697659015656, 0.01742829568684101, -0.018521485850214958, 0.028272872790694237, 0.006815774831920862, -0.033934950828552246, 0.03217105194926262, -0.0035861851647496223, -0.004853721242398024, -0.00957602821290493, -0.08359546959400177, -0.0009045764454640448, -0.003364174161106348, -0.002084271050989628, 0.05202886462211609, -0.03405157849192619, -0.013498621061444283, -0.0014270658139139414, -0.04189357906579971, 0.004765782039612532, 0.2348320484161377, 0.051261551678180695, 0.012903735972940922, 0.044430822134017944, 0.022005725651979446, -0.03786403313279152, 0.011037458665668964, 0.04563184827566147, 0.035664152354002, -0.03298341482877731, -0.008180426433682442, -0.018693938851356506, -0.007609100546687841, -0.044798094779253006, 0.038558948785066605, 0.010721935890614986, -0.048963915556669235, 0.039140619337558746, 0.0815279558300972, -0.04338269308209419, 0.037608154118061066, -0.015337816439568996, 0.04844553768634796, 0.019063696265220642, -0.08612020313739777, 0.012024587020277977, -0.012797703966498375, -0.06665726751089096, -0.00717640295624733, -0.001390886027365923, -0.03457598015666008, 0.035351142287254333, 0.04449647292494774, -0.07948121428489685, 0.017100201919674873, -0.05937603488564491, -0.0012509124353528023, 0.0020861567463725805, -0.002110463799908757, 0.01738615520298481, -0.017002195119857788, 0.017667220905423164, 0.004702148959040642, 0.035545919090509415, -0.00851364340633154, -0.020199604332447052, 0.004532286897301674, -0.055738791823387146, -0.014187012799084187, 0.005223304033279419, 0.0023771594278514385, -0.012015598826110363, -0.016634877771139145, -0.007184086833149195, 0.005949309095740318, -0.015302256681025028, 0.001177909318357706, 0.026126623153686523, 0.0212562195956707, 0.04195771738886833, 0.009949401952326298, 0.03523547574877739, -0.04027317091822624, 0.0044120666570961475, -0.001605552970431745, 0.0013443229254335165, 0.03780358284711838, -0.04574088752269745, 0.015207519754767418, 0.03217368572950363, -0.03319808468222618, 0.0010303257731720805, 0.01090548001229763, 0.01329762302339077, 0.040910325944423676, -0.022979475557804108, 0.0390450693666935, 0.0773148387670517, -0.01767001673579216, 0.026047365739941597, -0.028358012437820435, -0.01462024636566639, -0.029264936223626137, 0.016927441582083702, 0.007445711176842451, -0.020301176235079765, 0.025246528908610344, 0.04598553851246834, -0.043302908539772034, -0.03685903549194336, -0.007726010866463184, 0.014489271678030491, 0.02214834839105606, 0.020612530410289764, -0.05482779070734978, 0.0030779207590967417, 0.009855479001998901, -0.02661888860166073, 0.02164204977452755, 0.020575562492012978, -0.057899560779333115, -0.014143348671495914, -0.019637558609247208, -0.032115355134010315, 0.021032756194472313, -0.027889562770724297, 0.011522621847689152, -0.003883217927068472, 0.012252199463546276, -0.009595613926649094, 0.0026209340430796146, 0.014412060379981995, -0.007431955076754093, -0.00012330544996075332, -0.03469356149435043, 0.04542630538344383, 0.0005999063141644001, 0.023249834775924683, 0.026259802281856537, 0.034969013184309006, 0.0026663511525839567, -0.03257299214601517, -0.006383891217410564, -0.018260404467582703, -0.039666883647441864, -0.021604755893349648, -0.009012579917907715, -0.010196208953857422, -0.04650985077023506, -0.02991577796638012, 0.029644133523106575, -0.04301256686449051, -0.09588949382305145, 0.0269858967512846, 0.0473354272544384, -0.004571809899061918, 0.003322967328131199, 0.00832351017743349, -0.0022035378497093916, 0.022526919841766357, -0.06602026522159576, -0.04578235372900963, -0.023396005854010582, 0.020413897931575775, -0.012425598688423634, 0.01214757189154625, -0.026941264048218727, 0.001287433784455061, 0.022190412506461143, 0.04671924188733101, 0.09934552758932114, 0.04919591546058655, 0.0014258089940994978, -0.0417105071246624, -0.02977154217660427, -0.04781044274568558, -0.004863050300627947, 0.004563143011182547, -0.037233978509902954, -0.007654533255845308, 0.0016222369158640504, 0.003326611127704382, 0.02833605743944645, 0.013336175121366978, 0.0067271883599460125, 0.049751244485378265, -0.015581075102090836, 0.024621611461043358, -0.004389060661196709, -0.010696396231651306, 0.005445137619972229, -0.034666694700717926, -0.02551177702844143, 0.02998894825577736, -0.029466262087225914, 0.02400881052017212, -0.07625655084848404, 0.0009629777050577104, -0.04393225908279419, 0.0035293083637952805, 0.001442256267182529, -0.01900445483624935, -0.028467809781432152, -0.021642426028847694, 0.061342619359493256, -0.0012858716072514653, 0.009894540533423424, -0.021839141845703125, -0.00031172731542028487, -0.02673281356692314, 0.01575062796473503, 0.13414566218852997, -0.024463655427098274, -0.013300152495503426, 0.05208783224225044, -0.031141692772507668, 0.06827547401189804, 0.016589846462011337, -0.02959921397268772, 0.002923741936683655, -0.009024799801409245, 0.02406872808933258, 0.01811285875737667, 0.03839191049337387, 0.016105489805340767, -0.03168923407793045, -0.025354858487844467, 0.0024052716325968504, -0.03301679342985153, 0.002363841515034437, 0.006178426556289196, 0.03435663506388664, -0.0912351906299591, -0.007977064698934555, 0.0418226420879364, -0.015776099637150764, 0.040946438908576965, 0.024723270907998085, -0.004349695518612862, -0.012893742881715298, -0.033912207931280136, -0.02525046467781067, 0.0032744219060987234, -0.04057023301720619, 0.002679022727534175, -0.021442793309688568, 0.04224604368209839, 0.003222885774448514, 0.04045075923204422, 0.01260734349489212, -0.012138072401285172, 0.061637844890356064, -0.026941033080220222, -0.05027833953499794, -0.028375020250678062, 0.024156341329216957, 0.009314712136983871, 0.03369884192943573, 0.007493430748581886, -0.04378682002425194, -0.024951672181487083, -0.03985823690891266, 0.05634607374668121, 0.028935324400663376, 0.015025584027171135, -0.026531312614679337, -0.022476626560091972, -0.05611354485154152, -0.005024295765906572, 0.007951981388032436, -0.008555212989449501, 0.030962247401475906, -0.02153645269572735, -0.03068966418504715, 0.025338314473628998, -0.04269316792488098, 0.04297533258795738, -0.0025282190181314945, -0.05666105076670647, -0.03483109921216965, -0.01386274490505457, 0.027281958609819412, -0.005857586860656738, -0.014587673358619213, 0.0032243910245597363, -0.017661869525909424, 0.051894139498472214, -0.07243744283914566, -0.025507912039756775, -0.010923377238214016, -0.011184293776750565, -0.01730365864932537, -0.026930367574095726, -0.03690698370337486, 0.0008549745543859899, 0.007074909284710884, -0.03902285918593407, 0.0020522386766970158, 0.03873378410935402, -0.03737111762166023, -0.03885701671242714, -0.020519929006695747, -0.02052639052271843, 0.058783598244190216, -0.008142653852701187, 0.019061515107750893, 0.04032449796795845, 0.031547751277685165, 0.010255645960569382, -0.0578567273914814, 0.026306234300136566, -0.004992831964045763, -0.052300047129392624, 0.001971280900761485, -0.02196730114519596, 0.02156616933643818, -0.025143921375274658, 0.04034438356757164, 0.011669018305838108, 0.029633045196533203, -0.010496104136109352, -0.009226269088685513, 0.007557347882539034, -0.008583196438848972, -0.04647666588425636, 0.03735297545790672, 0.0028955647721886635, -0.016006866469979286, 0.0188693068921566, -0.003068244783207774, -0.03837823122739792, -0.07025130093097687, 0.022621333599090576, 0.04280901327729225, 0.0456877164542675, 0.004140662029385567, 0.06154939904808998, -0.014974662102758884, -0.016737261787056923, 0.007104638963937759, -0.024515386670827866, 0.012991093099117279, -0.009889906272292137, 0.006983064580708742, -0.05276668071746826, 0.024108029901981354, 0.03166414797306061, -0.024994047358632088, -0.028299294412136078, -0.01201190147548914, -0.027560658752918243, -0.013511063531041145, -0.03790281340479851, -0.033236656337976456, 0.021403247490525246, 0.02133958600461483, 0.005544612649828196, -0.04547959193587303, 0.016013260930776596, 0.04057477042078972, -0.012026629410684109, -0.06902243942022324, 0.0258162971585989, 0.009828051552176476, -0.0031250512693077326, -0.013413798063993454, -0.006347369868308306, 0.011136754415929317, 0.010999723337590694, 0.001067986711859703, 0.00623349379748106, 0.005425531417131424, -0.019724320620298386, -0.031901467591524124, -0.01953982003033161, 0.00693947309628129, -0.010739113204181194, 0.014883292838931084, 0.014488969929516315, 0.03391963243484497, -0.018681911751627922, 0.019912226125597954, -0.04134194552898407, -0.004192335065454245, 0.03704634681344032, 0.031515661627054214, 0.0431208461523056, -0.005568770691752434, 0.00423084944486618, -0.016828222200274467, -0.018522564321756363, -0.017143739387392998, 0.021964212879538536, -0.017414052039384842, 0.02867170423269272, 0.02460286021232605, -0.026457741856575012, 0.03639163449406624, 0.02668732777237892, 0.027091342955827713, -0.027086665853857994, -0.04671258479356766, 0.011673207394778728, -0.028186453506350517, 0.0056940652430057526, -0.004565964452922344, 0.003959180787205696, -0.030227361246943474, 0.010145371779799461, 0.04539891332387924, 0.0016845172503963113, 0.01101471297442913, -0.024610184133052826, 0.02105460874736309, -0.1508813202381134, 0.01386956125497818, -0.019724272191524506, 0.013462615199387074, -0.016948450356721878, -0.0018229108536615968, 0.010217721574008465, -0.034455303102731705, 0.021581467241048813, -0.0470692403614521, -0.03811705484986305, -0.029470883309841156, 0.03481224179267883, -0.03605670854449272, -0.015082723461091518, 0.033737361431121826, -0.0007950111175887287, -0.04244650900363922, -0.012868350371718407, 0.008760951459407806, 0.028757037594914436, -0.003045483259484172, -0.004395407158881426, 0.003050070721656084, -0.02928171120584011, -0.007581006269901991, -0.03575204685330391, -0.0033924563322216272, -0.003976782318204641, -0.0034698413219302893, -0.0173080712556839, -0.0036580441519618034, 0.013972420245409012, 0.013642319478094578, 0.021425966173410416, -0.01425589807331562, 0.014832763932645321, -0.006752978544682264, -0.014380373060703278, 0.045576997101306915, 0.019230905920267105, 0.026664024218916893, -0.021466916427016258, 0.0014538279501721263, 0.043497029691934586, 0.027423594146966934, -0.019083483144640923, -0.029112759977579117, -0.043049659579992294, 0.014726017601788044, -0.010104450397193432, 0.016154291108250618, -0.011304629035294056, 0.007278480567038059, -0.012025585398077965, 0.008982040919363499, -0.003391688922420144, -0.024023590609431267, -0.04382907599210739, 0.03797656670212746, -0.03196633607149124, 0.014654546044766903, -0.014513780362904072, -0.013770142570137978, -0.010805248282849789, 0.05375077202916145, -0.051190540194511414, 0.004622404929250479, 0.004519160371273756, 0.019901029765605927, -0.05643220990896225, -0.04359614849090576, -0.029190490022301674, -0.0471249558031559, -0.008408141322433949, 0.016223128885030746, 0.026472723111510277, -0.01438039168715477, -0.012274743989109993, 0.003962331917136908, -0.06312107294797897, 0.01053113304078579, -0.06033036857843399, 0.02771773375570774, 0.047300029546022415, -0.002724184188991785, -0.01596849225461483, 0.0007242427091114223, -0.012768431566655636, -0.027715949341654778, -0.01984092965722084, -0.01188230887055397, -0.009157140739262104, -0.009206058457493782, -0.011274213902652264, 0.027566036209464073, 0.009766485542058945, 0.04863206669688225, 0.010111384093761444, -0.04356231167912483, -0.050069741904735565, -0.02743576653301716, 0.006559041328728199, 0.031004101037979126, -0.02738938480615616, 0.0048249452374875546, 0.009600268676877022, 0.019985003396868706, -0.029034750536084175, -0.008677531965076923, -0.014374053105711937, -0.00775831239297986, -0.012845407240092754, -0.024148467928171158, -0.04010116681456566, -0.004606097005307674, 0.02159569412469864, -0.02124161273241043, -0.022719763219356537, 0.04102134704589844, 0.00020683719776570797, -0.01544747594743967, 0.024342656135559082, -0.0438394658267498, 0.018155956640839577, 0.0076744044199585915, 0.02428540587425232, 0.03620780631899834, -0.005904354155063629, 0.019216185435652733, 0.033859431743621826, -0.028589362278580666, 0.004184134770184755, 0.021243425086140633, 0.04473990574479103, -0.007741919253021479, -0.032544493675231934, 0.0415349081158638, -0.06647102534770966, 0.00931538362056017, -0.036082636564970016, -0.02501005306839943, 0.024701453745365143, -0.039297886192798615, 0.015440291725099087, -0.010028926655650139, 0.04756889492273331, -0.005074871703982353, 0.011615728959441185, 0.01905892789363861, -0.04481207951903343, -0.018820496276021004, -0.01801474392414093, 0.01526967715471983, -0.052172403782606125, 0.02371002361178398, -0.018816843628883362, 0.03428904712200165, -0.028718389570713043, 0.03820883110165596, -4.091726623300929e-06, -0.048658337444067, -0.01924959570169449, -0.028374889865517616, 0.018594015389680862, -0.008152803406119347, 0.0046892836689949036, 0.0028679801616817713, 0.007607750594615936, 0.02093401551246643, -0.02238718792796135, 0.05342944338917732, -0.011496718041598797, -0.013070521876215935, -0.001171703333966434, -0.007834083400666714, 0.003245704108849168, -0.044160645455121994, 0.04301964491605759, 0.0039947619661688805, 0.06336039304733276, -0.0431576631963253, 0.054411184042692184, 0.007051810622215271, 0.025194495916366577, 0.005223545711487532, -0.0003633819578681141, 0.029107464477419853, 0.019055811688303947, -0.024876944720745087, -0.05339270830154419, -0.025534208863973618, -0.016467124223709106, -0.027552541345357895, 0.022155292332172394, 0.0010618793312460184, -0.004487981554120779, 0.006562648806720972, 0.017612386494874954, 0.06696701049804688, 0.023185312747955322, 0.011874956078827381, 0.04701975733041763, -0.03472588211297989, 0.003061512019485235, 0.01703876256942749, -0.00796180684119463, 0.019001547247171402, 0.007981023751199245, 0.047088488936424255, -0.010023271664977074, 0.01007857732474804, 0.03749089688062668, 0.011187760159373283, -0.03467372804880142, -0.03881043568253517, 0.0321151427924633, 0.00502085592597723, 0.056689050048589706, -0.012715867720544338, 0.054420873522758484, 0.026184391230344772, 0.03281352296471596, -0.05021953955292702, -0.04998656362295151, 0.007684372831135988, 0.008080548606812954, 0.011189214885234833, -0.002756197936832905, 0.018108678981661797, -0.0030743246898055077, 0.013429522514343262, -0.007324869744479656, 0.03927372395992279, -0.0047251940704882145, 0.0567869208753109, -0.021038252860307693, 0.04712870717048645, -0.03632429987192154, -0.01742488518357277, 0.03613538295030594, 0.028530148789286613, -0.04212138056755066, 0.036380939185619354]",,
15_1_0_errors_no_head_element_mdx_section_3,section,15_1_0_errors_no_head_element_mdx,No Head Element - Possible Ways to Fix It,,{},15.1.0,"Import and use the `` component:
",,"[(np.int64(47), np.float64(0.010645441710948944)), (np.int64(438), np.float64(0.1843114197254181)), (np.int64(1650), np.float64(0.034780800342559814)), (np.int64(2661), np.float64(0.04084508866071701)), (np.int64(42261), np.float64(0.07206270098686218)), (np.int64(44816), np.float64(0.2822977900505066)), (np.int64(48325), np.float64(0.2812327742576599)), (np.int64(96746), np.float64(0.17328056693077087)), (np.int64(115861), np.float64(0.09027698636054993))]","[0.0026518504600971937, 0.00021212667343206704, -0.026956729590892792, 0.054690394550561905, -0.0011337257456034422, -0.032568030059337616, 0.06606511771678925, 0.01299118809401989, 0.003647981910035014, 0.023620346561074257, 0.02496662735939026, 0.019452586770057678, -0.015261280350387096, -0.016839701682329178, 0.010565873235464096, 0.009382749907672405, 0.00851076003164053, 0.024125361815094948, 0.018495293334126472, -0.04931267350912094, -0.008569656871259212, -0.02659175544977188, -0.004006159491837025, 0.002739095827564597, 0.007010759320110083, 0.015898283571004868, 0.017334388568997383, -0.02370637282729149, 0.032670825719833374, 0.02566748671233654, 0.01731407456099987, -0.0062496899627149105, -0.028425099328160286, -0.013449638150632381, -0.010902885347604752, 0.012879133224487305, -0.008364108391106129, 0.027471525594592094, -0.06054070219397545, 0.01778852380812168, -0.029043084010481834, -0.047010015696287155, 0.0019545790273696184, -0.054945170879364014, 0.006504992488771677, -0.01822536624968052, 0.008906029164791107, -0.03411569818854332, -0.024209482595324516, 0.0301903635263443, -0.007261034566909075, 0.021882258355617523, 0.017049409449100494, -0.04642404988408089, 0.06474314630031586, -0.003137169871479273, -0.06201234087347984, -0.007078970782458782, -0.05822017416357994, 0.0068463669158518314, -0.02959529496729374, 0.015460238792002201, -0.03862156346440315, 0.05651041865348816, -0.00570316705852747, 0.09481779485940933, -0.00795752089470625, -0.002236495027318597, -0.013272399082779884, -0.024099329486489296, -0.029176974669098854, 0.010941131971776485, -0.04637550562620163, -0.008959287777543068, -0.04268798232078552, 0.05497698485851288, 0.07115989923477173, -0.019136331975460052, -0.02568289451301098, 0.03373493626713753, -0.004798683803528547, -0.03867674618959427, 0.011552756652235985, 0.020009178668260574, 0.017582857981324196, 0.0008447312866337597, -0.02187417633831501, 0.020268617197871208, -0.033529993146657944, 0.004964180290699005, -0.053879790008068085, -0.054656580090522766, 0.03836503252387047, -0.016003204509615898, -0.026810219511389732, 0.019954131916165352, 0.017054183408617973, 0.011583911255002022, 0.009513619355857372, -0.009119459427893162, -0.0007094239117577672, 0.018495405092835426, -0.01033240556716919, 0.0031867336947470903, 0.0803370475769043, -0.0036774296313524246, 0.005654592532664537, 0.05480122193694115, 0.016876937821507454, -0.02175947092473507, 0.004634086508303881, 0.03632603585720062, -0.016537148505449295, 0.012885380536317825, 0.005549256224185228, -0.02939647063612938, 0.00447360472753644, -0.04595039412379265, 0.031660500913858414, -0.013717429712414742, 0.05416076257824898, -0.004347528330981731, 0.009122042916715145, -0.019702855497598648, 0.0707441195845604, 0.0035018143244087696, 0.008363412693142891, 0.03669136017560959, -0.0036007568705826998, 0.029401659965515137, 0.023631691932678223, 0.05226750671863556, 0.005641011521220207, -0.01247642282396555, 0.0014674707781523466, -0.008055358193814754, 0.026865174993872643, -0.016145018860697746, -0.009809545241296291, -0.04419688507914543, -0.0004520307993516326, -0.00992556568235159, -0.0023863890673965216, -0.043822016566991806, -0.0015161959454417229, -0.030599523335695267, 0.009042316116392612, 0.00724365096539259, 0.013981773518025875, -0.033661387860774994, 0.0037346675526350737, 0.04874466732144356, 0.03226844593882561, -0.04696081206202507, 0.042122140526771545, -0.06937256455421448, -0.011888089589774609, 0.06012938544154167, 0.013952658511698246, 0.01648668758571148, -0.023303894326090813, -0.0030431640334427357, 0.018958687782287598, 0.020796502009034157, 0.0161599088460207, -0.018051518127322197, 0.03719170391559601, 0.005505601409822702, -0.0003164338122587651, -0.02681460604071617, -0.0004020666528958827, 0.009672085754573345, -0.019579892978072166, -0.007953050546348095, 0.05247582122683525, 0.04545676335692406, 0.010032988153398037, 0.005843182094395161, -0.009432531893253326, -0.01927821710705757, 0.003236845601350069, 0.007023259066045284, -0.03452351689338684, 0.016084987670183182, -0.02780301496386528, -0.0013608355075120926, 0.02658764086663723, -0.020040275529026985, -0.006439802702516317, 0.07345206290483475, -0.0229143388569355, 0.012984175235033035, 0.0333988182246685, 0.007057304959744215, 0.02405102737247944, 0.0313386507332325, -0.005789855029433966, -0.022421089932322502, -0.01918892189860344, -0.018132906407117844, -0.00929285865277052, 0.012709447182714939, 0.026028286665678024, -0.016297388821840286, 0.0038158262614160776, 0.002602989785373211, -0.011359498836100101, -0.05313446372747421, 0.0030767510179430246, 0.004506575874984264, 0.019638653844594955, -0.010271181352436543, -0.00672994926571846, -0.019562259316444397, -0.028068020939826965, -0.0007080112700350583, -0.004713086411356926, -0.004261547699570656, -0.02833220362663269, -0.08122297376394272, -0.05053463578224182, -0.029979337006807327, 0.017257066443562508, 0.06917109340429306, -0.01640111580491066, -0.05377976968884468, 0.06779724359512329, -0.006216308567672968, 0.03405707702040672, -0.008355177007615566, -0.01693492941558361, -0.05164371803402901, -0.005485063884407282, 0.006303571630269289, 0.022197604179382324, -0.02405005693435669, -0.014144815504550934, 0.0002642325998749584, 0.027057277038693428, -0.004199792165309191, -0.023902449756860733, 0.049232788383960724, 0.03348296508193016, 0.02763395570218563, -0.03769538924098015, -0.0346219427883625, 0.0006769854226149619, 0.02254057116806507, -0.023823615163564682, -0.04816583916544914, 0.008545122109353542, 0.001332818646915257, -0.053342778235673904, 0.03582661598920822, -0.008111247792840004, 0.01985827088356018, 0.02156301587820053, 0.006414999254047871, -0.02901330403983593, 0.006628396455198526, 0.04463406279683113, 0.03548122197389603, -0.0066261994652450085, 0.029516326263546944, 0.005941137205809355, -0.012584978714585304, -0.01326526328921318, -0.034348368644714355, 0.037412554025650024, 0.008907096460461617, -0.00117738067638129, -0.014794725924730301, 0.007311019580811262, -0.00431246729567647, -0.01172619964927435, 0.08378879725933075, -0.040152546018362045, -0.03823439031839371, 0.08739478141069412, 0.009880434721708298, -0.012891302816569805, 0.058728352189064026, 0.04144958779215813, -0.03260296583175659, 0.034634336829185486, -0.029167935252189636, 0.002775239758193493, -0.0038262594025582075, -0.05178878828883171, -0.04049992561340332, -0.050797414034605026, -0.01622898504137993, 0.06421079486608505, -0.021279826760292053, -0.038312237709760666, -0.0008564401650801301, -0.0019776546396315098, -0.15940141677856445, -0.019339989870786667, -0.017040032893419266, 0.04252595081925392, 0.016513288021087646, 0.0017621266888454556, -0.04855625703930855, -0.01717483624815941, 0.02046610787510872, 0.014299862086772919, 0.005538478028029203, -0.0707237720489502, 0.020144902169704437, -0.03226843103766441, -0.01291724480688572, -0.01644093357026577, -0.027667704969644547, -0.001604297780431807, -0.0008869885350577533, -0.026560723781585693, 0.0025353527162224054, -0.04093528538942337, 0.05567515641450882, 0.01217217743396759, 0.05540299043059349, 0.003550875000655651, 0.02787814661860466, 0.007393294014036655, -0.03389640897512436, -0.005155018996447325, -0.04392773285508156, 0.0073720370419323444, 0.0019810122903436422, 0.05660327151417732, 0.01704677939414978, 0.04692988842725754, 0.04573814570903778, 0.029875170439481735, -0.034585628658533096, -0.019004592671990395, 0.02993249148130417, -0.019061950966715813, -0.01632603257894516, 0.02710096724331379, 0.0139943677932024, -0.06912238895893097, -0.00044134617201052606, -0.04668452590703964, -0.05198243632912636, 0.003953431732952595, 0.0024429992772638798, -0.046633731573820114, -0.0187371876090765, -0.013177696615457535, -0.05021702125668526, 0.0031448130030184984, -0.0267331525683403, 0.021262217313051224, 0.005868374370038509, 0.03002069517970085, -0.029774853959679604, -0.013572189025580883, 0.0023093437775969505, 0.02265169471502304, -0.02443508803844452, -0.04777424782514572, 0.033033840358257294, -0.03779754042625427, 0.04054336994886398, -0.000693312962539494, 0.03610515221953392, -0.007801907602697611, 0.00014983444998506457, -0.0008556516841053963, -0.02510223537683487, 0.006827503442764282, 0.020498652011156082, -0.0017367732943966985, -0.005637183785438538, -0.08695103228092194, -0.006702762097120285, 0.001972998259589076, -0.02754678949713707, 0.026112399995326996, -0.006694999989122152, -0.037071578204631805, -0.003912953659892082, 0.03213980421423912, -0.006746228784322739, 0.22245487570762634, 0.04836687445640564, 0.040238600224256516, -0.024236438795924187, 0.015137095004320145, -0.02045552060008049, -0.030751921236515045, -0.001680737710557878, 0.004085547290742397, -0.025719070807099342, 0.0030386282596737146, 0.008677717298269272, 0.02148454636335373, -0.03240453824400902, 0.00018479101709090173, -0.03287213295698166, -0.04069950059056282, -0.003635976230725646, 0.10610774159431458, -0.03661834076046944, 0.015708182007074356, -0.06722031533718109, -0.012981521897017956, -0.034437134861946106, -0.037592675536870956, 0.04204423353075981, -0.02529563009738922, 0.002198115224018693, -0.006213988643139601, 0.02840369939804077, -0.030606871470808983, 0.019823607057332993, 0.02303638868033886, -0.018557988107204437, 0.0072313155978918076, -0.03649654984474182, -0.008884093724191189, 0.010050035081803799, -0.0030972398817539215, 0.012614356353878975, -0.03770190104842186, -0.01824340969324112, 0.025878095999360085, -0.027117351070046425, 0.011051937006413937, -0.006616454571485519, 0.036949705332517624, -0.03133196011185646, 0.016626102849841118, 0.01128829549998045, 0.04222019016742706, -0.040046416223049164, -0.024276133626699448, -0.018384918570518494, 0.03317573666572571, 0.0016429260140284896, -0.03664928302168846, 0.005243657622486353, 0.01678692363202572, 0.07510160654783249, 0.035522423684597015, 0.015509416349232197, -0.01093966979533434, 0.016412483528256416, 0.0286557674407959, 0.020616620779037476, 0.020147578790783882, -0.05179760605096817, 0.030869482085108757, 0.019334670156240463, 0.000612498028203845, 0.017176853492856026, -0.02565315179526806, -0.03365526348352432, 0.007852122187614441, 0.03797978535294533, 0.03010951727628708, 0.03159930929541588, -0.026958050206303596, 0.030438821762800217, -0.014502492733299732, -0.028806405141949654, -0.04923272877931595, -0.006047263275831938, 0.01233682595193386, -0.03972407057881355, -0.03759919852018356, 0.001963891787454486, -0.005375593435019255, -0.025557154789566994, -0.007350947707891464, -0.028245503082871437, -0.008476115763187408, 0.010159894824028015, -0.028074169531464577, -0.023052388802170753, 0.0513283908367157, -0.020221294835209846, -0.023188337683677673, -0.02670089155435562, -0.02991088107228279, -0.04745654761791229, -0.030982399359345436, -0.04755747318267822, 0.04789667949080467, -0.01220343355089426, -0.014383170753717422, -0.03405960276722908, 0.011782397516071796, 0.00880297739058733, 0.0005187229835428298, 0.04595712572336197, -0.010644408874213696, 0.025426065549254417, 0.031382713466882706, 0.0336742177605629, 0.04223029688000679, 0.049947548657655716, 0.00039246727828867733, 0.002946786116808653, -0.0078955153003335, -0.059571828693151474, 0.02555999904870987, -0.0434902161359787, -0.04426238313317299, -0.04688578471541405, -0.01124513242393732, 0.002081523183733225, -0.031118426471948624, 0.023543108254671097, 0.006641691084951162, -0.018081897869706154, -0.02382345125079155, 0.022139867767691612, 0.06749731302261353, -0.041022732853889465, 0.0060250163078308105, 0.005732949823141098, -0.011595834977924824, -0.013777836225926876, -0.0452737994492054, -0.018044887110590935, -0.052992988377809525, 0.05215131491422653, -0.00041395542211830616, 0.014670166186988354, 0.019373420625925064, 0.001634777756407857, -0.02340756356716156, 0.053455520421266556, 0.03036441281437874, 0.04688006266951561, 0.016900984570384026, -0.005146704148501158, -0.03413374349474907, -0.029829826205968857, -0.00517704663798213, 0.006905541755259037, 0.001774184755049646, -0.018092287704348564, -0.005134293809533119, 0.024454794824123383, 0.03708171844482422, 0.055539704859256744, 0.012106959708034992, 0.042628005146980286, -0.06558748334646225, 0.04304220527410507, -0.01461146678775549, -0.031093671917915344, 0.023136751726269722, -0.030595680698752403, -0.05951094627380371, 0.028264524415135384, -3.1588129786541685e-05, -0.030908910557627678, -0.07954477518796921, -0.01379313413053751, -0.04067474603652954, -0.037738632410764694, 0.0036299778148531914, -0.017382116988301277, -0.03290458396077156, -0.00974730122834444, 0.0403287298977375, -0.0026060030795633793, -0.008720343001186848, -0.024095717817544937, 0.03874598443508148, -0.017572637647390366, -0.03585292026400566, 0.11059363931417465, 0.006023299414664507, -0.017194440588355064, 0.02052462287247181, -0.0025126466061919928, 0.0306982584297657, -0.05771680176258087, -0.002082006074488163, -0.018824398517608643, -0.026688212528824806, 0.018062453716993332, 0.008943607099354267, 0.0020897923968732357, -0.013452732935547829, -0.029978811740875244, -0.04076235368847847, 0.03053952381014824, -0.022275980561971664, 0.018707405775785446, -0.01621204987168312, 0.036927033215761185, -0.01966753415763378, 0.014160777442157269, 0.04713929072022438, 0.003657941473647952, 0.021111706271767616, 0.018428592011332512, -0.03297070041298866, -0.05608326569199562, -0.006655460689216852, -0.013529707677662373, -0.009129859507083893, -0.052137065678834915, -0.009990539401769638, 0.015661900863051414, 0.04555094242095947, -0.021270083263516426, 0.009752620942890644, -0.01802678592503071, 0.001830898690968752, 0.01701963320374489, -0.055878084152936935, 0.006751356180757284, 0.014110693708062172, -0.040838927030563354, -0.022925447672605515, 0.03947935253381729, 0.011163061484694481, -0.04105144739151001, 0.029673762619495392, -0.004983079619705677, -0.00037749044713564217, 0.10029131174087524, -0.011087722145020962, 0.020517194643616676, -0.008861326612532139, -0.030222823843359947, 0.012725298292934895, 0.026068473234772682, -0.06469523161649704, 0.060784712433815, -0.0008874742779880762, -0.004707473795861006, -0.016857577487826347, -0.025724373757839203, -0.0008652409305796027, -0.01664765551686287, -0.026149209588766098, -0.00783364474773407, -0.01874239183962345, 0.009789209812879562, -0.03433838114142418, -0.00963282398879528, 0.01428807433694601, -0.029938725754618645, 0.06297969818115234, -0.026443978771567345, -0.008013412356376648, 0.01096589770168066, -0.003317937022075057, -0.004493531305342913, -0.02386144921183586, -0.05531282350420952, 0.060121145099401474, 0.018305832520127296, 0.0038536665961146355, 0.025635624304413795, 0.04700791835784912, 0.041016820818185806, -0.031156817451119423, -0.020772326737642288, -0.03386197239160538, 0.03385420888662338, 0.007769265212118626, -0.014423849061131477, 0.0029715346172451973, 0.05049282684922218, 0.02954665757715702, -0.06847301870584488, -0.007940557785332203, -0.0002792805898934603, -0.05232154205441475, 0.016177071258425713, -0.05546588823199272, -0.05039392411708832, -0.026338566094636917, -0.010658052749931812, -0.021652547642588615, 0.015590348280966282, -0.0081088338047266, -0.015275849029421806, -0.01722688600420952, -0.036709483712911606, 0.017498549073934555, 0.01425026636570692, 0.007613375782966614, 0.007873283699154854, -0.011082543060183525, 0.004667855333536863, 0.055410657078027725, -0.03884481266140938, -0.0026283334009349346, 0.06248309090733528, 0.0609687902033329, -0.005724463611841202, 0.025459835305809975, -0.0014784063678234816, 0.014048002660274506, -0.022566858679056168, 0.012026970274746418, 0.0017400310607627034, -0.024137459695339203, -0.01989189349114895, -0.03852049633860588, -0.012682991102337837, 0.041629958897829056, 0.007907059974968433, -0.0015863468870520592, -0.007058979012072086, -0.01631423644721508, -0.006371741183102131, -0.02589445374906063, -0.001170450123026967, 0.020548710599541664, 0.012510394677519798, 0.019820237532258034, -0.020256517454981804, 0.026549609377980232, 0.024422958493232727, -0.045757047832012177, -0.022984832525253296, 0.038095857948064804, -0.036376405507326126, 0.022847112268209457, -0.07758738100528717, -0.00979306548833847, 0.007110884413123131, 0.02283957041800022, -0.026599330827593803, -0.03906452655792236, 0.021630408242344856, -0.04133618250489235, -0.04017955809831619, -0.014216004870831966, -0.029464397579431534, -0.014348090626299381, 0.06414083391427994, 0.03779028728604317, -0.021428804844617844, -0.027999717742204666, -0.02214367687702179, 0.0006586409290321171, 0.0043661524541676044, -0.0182375218719244, 0.06135912612080574, -0.0002457854279782623, -0.012002665549516678, 0.0269827488809824, -0.005323471501469612, -0.029898615553975105, -0.026598040014505386, 0.02106122113764286, 0.02460436150431633, -0.037680141627788544, 0.013193699531257153, -0.016029227524995804, 0.024129822850227356, -0.0038993852213025093, -0.024990085512399673, -0.006120561622083187, -0.021098481491208076, -0.0225505568087101, -0.017091672867536545, 0.018279721960425377, 0.002722399076446891, -0.0019556479528546333, -0.013559682294726372, 0.017029602080583572, 0.021793164312839508, 0.0005487610469572246, -0.004888656549155712, -0.019833886995911598, 0.011285895481705666, -0.15585941076278687, 0.02818022109568119, -0.04936819523572922, 0.0073892963118851185, -0.031381674110889435, -0.011847230605781078, -0.014932115562260151, -0.04092508926987648, 0.02735360525548458, -0.030888859182596207, -0.06643567234277725, -0.03620916232466698, 0.04811101034283638, 0.004781984258443117, -0.03972337394952774, -0.004256336018443108, 0.0038361402694135904, 0.009955091401934624, -0.023574113845825195, 0.04586716368794441, -0.0012950897216796875, -0.03343798592686653, 0.049940116703510284, 0.027789955958724022, 0.040044836699962616, -0.01696319319307804, -0.03214003145694733, 0.03508356958627701, -0.03201073035597801, -0.04271327704191208, 0.018162449821829796, 0.001899222144857049, 7.509932765970007e-05, 0.04313206300139427, 0.013146933168172836, 0.01862068846821785, 0.03505336120724678, 0.01925123669207096, -0.013615380972623825, 0.020775267854332924, 0.040309980511665344, 0.01851443201303482, -0.01695089600980282, -0.011867598630487919, 0.0004640271363314241, 0.03340793028473854, 0.040808167308568954, -0.0021600511390715837, -0.04551049694418907, -0.004739231895655394, 0.020964056253433228, 0.0014662945177406073, 0.021036112681031227, 0.06242894008755684, 0.006271420978009701, -0.020643478259444237, -0.049139488488435745, 0.030499400570988655, -0.06641823798418045, 0.01481915358453989, -0.0622246153652668, 0.02664128877222538, -0.0344562828540802, -0.0393003448843956, -0.006683833431452513, 0.03060257062315941, -0.04252362996339798, 0.0067911408841609955, -0.000969009823165834, 0.030771145597100258, -0.02249678410589695, 0.024656575173139572, -0.008961888030171394, -0.021136818453669548, 0.03713173046708107, 0.029904432594776154, 0.03731605410575867, -0.0005324204103089869, -0.03352593258023262, -0.01978694275021553, -0.029160121455788612, -0.002008270239457488, -0.01197865791618824, 0.018642494454979897, 0.026383722200989723, 0.03978988155722618, -0.03850100561976433, 0.020319826900959015, -0.02708483673632145, -0.004811976570636034, -0.06358307600021362, -0.021554145961999893, 0.004551487509161234, -0.01125559862703085, -0.03359704092144966, 0.039643462747335434, 0.002602063352242112, 0.004565735347568989, 0.036529213190078735, 0.01181592047214508, -0.034284256398677826, -0.053509753197431564, 0.025305764749646187, 0.02886989526450634, -0.01656738854944706, 0.005807580426335335, 0.025384685024619102, -0.01819811947643757, 0.012374283745884895, -0.008151091635227203, -0.028874438256025314, 0.023812968283891678, -0.007722347509115934, -0.022515609860420227, -0.03944068029522896, -0.0012036737753078341, 0.025065656751394272, -0.008343358524143696, -0.03345966711640358, 0.003308991203084588, 0.018712330609560013, -0.04098917916417122, -0.015408392064273357, -0.044088441878557205, 0.012188863940536976, 0.015625862404704094, 0.023097708821296692, 0.04453680291771889, -0.015852399170398712, 0.031611960381269455, 0.055217184126377106, 0.006553887389600277, 0.02967570535838604, 0.0041624861769378185, 0.020746443420648575, -0.02204318344593048, -0.0021686088293790817, 0.07135672867298126, -0.06237427145242691, -0.0382472388446331, 0.00501695042476058, -0.035512376576662064, 0.014463282190263271, -0.0013935581082478166, -0.01135593093931675, 0.00823737308382988, 0.002054177690297365, 0.010136699303984642, -0.016382258385419846, -0.015109134837985039, -0.008584813214838505, -0.02054588682949543, 0.009384913370013237, 0.02996070310473442, -0.0011404589749872684, -0.007901993580162525, -0.021498456597328186, 0.032037634402513504, 0.01518482156097889, 0.021012049168348312, 0.04891751706600189, -0.0041603827849030495, 0.01921696402132511, 0.0023900934029370546, -0.029196739196777344, -0.01275571621954441, -0.02125115878880024, -0.0025686605367809534, 0.01778414472937584, -0.010310899466276169, 0.0020283430349081755, 0.005264857318252325, -0.01976385898888111, 0.02800004743039608, 0.02551131509244442, -0.02188176102936268, 0.004628514871001244, -0.01380551140755415, -0.0015185122611001134, -0.0004646254237741232, 0.04981830716133118, 0.018875587731599808, 0.07671906799077988, 0.019405372440814972, 0.05994382128119469, 0.05164989084005356, 0.019047057256102562, 0.016408752650022507, -0.01135085616260767, 0.004309311509132385, -0.009388942271471024, 0.0009957931470125914, 0.02708391472697258, 0.01808335818350315, 0.01520521380007267, 0.028919767588377, -0.003544377628713846, -0.02349795028567314, 0.010072694160044193, 0.018335513770580292, 0.0052816299721598625, 0.03417912870645523, -0.012551403604447842, -0.04378213733434677, -0.020568611100316048, 0.014270049519836903, -0.0068536666221916676, 0.012402036227285862, -0.017770836129784584, 0.04704302176833153, -0.02653253637254238, 0.015624449588358402, -0.03967643156647682, 0.02850267104804516, -0.02296043373644352, -0.015123605728149414, 0.0059439376927912235, 0.03938401862978935, 0.03804061561822891, -0.0036378095392137766, 0.04227456450462341, -0.01936611905694008, 0.01849084161221981, -0.021906502544879913, 0.0007128551369532943, 0.00010679657862056047, 0.017540084198117256, -0.0011400406947359443, -0.01048735249787569, 0.0007739048451185226, -0.04087100923061371, 0.03682813420891762, 0.0010382465552538633, 0.026417380198836327, 0.01971619203686714, -0.005979597102850676, 0.05411442741751671, 0.058013010770082474, -0.013412406668066978, -0.005022234749048948, 0.0024563835468143225, 0.023513108491897583, -0.04496455937623978, -0.017375359311699867]",,
15_1_0_errors_no_head_element_mdx_section_3_code_1,code_snippet,15_1_0_errors_no_head_element_mdx_section_3,Possible Ways to Fix It - code_1,,"{'programming_language': 'jsx', 'filename': 'pages/index.js', 'switcher': False}",15.1.0,,"import Head from 'next/head'

function Index() {
  return (
    <>
      <Head>
        <title>My page title</title>
        <meta name=""viewport"" content=""initial-scale=1.0, width=device-width"" />
      </Head>
    </>
  )
}

export default Index
","[(np.int64(5), np.float64(0.051139213144779205)), (np.int64(7), np.float64(0.050085410475730896)), (np.int64(64), np.float64(0.08470764011144638)), (np.int64(425), np.float64(0.20894235372543335)), (np.int64(1647), np.float64(0.11614690721035004)), (np.int64(4711), np.float64(0.26316002011299133)), (np.int64(28175), np.float64(0.23372647166252136)), (np.int64(37967), np.float64(0.1779259741306305))]",,"[-0.009777696803212166, -0.020744094625115395, -0.006024092901498079, 0.02116045542061329, -0.020922288298606873, 0.002051971387118101, 0.011292283423244953, 0.01596514880657196, -0.013180817477405071, -0.006962349638342857, -0.048559922724962234, 0.03587903082370758, -0.02769148349761963, 0.01862373948097229, 0.009200535714626312, 0.010031536221504211, -0.015498029999434948, -0.0009026721236295998, 0.022539984434843063, -0.008587016724050045, -0.018860913813114166, 0.0348355807363987, -0.005319506395608187, 0.04776248335838318, -0.024349858984351158, -0.01776120997965336, 0.020371802151203156, -0.017643289640545845, -0.010269680060446262, 0.028058651834726334, 0.011661280877888203, -0.000330759328790009, 0.02177675999701023, -0.02171475999057293, -0.03274855017662048, -0.014130307361483574, 0.006378124933689833, -0.025942925363779068, -0.047071848064661026, 0.04318947345018387, -0.02715856023132801, 0.030154382809996605, 0.03221500292420387, 0.000414972280850634, 0.03825902193784714, -0.026939693838357925, 0.033371035009622574, -0.013022290542721748, -0.029887445271015167, -0.007954294793307781, -0.0216127447783947, 0.009052553214132786, 0.01901177316904068, -0.01410981360822916, 0.023314207792282104, 0.017696982249617577, -0.03138962760567665, 0.020847979933023453, -0.036624543368816376, -0.016512587666511536, -0.0011188365751877427, -0.010847212746739388, -0.04236703738570213, 0.0379289835691452, 0.006690011825412512, 0.028726330026984215, 0.0067582447081804276, 0.017170144245028496, -0.02352217584848404, 0.00459956843405962, -0.0157092846930027, 0.013400289230048656, -0.0441412515938282, -0.03979691490530968, -0.03376374766230583, 0.04837767407298088, 0.020077379420399666, -0.020502591505646706, 0.026183998212218285, -0.04462548717856407, -0.003961239010095596, -0.006625471170991659, 0.019370973110198975, 0.019019203260540962, 0.004358899313956499, -0.014003679156303406, -0.02111940272152424, 0.036154430359601974, 0.05073477327823639, 0.007799704559147358, -0.027295289561152458, -0.05848927050828934, 0.030474165454506874, -0.04831482842564583, -0.04890439286828041, -0.002028475049883127, -0.009932874701917171, -0.01708688586950302, 0.041983380913734436, -0.02381431870162487, 0.010564735159277916, 0.051118943840265274, 0.038269370794296265, -0.0009296711650677025, 0.10230311751365662, 0.020689403638243675, 0.017343519255518913, -0.01677691750228405, 0.021801404654979706, -0.005072616506367922, 0.024930674582719803, 0.005946561694145203, 0.014435545541346073, -0.025834012776613235, -0.016977723687887192, -0.030492978170514107, -0.020836059004068375, -0.002958460710942745, -0.007012137211859226, 0.020387355238199234, 0.016483426094055176, 0.025445254519581795, 0.046564310789108276, 0.0010337072890251875, 0.030215667560696602, 0.0018496630946174264, -0.026459932327270508, -0.018239205703139305, 0.0003235613403376192, 0.023141922429203987, 0.025728190317749977, 0.03600844368338585, 0.0461498498916626, 0.0043331230990588665, 0.004832923877984285, 0.0003184482338838279, 0.01721307635307312, 0.049777284264564514, -0.005902615841478109, -0.024505993351340294, 0.0090525196865201, 0.0548321008682251, -0.022717781364917755, -0.03277222439646721, 0.02852918580174446, -0.05713139474391937, 0.04623497650027275, 0.04114718735218048, -0.00850235391408205, -0.005366296507418156, -0.0031090632546693087, 0.07610855251550674, 0.03870800882577896, 0.01311863400042057, 0.08695375174283981, -0.04999304562807083, -0.013487959280610085, -0.01146684493869543, 0.031563468277454376, 0.005246206186711788, -0.028560524806380272, 0.02051643654704094, -0.02261882647871971, 0.009213953278958797, 0.025616539642214775, -0.027333663776516914, -0.006904235575348139, -0.0068544307723641396, 0.0053387656807899475, -0.030249595642089844, 0.021650463342666626, -0.018485186621546745, -0.00029539508977904916, 0.0017138880211859941, 0.016452722251415253, 0.019169742241501808, 0.0679282620549202, 0.013524745590984821, 0.00649128295481205, -0.004338044207543135, 0.023119306191802025, 0.035635922104120255, -0.033891577273607254, -0.0020944473799318075, -0.027234015986323357, 0.02335435152053833, 0.0038289614021778107, -0.006001510191708803, -0.01806732639670372, -0.011623929254710674, -0.03796815499663353, -0.020953349769115448, 0.06685333698987961, 0.022356266155838966, 0.023942792788147926, 0.011977110989391804, 0.00039037628448568285, -0.007618101313710213, 0.00012676810729317367, 0.009954954497516155, 0.00556722329929471, 0.008155561983585358, -0.017536306753754616, -0.0425693541765213, -0.022025322541594505, 0.002708080457523465, -0.009290898218750954, -0.03616264462471008, -0.008583501912653446, 0.04532666876912117, -0.05736743286252022, 0.0003791468625422567, -0.009644268080592155, 0.008219186216592789, -0.04066655412316322, -0.003770255483686924, 0.03953186422586441, -0.00934264250099659, -0.01793484389781952, -0.07985597848892212, -0.024139629676938057, 0.0361226424574852, 0.025781700387597084, 0.0015431815991178155, -0.004313400946557522, 0.019995171576738358, 0.048256102949380875, 0.000848033931106329, 0.030926987528800964, 0.033090051263570786, 0.0029511924367398024, -0.0004306301416363567, 0.007917281240224838, -0.005853962153196335, 0.04071757197380066, -0.02906942553818226, -0.017960116267204285, -0.05255842208862305, -0.013746107928454876, 0.003566879080608487, -0.011056301183998585, -0.01479465514421463, -0.011849181726574898, 0.011854173615574837, -0.0553731843829155, -0.028191829100251198, 0.012133021838963032, -0.011989704333245754, -0.003957145381718874, -0.02243918739259243, 0.013383678160607815, 0.01713678054511547, -0.021033629775047302, 0.036695972084999084, 0.02553294599056244, -0.005655247252434492, -0.001002478413283825, -0.014798331074416637, -0.03821349889039993, -0.005979806184768677, -0.013793574646115303, 0.018184224143624306, -0.013118727132678032, 0.00692406203597784, -0.0045657167211174965, 0.016598515212535858, -0.03862989321351051, 0.027882201597094536, 0.012356927618384361, 0.0018772431649267673, -0.03775015473365784, -0.0014212988317012787, 0.0030633287969976664, -0.03249309957027435, -0.0014385253889486194, 0.023275988176465034, -0.042204853147268295, 0.010780632495880127, 0.05474304407835007, 0.0066354540176689625, -0.050233934074640274, -0.001411000150255859, 0.04394783824682236, 0.03610055893659592, 0.06050334498286247, -0.02486303076148033, -0.02842443622648716, -0.04322269186377525, -0.014861462637782097, 0.0026231552474200726, -0.030753785744309425, 0.044401634484529495, 0.05200265347957611, -0.005674354732036591, -0.009956592693924904, 0.06343131512403488, -0.005422404035925865, -0.14893470704555511, -0.023945651948451996, 0.01865258812904358, -0.008803494274616241, 0.031248852610588074, 0.011759650893509388, -0.026781970635056496, -0.05436946451663971, -0.023983482271432877, 0.029086442664265633, -0.03056354634463787, -0.05456859990954399, -0.009692206047475338, -0.08004236966371536, 0.0048695881851017475, 0.01682150550186634, -0.004440662916749716, -0.000740665418561548, -0.007514107506722212, -0.04965323954820633, -0.03666746988892555, -0.010037119500339031, 0.04062742739915848, -0.010711668990552425, -0.022802546620368958, -0.0020968113094568253, 0.020981986075639725, -0.020032567903399467, -0.01645520143210888, -0.013877498917281628, -0.012311221100389957, -0.051828533411026, 0.001049297396093607, 0.028231428936123848, -0.019492682069540024, 0.04759408161044121, -0.018246468156576157, 0.06039784848690033, -0.05258658155798912, 0.003251476213335991, 0.030335737392306328, 0.030135709792375565, 0.017494063824415207, 0.052498821169137955, -0.012114182114601135, -0.019708365201950073, -0.03641199693083763, -0.0003502359031699598, -0.07696562260389328, 0.007638948503881693, 0.029056204482913017, -0.03512784466147423, 0.028346488252282143, -0.004455575253814459, -0.04601480811834335, -0.0018625118536874652, 0.03205406293272972, 0.03508054465055466, 0.0038347882218658924, 0.01504267007112503, -0.02374657429754734, -0.056304991245269775, 0.010593041777610779, 7.893357542343438e-05, -0.02093384973704815, 0.0044250283390283585, 0.040770165622234344, 0.012824095785617828, 0.00807548500597477, -0.012760654091835022, 0.03080044686794281, -0.05751621350646019, -0.0003428825584705919, -0.005027627572417259, -0.0057166097685694695, 0.01784835383296013, -0.039515502750873566, -0.04124486818909645, 0.05513237044215202, -0.10952766239643097, 0.027948535978794098, 0.002057215664535761, -0.010506807826459408, 0.04169666767120361, -0.035778485238552094, 0.0064466861076653, -0.013807512819766998, 0.007859922014176846, 0.030480777844786644, 0.2455439567565918, 0.03892739489674568, 0.03361229971051216, 0.03162536397576332, 0.035076022148132324, -0.011626225896179676, -0.018595416098833084, 0.03362514451146126, 0.018752386793494225, -0.02556684985756874, -0.019500557333230972, 0.014646466821432114, 0.013587265275418758, 0.006135968491435051, 0.017035899683833122, 0.02122887410223484, -0.015947550535202026, 0.03979692980647087, 0.0580778606235981, -0.056879617273807526, 0.007871379144489765, -0.044454727321863174, -0.00047788655501790345, 0.008233744651079178, -0.07493343204259872, 0.009474092163145542, 0.010135225020349026, -0.005553084891289473, -0.012840989045798779, 0.021090015769004822, -0.026677805930376053, 0.022928081452846527, 0.022100675851106644, -0.019798513501882553, -0.05374075844883919, -0.012102682143449783, 0.040696293115615845, -0.046720001846551895, -0.003942934796214104, 0.02528746984899044, -0.01579951122403145, -0.01217653974890709, -0.014827658422291279, 0.0370844230055809, -0.025237273424863815, -0.0237320177257061, 0.03008444607257843, -0.030439063906669617, 0.008933169767260551, 0.0001959128276212141, -0.009294597432017326, -0.03723824396729469, 0.013700236566364765, -0.006253942847251892, 0.040398385375738144, -0.0007408360252156854, -0.003780301660299301, 0.019981442019343376, -0.0010315021499991417, 0.01845458522439003, 0.022106975317001343, 0.013624784536659718, -0.04039996489882469, -0.012610474601387978, -0.002216080902144313, 0.01598944701254368, 0.04293018579483032, -0.0013403197517618537, 0.045255281031131744, 0.07959207892417908, -0.020257653668522835, 0.006160810124129057, 0.01697016879916191, -0.021491214632987976, -8.714220712136012e-06, -0.05220475047826767, 0.04055813327431679, 0.02834649197757244, -0.02384723164141178, 0.0267694853246212, -0.01807696372270584, 0.007198636885732412, -0.04618186131119728, 0.00041113371844403446, 0.013666731305420399, 0.00629575876519084, 0.05347664654254913, 0.0651872456073761, -0.016660677269101143, -0.0330733023583889, -0.021929478272795677, -0.03401542082428932, 0.0010407270165160298, 0.05298466235399246, -0.021938588470220566, -0.012648098170757294, -0.005436852108687162, -0.007232950534671545, -0.03537304326891899, -0.001842966885305941, -0.017066413536667824, -0.03258124738931656, -0.005177350249141455, -0.033183202147483826, 0.017233775928616524, -0.004177384078502655, 0.04241275042295456, -0.020297501236200333, 0.002307097427546978, 0.00723149161785841, -0.03621222823858261, 0.006110010668635368, 0.03233382850885391, 0.028992805629968643, 0.019067730754613876, 0.005299796815961599, 0.02216617576777935, -0.0037633809261024, 0.020795974880456924, -0.01088961772620678, -0.016335757449269295, -0.006076015532016754, -0.026086904108524323, -0.012804738245904446, 0.019598273560404778, -0.03716695308685303, 0.00518461549654603, -0.03014940582215786, -0.061412300914525986, 0.0396488718688488, 0.03347587212920189, -0.0149390185251832, -0.04000310227274895, 0.0024501050356775522, 0.013224564492702484, 0.027339410036802292, 0.01046778168529272, 0.01964072324335575, -0.0246371328830719, 0.028772080317139626, -0.025337088853120804, 0.0012651608558371663, -0.013993269763886929, 0.010124416090548038, 0.038319654762744904, 0.08246127516031265, 0.06302519887685776, -0.018139570951461792, -0.028752215206623077, 0.0391884371638298, 0.019861843436956406, 0.016451338306069374, 0.048477903008461, -0.04568175598978996, -0.014242276549339294, -0.09497439116239548, -0.011427168734371662, -0.04246469587087631, 0.007334968075156212, -0.028408994898200035, -0.021445756778120995, 0.02037559077143669, 0.00972759909927845, 0.05142255499958992, -0.027411822229623795, -0.0031143403612077236, -0.04815708473324776, 0.01564357988536358, -0.017608726397156715, -0.021980687975883484, 0.015508448705077171, -0.022357577458024025, -0.023703886196017265, -0.0038925684057176113, 0.00026698107831180096, -0.026323581114411354, -0.06616660952568054, -0.004074998199939728, 0.008555925451219082, 0.004203672520816326, -0.0026421204674988985, 0.010221300646662712, -0.041402168571949005, -0.0327293686568737, 0.06853149831295013, -0.0024155222345143557, -0.0002664098283275962, -0.013770065270364285, 0.026362095028162003, -0.04864465072751045, -0.010452604852616787, 0.12630003690719604, -0.004924073349684477, -0.0013842666521668434, 0.042057495564222336, -0.03794240206480026, 0.03876303508877754, 0.007256779819726944, 0.0039003922138363123, 0.0003195720200892538, 0.040786173194646835, 0.046517256647348404, 0.016241174191236496, 0.01567872054874897, 0.019867058843374252, -0.0024194465950131416, 0.012775245122611523, 0.017759453505277634, -0.009217499755322933, 0.041555386036634445, 0.01478745136409998, 0.04042665287852287, -0.04530252143740654, -0.010452543385326862, -0.0002851997851394117, -0.022027527913451195, 0.052819523960351944, 0.04111626744270325, 0.03497518226504326, -0.02918931655585766, 0.045441824942827225, -0.020718058571219444, -0.011050533503293991, -0.0597512312233448, 0.02609979175031185, 0.013478601351380348, 0.0049484544433653355, -0.02525581791996956, 0.011423405259847641, 0.006075249519199133, -0.017922384664416313, 0.041936617344617844, 0.04830995202064514, -0.044583510607481, 0.016875218600034714, -0.010145040228962898, -0.009201579727232456, 0.01913943514227867, 0.058259494602680206, -0.012767818756401539, 0.03032485954463482, -0.007827823981642723, 0.02183433063328266, 0.04397242143750191, 0.0026847587432712317, -0.007514388300478458, 0.026251139119267464, -0.03715747967362404, -0.003237511031329632, -0.037702418863773346, -0.059625715017318726, 0.006323661655187607, 0.014735598117113113, -0.040807727724313736, -0.02598549798130989, -0.0251612588763237, -0.023683296516537666, 0.02697596698999405, -0.04752388596534729, -0.004836455453187227, -0.010830913670361042, 0.018055228516459465, -0.018656950443983078, -0.004794714041054249, -0.028051752597093582, 0.002298442181199789, 0.04917845502495766, -0.10650298744440079, -0.02811611443758011, -0.0029290439561009407, -0.01089418213814497, -0.010565407574176788, 0.005960225127637386, -0.03512953594326973, 0.03413020074367523, 0.01981244795024395, 0.01706254668533802, -0.0196632482111454, 0.05079937353730202, -0.0741775706410408, -0.032741181552410126, -0.05029990151524544, 0.014476863667368889, 0.006180147174745798, -0.005606416612863541, 0.013495514169335365, 0.040817879140377045, 0.02458479255437851, -0.006158653646707535, -0.024018336087465286, 0.008332681842148304, -0.04222695529460907, -0.047916561365127563, 0.015897711738944054, -0.03807426616549492, -0.005427162628620863, -0.0066434359177947044, 0.021531779319047928, -0.012923880480229855, -0.006644807755947113, -0.017337968572974205, -0.03443180024623871, -0.02151792123913765, -0.01418331265449524, -0.02542281709611416, 0.016136113554239273, -0.03151232376694679, -0.0001488234120188281, 0.01855991967022419, -0.02344406768679619, -0.023255445063114166, -0.03409963846206665, 0.04071768373250961, 0.0314212329685688, 0.050070516765117645, -0.03612792491912842, 0.06386655569076538, -0.014567243866622448, -0.04238684102892876, -0.024907108396291733, 0.044068384915590286, -0.035431183874607086, -0.006698548793792725, -0.020928187295794487, -0.02567465975880623, -0.008554900996387005, 0.029718788340687752, 0.0016422364860773087, -0.008382938802242279, -0.04153693467378616, 0.0068818023428320885, 0.04331477731466293, 0.005436823237687349, -0.002870280761271715, -0.018400901928544044, 0.027260852977633476, 0.03260931745171547, -0.03309650719165802, 0.003263944759964943, -0.028662849217653275, 0.010761548765003681, -0.004997698590159416, 0.07965105026960373, -0.03783603012561798, 0.04174105450510979, -0.011498489417135715, -0.025957072153687477, -0.022792404517531395, 0.01779148168861866, -0.011204039677977562, -0.02402939833700657, -0.0007965911645442247, -0.013403092510998249, -0.049252551048994064, 0.015348218381404877, 0.006889090407639742, 0.01413044985383749, 0.027327487245202065, 0.03336718678474426, -0.028377654030919075, -0.020760824903845787, -0.00792581494897604, 0.004803433548659086, 0.0001096620035241358, 0.036080773919820786, 0.03099486045539379, 0.0025929007679224014, -0.023936603218317032, -0.00966359581798315, 0.0142221013084054, -0.016424987465143204, -0.03293270990252495, 0.0086140101775527, -0.01004786603152752, -0.0023868661373853683, 0.012497996911406517, -0.04846985265612602, 0.016432538628578186, 0.02165399305522442, -0.013189720921218395, -0.007756740786135197, -0.05457860603928566, -0.027834201231598854, -0.032210517674684525, -0.029511384665966034, -0.06035526096820831, -0.002497952664270997, 0.006250683218240738, -0.015472711995244026, 0.005266888532787561, 0.016316989436745644, 0.0013829403324052691, -0.03588305413722992, 0.02198047935962677, -0.14802494645118713, 0.010145356878638268, -0.01447170041501522, -0.004907066002488136, -0.014520087279379368, 0.023685462772846222, -0.020713526755571365, -0.07027443498373032, 0.011299089528620243, 0.014138204045593739, -0.06130557134747505, 0.01338259782642126, 0.0009442506707273424, 0.0009027485502883792, 0.008545841090381145, 0.031375039368867874, -0.02718941494822502, -0.022293126210570335, -0.050693053752183914, 0.029323851689696312, 0.029909221455454826, -0.0033362279646098614, 0.11529678851366043, 0.017484908923506737, 0.001476932200603187, 0.014255804941058159, 0.010879866778850555, 0.051788024604320526, -0.020364267751574516, 0.002823503455147147, 0.03481895849108696, -0.03999514505267143, -0.008985108695924282, 0.03897317498922348, 0.021815519779920578, 0.02279346063733101, 0.0021386302541941404, 0.043900199234485626, 0.027634264901280403, 0.040437597781419754, -0.005947645287960768, 0.003985299728810787, -0.016646521165966988, -0.034448809921741486, -0.004980452358722687, 0.03090033493936062, -0.007856005802750587, 0.026742292568087578, -0.01047695055603981, -0.027046650648117065, 0.017533695325255394, 0.04156361520290375, 0.035053759813308716, -0.001592377433553338, 0.02739669382572174, 0.015164736658334732, -0.040285177528858185, 0.034689340740442276, -0.0069849868305027485, 0.02033805102109909, -0.06199066340923309, -0.009837482124567032, -0.04597274586558342, -0.05414632335305214, 0.007270254660397768, 0.025635546073317528, -0.05920875445008278, 0.037662915885448456, -0.016869351267814636, 0.01428481936454773, 0.00802222453057766, -0.044292550534009933, -0.048701219260692596, -0.02889973297715187, 0.007448749616742134, 0.01552619319409132, 0.029152873903512955, -0.0509050153195858, -0.052954841405153275, -0.005054383538663387, -0.04674774780869484, -0.01324265543371439, -0.03205374628305435, 0.024822941049933434, 0.046738121658563614, 0.050765834748744965, -0.016589701175689697, 0.016367914155125618, -0.04567123204469681, -0.023545313626527786, 0.02430615946650505, -0.02370470017194748, 0.0017385612009093165, -0.04260730743408203, -0.024040821939706802, -0.0003132870770059526, -0.009892256930470467, 0.002146962331607938, 0.019453933462500572, 0.008717993274331093, -0.03576989844441414, -0.018726816400885582, -0.007441849913448095, 0.02097633294761181, -0.021936515346169472, 0.07107648253440857, -0.004312711767852306, -0.011080138385295868, -0.025366606190800667, -0.016459565609693527, -0.03612556681036949, 0.003634305903688073, -0.016306566074490547, 0.02177886851131916, -0.06756632775068283, -0.01745222881436348, -0.03350308537483215, 0.010951456613838673, 0.019059475511312485, -0.009872561320662498, -0.00687751080840826, -0.0034678801894187927, -0.0005106820608489215, -0.0300257820636034, 0.014715656638145447, 0.015378989279270172, 0.002433436457067728, 0.020166490226984024, 0.008908978663384914, 0.05088862404227257, -0.004029612522572279, -0.03688045218586922, 0.034283410757780075, 0.01539213303476572, 0.05675484985113144, -0.018349213525652885, -0.00697431480512023, 0.041555535048246384, 0.005033050663769245, 0.014133249409496784, -0.01414408441632986, -0.005282298196107149, 0.0007460145279765129, -0.050867971032857895, -0.03267171233892441, -0.015285934321582317, 0.040811244398355484, -0.02205604501068592, -0.024269500747323036, 0.03056441806256771, 0.02249801531434059, 0.021935254335403442, -0.03020346909761429, 0.028188537806272507, -0.04093921557068825, -0.019682396203279495, -0.02643866091966629, 0.02985081635415554, -0.028360072523355484, 0.0843627005815506, -0.017109332606196404, -0.022376295179128647, -0.013666674494743347, -0.011724590323865414, 0.02860593982040882, -0.018066631630063057, 0.004570826888084412, 0.016752881929278374, -0.03218468651175499, 0.015888167545199394, 0.001781910308636725, -0.005109649151563644, -0.020298995077610016, -0.05696627125144005, 0.032452140003442764, -0.02843969687819481, 0.0035225129686295986, -0.006603302899748087, 0.0832594782114029, 0.005729905795305967, 0.018294336274266243, 0.0003567103703971952, -0.0016167541034519672, 0.02552778087556362, 0.047169651836156845, 0.004432602785527706, -0.013001936487853527, 0.03522515669465065, 0.017384430393576622, -0.02367010898888111, -0.036341216415166855, -0.05198647454380989, -0.005972734186798334, -0.01788124442100525, 0.02965342067182064, -0.05163528025150299, -0.0035719394218176603, -0.02246740274131298, -0.011479578912258148, 0.0851745530962944, -0.020432356745004654, 0.028670653700828552, -0.04897057265043259, -0.027410035952925682, -0.03712151572108269, -0.01040969230234623, -0.01342658419162035, 0.04942655190825462, 0.016084065660834312, 0.008226234465837479, 0.01680598221719265, -0.019184984266757965, -0.03196099027991295, 0.026258977130055428, 0.004107208456844091, -0.0030339814256876707, -0.058873165398836136, 0.03531716391444206, -0.015399614349007607, -0.019355330616235733, 0.0485415980219841, 0.029610659927129745, -0.028025101870298386, -0.03452187404036522, -0.00249421875923872, -0.016833562403917313, 0.010619007982313633, 0.009401545859873295, -0.0026527082081884146, 0.012224607169628143, -0.04308311641216278, -0.005835364107042551, 0.007622937671840191, 0.0014312443090602756, -0.027519261464476585, 0.012224533595144749, -0.03127429261803627, -0.019143210723996162, -0.023811452090740204, 0.018369292840361595, -0.015872059389948845, 0.007691605947911739, 0.012000920251011848, 0.007104768883436918]",
15_1_0_errors_no_head_element_mdx_section_4,section,15_1_0_errors_no_head_element_mdx,No Head Element - Useful Links,,{},15.1.0,"[/docs/pages/api-reference/components/head](/docs/pages/api-reference/components/head)
",,"[(np.int64(438), np.float64(0.15230271220207214)), (np.int64(7844), np.float64(0.09389428049325943)), (np.int64(36836), np.float64(0.1549714207649231)), (np.int64(44816), np.float64(0.23121662437915802)), (np.int64(48325), np.float64(0.22387349605560303)), (np.int64(57890), np.float64(0.2622775733470917))]","[0.0034948650281876326, -0.011509518139064312, -0.023147733882069588, 0.017100537195801735, -0.046803031116724014, -0.06896263360977173, 0.03537733852863312, 0.037774693220853806, -0.0026352275162935257, -0.00731309037655592, -0.016563260927796364, 0.004307140596210957, 0.028426973149180412, 0.032521966844797134, 0.0013434251304715872, -0.024051779881119728, -0.004108690191060305, 0.01141923014074564, 0.029466155916452408, 0.0013281696010380983, -0.024693064391613007, 0.018494373187422752, -9.085235797101632e-05, 0.011761864647269249, -0.0490032322704792, -0.013100703246891499, -0.016058752313256264, -0.021142417564988136, 0.02522985264658928, 0.0075464630499482155, 0.0391027107834816, -0.024398615583777428, 0.03866347670555115, -0.025883866474032402, -0.02023306116461754, -0.03210296481847763, -0.01780523918569088, -0.006751623935997486, -0.05477605015039444, 0.006642236839979887, -0.024167539551854134, -0.00201216246932745, -0.012689461000263691, -0.0440608486533165, 0.04352445527911186, -0.018615884706377983, 0.02025272138416767, -0.025898810476064682, -0.012770716100931168, -0.0006203007069416344, -0.0229033175855875, -0.011778496205806732, -0.004931380972266197, -0.0379633791744709, -0.03360758349299431, 0.00911391619592905, -0.031858477741479874, -0.02660544216632843, -0.053892701864242554, 0.011746464297175407, -0.024243634194135666, -0.028813006356358528, -0.013385819271206856, 0.043994706124067307, 0.004269638564437628, 0.04465826600790024, 0.01684483513236046, 0.00702210096642375, -0.02779208868741989, -0.03028995916247368, -0.003924716264009476, 0.008818280883133411, -0.0493842177093029, -0.030445776879787445, -0.0542655847966671, 0.06910975277423859, 0.03221498429775238, -0.036857396364212036, -0.02756156027317047, 0.013790304772555828, 0.0007015042356215417, -0.031141646206378937, 0.033300016075372696, -0.006864067167043686, 0.002115819603204727, 0.014842999167740345, -0.018892602995038033, 0.002151011722162366, 0.008798268623650074, 0.03960265964269638, -0.013281051069498062, -0.05039183795452118, 0.03808525577187538, -0.043033573776483536, -0.027565352618694305, -0.02393629029393196, -0.015503762289881706, 0.02161720022559166, 0.05008282512426376, 0.02002973109483719, 0.011460195295512676, 0.015916120260953903, 0.02748901955783367, -0.03177161514759064, 0.07481253892183304, -0.00439490657299757, 0.01736890897154808, -0.029249845072627068, 0.024088764563202858, -0.009009268134832382, 0.03101676143705845, -0.008502552285790443, -0.0007519042119383812, 0.025347113609313965, 0.017888177186250687, -0.04046155884861946, -0.019540168344974518, -0.03260696679353714, -0.005757797043770552, 0.042111992835998535, -0.010265643708407879, 0.030971549451351166, 0.02304130792617798, -0.02646147832274437, 0.0739637091755867, 0.031992506235837936, 0.0194768775254488, 0.0324120931327343, 0.0021832436323165894, 0.020872846245765686, -0.01078700553625822, 0.03853367269039154, 0.0036093650851398706, -0.0004421834310051054, -0.03084520436823368, -0.0006011743680574, 0.01924426108598709, 0.028590062633156776, 0.006326362490653992, -0.05720407888293266, 0.029885997995734215, 0.04638903960585594, -0.01192113384604454, -0.030062593519687653, 0.035186272114515305, -0.01705348677933216, 0.06488893926143646, 0.0661521926522255, 0.0011000933591276407, -0.01789332740008831, -0.0010881582275032997, 0.007449318189173937, 0.0402342714369297, 0.004685054998844862, 0.04460281506180763, -0.01930435560643673, 0.0032010916620492935, 0.024355582892894745, 0.035069789737463, -0.014020069502294064, -0.028795724734663963, 0.006657117512077093, -0.01550544984638691, 0.014681968837976456, 0.017643330618739128, -0.033875830471515656, 0.019070306792855263, 0.01288378331810236, -0.015542584471404552, -0.03746027126908302, 0.009213609620928764, -0.008758827112615108, -0.002843347378075123, 0.004362220875918865, 0.018009470775723457, 0.029903315007686615, 0.08275959640741348, 0.03904462605714798, -0.00011361939687049016, -0.01201589498668909, -0.04711880534887314, 0.03325013443827629, -0.009370571002364159, -0.01470615342259407, -0.04854706674814224, 0.011233384720981121, -0.012716689147055149, -7.354835543083027e-05, 0.002496571047231555, 0.047870513051748276, -0.019336791709065437, -0.031001150608062744, 0.027546802535653114, -0.01631218008697033, 0.016866862773895264, 0.015670398250222206, 0.01734102889895439, 0.05439348891377449, -0.022316886112093925, -0.019907895475625992, 0.012499690987169743, 0.03263404592871666, 0.03779146075248718, -0.028305774554610252, -0.007242757361382246, 0.002222968963906169, -0.009046266786754131, -0.054768986999988556, 0.025938300415873528, -0.0067467717453837395, -0.011636709794402122, -0.003038371680304408, -0.03903014212846756, -0.028034139424562454, -0.04592422395944595, -0.03148388862609863, -0.0015607206150889397, -0.0033510641660541296, -0.0076020583510398865, -0.08858194947242737, -0.03985222429037094, 0.028108874335885048, 0.0029627690091729164, 0.047258056700229645, 0.02430308610200882, 0.007293513976037502, -0.008954032324254513, 0.047813791781663895, 0.009661437943577766, 0.026703082025051117, -0.016040613874793053, -0.024227194488048553, 0.054398760199546814, -0.031044496223330498, 0.08772608637809753, -0.03314288333058357, -0.01871269755065441, -0.027435263618826866, 0.031324729323387146, -0.026234308257699013, 0.019988112151622772, 0.01384766772389412, 0.012841095216572285, -5.0195518269902095e-05, -0.06422142684459686, -0.029217036440968513, 0.028784366324543953, 0.013884443789720535, -0.0010602471884340048, -0.031192338094115257, -0.0030915020033717155, 0.030299801379442215, -0.013967208564281464, 0.011271932162344456, 0.02498599700629711, -0.021277954801917076, 0.018622830510139465, -0.010892472229897976, -0.021974295377731323, 0.003704263363033533, -0.01851898431777954, 0.02098844014108181, 0.017351800575852394, 0.023077283054590225, -0.013947536237537861, 0.003145185997709632, -0.05534259229898453, 0.012945403344929218, 0.013806666247546673, 0.03793814405798912, -0.02505243942141533, 0.026867957785725594, 0.034569039940834045, -0.021147193387150764, 0.026709599420428276, 0.019364485517144203, -0.0526413731276989, 0.010482138954102993, 0.1033850684762001, 0.017204878851771355, -0.0006558599416166544, 0.046459589153528214, 0.03023461066186428, 0.02819737046957016, 0.07221072167158127, -0.0032864371314644814, -0.034344639629125595, -0.022543063387274742, 0.016445817425847054, 0.01759137026965618, -0.07478541880846024, 0.017714783549308777, 0.07299481332302094, -0.007293196860700846, -0.010836741887032986, 0.03777037933468819, -0.0065480126067996025, -0.14930570125579834, -0.030367370694875717, 0.01526736095547676, 0.023068834096193314, 0.01837533339858055, 0.033914074301719666, -0.00813888106495142, -0.03728435933589935, -0.0103244474157691, 0.001089164987206459, -0.011732248589396477, -0.05922466143965721, -0.02230743132531643, -0.06020033359527588, -0.01589522883296013, 0.02424226887524128, -0.0208539217710495, -0.005149406380951405, -0.011194794438779354, -0.028751306235790253, -0.02862403355538845, -0.013550691306591034, 0.03867129236459732, -0.020275967195630074, -0.007903504185378551, 0.018612578511238098, -0.010174855589866638, 0.008249172940850258, -0.035187728703022, 0.004342576488852501, -0.011475734412670135, -0.02396630309522152, -0.008406350389122963, 0.027903098613023758, 0.0005234205746091902, 0.037111833691596985, 0.024346470832824707, 0.013603059574961662, -0.009376810863614082, -0.03300463408231735, 0.027588240802288055, 0.06848576664924622, 0.028582338243722916, 0.007818588986992836, 0.006475126836448908, -0.03835035860538483, 0.002681436249986291, -0.014663203619420528, -0.004162716679275036, -0.032817792147397995, 0.04812607541680336, -0.04866442829370499, 0.001635509543120861, 0.012458867393434048, -0.051997266709804535, 0.029556874185800552, -0.0011045605642721057, 0.036124855279922485, -0.024768469855189323, 0.016712093725800514, -0.0003453762910794467, -0.05345937982201576, 0.04660293832421303, -0.04378264769911766, -0.008372070267796516, 0.0019503383664414287, 0.035513147711753845, -0.00833903718739748, 0.04065335914492607, -0.01667405292391777, 0.004539454355835915, -0.03293640539050102, 0.008311600424349308, -0.03052743896842003, -0.005078362300992012, -0.0045293471775949, -0.014797603711485863, 2.5861270842142403e-05, 0.007898440584540367, -0.1103006899356842, 0.013814140111207962, 0.016900787129998207, -0.020949793979525566, -0.012825975194573402, -0.04003777727484703, 0.0019001534674316645, -0.0056427838280797005, 0.0025367368943989277, 0.027192138135433197, 0.2636493146419525, 0.009412060491740704, 0.0051736775785684586, 0.018755903467535973, 0.04184995964169502, -0.028489550575613976, -0.02823527157306671, 0.02334047295153141, 0.0127723915502429, -0.03622157871723175, 0.004548961296677589, -0.033242251724004745, 0.008592421188950539, -0.018878772854804993, 0.014498172327876091, 0.02156025357544422, -0.03017650730907917, 0.013413121923804283, 0.07680879533290863, -0.029332159087061882, 0.011661270633339882, -0.04240763932466507, 0.01397420559078455, 0.014729805290699005, -0.06991783529520035, -0.020472100004553795, -0.0054414463229477406, 0.04951302334666252, -0.03240557760000229, 0.07633387297391891, 0.004835562314838171, 0.02554652839899063, 0.04843560978770256, -0.010052421130239964, -0.07395710051059723, -0.01990235038101673, 0.027148565277457237, -0.00615839846432209, 0.010525290854275227, -0.02297102101147175, -0.04561488702893257, -0.003407522337511182, 0.018839657306671143, 0.022311082109808922, -0.02144480310380459, -0.018097475171089172, 0.038763850927352905, -0.046714507043361664, -0.014071798883378506, -0.025822129100561142, -0.028379932045936584, -0.04835359752178192, -0.015137990936636925, -0.0034950266126543283, 0.0017012901371344924, 0.00101560540497303, -0.02911275252699852, 0.02472672238945961, -0.006416010204702616, 0.015274533070623875, -0.016375428065657616, 0.0195096917450428, -0.014748827554285526, 0.03474241867661476, -0.013061479665338993, 0.0055050174705684185, 0.0002334590972168371, -0.03091026470065117, 0.011658702045679092, 0.06421248614788055, 0.02686985582113266, 0.02630963921546936, 0.022698549553751945, -0.020460614934563637, 0.030029479414224625, -0.05194741487503052, 0.04812990128993988, 0.028748750686645508, -0.043255653232336044, 0.026665689423680305, -0.029301896691322327, -0.0005993004888296127, -0.04862440377473831, 0.02570032887160778, 0.011062301695346832, 0.010071882978081703, -0.0062899114564061165, 0.031336911022663116, -0.055282462388277054, -0.012836987152695656, -0.0028247185982763767, -0.008878728374838829, -0.002694692462682724, 0.05334659293293953, -0.030933087691664696, 0.0048548257909715176, -0.00532881636172533, 0.0001746729831211269, -0.0281667523086071, -0.014092548750340939, -0.03231373056769371, -0.010760951787233353, -0.013933870010077953, -0.036706630140542984, 0.03217288851737976, -0.003192073665559292, 0.002592201344668865, 0.004812778439372778, -0.002313146833330393, 0.020587963983416557, 0.014049496501684189, 0.04550870880484581, -0.002184387296438217, -0.04584486782550812, -0.014954921789467335, 0.03398934379220009, 0.018162120133638382, 0.03274295851588249, -0.007110395934432745, 0.042589396238327026, -0.021017078310251236, -0.00726882042363286, -0.016127413138747215, 0.031673118472099304, -0.005603296682238579, -0.05420469865202904, 0.0010942582739517093, 0.0022033541463315487, -0.05987118184566498, 0.049431122839450836, 0.03445587679743767, -0.022275933995842934, -0.06521468609571457, 0.055846527218818665, 0.008580581285059452, -0.01853206753730774, -0.0003241659142076969, 0.05074489116668701, -0.027848202735185623, 0.012651164084672928, -0.06738916784524918, -0.020966047421097755, 0.0029026169795542955, 0.015732446685433388, 0.03695835918188095, 0.00626977626234293, -0.015946224331855774, -0.0020640508737415075, 0.015629775822162628, -0.005002366378903389, 0.045139871537685394, 0.027232255786657333, 0.037013743072748184, -0.07923033833503723, -0.021863333880901337, -0.07958018034696579, -0.004604167304933071, -0.00019767068442888558, 0.010959966108202934, -0.024493694305419922, -0.015945475548505783, 0.032717473804950714, 0.0443534255027771, 0.0330839678645134, -0.01906169019639492, 0.05116969347000122, -0.036886341869831085, -0.009655638597905636, 0.03223082423210144, 0.0008255888242274523, -0.0011064769933000207, -0.0419447086751461, -0.050797317177057266, 0.03060281090438366, -0.012023968622088432, -0.028380678966641426, -0.021394306793808937, -0.015206307172775269, 0.001095762476325035, -0.0454631932079792, 0.01632719859480858, 0.008180572651326656, -0.059054188430309296, -0.010069058276712894, 0.05085102096199989, 0.01373577956110239, -0.029710965231060982, -0.013084250502288342, 0.01775406114757061, -0.030893372371792793, -0.022278323769569397, 0.14011883735656738, 0.003733371151611209, -0.031675148755311966, 0.04738088697195053, 0.010642670094966888, 0.021494893357157707, 0.04844481498003006, 0.0013396380236372352, 0.014058141969144344, -0.0028130728751420975, -0.023377344012260437, 0.018362192437052727, -0.004600586835294962, -0.029340175911784172, 0.0019818295259028673, -0.013935299590229988, 0.01162524800747633, 0.011385172605514526, 0.026858149096369743, 0.020402777940034866, 0.01676507480442524, -0.03466526418924332, -0.008402031846344471, -0.0003612996079027653, -0.002450879430398345, 0.07697473466396332, 0.051127590239048004, -0.013792443089187145, 0.022427193820476532, -0.029134361073374748, -0.013237378560006618, -0.0048441593535244465, -0.051646992564201355, -0.030237548053264618, 0.004270181059837341, 0.010957449674606323, -0.008804445154964924, 0.007097330875694752, -0.0037199545186012983, -0.012022547423839569, 0.004366028588265181, 0.01449532713741064, -0.024872178211808205, 0.01853574998676777, -0.034392960369586945, 0.00538224820047617, 0.026022139936685562, -0.004778949078172445, -0.0445093959569931, 0.030577221885323524, -0.04981079697608948, 0.018764333799481392, 0.045248452574014664, 0.02760765701532364, -0.011443602852523327, -0.012994946911931038, -0.040101099759340286, 0.016823837533593178, 0.0010755909606814384, -0.03388131782412529, -0.03998643159866333, 0.01879318803548813, -0.04970597103238106, -0.011014137417078018, -0.010204440914094448, -0.007036004681140184, 0.05362967774271965, -0.02306537516415119, 0.010719976387917995, -0.012310301885008812, 0.04010945186018944, -0.008704629726707935, -0.0038424350786954165, -0.03713655471801758, 0.01158023253083229, 0.0521177314221859, -0.06112015247344971, -0.047043655067682266, -0.025192126631736755, -0.041548117995262146, -0.02912268228828907, -0.027486426755785942, -0.03656967729330063, 0.051710665225982666, -0.007812268566340208, -0.01057406421750784, 0.014185057021677494, 0.023350510746240616, -0.030247414484620094, -0.0710664764046669, -0.006688558496534824, 0.014653287827968597, 0.04670580476522446, 0.016077501699328423, -0.005676903296262026, 0.06095971539616585, 0.03160236403346062, 0.02783435583114624, -0.031239336356520653, 0.027855142951011658, -0.007172125857323408, -0.04750172421336174, -0.0026580344419926405, -0.03422711417078972, -0.026428233832120895, -0.006825268268585205, 0.010969467461109161, -0.014782393351197243, 0.021186262369155884, 0.01909845508635044, -0.023908918723464012, -0.014194902963936329, -0.013742756098508835, -0.0032645633909851313, 0.03746837005019188, 0.0006520738825201988, -0.03268778324127197, -0.004587915260344744, -0.008988168090581894, -0.02290363237261772, -0.03757061809301376, 0.019878095015883446, 0.045728255063295364, 0.016064750030636787, -0.00953269936144352, 0.02717631123960018, -0.014137730933725834, -0.025459852069616318, -0.01577594317495823, 0.01669713482260704, -4.749633080791682e-05, -0.028962675482034683, 0.009200814180076122, -0.03167162090539932, -0.024061763659119606, 0.01828869804739952, -0.019535912200808525, -0.0438232347369194, -0.019032463431358337, -0.011816533282399178, 0.020610930398106575, -0.012974832206964493, -0.006535787601023912, 0.02737344428896904, 0.004613999277353287, 0.02756568044424057, -0.036193013191223145, 0.02993648871779442, 0.008854584768414497, 0.009163839742541313, -0.039638444781303406, 0.05755787715315819, -0.024730991572141647, -0.003003980265930295, 0.02189253456890583, 0.0041306945495307446, -0.04364808648824692, -0.010992420837283134, -0.009895870462059975, -0.026632316410541534, -0.002100634155794978, -0.002608594484627247, -0.05274314060807228, -0.028304750099778175, 0.00831564236432314, 0.032623641192913055, 0.006080297287553549, 0.007420077919960022, -0.024257954210042953, -0.036336127668619156, 0.020002227276563644, -0.025360336527228355, -0.0007660937262699008, 0.011310040019452572, 0.02736438438296318, -0.025952361524105072, -0.03255673125386238, -0.01893024891614914, -0.0013161160750314593, -0.022287815809249878, -0.006593497470021248, 0.023460404947400093, 0.00724371150135994, 0.005616669077426195, 0.011358743533492088, -0.03948086127638817, 0.02369481697678566, 0.04245809093117714, -0.007411949802190065, -0.009408560581505299, -0.04614865034818649, -0.0348578616976738, -0.04149119555950165, 0.0041647800244390965, -0.0369078628718853, 0.0017299690516665578, -0.0004574186750687659, 0.01309981383383274, 0.039736632257699966, -0.01100241020321846, 0.007282761856913567, -0.023944012820720673, -0.01814333349466324, -0.14878080785274506, 0.014916825108230114, -0.029971158131957054, 0.022970028221607208, -0.03177546337246895, -0.0009347604354843497, -0.04553089663386345, -0.05458106845617294, 0.003476683283224702, -0.01934148743748665, -0.042139437049627304, -0.010734575800597668, 0.017626643180847168, -0.015890009701251984, -0.00037152678123675287, 0.03588169813156128, 0.007690645754337311, 0.006106730084866285, -0.028476940467953682, -0.0019294816302135587, -0.011100264266133308, -0.009821203537285328, 0.06695766746997833, -0.0020145620219409466, 0.014501258730888367, 0.03647296503186226, 0.0018538874574005604, 0.024376237764954567, -0.022848166525363922, 0.027312511578202248, -0.011127838864922523, -0.023715989664196968, 0.0009534448035992682, 0.05819763243198395, 0.01951124519109726, 0.034138549119234085, 0.018736835569143295, 0.018876798450946808, -0.003428287338465452, 0.0501449815928936, 0.01753232255578041, 0.03086324781179428, -0.003138176165521145, 0.00042550291982479393, 0.031171342357993126, 0.05068602412939072, -0.017297811806201935, -0.009728052653372288, -0.03115830197930336, -0.005122102331370115, -0.009564871899783611, 0.03201274573802948, 0.04494636505842209, 0.026655400171875954, 0.011845744214951992, -0.015458151698112488, -0.040279973298311234, 0.020405828952789307, -0.03184507042169571, 0.037696558982133865, -0.03288174793124199, 0.0082246670499444, -0.045525822788476944, -0.0326567217707634, 0.018225297331809998, 0.0630248636007309, -0.05499405041337013, 0.0417574904859066, -0.01072526816278696, -0.012554433196783066, 0.0008918803068809211, -0.048604149371385574, 0.00838695652782917, -0.01448700949549675, 0.008439350873231888, 0.04498734325170517, 0.027322042733430862, -0.014597647823393345, -0.02361525595188141, -0.0012523495825007558, -0.05472993850708008, -0.023541197180747986, -0.054100241512060165, 0.04174410179257393, 0.04296175017952919, 0.034359075129032135, -0.00935236643999815, 0.008523842319846153, -0.051764413714408875, -0.02035360224545002, -0.037577755749225616, -0.03346521034836769, 0.01667160727083683, -0.014508584514260292, -0.003678099252283573, 0.02873418480157852, 0.00828389823436737, -0.012314519844949245, 0.03903917223215103, 0.0018570262473076582, -0.01804381050169468, -0.0208316370844841, -0.017915058881044388, 0.00933802593499422, -0.056394752115011215, 0.034339845180511475, 0.04371968284249306, -0.014441534876823425, -0.0023734476417303085, -0.02291657030582428, -0.039326027035713196, 0.01517222635447979, -0.022688524797558784, 0.041375044733285904, -0.05016539245843887, 0.0014998639235273004, 0.003945606295019388, 0.005924003664404154, 0.041324976831674576, 0.012729951180517673, -0.007845030166208744, -0.030234070494771004, -0.021562563255429268, -0.0149349020794034, 0.038081854581832886, 0.024829523637890816, 0.03576431795954704, 0.05395779013633728, 0.007752451114356518, 0.027781696990132332, 0.016083961352705956, -0.06567602604627609, 0.021034877747297287, 0.025448160246014595, 0.029336724430322647, -0.0069287666119635105, 0.0038195995148271322, 0.04784639552235603, -0.04403182119131088, 0.025114739313721657, -0.014304924756288528, -0.012733817100524902, 0.012726517394185066, -0.02021196112036705, 0.008198739029467106, -0.014139913022518158, 0.05562883988022804, -0.02196868322789669, 0.006600345019251108, 0.031238993629813194, 0.013617821037769318, -0.0006171015556901693, -0.029977401718497276, 0.0402364581823349, -0.05169422924518585, 0.020059315487742424, -0.04925542324781418, 0.020035061985254288, -0.07176272571086884, 0.0037906765937805176, -0.0240763109177351, -0.03524323180317879, -0.01701361872255802, 0.02013140544295311, -0.006229775957763195, 0.0010603193659335375, -0.0098624462261796, 0.01586165279150009, -0.0321580246090889, 0.01880842261016369, -0.03371616080403328, 0.020629029721021652, -0.022857801988720894, -0.024533633142709732, 0.06722646206617355, -0.007468807976692915, 0.006883193738758564, -0.011049086228013039, 0.047076813876628876, 0.00097129016648978, 0.038801830261945724, -0.0034703416749835014, 0.03687969595193863, -0.0272199809551239, 0.007220247760415077, 0.021599389612674713, -0.015662282705307007, 0.004767521750181913, 0.015052910894155502, -0.027969637885689735, -0.03282119706273079, -0.035451970994472504, -0.01684127375483513, 0.01166793517768383, -0.01265315618366003, -0.0016034649452194571, 0.021990038454532623, -0.06415680050849915, -0.00913334172219038, 0.055355291813611984, -0.00395340146496892, 0.021926656365394592, -0.021101567894220352, -0.02787794917821884, -0.02799268066883087, -0.004968877881765366, -0.030145620927214622, 0.0037287564482539892, 0.01615757681429386, 0.056348979473114014, -0.0131752397865057, 0.004825513809919357, -0.030256196856498718, -0.022690603509545326, -0.008500657044351101, -0.018533099442720413, 0.05095857009291649, 0.02668977901339531, -0.01279826182872057, -0.03423557057976723, 0.05287520959973335, 0.005318166222423315, -0.0021724202670156956, -0.008037874475121498, -0.020254457369446754, -0.010401448234915733, 0.0026656310074031353, 0.03171677887439728, 0.024607256054878235, -0.0006116711883805692, -0.03783794492483139, 0.023691076785326004, 0.0012880325084552169, 0.0031345803290605545, 0.011624590493738651, 0.007603887934237719, -0.029387306421995163, 0.009401419200003147, -0.031051263213157654, 0.0008922025444917381, 0.04222099483013153, 0.0398782379925251, -0.0005896661314181983, -0.011576618999242783]",,
