entry_id,entry_type,parent_id,title,description,metadata,version,text_content,code_content,sparse_title_description,dense_text_content,dense_code_snippet,tag
15_1_0_errors_large_page_data_mdx,document,,Large Page Data,,{'related_links': []},15.1.0,"## Why This Error Occurred

One of your pages includes a large amount of page data (>= 128kB). This can negatively impact performance since page data must be parsed by the client before the page is hydrated.

## Possible Ways to Fix It

Reduce the amount of data returned from `getStaticProps`, `getServerSideProps`, or `getInitialProps` to only the essential data to render the page. The default threshold of 128kB can be configured in `largePageDataBytes` if absolutely necessary and the performance implications are understood.

To inspect the props passed to your page, you can inspect the below element's content in your browser devtools:

```bash filename=""Terminal""
JSON.parse(document.getElementById(""__NEXT_DATA__"").textContent)
```

## Useful Links

- [Data Fetching Documentation](/docs/pages/building-your-application/data-fetching)",,"[(np.int64(6), np.float64(0.014295265078544617)), (np.int64(11809), np.float64(0.2309494912624359)), (np.int64(14231), np.float64(0.23528741300106049)), (np.int64(181268), np.float64(0.1553432047367096))]","[-0.01469932310283184, -0.007576860021799803, -0.04120514169335365, -0.013865912333130836, -0.024698492139577866, -0.032400861382484436, 0.002488036872819066, 0.003110321471467614, -0.03817610815167427, 0.018204623833298683, -0.00845698919147253, 0.0022374633699655533, -0.004030246753245592, 0.0036683131475001574, 0.015733711421489716, 0.01399878691881895, -0.030376186594367027, -0.003733702003955841, -0.016157465055584908, 0.008014918304979801, -0.0020120746921747923, 0.03837587684392929, 0.030156658962368965, 0.017994670197367668, 0.025166969746351242, 0.027032095938920975, -0.02750183828175068, -0.00798557698726654, 0.011079082265496254, 0.02182852476835251, 0.03576589748263359, -0.007599412929266691, 0.04441374912858009, -0.033412687480449677, -0.030965756624937057, -0.05033138766884804, -0.038063373416662216, -0.04047515615820885, -0.027180416509509087, -0.019407950341701508, -0.027431322261691093, -0.017661839723587036, 0.03271401301026344, -0.02927269972860813, 0.01368388906121254, -0.03232420235872269, 0.013796617276966572, -0.040101729333400726, -0.017529744654893875, 0.008494649082422256, -0.02524135820567608, -0.023669857531785965, 0.047239750623703, -0.059717968106269836, 0.01368809025734663, 0.01725318282842636, -0.0049699475057423115, 0.018448103219270706, 0.013222179375588894, 0.025828475132584572, -0.06564278155565262, 0.00973332766443491, -0.026017142459750175, -0.015348412096500397, 0.03570183739066124, 0.06164425611495972, -0.013971674256026745, 0.018083011731505394, -0.05010773241519928, -0.029156886041164398, -0.010674446821212769, 0.024109842255711555, -0.016049638390541077, 0.003842754755169153, -0.021167201921343803, 0.005019943695515394, 0.001188509864732623, 0.02094827964901924, 0.029804309830069542, 0.02306099608540535, 0.03397275507450104, -0.005309699568897486, 0.0006099950987845659, -0.03158727288246155, -0.004327219910919666, 0.038104504346847534, -0.040897008031606674, -0.03585323691368103, 0.05019907280802727, 0.016324345022439957, 0.016273455694317818, -0.008888477459549904, 0.025001732632517815, -0.012116084806621075, -0.015192241407930851, 0.029450414702296257, -0.014917184598743916, 0.019944194704294205, 0.06702296435832977, -0.010997047647833824, 0.020554495975375175, -0.023708492517471313, -0.009987616911530495, -0.01951700635254383, 0.039657142013311386, 0.03393979370594025, 0.07441622018814087, -0.029371995478868484, -0.01267391350120306, -0.03883325308561325, -0.014935196377336979, 0.0014160048449411988, 0.03089984506368637, -0.008592795580625534, -0.018577827140688896, -0.009905005805194378, 0.016799500212073326, -0.011135571636259556, 0.0020257607102394104, -0.0059862216003239155, 0.030853236094117165, 0.04897129535675049, 0.05513611063361168, -0.026000995188951492, -0.018863003700971603, -0.019456086680293083, -0.023031102493405342, 0.04858202114701271, 0.06769831478595734, 0.02542479708790779, 0.008069261908531189, 0.033866867423057556, 0.0019261722918599844, 0.011176364496350288, -0.06636190414428711, 0.01250062882900238, -0.0037691479083150625, 0.0662132203578949, -0.021669810637831688, -0.06404998153448105, 0.022346902638673782, 0.019384151324629784, -0.01670462265610695, -0.040803488343954086, 0.034876514226198196, -0.04795774072408676, 0.04668237268924713, -0.012276100926101208, -0.013030734844505787, -0.021586738526821136, -0.016014382243156433, 0.020728059113025665, 0.034420743584632874, -0.06464099138975143, 0.011525865644216537, -0.03623073548078537, 0.014191794209182262, -0.00014429597649723291, 0.02262372151017189, 0.030502647161483765, -0.04712838679552078, 0.00048452027840539813, -0.038475725799798965, -0.007153445854783058, -0.006071227602660656, -0.031296662986278534, -0.0071389940567314625, 0.02496466599404812, -0.03433972969651222, -0.030455712229013443, 0.06516309082508087, -0.043188489973545074, 0.03367894887924194, 0.02691616117954254, -0.03668970987200737, 0.03091619350016117, 0.07644104212522507, 0.02401156909763813, 0.03748355805873871, -0.010232136584818363, -0.008668427355587482, 0.034055035561323166, 0.018307875841856003, -0.044803302735090256, -0.0253278985619545, -0.02155022881925106, 0.012118547223508358, -0.005290932487696409, -0.025503382086753845, 0.027210671454668045, 0.010938180610537529, -0.014888085424900055, 0.03860246762633324, -0.013696638867259026, -0.01759291999042034, -0.046714745461940765, -0.017927005887031555, 0.022837461903691292, 0.006997421849519014, -0.0019561408553272486, -0.0076469057239592075, 0.027729272842407227, 0.053488872945308685, 0.019457150250673294, -0.03325671702623367, -0.01593799889087677, -0.02223939076066017, -0.055365316569805145, -0.0009290400194004178, -0.019358297809958458, -0.008749359287321568, -0.04285381734371185, 0.001379358465783298, 0.05733231455087662, -0.05054149404168129, 0.03282841295003891, 0.017377031967043877, -0.004927113186568022, 0.0012427709298208356, -0.030513953417539597, -0.021954774856567383, -0.016509952023625374, -0.021527007222175598, -0.028246473520994186, 0.022938121110200882, 0.012783153913915157, -0.0062203556299209595, 0.01175005454570055, 0.020321564748883247, -0.011578455567359924, -0.03505416959524155, 0.03493908792734146, 0.01183448825031519, -0.019957946613430977, 0.07348906993865967, -0.05828855559229851, -0.00011679605086101219, -0.01661849394440651, -0.024547643959522247, 0.012768381275236607, -0.002840385539457202, -0.06276242434978485, 0.013641984201967716, -0.022869445383548737, -0.022379135712981224, -0.017306484282016754, 0.01848958246409893, 0.0319603867828846, -0.018164264038205147, -0.0029696684796363115, 0.024500615894794464, 0.0012850415660068393, -0.03034522570669651, -0.019734006375074387, 0.04326627403497696, 0.009923774749040604, 0.017175432294607162, -0.004835181869566441, -0.019121957942843437, -0.004358481615781784, 0.04372864589095116, 0.027158217504620552, 0.027582835406064987, 0.00012087563663953915, 0.016365502029657364, -0.029672004282474518, -0.06050070375204086, -0.05890326201915741, 0.007052553351968527, 0.01841273531317711, -0.04191131517291069, -0.012272164225578308, 0.028186658397316933, 0.027097882702946663, -0.010371880605816841, 0.046602290123701096, -0.008881420828402042, 0.022237667813897133, 0.0433359295129776, 0.055883411318063736, -0.032478418201208115, 0.038694895803928375, 0.04118913784623146, 0.034144386649131775, 0.03084452636539936, 0.008381156250834465, -0.0396486259996891, -0.03726884350180626, 0.013064843602478504, -0.013484245166182518, -0.005031751003116369, 0.016102975234389305, 0.04072970524430275, 0.032056547701358795, 0.00834109541028738, -0.021752282977104187, 0.006207367405295372, -0.16333922743797302, 0.02161847986280918, 0.012174732983112335, 0.0008148512570187449, -0.0057067954912781715, 0.035851433873176575, -0.013470086269080639, -0.04107894003391266, -0.03970365598797798, 0.03971089795231819, -0.027746325358748436, -0.04372434690594673, -0.04026253893971443, -0.02579260803759098, -0.012834067456424236, -0.002389088273048401, 0.01576297916471958, 0.005560324992984533, 0.01025804877281189, -0.025212591513991356, -0.019018448889255524, 0.004789039958268404, 0.053687434643507004, -0.012601055204868317, -0.04560041055083275, -0.03128654882311821, 0.042211487889289856, 0.02902575396001339, -0.037190958857536316, 0.00023262854665517807, -0.0336366668343544, 0.01388329453766346, 0.003891448024660349, 0.009063615463674068, 0.012593567371368408, 0.00788102950900793, 0.021281903609633446, -0.0038652317598462105, -0.015401999466121197, 0.005519688129425049, -0.003720694687217474, 0.050504714250564575, -0.01984076201915741, 0.0360647551715374, 0.03522087633609772, -0.02523248828947544, -0.017574429512023926, -0.020883342251181602, -0.02257854864001274, -0.009693979285657406, 0.04427037760615349, -0.021566543728113174, 0.03273288533091545, -0.006517496425658464, -0.04987237975001335, -0.015355351381003857, -0.000744937511626631, 0.06318684667348862, -0.044745512306690216, 0.005654529202729464, 0.011836343444883823, -0.02583884634077549, 0.04122692346572876, 0.01485082134604454, -0.03184644132852554, -0.0028632599860429764, 0.019744979217648506, -0.0037395223043859005, 0.014841441996395588, -0.036285772919654846, 0.021541813388466835, 0.0004470874846447259, 0.005754472687840462, 0.002756202593445778, 0.009918463416397572, -0.0023258898872882128, -0.009571529924869537, -0.027272246778011322, -0.004590533673763275, -0.1036418080329895, 0.01172705739736557, -0.0018790379399433732, -0.010321696288883686, 0.022344553843140602, -0.03071233071386814, -0.004186267964541912, 0.026069950312376022, 0.003168466966599226, 0.028115343302488327, 0.2651267349720001, -0.019700944423675537, -0.01204632967710495, 0.05045263469219208, 0.047107402235269547, -0.02051544561982155, -0.02871083654463291, 0.04432082176208496, 0.007411387749016285, -0.020910052582621574, -0.008438147604465485, 0.023470375686883926, -0.018448911607265472, -0.009710980579257011, -0.0034506407100707293, 0.007930083200335503, -0.056149110198020935, 0.006873510777950287, 0.0609891302883625, -0.03483390435576439, 0.009007276967167854, -0.0007941786316223443, 0.04944394528865814, 0.04686521738767624, -0.028044410049915314, -0.03225230053067207, 0.015116790309548378, 0.012218129821121693, -0.029440701007843018, 0.02995302714407444, -0.06447785347700119, 0.006367261055856943, 0.04645729809999466, -0.06887967884540558, -0.012492706067860126, -0.022670866921544075, 0.0072105685248970985, -0.004550320561975241, 0.011869747191667557, 0.0036345934495329857, 0.03226849064230919, -0.013592762872576714, -0.034557465463876724, 0.016162728890776634, 0.0013633042108267546, -0.038709744811058044, 0.002570459386333823, -0.03423163667321205, 0.010917678475379944, -0.055616311728954315, -0.03799879550933838, -0.002918398007750511, 0.002682713558897376, 0.0023335134610533714, 0.005555877462029457, -0.005477301776409149, -0.0019418823067098856, 0.009184759110212326, -0.022837039083242416, 0.042312610894441605, 0.009785963222384453, 0.010229800827801228, -0.06564933061599731, 0.020108340308070183, -0.03024277463555336, -0.019031958654522896, -0.02547883242368698, -0.017405899241566658, -0.000949619454331696, -0.00035620026756078005, -0.04696168005466461, -0.024295829236507416, 0.010000289417803288, -0.012809826992452145, 0.013247868977487087, -0.03645922243595123, 0.014449415728449821, 0.09180792421102524, -0.06222251430153847, -0.0060414960607886314, -0.058145731687545776, 0.022783378139138222, -0.05619017034769058, 0.020543577149510384, -0.00921766646206379, 0.018470996990799904, 0.027853677049279213, 0.06150977686047554, -0.04371471703052521, -0.01577877812087536, -0.047013018280267715, -0.015502569265663624, -0.015181141905486584, 0.019835717976093292, 0.011409882456064224, 0.04338068142533302, -0.03352159634232521, -0.03234286606311798, 0.02801043726503849, -0.001516071381047368, -0.04888809844851494, 0.002674117451533675, 0.007618570234626532, -0.0005305023514665663, 0.01166653260588646, -0.006633575074374676, 0.010266286320984364, -0.02664135955274105, -0.011781102046370506, 0.020625466480851173, -0.07859045267105103, 0.041637543588876724, 0.015277290716767311, -0.025160588324069977, 0.005869871936738491, 0.033258166164159775, 0.035921912640333176, 0.0500626340508461, 0.05716409534215927, -0.0017673758557066321, -0.018725560978055, 0.0014789801789447665, 0.049752749502658844, -0.012531230226159096, 0.04498268663883209, -0.018508940935134888, -0.012651520781219006, -0.004988857079297304, 0.00457725627347827, 0.010451966896653175, 0.02970609813928604, -0.049995455890893936, -0.018433265388011932, 0.04691779613494873, 0.011399154551327229, 0.011229258030653, 0.0294354148209095, -0.008816172368824482, 0.02257043495774269, 0.018634717911481857, -0.018210669979453087, -0.042388610541820526, 0.005450398661196232, 0.01200955267995596, 0.01419125311076641, 0.016054823994636536, 0.01719888299703598, -0.003853806294500828, 0.014911627396941185, 0.021797271445393562, 0.019473304972052574, 0.024502437561750412, 0.023604856804013252, 0.0033868178725242615, -0.03129255399107933, -0.042748723179101944, -0.04128950089216232, -0.002178832655772567, -0.005319619085639715, -7.058939809212461e-05, 0.0024271870497614145, -0.04294866696000099, -0.014958074316382408, 0.018716707825660706, 0.01427046675235033, 8.477245864924043e-05, 0.020128918811678886, 0.0067008440382778645, -0.030235107988119125, -0.0209808386862278, 0.0070838769897818565, -0.019847288727760315, -0.024738255888223648, 0.03560018166899681, -0.021342778578400612, 0.006119537632912397, -0.015848135575652122, 0.008284111507236958, -0.033351242542266846, 0.030638836324214935, -0.006948057562112808, 0.015962349250912666, -0.05548996478319168, 0.05300086736679077, 0.0017385107930749655, -0.004334934055805206, -0.004301088862121105, -0.006390104535967112, 0.03197362646460533, -0.02994139865040779, 0.0025841582100838423, 0.1118546575307846, -0.04329563304781914, -0.01741539128124714, 0.03834860771894455, 0.050059959292411804, 0.07688374817371368, 0.04928222671151161, -0.02184009738266468, 0.02183539792895317, -0.004317010287195444, -0.00983434822410345, 0.024435896426439285, 0.046726956963539124, 0.017337240278720856, -0.0207980964332819, 0.009713314473628998, -0.007404882460832596, -0.03715776652097702, 0.022638367488980293, 0.00035470284637995064, 0.013198365457355976, -0.019439328461885452, 0.004613062366843224, 0.0060898736119270325, -0.039106763899326324, 0.007086025085300207, 0.03571562469005585, -0.011472255922853947, 0.008193904533982277, -0.012119762599468231, 0.013691024854779243, 0.02104622684419155, -0.020425504073500633, -0.002582320710644126, 0.004258465021848679, 0.00919356755912304, -0.02310442365705967, 0.04197801277041435, 0.035873617976903915, 0.001829706598073244, -0.0012524152407422662, 0.03264479339122772, -0.04343702271580696, -0.0048894076608121395, -0.02765575610101223, 0.012822765856981277, 0.019800949841737747, 0.03661780059337616, -0.031423524022102356, -0.006827563978731632, 0.03024495579302311, 0.02151917666196823, 0.030773939564824104, -0.028628453612327576, 0.007513293530791998, -0.01743576116859913, -0.024165960028767586, -0.038121990859508514, -0.0035506845451891422, -0.0079805301502347, 0.03148674592375755, 0.022691896185278893, -0.022688614204525948, 0.03236037865281105, 0.01077359076589346, -0.033299520611763, 0.0005858141230419278, -0.029845988377928734, -0.020586539059877396, 0.004270926583558321, 0.010601653717458248, 0.006230478174984455, 0.006070786155760288, 0.016391653567552567, -0.0654175877571106, 0.01876044273376465, -0.03155751898884773, -0.03168627992272377, -0.039086610078811646, -0.0034327434841543436, -0.00835501216351986, -0.043460339307785034, -0.051367565989494324, 0.034996774047613144, -0.036088939756155014, -0.008808734826743603, -0.01131000928580761, 0.006792519241571426, -0.051879364997148514, -0.026973498985171318, -0.01531518530100584, 0.01980009116232395, -0.004863225854933262, -0.011418202891945839, -0.005624840036034584, 0.0016422538319602609, -0.012877005152404308, -0.005096216220408678, -0.006630619987845421, 0.02785986289381981, -0.03055424429476261, -0.04570078104734421, 0.024665702134370804, -0.03555099666118622, 0.018946044147014618, 0.004764046985656023, 0.033902380615472794, 0.007637550588697195, 0.05198916047811508, 0.004296788480132818, -0.025162486359477043, -0.042537666857242584, -0.0007970406441017985, -0.03239882364869118, 0.022805893793702126, -0.05060992017388344, 0.029571667313575745, 0.008345969021320343, 0.036123670637607574, -0.00035088148433715105, -0.0678030326962471, -0.018454845994710922, 0.02390584535896778, 0.022053174674510956, 0.001987223280593753, 0.07739973068237305, 0.006702590733766556, 0.008607286028563976, -0.010321591980755329, 0.008709950372576714, -0.050516240298748016, -0.010075927712023258, -0.01367358211427927, -0.026024648919701576, -0.010341866873204708, -0.03489500656723976, -0.017977256327867508, 0.0053590331226587296, 0.011496098712086678, -0.0429837666451931, -0.006282547954469919, -0.011684542521834373, -0.055084098130464554, 0.03508450463414192, -0.0077391332015395164, 0.02264612354338169, -0.08756989985704422, 0.015547794289886951, 0.02186289243400097, 0.05753842368721962, -0.014307956211268902, 0.018856244161725044, -0.023190364241600037, 0.01605643332004547, -0.018697218969464302, 0.005712766665965319, 0.053987983614206314, -0.02582450769841671, 0.001491624629124999, -0.0357590988278389, 0.013327016495168209, -0.03700486943125725, -0.031681694090366364, -0.015473143197596073, -0.06600019335746765, -0.024182569235563278, 0.023288777098059654, 0.06167259067296982, 0.003963267896324396, -0.027578532695770264, -0.001887048128992319, -0.01952177844941616, -0.009189998731017113, 0.03349596634507179, -0.009626612067222595, -0.0077888197265565395, 0.010760238394141197, -0.010355939157307148, 0.0016092918813228607, 0.002977353287860751, 0.02519807405769825, 0.019141752272844315, 0.010574087500572205, -0.004110085777938366, 0.09102865308523178, -0.0011067991144955158, 0.034567032009363174, 0.018830090761184692, -0.01723071187734604, -0.0024558776058256626, -0.038549408316612244, -0.0008626646595075727, -0.0024814882781356573, 0.009269293397665024, -0.018091732636094093, -0.018583869561553, -0.03218984231352806, -0.001037932583130896, 0.03705334663391113, -0.027123691514134407, 0.014845633879303932, -0.022496076300740242, 0.039769768714904785, -0.15993453562259674, 0.024339376017451286, 0.01712937466800213, -0.01816638745367527, 0.011905530467629433, -0.020561087876558304, 0.03256698697805405, -0.07359887659549713, 0.016382809728384018, -0.05249570682644844, -0.013675782829523087, -0.013473715633153915, -0.005272970534861088, -0.015679966658353806, -0.002226834185421467, 0.017513642087578773, 0.004154847469180822, -0.0035087920259684324, -0.030665049329400063, 0.038604188710451126, 0.015832871198654175, 0.02018693834543228, 0.014626068994402885, -0.010050084441900253, -0.02710626646876335, -0.014871758408844471, 0.026516729965806007, 0.011444976553320885, -0.02041729725897312, 0.016145631670951843, 0.002593176905065775, -0.00021189518156461418, 0.03210914507508278, 0.03868904337286949, -0.00894018355756998, -0.02547154575586319, 0.04433847963809967, -0.03580980375409126, -0.007352783810347319, -0.007461994420737028, 0.008394073694944382, 0.016212472692131996, -0.0026502583641558886, 0.0007451038109138608, -0.0013077467447146773, 0.04276769235730171, -0.04449198395013809, -0.01918763853609562, -0.017468472942709923, 0.008078237995505333, 0.0038620661944150925, 0.040841251611709595, -0.011939626187086105, -0.030496230348944664, -0.025605997070670128, -0.0218936949968338, -0.04000097140669823, -0.004260295536369085, -0.0004837160522583872, 0.005230541341006756, -0.022286998108029366, -0.0023338478058576584, -0.018416421487927437, -0.07937653362751007, -0.01177892368286848, 0.012259424664080143, -0.06009134650230408, 0.03387559577822685, -0.01192007027566433, -0.002213129773736, -0.06407690048217773, -0.030803322792053223, 0.0032287382055073977, -0.020444167777895927, 0.0034533385187387466, 0.009736322797834873, 0.0033353324979543686, -0.06961987912654877, -0.02879444696009159, 0.018982717767357826, -0.03358286991715431, -0.010434660129249096, -0.0177934467792511, 0.036458685994148254, 0.08359503746032715, -0.010552942752838135, -0.024941978976130486, -0.012851978652179241, 0.012588772922754288, -0.032880350947380066, -0.06344640254974365, -0.0058016045950353146, 0.019851990044116974, 0.005309648811817169, 0.014542492106556892, -0.03226974979043007, -0.011279268190264702, -0.03097313642501831, 0.02757691964507103, -0.041989412158727646, 0.00939578004181385, -0.021085547283291817, 0.006915085483342409, 0.036018259823322296, -0.024365728721022606, 0.025813745334744453, 0.001314067281782627, 0.024714086204767227, 0.012937016785144806, 0.0029651857912540436, 0.011613190174102783, -0.0184223260730505, 0.009409446269273758, 0.0032504291739314795, -0.07018405944108963, -0.025173529982566833, 0.0019835883285850286, -0.011122118681669235, -0.013450611382722855, -0.026372775435447693, -0.005506289657205343, 0.018967121839523315, -0.018563861027359962, -0.026114128530025482, 0.06193418428301811, 0.04383699968457222, 0.055912986397743225, 0.0018355558859184384, 0.04510461539030075, 0.002667799824848771, -0.0004635322839021683, -0.014423690736293793, 0.016994314268231392, 0.03445439040660858, 0.01991155371069908, -0.002363990293815732, -0.010625263676047325, 0.05930504947900772, -0.024139219895005226, 0.005209924187511206, -0.009823489934206009, -0.010827790945768356, 0.05040249228477478, -0.029687980189919472, 0.047783028334379196, 0.01459004171192646, 0.03030184656381607, 0.008988005109131336, 0.03426272049546242, -0.03421511873602867, -0.0058602700009942055, -0.04314028099179268, -0.043912164866924286, 0.021614233031868935, -0.016481030732393265, 0.00796253327280283, -0.023656442761421204, -0.014074605889618397, -0.043894678354263306, 0.05190515145659447, 0.0296903308480978, -0.009927099570631981, -0.038452692329883575, -0.0013691084459424019, 0.044206179678440094, 0.02856339141726494, -0.00924197118729353, -0.015111912041902542, 0.0164946299046278, -0.018879786133766174, 0.02101699262857437, 0.04472611844539642, -0.028569946065545082, 0.004570736549794674, -0.0036876255180686712, -0.019774585962295532, 0.0023742408957332373, -0.030307786539196968, 0.041567232459783554, -0.013656646013259888, 0.035316333174705505, 0.01146190520375967, 0.026962514966726303, 0.044912394136190414, -0.020279811695218086, 0.07016071677207947, -0.029720626771450043, 0.0587741956114769, 0.05900448560714722, 0.01468687690794468, -0.009965727105736732, -0.03456985950469971, -0.02061307057738304, -0.03199704736471176, 0.03014155849814415, -0.037169113755226135, 0.012420305982232094, 0.01589268632233143, -0.018721507862210274, 0.08770500868558884, 0.006506354082375765, -0.04067387804389, -0.011072774417698383, -0.017407862469553947, -0.010188847780227661, -0.025065788999199867, -0.005708171520382166, 0.03553023189306259, 0.008456730283796787, 0.03594771772623062, 0.026368901133537292, -0.02023831568658352, 0.018843606114387512, -0.0029313538689166307, -0.013668318279087543, -0.017093796283006668, 0.02891203947365284, 0.02597743645310402, 0.01508466899394989, -0.016943415626883507, 0.02417176403105259, 0.007279850542545319, -0.02251233346760273, -0.04407043382525444, -0.0740639790892601, 0.0038952045142650604, 0.0386594757437706, 0.03858129680156708, -0.0003314005152788013, 0.020537130534648895, -0.09179477393627167, -0.059804223477840424, -0.012783556245267391, 0.00914901401847601, 0.009260352700948715, 0.012775292620062828, 0.020136920735239983, 0.03225688263773918, -0.035444073379039764, 0.03615056723356247, 0.019749293103814125, 0.01425093226134777, -0.0031117871403694153, 0.047148995101451874]",,
15_1_0_errors_large_page_data_mdx_section_1,section,15_1_0_errors_large_page_data_mdx,Large Page Data - Why This Error Occurred,,{},15.1.0,"One of your pages includes a large amount of page data (>= 128kB). This can negatively impact performance since page data must be parsed by the client before the page is hydrated.
",,"[(np.int64(180), np.float64(0.04662267118692398)), (np.int64(238), np.float64(0.03834810480475426)), (np.int64(297), np.float64(0.022480417042970657)), (np.int64(3293), np.float64(0.174307718873024)), (np.int64(11809), np.float64(0.198099285364151)), (np.int64(14231), np.float64(0.2284850776195526)), (np.int64(44084), np.float64(0.15989601612091064)), (np.int64(64240), np.float64(0.13053399324417114)), (np.int64(181268), np.float64(0.15010732412338257)), (np.int64(212059), np.float64(0.2766258120536804))]","[0.0034988897386938334, 0.015284019522368908, -0.047557711601257324, -0.02446281723678112, -0.040949009358882904, -0.03862868994474411, -0.0028132586739957333, -0.001765062683261931, -0.024670304730534554, -0.010699700564146042, 0.0001323890028288588, -0.002155628288164735, -0.01869547925889492, -0.016777608543634415, 0.0076906741596758366, 0.01901264861226082, -0.008789056912064552, -0.03016206994652748, -0.002174506662413478, 0.0022619429510086775, -0.0024210396222770214, 0.02538544498383999, -0.005074434448033571, 0.02109077014029026, -0.0013827065704390407, 0.0068719577975571156, -0.028725186362862587, -0.0043285926803946495, 0.020209897309541702, 0.0025483493227511644, 0.01718003675341606, -0.015250669792294502, 0.057809337973594666, -0.002442992990836501, -0.017315024510025978, -0.06890612095594406, -0.008082738146185875, -0.03995136916637421, -0.02668766863644123, 0.003445751965045929, -0.010241825133562088, 0.007129558827728033, 0.019767601042985916, -0.0016528201522305608, 0.014972581528127193, -0.042006269097328186, 0.023837024345993996, -0.02482396364212036, -0.06289491057395935, 0.0002297017490491271, 0.013517504557967186, -0.04447326809167862, 0.024291884154081345, -0.045046668499708176, -0.016986122354865074, 0.015554525889456272, 0.005075078457593918, -0.004318390041589737, -0.000267658761003986, 0.018889451399445534, -0.03595083951950073, 0.0022049308754503727, -0.019667165353894234, -0.05316847190260887, -0.0030080287251621485, 0.07065137475728989, -0.021727602928876877, 0.0315651036798954, -0.0436321496963501, -0.04823906347155571, -0.012234053574502468, 0.03242040425539017, 0.002060916740447283, 0.010308083146810532, -0.05730810388922691, 0.0022572202142328024, -0.03305145725607872, 0.02268398553133011, -0.03724368289113045, 0.026189561933279037, 0.03529242053627968, -0.029166750609874725, 0.02139311656355858, -0.02461584098637104, -0.029565434902906418, 0.02338990941643715, -0.04856060445308685, -0.015571334399282932, 0.07025542855262756, 0.028033586218953133, 0.01968921162188053, -0.02214723452925682, 0.059452902525663376, -0.019870130345225334, -0.023404436185956, 0.009127606637775898, -0.014916759915649891, -0.01865033619105816, 0.03915272280573845, 0.0241754949092865, 0.013298059813678265, 0.013280574232339859, 0.007809368893504143, 0.004207152407616377, 0.007710382807999849, -0.000311748415697366, 0.04604091867804527, 0.0014755930751562119, -0.013685896061360836, -0.015055440366268158, 0.0024817839730530977, 0.007887384854257107, 0.04022861644625664, -0.010427357628941536, -0.0019283919828012586, 0.04241703823208809, -0.01239710208028555, 0.002595999278128147, 0.000498445238918066, -0.014577038586139679, 0.01808720827102661, 0.03106941469013691, 0.0263777244836092, -0.024695582687854767, -0.00839665811508894, -0.007021759636700153, -0.03637748211622238, -0.0032065652776509523, 0.044921595603227615, 0.02166026271879673, -0.009623299352824688, 0.036523979157209396, -0.017826136201620102, -0.007236138451844454, -0.04676216095685959, 0.012935193255543709, 0.05047021433711052, 0.06241608411073685, -0.010898309759795666, -0.039618391543626785, 0.018553948029875755, 0.019699642434716225, -0.021563246846199036, -0.041981276124715805, 0.03419479355216026, -0.049950841814279556, 0.05324242636561394, -0.0013446439988911152, -0.030731292441487312, -0.020330242812633514, -0.0472082793712616, 0.022618040442466736, 0.04202171787619591, -0.018593277782201767, -0.028889192268252373, -0.05551468953490257, 0.015013066120445728, 0.004005944821983576, 0.009318268857896328, 0.0004225954762659967, -0.020784208551049232, -0.023889916017651558, -0.037331026047468185, -0.0031414648983627558, 0.020545311272144318, -0.0038993884809315205, -0.010004392825067043, 0.051286015659570694, -0.03419797495007515, -0.005870765075087547, 0.041008949279785156, -0.015845704823732376, 0.007980366237461567, 0.02889849990606308, -0.009542861953377724, 0.03661671280860901, 0.10666758567094803, 0.03245564550161362, 0.0008037001243792474, -0.030731702223420143, -0.006348075345158577, 0.006399920210242271, -0.003342285053804517, -0.025732437148690224, -0.038780853152275085, -0.005282213445752859, -0.0017841552617028356, 0.0264855045825243, -0.012535003945231438, -0.0010731989750638604, 0.01952137053012848, -0.029315216466784477, 0.008899354375898838, 0.014197753742337227, 0.005762498825788498, -0.04186014458537102, 0.009956770576536655, 0.053674325346946716, 0.005439470987766981, 0.003403902519494295, 0.03282502293586731, 0.03409718722105026, 0.004213036969304085, 0.0026968505699187517, -0.025474008172750473, -0.011225339025259018, -0.058222368359565735, -0.04064526408910751, -0.0031192684546113014, -0.029838059097528458, 0.018473276868462563, -0.07650882750749588, -0.013763920404016972, 0.01881815865635872, -0.06466780602931976, 0.011619794182479382, -0.004982087295502424, -0.004741795361042023, -0.004770985338836908, -0.06415648758411407, -0.02312103658914566, -0.008151520974934101, 0.021375706419348717, -0.021510448306798935, 0.011960516683757305, 0.027757171541452408, -0.007181303109973669, 0.021522298455238342, 0.012798362411558628, 0.006666552275419235, -0.027366694062948227, 0.018226074054837227, 0.03170044347643852, 0.00744684599339962, 0.06308290362358093, -0.05250031128525734, -0.021140042692422867, -0.01086355373263359, -0.02476893924176693, -0.0161796435713768, 0.004444158170372248, -0.04398699849843979, 0.014486332423985004, 0.0014240795280784369, -0.03727070614695549, 0.01666862703859806, -0.027995198965072632, 0.07156038284301758, -0.0270991250872612, 0.02420574054121971, 0.023290488868951797, 0.03374573960900307, -0.02591974288225174, -0.029730040580034256, 0.028494007885456085, -0.004153737798333168, 0.05706758424639702, -0.004597935359925032, -0.04913316294550896, -0.031194007024168968, 0.010323358699679375, 0.014907787553966045, 0.026199642568826675, 0.014471977949142456, 0.022825218737125397, -0.05041594058275223, -0.022793930023908615, -0.021974608302116394, 0.03773687034845352, 0.03867046907544136, -0.03679155185818672, -0.04201113432645798, -0.0009520642342977226, 0.018978388980031013, -0.007720388937741518, 0.06673616170883179, -0.04639793559908867, 0.05012054741382599, 0.054336000233888626, 0.04310493543744087, 0.005907486192882061, 0.03875792399048805, 0.024133045226335526, 0.0018070187652483582, 0.05352942645549774, -0.00970232393592596, -0.031740035861730576, -0.018965432420372963, 0.03368693217635155, 0.01598331145942211, -0.007139069959521294, 0.01442026812583208, 0.05104011297225952, 0.025508403778076172, 0.0014716334408149123, -0.015818674117326736, -0.004406082443892956, -0.17175622284412384, -0.003735912498086691, 0.013435455039143562, 0.00013133167522028089, -0.013321731239557266, 0.023344306275248528, -0.018443254753947258, -0.024593370035290718, -0.05417096987366676, 0.0017700043972581625, -0.0330050028860569, -0.056580740958452225, -0.03126516938209534, -0.03832187131047249, -0.003395660547539592, 0.00951476488262415, 0.011692309752106667, 0.020970240235328674, 0.02598968893289566, -0.01826651208102703, -0.026349486783146858, -0.005685232114046812, 0.058208733797073364, -0.030228517949581146, -0.04086828976869583, -0.009381402283906937, 0.0228191576898098, 0.06778980791568756, -0.05044827237725258, -0.03566814586520195, -0.03528115898370743, 0.017245065420866013, 0.0060680634342134, 0.012639111839234829, 0.017742158845067024, 0.02570675127208233, 0.02657625451683998, -0.013780413195490837, 0.01562766544520855, -0.016309358179569244, 0.017821047455072403, 0.0005418414948508143, 0.00932320300489664, 0.0180986188352108, 0.02147088572382927, -0.037109196186065674, -0.026379479095339775, -0.016734257340431213, -0.02125357650220394, -0.040411122143268585, 0.048582110553979874, -0.017297087237238884, 0.030088482424616814, 0.009189451113343239, -0.0802108496427536, -0.011005294509232044, 0.03758079931139946, 0.08278209716081619, -0.000507280754391104, 0.020055480301380157, 0.008393296971917152, -0.03332335874438286, 0.01794549822807312, 0.009019104763865471, -0.016031628474593163, -0.01675543002784252, 0.015355383045971394, -0.0008678129524923861, 0.022673556581139565, -0.03984174504876137, 0.0278145931661129, 0.03589845448732376, -0.0075442916713654995, -0.03437759354710579, 0.017419658601284027, 0.014507605694234371, -0.05022821202874184, -0.023906702175736427, 0.0035748251248151064, -0.1026027724146843, 0.031281016767024994, 0.00884727668017149, -0.009182002395391464, 0.02501720003783703, -0.03332286700606346, -0.01581409201025963, 0.018202561885118484, 0.002960189478471875, 0.048484303057193756, 0.2461240142583847, -0.03139844536781311, 0.013339266180992126, 0.04012797772884369, 0.03377914801239967, -0.014810106717050076, -0.007687202654778957, 0.05936818569898605, 0.014758048579096794, -0.02452961355447769, -0.004074280150234699, 0.004615447483956814, -0.03199388459324837, 0.015225905925035477, -0.022546328604221344, -0.007694524712860584, -0.043766364455223083, -0.000389960128813982, 0.07243464142084122, -0.026543842628598213, 0.020344430580735207, -0.01581229455769062, 0.05561244487762451, 0.029455291107296944, -0.013414728455245495, -0.05876118689775467, 0.011759615503251553, -0.005888551007956266, -0.011893457733094692, 0.016818437725305557, -0.04094575718045235, -0.013105528429150581, 0.043651189655065536, -0.0431428961455822, -0.028014184907078743, 0.010424763895571232, 0.004610653966665268, 0.027306558564305305, -0.008079278282821178, 0.00662644486874342, -0.005700519774109125, -0.040450893342494965, -0.05406976863741875, 0.01510335598140955, -0.016019126400351524, -0.03539900854229927, -0.00481790117919445, -0.038222312927246094, 0.0016300600254908204, -0.02734210342168808, -0.03832537680864334, 0.023158084601163864, -0.005667691119015217, 0.018940376117825508, 0.04596256837248802, -0.006252010352909565, 0.0013060454512014985, 0.011198746971786022, -0.02468905970454216, 0.05509337782859802, 0.0007466424140147865, 0.00486244261264801, -0.03384357690811157, 0.045322708785533905, 0.004619804210960865, 0.0369909442961216, -0.027478216215968132, -0.035410989075899124, 0.01002743560820818, 0.015842990949749947, -0.026356935501098633, -0.013110307045280933, 0.01667885296046734, -0.02210068702697754, 0.02667110785841942, -0.04229207709431648, -0.025872794911265373, 0.07581522315740585, -0.03835901618003845, -0.0017286073416471481, -0.04151517525315285, -0.006240545306354761, -0.05686222016811371, -0.011033930815756321, 0.006862720940262079, 0.020931405946612358, 0.022102894261479378, 0.0719229206442833, -0.03460203483700752, -0.026799073442816734, -0.018147122114896774, 0.00477091409265995, 0.009384842589497566, -0.03555107116699219, 0.010220898315310478, 0.007928228005766869, -0.024302484467625618, -0.04026033729314804, -0.005651562009006739, -0.020995723083615303, -0.054282695055007935, -0.004008805379271507, -0.014278460294008255, -0.006948268972337246, 0.014420852065086365, 0.06661205738782883, 0.004710138775408268, -0.01393186766654253, -0.010511449538171291, 0.037935853004455566, -0.042218975722789764, 0.014551807194948196, 0.026694893836975098, -0.013503859750926495, 0.018188998103141785, 0.0218967255204916, -0.028724920004606247, 0.08061477541923523, 0.07599551230669022, 0.048721522092819214, -0.058730050921440125, 0.01954883709549904, 0.03192420303821564, -0.018497919663786888, 0.039920374751091, -0.009817561134696007, 0.011717288754880428, 0.015387304127216339, 0.015791896730661392, -0.011148995719850063, 0.030002126470208168, -0.0526161789894104, -0.04570541903376579, 0.027400024235248566, 0.015981284901499748, -0.01441021915525198, 0.016274714842438698, 0.0014943178975954652, 0.014709624461829662, 0.05074398219585419, -0.029859738424420357, -0.05346662923693657, 0.006751920562237501, 0.01712646707892418, 0.013796338811516762, 0.02479405514895916, -0.04011980816721916, -0.004095330368727446, 0.007631288841366768, 0.010959813371300697, 0.0064620571210980415, 0.06639711558818817, 0.04442567005753517, -0.008196293376386166, -0.0613226555287838, -0.06354250013828278, -0.03696546331048012, 0.003978276159614325, -0.0057705845683813095, -0.0054253991693258286, -0.013429125770926476, -0.0012152462732046843, 0.008683538995683193, 0.05877320468425751, 0.014573226682841778, -0.007045703940093517, 0.045244183391332626, 0.022668171674013138, -0.049677059054374695, -0.0023382597137242556, 0.025065604597330093, 0.025680338963866234, -0.019876180216670036, 0.047915831208229065, 0.007156275678426027, 0.0038931635208427906, -0.01740964874625206, 0.033781472593545914, -0.0005173356039449573, 0.023154692724347115, 0.030583113431930542, 0.008381810039281845, -0.03206262364983559, 0.007429367862641811, -3.045270022994373e-05, 0.03689759597182274, -0.004276895895600319, -0.02565358579158783, 0.034422703087329865, -0.019626282155513763, 0.004505924414843321, 0.09536343812942505, -0.03528588265180588, -0.007102428004145622, 0.041980817914009094, 0.017625177279114723, 0.02380417473614216, 0.07297816872596741, -0.013786550611257553, 0.041589830070734024, 0.009155706502497196, 0.0007976194610819221, 0.028242778033018112, 0.015016174875199795, -0.012205995619297028, 0.005336688831448555, 0.038837019354104996, -0.021745748817920685, -0.0300215482711792, 0.037277702242136, -0.021931547671556473, 0.002651846269145608, -0.06175602972507477, -0.008595995604991913, -0.004869403317570686, -0.029403481632471085, -0.006907934322953224, 0.031793054193258286, 0.007779173087328672, 0.015297300182282925, 0.02842257358133793, 0.014873333275318146, 0.0005928801838308573, -0.032673429697752, -0.000253443606197834, -0.03839555382728577, 0.008165394887328148, -0.01776455156505108, -0.00886763259768486, 0.007366003002971411, -0.007311314810067415, -0.0027528172358870506, 0.033564403653144836, -0.009030906483530998, -0.019139671698212624, -0.030456408858299255, 0.02395838126540184, 0.012054337188601494, -0.02638542465865612, -0.05029936879873276, -0.01284125167876482, 0.04835609719157219, 0.013726988807320595, 0.023025892674922943, -0.03645353764295578, -0.027001459151506424, -0.03342277929186821, -0.031990282237529755, -0.029851719737052917, 0.0018715228652581573, 0.006217143498361111, -0.0055255345068871975, -0.015227065421640873, -0.015777625143527985, 0.025937354192137718, 0.011933812871575356, -0.011404115706682205, -0.003942903596907854, -0.00958961434662342, -0.05256976559758186, -0.010620898567140102, 0.0057596685364842415, 0.011019526049494743, -0.0013117193011566997, 0.020266737788915634, -0.03841288387775421, 0.022691955789923668, -0.03694896772503853, -0.015936745330691338, -0.0205620639026165, 0.01437340397387743, -0.029565801844000816, -0.03200370818376541, -0.07354719936847687, 0.0290765892714262, -0.05836646258831024, 0.03484843671321869, 0.01319699827581644, -0.0010006162337958813, -0.05159986764192581, -0.07014382630586624, 0.017686622217297554, 0.006749127991497517, -0.002235420746728778, -0.00963924266397953, -0.010429088957607746, 0.012908294796943665, -0.010378220118582249, -0.00813240371644497, -0.00989548210054636, 0.03403804451227188, -0.026685262098908424, -0.0437418557703495, 0.043205250054597855, -0.026454493403434753, -0.0020630722865462303, 0.0010195375652983785, 0.05349014326930046, -0.005539301782846451, 0.04705899953842163, -0.0033749714493751526, 0.01511626411229372, -0.013208352029323578, -0.007434687577188015, 0.004320519510656595, 0.01999484747648239, -0.04825977608561516, 0.007710306905210018, 0.029524995014071465, 0.015917589887976646, 0.00021862777066417038, -0.059579361230134964, -0.027988193556666374, 0.02862291969358921, 0.028079209849238396, -0.013581073842942715, 0.0485556498169899, 0.016614502295851707, -0.002471271203830838, -0.016876747831702232, 0.00654170848429203, -0.019503382965922356, -0.02510136179625988, 0.02792445756494999, -0.039037760347127914, -0.0022487398236989975, -0.040794942528009415, -0.0339888259768486, -0.010666541755199432, 0.021084778010845184, -0.01404536608606577, -0.006170842330902815, -0.022547176107764244, -0.08308767527341843, 0.040640171617269516, -0.02121174894273281, 0.0339166559278965, -0.06425416469573975, 0.050165265798568726, -0.01780044473707676, 0.0008896988001652062, -0.02480119839310646, 0.036694809794425964, -0.012231510132551193, -0.00986776314675808, 0.023120110854506493, 0.00886878464370966, 0.029034042730927467, -0.03519679978489876, 0.009416384622454643, 0.006365943234413862, 0.0014856689376756549, -0.03124287538230419, -0.020067866891622543, 0.0030016214586794376, -0.045358069241046906, -0.016634754836559296, -0.0022329003550112247, 0.05308323726058006, 0.03622690960764885, 0.007802774664014578, 0.015163586474955082, -0.01571519300341606, 0.00605040742084384, 0.03998914733529091, 0.009785620495676994, -0.006702324841171503, 0.0014196105767041445, -0.009182894602417946, -0.010792181827127934, 0.01543809287250042, 0.034525591880083084, -0.004182231612503529, 0.02730283886194229, -0.02801692858338356, 0.07684241980314255, -0.015842987224459648, 0.034688349813222885, 0.04405718669295311, -0.016075430437922478, 0.016057342290878296, -0.03602469712495804, -0.012520774267613888, -0.0027908978518098593, 0.02208000048995018, -0.03646714985370636, -0.02749037742614746, -0.016365211457014084, 0.028915105387568474, 0.0074829226359725, -0.006864605005830526, -0.004662142600864172, -0.026467114686965942, 0.03862633928656578, -0.1340888887643814, 0.05354085564613342, -0.01393408328294754, 0.01617802307009697, -0.005513928364962339, -0.030062563717365265, 0.02370310388505459, -0.03629015386104584, -0.006063629873096943, -0.04403788596391678, -0.023419218137860298, -0.02106948383152485, 0.004799283109605312, -0.03073778934776783, -0.023889444768428802, 0.01889270544052124, 0.005105555057525635, -0.013192981481552124, -0.0012226458638906479, 0.07537239789962769, 0.03501484915614128, -0.0011638435535132885, -0.018368540331721306, 0.003620358183979988, -0.03499837592244148, 0.004742416553199291, 0.012468475848436356, 0.008039546199142933, -0.03166429325938225, 0.006378252059221268, 0.03563708811998367, -0.006822522263973951, 0.020356688648462296, 0.032989297062158585, -0.019490813836455345, 0.0075520179234445095, 0.027829591184854507, -0.026034977287054062, 5.310836058924906e-05, 0.010500974953174591, -0.017985453829169273, 0.023408623412251472, 0.018614571541547775, -0.009123694151639938, -0.0012138828169554472, 0.05971739813685417, -0.046440720558166504, -0.027909178286790848, -0.05338095501065254, -0.014004429802298546, -0.027334507554769516, -0.008228370919823647, -0.0010701051214709878, -0.07576145231723785, -0.023205596953630447, 0.010814647190272808, -0.04936465248465538, 0.0007488019182346761, -0.002524268114939332, 0.024879977107048035, 0.015746256336569786, 0.016113068908452988, -0.043363869190216064, -0.0230712927877903, -0.024700848385691643, -0.0027029698248952627, -0.0828041210770607, 0.013270458206534386, 0.012203805148601532, 0.015244614332914352, -0.07139302790164948, -0.015615511685609818, 0.019566195085644722, -0.01930597797036171, 0.0022904081270098686, 0.03867645934224129, -0.018168315291404724, -0.04313216730952263, 0.012900141067802906, -0.009354371577501297, -0.007477087900042534, -0.0036634299904108047, -0.013572591356933117, 0.01905190758407116, 0.08740529417991638, 0.039700236171483994, -0.02424834854900837, 0.008274465799331665, 0.01103035919368267, 0.002707601524889469, -0.07000941038131714, -0.022550061345100403, -0.010967520996928215, -0.025035440921783447, -0.028356963768601418, -0.013997811824083328, -0.026447413489222527, -0.0005647528450936079, 0.007464988622814417, -0.031143106520175934, 0.0017753387801349163, -0.002891563344746828, -0.007016504183411598, 0.012058064341545105, 0.00013318889250513166, 0.05911712348461151, -0.00934784859418869, 0.004073766525834799, 0.0023023171816021204, -0.010607663542032242, 0.038662929087877274, 0.014612458646297455, 0.022629033774137497, 0.015516058541834354, -0.06854820251464844, -0.03818211704492569, -0.0028434565756469965, -0.00979622546583414, 0.005506098736077547, 0.0067872339859604836, 0.004205317702144384, -0.01152763795107603, -0.03802989050745964, -0.03035452961921692, 0.040640365332365036, 0.02721513994038105, 0.03138156235218048, 0.0068580410443246365, 0.033774394541978836, -0.026148831471800804, 0.018272098153829575, -0.01402131374925375, 0.023245442658662796, 0.02252948097884655, 0.011807039380073547, 0.007178773637861013, 0.029876358807086945, 0.04594019800424576, -0.022437864914536476, 0.03155486285686493, -0.018826832994818687, -0.009589596651494503, 0.007568241562694311, -0.0017988700419664383, 0.014264359138906002, -0.0009228122071363032, 0.03202885016798973, 0.012118430808186531, 0.03804739564657211, -0.023546000942587852, -0.036086417734622955, -0.016833417117595673, -0.02082960121333599, 0.0004104594117961824, -0.013556246645748615, -0.01533514354377985, -0.0047730738297104836, -0.005738081410527229, -0.017140381038188934, 0.06460311263799667, 0.01884257234632969, -0.02681787684559822, -0.044229742139577866, -0.022263118997216225, 0.017115198075771332, 0.029730692505836487, -0.02253253571689129, -0.032321326434612274, 0.016668999567627907, -0.02228839509189129, 0.03172377869486809, 0.03370651975274086, -0.03892550617456436, -0.009979305788874626, -0.016283508390188217, 0.013320360332727432, -0.0016104691894724965, -0.020478282123804092, 0.027882419526576996, -0.0009310801979154348, 0.04313412681221962, 0.017748525366187096, 0.0446648895740509, 0.047025326639413834, -0.005981936119496822, 0.060392968356609344, -0.03388947620987892, 0.03541402891278267, 0.06803061813116074, 0.013205742463469505, -0.03598322346806526, -0.004040147177875042, -0.030314847826957703, -0.027150128036737442, 0.03179793059825897, -0.023983042687177658, 0.008022800087928772, 0.059151314198970795, -0.005638303700834513, 0.07197780162096024, 0.0037288947496563196, -0.04289718717336655, -0.00679036183282733, 0.018528461456298828, -0.005524240899831057, 0.007625518832355738, 7.682535942876711e-05, 0.020156405866146088, -0.021610591560602188, 0.007905849255621433, 0.0162897240370512, -0.020976359024643898, -0.005251346621662378, -0.01562989130616188, -0.005651349667459726, -0.02437944896519184, 0.046716224402189255, -0.02871318720281124, 0.016365574672818184, -0.015346379950642586, 0.004499770235270262, 0.009618397802114487, -0.019414396956562996, 0.013678863644599915, -0.04422324523329735, -0.020794600248336792, 0.04532354325056076, 0.05228112265467644, -0.06400229036808014, 0.04545184597373009, -0.06661367416381836, -0.05405833572149277, -0.017479008063673973, -0.01020191702991724, 0.001582370139658451, 0.014298333786427975, -0.017746400088071823, 0.03161269798874855, -0.03140751272439957, 0.01996120624244213, 0.023105626925826073, 0.022126255556941032, -0.011774897575378418, 0.04600019380450249]",,
15_1_0_errors_large_page_data_mdx_section_2,section,15_1_0_errors_large_page_data_mdx,Large Page Data - Possible Ways to Fix It,,{},15.1.0,"Reduce the amount of data returned from ``, ``, or `` to only the essential data to render the page. The default threshold of 128kB can be configured in `` if absolutely necessary and the performance implications are understood.
To inspect the props passed to your page, you can inspect the below element's content in your browser devtools:
",,"[(np.int64(7), np.float64(0.031696826219558716)), (np.int64(47), np.float64(0.05892046540975571)), (np.int64(1650), np.float64(0.11926938593387604)), (np.int64(2661), np.float64(0.10590550303459167)), (np.int64(11809), np.float64(0.2601732611656189)), (np.int64(14231), np.float64(0.272381067276001)), (np.int64(42261), np.float64(0.13106593489646912)), (np.int64(96746), np.float64(0.2516908645629883)), (np.int64(115861), np.float64(0.15396934747695923)), (np.int64(181268), np.float64(0.20114929974079132))]","[-0.025051036849617958, -0.008019962348043919, -0.0375865176320076, 0.016123725101351738, -0.03582213446497917, -0.03516767546534538, 0.02903800457715988, 0.000565038644708693, -0.00867791473865509, 0.010596811771392822, -0.01896050199866295, 0.028388895094394684, 0.011287056840956211, 0.018604055047035217, 0.036783941090106964, 0.03175744786858559, 0.002686137333512306, -0.015971684828400612, 0.031906552612781525, 0.0010076224571093917, -0.02924695983529091, 0.025166431441903114, 0.00038895971374586225, 0.03356551378965378, 0.03486747294664383, 0.042552147060632706, -0.016744965687394142, -0.002978958422318101, 0.002910531358793378, 0.05013783648610115, 0.019948897883296013, -0.037235960364341736, 0.059679064899683, -0.003223665291443467, -0.024164211004972458, -0.05067570134997368, -0.028382008895277977, -0.048957839608192444, -0.03474696725606918, -0.0005125094903632998, -0.026623180136084557, -0.029013190418481827, 0.017294446006417274, 0.011503196321427822, 0.025702325627207756, -0.028881806880235672, 0.024141959846019745, -0.04295613616704941, -0.010814103297889233, -0.01800738088786602, -0.015152504667639732, -0.01916634663939476, 0.03165154159069061, -0.08778233081102371, -0.0011491307523101568, 0.03782595694065094, -0.03963630646467209, -0.009272072464227676, 0.0017795299645513296, 0.03218473121523857, -0.04179590940475464, -0.02311387099325657, -0.02233390510082245, -0.016493063420057297, 0.03996802121400833, 0.0360652320086956, -0.012229311279952526, -0.01049521192908287, -0.02878510020673275, -0.009902095422148705, -0.026248805224895477, 0.04007739573717117, -0.06396476924419403, 0.006068806629627943, -0.035786304622888565, 0.035598024725914, 0.014296564273536205, 0.010570290498435497, 0.006424275692552328, 0.04193239286541939, 0.021883508190512657, 0.002350232098251581, -0.006545805372297764, 0.012986322864890099, 0.021976428106427193, 0.03686550259590149, -0.03389992192387581, -0.030806707218289375, 0.028424708172678947, -0.011765200644731522, -0.0005946458550170064, 0.001521963975392282, 0.03920141980051994, -0.03964560106396675, -0.0057186284102499485, -0.0008964575827121735, 0.007318385411053896, -0.004714211914688349, 0.03764793276786804, -0.004363826476037502, 0.024303574115037918, -0.0020002154633402824, 0.002460358664393425, 0.01551609206944704, 0.044770997017621994, 0.011551927775144577, 0.06778557598590851, 0.0028518815524876118, -0.010794971138238907, -0.0431022122502327, -0.014640179462730885, 0.005926918238401413, 0.011442284099757671, -0.007938075810670853, -0.003722918452695012, -0.014453566633164883, -0.0007434127037413418, -0.008209070190787315, -0.006164280232042074, -0.03276028484106064, 0.056400224566459656, 0.02874513529241085, 0.011549112387001514, -0.017226099967956543, -0.0038865013048052788, -0.016215872019529343, -0.0016996433259919286, 0.016997521743178368, 0.03797536343336105, 0.033905744552612305, 0.01378217525780201, 0.021721355617046356, -0.004687816370278597, 0.011334491893649101, -0.06654182821512222, -0.028586531057953835, 0.020341480150818825, 0.0620218887925148, -0.023813383653759956, -0.054657865315675735, 0.03890209272503853, 0.0006985427462495863, -0.01889568567276001, -0.05232493206858635, 0.007600222248584032, -0.057538244873285294, 0.05332706496119499, 0.016847984865307808, 0.01832689717411995, -0.008159531280398369, -0.04074642062187195, 0.04272544011473656, 0.026480410248041153, -0.05328156054019928, 0.049349185079336166, -0.015164087526500225, 0.03463979437947273, -0.004851594567298889, 0.008663641288876534, 0.05771071836352348, -0.030897563323378563, 0.0032128540333360434, -0.03270239010453224, 0.0025598611682653427, 0.03505896031856537, -0.02456994540989399, -0.009573669172823429, 0.048217661678791046, -0.026073845103383064, -0.03279559314250946, 0.047751110047101974, -0.06206340715289116, 0.08552614599466324, 0.030948569998145103, -0.0122733348980546, 0.03775305300951004, 0.050763923674821854, 0.02698182687163353, -0.00993458554148674, -0.019469577819108963, -0.004696409218013287, 0.03672315925359726, 0.00010070711141452193, -0.007974627427756786, -0.05321087688207626, 0.03169332817196846, 0.034565798938274384, -0.01603458635509014, -0.014097551815211773, 0.02116241864860058, 0.02275325544178486, 0.0003698912914842367, 0.00868688803166151, 0.005039445124566555, 0.013486850075423717, -0.028254494071006775, -0.03701243922114372, -0.003994673490524292, -0.01938718929886818, -0.041095588356256485, 0.014047163538634777, 0.011312990449368954, 0.008055482059717178, -0.03433842957019806, -0.0382886566221714, -0.0026305217761546373, -0.0335109643638134, -0.044265057891607285, 0.01366373896598816, -0.029814396053552628, -0.04074263572692871, 0.001785778789781034, 0.021802585572004318, 0.03959168121218681, -0.024362942203879356, 0.01438943948596716, 0.01706898957490921, -0.01637089252471924, 0.02137754112482071, -0.03538849204778671, -0.019966714084148407, -0.012965499423444271, -0.0019749272614717484, -0.016295356675982475, -0.022354893386363983, 0.013277401216328144, -0.03489930182695389, 0.008050567470490932, 0.011916899122297764, -0.004481734707951546, -0.027570199221372604, 0.02814576029777527, 0.042381979525089264, 0.002630341099575162, 0.04889296740293503, -0.0600946769118309, -0.02835048921406269, 0.008926941081881523, -0.021464359015226364, -0.0018923163879662752, -0.02281789667904377, -0.02921215258538723, 0.019983608275651932, 0.005287274718284607, -0.017358485609292984, 0.0003818174300249666, -0.006165242288261652, 0.05017390474677086, -0.011260214261710644, -0.0134492889046669, 0.014759779907763004, -0.0017946305451914668, -0.020166704431176186, -0.007592754904180765, 0.05638224631547928, 0.003262275829911232, 0.013783064670860767, 0.008303533308207989, -0.04242488369345665, 0.003254231298342347, 0.026367370039224625, -0.018305253237485886, 0.020847609266638756, 0.01722538471221924, -0.002087994012981653, -0.019208090379834175, -0.044922247529029846, -0.048665355890989304, 0.027678072452545166, 0.020383823662996292, -0.021266361698508263, -0.02866937592625618, 0.03461064025759697, -0.01583511009812355, -0.031476181000471115, 0.06422565132379532, -0.03755231201648712, 0.009001090191304684, 0.03876376152038574, 0.032924309372901917, -0.03250870108604431, 0.006055322475731373, 0.06388673931360245, 0.0009466479532420635, 0.043780386447906494, 0.0005796783952973783, -0.05809804052114487, -0.004896520171314478, -0.01652873307466507, 0.01024737861007452, -0.03858301788568497, 0.02135491743683815, 0.048916757106781006, 0.005004281643778086, 0.005474903620779514, -0.044672586023807526, -0.013557547703385353, -0.16708357632160187, -0.006856927182525396, -0.001137987826950848, 0.020391933619976044, 0.01087210327386856, 0.00805919710546732, -0.014180303551256657, -0.04068130999803543, -0.021993249654769897, 0.0392279177904129, -0.03239702805876732, -0.04636942222714424, 0.009483225643634796, -0.04426547512412071, 0.031107179820537567, -0.003877738257870078, 0.021492719650268555, 0.010823910124599934, 0.016931047663092613, -0.002622810658067465, -0.02281343936920166, -0.023918915539979935, 0.0107587780803442, -0.009193895384669304, -0.011412384919822216, -0.02986774779856205, 0.05362599343061447, 0.013959416188299656, -0.02797478437423706, -0.0021359059028327465, -0.02069034054875374, 0.009476915933191776, 0.016100823879241943, 0.02411474846303463, 0.008715086616575718, -0.0003313609922770411, 0.0039258673787117004, 0.027038563042879105, -0.017842160537838936, 0.010232223197817802, 0.01860179379582405, 0.011990209110081196, -0.00509733846411109, 0.04410790279507637, 0.037748102098703384, -0.03757612779736519, -0.02420232445001602, -0.03348514810204506, 0.002388963010162115, -0.008508267812430859, 0.011837071739137173, -0.017750484868884087, 0.03335551172494888, 0.01375520508736372, -0.06914105266332626, -0.011014549061655998, 0.022737717255949974, 0.028354765847325325, -0.03301232308149338, 0.020665373653173447, 0.002920541912317276, -0.015385386534035206, 0.029063742607831955, -0.00449176412075758, -0.02769910916686058, 0.00803415384143591, 0.030921192839741707, -0.01497997809201479, 0.013546847738325596, -0.03386271372437477, -0.008481237106025219, 0.010111595503985882, 0.04753611236810684, -0.0037462913896888494, -0.040757566690444946, 0.020467562600970268, -0.020368391647934914, 0.0009081402677111328, 0.007987822405993938, -0.10306989401578903, -0.008942971006035805, -0.02626614086329937, -0.00014105672016739845, 0.023906821385025978, -0.021500570699572563, -0.03277359530329704, 0.018268993124365807, -0.003773871110752225, 0.018690336495637894, 0.2557576894760132, -0.0038696336559951305, -0.012752535752952099, 0.037803519517183304, -0.008526229299604893, 0.019100423902273178, 0.0009685675031505525, 0.08939005434513092, -0.03575223311781883, -0.008724596351385117, -0.03372061625123024, 0.014848779886960983, 0.001198674668557942, 0.00037791061913594604, 0.027051260694861412, -0.0034706583246588707, -0.056943319737911224, 7.128925517463358e-06, 0.06986361742019653, -0.021731657907366753, 0.01231219433248043, -0.011829492636024952, 0.03353887423872948, 0.056578874588012695, -0.06462834775447845, 0.017828576266765594, 0.010761087760329247, 0.019164638593792915, -0.018849704414606094, 0.027083082124590874, -0.04398735985159874, 0.014087044633924961, 0.013110046274960041, -0.03318946808576584, -0.0241869930177927, -0.01161924097687006, 0.010879680514335632, -0.04153590649366379, 0.023840604349970818, -0.004941950086504221, 0.014667239971458912, -0.015443441458046436, -0.03242415189743042, -0.0005067807505838573, -0.016258155927062035, -0.040394965559244156, 0.005677676759660244, -0.04165928438305855, 0.017509115859866142, -0.018834687769412994, -0.01620239019393921, -0.014315111562609673, 0.002576094353571534, -0.02261560782790184, -0.00885548535734415, -0.016364548355340958, -0.002069713082164526, 0.010572812519967556, -0.015764476731419563, 0.08271044492721558, 0.03013800084590912, 0.00811356958001852, -0.06589507311582565, 0.01628085970878601, -0.007270410191267729, -0.014533602632582188, -0.02541373111307621, -0.039668306708335876, 0.02346033975481987, 0.028090350329875946, -0.06052345409989357, 0.01288054883480072, -0.0028396567795425653, -0.033168088644742966, 0.00824620109051466, -0.013617322780191898, 0.015532301738858223, 0.05156884714961052, -0.03305496647953987, -0.019977351650595665, -0.052923429757356644, -0.01751714199781418, -0.023739399388432503, 0.0033567666541785, -0.009737426415085793, -0.011207201518118382, 0.016233159229159355, 0.0372958667576313, -0.0295137669891119, -0.02366778440773487, -0.018521500751376152, 0.0003471981326583773, -0.03129753842949867, 0.009409830905497074, -0.013216998428106308, 0.015219591557979584, -0.017582297325134277, -0.02888515591621399, -0.006712020840495825, -0.006400625687092543, -0.034210529178380966, -0.03235948458313942, -0.006232598330825567, -0.0217385683208704, 0.028597723692655563, -0.017916036769747734, 0.006666491273790598, -0.02397938445210457, -0.019710442051291466, -2.1025101887062192e-05, -0.04714886099100113, 0.028515299782156944, -0.01160847395658493, -0.01883349008858204, 0.004770186729729176, 0.06383214890956879, 0.02222518064081669, 0.04080148786306381, 0.05166218429803848, 0.030163593590259552, -0.015924910083413124, 0.018832344561815262, 0.04238181561231613, 0.016526609659194946, 0.0022918893955647945, 0.008072946220636368, -0.021005455404520035, 0.028492942452430725, -0.017302725464105606, 0.031126325950026512, 0.0184487197548151, -0.033400628715753555, -0.032183922827243805, 0.028335396200418472, -0.011739468201994896, -0.014547750353813171, 0.022064505144953728, -0.02157467044889927, -0.008807260543107986, 0.027190428227186203, -0.0111875394359231, -0.028422316536307335, -0.0342247411608696, 0.0339149534702301, -0.0013517476618289948, 0.013346023857593536, 0.03971881791949272, -0.026411578059196472, 0.0061392406933009624, 0.007586963940411806, 0.011960770934820175, 0.0530976764857769, 0.026363782584667206, -0.035125892609357834, -0.03294561803340912, -0.030539631843566895, -0.05269549414515495, 0.015010357834398746, -0.003641609102487564, -0.009653897024691105, -0.00802956335246563, -0.007974806241691113, 0.01645539328455925, 0.02678162418305874, -0.0015416804235428572, 0.017738953232765198, 0.005197097547352314, 0.011280128732323647, -0.030741184949874878, -0.04024909436702728, 0.0008801823714748025, -0.03811192885041237, -0.03879612684249878, -0.011349381878972054, 0.021306440234184265, -0.025543399155139923, -0.03596290200948715, 0.024863379076123238, -0.022939058020710945, 0.005700059235095978, 0.014063376002013683, 0.018192654475569725, -0.018661629408597946, -0.0064657581970095634, 0.004560425411909819, -0.016258342191576958, -0.008764774538576603, -0.011254631914198399, 0.04469551518559456, -0.04440901055932045, -0.01791614294052124, 0.10293841361999512, -0.05559436231851578, -0.012713059782981873, 0.05628326162695885, 0.012777089141309261, 0.044999998062849045, 0.044508494436740875, -0.01703995279967785, 0.014104001224040985, -0.0028242666739970446, 0.024579253047704697, 0.006530011538416147, 0.04393785074353218, -0.025694718584418297, -0.00040598426130600274, -0.015418064780533314, 0.0002738334296736866, -0.0276811346411705, -0.012332419864833355, 0.01680026203393936, 0.013138305395841599, 0.0025826029013842344, 0.01728624477982521, 0.02981913462281227, 0.011658734641969204, -0.002270466648042202, 0.05307683348655701, 0.00817306712269783, -0.035113632678985596, -0.007471836172044277, -0.004362605977803469, 0.023313062265515327, -0.04036872833967209, 0.004941084887832403, 0.048727042973041534, 0.023139560595154762, -0.013198448345065117, 0.026168938726186752, -0.011130605824291706, -0.005582280457019806, 0.014169286005198956, 0.008388783782720566, -0.021954698488116264, -0.018642744049429893, -0.038508713245391846, 0.008134542964398861, -0.0015475921100005507, 0.005768241360783577, -0.06787054240703583, 0.02951589971780777, 0.06337728351354599, 0.006750480271875858, 0.037575334310531616, -0.02952706627547741, 0.008862433955073357, 0.013226487673819065, -0.04378199577331543, -0.011724468320608139, -0.028418300673365593, -0.03639906272292137, -0.018633859232068062, -0.002396437805145979, -0.014756499789655209, 0.001899192575365305, 0.04196479171514511, -0.013231092132627964, -0.023688308894634247, -0.02395903505384922, 0.021254224702715874, 0.0018506344640627503, 0.008240202441811562, 0.002433260204270482, -0.005582089070230722, -0.04328823462128639, -0.05116969719529152, 0.041466403752565384, -0.04179568216204643, -0.03218021243810654, -0.0723528191447258, 0.004576828330755234, 0.0012572482228279114, -0.033157169818878174, -0.07395356148481369, 0.017645062878727913, -0.04007642716169357, -0.04545385390520096, -0.01842757873237133, 0.02447568252682686, -0.04425656422972679, -0.02298697642982006, -0.006062864791601896, -0.013728496618568897, 0.016926584765315056, -0.02327197603881359, 0.022540859878063202, -0.01988653466105461, -0.02520042471587658, 0.02692742459475994, -0.010542299598455429, 0.03360897675156593, -0.026895659044384956, -0.04422221705317497, 0.049102213233709335, -0.002499269787222147, 0.018314354121685028, -0.009166687726974487, 0.03084942325949669, -0.023523841053247452, 0.024665791541337967, 0.00047847465611994267, -0.004563756287097931, -0.02550513669848442, 0.02405758760869503, -0.030812008306384087, 0.020655786618590355, -0.031350504606962204, 0.053349755704402924, 0.041392359882593155, 0.01057545468211174, 0.01735539175570011, -0.06395415216684341, -0.012613387778401375, 0.01628575101494789, 0.024791644886136055, 0.00023440599034074694, 0.0624205656349659, 0.010377231985330582, 0.012302287854254246, -0.012398229911923409, 0.03473397344350815, -0.03847000002861023, -0.010415257886052132, 0.006246623583137989, -0.032139625400304794, 0.023435285314917564, -0.025253096595406532, -0.04359644651412964, 0.024267112836241722, 0.007570974063128233, -0.03034261241555214, -0.02422003261744976, -0.017749574035406113, -0.04006242752075195, 0.022945063188672066, -0.0043767173774540424, 0.0009479043073952198, -0.04367777332663536, 0.04940101131796837, 0.028383731842041016, 0.051188647747039795, -0.033463358879089355, 0.06486562639474869, -0.009241335093975067, -0.0021695897448807955, -0.04271729663014412, 0.026147600263357162, 0.013915497809648514, -0.041557978838682175, -0.014998692087829113, -0.027072792872786522, 0.030342524871230125, -0.034919191151857376, -0.009708786383271217, 0.0052756029181182384, -0.08546389639377594, -0.015507868491113186, -0.002126730279996991, 0.02995964325964451, -0.03429251164197922, -0.032644614577293396, -0.02243071235716343, -0.007897910661995411, -0.03785807266831398, 0.025588762015104294, 0.018880056217312813, 0.0029964898712933064, -0.005274082068353891, -0.014237863011658192, 0.014404301531612873, -0.020090723410248756, 0.017357174307107925, 0.004581344313919544, 0.018770966678857803, -0.0037642857059836388, 0.057633984833955765, -0.0001499311183579266, 0.026251014322042465, 0.03578893467783928, -0.022631803527474403, 0.015509305521845818, -0.04474182426929474, -0.004606867209076881, -0.003727458417415619, 0.011290272697806358, -0.04654606804251671, -0.033539365977048874, -0.034602634608745575, 0.019490066915750504, 0.0482458770275116, 0.0002624686458148062, 0.006519432179629803, -0.025724446401000023, 0.04438933730125427, -0.16392235457897186, 0.04358754679560661, -0.024056455120444298, -0.021062778308987617, 0.0022280877456068993, -0.029775410890579224, 0.01022065244615078, -0.06810559332370758, 0.014405476860702038, -0.04082554578781128, -0.014246770180761814, -0.06172872334718704, -0.016625182703137398, -0.02427673526108265, 0.02118050679564476, 0.028434596955776215, -0.014868486672639847, -0.0006977050798013806, -0.027662139385938644, 0.060456931591033936, 0.01521341409534216, 0.0061640432104468346, 0.03406747058033943, 0.005498180631548166, 0.011305027641355991, -0.0027519413270056248, 0.023456767201423645, 0.01364695280790329, -0.015457230620086193, 0.03241506218910217, 0.03094739466905594, 0.028456978499889374, 0.020609397441148758, 0.07333280146121979, -0.01265596505254507, 0.023980526253581047, 0.030799856409430504, -0.03730717673897743, -0.011228010058403015, -0.012507335282862186, 0.0023694627452641726, -0.0003117573796771467, 0.0026393753942102194, -0.02228100784122944, -0.03325093165040016, 0.05440850183367729, 0.0034252284094691277, -0.01639709435403347, -0.02585732936859131, 0.0150605458766222, 0.016837574541568756, -0.0009320718818344176, -0.0386977419257164, -0.050350409001111984, -0.022303979843854904, -0.03304393216967583, 0.009129444137215614, -0.016457999125123024, -0.019991984590888023, 0.008542738854885101, -0.042242325842380524, -0.014382557012140751, -0.03434012085199356, -0.07075855880975723, -0.02703119069337845, 0.019637014716863632, -0.04314136505126953, 0.013498201966285706, -0.014281257055699825, -0.015267729759216309, -0.056431785225868225, -0.004772985354065895, -0.04099017754197121, -0.03170238062739372, 0.02395280823111534, 0.02193051390349865, -0.008469239808619022, -0.03839247301220894, -0.00956458505243063, -0.002654080279171467, -0.029858190566301346, -0.012126883491873741, -0.018010616302490234, 0.025313472375273705, 0.061385199427604675, -0.025365430861711502, -0.028752129524946213, 0.026404140517115593, -0.0035327456425875425, -0.04318561032414436, -0.06685594469308853, -0.01072719693183899, 0.001548896194435656, 0.030505619943141937, 0.0021193898282945156, -0.027021927759051323, 0.00029447648557834327, -0.0028085275553166866, 0.020608313381671906, -0.019868474453687668, 0.01605795882642269, -0.01735314168035984, -0.01111065037548542, 0.0395655483007431, -0.005521018523722887, 0.048413340002298355, 0.022405026480555534, 0.010962046682834625, 0.011891310103237629, -0.03633561357855797, -0.003825224470347166, 0.006661927327513695, -0.019373858347535133, -0.009723052382469177, -0.034377336502075195, -0.018497928977012634, 0.006110175978392363, -0.010530266910791397, -0.021920980885624886, -0.0035952217876911163, 0.010951298289000988, 0.00753776216879487, -0.02695649489760399, -0.031806349754333496, 0.04313306882977486, -0.010003898292779922, 0.04859349504113197, -1.7173368178191595e-05, 0.014737852849066257, -0.009484514594078064, 0.02353270724415779, -0.02713922969996929, 0.010432404465973377, 0.03134014829993248, 0.019466252997517586, 0.010038810782134533, 0.012498528696596622, 0.06826435774564743, -0.044781602919101715, 0.027447402477264404, -0.03231801465153694, -0.013189457356929779, 0.03606520593166351, -0.028141813352704048, 0.047616515308618546, 0.010984440334141254, 0.006653109099715948, 0.03950544446706772, 0.05224844440817833, -0.05899140238761902, -0.00426139310002327, -0.028841104358434677, -0.02073844149708748, 0.06313437968492508, -0.04447922855615616, -0.0048765093088150024, -0.03067752532660961, 0.02523520216345787, -0.014418858103454113, 0.06594418734312057, 0.057527922093868256, 0.008186857216060162, -0.02426658384501934, -0.009705521166324615, 0.03999532386660576, 0.04252156987786293, 0.00916990265250206, 0.0003945546632166952, 0.015425293706357479, -0.024705607444047928, 0.012927434407174587, 0.04954415187239647, -0.02375049889087677, 0.050655167549848557, 0.012944490648806095, -0.014781717211008072, 0.0135205602273345, 0.010058182291686535, 0.01410570926964283, 0.00239730766043067, 0.047089338302612305, -0.0082814060151577, 0.04323417320847511, 0.037232302129268646, 0.026832548901438713, 0.07009028643369675, -0.04614477977156639, 0.07568029314279556, 0.0673709586262703, 0.014962447807192802, -0.006345878355205059, -0.03320892155170441, -0.005898176226764917, -0.03096769191324711, 0.013981242664158344, 0.0067350720055401325, 0.019965730607509613, -0.01747996173799038, -0.000446955265942961, 0.06110518425703049, 0.014999720267951488, 0.01116548664867878, -0.022312233224511147, -0.010736268945038319, -0.047090765088796616, -0.03549075499176979, 0.01621060259640217, -0.0034556069876998663, 0.03120855800807476, 0.029733670875430107, 0.03913189470767975, 0.005952754989266396, 0.031226418912410736, -0.0024375151842832565, -0.015561277978122234, -0.047098271548748016, 0.042145248502492905, 0.05689046531915665, 0.04634973034262657, -0.042054545134305954, 0.04329390078783035, 0.017203154042363167, -0.013960137031972408, -0.059586603194475174, -0.07676951587200165, 0.0004086640547029674, 0.050688084214925766, -0.0005623111501336098, -0.01924281008541584, 0.04526618495583534, -0.060128726065158844, -0.05281982943415642, 0.007821648381650448, -0.020992767065763474, 0.03621707111597061, 0.01199291180819273, 0.005540227517485619, 0.0039582084864377975, 0.012478231452405453, 0.032639652490615845, 0.03350383788347244, -0.010380287654697895, 0.0011747260577976704, 0.041337303817272186]",,
15_1_0_errors_large_page_data_mdx_section_2_code_1,code_snippet,15_1_0_errors_large_page_data_mdx_section_2,Possible Ways to Fix It - code_1,,"{'programming_language': 'bash', 'filename': 'Terminal', 'switcher': False}",15.1.0,,"JSON.parse(document.getElementById(""__NEXT_DATA__"").textContent)
","[(np.int64(6), np.float64(0.05181024968624115)), (np.int64(87109), np.float64(0.23644021153450012)), (np.int64(124090), np.float64(0.33392333984375))]",,"[-0.014598755165934563, 0.003069748170673847, -0.013586639426648617, -0.01576945185661316, -0.03604280948638916, 0.007997286505997181, 0.004530212376266718, -0.0052010780200362206, -0.04060846194624901, -0.007857603020966053, 0.01679171994328499, -0.020871080458164215, -0.0308286864310503, 0.002692281734198332, 0.0023249047808349133, 0.00817343033850193, 0.0022546835243701935, 0.0088497344404459, 0.005861200857907534, -0.040559060871601105, -0.013231808319687843, 0.027718786150217056, -0.022799763828516006, 0.05134031921625137, 0.045616213232278824, 0.02012656070291996, 0.030269751325249672, -0.03581160679459572, -0.025743382051587105, 0.010471172630786896, 0.022649019956588745, -0.015367882326245308, 0.03395046666264534, -0.0061445157043635845, -0.003646262688562274, -0.012358997017145157, -0.0008424486732110381, -0.006396451499313116, -0.06055605411529541, 0.003637010231614113, 0.02979392744600773, 0.014168350026011467, 0.01984408125281334, -0.05004715919494629, 0.04177821800112724, -0.012012767605483532, 0.009963302873075008, -0.009110290557146072, -0.04297845438122749, -0.010404250584542751, -0.03129725530743599, 0.030241025611758232, 0.07149350643157959, 0.011163643561303616, 0.01380243245512247, -0.022950388491153717, -0.009023983031511307, -0.014703541994094849, -0.03155207633972168, 0.013208345510065556, -0.014465615153312683, -0.011959981173276901, -0.0348045714199543, 0.01456359587609768, 0.06528405845165253, 0.054402515292167664, 0.01277497410774231, -0.0175867211073637, -0.02731003612279892, -0.025529488921165466, -0.0030074450187385082, -0.018414966762065887, -0.0007392822299152613, -0.05303128436207771, -0.014412688091397285, 0.02084174007177353, 0.03001154214143753, -0.014588406309485435, -0.003502876963466406, 0.029646992683410645, 0.013197766616940498, -0.006528623402118683, 0.022996826097369194, -0.024218805134296417, -0.0018983447225764394, 0.004642948973923922, -0.029420975595712662, 0.03290979564189911, 0.04267489165067673, 0.03833480179309845, -0.0036006884183734655, -0.04274874925613403, 0.061296265572309494, -0.03807418793439865, -0.02615363337099552, -0.04976246878504753, -0.002745809732005, 0.02235819771885872, 0.05972445756196976, 0.011518539860844612, 0.03270471468567848, -0.03624167665839195, 0.0463775135576725, -0.0044577959924936295, 0.03823387250304222, -0.0013742456212639809, 0.07275616377592087, -0.024169811978936195, -0.0016548988642171025, 0.00116590631660074, 0.018764788284897804, 0.033385731279850006, 0.022512177005410194, 0.049379147589206696, -0.00472772354260087, -0.0035950748715549707, -0.016926614567637444, -9.374126966577023e-05, 0.05178535729646683, -0.025290759280323982, 0.06939789652824402, 0.029895583167672157, 0.016048815101385117, -0.05698353052139282, 0.040202103555202484, -0.027590904384851456, 0.027585593983530998, 0.04367358610033989, 0.0006697021890431643, 0.02083149179816246, -0.013809528201818466, 0.00918309111148119, 0.0330330953001976, 0.028058595955371857, -0.03237012401223183, -0.033738259226083755, 0.0068286266177892685, -0.019780298694968224, 0.024351002648472786, -0.06757103651762009, 0.03937520831823349, 0.029504748061299324, 0.0171815212816, -0.05672546103596687, -0.0019458505557850003, -0.032336797565221786, 0.040946558117866516, -0.01430764701217413, 0.012699010781943798, -0.02152668684720993, -0.03354734182357788, 0.016558615490794182, 0.04199438542127609, -0.06796920299530029, 0.019798260182142258, -0.006681622937321663, -0.0021296609193086624, -0.02318231202661991, -0.007717228960245848, 0.04017407447099686, 0.027611225843429565, -0.0023558540269732475, 0.00524318590760231, 0.011095382273197174, 0.022786393761634827, 0.0077799102291464806, 0.025269120931625366, 0.018806569278240204, -0.029779061675071716, -0.053685758262872696, 0.049689359962940216, -0.03653460741043091, 0.0006755059584975243, 0.007530887145549059, -0.00035794402356259525, 0.022251002490520477, 0.09104223549365997, 0.012047224678099155, -0.03524674475193024, -0.019725095480680466, -0.003683371003717184, 0.0224933922290802, -0.018892258405685425, -0.04768982529640198, -0.04702964425086975, -0.028930269181728363, -0.022031744942069054, 0.021261025220155716, -0.026269443333148956, 0.02685256116092205, -0.03845558315515518, -0.046235524117946625, 0.027434276416897774, 0.02051629312336445, 0.02414976805448532, -0.014346113428473473, 0.0016532454174011946, 0.0052872938103973866, 0.004390429705381393, -0.02882116474211216, -0.048264726996421814, 0.010933847166597843, 0.01697354204952717, -0.018374701961874962, -0.03625030443072319, -0.013825418427586555, -0.02562597393989563, -0.04635363444685936, 0.045635007321834564, 0.017333803698420525, -0.008860504254698753, 0.028958052396774292, -0.02034957893192768, -0.0507386140525341, -0.03674041107296944, 0.009804626926779747, 0.011374671012163162, -0.013409892097115517, -0.0022060766350477934, -0.024317394942045212, 0.040371786803007126, -0.012068954296410084, -0.013501818291842937, 0.014837675727903843, 0.014589506201446056, -0.004841283895075321, 0.007971134036779404, 0.02451198175549507, -0.006707317195832729, -0.02619452029466629, 0.00245504267513752, -0.004370543640106916, -0.00268548633903265, -0.03748524561524391, 0.04765251278877258, -0.03212418407201767, 0.00819211546331644, -0.016649112105369568, 0.019625026732683182, -0.022460227832198143, -0.02252168022096157, -0.043282125145196915, 0.01190939825028181, 0.032148901373147964, -0.041637200862169266, -0.06329222023487091, 0.03823050856590271, 0.0076123629696667194, -0.028562795370817184, 0.026403220370411873, 0.00039542873855680227, 0.00462781498208642, -0.02327469363808632, 0.011695380322635174, -0.005436791572719812, 0.016773076727986336, -0.019403602927923203, -0.01971759833395481, 0.0014154314994812012, -0.0030597413424402475, 0.028717240318655968, 0.049807026982307434, -0.017526336014270782, 0.026953795924782753, 0.03183325007557869, 0.0014426341513171792, -0.012638661079108715, 0.025570444762706757, 0.010362456552684307, -0.040575552731752396, -0.009067501872777939, 0.01572827436029911, 0.022655915468931198, -0.041599925607442856, 0.010889858938753605, 0.03864208981394768, -0.023012710735201836, -0.023653844371438026, 0.04453892260789871, 0.026388389989733696, -0.0863238200545311, -0.0037976440507918596, 0.04517872631549835, -0.008725042454898357, 0.07203961908817291, -0.045990150421857834, 0.023276887834072113, -0.024390071630477905, 0.026270881295204163, -0.010601121932268143, -0.002762508112937212, 0.029277300462126732, 0.06677104532718658, -0.023490192368626595, -0.01496904157102108, 0.0349431037902832, -0.009828411042690277, -0.1310446411371231, -0.04623919725418091, 0.01942550577223301, -0.023758457973599434, -0.005072491243481636, 0.005192536395043135, -0.004397706128656864, -0.016059190034866333, -0.019069233909249306, -0.015751320868730545, -0.022970125079154968, -0.05889781564474106, -0.04425445571541786, -0.031344346702098846, 0.015591168776154518, 0.02655288763344288, -0.008773953653872013, -0.017379282042384148, 0.02100318670272827, -0.052797794342041016, 0.007404975593090057, -0.02548958919942379, 0.044550586491823196, -0.005671989172697067, -0.0018823078135028481, 0.0030612130649387836, -0.012065389193594456, -0.05124271288514137, -0.039983466267585754, -0.039898864924907684, -0.011780403554439545, 0.0010027779499068856, -0.012990188784897327, 0.01561097800731659, 0.018100358545780182, 0.033333670347929, 0.05186868831515312, -0.01422695443034172, -0.028309503570199013, 0.024983489885926247, 0.026369843631982803, 0.014631632715463638, -0.006142925005406141, 0.0014694067649543285, 0.03771310672163963, -0.03457500413060188, 0.022747807204723358, 0.005107013508677483, -0.040394578129053116, -0.04885795712471008, -0.005552324932068586, -0.0019523825030773878, 0.017152680084109306, -0.0012990838149562478, -0.016527384519577026, 0.024369509890675545, -0.0026454192120581865, 0.020091747865080833, -0.03513762727379799, -0.0075799087062478065, -0.0156616922467947, 0.013135932385921478, 0.03772358596324921, -0.0070996880531311035, 0.005275757517665625, -0.04388752207159996, 0.08251331001520157, -0.006681824568659067, 0.05458429083228111, -0.03883326053619385, 0.03718280419707298, -0.022876230999827385, 0.014746601693332195, -0.03332032263278961, -0.0018025964964181185, -0.0018950661178678274, -0.002445561345666647, -0.045673176646232605, 0.026083849370479584, -0.08525273948907852, -0.03765944764018059, 0.018589528277516365, -0.03127118945121765, 0.04781745746731758, -0.0514950156211853, 0.02341325953602791, -0.017946166917681694, 0.004405462183058262, 0.036706987768411636, 0.20000432431697845, 0.026130352169275284, 0.005245377775281668, 0.03408776596188545, 0.0367305688560009, -0.05437585338950157, -0.015292425639927387, 0.0029736445285379887, -0.0018076947890222073, -0.04927639663219452, 0.023608284071087837, 0.024578718468546867, 0.01164898183196783, -0.01221019309014082, 0.012058956548571587, 0.06252626329660416, -0.023322535678744316, 0.011721409857273102, 0.03921404480934143, -0.007269630208611488, 0.0532057024538517, 0.017644906416535378, -0.024274678900837898, -0.004082748666405678, -0.06054136902093887, 0.0032844494562596083, 0.014493751339614391, -0.02862272411584854, -0.008934310637414455, -0.014833364635705948, -0.03885825723409653, 0.005823215469717979, 0.018437519669532776, 0.01235493179410696, -0.027099082246422768, -0.031893420964479446, 0.024694938212633133, -0.0064733256585896015, -0.018365012481808662, 0.01572575978934765, -0.012483824044466019, 0.017593039199709892, -0.029362978413701057, -0.01174074411392212, 0.020915886387228966, -0.020160218700766563, -0.004133835434913635, -0.03989334776997566, -0.0034100410994142294, 0.01321577001363039, 0.035861968994140625, -0.029815131798386574, -0.003697289852425456, 0.045740555971860886, 0.053655557334423065, -0.02028622291982174, -0.014455059543251991, 0.014929051510989666, -0.010103954933583736, 0.025632577016949654, 0.03431272134184837, 0.034555938094854355, -0.04436999931931496, 0.035154491662979126, -0.021685274317860603, 0.002972047310322523, 0.051696982234716415, -0.04764443263411522, 0.028032205998897552, 0.026404263451695442, -0.03125965967774391, -0.015616901218891144, 0.024102186784148216, -0.015238354913890362, -0.011035947129130363, -0.048508692532777786, 0.00596493249759078, 0.05810017138719559, -0.028391636908054352, 0.04624710977077484, 0.01035001128911972, -0.014012879692018032, -0.04700504615902901, 0.03002501279115677, 0.006392413750290871, -0.00520752789452672, 0.05216296762228012, 0.043931230902671814, -0.04022461920976639, -0.03048303909599781, 0.005022998433560133, -0.03864368796348572, -0.02080105058848858, 0.04385489597916603, 0.02079538069665432, 0.0590132474899292, 0.02427644096314907, 0.028205901384353638, -0.030899301171302795, 0.022535793483257294, -0.05156746134161949, -0.028299355879426003, -0.010504578240215778, -0.04175819829106331, 0.01589747704565525, -0.024156851693987846, 0.016926180571317673, 0.005307883955538273, -0.011391826905310154, -0.02746579237282276, -0.022611983120441437, -0.001297303824685514, 0.03238316625356674, -0.02114538848400116, -0.0005618708673864603, 0.03173957020044327, 0.0688837394118309, 0.007733354344964027, 0.041275691241025925, 0.03181177005171776, -0.023171531036496162, 0.006841335445642471, 0.02095145359635353, 0.005166022572666407, 0.017987221479415894, -0.005409815348684788, 0.004434460308402777, 0.04274655133485794, -0.03695286065340042, 0.04223679006099701, 0.015835894271731377, -0.011277462355792522, -0.05119558423757553, -0.0038223194424062967, 0.05963119491934776, 0.002250182908028364, 0.008902358822524548, 0.05274749919772148, -0.007439258508384228, -0.00682913837954402, -0.019943954423069954, -0.02269614301621914, -0.0490829274058342, 0.0012451140210032463, -0.010756592266261578, -0.008248483762145042, -0.005515699274837971, -0.010212541557848454, -0.05914618819952011, 0.026796642690896988, 0.061214134097099304, 0.05387645214796066, 0.015648094937205315, -0.0296314787119627, -0.02603074721992016, -0.06839501857757568, -0.03277471289038658, -0.029435738921165466, -0.008845596574246883, -0.012772287242114544, 0.004108955152332783, -0.016522690653800964, 0.006651819217950106, 0.06357384473085403, 0.0038868167903274298, 0.029303617775440216, -0.02568974532186985, 0.022387323901057243, 0.031462375074625015, -0.047574225813150406, -0.029353583231568336, -0.05201748386025429, -0.03460582345724106, -0.005161019507795572, -0.0260101780295372, -0.010236425325274467, -0.030698424205183983, 0.007306871470063925, -0.06454835832118988, -0.05920464172959328, -0.01180855929851532, -0.03849620744585991, 0.018366847187280655, 0.004362090025097132, 0.04340139776468277, 0.024575605988502502, 0.009876111522316933, -0.026428982615470886, 0.03827384114265442, -0.0327906608581543, 0.004549991339445114, 0.12644149363040924, 0.015819499269127846, -0.02886510267853737, 0.08102846145629883, 0.02039370685815811, 0.012334649451076984, 0.0608232356607914, -0.021711306646466255, 0.0009927350329235196, 0.03587161377072334, -0.016560759395360947, -0.003065059194341302, 0.006753311026841402, 0.031637661159038544, -0.004483190830796957, -0.015762869268655777, 0.012244733981788158, -0.013469201512634754, 0.052833348512649536, 0.005880320444703102, 0.011024517938494682, -0.009671610780060291, -0.017376769334077835, -0.004667091649025679, -0.029781494289636612, 0.04447518289089203, 0.016265934333205223, -0.009920479729771614, 0.006302340421825647, -0.002240873407572508, -0.004928098525851965, 0.0002919909020420164, 0.002566541312262416, -0.05023257061839104, -0.05380553379654884, 0.006460218690335751, -0.017425980418920517, 0.058773644268512726, 0.03405684232711792, -0.005854026414453983, -0.03411689028143883, -0.013480151072144508, -0.021313399076461792, 0.04166589304804802, 0.02359193004667759, -0.014871874824166298, 0.06013604626059532, 0.0570794977247715, 0.0036616954021155834, 0.010029366239905357, -0.025996772572398186, 0.06256958097219467, -0.004981357604265213, 0.010786634869873524, 0.011597340926527977, -0.019403910264372826, -0.020165428519248962, -0.002686276100575924, 0.020438894629478455, -0.013799517415463924, -0.03572560101747513, 0.02046082355082035, -0.010594397783279419, 0.049112241715192795, -0.0023997973185032606, 0.004060324281454086, 0.014336694963276386, -0.012951675802469254, -0.014049679040908813, -0.04516778141260147, 0.03088788501918316, -0.017016539350152016, -0.013671903870999813, -0.0009003923623822629, -0.02866140380501747, 0.06003057584166527, -0.10720685124397278, -0.02188456989824772, -0.04205656796693802, -0.01630512811243534, -0.021559184417128563, -0.006330573465675116, -0.022727416828274727, 0.02895793691277504, 0.020751547068357468, -0.013997049070894718, 0.006138432305306196, 0.048383235931396484, -0.02501186542212963, -0.02555476315319538, 0.0009884752798825502, 0.004665046464651823, 0.027129974216222763, 0.006147837731987238, 0.03652515262365341, -0.003535265102982521, 0.05778932571411133, 0.0009599722689017653, -0.04110538586974144, 0.010423671454191208, -0.005138925742357969, -0.025311417877674103, 0.05445224419236183, 0.0023145026061683893, -0.04995765537023544, -0.015471926890313625, -0.0012359162792563438, -0.022155310958623886, -0.010845939628779888, -0.008086922578513622, 0.001136011560447514, -0.022796044126152992, -0.023432882502675056, -0.011843333952128887, 0.044990673661231995, -0.003775893012061715, -0.03723691403865814, 0.03436664491891861, 0.006911603733897209, -0.055365417152643204, -0.07351045310497284, 0.011548872105777264, 0.0006089411908760667, 0.0434403233230114, 0.005955410655587912, 0.03494618088006973, -0.01849191077053547, -0.020556215196847916, 0.02506745420396328, -0.026227004826068878, -0.008080584928393364, -0.023143205791711807, -0.012918619439005852, 0.015955612063407898, 0.008553601801395416, 0.0889708623290062, -0.003300614655017853, -0.03920429199934006, -0.024025430902838707, 0.014786293730139732, -0.005900939926505089, 0.008679401129484177, -0.001896832138299942, -0.042447153478860855, 0.04643602296710014, -0.008636897429823875, 0.003066500648856163, -0.03061237744987011, -0.008205240592360497, -0.00019630523456726223, -0.02137969247996807, 0.08079680055379868, -0.03515587002038956, 0.018402207642793655, -0.010537056252360344, -0.005863395053893328, -0.014215336181223392, -0.0023642019368708134, -0.017757579684257507, -0.014145542867481709, -0.00854919571429491, -0.018703199923038483, -0.07553166151046753, -0.015397226437926292, 0.043536823242902756, -0.018341125920414925, 0.020223470404744148, 0.025054732337594032, 0.005332333967089653, -0.04303130507469177, -0.0037246448919177055, -0.0848330557346344, -0.001122930902056396, -0.012433746829628944, 0.02056453935801983, 0.006570942234247923, -0.02197306603193283, 0.04121113941073418, -0.003913204185664654, -0.01384623534977436, -0.03776208311319351, 0.045988503843545914, -0.030048666521906853, -0.05409504100680351, 0.049406398087739944, -0.029223376885056496, -0.031110061332583427, -0.016349950805306435, 0.03300607576966286, 0.005105261690914631, 0.004413297399878502, -0.05315518006682396, -0.04101093113422394, 0.045029833912849426, -0.033026404678821564, -0.013434719294309616, 0.0023794081062078476, 0.026033498346805573, 0.03986135125160217, -0.011274288408458233, -0.025166764855384827, 0.004044658038765192, -0.02646458148956299, -0.13278815150260925, 0.03200417757034302, 0.010491825640201569, -0.017300112172961235, -0.03652722388505936, 0.03137274459004402, -0.01516869105398655, -0.056437406688928604, 0.02903285063803196, -0.019318217411637306, -0.060283396393060684, -0.03284820169210434, 0.02538890577852726, -0.031290970742702484, -0.0017150670755654573, 0.03603101149201393, 0.029102139174938202, -0.02822537161409855, -0.04187654331326485, 0.03833552077412605, -0.032224394381046295, -0.005772684700787067, 0.011848417110741138, 0.0004174265486653894, -0.018890999257564545, 0.028333989903330803, 0.008444825187325478, -0.002948329783976078, -0.007094754371792078, -0.021465128287672997, -0.010773555375635624, -0.014947256073355675, 0.012507379055023193, 0.0684359222650528, 0.03479559347033501, 0.027297675609588623, 0.012533290311694145, -0.00797214638441801, 0.01785184070467949, 0.028538400307297707, 0.022707846015691757, 0.0025797539856284857, -0.023937510326504707, 0.014759289100766182, 0.055076077580451965, 0.0019191413884982467, -0.019264059141278267, -0.013867270201444626, -0.06259333342313766, 0.019177697598934174, 0.032520219683647156, 0.025315407663583755, -0.03095473349094391, 0.00046144076623022556, -0.011432484723627567, 0.009576366282999516, -0.03574090451002121, 0.0020586971659213305, -0.029812520369887352, 0.005911111366003752, -0.01916482113301754, 0.014594655483961105, -0.053893499076366425, -0.06801193952560425, -0.025734664872288704, 0.017219314351677895, -0.03174120932817459, 0.032071229070425034, 0.019217491149902344, 0.03446032851934433, -0.00360565772280097, -0.041754208505153656, -0.021228043362498283, -0.05834512412548065, 0.0005103325238451362, 0.0310483667999506, 0.001468769391067326, -0.016816549003124237, -0.03398459032177925, -0.024135684594511986, -0.03500371053814888, -0.001051735715009272, -0.0707922875881195, 0.0669322982430458, 0.044791679829359055, 0.00981539860367775, -0.00915234349668026, -0.025991160422563553, -0.05930858105421066, -0.03312823548913002, 0.00942307524383068, -0.03578333556652069, 0.00032726122299209237, 0.0004300291184335947, -0.020244155079126358, 0.004306707996875048, -0.01138158980756998, 0.013121701776981354, 0.033019617199897766, 0.001922194380313158, 0.013047130778431892, -0.01688510738313198, -0.011621188372373581, 0.04249190166592598, -0.029191717505455017, 0.013447283767163754, 0.08929281681776047, -0.009361104108393192, -0.024122731760144234, -0.006003665737807751, 0.011433337815105915, 0.03522290661931038, -0.017574826255440712, -0.01293946709483862, -0.045646075159311295, -0.046663448214530945, -0.04422711208462715, 0.026357920840382576, -0.028786050155758858, 0.020732659846544266, 0.021648436784744263, 0.01397209707647562, 0.027870750054717064, -0.031530991196632385, 0.019197797402739525, -0.0026355807203799486, 0.05148468166589737, 0.03109467588365078, -0.031282179057598114, 0.01800302229821682, 0.015000404790043831, -0.04766317829489708, 0.01085114199668169, 0.02253703586757183, 0.0716346874833107, 0.004344768822193146, -0.01650797575712204, 0.02892196923494339, -0.00043669319711625576, -0.014352813363075256, -0.004167817533016205, -0.05095002055168152, 0.0017175156390294433, -0.045053157955408096, 0.005535994190722704, -0.015296176075935364, 0.06085105612874031, -0.03912581503391266, -0.004492443520575762, -0.008451602421700954, -0.031593963503837585, -0.005854219663888216, 0.006360459141433239, -0.0073160771280527115, -0.05871474742889404, 0.049957334995269775, -0.027970682829618454, 0.003258222946897149, -0.04130733385682106, -0.0019823340699076653, -0.035603854805231094, -0.03179803863167763, -0.01738288253545761, 0.02091629058122635, 0.0371924452483654, -0.0017905855784192681, -0.020980169996619225, -0.016442488878965378, -0.018045460805296898, 0.04865507408976555, 0.0015165356453508139, -0.008355247788131237, -0.02715802751481533, 0.015779651701450348, 0.01732291281223297, -0.0011668569641187787, 0.00634908489882946, -0.01976144313812256, 0.06861782819032669, -0.024378610774874687, 0.014424392953515053, -0.04047368839383125, 0.023140545934438705, 0.0034123945515602827, 0.013310981914401054, 0.028890252113342285, 0.008879976347088814, 0.03246636316180229, 0.025583576411008835, -0.02509169839322567, -0.009167749434709549, -0.014740717597305775, 0.02997860312461853, -0.009010395966470242, 0.01799793355166912, -0.01590694487094879, -0.0008332071010954678, -0.03404488414525986, -0.015314050950109959, 0.057418838143348694, 0.008791008964180946, -0.01617247238755226, -0.004597257822751999, -0.024099482223391533, -0.03765922412276268, -0.007712072227150202, 0.005846032872796059, 0.045402053743600845, -0.015593095682561398, 0.023978127166628838, -0.03350352123379707, 0.010873205028474331, -0.012699412181973457, 0.045417554676532745, -0.012216727249324322, -0.025706304237246513, 0.030788322910666466, 0.007349081803113222, 0.0639273002743721, 0.016177771613001823, -0.006108356174081564, 0.013107867911458015, -0.0024997589644044638, -0.0008504288853146136, -0.0343722365796566, -0.019586436450481415, 0.00615012226626277, 0.016640203073620796, -0.02536286599934101, -0.010018382221460342, -0.008800282143056393, -0.02457832358777523, -0.010845028795301914, 0.031041018664836884, 0.019768308848142624, -0.00047384039498865604, 0.02427956461906433, 0.018510455265641212, -0.035006970167160034, -0.010971007868647575, 0.061016347259283066, 0.011230966076254845, -0.031972676515579224, 0.019667373970150948]",
15_1_0_errors_large_page_data_mdx_section_3,section,15_1_0_errors_large_page_data_mdx,Large Page Data - Useful Links,,{},15.1.0,"[/docs/pages/building-your-application/data-fetching](/docs/pages/building-your-application/data-fetching)
",,"[(np.int64(7844), np.float64(0.12111510336399078)), (np.int64(11809), np.float64(0.2002025991678238)), (np.int64(14231), np.float64(0.195332333445549)), (np.int64(36836), np.float64(0.18827855587005615)), (np.int64(57890), np.float64(0.27006661891937256)), (np.int64(181268), np.float64(0.1546817570924759))]","[-0.01911281794309616, -0.02259238436818123, -0.057436924427747726, 0.03200472146272659, -0.04206763207912445, -0.02915269508957863, 0.010279766283929348, 0.03384992480278015, -0.006447848863899708, -0.002421092242002487, -0.004947211127728224, 0.02443157508969307, 0.009356898255646229, -0.004323515575379133, -0.006238327827304602, 0.013315347954630852, -0.021960550919175148, 0.013960592448711395, 0.022553248330950737, 0.004326489754021168, 0.021056070923805237, 0.020928479731082916, 0.07142607867717743, -0.00919526070356369, 0.008681678213179111, -0.0016297227703034878, 0.01114710420370102, -0.004137239884585142, 0.00041174032958224416, -0.005459189414978027, 0.0631231963634491, -0.011718873865902424, 0.014448754489421844, -0.030174516141414642, -0.03496155887842178, -0.047589175403118134, -0.029496118426322937, -0.012152113951742649, -0.03808587044477463, -0.0022871585097163916, 0.020923016592860222, 0.028950555250048637, -0.010457301512360573, -0.014643228612840176, 0.04694632068276405, -0.02939533442258835, -0.010065076872706413, -0.024785319343209267, -0.0014091498451307416, -0.02230633795261383, -0.031835395842790604, -0.010233510285615921, 0.015317470766603947, -0.031799476593732834, 0.021892990916967392, 0.06240087002515793, -0.0021489623468369246, -0.02884247899055481, -0.045700546354055405, 0.0014631206868216395, -0.00411175237968564, -0.006199182476848364, -0.004683529492467642, -0.020757509395480156, 0.003852628171443939, 0.05200709030032158, 0.025957176461815834, -0.0023542395792901516, -0.029002685099840164, -0.05561182275414467, 0.014310735277831554, 0.013590310700237751, -0.03412213176488876, -0.0524788424372673, -0.022030651569366455, 0.016882043331861496, 0.01267828606069088, -0.012449647299945354, 0.00879776943475008, 0.02103806659579277, -0.004661113023757935, -0.014919517561793327, 0.015486879274249077, -0.026731617748737335, -0.03378961607813835, 0.025390924885869026, -0.04049380123615265, 0.04061608761548996, 0.03754793480038643, 0.006815012544393539, -0.01319881435483694, -0.026332741603255272, 0.035450756549835205, -0.039214421063661575, -0.013417929410934448, -0.001444943598471582, 0.003581625409424305, 0.006891705095767975, 0.04882587119936943, -0.0015663814265280962, 0.04752936214208603, -0.02499489299952984, -0.016483884304761887, -0.005651382263749838, -0.01160055585205555, -0.012167273089289665, 0.02626035548746586, -0.008989432826638222, 0.0028367226477712393, -0.021176721900701523, 0.018147077411413193, -0.008615769445896149, 0.055821482092142105, 0.041192322969436646, 0.030280139297246933, -0.030767006799578667, -0.004826866090297699, -0.014650079421699047, 0.028311170637607574, 0.005592663772404194, 0.02387455478310585, 0.041219498962163925, 0.0899130180478096, 0.0022006903309375048, 0.021332938224077225, 0.013713176362216473, -0.029199274256825447, 0.042728934437036514, 0.02126138098537922, 0.00047572480980306864, 0.02963474579155445, -0.0014238369185477495, 0.02653694897890091, -0.03038725070655346, -0.043158505111932755, -0.009389280341565609, 0.024541815742850304, 0.018301669508218765, 0.003641213523223996, -0.056124668568372726, 0.009108556434512138, 0.004896659404039383, -0.028260555118322372, -0.03332885727286339, 0.038697291165590286, -0.019003314897418022, 0.08185910433530807, 0.018122568726539612, -0.013971935957670212, -0.0434955395758152, -9.238666098099202e-05, -0.016027845442295074, 0.045098502188920975, -0.018284134566783905, 0.021989356726408005, -0.04275735095143318, -0.01041711401194334, 0.0060322703793644905, -0.00724750803783536, 0.0008651355747133493, -0.07545679062604904, -0.022090420126914978, -0.0392180010676384, -0.01793532446026802, -0.006967594847083092, -0.03873100504279137, -0.0021000115666538477, 0.001159187057055533, -0.03059849515557289, -0.08152929693460464, 0.043927621096372604, -0.027295954525470734, 0.04291003942489624, 0.02477826550602913, 0.02644723281264305, 0.03819097578525543, 0.09490901976823807, 0.006902818102389574, 0.0141352079808712, -0.03345678746700287, -0.042445212602615356, 0.0038800565525889397, -0.04564109444618225, -0.013374872505664825, -0.029125355184078217, -0.002222602954134345, -0.014296984300017357, -0.014288707636296749, -0.0064974138513207436, 0.022399911656975746, -0.004880947060883045, -0.009462275542318821, 0.027847155928611755, -0.019001061096787453, -0.011341900564730167, -0.02147090993821621, 0.012789949774742126, 0.05743790790438652, 0.007611192297190428, 0.00841196533292532, 0.056880369782447815, 0.03730609267950058, 0.03333273157477379, 0.006265823729336262, -0.0005212814430706203, -0.038415733724832535, 0.021267039701342583, -0.045150622725486755, 0.011259151622653008, -0.033926501870155334, 0.0009350506588816643, -0.027234524488449097, -0.0478205680847168, 0.044678039848804474, -0.048155639320611954, -0.009947183541953564, -0.037479013204574585, 0.028393760323524475, 0.004067903384566307, -0.02952992357313633, -0.017015427350997925, -0.015218236483633518, 0.013655119575560093, 0.028250230476260185, 0.05806058272719383, -0.028090016916394234, 0.020083308219909668, 0.01865982823073864, 0.027392880991101265, -0.041609276086091995, 0.0028114209417253733, 0.014174595475196838, 0.008749149739742279, -0.056351661682128906, 0.06856740266084671, -0.042769331485033035, 0.02096395008265972, 0.010922670364379883, -0.014494987204670906, -0.037907443940639496, -0.008490289561450481, -0.0358271524310112, 0.013122033327817917, -0.007887431420385838, -0.02584196999669075, -0.012599456124007702, -0.041069697588682175, 0.026713194325566292, 0.0002847334835678339, -0.028346411883831024, 0.029229002073407173, -0.007680623792111874, -0.001168776536360383, -0.024400467053055763, 0.017783718183636665, -0.008027145639061928, 0.03178307041525841, 0.01880248449742794, -0.05238308385014534, -0.0037857855204492807, 0.0006061308667995036, 0.047576140612363815, -0.038509588688611984, 0.01674831658601761, 0.003855701768770814, -0.021885227411985397, -0.0335567481815815, -0.07779694348573685, 0.03527718037366867, 0.004132924135774374, 0.0044382126070559025, -0.01260126568377018, 0.002800696063786745, 0.0031485306099057198, -0.009752673096954823, 0.025783596560359, -0.012989107519388199, -0.04045838862657547, 0.04501296207308769, -0.00905806664377451, -0.01450529508292675, 0.06025192514061928, 0.03530620038509369, 0.043780721724033356, 0.0756729319691658, -0.02848980948328972, -0.0030111607629805803, -0.07121732085943222, 0.043440498411655426, -0.014626141637563705, -0.04773806408047676, -0.036553338170051575, 0.03956211358308792, -0.023379400372505188, -0.01492225006222725, 0.02343495935201645, 0.013281447812914848, -0.1375230997800827, -0.012135226279497147, 0.014439532533288002, 0.04345548897981644, 0.007774647790938616, 0.02192789316177368, -0.05245663970708847, 0.0027908538468182087, -0.0195442084223032, 0.0017159434501081705, 0.0010198232484981418, -0.05246265232563019, -0.030671551823616028, -0.007623637095093727, 0.029478326439857483, 0.0492471307516098, -0.010612859390676022, -0.0007223199354484677, 0.0032490890007466078, -0.02373449131846428, -0.003867741674184799, -0.01799854077398777, 0.012679040431976318, 0.005525818560272455, -0.006644934415817261, -0.006000307388603687, 0.028021719306707382, 0.016741465777158737, -0.0004587978182826191, 0.006583647336810827, -0.04874039813876152, 0.0003338213136885315, -0.005287621635943651, -0.025587888434529305, -0.00610753707587719, 0.02629120647907257, 0.014644606970250607, -0.030597645789384842, 0.00443953275680542, -0.0142199182882905, 0.01943993754684925, 0.04787001013755798, -0.012977798469364643, 0.005804187152534723, 0.025637492537498474, 0.012194995768368244, -0.0039360844530165195, 0.010611021891236305, -0.06476346403360367, -0.0473703034222126, 0.030380286276340485, -0.03093115985393524, 0.012406106106936932, -0.002246288815513253, -0.05626300722360611, 0.0007852714043110609, 0.011143792420625687, 0.04519641771912575, -0.0490674264729023, 0.015774773433804512, 0.018888745456933975, -0.02421855926513672, 0.054636742919683456, 0.004658848512917757, -0.007618400268256664, -0.0036271873395889997, 0.06977098435163498, 0.011988617479801178, 0.0028246832080185413, -0.02628285624086857, 0.03152023255825043, -0.013555610552430153, 0.003969470039010048, 0.0007504603127017617, -0.03656274825334549, 0.003999001812189817, 0.002338175429031253, -0.01444960292428732, -0.006382750812917948, -0.11640718579292297, -0.0489962212741375, 0.004053587093949318, 0.014305133372545242, 0.024714099243283272, -0.03081381693482399, -0.016512606292963028, -0.01434403657913208, -0.012397777289152145, 0.009778494946658611, 0.24139271676540375, -0.01613972708582878, 0.009063546545803547, -0.003149351803585887, 0.03681059554219246, -0.012043382041156292, -0.01441663596779108, 0.042315058410167694, 0.03352801874279976, -0.03914392739534378, 0.022330237552523613, 0.02363775111734867, -0.006636642385274172, -0.029218558222055435, -0.019322235137224197, 0.01656625233590603, -0.06174245849251747, -0.03701727092266083, 0.05761629715561867, -0.007863679900765419, 0.010409030131995678, -0.053190506994724274, 0.023004772141575813, 0.036777157336473465, -0.057178791612386703, -0.03722440078854561, 0.004239532630890608, 0.009882774204015732, -0.027181964367628098, 0.026841118931770325, -0.016045905649662018, 0.03211735561490059, 0.06220560893416405, -0.009082593023777008, -0.014648783020675182, -0.005453101359307766, 0.023607881739735603, 0.014335539191961288, -0.02675928920507431, -0.0024457911495119333, 0.005782728083431721, -0.017600176855921745, -0.009791520424187183, 0.00371515192091465, -0.07746938616037369, -0.023062432184815407, -0.0036846266593784094, -0.02001289464533329, -0.0046967933885753155, -0.028178896754980087, 0.0002168256905861199, -0.03851146623492241, -0.001756499637849629, -0.010224314406514168, 0.03962910547852516, 0.01232524961233139, -0.004771892912685871, 0.011207039467990398, -0.004240140318870544, 0.011080700904130936, 0.05629575997591019, 0.01335864420980215, -0.04466383159160614, 0.014960240572690964, -0.051117125898599625, -0.024336164817214012, 0.014125853776931763, -0.047057826071977615, 0.033804040402173996, 0.043196287006139755, -0.017210904508829117, 0.04785003513097763, 0.035345032811164856, -0.028518451377749443, 0.014976122416555882, -0.05706804245710373, 0.04426439478993416, 0.026806334033608437, -0.02654431201517582, 0.07030613720417023, -0.03223046660423279, -0.005901852622628212, -0.0036215754225850105, 0.04347992315888405, 0.01003348920494318, -0.008136460557579994, 0.008808213286101818, 0.05365224927663803, -0.018261363729834557, -0.004658583551645279, -0.028683150187134743, -0.011456930078566074, -0.018506525084376335, 0.025776682421565056, -0.028996650129556656, -0.010174510069191456, -0.008661425672471523, 0.00899230595678091, -0.04461001604795456, 0.0028825486078858376, -0.014384145848453045, 0.005232010502368212, -0.010796308517456055, -0.002760396571829915, 0.05162001773715019, -0.018514735624194145, -0.0027046026661992073, 0.009507421404123306, -0.002478513401001692, 0.04089994356036186, -0.04351828619837761, 0.05142230540513992, -0.011548514477908611, -0.04863891005516052, -0.03067334182560444, 0.03718147799372673, 0.05926723778247833, 0.020002126693725586, 0.013501549139618874, 0.036379966884851456, -0.0128181092441082, -0.025581119582057, -0.021822435781359673, -0.0046447222121059895, 0.014165195636451244, -0.03941461443901062, -0.021370450034737587, 0.04115786775946617, -0.00702951243147254, 0.04291025176644325, 0.06616546958684921, -0.032921768724918365, -0.031935904175043106, 0.007846438325941563, 0.023801878094673157, 0.015717439353466034, 0.04096987098455429, 0.06058546155691147, 0.003956882748752832, -0.006254206877201796, -0.057252611964941025, 0.01253767590969801, -0.03816518187522888, 0.019986992701888084, 0.02107793092727661, 0.028690839186310768, -0.021825289353728294, 0.035936251282691956, 0.03976169601082802, 0.019174426794052124, 0.05320004001259804, -0.0022194362245500088, 0.011013347655534744, -0.007104374468326569, 0.0050682309083640575, -0.06398405879735947, -0.009842860512435436, -0.006951434537768364, 0.0027313705068081617, -0.019727664068341255, -0.0002487852470949292, 0.004415477160364389, 0.027055876329541206, 0.057283200323581696, 0.010907679796218872, -0.0144186494871974, -0.002596068661659956, 0.04044417664408684, 0.006330045871436596, -0.012213986366987228, -0.018769610673189163, -0.028774678707122803, -0.07704578340053558, 0.0318785086274147, -0.016438452526926994, -0.03858999162912369, -0.04505840688943863, -0.0390150249004364, -0.04176455736160278, -0.02490440383553505, 0.0066206930205225945, 0.02655373327434063, -0.05520706623792648, 0.019454333931207657, 0.04355907067656517, -0.022265486419200897, -0.022126276046037674, -0.02156255394220352, 0.03624320402741432, -0.041499052196741104, 0.003935200162231922, 0.14549076557159424, -0.009548261761665344, -0.04214095324277878, 0.0499156191945076, 0.03305506706237793, 0.015570822171866894, 0.029399458318948746, -0.002104786690324545, 0.01435924880206585, -0.001297802198678255, -0.014260722324252129, 0.01698734611272812, 0.009542015381157398, -0.027325013652443886, -0.05138643831014633, -0.02845562808215618, 0.02345939353108406, -0.011765165254473686, 0.046883948147296906, -0.0024463366717100143, 0.021907296031713486, -0.05264517664909363, -0.018479840829968452, -0.013854476623237133, -0.05392066761851311, 0.06872846931219101, 0.06089286506175995, -0.010202566161751747, 0.010952494107186794, -0.05750503018498421, -0.008803246542811394, 0.002158429939299822, 0.02645758166909218, -0.034702833741903305, 0.028748666867613792, 0.026870494708418846, -0.023654626682400703, -0.00426504947245121, 0.055026717483997345, -0.015469596721231937, 0.010670613497495651, -0.0019520584028214216, -0.03894408792257309, -0.013773060403764248, -0.011429030448198318, 0.02247035503387451, 0.026873666793107986, 0.0033772659953683615, -0.024694275110960007, -0.028783533722162247, -0.005943685304373503, 0.07917983084917068, 0.048896074295043945, 0.023372268304228783, -0.008198811672627926, -0.015919389203190804, -0.02235075645148754, 0.010456419549882412, 0.015420007519423962, -0.012742960825562477, -0.016348104923963547, -0.012429630383849144, -0.02061902917921543, 0.009107960388064384, -0.0059486567042768, -0.007878475822508335, 0.01423768512904644, -0.061399128288030624, -0.005447070114314556, 0.004749085754156113, 0.025432851165533066, 0.019253605976700783, -0.014040572568774223, 0.0321764275431633, -0.019892767071723938, 0.02720465511083603, -0.05471622943878174, -0.03640308603644371, -0.02191336825489998, -0.014277677983045578, 0.008790913037955761, -0.04731208086013794, -0.00047232621000148356, 0.05840394273400307, 0.013064374215900898, 0.0018527350621297956, -0.005735911428928375, -0.020903071388602257, -0.057197898626327515, -0.04490097612142563, 0.009114598855376244, 0.012425308115780354, 0.029968826100230217, 0.015256398357450962, 0.01678868755698204, 0.06440576910972595, 0.003949696663767099, 0.0030545464251190424, -0.04067062586545944, -0.02230149693787098, -0.019902057945728302, -0.037058278918266296, -0.007890254259109497, 0.0321083590388298, -0.0021658719051629305, -0.02819148264825344, 0.042452070862054825, -0.003851286368444562, 0.0013454309664666653, -0.005982209928333759, -0.03781813010573387, -0.008064552210271358, -0.019631672650575638, -0.016612330451607704, 0.04825978726148605, -0.007826748304069042, -0.017921747639775276, 0.015635443851351738, 0.002118176780641079, -0.001704610651358962, -0.0021717287600040436, -0.003716195235028863, 0.038900312036275864, 0.035539377480745316, -0.003954641986638308, 0.032679326832294464, 0.03270801156759262, -0.003788519650697708, -0.001961905974894762, 0.01890057511627674, 0.037460606545209885, -0.006650943774729967, 0.016491636633872986, -0.025669410824775696, -0.009116072207689285, -0.03348264843225479, 0.03565900772809982, -0.022417129948735237, 0.01645018346607685, -0.04915240779519081, -0.005774673540145159, -0.010218583978712559, 0.020581908524036407, -0.0021312355529516935, 0.0025789157953113317, 0.04113256558775902, -0.027695897966623306, 0.003821474500000477, 0.039174847304821014, 0.012905044481158257, -0.015858890488743782, 0.06253894418478012, -0.01914108544588089, 0.029782170429825783, -0.03453085198998451, -0.018184499815106392, -0.018787579610943794, -0.03419981524348259, -2.00779213628266e-05, -0.04238215461373329, -0.001077030086889863, -0.03211275115609169, -0.005306705366820097, 0.020030003041028976, -0.025984374806284904, -0.02452917769551277, -0.0011155051179230213, 0.03624662384390831, 0.033546414226293564, -0.015389903448522091, 0.009721911512315273, -0.03595605865120888, -0.017681628465652466, -0.003539829049259424, -0.030830159783363342, 0.013056359253823757, -0.01306923758238554, -0.009307107888162136, 0.001700127962976694, -0.017759712412953377, 0.01188266184180975, 0.012882907874882221, -0.010047569870948792, -0.07646966725587845, 0.027164248749613762, -0.02336644008755684, 0.021345701068639755, 0.03142525628209114, 0.007571639493107796, -0.009182353504002094, -0.03165239095687866, -0.020863886922597885, -0.019730515778064728, -0.0511675663292408, -0.014770555309951305, -0.017206324264407158, 0.004812932573258877, -0.0027909090276807547, 0.08631555736064911, -0.030246414244174957, -0.028004979714751244, 0.010914867743849754, -0.01515386812388897, -0.14733447134494781, 0.010377410799264908, -0.035441167652606964, 0.028752965852618217, -0.018299303948879242, -0.0065766507759690285, -0.037115223705768585, -0.07876893877983093, 0.020925194025039673, -0.0004887690884061158, -0.0028553218580782413, 0.0021319480147212744, 0.034301795065402985, -0.04975546896457672, -0.03593159466981888, 0.04879377782344818, -0.016550349071621895, -0.017578909173607826, -0.02479419857263565, 0.018032357096672058, 0.0013406446669250727, 0.008401794359087944, 0.0663624256849289, -0.003682503243908286, -0.01834443211555481, -0.02328816056251526, 0.006154615897685289, 0.0014593721134588122, 0.0005198899889364839, 0.013770907185971737, 0.0037221573293209076, -0.029880261048674583, 0.021156838163733482, 0.028822993859648705, -0.01891367882490158, 0.01583966054022312, 0.0014601226430386305, -0.02929391898214817, 0.013021024875342846, 0.037883371114730835, -0.04551272839307785, 0.019069768488407135, -0.004831116180866957, 0.011361176148056984, 0.06923552602529526, 0.0219380185008049, 0.0002682780032046139, -0.008816304616630077, -0.017939215525984764, 0.025903576985001564, -0.06066349893808365, 0.042678844183683395, -0.00034128539846278727, 0.0017225490882992744, -0.013385960832238197, 0.007363117299973965, -0.0019394225673750043, -0.005307381507009268, -0.04044127091765404, 0.03699572756886482, -0.021772043779492378, 0.05749686434864998, -0.002323454711586237, -0.009247500449419022, 0.0035725401248782873, 0.0342201292514801, -0.029494624584913254, 0.033968765288591385, -0.032604824751615524, 0.011352403089404106, -0.016516098752617836, -0.017894692718982697, -0.005532589741051197, -0.019933143630623817, 0.003438361920416355, 0.0308359544724226, 0.04645569622516632, -0.008609123528003693, -0.03748870640993118, -0.02428594045341015, -0.048522740602493286, -0.008882701396942139, -0.027623513713479042, 0.06412782520055771, 0.03848579525947571, -0.001319916802458465, 0.009375806897878647, -0.00861422624439001, -0.02054600976407528, -0.026379656046628952, -0.013062924146652222, -0.04277025908231735, 0.005170552060008049, -0.03211783617734909, -0.004671601578593254, 0.04373754933476448, -0.017511751502752304, -0.035835519433021545, 0.025534167885780334, -0.03235335275530815, 0.016133319586515427, -6.818140718678478e-06, -0.024548610672354698, -0.0016860103933140635, -0.03657069057226181, 0.03139420226216316, 0.04675022140145302, 0.018425703048706055, 0.007210050709545612, -0.014474015682935715, -0.02596879005432129, 0.0039214505814015865, -0.018248777836561203, 0.012195205315947533, -0.07732782512903214, -0.014606873504817486, -0.001236530253663659, 0.0017091179033741355, 0.008772765286266804, -0.018448038026690483, -0.0015091865789145231, -0.019906848669052124, 0.0016962796216830611, -0.0285208597779274, 0.015348637476563454, 0.05612362176179886, 0.03794766217470169, 0.02596021629869938, -0.007311399094760418, 0.013957208022475243, -0.007567288354039192, -0.03553847223520279, 0.007995542138814926, 0.019508622586727142, 0.04287729784846306, -0.002005704678595066, -0.020738787949085236, 0.04692341759800911, -0.05463643744587898, -0.04788799211382866, -0.02376345358788967, 0.01713472418487072, 0.023634115234017372, -0.05201292783021927, 0.019724706187844276, -0.05512223392724991, 0.0544845312833786, -0.00891820527613163, 0.00437953183427453, 0.009112740866839886, 0.00844084843993187, -0.006844856310635805, -0.04479312524199486, 0.056080058217048645, -0.01163552887737751, 0.04929940029978752, -0.03940204903483391, -0.007798663806170225, -0.09344973415136337, 0.026406336575746536, 0.010855521075427532, -0.04427475854754448, -0.022921478375792503, -0.018999522551894188, 0.012623601593077183, 0.021598124876618385, 0.014830637723207474, -0.002305310219526291, -0.03817129507660866, 0.054734762758016586, -0.004253667779266834, 0.036389995366334915, -0.017503634095191956, -0.04035459831357002, 0.059102024883031845, -0.054629135876894, 0.00763339689001441, -0.018359828740358353, 0.0506674163043499, -0.007611991371959448, 0.027886390686035156, 0.002797591034322977, 0.04004865512251854, 0.017085891216993332, 0.0005938021349720657, 0.018292119726538658, -0.0176800899207592, 0.03357231616973877, -0.00977440644055605, -0.014773521572351456, -0.005236910190433264, 0.0026229429058730602, -0.035184528678655624, -0.025443993508815765, 0.0239963848143816, 0.01109336968511343, -0.008184105157852173, -0.006658073049038649, -0.005628548096865416, 0.06510840356349945, -0.027856433764100075, 0.020956076681613922, -0.004405863117426634, -0.026044758036732674, 0.0011660472955554724, -0.013553383760154247, -0.030454328283667564, 0.0024190268013626337, -0.012183444574475288, 0.048178937286138535, 0.008308202028274536, 0.01936030574142933, -0.03930440917611122, 0.008679668419063091, 0.001259723911061883, -0.047873493283987045, 0.030278900638222694, -0.0003260753001086414, -0.015347813256084919, 0.007249194663017988, 0.02385702170431614, 0.01827135868370533, -0.013156910426914692, -0.033635012805461884, -0.023072943091392517, 0.002152965636923909, 0.005506092216819525, 0.025118408724665642, 0.013059515506029129, 0.003292276756837964, -0.024253306910395622, 0.016106266528367996, 0.031426236033439636, 0.0299451295286417, 0.002807571552693844, -0.03038058802485466, 0.00954924151301384, 0.017299342900514603, 0.010169604793190956, 0.014866553246974945, 0.03168978914618492, 0.02231001853942871, 0.01699093170464039, 0.013636495918035507]",,
15_1_0_errors_link_multiple_children_mdx,document,,Multiple children were passed to `<Link>`,,{'related_links': []},15.1.0,"## Why This Error Occurred

In your application code multiple children were passed to `next/link` but only one child is supported:

For example:

```jsx filename=""example.js""
import Link from 'next/link'

export default function Home() {
  return (
    <Link href=""/about"">
      <a>To About</a>
      <a>Second To About</a>
    </Link>
  )
}
```

## Possible Ways to Fix It

Make sure only one child is used when using `<Link>`:

```jsx filename=""example.js""
import Link from 'next/link'

export default function Home() {
  return (
    <Link href=""/about"">
      <a>To About</a>
    </Link>
  )
}
```

> **Good to know**:
>
> - As on Next.js 13.0, `<Link>` no longer requires a child `<a>` tag. A [codemod](/docs/app/building-your-application/upgrading/codemods#remove-a-tags-from-link-components) is provided to automatically update your codebase.",,"[(np.int64(6), np.float64(0.04841693490743637)), (np.int64(47), np.float64(0.1658298671245575)), (np.int64(1135), np.float64(0.051240164786577225)), (np.int64(2740), np.float64(0.13039816915988922)), (np.int64(3542), np.float64(0.13431650400161743)), (np.int64(8705), np.float64(0.1658630073070526)), (np.int64(9473), np.float64(0.05099654197692871)), (np.int64(16093), np.float64(0.0599077083170414)), (np.int64(19335), np.float64(0.17615334689617157)), (np.int64(20020), np.float64(0.3029469847679138)), (np.int64(64287), np.float64(0.32874470949172974)), (np.int64(115081), np.float64(0.2443493902683258))]","[-0.07256394624710083, 0.02384961023926735, -0.03850417584180832, 0.0232558436691761, -0.0179786067456007, -0.004019498359411955, 0.03313152864575386, 0.020133934915065765, -0.050496798008680344, -0.013482537120580673, 0.014981022104620934, 0.01604202203452587, -0.009285775013267994, -0.00635386211797595, -0.00010890649718930945, 0.022836584597826004, -0.030194420367479324, 0.0239720456302166, 0.00850399024784565, -0.015283261425793171, -0.03933485224843025, -0.019530421122908592, 0.030683200806379318, 0.010800907388329506, -0.0016654041828587651, -0.011351962573826313, -0.002592429518699646, -0.032801974564790726, 0.004577926825731993, 0.01961345225572586, 0.013970986008644104, -0.03017112985253334, 0.013428021222352982, -0.030905649065971375, -0.024425717070698738, -0.026345467194914818, 0.0119218360632658, -0.013684256933629513, -0.026067299768328667, 0.006775901652872562, -0.03364956006407738, -0.015612850897014141, -0.006388240493834019, -0.0071638962253928185, 0.029431696981191635, 0.025388892740011215, 0.019601555541157722, -0.016700079664587975, -0.005398372653871775, -0.014449338428676128, -0.035764724016189575, 0.001235923613421619, 0.04131637141108513, -0.04903184622526169, 0.014620588161051273, -0.019611718133091927, 0.019482428207993507, -0.016209721565246582, -0.02824448049068451, 0.03045632876455784, -0.011884561739861965, -0.013741068542003632, -0.010907340794801712, 0.03573198989033699, -0.011911274865269661, 0.04473719000816345, -0.012975340709090233, 0.015475654974579811, -0.020360630005598068, -0.016307977959513664, 0.013382344506680965, 0.024144696071743965, 0.0028321673162281513, -0.05219198763370514, -0.03002062998712063, 0.04909064620733261, 0.001812189118936658, 0.011243551969528198, -0.01623408868908882, 0.031319063156843185, 0.021552549675107002, -0.014616061002016068, -0.00030660576885566115, 0.00827270932495594, 0.0021218962501734495, 0.02146906405687332, -0.02986927703022957, 0.016975469887256622, 0.05093782767653465, 0.010794030502438545, -0.021842844784259796, -0.015497070737183094, 0.040652088820934296, -0.011269490234553814, -0.024622738361358643, 0.007927965372800827, -0.014208436012268066, -0.013161705806851387, 0.08865761011838913, 0.015256209298968315, 0.02556191012263298, 0.0033782836981117725, -0.028119679540395737, -0.039795149117708206, 0.018186483532190323, 0.040754951536655426, 0.06403592973947525, -0.010458569042384624, 0.026430275291204453, -0.015668025240302086, 0.009877750650048256, 0.021490726619958878, -0.008200257085263729, 0.03826644644141197, -0.025111956521868706, -0.005283297970890999, 0.010201972909271717, -0.038279008120298386, 0.037988271564245224, 0.008233574219048023, 0.004768676590174437, 0.034815821796655655, 0.046389590948820114, -0.03637310117483139, 0.027264928445219994, -0.03534797206521034, -0.03820586949586868, 0.029257532209157944, -0.015909947454929352, 0.03590349853038788, 0.034551262855529785, -0.005151011515408754, 0.012279343791306019, 0.0208990927785635, -0.04927719756960869, 0.021252231672406197, 0.016251685097813606, -0.03293834626674652, 0.030920233577489853, -0.018882814794778824, 0.020448142662644386, -0.028917821124196053, 0.018646549433469772, -0.030280139297246933, 0.025540316477417946, -0.029620429500937462, 0.03768857941031456, -0.0025958577170968056, 0.009987635537981987, -0.028224846348166466, -0.0361894890666008, 0.031826674938201904, 0.03828763589262962, -0.02754737250506878, 0.01928102970123291, -0.04541002959012985, 0.01691366359591484, -0.02782500348985195, 0.06449035555124283, 0.029306354001164436, 0.0006890505319461226, 0.01951112598180771, -0.015835775062441826, -0.060400985181331635, 0.022571034729480743, 0.02200406603515148, -0.0062689571641385555, 0.011224737390875816, -0.0228899959474802, -0.03168366849422455, -0.01498644519597292, 0.020887238904833794, 0.0328003354370594, -0.011023839935660362, 0.019068166613578796, 0.035676710307598114, 0.03282848000526428, 0.0016630502650514245, -0.02350614406168461, 0.000298997008940205, -0.03218696638941765, 0.015551877208054066, 0.023864876478910446, -0.036326829344034195, -0.049239687621593475, -0.0125021543353796, 0.062162622809410095, -0.034650206565856934, -0.02077973075211048, 0.008285850286483765, -0.02633499726653099, -0.01381944864988327, 0.05379271134734154, 0.0009509874507784843, -0.007289750501513481, -0.024113474413752556, 0.02390557900071144, -0.05075510963797569, -0.0063112955540418625, -0.006924903951585293, -0.053244952112436295, 0.022447098046541214, -0.01617431454360485, -0.017939290031790733, -0.00040582427754998207, -0.008665946312248707, -0.0575190894305706, -0.07327793538570404, 0.024380261078476906, -0.004196148365736008, 0.016709936782717705, -0.005024440120905638, -0.029757853597402573, 0.0010818472364917397, -0.042563967406749725, -0.0010027933167293668, -0.044619396328926086, -0.020919520407915115, -0.008421451784670353, 0.0014492165064439178, -0.03532879427075386, 0.001917737303301692, -0.01652655005455017, -0.02750512957572937, -0.005321957170963287, -0.008697960525751114, 0.04816267266869545, 0.02182493358850479, 0.0011275459546595812, -0.015695584937930107, -0.0011044787243008614, -0.02008306048810482, 0.02894587814807892, -0.02168276160955429, 0.04326291382312775, -0.008604374714195728, -0.005445356015115976, -0.030181974172592163, 0.031124334782361984, -0.016560068354010582, 0.02530195750296116, -0.0584244541823864, -0.00042093629599548876, 0.028611866757273674, -0.012162727303802967, -0.05325571820139885, 0.0536639429628849, 0.014409651979804039, -0.040458668023347855, -0.04666157066822052, 0.019909324124455452, -0.005073912441730499, -0.016922179609537125, -0.029792441055178642, 0.010561725124716759, 0.03729980066418648, -0.006782789248973131, -0.021464496850967407, -0.028376206755638123, -0.023327091708779335, 0.03572813421487808, 0.03976944461464882, 0.014903812669217587, 0.017730163410305977, -0.030796246603131294, 0.021898172795772552, -0.03017706610262394, 0.011553598567843437, -0.010062956251204014, 0.0024372825864702463, -0.034598447382450104, 0.026057207956910133, 0.01036142185330391, -0.01046239398419857, 0.011514580808579922, 0.03422999754548073, -0.03259337693452835, -0.03123101405799389, 0.0817166119813919, -0.0005622417666018009, -0.006274627521634102, 0.023020384833216667, 0.08579706400632858, -0.003833484137430787, 0.027409031987190247, -0.010081100277602673, -0.029721634462475777, -0.028765374794602394, -0.008912655524909496, -0.003246217966079712, 0.03140709549188614, 0.03692837059497833, 0.047584813088178635, -0.03207240253686905, -0.058261651545763016, 0.04522007331252098, 0.05825359374284744, -0.16897954046726227, -0.019862642511725426, 0.044890787452459335, -0.017506299540400505, 0.014753272756934166, 0.020509198307991028, -0.020006895065307617, -0.016357336193323135, -0.008778400719165802, 0.06245226040482521, -0.0259441826492548, -0.05374213680624962, -0.003358217654749751, -0.005887262057512999, 0.002216317458078265, 0.03706470876932144, -0.018290113657712936, 0.006844537798315287, 0.03402206674218178, -0.03932053968310356, -0.009219865314662457, -0.05441272631287575, 0.04426686838269234, -0.052410874515771866, 0.047149308025836945, -0.04661484807729721, 0.020304394885897636, -0.03290428966283798, -0.02072611264884472, 0.025465739890933037, -0.038660530000925064, -0.007511516567319632, 0.0007271191570907831, -0.027872910723090172, 0.010214422829449177, 0.03153533861041069, 0.03707687184214592, 0.012862601317465305, -0.020998124033212662, 0.014605331234633923, 0.0571560375392437, 0.033935293555259705, -0.04591159150004387, -0.03239818662405014, 0.05896040052175522, -0.06113592907786369, 0.014537118375301361, -0.02332012727856636, 0.010049646720290184, -0.0188358835875988, -0.024693138897418976, -0.004345396067947149, -0.00709066865965724, 0.020045721903443336, 0.02264247089624405, -0.0038410862907767296, -0.010464005172252655, 0.029077867045998573, -0.009053744375705719, 0.043144628405570984, 0.02595607005059719, -0.03902016580104828, 0.03347877413034439, -0.014527867548167706, -0.028838474303483963, 0.008431836031377316, 0.06797679513692856, -0.006183242425322533, 0.03995703533291817, -0.06658534705638885, -0.0035022753290832043, -0.042554497718811035, 0.02829991653561592, -0.01505422592163086, -0.006735820788890123, 0.025223273783922195, 0.008774224668741226, -0.03644856438040733, 0.04265730455517769, -0.14058785140514374, -0.00029921691748313606, -0.004388066474348307, -0.019069310277700424, 0.04826224967837334, -0.04039767384529114, -0.04528947174549103, 0.014812160283327103, -0.03480071946978569, 0.05012093484401703, 0.23463162779808044, 0.049633875489234924, -0.001404118025675416, -0.0061788433231413364, 0.05817916989326477, -0.015329978428781033, 0.009648100472986698, 0.0017998645780608058, 0.0292050838470459, -0.04585188254714012, -0.00857930351048708, 0.040677860379219055, 0.00965272355824709, -0.013767467811703682, 0.01660056971013546, 0.019978122785687447, -0.026281870901584625, 0.07519403100013733, 0.034350838512182236, -0.03341453894972801, 0.04042813554406166, -0.03066590242087841, 0.05096793919801712, 0.07704410701990128, -0.034257832914590836, -0.0265737846493721, -0.03199300542473793, -0.031372517347335815, -0.02778804302215576, 0.0030398471280932426, -0.04071759060025215, 0.010623769834637642, 0.019472327083349228, -0.09702635556459427, 0.02861684001982212, -0.014060460962355137, 0.0007936178590171039, -0.033796608448028564, -0.04080202057957649, -0.01853983663022518, -0.023136207833886147, -0.010302877053618431, 0.03170733526349068, 0.05612219497561455, 0.005740981083363295, -0.024401895701885223, -0.0024051109794527292, -0.0002137163537554443, 0.0369143970310688, -0.002801354508846998, -0.02374642714858055, -0.025924118235707283, -0.03425292670726776, 0.007755200378596783, -0.05384105443954468, -0.027312107384204865, -0.005310104228556156, -0.02309887856245041, -0.013845348730683327, 0.025554180145263672, -0.027443276718258858, 0.03213274106383324, -0.0029240811709314585, 0.05202976614236832, -0.021139949560165405, -0.012794439680874348, 0.06207222491502762, -0.01115073449909687, 0.024365413933992386, 0.08689885586500168, -0.00936327688395977, -0.0211800504475832, 0.03456294164061546, -0.02932852692902088, -0.019119730219244957, -0.0508466400206089, 0.03920001909136772, 0.04071236401796341, -0.022144299000501633, 0.027820099145174026, -0.0010296246036887169, 0.013121981173753738, -0.01645847037434578, -0.025064123794436455, 0.022917913272976875, -0.019184114411473274, 0.0624791719019413, 0.03639315068721771, -0.04342612996697426, 0.007014819420874119, -0.014051282778382301, 0.024845179170370102, -0.03282235190272331, 0.0445684939622879, -0.013586504384875298, 0.037025876343250275, 0.021625816822052002, -0.012529688887298107, -0.005094075575470924, 0.008324433118104935, -0.06772559881210327, -0.006051916163414717, 0.029657728970050812, -0.05661323294043541, 0.00018101853493135422, -0.07162221521139145, -0.02131280116736889, 0.010581253096461296, 0.0020301989279687405, -0.021485881879925728, -0.029263945296406746, -0.002926599932834506, 0.01867881417274475, -0.03481172397732735, -0.02495296113193035, 0.019375484436750412, 0.05726884305477142, 0.006868587341159582, 0.04741554334759712, 0.0344439260661602, -0.01500077173113823, -0.0015063413884490728, -0.04736005887389183, 0.02240649238228798, -0.015165231190621853, -0.027283387258648872, 0.0030005418229848146, -0.0020638657733798027, -0.015189926140010357, -0.0028319992125034332, 0.023264819756150246, -0.02537916600704193, -0.056057319045066833, 0.047131363302469254, 0.019296830520033836, 0.02840823493897915, 0.0026698929723352194, 0.03036612458527088, 0.001856530550867319, 0.0016132185701280832, -0.054664626717567444, -0.04930732026696205, 0.011344960890710354, -0.019988887012004852, 0.004441271536052227, 0.0072110677137970924, -0.007940101437270641, -0.01661965623497963, 0.04064870625734329, -0.011750402860343456, 0.001019454444758594, 0.04792915657162666, -0.0002585048205219209, -0.032221220433712006, -0.04149080067873001, -0.04569140449166298, 0.00721129821613431, 0.006383033469319344, -0.017190854996442795, -0.01495016273111105, 0.0067795393988490105, 0.004189719911664724, -0.01142535638064146, 0.04659935459494591, 0.033418286591768265, 0.03085758164525032, -0.03732064366340637, 0.04930156469345093, -0.020202986896038055, -0.03215290978550911, -0.014274698682129383, -0.0414607934653759, -0.035553425550460815, 0.012299767695367336, -0.011763232760131359, 0.001812116359360516, -0.06362999230623245, -0.01474701426923275, 0.003254239447414875, 0.03257179632782936, -0.016470972448587418, -0.045768145471811295, -0.05402928218245506, -0.020419849082827568, 0.041134532541036606, -0.007393599022179842, 0.07016532123088837, -0.015205630101263523, 0.00497884675860405, -0.03692501783370972, 0.018295438960194588, 0.11592959612607956, -0.013878967612981796, 0.024518074467778206, 0.038259107619524, -0.01738625578582287, 0.048062749207019806, 0.009083816781640053, -0.01241060346364975, -0.03091532550752163, 0.03519965708255768, 0.040280915796756744, -0.014442985877394676, 0.03156808018684387, 0.009800010360777378, 0.020301561802625656, 0.01335385162383318, -0.023948417976498604, -0.03028757870197296, 0.01965351775288582, -0.005679157562553883, -0.03723675757646561, -0.030008535832166672, -0.02277465909719467, 0.03438296541571617, -0.0361921600997448, 0.056658487766981125, 0.032032426446676254, -0.011255710385739803, -0.030382240191102028, -0.024033471941947937, -0.04489066079258919, 0.024216515943408012, -0.05921320989727974, -0.011009937152266502, 0.008322542533278465, 0.003375547705218196, -0.007112343329936266, 0.021332815289497375, 0.01717495732009411, -0.006457681301981211, -0.00565373245626688, 0.028426872566342354, -0.019304392859339714, 0.04298791661858559, 0.04428601264953613, 0.017623521387577057, 0.04647871106863022, -0.00201090844348073, -0.03015332855284214, -0.038189634680747986, 0.00378767610527575, 0.02190338633954525, 0.008304091170430183, -0.02544943429529667, 0.0022819365840405226, 0.009836622513830662, -0.042790524661540985, 0.005012002773582935, 0.01958419568836689, -0.015393707901239395, 0.0009054947295226157, -0.006032764445990324, -0.0023316550068557262, 0.06019248068332672, 0.02481045015156269, 0.06062421575188637, 0.02256939560174942, -0.044592488557100296, -0.026188066229224205, -0.0004034604353364557, -0.008693726733326912, 0.005617122165858746, -0.02186625637114048, -0.01023461576551199, -0.058740559965372086, 0.02852715365588665, -0.013130427338182926, 0.004102237522602081, -0.034034613519907, -0.014316951856017113, 0.01260418351739645, -0.024660231545567513, -0.012662786059081554, 0.04098598286509514, -0.01605016551911831, -0.01520905364304781, 0.024320702999830246, 0.03365650400519371, -0.021319469437003136, -0.026759658008813858, -0.004263782408088446, 0.01895681954920292, 0.025282932445406914, 0.002846155781298876, 0.03645520284771919, 0.05270412564277649, 0.02446058951318264, 0.0030437051318585873, -0.03269205242395401, 0.000950874644331634, -0.005032537505030632, -0.043334972113370895, 0.003567633219063282, -0.008196164853870869, -0.0075782896019518375, 0.007745168171823025, 0.03213552385568619, -0.004101586062461138, 0.033422667533159256, -0.004059408791363239, -0.005347698926925659, -0.0002628805523272604, -0.0007115027983672917, -0.03808203712105751, 0.044497448951005936, -0.016801053658127785, -0.01401290949434042, 0.03482222929596901, -0.02035827934741974, 0.004634870681911707, -0.08747164905071259, 0.01452796719968319, -0.013156074099242687, 0.04305262491106987, 0.024261461570858955, 0.0725582093000412, -0.03648161515593529, -0.01676015369594097, 0.015543998219072819, 0.02760903164744377, -0.01740519143640995, -0.042879365384578705, 0.00609253253787756, 0.00907181017100811, 0.032719772309064865, 0.07164827734231949, -0.0075633712112903595, -0.027004824951291084, 0.009626098908483982, 0.0008687326917424798, -0.017435137182474136, -0.02340465597808361, -0.008597980253398418, 0.02520633488893509, -0.016292545944452286, -0.025196461006999016, -0.011344249360263348, -0.008358638733625412, -0.00510381069034338, 0.004614742938429117, -0.008445034734904766, 0.06319140642881393, -0.013013510964810848, -0.0032176305539906025, -0.022685518488287926, -0.01832558773458004, -0.0010824368800967932, -0.010284829884767532, 0.02029232122004032, -0.004848629701882601, 0.019605908542871475, -0.03767771273851395, -0.009844519197940826, 0.02857949025928974, 0.03816590458154678, -0.03134012222290039, 0.027740849182009697, 0.013563422486186028, 0.03457963466644287, -0.03307688981294632, 0.042284898459911346, -0.02228528819978237, -0.039681050926446915, 0.02086564525961876, -0.004196130204945803, -0.03223104029893875, 0.012697253376245499, -0.01731385663151741, -0.0008973715011961758, -0.0015370952896773815, 0.03880354389548302, 0.005969871301203966, -0.005200454965233803, -0.004924408625811338, 0.01788187399506569, -0.03780507668852806, 0.03673003241419792, 0.007650135550647974, 0.01607860065996647, 0.00032263557659462094, -0.04149317368865013, -0.005788384936749935, -0.024332605302333832, -0.02358674630522728, -0.024981284514069557, -0.01983202062547207, -0.054021384567022324, -0.02455347217619419, 0.021565010771155357, -0.020057925954461098, 0.043308790773153305, -0.0428876094520092, 0.008935173973441124, -0.13016098737716675, 0.01583297923207283, -0.005587152671068907, 0.0622611902654171, -0.018563205376267433, -0.018427155911922455, 0.036298517137765884, -0.03047347255051136, 0.012724515981972218, -0.026945166289806366, -0.03938755765557289, -0.02267415262758732, 0.02876960299909115, -0.014386346563696861, 0.004053098149597645, 0.032632000744342804, 0.007833296433091164, 6.0042486438760534e-05, -0.026611031964421272, -0.0038359989412128925, -0.016823027282953262, -0.033992987126111984, 0.030048375949263573, -0.012634716928005219, -0.03957388550043106, -0.02764114923775196, -0.005634241737425327, 0.007779110223054886, 0.00895132776349783, 0.004732486791908741, -0.026673419401049614, -0.024638043716549873, 0.008096947334706783, 0.04484281316399574, -0.021380484104156494, -0.009178286418318748, 0.009173638187348843, 0.03355374187231064, -0.022739363834261894, 0.010778619907796383, 0.006706906016916037, 0.03159639611840248, -0.013737808912992477, -0.01570439524948597, 0.06160426139831543, 0.021249128505587578, -0.027573993429541588, -0.03732113167643547, -0.021632228046655655, 0.02502070739865303, -0.0060326773673295975, 0.029415754601359367, -0.00394282303750515, 0.01602652668952942, -0.00011595593969104812, 0.036669254302978516, -0.0037802166771143675, 0.028396770358085632, -0.07051052898168564, 0.036104485392570496, 0.0028442745096981525, 0.013668057508766651, -0.017850467935204506, -0.06056062504649162, -0.008038339205086231, 0.02619391307234764, -0.052174828946590424, 0.040226247161626816, -0.015834767371416092, 0.012473085895180702, -0.007220312487334013, -0.057057689875364304, -0.04778144881129265, -0.01386251300573349, 0.010010221041738987, 0.0053474619053304195, 0.027444103732705116, -0.040706608444452286, -0.03544466197490692, -0.00532826641574502, -0.016213780269026756, 0.004620988387614489, -0.03954331576824188, -0.011544453911483288, 0.08794503659009933, 0.009912482462823391, -0.010625505819916725, 0.00927242822945118, -0.023698855191469193, 0.007097931578755379, 0.016362886875867844, 0.015529508702456951, -0.01712642051279545, -0.03146545961499214, -0.02204168401658535, 0.01462409645318985, -0.028432274237275124, 0.009982321411371231, -0.0020985326264053583, 0.019062697887420654, -0.05819946154952049, -0.023424135521054268, 0.007870344445109367, 0.0510544627904892, -0.03361324593424797, 0.04273531213402748, 0.0041579133830964565, -0.008782564662396908, -0.014854343608021736, -0.04571019858121872, -0.03652599826455116, -0.019948601722717285, -0.0077544269151985645, 0.0026882325764745474, -0.04007870331406593, 0.007456093095242977, 0.031047550961375237, -0.006177125498652458, -0.01849738135933876, -0.021348290145397186, 0.020318808034062386, -0.020034829154610634, 0.039534684270620346, -0.013477454893290997, -0.042418960481882095, -0.024999374523758888, 0.06071096658706665, 0.04966297745704651, -0.039347417652606964, -0.047536857426166534, 0.008977890945971012, -0.05568085238337517, -0.016353081911802292, 0.03752492740750313, 0.011835874989628792, -0.017788492143154144, -0.0216519758105278, 0.014524201862514019, -0.07208143919706345, 0.014164745807647705, -0.02012706734240055, -0.06736373901367188, 0.01820075325667858, -0.04714152216911316, 0.009511088021099567, -0.01842406392097473, 0.04854856804013252, 0.0037148462142795324, -0.027339637279510498, 0.02040022984147072, 0.01627899706363678, -0.02296307496726513, -0.013280238956212997, 0.02763509564101696, -0.02968047931790352, 0.036613255739212036, 0.0043359859846532345, -0.02472081035375595, -0.02620701678097248, 0.022821715101599693, -0.05780182033777237, -0.02042703703045845, -0.001482986262999475, -0.00905792135745287, 0.003968390170484781, 0.013209760189056396, 0.01525078620761633, 0.012650239281356335, 0.00958333071321249, 0.013969141989946365, -0.0014685707865282893, 0.04449076950550079, -0.011252281256020069, 0.0239100344479084, 0.018410522490739822, -0.03930860757827759, 0.016040056943893433, 0.029325544834136963, 0.03973168879747391, -0.008488601073622704, 0.01361262146383524, 0.0186185110360384, 0.022792110219597816, 0.01383292768150568, 0.027348168194293976, -0.020883476361632347, 0.003690118435770273, -0.0002690406108740717, 0.012969556264579296, 0.0015937353018671274, -0.02054787054657936, -0.029238823801279068, 0.016497107222676277, 0.0149421077221632, 0.022634606808423996, -0.03193815425038338, -0.026857057586312294, -0.007821201346814632, 0.0011043974664062262, 0.07118897140026093, 0.03066841885447502, 0.019637444987893105, 0.025654369965195656, -0.013851980678737164, -0.008896337822079659, -0.039577700197696686, -0.0033689038828015327, 0.022940389811992645, 0.00421179411932826, 0.05820266902446747, -0.011904416605830193, -0.008726557716727257, 0.02525784634053707, 0.031712502241134644, 0.0029006756376475096, -0.022926997393369675, 0.05378521606326103, 0.03367789834737778, 0.021083934232592583, 0.024255378171801567, 0.03354359045624733, 0.007850845344364643, -0.017454475164413452, -0.023347558453679085, -0.014985866844654083, -0.017474813386797905, -0.024838877841830254, -0.018923388794064522, -0.0005352479056455195, 0.029500650241971016, -0.029007691890001297, 0.024538379162549973, -0.03410172462463379, 0.01407035905867815, 0.01995704136788845, 0.013144878670573235, 0.010758367367088795, 0.018172549083828926, 3.929038575734012e-05, 0.01676466502249241, -0.016897402703762054, -0.001364596071653068, -0.015293498523533344, -0.01746833510696888]",,
15_1_0_errors_link_multiple_children_mdx_section_1,section,15_1_0_errors_link_multiple_children_mdx,Multiple children were passed to `<Link>` - Why This Error Occurred,,{},15.1.0,"In your application code multiple children were passed to `` but only one child is supported:
For example:
",,"[(np.int64(47), np.float64(0.1702641248703003)), (np.int64(180), np.float64(0.030506189912557602)), (np.int64(238), np.float64(0.03421734645962715)), (np.int64(297), np.float64(0.02075338363647461)), (np.int64(1135), np.float64(0.011176183819770813)), (np.int64(2740), np.float64(0.08095592260360718)), (np.int64(3293), np.float64(0.14027245342731476)), (np.int64(3542), np.float64(0.0774754136800766)), (np.int64(8705), np.float64(0.16930976510047913)), (np.int64(19335), np.float64(0.1844688504934311)), (np.int64(20020), np.float64(0.29977262020111084)), (np.int64(44084), np.float64(0.1377444863319397)), (np.int64(64240), np.float64(0.11529891192913055)), (np.int64(64287), np.float64(0.31529471278190613)), (np.int64(115081), np.float64(0.24854111671447754)), (np.int64(212059), np.float64(0.2923271358013153))]","[-0.00960130151361227, 0.01722119189798832, -0.06326749920845032, 0.001758158439770341, -0.022201398387551308, -0.04687871038913727, 0.031332146376371384, 0.06713341921567917, -0.03339302912354469, 0.006124924868345261, 0.020210327580571175, -0.0195726677775383, -0.004531296901404858, -0.014829528518021107, -0.013007971458137035, 0.021926702931523323, -0.016867712140083313, 0.008148133754730225, -0.024050788953900337, -0.01290902215987444, -0.01651093177497387, 0.024845419451594353, 0.02780272252857685, -0.012339523062109947, 0.005806143395602703, 0.0029292134568095207, -0.031829386949539185, -0.020028131082654, 0.013624008744955063, 0.016748912632465363, 0.01187062356621027, -0.03315930813550949, 0.03160298243165016, -0.058223847299814224, -0.015121028758585453, -0.025522395968437195, -0.009537290781736374, -0.011141153983771801, -0.02883649803698063, -0.011335031129419804, -0.018909694626927376, -0.005891313776373863, 0.014066977426409721, 0.0020841474179178476, 0.01954261027276516, 0.026712389662861824, 0.02706521935760975, -0.02684001438319683, -0.020677577704191208, 0.02388339675962925, -0.009466813877224922, -0.018040211871266365, 0.03365191072225571, -0.05304275080561638, 0.003641788847744465, -0.01138442475348711, -0.01980764791369438, 0.00526079535484314, -0.02083992213010788, 0.009226351976394653, -0.019464196637272835, -0.012875375337898731, -0.0008074344368651509, 0.030073370784521103, -0.013060703873634338, 0.07157853990793228, -0.0150658143684268, -0.00223742239177227, -0.0023040298838168383, -0.024295838549733162, -0.002412211149930954, 0.023932423442602158, -0.0031274822540581226, -0.031357940286397934, -0.07006442546844482, 0.061612680554389954, -0.01563163846731186, 0.017315160483121872, -0.053405750542879105, 0.03077802062034607, 0.022562352940440178, -0.04911782592535019, -0.008203786797821522, 0.014765419065952301, 0.0010241566924378276, 0.05105290934443474, -0.016014521941542625, 0.018740259110927582, 0.009968837723135948, 0.02897867187857628, -0.03796113282442093, 0.0014703474007546902, 0.05349951237440109, -0.024964913725852966, -0.03129062056541443, 0.0018341263057664037, 0.008503533899784088, 0.02862788550555706, 0.055112503468990326, 0.040351856499910355, 0.02196613699197769, 0.018799759447574615, -0.038465965539216995, -0.04650089144706726, -0.031138114631175995, 0.025904403999447823, 0.06383595615625381, 0.006573776248842478, -0.010308019816875458, -0.01140926219522953, 0.020165977999567986, 0.036760780960321426, 0.002754047280177474, 0.01039883866906166, -0.009440302848815918, 0.004667108878493309, -0.007065471727401018, -0.03029816970229149, 0.01620599254965782, 0.02167821116745472, 0.005885595455765724, 0.01572195440530777, 0.03987599164247513, -0.02426631934940815, -0.007354255300015211, -0.019283927977085114, -0.05617047846317291, 0.028027627617120743, -0.018600990995764732, 0.014148062095046043, 0.025704607367515564, 0.03677675500512123, -0.004622148349881172, -0.02841954305768013, -0.06827956438064575, -0.006129761226475239, 0.02137572690844536, -0.015308880247175694, 0.010476451367139816, -0.04922866448760033, 0.054735906422138214, 0.0011278580641373992, 0.05738453567028046, -0.0016831486718729138, 0.022898640483617783, -0.052126526832580566, 0.045102886855602264, -0.0005346654215827584, -0.004092731513082981, -0.003126575378701091, -0.0014373044250532985, 0.0155093465000391, 0.03654121980071068, -0.018913710489869118, 0.02665165811777115, -0.045831888914108276, 0.002816716441884637, -0.030302556231617928, 0.029721636325120926, 0.03790068253874779, -0.05967701971530914, 0.051959384232759476, -0.009053395129740238, -0.05137531831860542, -0.0202445350587368, 0.01784125156700611, 0.0026220919098705053, 0.044790513813495636, -0.02990764193236828, -0.07160242646932602, 0.0010558725334703922, 0.018874812871217728, -0.00582750653848052, 0.009721525013446808, -0.04052424058318138, 0.06190089136362076, 0.04920152574777603, -0.006683310028165579, -0.01729956455528736, -0.021542109549045563, -0.025845099240541458, 0.005813106428831816, 0.005676246248185635, -0.03083411604166031, -0.01202827226370573, -0.005271781235933304, 0.05696561560034752, -0.023361612111330032, 0.004026068840175867, 0.04405588284134865, 0.0031992855947464705, 0.011794892139732838, -0.0033713742159307003, 0.026133481413125992, -0.019873589277267456, -0.01978333480656147, 0.024634869769215584, -0.024240642786026, -0.002370598493143916, 0.031588174402713776, 0.0016439758474007249, 0.007731060031801462, -0.001149808638729155, -0.06252304464578629, -0.013855361379683018, -0.00460872333496809, -0.02916218340396881, -0.07993043959140778, -0.003544722218066454, -0.029164664447307587, 0.03351202979683876, 0.03710176423192024, -0.019924795255064964, 0.021117007359862328, -0.037243928760290146, -0.017920376732945442, -0.003544360166415572, -0.00014490477042272687, 0.021945877000689507, -0.02212308533489704, -0.03979665786027908, -0.003903894918039441, -0.02828866057097912, 0.019132373854517937, -0.012282026931643486, 0.033267319202423096, 0.015770984813570976, 0.03278161585330963, -0.00606311671435833, 0.0010309697827324271, -0.039424777030944824, -0.0577552504837513, -0.004640019033104181, -0.001539889257401228, 0.06380600482225418, 0.028752420097589493, 0.027881531044840813, 0.027630234137177467, 0.024834798648953438, -0.0017762756906449795, -0.009976238012313843, 0.009489517658948898, 0.051992565393447876, -0.0027781601529568434, 0.011845415458083153, -0.008716965094208717, -0.0004286634211894125, 0.01619724929332733, -0.026732835918664932, -0.033096108585596085, 0.018820002675056458, -0.021741272881627083, 0.0023248775396496058, -0.011988881044089794, -0.009821002371609211, 0.029210884124040604, 0.012393332086503506, -0.00032541141263209283, -0.02455366775393486, -0.008366945199668407, 0.030300822108983994, 0.043902669101953506, 0.037468597292900085, 0.010984278284013271, 0.03058455139398575, -0.0037961197085678577, -0.009433205239474773, 0.01200239360332489, -0.020319798961281776, 0.004813948646187782, -0.020557573065161705, 0.0017816522158682346, -0.008105544373393059, 0.014836139976978302, 0.06970223039388657, 0.02559078112244606, -0.03770142048597336, -0.042990271002054214, 0.07484263181686401, -0.024092569947242737, 0.07537636905908585, 0.03148537129163742, 0.02502961829304695, -0.0045670634135603905, 0.036050982773303986, -0.011326382867991924, -0.030830280855298042, -0.0347612164914608, -0.01877734437584877, -0.03857452794909477, 0.0534382201731205, 0.009978160262107849, 0.0544629767537117, -0.003660218557342887, -0.05980296432971954, 0.012964830733835697, 0.04722781851887703, -0.1522255390882492, 0.03664271906018257, -0.00864144042134285, -0.03980274125933647, 0.0233636274933815, 0.01384766586124897, -0.020276077091693878, -0.015409055165946484, -0.040086351335048676, 0.044014230370521545, -0.01703316532075405, -0.05203333869576454, 0.004785036668181419, 0.008953910320997238, -0.009459024295210838, 0.0014276575529947877, 0.009187762625515461, 0.014573433436453342, 0.018820447847247124, -0.023163236677646637, 0.005476220976561308, -0.05334283411502838, 0.06578151136636734, -0.04751273989677429, 0.012489421293139458, -0.006666561122983694, 0.03834235295653343, -0.03730320557951927, -0.05510300397872925, 0.034229885786771774, -0.05280066281557083, 0.028001276776194572, -0.002805032068863511, 0.011015910655260086, -0.022914698347449303, 0.05530764162540436, 0.05108446255326271, 0.011984377168118954, 0.007448128424584866, -0.020943956449627876, 0.051065173000097275, 0.00351062323898077, -0.03255857527256012, 0.001662288443185389, 0.03890267387032509, -0.07735288143157959, 0.011974653229117393, -0.019660329446196556, -0.0005892236367799342, -0.0262667965143919, 0.0017860335065051913, -0.01792949065566063, -0.019824260845780373, 0.0038834901060909033, -0.02227216586470604, 0.024875834584236145, -0.007416959386318922, 0.03556142374873161, -0.024188052862882614, 0.08030246943235397, 0.008069824427366257, 0.009245531633496284, 0.007992965169250965, -0.007351929787546396, -0.05653666332364082, -0.008260101079940796, 0.07437795400619507, 0.01848130114376545, 0.03982283174991608, -0.027944831177592278, -0.005265659186989069, -0.012277754954993725, 0.021433936432003975, -0.03604351729154587, -0.031912580132484436, -0.00037891766987740993, -0.03550529479980469, -0.021438151597976685, -0.04432717710733414, -0.135890394449234, 0.0014566285535693169, -0.011037579737603664, -0.0017215193947777152, 0.044152554124593735, -0.001783462823368609, -0.07345285266637802, -0.023198578506708145, -0.012145762331783772, 0.06432105600833893, 0.24007660150527954, 0.04971163719892502, -0.00025442204787395895, -0.009015214629471302, 0.03662118315696716, -0.016727294772863388, 0.01148904301226139, 0.01200991403311491, 0.005179456900805235, -0.055579088628292084, 0.0007266171742230654, 0.001457219128496945, -0.03528515249490738, -0.001219304627738893, -0.022214937955141068, 0.036881256848573685, -0.055051546543836594, 0.0012903695460408926, 0.04616929218173027, 0.01248627994209528, 0.025067266076803207, -0.0050395880825817585, 0.11414166539907455, 0.03017350286245346, -0.04439400136470795, -0.021990535780787468, -0.05750787630677223, -0.015793176367878914, -0.028481824323534966, 0.011631268076598644, -0.06423162668943405, 0.013967287726700306, 0.036584626883268356, -0.036049868911504745, 0.035810019820928574, -0.026288576424121857, 0.022860001772642136, -0.008929526433348656, -0.06250233948230743, -0.00780961150303483, 0.00777629017829895, -0.0317615382373333, -0.0026592372450977564, 0.007962950505316257, -0.010855564847588539, -0.002105127787217498, 0.050466448068618774, -0.009506347589194775, 0.03343998268246651, -0.015849754214286804, 0.007766027934849262, -0.011624096892774105, 0.01929384469985962, -0.021989379078149796, -0.03279883787035942, 0.008013838902115822, -0.01465567760169506, -0.019816089421510696, -0.009579482488334179, 0.04441876709461212, -0.021333828568458557, 0.014986715279519558, -0.028218897059559822, 0.07711214572191238, -0.022166481241583824, -0.0334642119705677, 0.01432375330477953, -0.057804662734270096, 0.014476282522082329, 0.06246476620435715, -0.017806271091103554, -0.001329418970271945, -0.003662703325971961, -0.03453095257282257, 0.03798971325159073, -0.015894802287220955, 0.021880492568016052, -0.018550502136349678, 0.007568664383143187, -0.01822873204946518, -0.011237508617341518, -0.012505975551903248, -0.026016809046268463, 0.00150542170740664, 0.006741510704159737, -0.04477950930595398, 0.034570395946502686, 0.030925394967198372, 0.0011835588375106454, -0.024017302319407463, -0.02962217852473259, 0.02322443760931492, 0.01649845391511917, -0.006113303359597921, -0.02919301763176918, -0.00204524421133101, 0.0277554951608181, 0.004848511423915625, -0.032999709248542786, -0.007947834208607674, -0.056627146899700165, -0.029809076339006424, 0.0017693156842142344, -0.02759707346558571, 0.01988716423511505, -0.02894217148423195, -0.034597717225551605, 0.005070493556559086, -0.015212001278996468, -0.0034879751037806273, -0.021908460184931755, 0.01315679308027029, -0.011957261711359024, -0.010043833404779434, -0.044280700385570526, 0.023164881393313408, -0.004422303289175034, 0.028660491108894348, 0.05499325320124626, 0.057572200894355774, -0.05199089273810387, -0.03238556906580925, -0.005537067539989948, 0.02380429580807686, -0.03437093645334244, -0.043427206575870514, -0.0044986894354224205, 0.055181752890348434, -0.02409643679857254, 0.022556200623512268, 0.052849914878606796, -0.02475215680897236, -0.051099855452775955, 0.02585362084209919, 0.014538736082613468, -0.016759170219302177, 0.0555863119661808, -0.01706974022090435, 0.000261937064351514, 0.015577156096696854, -0.0518900603055954, -0.00530808512121439, -0.0010642721317708492, -0.0002210785896750167, -0.004792054183781147, 0.016730906441807747, -0.06606036424636841, 0.016343243420124054, 0.04293389618396759, -0.049697913229465485, 0.017404234036803246, -0.005162539426237345, -0.05815145745873451, -0.029767489060759544, -0.027251044288277626, -0.031946733593940735, 0.011358675546944141, 0.033738236874341965, -0.022809164598584175, -0.010600966401398182, -0.005492659285664558, 0.010600720532238483, 0.03056374192237854, 0.08073551952838898, 0.013934719376266003, 0.05284153297543526, -0.018533851951360703, 0.04254891723394394, -0.025716383010149002, -0.019390983507037163, 0.002822142094373703, -0.018881652504205704, -0.015646450221538544, 0.021309152245521545, 0.002568076364696026, -0.0017905425047501922, -0.011991032399237156, -0.032900743186473846, 0.010901148431003094, 0.0009243378881365061, -0.002537810243666172, -0.06517809629440308, -0.07002376019954681, 0.02088242396712303, 0.03390241414308548, -0.02528124861419201, 0.00042232751729898155, -0.0074472734704613686, 0.015866432338953018, -0.013469398953020573, 0.015147943049669266, 0.11909963935613632, -0.024929970502853394, -0.006703975610435009, -0.0077147455886006355, 0.02504919283092022, 0.012831057421863079, 0.035250529646873474, -0.03564441204071045, -0.018134506419301033, 0.04096323251724243, 0.021857719868421555, 0.014150778762996197, -0.010430051945149899, 0.0001169773968285881, 0.0403352752327919, -0.03318285942077637, 0.0025192745961248875, 0.0008911414770409465, -0.011109153740108013, 0.0034579557832330465, 0.0038695624098181725, -0.024463757872581482, -0.015768514946103096, 0.04528485983610153, -0.002716983435675502, 0.07493540644645691, 0.034649837762117386, -0.006070009432733059, -0.0455036535859108, -0.04177273437380791, -0.02416304498910904, 0.02379663661122322, -0.019093850627541542, -0.022910185158252716, 0.021263711154460907, 0.03036276437342167, -0.001991158351302147, 0.007237090263515711, -0.019854312762618065, -0.005366696044802666, 0.0028835542034357786, -0.002346112160012126, 0.01232325192540884, 0.01747092418372631, 0.011945820413529873, 0.01276739314198494, 0.025419242680072784, -0.03186197578907013, -0.06777328997850418, 0.03656391799449921, -0.007676377426832914, 0.023360736668109894, 0.04472312703728676, -0.026655634865164757, -0.012039746157824993, -0.017196286469697952, -0.025993667542934418, 0.048231761902570724, 0.05077475681900978, -0.02055090293288231, -0.020751433447003365, -0.06285810470581055, -0.030499838292598724, 0.029108822345733643, 0.021015027537941933, 0.028042931109666824, 0.0070023606531322, -0.027219565585255623, -0.03092772886157036, 0.006447530351579189, -0.02035287581384182, -0.004919339437037706, -0.023527327924966812, -0.02049293741583824, -0.08122296631336212, 0.013113521039485931, -0.017308687791228294, 0.018722429871559143, 0.01922270469367504, -0.01676197163760662, -0.020439591258764267, 0.01409584004431963, -0.0006026453920640051, 0.011822698637843132, 0.0020039130467921495, -0.03779514133930206, 0.02637827768921852, 0.034596946090459824, -0.012090950272977352, -0.0034413933753967285, -0.005967153701931238, -0.017239229753613472, 0.02040022239089012, -0.020358450710773468, 0.03607526049017906, 0.04781387373805046, 0.0436362661421299, 0.014046178199350834, -0.03490954264998436, -0.004077249672263861, 0.024038126692175865, -0.04229287803173065, 0.03917229175567627, -0.004513507708907127, -0.022387826815247536, 0.01099320873618126, 0.035370953381061554, -0.01242972444742918, 0.026861522346735, 0.007656138855963945, -0.035013794898986816, 0.004845683462917805, -0.011240004561841488, -0.015513334423303604, 0.028328826650977135, 0.0038200514391064644, -0.023222383111715317, 0.03435660898685455, -0.01931460201740265, 0.01728329434990883, -0.06920827180147171, 0.007652763277292252, -0.00402984581887722, 0.03851789981126785, -0.014407314360141754, 0.03858645632863045, 0.011191900819540024, -0.007368695922195911, -0.008525804616510868, -0.009905429556965828, -0.006837058812379837, -0.015598902478814125, 0.00977279432117939, -0.010716878809034824, 0.045451629906892776, 0.0321466438472271, 0.030278513208031654, -0.030192725360393524, -0.0036266602110117674, -0.030428359284996986, -0.017608342692255974, -0.02355661801993847, 0.0038049567956477404, 0.044485799968242645, -0.01573050022125244, -0.016764797270298004, -0.04892277345061302, 0.00128289801068604, 0.036428406834602356, 0.0022325164172798395, -0.03378710523247719, 0.07282702624797821, 0.005273308604955673, -0.002475572982802987, 0.0020647936034947634, -0.01775307208299637, 0.003280234057456255, -0.007453577127307653, 0.007695012725889683, -0.014763989485800266, 0.003063830314204097, -0.03520976006984711, -0.002902309875935316, 0.03593030199408531, 0.0011424294207245111, -0.0062617165967822075, 0.058450210839509964, 0.03229137882590294, -0.005493663251399994, -0.036287471652030945, -9.577751188771799e-05, -0.04149968922138214, -0.015261783264577389, -0.0021402945276349783, 0.01610558293759823, -0.01281403936445713, 0.027408724650740623, 0.010032816790044308, -0.00626544700935483, 0.0011188455391675234, -0.004201118368655443, 0.0022964507807046175, 0.023305285722017288, -0.021549472585320473, 0.028650788590312004, -0.025590261444449425, 0.059141311794519424, 0.014520634897053242, 0.014856087975203991, -0.007693922147154808, -0.01293519139289856, 0.013468597084283829, -0.017243949696421623, -0.0015195057494565845, -0.00011365985847078264, -0.010361811146140099, -0.004665563814342022, 0.002184139797464013, 0.030265480279922485, -0.017890945076942444, 0.03338611125946045, -0.04304538294672966, -0.026498356834053993, -0.14937333762645721, 0.003901659045368433, -0.011648766696453094, 0.020811136811971664, -0.05865052342414856, -0.04367804899811745, 0.018405817449092865, -0.008100977167487144, -0.012422126717865467, -0.07474148273468018, -0.010191159322857857, -0.0391848124563694, 0.03776711970567703, 0.011106430552899837, -0.005197978112846613, -0.011495128273963928, 0.03218233585357666, 0.013180677779018879, -0.0008378746570087969, 0.02400088496506214, -0.009959799237549305, 0.015910033136606216, 0.02640719898045063, -0.0027704716194421053, -0.026649566367268562, -0.028516991063952446, -0.03751496598124504, 0.02959703840315342, -0.01954689249396324, -0.005506843328475952, -0.010967142879962921, -0.04647638648748398, 0.0200636126101017, 0.010047842748463154, 0.02299610525369644, -0.02008635178208351, -0.004525774624198675, 0.012518527917563915, -0.0064572617411613464, 0.00394938001409173, 0.005971844308078289, 0.03448592126369476, 0.010324017144739628, 0.004537736065685749, 0.04692889004945755, 0.020539799705147743, -0.0146587323397398, -0.018311792984604836, -0.029063716530799866, 0.015254005789756775, -0.03744900971651077, -0.019976958632469177, -0.02813767082989216, 0.018621858209371567, -0.0009827823378145695, 0.007999800145626068, 0.0024923807941377163, 0.02178230695426464, -0.01307107973843813, 0.04240846633911133, -0.002232213504612446, -0.003997532185167074, -0.027492068707942963, -0.039061278104782104, -0.041228774935007095, 0.029186079278588295, -0.03756014630198479, -0.03733021765947342, -0.028856497257947922, 0.015054403804242611, 0.036173928529024124, -0.004568072035908699, 0.002432800130918622, -0.04875911772251129, -0.03395647555589676, 0.008671081624925137, 0.019104624167084694, 0.002096870681270957, 0.013292849063873291, -0.03968575969338417, -0.01623355969786644, 0.01975102350115776, -0.03462066873908043, -0.05100264027714729, 0.06478635221719742, -0.01832793653011322, -0.020827719941735268, 0.029651353135704994, -0.023455645889043808, 0.02093091420829296, -0.018612895160913467, 0.0022513046860694885, 0.03636623173952103, -0.017090054228901863, -0.01754458248615265, 0.0420527346432209, -0.055535800755023956, 0.003561188466846943, -0.016305923461914062, -0.0020278734154999256, -0.037801217287778854, -0.00826546922326088, 0.0030900072306394577, 0.031536001712083817, -0.016726244240999222, 0.0252784863114357, -0.01947336085140705, -0.015641294419765472, -0.02096548117697239, -0.046262968331575394, -0.025862818583846092, -0.04540840536355972, -0.0046323384158313274, -0.012468081898987293, -0.0104703139513731, 0.01757684536278248, 0.025906512513756752, 0.04822957515716553, -0.017730865627527237, -0.013040832243859768, -0.003410172648727894, -0.000370613532140851, 0.029960762709379196, -0.016046566888689995, -0.039382755756378174, -0.014532688073813915, 0.032959602773189545, 0.06892228871583939, 0.018925318494439125, -0.03409333527088165, 0.015706665813922882, -0.045120131224393845, 0.011397499591112137, 0.05239533632993698, 0.03903239592909813, 0.0017677319701761007, -0.04122428596019745, 0.038163378834724426, -0.0563594289124012, 0.021060511469841003, -0.0028164878021925688, -0.06475664675235748, 0.009520784951746464, -0.02987264283001423, 0.009933531284332275, -0.03146294131875038, -0.013082663528621197, 0.02234235219657421, 0.0028121578507125378, 0.006973772309720516, 0.008241933770477772, -0.015748780220746994, -0.037759941071271896, 0.06332899630069733, -0.04273200407624245, 0.03792018070816994, 0.0003373298095539212, -0.006282965186983347, 0.0043512023985385895, 0.007768061012029648, -0.04545922577381134, 0.0009378663380630314, -0.0070036533288657665, -0.025836866348981857, -0.0046313367784023285, 0.020432788878679276, 0.011979468166828156, -0.008614837191998959, 0.03135702759027481, -0.003559925826266408, -0.013844506815075874, 0.045867081731557846, 0.001877914764918387, 0.05309515818953514, 0.03653571382164955, -0.07434628158807755, 0.0097197899594903, 0.028338665142655373, 0.06357486546039581, -0.01212699618190527, 0.022674644365906715, 0.057667095214128494, 0.050910983234643936, 0.016003718599677086, -3.651742736110464e-05, 0.017635803669691086, -0.01688259281218052, 0.03969409689307213, 0.0082483422011137, 0.00280748144723475, 0.027406668290495872, -0.004437949042767286, -0.0007246418972499669, 0.03699503839015961, 0.0499589666724205, 0.00030582689214497805, -0.013934013433754444, -0.0044901492074131966, -0.009569250978529453, 0.022988952696323395, 0.026681741699576378, -0.0035152717027813196, -0.02950298599898815, -0.009004229679703712, -0.010788892395794392, -0.03230772539973259, 0.014925952069461346, 0.021037904545664787, -0.0020445375703275204, 0.03175726532936096, 0.0033011543564498425, -0.005831482820212841, 0.012720061466097832, 0.03127123787999153, 0.002245162846520543, -0.028996476903557777, 0.03253611922264099, 0.027636578306555748, 0.018073158338665962, 0.0235347468405962, 0.039168838411569595, -0.014168564230203629, -0.00911317951977253, -0.010122048668563366, -0.028676781803369522, -0.028934136033058167, -0.05326494574546814, -0.030900366604328156, 0.009535850025713444, 7.741491572232917e-06, -0.08321020752191544, -0.012397767044603825, -0.017569145187735558, -0.010418450459837914, 0.009038608521223068, 0.040633734315633774, -0.035486284643411636, -0.008287938311696053, -0.026051009073853493, -0.00386642012745142, 0.022349681705236435, 0.013937767595052719, 0.019153065979480743, -0.009136753156781197]",,
15_1_0_errors_link_multiple_children_mdx_section_1_code_1,code_snippet,15_1_0_errors_link_multiple_children_mdx_section_1,Why This Error Occurred - code_1,,"{'programming_language': 'jsx', 'filename': 'example.js', 'switcher': False}",15.1.0,,"import Link from 'next/link'

export default function Home() {
  return (
    <Link href=""/about"">
      <a>To About</a>
      <a>Second To About</a>
    </Link>
  )
}
","[(np.int64(5), np.float64(0.05874074995517731)), (np.int64(7), np.float64(0.07282499223947525)), (np.int64(425), np.float64(0.26532235741615295)), (np.int64(1647), np.float64(0.1313585788011551)), (np.int64(27781), np.float64(0.3140980005264282)), (np.int64(28175), np.float64(0.2342986762523651))]",,"[-0.043411705642938614, 0.012261425144970417, -0.01858855038881302, 0.042099710553884506, -0.005926066543906927, -0.003097295993939042, 0.018125681206583977, 0.017657997086644173, -0.02358153648674488, 0.0006649826536886394, -0.01438145712018013, 0.05494363605976105, -0.01664718985557556, -0.0034580682404339314, 0.0007426623487845063, 0.021465815603733063, -0.01321791298687458, 0.019112415611743927, 0.0037305112928152084, -0.0008347081602551043, -0.03421935439109802, -0.008292865008115768, 0.00600344967097044, 0.025418777018785477, 0.0004609892494045198, 4.106831693206914e-05, 0.014634626917541027, -0.03886428102850914, -0.0393671989440918, 0.015046683140099049, 0.016520950943231583, -0.04800204932689667, -0.0049092466942965984, -0.030025895684957504, -0.02545550838112831, 0.01827767677605152, 0.010894249193370342, -0.03597473353147507, -0.046605434268713, 0.0445556566119194, -0.024720728397369385, 0.020883042365312576, 0.004940853454172611, -0.029343482106924057, 0.05884910002350807, 0.0019480966730043292, 0.035726018249988556, -0.025659361854195595, -0.006685959175229073, -0.03161080926656723, -0.02781367301940918, 0.02086135558784008, 0.012148961424827576, -0.04001658782362938, 0.030490988865494728, 0.013470207341015339, -0.022141963243484497, -0.01798376999795437, -0.056892942637205124, -0.027324508875608444, 0.0214542206376791, -0.02222059667110443, -0.046299152076244354, 0.043588049709796906, 0.026668155565857887, 0.0216518584638834, 0.00023046042770147324, 0.0004503503441810608, -0.0234118290245533, -0.010055587626993656, -0.0011459620436653495, 0.04111091047525406, -0.052804626524448395, -0.060397643595933914, -0.028458327054977417, 0.04296063631772995, 0.0009677293128333986, 0.0024163220077753067, 0.031726084649562836, 0.020838333293795586, -0.004569031298160553, -0.003793101292103529, 0.045665014535188675, 0.02190580777823925, 0.007138035260140896, -0.03188494220376015, -0.03405432030558586, 0.00917029194533825, 0.03351602330803871, -0.005194044206291437, -0.034746792167425156, 0.004056282341480255, 0.03064025193452835, -0.038234978914260864, -0.035354889929294586, -0.04903574660420418, 0.00917371828109026, -0.013799592852592468, 0.045901842415332794, -0.019784141331911087, 0.019681373611092567, 0.02298569679260254, -0.004063970874994993, -0.0007247673347592354, 0.0328284315764904, 0.021259790286421776, -0.0029321976471692324, -0.012239970266819, 0.009114337153732777, -0.004842336755245924, 0.03530436009168625, -0.020183837041258812, -0.0021907419431954622, 0.018413783982396126, -0.05456918105483055, -0.03514239937067032, -0.005350656341761351, -0.00712260976433754, 0.005833887029439211, 0.011544747278094292, -0.007936500944197178, 0.03247606009244919, 0.06445278227329254, 0.011936116963624954, 0.02688775025308132, -0.021449722349643707, -0.023324312642216682, 0.011598286218941212, -0.024766523391008377, 0.0384330116212368, 0.02498321793973446, -0.004084296524524689, 0.009621845558285713, 0.0313323438167572, -0.029680540785193443, -0.024209214374423027, 0.02213064581155777, -5.0539481890155e-05, 0.005089832004159689, 0.0284576453268528, 0.001889434177428484, 0.0236968956887722, -0.021011944860219955, -0.031449079513549805, 0.010139040648937225, -0.020887797698378563, 0.050900187343358994, -0.0049662054516375065, 0.0007192984339781106, -0.05776122584939003, -0.0003165803209412843, 0.06335414201021194, 0.009887417778372765, 0.029847847297787666, 0.026554135605692863, -0.030148161575198174, 0.02926192618906498, 0.0022670740727335215, 0.049152057617902756, 0.01660996302962303, -0.039029501378536224, 0.02040751278400421, 0.009578689001500607, -0.04397456347942352, 0.03436046838760376, -0.04393838718533516, -0.027129078283905983, 0.005624874960631132, -0.016287917271256447, -0.030067645013332367, -0.02141679637134075, -0.0028472954872995615, 0.01520991325378418, -0.00017168716294690967, 0.028305763378739357, 0.031011192128062248, 0.07911156862974167, 0.0035336778964847326, 0.008225581608712673, -0.009384221397340298, 0.0016142954118549824, 0.005853776354342699, -0.01727195642888546, -0.009765205904841423, -0.06366385519504547, 0.0018181747291237116, 0.05265278369188309, -0.0594613291323185, -0.01494154054671526, 0.03649463504552841, 0.00022344343597069383, -0.019386455416679382, 0.05293821543455124, 0.004577751737087965, 0.02300882339477539, -0.009161673486232758, 0.0021212822757661343, 0.0019954005256295204, -0.00497110141441226, -0.020198596641421318, -0.005699039902538061, 0.014287036843597889, 0.006156445946544409, -0.0335317924618721, -0.023499246686697006, -0.019839562475681305, -0.04668629914522171, -0.022950273007154465, -0.005400869529694319, 0.02941860817372799, -0.03433646634221077, -0.02942034974694252, -0.045641783624887466, -0.022248325869441032, -0.04365807771682739, -0.0071770488284528255, -0.005707463715225458, -0.0272404532879591, 0.0080313915386796, -0.019205302000045776, -0.02210351824760437, 0.05650733783841133, 0.05575418099761009, 0.015186680480837822, 0.0021151192486286163, -0.004836363717913628, 0.048626694828271866, -0.0057130795903503895, 0.0016587728168815374, -0.03674723207950592, 0.02169264666736126, 0.0008270774851553142, 0.025456706061959267, -0.026238832622766495, 0.012723433785140514, -0.02960072085261345, -0.055067647248506546, 0.004528851248323917, -0.007408407516777515, -0.04610118642449379, 0.0037256237119436264, -0.0236726775765419, -0.00614317087456584, 0.030406050384044647, -0.014011853374540806, 0.021377751603722572, 0.026384830474853516, -0.011922447010874748, -0.031278062611818314, -0.021031010895967484, 0.005194061901420355, -0.006442585494369268, -0.01992722973227501, 0.019710510969161987, -0.005534924101084471, 0.009984494186937809, 0.017134161666035652, -0.008988505229353905, -0.03763099014759064, -0.030492346733808517, 0.007478493731468916, 0.03176330402493477, -0.010387544520199299, 0.021758772432804108, -0.023280490189790726, 0.014112954959273338, -0.020844828337430954, 0.013467657379806042, 0.024583492428064346, 0.0025046116206794977, 0.009168396703898907, -0.021014779806137085, 0.018071718513965607, -0.01967601105570793, 0.009612943977117538, 0.004879890475422144, -0.017136232927441597, -0.03535044193267822, 0.05498946085572243, -0.021745415404438972, -0.005325835198163986, 0.005772282835096121, 0.046817779541015625, 0.0023440879303961992, 0.04527812451124191, -0.022051334381103516, -0.013916246592998505, -0.021003473550081253, -0.006874513812363148, -0.01833328790962696, -0.015094793401658535, -0.007150714751332998, 0.050016917288303375, -0.04074287787079811, -0.022356195375323296, 0.012482034973800182, 0.018352266401052475, -0.18259435892105103, -0.056189898401498795, 0.0172212403267622, 0.008753661066293716, 0.020292187109589577, 0.033425457775592804, -0.0036748764105141163, -0.05488818883895874, -0.0011975509114563465, 0.036517489701509476, -0.05105946213006973, -0.06228451803326607, 0.014212486334145069, -0.03775426745414734, 0.025360409170389175, 0.02162078581750393, -0.018726209178566933, 0.005707045551389456, -0.0067418585531413555, -0.031994566321372986, -0.0029508548323065042, -0.06081075966358185, 0.055258966982364655, -0.0009126276709139347, 0.00238703447394073, -0.009776739403605461, 0.029880594462156296, -0.06695417314767838, -0.010464273393154144, 0.018623104318976402, 0.024485008791089058, -0.027932194992899895, -0.0007753270328976214, -0.006798525340855122, 0.04209422692656517, 0.04251269996166229, -0.01919717527925968, 0.019535435363650322, -0.0374462753534317, 0.03564336150884628, 0.047806937247514725, 0.022860636934638023, -0.0405091866850853, 0.003970129415392876, 0.0052343131974339485, -0.03263147547841072, -0.026348430663347244, -0.006531227380037308, -0.022789366543293, 0.029376346617937088, -0.013478955253958702, -0.07248232513666153, -0.022022774443030357, 0.03945536911487579, -0.03569341078400612, 0.01601031981408596, 0.017538802698254585, 0.013954191468656063, -0.005113848485052586, 0.019202008843421936, -0.033170849084854126, -0.019379181787371635, 0.011075164191424847, 0.004390413407236338, -0.03877098113298416, 0.03778691589832306, 0.05622849240899086, -0.0162584837526083, 0.022351784631609917, -0.04519648849964142, 0.014860313385725021, -0.051153216511011124, 0.02980940230190754, 0.007781972177326679, -0.0626860111951828, 0.03710445389151573, -0.0069507635198533535, -0.03635310009121895, 0.09092261642217636, -0.10861627012491226, -0.0026783717330545187, -0.007079218048602343, -0.002131332876160741, 0.042313601821660995, -0.05194200947880745, -0.03724434971809387, 0.013808510266244411, -0.03454204648733139, 0.023444971069693565, 0.25073304772377014, 0.058002814650535583, 0.014710810035467148, 0.007983353920280933, 0.03810671716928482, 0.0017602541483938694, -0.00293155899271369, -0.010512554086744785, 0.03280724212527275, -0.0375731959939003, -0.0033450990449637175, 0.0154993562027812, 0.021426916122436523, -0.012369129806756973, 0.036856602877378464, 0.03239594027400017, -0.036709073930978775, 0.0544113926589489, 0.049104247242212296, -0.03215668350458145, 0.0009627345716580749, -0.021244024857878685, 0.023030200973153114, 0.0568743534386158, -0.05174170061945915, -0.0029926630668342113, 0.018865179270505905, -0.03923633322119713, -0.008083662018179893, 0.024383652955293655, -0.046698085963726044, -0.005807583220303059, 0.039575640112161636, -0.034062255173921585, -0.012889686040580273, -0.015931138768792152, 0.009446840733289719, -0.055522531270980835, 0.00230510625988245, -0.016189290210604668, -0.006275027524679899, 0.003352325176820159, 0.013532613404095173, 0.03444072604179382, -0.02805265784263611, -0.03401655703783035, -0.007541898172348738, 0.0009113462874665856, 0.016426779329776764, 0.0038116245996207, 0.014537794515490532, -0.01351189985871315, -0.025181353092193604, -0.015402794815599918, 0.0034660599194467068, -0.027971170842647552, -0.005659636575728655, 0.015416533686220646, 0.007197180762887001, 0.02843470871448517, -0.014059843495488167, 0.01525349821895361, 0.011057568714022636, -0.0001217261960846372, -0.00947931781411171, 0.008825670927762985, 0.042618732899427414, -0.010847024619579315, 0.027249135076999664, 0.08407570421695709, -0.028744658455252647, -0.0023318191524595022, 0.01035345159471035, 0.006165399216115475, -0.034119613468647, -0.02661232277750969, 0.05750595033168793, 0.04258573427796364, -0.03911583125591278, 0.02358556166291237, 0.008186763152480125, -0.0053821736946702, 0.002408958040177822, -0.0272760521620512, 0.020368102937936783, -0.009093871340155602, 0.03358960524201393, 0.07014031708240509, -0.015982408076524734, 0.02442377619445324, -0.044224031269550323, -0.015408004634082317, -0.033334746956825256, 0.02800511196255684, -0.016060780733823776, -0.005496551748365164, 0.0070166317746043205, -0.00970548577606678, -0.024605989456176758, -0.005883174017071724, -0.041888605803251266, -0.027354121208190918, -0.0033047664910554886, -0.0464608334004879, -0.019774802029132843, -0.039726678282022476, -0.036049388349056244, 0.015978027135133743, -0.0016219737008213997, 0.0016871512634679675, -0.05881589651107788, 0.009551472961902618, 0.02217293530702591, -0.036402203142642975, 0.04291721060872078, 0.007121667731553316, 0.04364253953099251, 0.02643231302499771, 0.020782602950930595, 0.010760595090687275, -0.02740182727575302, -0.01608070358633995, -0.032067976891994476, 0.007036260329186916, -0.023052766919136047, -0.05064034461975098, -0.03370388224720955, 0.002441992284730077, -0.014698106795549393, 0.023100439459085464, 0.031692564487457275, -0.013194559141993523, -0.02364860475063324, 0.0262910109013319, 0.0227146428078413, 0.02194754034280777, 0.02760767936706543, 0.02356267161667347, 0.0011255271965637803, -0.03354167193174362, -0.03753428906202316, 0.007038626819849014, -0.018759487196803093, -0.017373627051711082, 0.021534042432904243, 0.026858177036046982, 0.058499474078416824, -0.029667885974049568, 0.020095933228731155, 0.01738820970058441, 0.04901238903403282, 0.0666629746556282, 0.035908591002225876, -0.03449498116970062, -0.031994931399822235, -0.027898967266082764, -0.01670169271528721, -0.01709342747926712, 0.003884190460667014, -0.02326948009431362, 0.03030182048678398, 0.017906740307807922, 0.010282251983880997, 0.061938390135765076, 0.02478020079433918, -0.008135239593684673, -0.06351720541715622, 0.05196761712431908, 0.00047458236804232, -0.03808274492621422, -0.000592961790971458, -0.050309836864471436, -0.0543745681643486, -0.03389991819858551, 0.0006184368976391852, -0.015717720612883568, -0.08467567712068558, -0.007822618819773197, -0.026997139677405357, 0.018422989174723625, -0.01590457372367382, 0.0003519856254570186, -0.04609869420528412, -0.010332874022424221, 0.05887678638100624, -0.003379207104444504, 0.06877437978982925, 0.005225100554525852, 0.010533945634961128, -0.03508121147751808, -0.046071238815784454, 0.13370618224143982, -0.021665330976247787, 0.010899596847593784, 0.021572047844529152, 5.539793710340746e-05, 0.05773276835680008, 0.0067618489265441895, 0.00892704725265503, -0.013628482818603516, 0.02684803679585457, 0.05568484961986542, -0.005982146132737398, 0.02632461115717888, -0.006391043309122324, -0.016795357689261436, -0.018373647704720497, 0.00954983290284872, -0.038827862590551376, 0.03663202002644539, 0.015576760284602642, -0.01717997156083584, 0.002558721462264657, -0.015836553648114204, 0.03605560213327408, -0.022921593859791756, 0.07160484790802002, 0.050770774483680725, -0.010195624083280563, -0.03740430995821953, 0.03216760233044624, -0.034918565303087234, -0.0024666839744895697, -0.048467304557561874, -0.021813008934259415, 0.012398588471114635, 0.015242289751768112, -0.011051960289478302, -0.014724849723279476, 0.009752617217600346, -0.003779442049562931, -0.009948551654815674, 0.009994628839194775, 0.010387813672423363, 0.05173429101705551, 0.027878059074282646, -0.02230641432106495, 0.04095761850476265, 0.05586256831884384, -0.013515417464077473, -0.028626032173633575, 0.04034889116883278, 0.02597925439476967, 0.06579349935054779, 0.02905169688165188, 0.03285626694560051, -0.0014797264011576772, -0.045963067561388016, 0.0019823794718831778, -0.00439712218940258, -0.05303178355097771, 0.02045530267059803, 0.004376892000436783, -0.003557728137820959, 0.026752673089504242, 0.017463073134422302, 0.07430096715688705, 0.011564085260033607, -0.03598295897245407, 0.009659365750849247, 0.009752430953085423, 0.018090061843395233, 0.005610333289951086, -0.017295846715569496, -0.005348968785256147, -0.021900860592722893, 0.06119759753346443, -0.05614057928323746, -0.012452279217541218, -0.024955926463007927, 0.00206768698990345, 0.022044071927666664, -0.004447399638593197, -0.04378184676170349, 0.06581095606088638, 0.009921248070895672, -0.011701536364853382, 0.001328163081780076, 0.028364108875393867, -0.04422936215996742, -0.016743088141083717, 0.001041952520608902, 0.04192649573087692, 0.022641483694314957, -0.0053593167103827, 0.023412849754095078, 0.02218252420425415, 0.0360025130212307, -0.0004889643169008195, -0.04552300646901131, -0.011976203881204128, -0.039766669273376465, -0.03890932351350784, 0.009423013776540756, -0.01850040815770626, -0.02556588500738144, -0.0008886994910426438, 0.06435856968164444, -0.009824603796005249, 0.006887941155582666, -0.016517020761966705, -0.008403545245528221, -0.0023319770116358995, -0.021931927651166916, -0.04320912808179855, 0.02701529487967491, -0.015568266622722149, -0.0073804655112326145, 0.013188053853809834, -0.0075515457428991795, 0.0358063206076622, -0.04840261489152908, 0.023682519793510437, 0.04333111271262169, 0.02815692126750946, 0.02672547474503517, 0.04222925007343292, -0.04525678977370262, -0.002014713827520609, 0.0080606359988451, 0.031495556235313416, 0.003123238915577531, -0.006323729641735554, -0.001905216253362596, 0.0007443352951668203, -0.002917892998084426, 0.04795648902654648, -0.02592410147190094, -0.02682374231517315, 0.007729440461844206, 0.005024069920182228, -0.011191627942025661, -0.004455906338989735, 0.024854205548763275, -0.02658875286579132, -0.008112267591059208, 0.016968095675110817, 0.019039981067180634, -0.005999093409627676, -0.003861031960695982, 0.03317404165863991, -0.018462926149368286, 0.06977169215679169, -0.02095615677535534, 0.031219013035297394, 0.0006968380766920745, -0.02166365087032318, -0.020782768726348877, 0.0030609089881181717, -0.0022060303017497063, -0.01996404118835926, 0.007081040181219578, -0.00886717438697815, -0.031214451417326927, 0.026194654405117035, 0.009481161832809448, -0.03266357257962227, -0.04166611284017563, 0.04812844470143318, 0.0030835203360766172, -0.024391397833824158, 0.0029837102629244328, -0.008282060734927654, -0.023006238043308258, 0.022432217374444008, -0.006896996404975653, -0.03277964890003204, 0.010823403485119343, -0.0270399060100317, -0.007082870230078697, 0.01076540257781744, 0.029747724533081055, 0.008193859830498695, -0.03615308925509453, -0.012378167361021042, 0.029828719794750214, -0.044286005198955536, -0.010788340121507645, 0.01989390142261982, -0.023572659119963646, 0.03048628568649292, -0.08050299435853958, -0.03953897953033447, -0.016549639403820038, -0.05781469866633415, -0.012212127447128296, -0.01068184431642294, -0.03530803695321083, -0.02914608269929886, 0.08439309149980545, -0.030492492020130157, 0.014174982905387878, -0.02912052907049656, 0.02260322868824005, -0.15117740631103516, -0.003630897728726268, -0.048442598432302475, 0.0381985679268837, -0.04402437433600426, 0.020979346707463264, -0.003917829133570194, -0.05627884343266487, 0.02075941115617752, 0.025493254885077477, -0.02275751531124115, -0.030784908682107925, 0.021952949464321136, -0.006822372321039438, -0.04279865324497223, 0.01126402523368597, -0.008825365453958511, 0.003769138129428029, -0.02812931314110756, 0.029466567561030388, 0.006812393199652433, -0.01928231120109558, 0.07803689688444138, -0.011105012148618698, -0.017474982887506485, -0.022448673844337463, -0.023091411218047142, 0.018627308309078217, 0.0017963956343010068, 0.00360101624391973, -0.008456343784928322, -0.05374828726053238, 0.024792075157165527, 0.06128541752696037, -0.017529696226119995, 0.053289745002985, -9.532250260235742e-06, 0.03018530085682869, -0.021789664402604103, -0.007678670343011618, -0.022369150072336197, 0.012830174528062344, -0.011917834170162678, -0.02059043012559414, 0.006119596306234598, 0.00014648557407781482, 0.016603093594312668, -0.014761107973754406, -0.029417498037219048, -0.03157568722963333, 0.05359373614192009, 0.05230201035737991, 0.0319083034992218, 0.03920143097639084, -0.012372049503028393, 0.03147410228848457, 0.015197423286736012, 0.03748609498143196, -0.04074639827013016, 0.005063386633992195, -0.026865946128964424, -0.010995302349328995, -0.023312311619520187, -0.06184404715895653, -0.0021302488166838884, -0.008488607592880726, -0.04066246747970581, 0.03464872017502785, 0.002880355343222618, -0.005606213118880987, -0.007738740649074316, -0.010394235141575336, -0.05588654428720474, 0.01467476598918438, 0.015458657406270504, 0.006138622760772705, 0.03711933270096779, -0.022733503952622414, -0.049560047686100006, 0.002904370194301009, -0.009238495491445065, 0.005602014251053333, -0.03377383574843407, 0.04834495857357979, 0.04284791275858879, 0.06948257982730865, -0.02834337204694748, 0.026654621586203575, 0.02687608078122139, 0.00705358712002635, 0.039788808673620224, -0.013880860060453415, -0.0035733056720346212, -0.02391786500811577, -0.03539913147687912, 0.026263944804668427, -0.027570663020014763, 0.007781072985380888, 0.01718694530427456, 0.007054005283862352, -0.037570562213659286, -0.030927246436476707, -0.005397969391196966, 0.03047913871705532, -0.04751363396644592, 0.036111362278461456, 0.026954196393489838, -0.0012891407823190093, -0.019470298662781715, -0.016025487333536148, -0.06389448046684265, -0.003239109879359603, -0.012301874347031116, 0.028409047052264214, -0.016624558717012405, 0.0034080431796610355, 0.022339697927236557, 0.00827634148299694, 0.012820166535675526, -0.018551865592598915, -0.034558430314064026, -0.025030257180333138, 0.006078979466110468, -0.034549351781606674, -0.01302877813577652, 0.0066127898171544075, -0.0028955608140677214, 0.02274254523217678, -0.03568195924162865, -0.016165247187018394, 0.03630297631025314, -0.06592943519353867, 0.04838308319449425, 0.0345107726752758, 0.028441807255148888, 0.000633199408184737, -0.05375578626990318, 0.02864035964012146, -0.0717928409576416, -0.014972856268286705, -0.027236565947532654, -0.038036853075027466, 0.03285054862499237, -0.06193947419524193, 0.004088650457561016, -0.017918914556503296, 0.046282488852739334, 0.00331116677261889, -0.04680943116545677, 0.018981585279107094, 0.002700556768104434, -0.01535559818148613, 0.001719380496069789, 0.04611685872077942, -0.0012856804532930255, 0.01354929804801941, -0.02510879561305046, 0.0037649343721568584, -0.02315794676542282, 0.03661198541522026, -0.031046418473124504, -0.041714441031217575, -0.009691046550869942, -0.017735235393047333, 0.010882670059800148, -0.013931971043348312, 0.004082972649484873, 0.045791998505592346, -0.015015607699751854, 0.00949194934219122, 0.0125740272924304, 0.01046949252486229, -0.01694216951727867, -0.022893471643328667, 0.023754412308335304, -0.01916038803756237, 0.04628309980034828, -0.01549546793103218, 0.03197087347507477, 0.013812161050736904, 0.017452003434300423, 0.00816184189170599, 0.008944112807512283, -0.007236158940941095, 0.037487585097551346, -0.0316617526113987, 0.001768804038874805, 0.012169715017080307, 0.0041514551267027855, -0.05000420659780502, -0.006104514002799988, -0.02150038257241249, 0.02333470806479454, -0.0077527184039354324, 0.04369555786252022, -0.017491288483142853, -0.012362414970993996, -0.005377564113587141, -0.012876486405730247, 0.05731706693768501, -0.00699053518474102, 0.04722363501787186, -0.009966115467250347, -0.03140982240438461, -0.01049643661826849, -0.05504775047302246, -0.023182706907391548, 0.012676975689828396, -0.021265344694256783, 0.014499874785542488, 0.02062383107841015, -0.0034678562078624964, -0.040435876697301865, 0.047431882470846176, 0.004226177465170622, -0.031008997932076454, -0.0029427113477140665, 0.03222126141190529, 0.006774536333978176, -0.011214564554393291, 0.022789668291807175, 0.02062581479549408, -0.04093031957745552, -0.010974700562655926, -0.02297627367079258, 0.011156441643834114, -0.001881738775409758, -0.02371414192020893, -0.009173686616122723, 0.017819320783019066, -0.02136782370507717, 0.03172427788376808, 0.01492323912680149, 0.023403123021125793, -0.016888681799173355, 0.013722173869609833, 0.036778826266527176, -0.007908349856734276, 0.04278642311692238, -0.002159112598747015, -0.02747698873281479, -0.006664556451141834, 0.02836604230105877, -0.04549519345164299]",
15_1_0_errors_link_multiple_children_mdx_section_2,section,15_1_0_errors_link_multiple_children_mdx,Multiple children were passed to `<Link>` - Possible Ways to Fix It,,{},15.1.0,"Make sure only one child is used when using ``:
Good to know:As on Next.js 13.0, `` no longer requires a child `` tag. A [/docs/app/building-your-application/upgrading/codemods#remove-a-tags-from-link-components](/docs/app/building-your-application/upgrading/codemods#remove-a-tags-from-link-components) is provided to automatically update your codebase.
",,"[(np.int64(7), np.float64(0.10006695240736008)), (np.int64(47), np.float64(0.16268059611320496)), (np.int64(1135), np.float64(0.045238886028528214)), (np.int64(1650), np.float64(0.21851752698421478)), (np.int64(2661), np.float64(0.16990192234516144)), (np.int64(2740), np.float64(0.05689416825771332)), (np.int64(3542), np.float64(0.1305171549320221)), (np.int64(8705), np.float64(0.178501695394516)), (np.int64(9473), np.float64(0.02624407783150673)), (np.int64(16093), np.float64(0.006341852247714996)), (np.int64(19335), np.float64(0.18818937242031097)), (np.int64(20020), np.float64(0.2823634147644043)), (np.int64(42261), np.float64(0.20008748769760132)), (np.int64(64287), np.float64(0.26235705614089966)), (np.int64(96746), np.float64(0.28367722034454346)), (np.int64(115081), np.float64(0.23644575476646423)), (np.int64(115861), np.float64(0.20651152729988098))]","[-0.05190160870552063, -0.004017270170152187, -0.02722257561981678, 0.038849152624607086, -0.028251903131604195, -0.039470721036195755, 0.0458759143948555, 0.01383658405393362, -0.04066057875752449, -0.00897783599793911, 0.0012935795821249485, -0.007076268084347248, -0.01660492643713951, -0.0011366955004632473, -0.002725804690271616, 0.009666688740253448, -0.01970255933701992, 0.015331011265516281, 0.00277499295771122, 0.0006835421081632376, -0.04340389743447304, -0.03182241693139076, 0.012528953142464161, 0.03016774356365204, 0.023278862237930298, -0.008217704482376575, -0.020187905058264732, -0.01787887141108513, 0.008295571431517601, 0.03441137075424194, 0.023752642795443535, -0.028210647404193878, 0.008420231752097607, -0.017268003895878792, 0.008588877506554127, -0.05504678562283516, -0.0004807607037946582, -0.010633274912834167, -0.03238053619861603, -0.0034639823716133833, -0.0036943829618394375, -0.050165072083473206, -0.010580566711723804, -0.005052063148468733, 0.02904500998556614, 0.011092071421444416, 0.01235475018620491, -0.02014043927192688, -0.008863754570484161, 0.00693633733317256, -0.029493309557437897, -0.019931485876441002, 0.013224327936768532, -0.025291897356510162, 0.0264008529484272, 0.013385809026658535, 0.015654433518648148, -0.04635089263319969, -0.007206772454082966, 0.011605923064053059, -0.036503877490758896, -0.007940562441945076, 0.012383862398564816, 0.02863098867237568, -0.02601453848183155, 0.04009678587317467, -0.013865413144230843, 0.003885449143126607, -0.009538121521472931, -0.03330852463841438, 0.01071951910853386, 0.031015142798423767, -0.00760765140876174, -0.04198485240340233, -0.021022649481892586, 0.02369888871908188, 0.024526918306946754, -0.03039238043129444, -0.02517368458211422, 0.004097416065633297, 0.032477207481861115, 0.010498194955289364, 0.01804465986788273, -0.01907227747142315, 0.013828694820404053, 0.021309293806552887, 0.011375822126865387, 0.012943887151777744, 0.024075932800769806, 0.028489377349615097, -0.03256766125559807, -0.03887566551566124, 0.07486002147197723, -0.014629500918090343, -0.02046339027583599, -0.004916619509458542, 0.01824706606566906, -0.015820924192667007, 0.09258722513914108, -0.01289252657443285, 0.016730139032006264, -0.03883259743452072, -0.0043817427940666676, -0.026965655386447906, 0.04065815359354019, 0.029827706515789032, 0.056976623833179474, 0.0029717024881392717, 0.04016337916254997, -0.014929655008018017, 0.011166175827383995, 0.038060836493968964, 0.0018089928198605776, 0.03530140966176987, -0.005689631216228008, -0.017885280773043633, 0.004077737219631672, -0.0688546821475029, 0.033085912466049194, -0.032545797526836395, 0.0303646270185709, 0.026472851634025574, 0.035658471286296844, -0.024009685963392258, 0.05080535635352135, 0.038453731685876846, -0.013062204234302044, 0.03508227691054344, -0.026218129321932793, 0.017666546627879143, 0.01318246778100729, -0.0008742514182813466, -0.0025979015044867992, 0.01248876191675663, -0.05700983479619026, 0.027806999161839485, 0.015446378849446774, -0.03669324144721031, 0.030695045366883278, -0.05016733705997467, -0.002025772351771593, -0.03278849273920059, -0.0064636156894266605, -0.039936017245054245, 0.022455332800745964, -0.016355253756046295, 0.018295345827937126, 0.008435096591711044, 0.01987418159842491, -0.02871944010257721, -0.05940171703696251, 0.03746331110596657, 0.05557100847363472, -0.026618149131536484, 0.024323733523488045, -0.04214746877551079, 0.007882095873355865, 0.011267629452049732, 0.03125765174627304, 0.0006969343521632254, -0.009749770164489746, 0.01777728460729122, -0.03724948689341545, -0.01983235776424408, 0.02983623556792736, 0.03531783074140549, -0.012534829787909985, -0.024450890719890594, -0.014940076507627964, -0.010313025675714016, -0.03007572516798973, 0.013056782074272633, 0.06035911664366722, 0.013691342435777187, 0.01027572713792324, 0.029895327985286713, 0.02527914009988308, 0.010205011814832687, -0.05972392112016678, 0.021761510521173477, -0.032232630997896194, -0.006541210226714611, -0.008954782970249653, -0.013876073993742466, -0.048129111528396606, 0.05561727285385132, 0.017228081822395325, -0.020877154543995857, -0.014871460385620594, -0.009469500742852688, -0.03649497404694557, -0.008452355861663818, 0.03102530539035797, 0.020601296797394753, -0.0036324309185147285, -0.02306654118001461, 0.025071758776903152, -0.03410482779145241, -0.005443538539111614, -0.013041445054113865, -0.03116679936647415, 0.01763288304209709, -0.019399750977754593, -0.023863615468144417, -0.013360890559852123, -0.021302124485373497, -0.0498105026781559, -0.047186560928821564, 0.04050077125430107, 0.021974753588438034, 0.0017661311430856586, -0.00039298326009884477, -0.008227085694670677, 0.02735310047864914, -0.0727582722902298, -0.023928742855787277, -0.05916919559240341, 0.006121634505689144, -0.005908536724746227, -0.015561818145215511, -0.03092208504676819, -0.0008575986721552908, -0.012065649963915348, -0.029487861320376396, -0.016236815601587296, -0.001213554642163217, 0.008899030275642872, 0.03923015668988228, 0.011271180585026741, 0.0023287467192858458, -0.00045009059249423444, -0.010878765024244785, 0.039670079946517944, -0.03556063398718834, 0.01902623288333416, -0.03332170844078064, 0.006403025705367327, -0.0016980960499495268, 0.012762744911015034, -0.036322351545095444, 0.0028048509266227484, -0.040739912539720535, 0.01918025128543377, 0.03689338639378548, -0.012695837765932083, -0.0752415880560875, 0.0292899738997221, 0.03459598124027252, -0.016461877152323723, -0.06966111063957214, 0.0028490552213042974, -0.018598420545458794, -0.036764029413461685, 0.015452784486114979, 0.008286708034574986, 0.02057395689189434, -0.018786495551466942, -0.013286763802170753, -0.019378233700990677, -0.00596857164055109, 0.055936265736818314, 0.044951181858778, 0.013784728944301605, 0.03752167522907257, -0.032526906579732895, 0.00709323026239872, 0.004335655365139246, 0.002060003811493516, 0.010973836295306683, 0.03212627395987511, -0.024688562378287315, 0.020652037113904953, -0.004845706280320883, -0.008903900161385536, -0.0436665378510952, 0.04224148020148277, -0.0246327705681324, -0.008569617755711079, 0.09985608607530594, -0.009800530970096588, -0.041187066584825516, 0.0061858841218054295, 0.0840609222650528, -0.01979896053671837, -0.001551219029352069, -0.026990892365574837, -0.02320905774831772, 0.0006537339650094509, -0.012407194823026657, 0.00445870216935873, 4.4067917770007625e-05, 0.05323595553636551, 0.0672730952501297, -0.03851157799363136, -0.054751697927713394, 0.004384875297546387, 0.05143214762210846, -0.16269350051879883, 0.008563745766878128, 0.009271835908293724, -0.01271909475326538, 0.010068521834909916, 0.013597416691482067, -0.027123775333166122, 0.018533967435359955, 0.006203773897141218, 0.05232350528240204, -0.007090805098414421, -0.056666791439056396, -0.0008684640051797032, -0.03705493360757828, -0.0010621292749419808, 0.008886623196303844, -0.0028297831304371357, 0.012616719119250774, 0.01437352318316698, -0.040491558611392975, -0.03407110646367073, -0.05172446370124817, 0.03227584809064865, -0.06800555437803268, 0.048205357044935226, -0.0605231449007988, 0.02377602458000183, 0.008395817130804062, -0.02502552606165409, 0.010864704847335815, -0.039137694984674454, 0.022403188049793243, -0.004510742612183094, -0.048256196081638336, 0.004946159664541483, 0.026661409065127373, 0.015259373001754284, 0.0085182785987854, -0.01935969665646553, -0.016310160979628563, 0.05590986832976341, 0.03942611441016197, -0.04917144402861595, -0.036576852202415466, 0.0593520812690258, -0.05033092200756073, -0.007747940719127655, -0.038617201149463654, -0.02146754041314125, -0.003108463017269969, -0.017770323902368546, 0.002919098362326622, -0.013316045515239239, -0.015363763086497784, 0.005995696410536766, -0.0039161816239356995, 0.009833970107138157, 0.023597177118062973, 0.015741415321826935, 0.020206058397889137, -0.0029314819257706404, -0.03062358871102333, 0.04192071408033371, -0.04049248620867729, -0.01931646093726158, -0.018962498754262924, 0.08486899733543396, 0.013562304899096489, 0.040736082941293716, -0.04039038345217705, 0.012418422847986221, -0.01524170208722353, 0.03269686549901962, -0.04148394986987114, -0.018234293907880783, 0.026876673102378845, -0.013716194778680801, -0.02776871621608734, 0.03630582615733147, -0.1485108882188797, 0.011373000219464302, -0.002324233530089259, -0.02017846144735813, 0.026899030432105064, -0.02076146937906742, -0.05633644759654999, -0.027213605120778084, -0.025151530280709267, 0.036103762686252594, 0.21250367164611816, 0.044634412974119186, -0.01373845711350441, 0.018171358853578568, 0.07647921144962311, -0.025838445872068405, 0.01645207218825817, 0.031236637383699417, 0.02124437503516674, -0.05281892046332359, -0.0014775029849261045, 0.03308224678039551, 0.0011049826862290502, -0.01952442340552807, 0.01971297152340412, -0.03280852362513542, -0.026421619579195976, 0.05533720925450325, 0.051075708121061325, -0.008521905168890953, 0.06921522319316864, 0.003875496331602335, 0.048396602272987366, 0.06416668742895126, -0.08330182731151581, -0.011504455469548702, -0.019406022503972054, -0.029153943061828613, -0.012162317521870136, -0.009446305222809315, -0.037268005311489105, 0.038063619285821915, 0.010048754513263702, -0.08751288056373596, 0.040673453360795975, -0.025142889469861984, 0.011467134580016136, -0.01403809618204832, -0.03393221274018288, 0.027967095375061035, -0.040788281708955765, -0.004178606905043125, 0.06150062382221222, 0.01788613572716713, -0.008237379603087902, -0.01425145473331213, 0.00925428606569767, -0.0007200267864391208, 0.029859967529773712, -0.026633193716406822, -0.0032291642855852842, -0.01767474040389061, -0.005815376061946154, 0.01396264135837555, -0.011558708734810352, -0.035700879991054535, -0.01975400373339653, -0.03808422014117241, -0.005040518008172512, 0.016874462366104126, -0.012921814806759357, 0.029378533363342285, -0.007820403203368187, 0.04676564782857895, 0.0031016336288303137, -0.006617600563913584, 0.02618313953280449, 0.01673183962702751, 0.026545921340584755, 0.0831427276134491, 0.007926900871098042, -0.001078879926353693, 0.04002229496836662, -0.050209157168865204, -0.02792583405971527, -0.022923843935132027, 0.033673375844955444, 0.02539464645087719, 0.009065601974725723, 0.010423055849969387, -0.010935724712908268, 0.015216519124805927, -0.030199268832802773, -0.002139484975486994, 0.01585223525762558, -0.017934607341885567, 0.02617197483778, 0.04289093613624573, -0.02868245355784893, -0.0043304115533828735, 0.005413133185356855, 0.019819490611553192, -0.03692654147744179, 0.02745586261153221, -0.03824293985962868, 0.021088385954499245, 0.04262622445821762, -0.018133429810404778, -0.03754367679357529, 0.05283394455909729, -0.06671832501888275, -0.011838877573609352, 0.016143226996064186, -0.047870852053165436, 0.025124695152044296, -0.02417209930717945, -0.020910276100039482, 0.0033399404492229223, 0.00601440342143178, -0.021284734830260277, -0.026222754269838333, 0.004817125853151083, -0.015724554657936096, -0.035621944814920425, -0.03964581713080406, 0.025138050317764282, 0.04334067553281784, 0.022506803274154663, 0.03564687818288803, 0.02203270047903061, -0.03243286535143852, 0.007434408646076918, -0.016502154991030693, 0.012549950741231441, -0.0022950838319957256, -0.012060902081429958, -0.003498659934848547, 0.00844524521380663, -0.04894160479307175, 0.006908777169883251, 0.011826958507299423, -0.02244773879647255, -0.03998231142759323, 0.04858464375138283, 0.02426566556096077, 0.003351429011672735, 0.001103928661905229, 0.034497279673814774, 0.02023724839091301, 0.012991872616112232, -0.04705239459872246, -0.05707935988903046, 0.02132026106119156, -0.0014438042417168617, 0.006452058907598257, -0.0014093180652707815, -0.0030320340301841497, 0.0027160572353750467, 0.051254600286483765, -0.013117930851876736, -0.0033412473276257515, 0.04472989961504936, -0.011384114623069763, -0.057492610067129135, -0.03956339508295059, -0.07171058654785156, 0.02399158664047718, 0.02692527137696743, -0.009727023541927338, -0.007188737392425537, -0.0023069758899509907, 0.024450570344924927, -0.009113387204706669, 0.04378952458500862, 0.042503274977207184, 0.04280071705579758, -0.0442751869559288, 0.04698723182082176, -0.030083736404776573, -0.03003832697868347, -0.009046460501849651, -0.048438142985105515, -0.024448547512292862, -0.0016513471491634846, -0.02122526615858078, -0.002820376306772232, -0.06062855198979378, 0.02144911326467991, -0.014189797453582287, 0.006965115200728178, -0.028457852080464363, 0.002186001744121313, -0.02836259827017784, -0.0229739248752594, -0.014213609509170055, -0.02417072281241417, 0.04691579192876816, -0.02365710213780403, 0.020269285887479782, -0.032641224563121796, 0.005841806530952454, 0.12663565576076508, -0.01150935422629118, 0.01659492217004299, 0.052963268011808395, -0.039552751928567886, 0.03502437472343445, -0.0067292931489646435, -0.029328087344765663, -0.021757440641522408, -0.002550163073465228, 0.01894337497651577, -0.03527401015162468, 0.036676522344350815, 0.0036465341690927744, 0.008263817988336086, -0.011905954219400883, 0.013732562772929668, -0.022559823468327522, 0.00780080258846283, -0.024384601041674614, -0.008700643666088581, -0.034663598984479904, -0.029854705557227135, 0.035430219024419785, -0.025265539065003395, 0.02239888533949852, 0.05199190974235535, -0.007267307490110397, -0.0108843008056283, -0.02263563498854637, -0.007867362350225449, 0.009617729112505913, -0.053111638873815536, 0.011354398913681507, 0.021556250751018524, 0.006357024423778057, -0.01783980056643486, 0.04189951717853546, 0.010046927258372307, -0.01628590002655983, 0.039470281451940536, 0.04215240105986595, -0.006200219038873911, 0.006711726076900959, -0.013813363388180733, 0.011954221874475479, 0.049998074769973755, -0.004412553738802671, -0.036470573395490646, -0.024667847901582718, -0.005614574532955885, 0.05525042116641998, 0.023328371345996857, -0.007725787349045277, -0.008441699668765068, 0.030359109863638878, 0.0014184286119416356, 0.01051546260714531, 0.001717946375720203, -0.02956927753984928, -0.008699887432157993, -0.014279396273195744, -0.020961079746484756, 0.03298930823802948, 0.006354943849146366, 0.028655946254730225, 0.006039813160896301, -0.042701344937086105, -0.039011966437101364, 0.009511101059615612, -0.008723095990717411, 0.0022132142912596464, -0.022311989217996597, -0.010067091323435307, -0.032808568328619, 0.04158729314804077, -0.027980966493487358, -0.02134101837873459, -0.04312632605433464, -0.008645911701023579, -0.006210317835211754, -0.02096564881503582, -0.020533118396997452, 0.03819357976317406, -0.01650102436542511, -0.014549817889928818, 0.024117790162563324, 0.028603646904230118, -0.02411302551627159, -0.03078947402536869, 0.02649865671992302, 0.03829290345311165, 0.022661074995994568, -0.0011710701510310173, 0.04457426071166992, 0.07148551940917969, 0.005902043078094721, -0.0011861337115988135, -0.05059509351849556, 0.00823380146175623, 0.025694837793707848, -0.06798654049634933, 0.014249433763325214, 0.01288622710853815, 0.027190860360860825, -0.025946764275431633, 0.025450298562645912, -0.0024386378936469555, 0.023138009011745453, -0.012432513758540154, 0.002467850921675563, -0.005883693229407072, -0.005818598438054323, -0.02333296835422516, 0.050829581916332245, -0.01626879908144474, -0.018260395154356956, 0.06203002855181694, -0.03370998427271843, -0.029785461723804474, -0.06681567430496216, -0.0004359497397672385, -0.007230295334011316, 0.03036244586110115, 0.014325160533189774, 0.06270089000463486, -0.019184954464435577, -0.000306213041767478, -0.014103317633271217, 0.010920963250100613, -0.002576630562543869, -0.0444001704454422, -0.02520206943154335, -0.012502911500632763, 0.03972072899341583, 0.05178891867399216, 0.02504134178161621, -0.02815629355609417, 0.008308250457048416, -0.02389826998114586, -0.04638880118727684, 0.0013675971422344446, -0.021315736696124077, 0.045426517724990845, -0.00988650694489479, 0.004901922307908535, -0.023656979203224182, 0.007012374699115753, -0.015500398352742195, -0.029993552714586258, -0.05329818278551102, 0.043288130313158035, 0.012172965332865715, 0.012231189757585526, -0.050591904670000076, 0.02457841858267784, -0.02355126105248928, -0.016951262950897217, -0.0025558508932590485, -0.0025458342861384153, 0.037777047604322433, -0.04656849801540375, -0.02860995940864086, 0.022616419941186905, 0.012143870815634727, -0.005536895710974932, 0.02197984792292118, 0.029233170673251152, 0.03357116878032684, -0.029773857444524765, 0.01608852855861187, -0.05129656940698624, -0.020378267392516136, 0.004374283365905285, 0.0422174371778965, -0.0006741784745827317, -0.011457188986241817, -0.010789684019982815, -0.010255609638988972, -0.0035098614171147346, 0.009038308635354042, -0.021325165405869484, -0.002172849141061306, 0.010031872428953648, 0.002843651454895735, -0.01487753912806511, 0.03670480474829674, 0.014323183335363865, -0.007212565280497074, -0.028620600700378418, -0.05186882242560387, -0.02354268543422222, -0.03223564103245735, 0.018219711259007454, -0.0071540288627147675, -0.007248337846249342, -0.027592413127422333, 0.006532867439091206, -0.0038664545863866806, -0.017834633588790894, 0.008560880087316036, -0.029662590473890305, 0.015441454946994781, -0.1299089938402176, 0.02120811864733696, -0.0222148634493351, 0.04136912524700165, -0.005587035324424505, -0.01415781769901514, 0.020612221211194992, -0.02523908205330372, 0.02702484466135502, -0.01565738581120968, -0.04443945735692978, -0.05370653420686722, 0.045213814824819565, -0.023925134912133217, 0.011351841501891613, 0.03033573180437088, -0.009913785383105278, 0.0038501257076859474, -0.0026140939444303513, 0.01616032049059868, -0.005146703217178583, -0.03329823166131973, -0.009295986033976078, 0.035492267459630966, -0.03677534684538841, -0.003900696523487568, 0.018847182393074036, 0.005017572082579136, 0.03358222171664238, -0.028849681839346886, 0.0034636270720511675, 0.0188965555280447, -0.01043282262980938, 0.035250283777713776, -0.025336720049381256, -0.026593878865242004, 0.009526760317385197, 0.026362987235188484, -0.023632192984223366, 0.053236089646816254, 0.02109978348016739, 0.02837921492755413, -0.01123350951820612, -0.007368672173470259, 0.05052677541971207, 0.025667252019047737, -0.04264913126826286, -0.03072298876941204, -0.02927822805941105, 0.033814020454883575, 0.011294458992779255, 0.021447617560625076, -0.011319344863295555, 0.0221078060567379, 0.00450160214677453, 0.011630221270024776, 0.008450116962194443, 0.03299923241138458, -0.08192656934261322, 0.04859553277492523, -0.005117195658385754, 0.01274106651544571, -0.0129768718034029, -0.027364615350961685, -0.01409919559955597, 0.0482558012008667, -0.06519800424575806, 0.015149221755564213, -0.020528633147478104, 0.044052623212337494, -0.022230597212910652, -0.06353724002838135, -0.052025455981492996, -0.03534192964434624, 0.01418308075517416, -0.007657380774617195, 0.023679612204432487, -0.03611154854297638, -0.04279828444123268, -0.006366170942783356, -0.004184807650744915, -0.002725610975176096, -0.04513966664671898, 0.009049504064023495, 0.046525828540325165, -0.01602126471698284, 0.007973173633217812, -0.011067524552345276, -0.038524895906448364, 0.0008872018661350012, -0.007816159166395664, -0.009706446900963783, -0.023067492991685867, -0.03286188840866089, 0.006354473065584898, 0.028707077726721764, -0.024964546784758568, 0.0020891022868454456, 0.011736021377146244, 0.0006540169706568122, -0.0679597333073616, -0.01080213114619255, 0.0028227076400071383, 0.040318407118320465, -0.034461405128240585, 0.03588206321001053, -0.00687886867672205, 0.011041342280805111, -0.015959465876221657, -0.046111635863780975, -0.017434220761060715, 0.008371724747121334, -0.0003760277759283781, -0.018415862694382668, -0.03319691866636276, 0.010459525510668755, 0.0118242297321558, -0.0014663455076515675, -0.04358011856675148, 0.002228222554549575, 0.03173922002315521, -0.011837516911327839, 0.05817919224500656, -0.01886456459760666, -0.014814084395766258, 0.004046096466481686, 0.06419029086828232, 0.06624133884906769, -0.013469242490828037, -0.033889446407556534, 0.018516968935728073, -0.04203716665506363, -0.047102514654397964, 0.03366219624876976, 0.01521740760654211, -0.07138765603303909, 0.011261677369475365, 0.04044276103377342, -0.06778714060783386, 0.017786210402846336, -0.013913440518081188, -0.034525804221630096, 0.01817607879638672, -0.039898596704006195, 0.008891900070011616, -0.03673490509390831, 0.05033206567168236, 0.010489163920283318, -0.013088333420455456, 0.01380209345370531, 0.023880288004875183, -0.003931059502065182, -0.017163699492812157, 0.004143735393881798, -0.0334695428609848, 0.033404648303985596, 0.017033599317073822, 0.006985285319387913, -0.020195050165057182, 0.030650082975625992, -0.032592400908470154, -0.05545635148882866, 0.0009178119362331927, -0.02778005227446556, 0.03756358474493027, 0.027637505903840065, -0.0012523956829681993, 0.009670848958194256, -0.017723863944411278, 0.03352450951933861, -0.00967153999954462, 0.04662894457578659, -0.0056357793509960175, 0.04180990904569626, 0.01826472580432892, -0.028823183849453926, 0.014476938173174858, 0.02040424942970276, 0.03395907208323479, -0.0035537350922822952, 0.031306181102991104, -0.009319620206952095, 0.04171650856733322, 0.013749685138463974, 0.05101810395717621, 0.01149183139204979, -0.017070941627025604, 0.030026784166693687, 0.023826459422707558, 0.007963177748024464, -0.04199027270078659, -0.00742327980697155, -0.012985732406377792, 0.0012722443789243698, -0.007392947096377611, -0.00965922512114048, -0.01842411607503891, 0.0207566786557436, 0.03191504254937172, 0.04789416491985321, 0.011401002295315266, 0.017817087471485138, 0.04747241735458374, -0.03015970252454281, -0.023838575929403305, -0.017530104145407677, -0.009082162752747536, 0.008468431420624256, 0.037182945758104324, 0.02367231622338295, -0.05540923401713371, 0.020578188821673393, 0.0021674621384590864, 0.035040438175201416, 0.034065715968608856, 0.018899651244282722, 0.08529914170503616, 0.02346976287662983, 0.017209140583872795, 0.019760416820645332, 0.05009087547659874, 0.0015705194091424346, -0.008270607329905033, -0.02869052067399025, -0.024474889039993286, -0.0030781424138695, -0.017715997993946075, -0.023807542398571968, -0.011274551972746849, 0.02604024112224579, -0.001233345246873796, 0.024340763688087463, -0.02842380665242672, 0.023624448105692863, 0.03714481741189957, 0.002320012543350458, 0.00409197062253952, 0.005698340479284525, -0.0254562646150589, 0.0356079563498497, 0.02278895117342472, 0.01685967668890953, -0.004364503547549248, -0.0025066982489079237]",,
15_1_0_errors_link_multiple_children_mdx_section_2_code_1,code_snippet,15_1_0_errors_link_multiple_children_mdx_section_2,Possible Ways to Fix It - code_1,,"{'programming_language': 'jsx', 'filename': 'example.js', 'switcher': False}",15.1.0,,"import Link from 'next/link'

export default function Home() {
  return (
    <Link href=""/about"">
      <a>To About</a>
    </Link>
  )
}
","[(np.int64(5), np.float64(0.05874074995517731)), (np.int64(7), np.float64(0.07282499223947525)), (np.int64(425), np.float64(0.26532235741615295)), (np.int64(1647), np.float64(0.1313585788011551)), (np.int64(27781), np.float64(0.3140980005264282)), (np.int64(28175), np.float64(0.2342986762523651))]",,"[-0.03170524165034294, 0.008741987869143486, -0.022781817242503166, 0.039000436663627625, -0.011079388670623302, -0.009744508191943169, 0.02112985961139202, 0.011183204129338264, -0.01865442469716072, 0.000651354668661952, -0.01648661494255066, 0.05998244881629944, -0.02003396861255169, 0.0037136694882065058, 0.00255218637175858, 0.01226056832820177, -0.010344786569476128, 0.0196189284324646, 0.003934884909540415, 0.005323623772710562, -0.032598622143268585, -0.0075265029445290565, 0.003236779710277915, 0.025104042142629623, 0.005427518859505653, -0.004527294542640448, 0.020692680031061172, -0.037828899919986725, -0.03934898599982262, 0.006534871179610491, 0.022591231390833855, -0.044075824320316315, -0.00667269853875041, -0.02723364531993866, -0.03216693922877312, 0.013723897747695446, 0.012813027016818523, -0.03258553519845009, -0.04991989955306053, 0.04273940250277519, -0.024816034361720085, 0.011003982275724411, -0.0035776691511273384, -0.013399917632341385, 0.04981178790330887, 0.0008941462729126215, 0.037818487733602524, -0.021891355514526367, -0.011775435879826546, -0.031887635588645935, -0.017772024497389793, 0.019275294616818428, 0.010981017723679543, -0.03605591505765915, 0.029830191284418106, 0.013176871463656425, -0.020722346380352974, -0.02597437985241413, -0.05172235146164894, -0.01630820520222187, 0.023418445140123367, -0.02620812878012657, -0.0473281592130661, 0.03507640212774277, 0.024219194427132607, 0.027109939604997635, -0.0020549471955746412, -0.00613581296056509, -0.025419818237423897, -0.009698408655822277, -0.0011367156403139234, 0.0429144948720932, -0.0527411587536335, -0.05740838870406151, -0.03706485778093338, 0.04582718387246132, 0.0038205760065466166, -0.006586743053048849, 0.036632198840379715, 0.024626657366752625, -0.0071809981018304825, -0.008681107312440872, 0.03992952033877373, 0.015711188316345215, 0.006265366915613413, -0.03741052374243736, -0.04493718221783638, 0.019445186480879784, 0.03676902875304222, -0.011874725110828876, -0.034529317170381546, 0.00634146248921752, 0.0362279936671257, -0.044930990785360336, -0.043144065886735916, -0.05135558918118477, 0.012581251561641693, -0.022205013781785965, 0.04469882696866989, -0.020685860887169838, 0.018484489992260933, 0.028721492737531662, 0.0020545192528516054, 0.0016782778548076749, 0.034571174532175064, 0.011175908148288727, -0.005237475503236055, -0.01007161010056734, 0.007849304936826229, -0.0090485829859972, 0.03586162254214287, -0.02756745181977749, 0.002098732627928257, 0.029009858146309853, -0.04363628849387169, -0.029042575508356094, -0.002975755138322711, -0.007781065069139004, 0.0063555422239005566, 0.0067628598771989346, -0.0010964039247483015, 0.024161377921700478, 0.050093088299036026, 0.019278714433312416, 0.022599197924137115, -0.014559508301317692, -0.012001048773527145, 0.007107663433998823, -0.022788232192397118, 0.043244656175374985, 0.025956274941563606, -3.726266368175857e-05, 0.011723571456968784, 0.02519446238875389, -0.030403494834899902, -0.024549005553126335, 0.02415383979678154, 0.0023056052159518003, 0.006437619682401419, 0.03386109322309494, -0.00914838444441557, 0.017885008826851845, -0.028871839866042137, -0.031352508813142776, 0.019439199939370155, -0.02192930318415165, 0.04939389228820801, -0.004503375850617886, 6.367593596223742e-05, -0.051726799458265305, 0.0027726548723876476, 0.05714265629649162, 0.004538253881037235, 0.032669007778167725, 0.018683670088648796, -0.022748693823814392, 0.028451289981603622, 0.0034203105606138706, 0.03775487095117569, 0.021487561985850334, -0.0318785198032856, 0.019483832642436028, 0.012806691229343414, -0.05193253234028816, 0.03763271123170853, -0.05285368114709854, -0.02745167352259159, -0.0011050818720832467, -0.019075222313404083, -0.021788977086544037, -0.026462165638804436, -0.005300829187035561, 0.016289595514535904, -0.0060623749159276485, 0.03079809807240963, 0.03490253910422325, 0.07940290868282318, 0.0036605726927518845, 0.016919158399105072, -0.012420392595231533, 0.0016155783087015152, 0.005619097966700792, -0.009951535612344742, -0.008881490677595139, -0.06690611690282822, 0.00507695646956563, 0.05298382416367531, -0.054983269423246384, -0.012934604659676552, 0.04174070432782173, -0.002140225376933813, -0.020350415259599686, 0.04581207409501076, 0.008813069202005863, 0.024286119267344475, -0.009687017649412155, -0.008890561759471893, 0.007546490989625454, -0.005370261147618294, -0.014442922547459602, -0.009965972043573856, 0.017643215134739876, -0.0006868269992992282, -0.025883391499519348, -0.020677177235484123, -0.018073301762342453, -0.04395822435617447, -0.028622467070817947, -0.013620640151202679, 0.028016936033964157, -0.03456185758113861, -0.028126884251832962, -0.045266784727573395, -0.024495868012309074, -0.03691312298178673, -0.011345534585416317, -0.011499227024614811, -0.020489446818828583, 0.012918609194457531, -0.02623734436929226, -0.01911853440105915, 0.05380814149975777, 0.0666743665933609, 0.020033098757267, -0.010595486499369144, -0.0060759917832911015, 0.05227050185203552, -0.01459407526999712, 0.007064736448228359, -0.038709789514541626, 0.019499309360980988, -0.007764749228954315, 0.02763710357248783, -0.027511443942785263, 0.008838163688778877, -0.027991915121674538, -0.05604518577456474, -0.005058510694652796, -0.0019162932876497507, -0.045418474823236465, 0.0026630214415490627, -0.0276478361338377, -0.00485546188428998, 0.035867102444171906, -0.01853116787970066, 0.023155448958277702, 0.027470268309116364, -0.011152112856507301, -0.027086013928055763, -0.026307281106710434, -0.001675790990702808, -0.005090822000056505, -0.017310751602053642, 0.01770145446062088, -0.005254414863884449, 0.015222027897834778, 0.014286099933087826, -0.013532210141420364, -0.0463290773332119, -0.035675011575222015, 0.004337540827691555, 0.0222336295992136, -0.014109138399362564, 0.021841762587428093, -0.022144686430692673, 0.011999903246760368, -0.023015612736344337, 0.014047320000827312, 0.03070879355072975, -0.0053440905176103115, -3.9818532968638465e-05, -0.014092639088630676, 0.025017831474542618, -0.02201828733086586, 0.003646177938207984, 0.0015301102539524436, -0.022466709837317467, -0.03652588278055191, 0.060573313385248184, -0.015859711915254593, -0.006100143305957317, 0.0037172541487962008, 0.053012993186712265, 0.005723701789975166, 0.05937807634472847, -0.02462102845311165, -0.01713080145418644, -0.02735794335603714, -0.006080026738345623, -0.021228138357400894, -0.021775448694825172, 0.000451784348115325, 0.048681970685720444, -0.04525197297334671, -0.01839815266430378, 0.020160574465990067, 0.02202690578997135, -0.18133528530597687, -0.054240334779024124, 0.022485628724098206, 0.01148192398250103, 0.018331633880734444, 0.0323004350066185, -0.004648363683372736, -0.052280787378549576, -0.005386088043451309, 0.04090513661503792, -0.05476216971874237, -0.061624545603990555, 0.013537111692130566, -0.04008486121892929, 0.019545502960681915, 0.02499435283243656, -0.011951054446399212, 0.010263473726809025, -0.007984617725014687, -0.03403584659099579, -0.007274535950273275, -0.0613805428147316, 0.06335163116455078, -0.003727913135662675, -0.0014538229443132877, -0.009952545166015625, 0.027775747701525688, -0.07065081596374512, -0.005438200663775206, 0.025687426328659058, 0.023814460262656212, -0.024583950638771057, 0.001156893209554255, -0.00917088333517313, 0.03379545733332634, 0.04586104676127434, -0.013812950812280178, 0.019586823880672455, -0.03725726529955864, 0.041451845318078995, 0.044268690049648285, 0.009199367836117744, -0.032359346747398376, 0.002846855204552412, -0.0008948425529524684, -0.019453957676887512, -0.02990148216485977, -0.012013987638056278, -0.024785194545984268, 0.026894213631749153, -0.004559324122965336, -0.07707681506872177, -0.017025582492351532, 0.04435322806239128, -0.041548941284418106, 0.022021882236003876, 0.013744358904659748, 0.014375767670571804, -0.008359277620911598, 0.025632739067077637, -0.024105435237288475, -0.01998072676360607, 0.013623575679957867, 0.0054540447890758514, -0.032935597002506256, 0.03716224804520607, 0.053283583372831345, -0.008080429397523403, 0.02379791997373104, -0.04884687066078186, 0.005800016224384308, -0.05097237601876259, 0.03254561126232147, 0.009319067001342773, -0.06554639339447021, 0.030828887596726418, -0.0013412461848929524, -0.03629058226943016, 0.09029700607061386, -0.10173212736845016, 0.004965887870639563, -0.004273117519915104, -0.0006031868979334831, 0.04848729446530342, -0.05006757006049156, -0.02885178104043007, 0.016955062747001648, -0.022555723786354065, 0.02587774768471718, 0.2503904104232788, 0.06248551979660988, 0.019474739208817482, 0.0055290707387030125, 0.02988484688103199, 0.00461977394297719, -0.0023059421218931675, -0.01082623191177845, 0.04585660248994827, -0.03795580938458443, -0.006753678899258375, 0.015856314450502396, 0.023844793438911438, -0.0222032330930233, 0.03289508447051048, 0.02669387124478817, -0.029312949627637863, 0.05589137598872185, 0.05081501230597496, -0.024087153375148773, -0.0019851785618811846, -0.020605046302080154, 0.019250603392720222, 0.05849765986204147, -0.05289323255419731, 0.0014886419521644711, 0.014616765081882477, -0.034861791878938675, -0.007326379418373108, 0.03422825038433075, -0.039120327681303024, -0.003322688629850745, 0.03609341010451317, -0.03468848019838333, -0.008455369621515274, -0.028810257092118263, 0.013956892304122448, -0.05059700086712837, 0.0015295794000849128, -0.013665215112268925, -0.011979778297245502, -0.0005966549506410956, 0.010446405038237572, 0.042786236852407455, -0.023329026997089386, -0.027385206893086433, -0.01566692814230919, 0.0025958940386772156, 0.012226077727973461, 0.007992327213287354, 0.014816208742558956, -0.02191166579723358, -0.026966780424118042, -0.012939251028001308, -0.0011848693247884512, -0.028729012235999107, -0.001348002115264535, 0.020337020978331566, 0.007991873659193516, 0.026058301329612732, -0.00634014792740345, 0.013876422308385372, 0.010231301188468933, -0.002565937116742134, -0.02163701131939888, 0.017230628058314323, 0.04204960912466049, -0.019611846655607224, 0.027516169473528862, 0.07539554685354233, -0.028947001323103905, 0.004235441796481609, 0.021253136917948723, 0.013096705079078674, -0.03948333114385605, -0.03978222981095314, 0.055237799882888794, 0.03933287784457207, -0.04028414934873581, 0.033956483006477356, 0.006381445564329624, -0.0032950418535619974, 0.0013329137582331896, -0.021689454093575478, 0.0260186567902565, -0.008906733244657516, 0.036988385021686554, 0.06757236272096634, -0.018601037561893463, 0.026290317997336388, -0.0365913100540638, -0.014859887771308422, -0.03252327814698219, 0.021823955699801445, -0.014070981182157993, -0.004970553796738386, 0.007045238744467497, -0.00956904049962759, -0.03941884636878967, -0.003435853635892272, -0.042367443442344666, -0.028882542625069618, -0.0017765796510502696, -0.04234965145587921, -0.029843993484973907, -0.03936215862631798, -0.023588286712765694, 0.017205331474542618, 0.0005877437070012093, 0.010433075949549675, -0.05102884769439697, 0.009786311537027359, 0.02896553836762905, -0.0415070466697216, 0.04962015524506569, 0.006777977105230093, 0.04867806285619736, 0.02815287932753563, 0.02762976661324501, 0.010051622055470943, -0.028318699449300766, -0.02076382376253605, -0.03749863803386688, 0.009232265874743462, -0.020426660776138306, -0.06003246083855629, -0.03209586441516876, 0.002212663646787405, -0.01600760407745838, 0.031925350427627563, 0.0348396934568882, -0.015486722812056541, -0.013337752781808376, 0.025707630440592766, 0.019379926845431328, 0.027199551463127136, 0.03440408781170845, 0.014633371494710445, -0.0012647237163037062, -0.033143069595098495, -0.040310654789209366, 0.009416148997843266, -0.016853321343660355, -0.011193833313882351, 0.02048400230705738, 0.02026381529867649, 0.05960633233189583, -0.02343602292239666, 0.03227334842085838, 0.018318157643079758, 0.041411008685827255, 0.06227193772792816, 0.04199192672967911, -0.026045087724924088, -0.027114804834127426, -0.035449665039777756, -0.012449364177882671, -0.01377559918910265, 0.003092363942414522, -0.029241684824228287, 0.017221931368112564, 0.020052455365657806, 0.017854653298854828, 0.07028961181640625, 0.017648302018642426, -0.011974246241152287, -0.06027551367878914, 0.04271085187792778, 0.0008194901747629046, -0.034988123923540115, 0.0016344342147931457, -0.05548153072595596, -0.05044899508357048, -0.0410601943731308, -0.004658807534724474, -0.01793682761490345, -0.08012130111455917, -0.01277134008705616, -0.014645618386566639, 0.0156044727191329, -0.012673381716012955, -0.0010249390034005046, -0.040855638682842255, -0.022963356226682663, 0.05838954076170921, 0.004428707528859377, 0.06826179474592209, 0.004977271426469088, 0.015573577024042606, -0.0349343977868557, -0.05569750815629959, 0.13471463322639465, -0.018080946058034897, 0.009538390673696995, 0.02260996215045452, -0.0064440639689564705, 0.051635343581438065, 0.011143779382109642, 0.014900418929755688, 0.0016486560925841331, 0.024600636214017868, 0.05853265896439552, -0.016348417848348618, 0.017113178968429565, -0.018294116482138634, -0.009779823012650013, -0.01686476357281208, 0.012923683039844036, -0.03607925772666931, 0.03628714755177498, 0.023184912279248238, -0.009625403210520744, 0.00537509610876441, -0.014602036215364933, 0.038608141243457794, -0.026219796389341354, 0.062060754746198654, 0.04693688079714775, -0.00366489146836102, -0.03902570158243179, 0.03032337687909603, -0.03383081406354904, -0.008595998398959637, -0.0432267040014267, -0.014542100951075554, 0.02382449433207512, 0.018702708184719086, -0.01566050760447979, -0.010508370585739613, 0.005356116220355034, -0.004621397238224745, -0.00792220700532198, 0.012089175172150135, 0.010583637282252312, 0.05148307606577873, 0.02565581537783146, -0.01817079819738865, 0.03500615060329437, 0.05006640404462814, -0.00924382358789444, -0.03092125430703163, 0.03280261904001236, 0.0240461565554142, 0.0635831207036972, 0.027586286887526512, 0.03377016261219978, 0.009391233325004578, -0.041531290858983994, 0.0014621210284531116, -0.008821780793368816, -0.047144003212451935, 0.009191188961267471, 0.01519052404910326, -0.007839237339794636, 0.022054070606827736, 0.008268206380307674, 0.07240374386310577, 0.00690626073628664, -0.0333300344645977, 0.014860410243272781, 0.014407760463654995, 0.021114783361554146, 0.005996862892061472, -0.013385377824306488, -0.0071137514896690845, -0.022752605378627777, 0.05800435319542885, -0.059100933372974396, -0.01474846713244915, -0.021435903385281563, 0.0028962993528693914, 0.022397154942154884, -0.0066216252744197845, -0.04231918603181839, 0.06887634098529816, 0.01069517433643341, -0.01262657716870308, 0.0015991420950740576, 0.03258094564080238, -0.04572076350450516, -0.0062648155726492405, -0.004327242262661457, 0.03935397043824196, 0.018296221271157265, -0.002452885266393423, 0.03238110616803169, 0.014962497167289257, 0.03392013907432556, 0.007112958934158087, -0.04479550942778587, -0.010282588191330433, -0.039054807275533676, -0.03707929328083992, 0.009217383340001106, -0.025277191773056984, -0.01973368413746357, -0.0035545167047530413, 0.06866307556629181, -0.009483776055276394, 0.007068628445267677, -0.016252314671874046, -0.01671065203845501, -0.0010107971029356122, -0.020421382039785385, -0.0350404754281044, 0.028945157304406166, -0.012745498679578304, -0.014307265169918537, 0.01311155129224062, -0.0012607761891558766, 0.05004974082112312, -0.049590516835451126, 0.027020424604415894, 0.041343607008457184, 0.031354375183582306, 0.020511092618107796, 0.04684291407465935, -0.037224456667900085, -0.004902144894003868, 0.0036932595539838076, 0.02926814742386341, 0.010081308893859386, -0.002448392566293478, -0.0020014711190015078, -0.006225439254194498, 0.0036520573776215315, 0.04766397178173065, -0.019757157191634178, -0.02703913114964962, 0.005228552967309952, 0.005699141416698694, -0.0009168291580863297, -0.005025340244174004, 0.023969819769263268, -0.024289049208164215, -0.016378147527575493, 0.02133924886584282, 0.026135431602597237, 0.003911653999239206, -0.0021210252307355404, 0.028863126412034035, -0.015409555286169052, 0.06612920761108398, -0.021243443712592125, 0.02428624778985977, -0.006679123733192682, -0.03090169094502926, -0.023385275155305862, 0.00661710649728775, -0.014475756324827671, -0.020902540534734726, 0.017735039815306664, -0.007699187844991684, -0.025650527328252792, 0.029201067984104156, 0.009365130215883255, -0.02532435767352581, -0.03673882782459259, 0.03608914837241173, -0.0031242696568369865, -0.018097203224897385, -0.0023789997212588787, 0.0008249959209933877, -0.018805138766765594, 0.025866644456982613, 0.0026029995642602444, -0.03000354766845703, 0.01668252795934677, -0.030297748744487762, -0.011702838353812695, 0.0035992045886814594, 0.02800416387617588, 0.009993121959269047, -0.02839445322751999, -0.016690058633685112, 0.021586116403341293, -0.054028384387493134, -0.011381820775568485, 0.016982464119791985, -0.01895708590745926, 0.03198409825563431, -0.07470747828483582, -0.04219517856836319, -0.012622133828699589, -0.0632028579711914, -0.011426806449890137, -0.0031445573549717665, -0.03985551744699478, -0.03445209935307503, 0.08154255896806717, -0.025439739227294922, 0.012357691302895546, -0.03423827886581421, 0.02732999064028263, -0.150743767619133, -0.005371896084398031, -0.04798385128378868, 0.04510354623198509, -0.040639251470565796, 0.017485670745372772, -0.008864576928317547, -0.053170859813690186, 0.02473239041864872, 0.023212989792227745, -0.021448906511068344, -0.0287257619202137, 0.020265977829694748, -0.004514582920819521, -0.043216340243816376, 0.014803487807512283, -0.014979352243244648, 0.0003050021477974951, -0.036153290420770645, 0.023649655282497406, 0.0028501253109425306, -0.01814594678580761, 0.07860911637544632, -0.011971092782914639, -0.012210624292492867, -0.019247282296419144, -0.02307446114718914, 0.019029490649700165, -0.0024535651318728924, -0.0023869031574577093, -0.0051389215514063835, -0.04801906272768974, 0.016313208267092705, 0.05082739144563675, -0.022133737802505493, 0.05113648250699043, 0.0005222007748670876, 0.02833372727036476, -0.021710462868213654, 0.0012673347955569625, -0.0225654449313879, 0.017353389412164688, -0.016374902799725533, -0.019313450902700424, -0.004075926728546619, 0.005915239453315735, 0.027026429772377014, -0.007474669720977545, -0.0396796315908432, -0.035960301756858826, 0.04488871246576309, 0.04940143600106239, 0.02831023558974266, 0.04900934919714928, -0.006853381637483835, 0.019801458343863487, 0.010429716669023037, 0.03258057311177254, -0.04626639187335968, -0.00047734405961818993, -0.03264210373163223, -0.01483440026640892, -0.028897516429424286, -0.053046341985464096, -0.002405151491984725, -0.00697525916621089, -0.04671785235404968, 0.03520522639155388, -0.0009872275404632092, -0.012985359877347946, -0.013192396610975266, -0.013652476482093334, -0.054633088409900665, 0.014043157920241356, 0.015874851495027542, 0.004469213075935841, 0.042245157063007355, -0.03315595164895058, -0.04567907750606537, 0.01376238465309143, -0.014336546882987022, 0.007603357546031475, -0.03808609023690224, 0.041562799364328384, 0.042522188276052475, 0.06824753433465958, -0.02321235090494156, 0.03215567022562027, 0.021298635751008987, 0.005071241408586502, 0.028510412201285362, -0.014952332712709904, -0.004761724267154932, -0.03176380321383476, -0.036647211760282516, 0.02633533626794815, -0.03149637579917908, -0.004834293387830257, 0.015317718498408794, 0.003902084194123745, -0.03902798518538475, -0.027785800397396088, -0.01246708631515503, 0.044003989547491074, -0.04961182177066803, 0.037689950317144394, 0.022740202024579048, -0.0002009757299674675, -0.018159694969654083, -0.016980400308966637, -0.06178513541817665, 0.004393451381474733, -0.014683923684060574, 0.026160143315792084, -0.02420547418296337, 0.00034862413303926587, 0.024367649108171463, 0.002761042909696698, 0.012727917172014713, -0.016666356474161148, -0.03150588274002075, -0.02624678611755371, 0.007771095260977745, -0.0333390012383461, -0.01546403020620346, 0.00826569925993681, -0.0031394672114402056, 0.02639540284872055, -0.03231775388121605, -0.012175768613815308, 0.03767808899283409, -0.07096686214208603, 0.0476374514400959, 0.039970334619283676, 0.02282467484474182, 0.0017984091537073255, -0.05421668291091919, 0.029849175363779068, -0.07017325609922409, -0.019244201481342316, -0.0369659848511219, -0.027690010145306587, 0.03583374619483948, -0.060384657233953476, 0.012380305677652359, -0.015493934974074364, 0.04806281253695488, -0.007328183390200138, -0.04685651883482933, 0.017424363642930984, 0.007044387515634298, -0.013065870851278305, 0.009998207911849022, 0.047843087464571, -0.011877341195940971, 0.01661558449268341, -0.02964523807168007, 0.004850140772759914, -0.021306797862052917, 0.03411799669265747, -0.03467763587832451, -0.049883078783750534, -0.0030328771099448204, -0.022299950942397118, 0.01339238416403532, -0.01220282819122076, 0.0001492065202910453, 0.054454345256090164, -0.0209325160831213, 0.01185988076031208, 0.004053409676998854, 0.004400345031172037, -0.01636342890560627, -0.029159309342503548, 0.028152048587799072, -0.025085583329200745, 0.04857797920703888, -0.0060255881398916245, 0.027620112523436546, 0.01666119322180748, 0.014548094943165779, 0.01984003558754921, 0.014611419290304184, -0.005476613063365221, 0.040969498455524445, -0.04109099879860878, 0.0016062246868386865, 0.014917667955160141, 0.00924571231007576, -0.05221899598836899, -0.017804862931370735, -0.01879260316491127, 0.02405928634107113, -0.009374172426760197, 0.03678581491112709, -0.019547203555703163, -0.009826354682445526, -0.006934681907296181, -0.008128846064209938, 0.05751080438494682, -0.012168378569185734, 0.05012354627251625, -0.011818905360996723, -0.03301791474223137, -0.005719418171793222, -0.04632657393813133, -0.022525271400809288, 0.016947288066148758, -0.020063908770680428, 0.014186592772603035, 0.020460665225982666, 0.0020838442724198103, -0.04225016012787819, 0.05082305520772934, -0.0053879995830357075, -0.03790690377354622, -0.005027102772146463, 0.027609260752797127, -0.0015362732810899615, -0.0072506326250731945, 0.02066759392619133, 0.017452429980039597, -0.03331343084573746, -0.004289872944355011, -0.024288306012749672, 0.006321811117231846, 0.0036226781085133553, -0.02150779962539673, -0.016279302537441254, 0.011613436043262482, -0.02470231242477894, 0.029601937159895897, 0.011584658175706863, 0.02857307344675064, -0.01880073733627796, 0.013992943800985813, 0.030842719599604607, -0.009136803448200226, 0.045835722237825394, 5.761881766375154e-05, -0.03324837610125542, -0.0092808548361063, 0.019297685474157333, -0.03913893923163414]",
