entry_id,entry_type,parent_id,title,description,metadata,version,text_content,code_content,sparse_title_description,dense_text_content,dense_code_snippet,tag
15_1_0_docs_01_app_03_api_reference_03_file_conventions_01_metadata_sitemap_mdx,document,,sitemap.xml,API Reference for the sitemap.xml file.,{'related_links': ['app/api-reference/functions/generate-sitemaps']},15.1.0,"`sitemap.(xml|js|ts)` is a special file that matches the [Sitemaps XML format](https://www.sitemaps.org/protocol.html) to help search engine crawlers index your site more efficiently.

### Sitemap files (.xml)

For smaller applications, you can create a `sitemap.xml` file and place it in the root of your `app` directory.

```xml filename=""app/sitemap.xml""
<urlset xmlns=""http://www.sitemaps.org/schemas/sitemap/0.9"">
  <url>
    <loc>https://acme.com</loc>
    <lastmod>2023-04-06T15:02:24.021Z</lastmod>
    <changefreq>yearly</changefreq>
    <priority>1</priority>
  </url>
  <url>
    <loc>https://acme.com/about</loc>
    <lastmod>2023-04-06T15:02:24.021Z</lastmod>
    <changefreq>monthly</changefreq>
    <priority>0.8</priority>
  </url>
  <url>
    <loc>https://acme.com/blog</loc>
    <lastmod>2023-04-06T15:02:24.021Z</lastmod>
    <changefreq>weekly</changefreq>
    <priority>0.5</priority>
  </url>
</urlset>
```

### Generating a sitemap using code (.js, .ts)

You can use the `sitemap.(js|ts)` file convention to programmatically **generate** a sitemap by exporting a default function that returns an array of URLs. If using TypeScript, a [`Sitemap`](#returns) type is available.

> **Good to know**: `sitemap.js` is a special Route Handler that is cached by default unless it uses a [Dynamic API](/docs/app/building-your-application/caching#dynamic-apis) or [dynamic config](/docs/app/building-your-application/caching#segment-config-options) option.

```ts filename=""app/sitemap.ts"" switcher
import type { MetadataRoute } from 'next'

export default function sitemap(): MetadataRoute.Sitemap {
  return [
    {
      url: 'https://acme.com',
      lastModified: new Date(),
      changeFrequency: 'yearly',
      priority: 1,
    },
    {
      url: 'https://acme.com/about',
      lastModified: new Date(),
      changeFrequency: 'monthly',
      priority: 0.8,
    },
    {
      url: 'https://acme.com/blog',
      lastModified: new Date(),
      changeFrequency: 'weekly',
      priority: 0.5,
    },
  ]
}
```

```js filename=""app/sitemap.js"" switcher
export default function sitemap() {
  return [
    {
      url: 'https://acme.com',
      lastModified: new Date(),
      changeFrequency: 'yearly',
      priority: 1,
    },
    {
      url: 'https://acme.com/about',
      lastModified: new Date(),
      changeFrequency: 'monthly',
      priority: 0.8,
    },
    {
      url: 'https://acme.com/blog',
      lastModified: new Date(),
      changeFrequency: 'weekly',
      priority: 0.5,
    },
  ]
}
```

Output:

```xml filename=""acme.com/sitemap.xml""
<urlset xmlns=""http://www.sitemaps.org/schemas/sitemap/0.9"">
  <url>
    <loc>https://acme.com</loc>
    <lastmod>2023-04-06T15:02:24.021Z</lastmod>
    <changefreq>yearly</changefreq>
    <priority>1</priority>
  </url>
  <url>
    <loc>https://acme.com/about</loc>
    <lastmod>2023-04-06T15:02:24.021Z</lastmod>
    <changefreq>monthly</changefreq>
    <priority>0.8</priority>
  </url>
  <url>
    <loc>https://acme.com/blog</loc>
    <lastmod>2023-04-06T15:02:24.021Z</lastmod>
    <changefreq>weekly</changefreq>
    <priority>0.5</priority>
  </url>
</urlset>
```

### Image Sitemaps

You can use `images` property to create image sitemaps. Learn more details in the [Google Developer Docs](https://developers.google.com/search/docs/crawling-indexing/sitemaps/image-sitemaps).

```ts filename=""app/sitemap.ts"" switcher
import type { MetadataRoute } from 'next'

export default function sitemap(): MetadataRoute.Sitemap {
  return [
    {
      url: 'https://example.com',
      lastModified: '2021-01-01',
      changeFrequency: 'weekly',
      priority: 0.5,
      images: ['https://example.com/image.jpg'],
    },
  ]
}
```

Output:

```xml filename=""acme.com/sitemap.xml""
<?xml version=""1.0"" encoding=""UTF-8""?>
<urlset
  xmlns=""http://www.sitemaps.org/schemas/sitemap/0.9""
  xmlns:image=""http://www.google.com/schemas/sitemap-image/1.1""
>
  <url>
    <loc>https://example.com</loc>
    <image:image>
      <image:loc>https://example.com/image.jpg</image:loc>
    </image:image>
    <lastmod>2021-01-01</lastmod>
    <changefreq>weekly</changefreq>
    <priority>0.5</priority>
  </url>
</urlset>
```

### Video Sitemaps

You can use `videos` property to create video sitemaps. Learn more details in the [Google Developer Docs](https://developers.google.com/search/docs/crawling-indexing/sitemaps/video-sitemaps).

```ts filename=""app/sitemap.ts"" switcher
import type { MetadataRoute } from 'next'

export default function sitemap(): MetadataRoute.Sitemap {
  return [
    {
      url: 'https://example.com',
      lastModified: '2021-01-01',
      changeFrequency: 'weekly',
      priority: 0.5,
      videos: [
        {
          title: 'example',
          thumbnail_loc: 'https://example.com/image.jpg',
          description: 'this is the description',
        },
      ],
    },
  ]
}
```

Output:

```xml filename=""acme.com/sitemap.xml""
<?xml version=""1.0"" encoding=""UTF-8""?>
<urlset
  xmlns=""http://www.sitemaps.org/schemas/sitemap/0.9""
  xmlns:video=""http://www.google.com/schemas/sitemap-video/1.1""
>
  <url>
    <loc>https://example.com</loc>
    <video:video>
      <video:title>example</video:title>
      <video:thumbnail_loc>https://example.com/image.jpg</video:thumbnail_loc>
      <video:description>this is the description</video:description>
    </video:video>
    <lastmod>2021-01-01</lastmod>
    <changefreq>weekly</changefreq>
    <priority>0.5</priority>
  </url>
</urlset>
```

### Generate a localized Sitemap

```ts filename=""app/sitemap.ts"" switcher
import type { MetadataRoute } from 'next'

export default function sitemap(): MetadataRoute.Sitemap {
  return [
    {
      url: 'https://acme.com',
      lastModified: new Date(),
      alternates: {
        languages: {
          es: 'https://acme.com/es',
          de: 'https://acme.com/de',
        },
      },
    },
    {
      url: 'https://acme.com/about',
      lastModified: new Date(),
      alternates: {
        languages: {
          es: 'https://acme.com/es/about',
          de: 'https://acme.com/de/about',
        },
      },
    },
    {
      url: 'https://acme.com/blog',
      lastModified: new Date(),
      alternates: {
        languages: {
          es: 'https://acme.com/es/blog',
          de: 'https://acme.com/de/blog',
        },
      },
    },
  ]
}
```

```js filename=""app/sitemap.js"" switcher
export default function sitemap() {
  return [
    {
      url: 'https://acme.com',
      lastModified: new Date(),
      alternates: {
        languages: {
          es: 'https://acme.com/es',
          de: 'https://acme.com/de',
        },
      },
    },
    {
      url: 'https://acme.com/about',
      lastModified: new Date(),
      alternates: {
        languages: {
          es: 'https://acme.com/es/about',
          de: 'https://acme.com/de/about',
        },
      },
    },
    {
      url: 'https://acme.com/blog',
      lastModified: new Date(),
      alternates: {
        languages: {
          es: 'https://acme.com/es/blog',
          de: 'https://acme.com/de/blog',
        },
      },
    },
  ]
}
```

Output:

```xml filename=""acme.com/sitemap.xml""
<urlset xmlns=""http://www.sitemaps.org/schemas/sitemap/0.9"" xmlns:xhtml=""http://www.w3.org/1999/xhtml"">
  <url>
    <loc>https://acme.com</loc>
    <xhtml:link
      rel=""alternate""
      hreflang=""es""
      href=""https://acme.com/es""/>
    <xhtml:link
      rel=""alternate""
      hreflang=""de""
      href=""https://acme.com/de""/>
    <lastmod>2023-04-06T15:02:24.021Z</lastmod>
  </url>
  <url>
    <loc>https://acme.com/about</loc>
    <xhtml:link
      rel=""alternate""
      hreflang=""es""
      href=""https://acme.com/es/about""/>
    <xhtml:link
      rel=""alternate""
      hreflang=""de""
      href=""https://acme.com/de/about""/>
    <lastmod>2023-04-06T15:02:24.021Z</lastmod>
  </url>
  <url>
    <loc>https://acme.com/blog</loc>
    <xhtml:link
      rel=""alternate""
      hreflang=""es""
      href=""https://acme.com/es/blog""/>
    <xhtml:link
      rel=""alternate""
      hreflang=""de""
      href=""https://acme.com/de/blog""/>
    <lastmod>2023-04-06T15:02:24.021Z</lastmod>
  </url>
</urlset>
```

### Generating multiple sitemaps

While a single sitemap will work for most applications. For large web applications, you may need to split a sitemap into multiple files.

There are two ways you can create multiple sitemaps:

- By nesting `sitemap.(xml|js|ts)` inside multiple route segments e.g. `app/sitemap.xml` and `app/products/sitemap.xml`.
- By using the [`generateSitemaps`](/docs/app/api-reference/functions/generate-sitemaps) function.

For example, to split a sitemap using `generateSitemaps`, return an array of objects with the sitemap `id`. Then, use the `id` to generate the unique sitemaps.

```ts filename=""app/product/sitemap.ts"" switcher
import type { MetadataRoute } from 'next'
import { BASE_URL } from '@/app/lib/constants'

export async function generateSitemaps() {
  // Fetch the total number of products and calculate the number of sitemaps needed
  return [{ id: 0 }, { id: 1 }, { id: 2 }, { id: 3 }]
}

export default async function sitemap({
  id,
}: {
  id: number
}): Promise<MetadataRoute.Sitemap> {
  // Google's limit is 50,000 URLs per sitemap
  const start = id * 50000
  const end = start + 50000
  const products = await getProducts(
    `SELECT id, date FROM products WHERE id BETWEEN ${start} AND ${end}`
  )
  return products.map((product) => ({
    url: `${BASE_URL}/product/${product.id}`,
    lastModified: product.date,
  }))
}
```

```js filename=""app/product/sitemap.js"" switcher
import { BASE_URL } from '@/app/lib/constants'

export async function generateSitemaps() {
  // Fetch the total number of products and calculate the number of sitemaps needed
  return [{ id: 0 }, { id: 1 }, { id: 2 }, { id: 3 }]
}

export default async function sitemap({ id }) {
  // Google's limit is 50,000 URLs per sitemap
  const start = id * 50000
  const end = start + 50000
  const products = await getProducts(
    `SELECT id, date FROM products WHERE id BETWEEN ${start} AND ${end}`
  )
  return products.map((product) => ({
    url: `${BASE_URL}/product/${product.id}`,
    lastModified: product.date,
  }))
}
```

Your generated sitemaps will be available at `/.../sitemap/[id]`. For example, `/product/sitemap/1.xml`.

See the [`generateSitemaps` API reference](/docs/app/api-reference/functions/generate-sitemaps) for more information.

## Returns

The default function exported from `sitemap.(xml|ts|js)` should return an array of objects with the following properties:

```tsx
type Sitemap = Array<{
  url: string
  lastModified?: string | Date
  changeFrequency?:
    | 'always'
    | 'hourly'
    | 'daily'
    | 'weekly'
    | 'monthly'
    | 'yearly'
    | 'never'
  priority?: number
  alternates?: {
    languages?: Languages<string>
  }
}>
```

## Version History

| Version    | Changes                                                      |
| ---------- | ------------------------------------------------------------ |
| `v14.2.0`  | Add localizations support.                                   |
| `v13.4.14` | Add `changeFrequency` and `priority` attributes to sitemaps. |
| `v13.3.0`  | `sitemap` introduced.                                        |`` is a special file that matches the [https://www.sitemaps.org/protocol.html](https://www.sitemaps.org/protocol.html) to help search engine crawlers index your site more efficiently.
",,"[(np.int64(5), np.float64(0.023113004863262177)), (np.int64(100), np.float64(0.08858285844326019)), (np.int64(1764), np.float64(0.16629721224308014)), (np.int64(11435), np.float64(0.17541509866714478)), (np.int64(61687), np.float64(0.22619283199310303)), (np.int64(62346), np.float64(0.246128648519516)), (np.int64(131492), np.float64(0.23900249600410461)), (np.int64(215996), np.float64(0.24663665890693665))]","[-0.032704997807741165, -0.00682033272460103, -0.06301937997341156, 0.05742261931300163, 0.010274979285895824, -0.055979158729314804, 0.0016379946609959006, 0.0016395645216107368, 0.0031881839968264103, 0.037175502628088, 0.019064538180828094, 0.00659545511007309, -0.025295063853263855, 0.0161281730979681, -0.045656636357307434, 0.03268910199403763, -0.022388581186532974, 0.011294727213680744, 0.010637893341481686, -0.02552684023976326, -0.001354271313175559, 0.001104634953662753, 0.059079594910144806, -0.039683882147073746, -0.001676041865721345, 0.02116733230650425, -0.0073638539761304855, -0.011515077203512192, 0.0428190752863884, 0.006064475513994694, 0.029076077044010162, -0.015858879312872887, 0.00628778338432312, -0.013853789307177067, -0.07182998955249786, -0.008808247745037079, -0.0257224440574646, -0.055827025324106216, -0.02325337938964367, 0.016102580353617668, -0.018401281908154488, -0.011293712072074413, -0.014424329623579979, -0.006262675859034061, 0.02412746287882328, -0.026310935616493225, 0.023630717769265175, -0.012816875241696835, 0.01991760917007923, -0.029740875586867332, -0.03941896930336952, -0.0032192582730203867, 0.02049281820654869, -0.04388585314154625, 0.04170849546790123, 0.03606950119137764, -0.07954338937997818, -0.007685014512389898, -0.0673641711473465, -0.008430179208517075, -0.013265431858599186, 0.006427277345210314, -0.0028369950596243143, -0.02609379217028618, 0.010256459936499596, 0.019638659432530403, -0.0034876842983067036, -0.019389072433114052, -0.02812427468597889, -0.03721652925014496, 0.009492048062384129, 0.018485404551029205, -0.07036121934652328, -0.040391214191913605, 0.012454391457140446, -0.008934532292187214, 0.03880245238542557, -0.022342568263411522, -0.025954829528927803, 0.01246523205190897, 0.01460707001388073, 0.024091027677059174, 0.038419127464294434, -0.0007309251232072711, 0.008345136418938637, -0.0373876579105854, 0.009286221116781235, 0.09391847252845764, -0.010588663630187511, 0.04000076651573181, 0.009763872250914574, -0.035970289260149, 0.05744790658354759, -0.042567119002342224, -0.019282707944512367, -0.026457279920578003, 0.008488969877362251, 0.018560854718089104, 0.04076538234949112, -0.0017200387082993984, -0.01969359815120697, -0.050139762461185455, -0.0061034089885652065, -0.009088036604225636, 0.04056757315993309, -0.031760718673467636, 0.009777335450053215, -0.029221609234809875, 0.0029331461992114782, -0.041506700217723846, 0.016359534114599228, 0.005591354798525572, 0.01706155762076378, 5.578065974987112e-05, -0.03010474145412445, -0.016005612909793854, 0.03646649047732353, -0.022074196487665176, 0.006450176704674959, 0.04630324989557266, 0.030813774093985558, -0.0045698704198002815, 0.050150446593761444, -0.0024155916180461645, 0.021268382668495178, 0.03055434487760067, 0.01678030751645565, 0.028396841138601303, -0.014383210800588131, -0.02197585441172123, 0.027517952024936676, 0.025196798145771027, -0.00395283242687583, 0.017848901450634003, -0.004138782154768705, 0.01361069269478321, 0.009229837916791439, 0.03200630471110344, 0.02360587753355503, -0.08328890800476074, 0.03154362738132477, 0.02154282107949257, -0.051360588520765305, -0.06377687305212021, 0.05814886838197708, -0.052056390792131424, 0.055609095841646194, 0.027937788516283035, 0.00998101755976677, -0.01110305730253458, 0.006379598286002874, 0.0034933388233184814, 0.015283447690308094, -0.01221510674804449, 0.031220613047480583, -0.056888122111558914, 0.0057444823905825615, 0.019985832273960114, 0.0028161301743239164, -0.011852061375975609, -0.0048110210336744785, -0.014521652832627296, -0.017798911780118942, 0.008542535826563835, 0.06468790024518967, -0.032576486468315125, 0.002176014008000493, -0.01664244942367077, -0.0022195714991539717, -0.03002636693418026, 0.012513602152466774, 0.010019687935709953, 0.015309582464396954, 0.07039866596460342, 0.054454170167446136, 0.029951609671115875, 0.0411909744143486, 0.00894512701779604, 0.029621027410030365, -0.03126244619488716, -0.032024137675762177, 0.02091359719634056, -0.028186842799186707, -0.028550880029797554, -0.01814376935362816, -0.003495888551697135, -0.0017899045487865806, -0.008631604723632336, 0.003781775711104274, -0.009240256622433662, -0.017193907871842384, -0.016681578010320663, 0.05159013718366623, 0.04701787605881691, 0.0005445578135550022, 0.014329212717711926, 0.04416154697537422, 0.012363540939986706, -0.015654927119612694, -0.00718306377530098, -0.02391153760254383, -0.003943240735679865, -0.01167390402406454, 0.009625383652746677, -0.04778248816728592, -0.02741861902177334, 0.013331676833331585, -0.020660962909460068, 0.023337718099355698, -0.08174122124910355, 0.010138193145394325, -0.009415729902684689, -0.01124070305377245, -0.047827113419771194, 0.0014757815515622497, 0.018951239064335823, -0.012588506564497948, 0.02312031015753746, -0.02536589466035366, 0.011767644435167313, 0.010162126272916794, -0.014253875240683556, -0.006804230622947216, -0.019190795719623566, 0.05511217936873436, -0.01095292717218399, 0.054945338517427444, 0.01832154579460621, 0.03483877331018448, -0.018672779202461243, -0.04428022727370262, 0.020971545949578285, 0.024134555831551552, -0.00658391835168004, 0.041019704192876816, -0.03343841806054115, -0.06237689033150673, -0.013602808117866516, 0.011692387983202934, -0.007175289560109377, 0.011153599247336388, -0.02813589759171009, 0.02790793590247631, 0.01463665347546339, -0.010977819561958313, 0.03036174550652504, -0.012399558909237385, 0.030592216178774834, -0.021348565816879272, -0.029302489012479782, 0.008019303902983665, 0.014275849796831608, -0.028517013415694237, 0.0026501512620598078, 0.05144447460770607, 0.023664094507694244, 0.03717188909649849, -0.0017244438640773296, -0.015327438712120056, -0.02771737612783909, 0.010592803359031677, 0.05925194174051285, -0.021977659314870834, 0.02380661480128765, -0.0048391930758953094, -0.016756318509578705, -0.029896609485149384, -0.09265515208244324, 0.024959763512015343, 0.021414821967482567, -0.05259889364242554, -0.004320756997913122, 0.011229602620005608, 0.0019361963495612144, -0.031506702303886414, 0.01111238356679678, -0.0036721862852573395, 0.004017611499875784, 0.08318927884101868, 0.034982625395059586, -0.047487057745456696, 0.00965628307312727, 0.05150962248444557, 0.029571374878287315, 0.034947436302900314, -0.017257409170269966, 0.01332490611821413, -0.03004775196313858, 0.03388987109065056, 0.010826465673744678, 0.01341444905847311, -0.005368932615965605, 0.058367326855659485, -0.0377076119184494, -0.04711875319480896, 0.024324610829353333, -0.02571588195860386, -0.14052103459835052, -0.08690997958183289, 0.030341628938913345, -0.015964804217219353, 0.02340138703584671, -0.002925148233771324, -0.044924940913915634, -0.0021153504494577646, 0.0072522833943367004, 0.06206490471959114, 0.03455046936869621, -0.03673241659998894, -0.0301966555416584, -0.03785358741879463, 0.0015173738356679678, -0.001948274322785437, -0.002146432176232338, 0.0325181819498539, -0.024513497948646545, -0.031571753323078156, -0.034277431666851044, -0.044792935252189636, 0.045043133199214935, 0.03274143114686012, 0.028502628207206726, -0.04833250492811203, 0.07413537055253983, 0.06710600107908249, 0.014811258763074875, 0.017065221443772316, -0.012174602597951889, -0.0214652381837368, 0.0003371614729985595, 0.021386656910181046, -0.026628948748111725, -0.00785952527076006, 0.06098627671599388, 0.0028991024009883404, 0.014644932001829147, -0.008288398385047913, 0.035244494676589966, -0.0020693361293524504, 0.010136709548532963, 0.010834373533725739, 0.001539189601317048, 0.016480090096592903, 0.01699194498360157, -0.02263484336435795, -0.047308605164289474, -0.002577786799520254, -0.0004562016692943871, -0.00769047299399972, -0.003151222597807646, -0.036505065858364105, -0.05252129212021828, -0.022956127300858498, -0.014446099288761616, 0.020636294037103653, -0.012915899977087975, 5.826195774716325e-05, -0.008007778786122799, 0.015925904735922813, 0.034885115921497345, -0.022343184798955917, -0.006436965893954039, 0.0029197491239756346, 0.04527059942483902, 0.01820995844900608, 0.027934197336435318, -0.03882090002298355, 0.010706602595746517, -0.033449746668338776, 0.012341775000095367, 0.022824931889772415, -0.003922206349670887, 0.04703395068645477, 0.03470797836780548, -0.048508744686841965, -1.6465615772176534e-05, -0.10898472368717194, -0.04316529259085655, 0.00398961640894413, 0.015847135335206985, -0.012797018513083458, -0.04267585277557373, -0.03730003535747528, 0.0072974166832864285, -0.0066857654601335526, 0.016564974561333656, 0.23455336689949036, -0.0006119303870946169, 0.01069466769695282, -0.01411609910428524, 0.03273950144648552, 0.01798567920923233, -0.010641766712069511, 0.07470934838056564, 0.035469263792037964, -0.02054993249475956, 6.352034688461572e-05, 0.0028877435252070427, 0.008687306195497513, -0.0253431499004364, 0.053416844457387924, 0.025478489696979523, -0.04350082203745842, 0.05636734887957573, 0.05225064605474472, -0.015147327445447445, 0.0008411642047576606, -0.07763904333114624, 0.05678625777363777, 0.07190210372209549, -0.03523532301187515, -0.009971080347895622, 0.0022305010352283716, -0.007610322441905737, -0.04049645736813545, 0.03044416755437851, 0.0002261659683426842, 0.02665846422314644, 0.06187240779399872, -0.005241445265710354, -0.020508088171482086, -0.014118503779172897, 0.004558301530778408, -0.04693775996565819, -0.008602140471339226, 0.03430274873971939, 0.012215608730912209, -0.0054167755879461765, -0.03296351060271263, -0.0011982046999037266, -0.021704159677028656, -0.027178550139069557, 0.004068204667419195, 0.0060943253338336945, 0.011052770540118217, -0.07563387602567673, -0.01206118706613779, -0.0777382180094719, -0.0357402041554451, -0.03582952916622162, 0.001495550968684256, -0.054474569857120514, 0.02558232843875885, -0.034334760159254074, 0.01800619252026081, 0.003103703958913684, 0.03533449023962021, 0.009944782592356205, -0.03565245121717453, 0.0031821720767766237, -0.04060583561658859, 0.02078816294670105, -0.03651312366127968, -0.03821485862135887, 0.01793614961206913, 0.06653528660535812, 0.0002936855598818511, -0.008619335480034351, 0.008028496988117695, 0.0015245431568473577, 0.01885867677628994, 0.007427599281072617, 0.01701589860022068, 0.011460973881185055, 0.006166153121739626, 0.06351210176944733, -0.012964467518031597, 0.008847883902490139, -0.028947534039616585, 0.013716797344386578, 0.030180025845766068, 0.023772025480866432, 0.000643777719233185, 0.04534833878278732, -0.01485130563378334, -0.035303279757499695, 0.004750663414597511, -0.003737892722710967, 0.021191304549574852, 0.025987058877944946, 0.0070356042124331, 0.01136663369834423, 0.006461525335907936, -0.041012056171894073, -0.010627182200551033, 0.02508910931646824, 0.01805083639919758, 0.004673303570598364, -0.0018664165399968624, -0.034778401255607605, 0.03301122412085533, 0.003354637185111642, 0.02863270975649357, 0.0010772200766950846, 0.02079574391245842, 0.0305460337549448, -0.023205766454339027, -0.00727895088493824, 0.010205336846411228, 0.0013801479944959283, -0.041659653186798096, 0.03818076103925705, -0.0025675874203443527, 0.005423583090305328, 0.04509006440639496, 0.0385691300034523, -0.037983253598213196, 0.007966247387230396, -0.046515680849552155, 0.0061789448373019695, 0.04513537138700485, -0.06381168216466904, 0.004093693569302559, -0.02095705084502697, -0.058482956141233444, -0.004390409216284752, 0.029976606369018555, -0.0388575904071331, -0.01025362778455019, 0.02941984124481678, -0.016611337661743164, 0.005723885726183653, 0.0217772014439106, 0.026189453899860382, -0.033329207450151443, 0.00525759719312191, -0.0719745084643364, 0.0028972295112907887, 0.013978580012917519, -0.004150509834289551, 0.015957795083522797, 0.02734992280602455, 0.005165499169379473, -0.02550140582025051, -0.019405396655201912, 0.0277255866676569, 0.07283473759889603, 0.029520029202103615, 0.04488265886902809, -0.06011015176773071, -0.01115709450095892, 0.000881835469044745, -0.020645499229431152, -0.010670428164303303, 0.00980470422655344, -0.01336787547916174, -0.021077949553728104, 0.011154311709105968, 0.010714620351791382, 0.03129606321454048, 0.03267482668161392, 0.013576600700616837, -0.0007111676968634129, 0.026309547945857048, 0.0076613761484622955, -0.009579361416399479, -0.02423102594912052, -0.051185015588998795, -0.04360474273562431, 0.02664639614522457, -0.01508358120918274, 0.021868355572223663, -0.04337972775101662, -0.001107183750718832, -0.039651721715927124, -0.030442126095294952, 0.022861866280436516, -0.024603890255093575, -0.027320992201566696, -0.01590707339346409, 0.02178644947707653, -0.002859752858057618, -0.023493904620409012, -0.018567588180303574, 0.041614219546318054, -0.02952362596988678, -0.010300375521183014, 0.10181862115859985, -0.03215128555893898, -0.024248259142041206, 0.029199283570051193, 0.0011184149188920856, 0.05855401232838631, 0.010979536920785904, -0.0175316259264946, 0.01541483961045742, -0.006790484301745892, -0.009000410325825214, -0.033316999673843384, 0.015329130925238132, -0.02734222821891308, 0.008958259597420692, -0.06550205498933792, -0.027234528213739395, -0.021513160318136215, 0.011655724607408047, -0.0012671826407313347, -0.010241927579045296, -0.032116763293743134, 0.0098513038828969, 0.024273931980133057, -0.03606092184782028, 0.03348517417907715, -0.0036722493823617697, -0.0038874454330652952, -0.0011459689121693373, -0.06577247381210327, 0.021561430767178535, 0.008921654894948006, -0.0022864853963255882, -0.0027841900009661913, -0.014104434289038181, -0.008162536658346653, 0.004029105417430401, 0.00876214262098074, 0.03239072486758232, 0.002717363415285945, 0.04105294495820999, -0.003348842030391097, -0.030850252136588097, -0.009714515879750252, 0.023206140846014023, 0.04905030131340027, 0.0016012603882700205, 0.014642156660556793, -0.03229862079024315, 0.03226127102971077, 0.0008951443596743047, 0.04618140310049057, 0.022787999361753464, -0.01639699749648571, 0.0027315057814121246, -0.03692782670259476, -0.0016654222272336483, -0.015391917899250984, -0.01872400939464569, -0.010131929069757462, -0.031677570194005966, -0.01142292469739914, -0.013248510658740997, 0.015985552221536636, 0.022798582911491394, -0.0032102898694574833, -0.018400471657514572, -0.055843617767095566, 0.023095151409506798, -0.010508241131901741, -0.005920149385929108, 0.013050276786088943, 0.025713849812746048, 0.0527157224714756, -0.0414646752178669, 0.028834255412220955, -0.0232302974909544, -0.04628472402691841, -0.08254822343587875, -0.05608108267188072, 0.00019620175589807332, -0.02818920835852623, -0.026510506868362427, 0.012799662537872791, -0.015097987838089466, -0.023685412481427193, 0.009640717878937721, -0.0076944115571677685, -0.02882462367415428, -0.032041970640420914, 0.01998031884431839, 0.024936528876423836, 0.029861701652407646, -0.0196177139878273, -0.015372224152088165, 0.018945837393403053, -0.04525717347860336, -0.015160386450588703, -0.019416876137256622, -0.02860686182975769, 0.00991292018443346, 0.002702237106859684, 0.010382693260908127, 0.002768500242382288, -0.007176092825829983, -0.023530133068561554, 0.023637084290385246, 0.014152416959404945, -0.0022280639968812466, -0.002830639947205782, 0.03275991976261139, 0.015957703813910484, -0.02983233891427517, -0.030108844861388206, 0.06269334256649017, -0.013887549750506878, -0.007950213737785816, 0.026653995737433434, -0.021177686750888824, -0.024535125121474266, -0.036687202751636505, -0.00318682543002069, 0.03456266224384308, 0.03464961424469948, -0.04334105923771858, 0.052156317979097366, -0.002516206121072173, 0.011270344257354736, -0.02378012053668499, -0.04680640250444412, 0.014528128318488598, -0.01510617695748806, -0.025439847260713577, 0.010247359983623028, 0.0026129158213734627, 0.017610065639019012, -0.033307213336229324, -0.045212581753730774, 0.000962431775406003, -0.015304211527109146, -0.01713482476770878, 0.031137270852923393, -0.07550998777151108, -0.003581311320886016, -0.03515332564711571, 0.018757309764623642, -0.00520141189917922, 0.02510397508740425, -0.040167275816202164, 0.026181403547525406, 0.02224477007985115, 0.008442002348601818, -0.02517116442322731, 0.04625118151307106, -0.058215443044900894, -0.001563810626976192, -0.013694577850401402, -0.037825342267751694, 0.01541877817362547, -1.5942730897222646e-05, 0.015771716833114624, -0.025846809148788452, 0.004885308910161257, 0.02820083498954773, -0.0559067502617836, -0.010785216465592384, -0.05697443708777428, 0.028172651305794716, 0.040029171854257584, 0.012627054937183857, 0.0675586611032486, 0.007005041465163231, -0.02126227132976055, 0.03493400290608406, -0.02599094621837139, 0.013736505061388016, -0.027542447671294212, -0.020447148010134697, 0.010468238964676857, -0.014148137532174587, 0.010210162959992886, 0.00724225677549839, -0.0240227859467268, -0.02132762223482132, 0.00957159698009491, -0.03822217881679535, 0.02747534215450287, 0.020969629287719727, -0.02607002481818199, -0.0008570767822675407, -0.016005534678697586, -0.03950291499495506, 0.005637775175273418, -0.03835514187812805, 0.03263578563928604, -0.0292506106197834, -0.000611189054325223, -0.012834351509809494, 0.05383802950382233, -0.026444626972079277, -0.02255203202366829, -0.009206104092299938, 0.016289949417114258, -0.11336446553468704, 0.03079775720834732, -0.023965390399098396, 0.013690093532204628, -0.0026214297395199537, -0.0030564842745661736, -0.006194774992763996, -0.022285601124167442, 0.002713906578719616, -0.027070464566349983, -0.010931841097772121, 0.01620880886912346, 8.736968447919935e-05, -0.023335792124271393, 0.030634742230176926, 0.04120056703686714, 0.016580941155552864, 0.0026816476602107286, -0.018087588250637054, 0.023439373821020126, 0.026755468919873238, 0.0008080829284153879, 0.0016394603298977017, -0.017244406044483185, -0.06884966045618057, -0.0190889835357666, -0.018168075010180473, -0.03312629088759422, -0.013478183187544346, 0.06422032415866852, 0.015274904668331146, -0.0327545627951622, 0.02829514630138874, 0.014786235056817532, -0.04208490625023842, 0.0035800423938781023, -0.00807351153343916, -0.05658851936459541, -0.008704429492354393, -0.003315923735499382, -0.029299190267920494, 0.020974740386009216, -0.05618196725845337, -0.0010361879831179976, 0.03518350422382355, 0.025324545800685883, -0.020302200689911842, -0.0395057387650013, -0.040624577552080154, 0.011841666884720325, 0.010106668807566166, 0.03294467553496361, -0.009165911003947258, -0.007666279096156359, -0.022460419684648514, 0.03493329882621765, 0.0023045563139021397, -0.002711761509999633, -0.003827915759757161, 0.0037338719703257084, 0.008428752422332764, 0.03566672280430794, -0.00390871986746788, -0.02406107634305954, -0.030586719512939453, 0.04898281395435333, 0.013311060145497322, -0.004388861823827028, 0.04316535219550133, 0.016230590641498566, -0.012747809290885925, -0.028759347274899483, -0.02361202798783779, -0.010706012137234211, 0.026998503133654594, 0.012244329787790775, 0.011362563818693161, 0.007699188310652971, -0.015617170371115208, -0.006340840365737677, -0.014058739878237247, -0.013943424448370934, -0.03428845852613449, 0.04838050901889801, 0.052214737981557846, 0.0078032612800598145, 0.025573216378688812, -0.01288776844739914, -0.033426474779844284, -0.018621500581502914, 0.028771836310625076, -0.053590741008520126, -0.013044994324445724, 0.05812694504857063, 0.02097020111978054, 0.03646731749176979, -0.026190102100372314, -0.0008933197823353112, 0.013624485582113266, 0.001886472455225885, -0.050697214901447296, 0.008930884301662445, 0.020335892215371132, 0.014142382889986038, -0.035250332206487656, -0.024192076176404953, -0.010037417523562908, 0.002292223973199725, 0.008721576072275639, 0.003046243218705058, -0.015608072280883789, -0.012219130992889404, -0.017027266323566437, -0.03963324427604675, -0.04942217469215393, -0.001125994836911559, 0.03146035969257355, -0.03413091227412224, 0.028273453935980797, -0.014452996663749218, 0.011264048516750336, -0.00717120198532939, 0.018859989941120148, -0.031125634908676147, 0.021026574075222015, 0.01021589431911707, 0.06336487829685211, 0.044485904276371, 0.028805110603570938, -0.0156240900978446, -0.021633850410580635, -0.05921425297856331, 0.017031727358698845, -0.03251272812485695, 0.022185180336236954, -0.0065208543092012405, -0.04950954392552376, 0.048557598143815994, -0.07968799024820328, -0.042500946670770645, -0.04494776949286461, -0.0025835868436843157, 0.013631140813231468, -0.05027613416314125, 0.020226864144206047, -0.03109833598136902, -0.0017443199176341295, -0.018948491662740707, 0.0268568005412817, -0.05004047602415085, 0.002143140882253647, -0.02823970466852188, -0.035678837448358536, 0.015824200585484505, -0.043292395770549774, 0.032191358506679535, 0.0002058720274362713, 0.02883920446038246, -0.050986576825380325, 0.08890997618436813, 0.007892903871834278, -0.049370475113391876, -0.017215386033058167, -0.026029137894511223, 0.018119074404239655, 0.061922233551740646, 0.017166348174214363, -0.036572374403476715, -0.0070229158736765385, 0.017087431624531746, 0.022005286067724228, 0.0423094742000103, 0.005247743800282478, 0.00846704002469778, 0.017365790903568268, -0.027391815558075905, 0.012517743743956089, 0.041201747953891754, 0.008763358928263187, -0.011787564493715763, 0.018984263762831688, -0.003790503367781639, 0.08044499158859253, 0.022425657138228416, 0.03068007342517376, 0.02294197864830494, -0.0346352756023407, -0.012679769657552242, 0.037900108844041824, -0.032051969319581985, -0.015176055021584034, 0.006264095194637775, 0.0029851174913346767, 0.01381425280123949, -0.0287177674472332, 0.01945529691874981, 0.01063281949609518, 0.027390096336603165, -0.017455564811825752, 0.08994506299495697, 0.0032234510872513056, -0.026161780580878258, 0.0013110905420035124, 0.001728591974824667, -0.004286675713956356, 0.026164375245571136, -0.01854267530143261, 0.01321835070848465, 0.004463332239538431, 0.03114033304154873, -0.001921746414154768, 0.03444254398345947, -0.00029143007122911513, 0.04972684755921364, -0.021720213815569878, -0.028628520667552948, 0.03388000279664993, 0.046902962028980255, 0.003567802719771862, -0.012416571378707886, 0.03744078800082207, 0.036056216806173325, -0.011464601382613182, -0.015996411442756653, -0.039841603487730026, 0.011987711302936077, -0.01307857595384121, 0.034580767154693604, -0.0198053028434515, 0.008850946091115475, -0.04358084127306938, -0.006501351948827505, -0.02226927876472473, 0.0377463772892952, 0.05342787876725197, -0.03638629615306854, 0.01113593578338623, 0.022480646148324013, 0.043747201561927795, 0.002474350854754448, 0.0012801025295630097, 0.00211382657289505, -0.001891393563710153, -0.053406599909067154]",,
15_1_0_docs_01_app_03_api_reference_03_file_conventions_01_metadata_sitemap_mdx_section_2,section,15_1_0_docs_01_app_03_api_reference_03_file_conventions_01_metadata_sitemap_mdx,sitemap.xml - Sitemap files (.xml),,{},15.1.0,"For smaller applications, you can create a `` file and place it in the root of your `` directory.
",,"[(np.int64(5), np.float64(0.05933723971247673)), (np.int64(16), np.float64(0.029675094410777092)), (np.int64(1764), np.float64(0.13034681975841522)), (np.int64(62346), np.float64(0.2209060788154602)), (np.int64(102158), np.float64(0.2010127305984497)), (np.int64(131492), np.float64(0.28308868408203125)), (np.int64(200033), np.float64(0.35411393642425537))]","[-0.025160083547234535, 0.007870272733271122, -0.04752550646662712, 0.05352006480097771, -0.002571347402408719, -0.020696254447102547, 0.03226083889603615, 0.025434423238039017, 0.029503263533115387, -0.014843923039734364, 0.015090561471879482, 0.026966070756316185, -0.0134061174467206, -0.01087892521172762, 0.026657449081540108, -0.0009388948674313724, 0.0013631208566948771, 0.026210492476820946, 0.011855009943246841, -0.024130113422870636, 0.026067093014717102, -0.032387420535087585, 0.061919648200273514, 0.026763832196593285, -0.027576947584748268, 0.0155281201004982, 0.012186870910227299, -0.012176170945167542, 0.044667165726423264, -0.010163967497646809, 0.0015977226430550218, -0.028910746797919273, 0.04222499206662178, 0.010493151843547821, -0.027026483789086342, 0.034944742918014526, -0.025383803993463516, 0.009322342462837696, -0.03698749840259552, -0.012080548331141472, -0.017510637640953064, 0.017188897356390953, 0.022526750341057777, 0.021847322583198547, 0.0021183728240430355, -0.02650233544409275, -0.02201877534389496, -0.016239643096923828, -0.014324340969324112, 0.0009077053982764482, -0.014981088228523731, -0.0014644464245066047, -0.0054488833993673325, -0.06774470210075378, 0.031134914606809616, 0.0847807377576828, -0.021345889195799828, -0.039477188140153885, -0.04375277832150459, 0.0018125158967450261, -0.002444275887683034, -0.02198733761906624, -0.05969149246811867, 0.007941512390971184, -0.01298108696937561, 0.032333530485630035, -0.027414098381996155, 0.016590353101491928, -0.013744836673140526, -0.03262651339173317, -0.03724324330687523, -0.0024358071386814117, -0.05056111514568329, -0.04311082512140274, -0.013917241245508194, 0.006637284532189369, 0.019142841920256615, -0.01893279142677784, -0.00568844610825181, 0.018451951444149017, 0.0015713429311290383, -0.013840887695550919, 0.03503768518567085, -0.010640925727784634, -0.008665471337735653, -0.02888430841267109, -0.007434554398059845, 0.07654988765716553, 0.022735659033060074, 0.026689890772104263, -0.017996976152062416, -0.03587428480386734, 0.008170874789357185, -0.0351426787674427, -0.028023632243275642, 0.024293044582009315, 0.008096829056739807, 0.029340848326683044, 0.06127338483929634, -0.0092475526034832, -0.030828654766082764, 0.03218698129057884, -0.036058828234672546, 0.012172962538897991, 0.03180422633886337, 0.010348806157708168, 0.0041663008742034435, 0.006215262692421675, -0.006710337940603495, -0.030152052640914917, 0.02134835533797741, 0.024404844269156456, 0.00962604396045208, 0.005127421580255032, -0.004878470208495855, -0.0211758054792881, -0.016071636229753494, -0.05822019279003143, 0.025096410885453224, 0.006851417012512684, 0.014826502650976181, 0.03953053429722786, 0.04151798039674759, -0.0017778921173885465, -0.0037701092660427094, 0.03721832484006882, 0.0344998724758625, -0.022084500640630722, 0.0075669358484447, 0.012867843732237816, 0.02560681477189064, 0.06869694590568542, 0.02145513892173767, -0.0016546541592106223, 0.010248452425003052, -0.02074360102415085, 0.029887188225984573, 0.012200325727462769, -0.00708558177575469, -0.03697361797094345, -0.0029854390304535627, -0.0027722325176000595, 0.029555993154644966, -0.027811147272586823, 0.020485956221818924, -0.0517679825425148, 0.054651763290166855, 0.030612340196967125, 0.023066537454724312, -0.04499965161085129, 0.0005531794740818441, 0.002725570695474744, -0.017083873972296715, 0.047516800463199615, -0.016134534031152725, -0.018040252849459648, -0.012355274520814419, 0.015825623646378517, 0.012867146171629429, -0.024050911888480186, -0.012211727909743786, -0.007000755984336138, -0.016480930149555206, 0.013626880943775177, 0.043134741485118866, -0.056659456342458725, 0.013833695091307163, -0.013490273617208004, -0.05023861676454544, -0.03286212682723999, 0.004012647550553083, 0.005741501692682505, -0.013985850848257542, 0.03523978963494301, 0.03454155474901199, 0.045745883136987686, 0.017207389697432518, 0.0028748572804033756, -0.00614110566675663, -0.02999904751777649, -0.011256124824285507, 0.015114768408238888, -0.05652030184864998, -0.009366619400680065, -0.028138920664787292, 0.01648208126425743, -0.019137989729642868, -0.0008407398127019405, 0.0006678962963633239, 0.008033025078475475, -0.008420766331255436, 0.0075888377614319324, -0.006287748925387859, 0.020890727639198303, 0.008749722503125668, -0.0010562551906332374, 0.007653537672013044, -0.01733684167265892, 0.0016391649842262268, -0.013706727884709835, -0.0026759414467960596, 0.015122807584702969, 0.03603975102305412, -0.05424410477280617, -0.019199438393115997, -0.00733945332467556, -0.01632055453956127, -0.05648931860923767, 0.006611967459321022, -0.06547954678535461, 0.014933490194380283, -0.05049939453601837, -0.04229383543133736, -0.033898357301950455, -0.04126371070742607, 0.001418067142367363, 0.022778881713747978, -0.01914536952972412, -0.0034029355738312006, -0.05087198317050934, -0.0508999228477478, -0.027153337374329567, 0.014326768927276134, -0.00741201639175415, 0.04072709381580353, -0.0046898494474589825, 0.015363900922238827, -0.02095819264650345, 0.02516297809779644, -0.012766005471348763, -0.09299860894680023, -0.0004483597003854811, 0.049516379833221436, -0.005777706857770681, 0.02673175372183323, -0.044518936425447464, -0.05980703607201576, 0.028882961720228195, 0.0025023194029927254, -0.021025024354457855, -0.015465900301933289, 0.003094251034781337, 0.03548996150493622, -0.0002838602813426405, -0.017948342487215996, -0.014004583470523357, 0.01140179205685854, -0.003916425164788961, 0.002096399664878845, -0.017123939469456673, 0.0018011407228186727, -0.019302507862448692, -0.001749230781570077, 0.01527694333344698, -0.0029624991584569216, -0.004393076989799738, 0.06591445952653885, 0.025333579629659653, -0.011974361725151539, 0.014102916233241558, -0.006210587453097105, 0.02981383539736271, -0.013454391621053219, 0.014895823784172535, -0.022802643477916718, 0.006430231034755707, -0.017535114660859108, -0.05999713018536568, 0.01685931533575058, -0.0002534568775445223, -0.026010150089859962, 0.008038727566599846, 0.015325901098549366, 0.009693402796983719, -0.005618784576654434, -0.024044733494520187, -0.031108316034078598, -0.04915318265557289, 0.05085860937833786, -0.00931459292769432, -0.01815604418516159, 0.045387085527181625, 0.04103580117225647, 0.041025880724191666, 0.002875305013731122, -0.003976946230977774, 0.0009658485651016235, 0.0009200265631079674, 0.013370834290981293, 0.018275417387485504, -0.01866304874420166, -0.019040953367948532, 0.049044132232666016, 0.004273559898138046, -0.05949520692229271, 0.047639425843954086, -9.597526513971388e-05, -0.17530646920204163, -0.02814757265150547, 0.003001933917403221, 0.05104769393801689, 0.014512565918266773, 0.025920741260051727, -0.020525161176919937, -0.033131811767816544, -0.046025265008211136, 0.04082134738564491, -0.019150612875819206, -0.052577026188373566, 0.006912472657859325, -0.025380544364452362, 0.05493459105491638, 0.055286455899477005, -0.01794147677719593, 0.029996953904628754, -0.02574806846678257, -0.0007366234203800559, -0.038135360926389694, -0.01324422750622034, 0.05439399555325508, 0.025928638875484467, 0.025622274726629257, 0.012543624266982079, 0.0439697727560997, 0.00909039843827486, -0.009215665981173515, 0.010518500581383705, 0.02754492312669754, 0.013665818609297276, 0.008512608706951141, 0.044573891907930374, -0.05046337470412254, -0.013251109980046749, 0.027198923751711845, 0.019019052386283875, 0.04239092022180557, -0.046476636081933975, 0.02905641868710518, 0.06536395102739334, 0.026829175651073456, 0.022598370909690857, 0.009248891845345497, -0.01835910603404045, -0.015184762887656689, -0.06200321391224861, -0.031366102397441864, -0.017152482643723488, 0.05052140727639198, -0.03885680437088013, 0.032446183264255524, -0.026148684322834015, -0.06017902120947838, -0.0031308522447943687, 0.01772414892911911, 0.018617646768689156, -0.019789863377809525, 0.016827793791890144, -0.05125485360622406, 0.0013478645123541355, 0.013341070152819157, 0.01342140231281519, -0.011276394128799438, -6.626461254199967e-05, 0.05230805650353432, 0.028800569474697113, 0.010815133340656757, -0.01767062209546566, 0.021718263626098633, -0.02629636786878109, 0.04029785096645355, 0.041060253977775574, -0.023592190816998482, 0.01887526735663414, 0.007092643529176712, -0.01829543709754944, 0.005208570044487715, -0.11776059865951538, -0.029964743182063103, -0.0015982240438461304, 0.021466657519340515, 0.001566308201290667, 0.007369249127805233, -0.03630486875772476, -0.03460986539721489, -0.01856382191181183, -0.015218527987599373, 0.23986369371414185, 0.03834327310323715, 0.0512278713285923, -0.05146804451942444, 0.05765692889690399, -0.0316082127392292, 0.01754320226609707, 0.028428396210074425, 0.009085935540497303, -0.030400704592466354, 0.024189209565520287, 0.028671354055404663, 0.012184779159724712, 0.017573196440935135, 0.039780840277671814, 0.021365396678447723, -0.05895192176103592, -0.01809135265648365, 0.045859213918447495, -0.007813515141606331, 0.022654658183455467, -0.08150571584701538, 0.05400121584534645, 0.04064249247312546, -0.032665349543094635, -0.05470486357808113, -0.03755507618188858, 0.05541902035474777, -0.009058542549610138, 0.04183575510978699, -0.024380167946219444, 0.021024296060204506, 0.05454912409186363, -0.009925157763063908, -0.022114183753728867, 0.008750909939408302, 0.04086112976074219, -0.06046361103653908, -0.06415385752916336, -0.02018958516418934, -0.0233988706022501, -0.038578540086746216, 0.016552211716771126, -0.020131103694438934, -0.02231542579829693, -0.011980665847659111, 0.010759958997368813, -0.003981900401413441, -0.013622568920254707, -0.02466118521988392, 0.026730624958872795, -0.008957765065133572, -0.022266846150159836, -0.01309402659535408, 0.0015790244797244668, 0.0045215291902422905, -0.019914230331778526, -0.011016903445124626, 0.009747788310050964, -0.001287595834583044, 0.047901999205350876, -0.002588284434750676, 0.004489325452595949, 0.01273023895919323, -0.01399077195674181, 0.008488946594297886, 0.006136635784059763, -0.026153240352869034, 0.015936853364109993, 0.0661989375948906, -0.01504794042557478, -0.02117024175822735, -0.012613768689334393, 0.0218760184943676, 0.03514749929308891, 0.02160034142434597, 0.0036880099214613438, 0.036215607076883316, -0.03005342371761799, 0.012448648922145367, -0.035872671753168106, -0.01617932692170143, -0.008855693973600864, 0.011170409619808197, 0.013690762221813202, 0.011205866932868958, -0.04650074988603592, 0.040553461760282516, -0.02821708470582962, -0.021930376067757607, 0.02178434282541275, -0.01765267178416252, 0.004494839813560247, 0.01754390075802803, 0.01755487360060215, -0.02184481732547283, 0.049055904150009155, -0.06339193880558014, -0.03515219688415527, -0.008892477490007877, 0.005422689951956272, -0.0024439531844109297, 0.0015668865526095033, -0.031024904921650887, 0.03872411325573921, -0.04513545706868172, -0.05178694427013397, -0.005439914762973785, 0.03613941743969917, -0.023071307688951492, -0.0562264621257782, 0.019469421356916428, 0.0032102721743285656, -0.029578154906630516, 0.0015708266291767359, 0.06034237891435623, 0.05877566710114479, 0.011839195154607296, 0.03011348471045494, 0.022157909348607063, -0.015402356162667274, -0.013841487467288971, -0.021632002666592598, 0.03457320109009743, -0.029607245698571205, -0.008667324669659138, -0.006362119223922491, 0.032440293580293655, -0.042068470269441605, 0.03077682852745056, 0.0883108600974083, -0.03553486242890358, -0.037084657698869705, 0.04276641085743904, 0.042466603219509125, -0.02304762788116932, 0.07532323151826859, 0.022581152617931366, -0.01937783882021904, 0.037938423454761505, -0.038635727018117905, -0.03421919792890549, -0.04678906500339508, -0.00016251789929810911, -0.012087013572454453, 0.0014876220375299454, -0.015381930395960808, -0.008584760129451752, 0.0008664417546242476, 0.012333526276051998, 0.006185893900692463, 0.030050624161958694, 0.0396045446395874, -0.014220102690160275, -0.03112131729722023, -0.01036231592297554, -0.03824858367443085, 0.015001127496361732, 0.0412658229470253, -0.04367496073246002, -0.014396856538951397, -0.013777165673673153, 0.04395134001970291, 0.04333136975765228, 0.00793063547462225, 0.004364096559584141, -0.05046984180808067, 0.07958154380321503, -0.024181783199310303, -0.0019466322846710682, 0.008789022453129292, -0.01828555390238762, -0.038495972752571106, 0.015097408555448055, -0.02983492985367775, -0.06681401282548904, 0.0034636189229786396, 0.01646948792040348, -0.030421925708651543, -0.039427824318408966, -0.0006141997873783112, 0.008764701895415783, 0.002968625398352742, -0.02945309318602085, 0.0175700094550848, -0.029924500733613968, -0.007050513755530119, -0.020458893850445747, 0.04851269721984863, -0.035679128021001816, -0.025933610275387764, 0.10183931887149811, 0.03170347213745117, -0.01956813968718052, 0.014493083581328392, 0.012108677998185158, 0.05476032942533493, -0.020166045054793358, 0.037759795784950256, -0.00678647868335247, 0.0010623818961903453, 0.017560701817274094, 0.002695232629776001, -0.0007792561664246023, -0.020894730463624, -0.014506606385111809, -0.06044301763176918, 0.007442466914653778, 0.014895216561853886, 0.002438172698020935, 0.0019670245237648487, 0.03382236137986183, -0.041373420506715775, -0.00019033240096177906, 0.012164180167019367, -0.003655842039734125, 0.02642897516489029, 0.05184783786535263, -0.012443284504115582, -0.0409313403069973, -0.011022971011698246, -0.038333721458911896, -0.02090407721698284, -0.024937553331255913, 0.025142984464764595, 0.03619786724448204, 0.024902720004320145, -0.01297498494386673, -0.012786781415343285, -0.0403280109167099, 0.000652590359095484, 0.023600079119205475, -0.01312089990824461, -0.03786800801753998, -0.018634440377354622, -0.01813283935189247, 0.07508986443281174, 0.01745980978012085, 0.04796823859214783, -0.017682082951068878, -0.009390642866492271, 0.005031751934438944, 0.023163659498095512, 0.06925126910209656, 0.034882351756095886, 0.0004574231570586562, 0.00478961830958724, -0.04289504885673523, 0.019289793446660042, 0.00844926480203867, -0.03841609135270119, -0.04397981986403465, -0.038875266909599304, -0.024525923654437065, -0.008840364404022694, -0.006940182764083147, 0.012472189031541348, -0.035062506794929504, -0.061710912734270096, -0.00788570661097765, -0.008129259571433067, 0.012931213714182377, -0.022444473579525948, 0.002940542297437787, 0.021044302731752396, 0.023817401379346848, 0.026047613471746445, -0.007779289502650499, 0.00796038843691349, -0.03756450116634369, -0.04113990068435669, -0.002173712709918618, -0.023119697347283363, -0.0032443164382129908, 0.06369134783744812, -0.01728409342467785, -0.05491361394524574, 0.04002055898308754, 0.04608851298689842, -0.0207736324518919, -0.06033513695001602, -0.004272574558854103, 0.011219600215554237, 0.03283117711544037, -0.003520200727507472, 0.054679036140441895, 0.047020699828863144, 0.0185906570404768, -0.02138807438313961, -0.030600368976593018, -0.013670188374817371, 0.0076300716027617455, -0.029386719688773155, 0.02042160928249359, -0.004207235295325518, -0.031954582780599594, 0.0010550476144999266, 0.03919747844338417, -0.0145506476983428, 0.023358669131994247, -0.02500924840569496, -0.03600465506315231, -0.011732036247849464, -0.004400844685733318, 0.012386093847453594, 0.042238153517246246, -0.015010816045105457, -0.029222363606095314, 0.010302209295332432, 0.005063365213572979, 0.055737003684043884, -0.06669194251298904, -0.00165930378716439, 0.06523242592811584, 0.03678091615438461, -0.009637118317186832, 0.01961158774793148, 0.019710540771484375, 0.034405194222927094, -0.006947374902665615, -0.015863023698329926, -0.0014950733166188002, 0.01060147862881422, -0.027856769040226936, 0.00356292724609375, 0.0050164153799414635, -0.021858712658286095, 0.0013353482354432344, -0.06871437281370163, 0.008773292414844036, 0.02181873470544815, 0.014955674298107624, 0.02683619223535061, -0.008574639447033405, -0.014596587046980858, -0.03758857399225235, 0.032017920166254044, -0.035251397639513016, 0.03185485303401947, 0.029501188546419144, -0.010199402458965778, -0.012089085765182972, 0.04277199134230614, -0.012385515496134758, 0.05017495155334473, -0.07957726716995239, -0.013516227714717388, 0.008654709905385971, 0.005140338093042374, 0.0025904644280672073, -0.0039454735815525055, 0.036142926663160324, 0.003084495896473527, 0.010477665811777115, 0.050823189318180084, -0.06829369813203812, 0.017020024359226227, -0.052262015640735626, 0.00018885960162151605, -0.022612014785408974, -0.03934314101934433, 0.032608747482299805, 0.007747714873403311, -0.005890722386538982, 0.006015087943524122, 0.007168056908994913, 0.029896272346377373, -0.03131496161222458, -0.04112963005900383, -0.023942580446600914, -0.025589996948838234, -0.01833532191812992, -0.0025015699211508036, 0.04591033607721329, -0.02806319110095501, -0.004067274276167154, -0.011786515824496746, -0.004059957806020975, 0.02304982952773571, -0.019126353785395622, -0.02306019701063633, -0.0352744422852993, -0.016122573986649513, -0.005559493321925402, -0.028676802292466164, -0.01097599882632494, -0.016384486109018326, -0.006576296873390675, -0.012006421573460102, 0.03163270279765129, 0.0008487753220833838, -0.008171936497092247, -0.019563540816307068, 0.0008973376825451851, -0.15669648349285126, -0.005765055306255817, -0.03971392288804054, 0.008444651030004025, -0.017166972160339355, -0.029722338542342186, -0.033984798938035965, 0.01263735257089138, -0.03559102118015289, -0.031102878972887993, -0.03139133006334305, 0.039943862706422806, 0.038026124238967896, -0.01792457327246666, -0.01207707915455103, 0.05342552065849304, -0.012219317257404327, -0.010449346154928207, -0.03567768633365631, 0.039839956909418106, 0.03737828508019447, -0.01325524877756834, 0.02361883968114853, 7.734014798188582e-05, 0.006018550600856543, -0.015393227338790894, -0.013981590047478676, 0.023894494399428368, -0.027968771755695343, 0.023785166442394257, -0.0075714983977377415, 0.0038828598335385323, 0.024046456441283226, 0.02104422077536583, -0.05495129153132439, 0.017068710178136826, 0.0038741291500627995, 0.008578510023653507, 0.005995936691761017, 0.012450264766812325, 0.00667025288566947, 0.010238779708743095, -0.028123440220952034, 0.03995763882994652, 0.002480751369148493, 0.02533642202615738, -0.016291623935103416, 0.026347529143095016, -0.03177855163812637, 0.013083089143037796, -0.0027562996838241816, 0.014146082103252411, -0.0011606665793806314, 0.011397837661206722, -0.0007879336480982602, 0.01423246692866087, -0.03737039491534233, -0.012935133650898933, -0.004967506509274244, -0.000690721906721592, -0.0447707436978817, 0.03484486788511276, -0.024150045588612556, -0.0035473224706947803, 0.026501094922423363, 0.03408249467611313, 0.007333564572036266, -0.031472496688365936, 0.001385464216582477, 0.03369319438934326, -0.014807685278356075, 0.020148301497101784, -0.042928941547870636, -0.03040323592722416, 0.025619318708777428, 0.0372837632894516, 0.011320071294903755, 0.0006668310379609466, -0.029722606763243675, -0.01423813309520483, 0.028871390968561172, -0.011223878711462021, 0.004662365652620792, 0.02434881590306759, 0.07825460284948349, 0.007533527910709381, -0.0024703219532966614, 0.014469640329480171, -0.013135568238794804, -0.049099333584308624, -0.008020129054784775, -0.037829332053661346, -0.007911032997071743, -0.03520927578210831, -0.04048833250999451, 0.026588186621665955, -0.010260717011988163, -0.03167339041829109, -0.003456312697380781, -0.008365292102098465, -0.044571638107299805, -0.0052416822873055935, -0.022996935993433, -0.016644751653075218, -0.030550366267561913, -0.008205677382647991, 0.023357370868325233, -0.016001304611563683, -0.00925279501825571, -0.008604440838098526, -0.03545492887496948, -0.01715545356273651, -0.009635343216359615, -0.011735080741345882, -0.01795821823179722, 0.013897031545639038, 0.02130228653550148, -0.009834330528974533, 0.025812668725848198, -0.012111169286072254, 0.029336165636777878, -0.010427621193230152, 0.010208106599748135, -0.03653036057949066, 0.03969964757561684, -0.006254287902265787, 0.005878040567040443, 0.004377985838800669, 0.011929599568247795, 0.0326136089861393, -0.010490184649825096, -0.03572380170226097, 0.01673217862844467, -0.0017907972214743495, 0.026712017133831978, -0.054238107055425644, -0.050433449447155, 0.04551991447806358, -0.07352545112371445, -0.02899754047393799, -0.016788464039564133, -0.032637786120176315, -0.0010264848824590445, -0.04287675768136978, 0.007261969149112701, -0.0464780330657959, -0.007498541381210089, 0.0060744681395590305, -0.01200280711054802, -0.02267657220363617, 0.01109014917165041, 0.011749358847737312, -0.012736297212541103, 0.039357200264930725, -0.0398554690182209, 0.04368896782398224, -0.022779367864131927, 0.04497925937175751, 0.01500849612057209, 0.04244908317923546, 0.025970596820116043, -0.00875048991292715, 0.014779634773731232, -0.01504383236169815, -0.018722303211688995, 0.04023664444684982, -0.011983598582446575, -0.000250980316195637, -0.03448451682925224, 0.0003740433312486857, 0.04446201026439667, 0.003266328712925315, -0.008397701196372509, -0.01921299286186695, 0.06999557465314865, -0.048920609056949615, -0.02923799492418766, 0.03219090402126312, -0.005695119965821505, -0.02638332173228264, 0.029159314930438995, 0.0020255555864423513, 0.0513649545609951, -0.0031106953974813223, 0.01701321452856064, 0.008983047679066658, -0.027820134535431862, 0.07583381235599518, 0.029767917469143867, -0.007098274305462837, -0.013306833803653717, -0.00048407394206151366, -0.01622452400624752, -0.010136404074728489, 0.0026947217993438244, 0.02062726952135563, 0.019133947789669037, 0.015080362558364868, 0.010935820639133453, 0.013084893114864826, 0.005997673142701387, 0.001343991607427597, -0.024924742057919502, -0.04777726158499718, -0.04651717096567154, -0.036674752831459045, -0.0029473735485225916, 0.030681820586323738, 0.026702769100666046, 0.020777497440576553, 0.025846848264336586, 0.030717456713318825, -0.00012102039181627333, 0.01913895085453987, -0.006165177095681429, -0.06214576214551926, 0.02987641468644142, 0.014366790652275085, 0.010509416460990906, -0.017176134511828423, 0.02114383690059185, 0.010039923712611198, -0.027750279754400253, -0.04382045939564705, -0.05511365085840225, -0.035164013504981995, 0.02419576793909073, 0.027172453701496124, -0.001021707896143198, -0.00842469185590744, -0.01666245609521866, 0.01911620981991291, 0.02881740964949131, 0.05390014499425888, 0.023028304800391197, -0.03762253746390343, 0.022023968398571014, 0.06046953424811363, 0.014411898329854012, 0.0362982302904129, 0.0794689804315567, -0.009881037287414074, -0.02754577435553074, -0.050446588546037674]",,
15_1_0_docs_01_app_03_api_reference_03_file_conventions_01_metadata_sitemap_mdx_section_2_code_1,code_snippet,15_1_0_docs_01_app_03_api_reference_03_file_conventions_01_metadata_sitemap_mdx_section_2,Sitemap files (.xml) - code_1,,"{'programming_language': 'xml', 'filename': 'app/sitemap.xml', 'switcher': False}",15.1.0,,"<urlset xmlns=""http://www.sitemaps.org/schemas/sitemap/0.9"">
  <url>
    <loc>https://acme.com</loc>
    <lastmod>2023-04-06T15:02:24.021Z</lastmod>
    <changefreq>yearly</changefreq>
    <priority>1</priority>
  </url>
  <url>
    <loc>https://acme.com/about</loc>
    <lastmod>2023-04-06T15:02:24.021Z</lastmod>
    <changefreq>monthly</changefreq>
    <priority>0.8</priority>
  </url>
  <url>
    <loc>https://acme.com/blog</loc>
    <lastmod>2023-04-06T15:02:24.021Z</lastmod>
    <changefreq>weekly</changefreq>
    <priority>0.5</priority>
  </url>
</urlset>
","[(np.int64(5), np.float64(0.00013075768947601318)), (np.int64(64), np.float64(0.04318146035075188)), (np.int64(4027), np.float64(0.2105102390050888)), (np.int64(11090), np.float64(0.17618030309677124)), (np.int64(62346), np.float64(0.2663969397544861)), (np.int64(131492), np.float64(0.258863627910614))]",,"[-0.044194597750902176, -0.013809689320623875, -0.019755663350224495, 0.00606987439095974, -0.016598891466856003, -0.0578615665435791, 0.04864504560828209, 0.0020482116378843784, -0.02158355712890625, 0.051522910594940186, 0.03832154721021652, 0.01241783332079649, -0.005831675138324499, 0.010898794047534466, -0.01475572306662798, 0.013344650156795979, 0.001892975764349103, -0.0158730149269104, 0.007532915566116571, -0.02362438291311264, -0.011165917851030827, -0.009091503918170929, 0.05633220449090004, -0.021388012915849686, -0.00478392792865634, 0.031030403450131416, -0.046876825392246246, -0.006682447623461485, 0.013530160300433636, 0.05771934986114502, -0.0036149367224425077, 0.008987830020487309, 0.07431038469076157, -0.03786046802997589, -0.0355851985514164, -0.038850631564855576, -0.012038463726639748, -0.08172571659088135, -0.06346729397773743, 0.018565194681286812, 0.019755899906158447, -0.024915529415011406, -0.0344013087451458, -0.01348782703280449, 0.028927452862262726, -0.05387213081121445, 0.02487007901072502, -0.03349247947335243, 0.004602563567459583, -0.027418533340096474, -0.026126880198717117, -0.015619748272001743, 0.011087168008089066, -0.03759130463004112, 0.042200855910778046, -0.005662808194756508, -0.06265582889318466, -0.0033994591794908047, -0.06748734414577484, -0.056493885815143585, -0.05109233036637306, -0.01699536107480526, 0.005563917104154825, -0.02261911705136299, 0.0406021885573864, 0.02968253567814827, 0.015311755239963531, -0.01375135313719511, -0.03221612051129341, -0.0531887412071228, 0.014429992996156216, 0.012170368805527687, -0.022737139835953712, -0.052936919033527374, -0.03571852296590805, 0.02362932823598385, 0.026208005845546722, -0.02584793232381344, -0.001639350550249219, -0.00023433480237144977, 0.025489667430520058, 0.006132693029940128, 0.03857963904738426, -0.008506410755217075, 0.02307906560599804, -0.01457170955836773, -0.019922014325857162, 0.07172417640686035, 0.000315551005769521, 0.031743407249450684, -0.009195875376462936, 0.025210248306393623, 0.018402380868792534, -0.015312307514250278, -0.03016393631696701, -0.024442939087748528, -0.004524612333625555, 0.03924742341041565, 0.06923846900463104, -0.007399456109851599, -0.020234202966094017, -0.051392562687397, 0.02355094812810421, -0.00027857936220243573, 0.013466153293848038, 0.00421343045309186, 0.003580763004720211, -0.014174648560583591, -0.007522526662796736, -0.015628566965460777, 0.0013370771193876863, 0.02053201012313366, 0.021980108693242073, 0.007534292992204428, 0.006044219713658094, -0.01881706714630127, 0.0055205002427101135, -0.023236846551299095, -0.014145703986287117, 0.024123385548591614, 0.0246762502938509, 0.012534177862107754, 0.04571306332945824, -0.032978396862745285, 0.0168947521597147, 0.04013108089566231, 0.0014559569535776973, -0.010918284766376019, 0.010324137285351753, -0.00533853005617857, 0.026487020775675774, 0.025234440341591835, -0.019941534847021103, -0.0021089038345962763, -0.01870257593691349, 0.004285776522010565, 0.022472240030765533, 0.016900409013032913, 0.020097292959690094, -0.043977685272693634, 0.06757805496454239, 0.02749234437942505, -0.06637493520975113, -0.006241844967007637, 0.07981611788272858, -0.02253260463476181, 0.009093618020415306, 0.015824783593416214, 0.0036205302458256483, -0.03165636211633682, 0.011027081869542599, 0.008154258131980896, 0.011078786104917526, 0.004858728498220444, -0.0005091482307761908, -0.04173276945948601, -0.013123424723744392, 0.028346965089440346, -0.022245356813073158, -0.026957502588629723, -0.007260003127157688, 0.004242502618581057, -0.04297303408384323, -0.0007320039439946413, 0.04320149123668671, -0.004182280041277409, 0.005748225376009941, 0.019628014415502548, -0.006512160412967205, -0.033321160823106766, 0.028092900291085243, -0.013215054757893085, -0.03145959600806236, 0.02647830918431282, 0.021731700748205185, 0.008915499784052372, 0.09423033893108368, 0.015587261877954006, 0.00720748957246542, -0.0218025092035532, -0.03699241206049919, -0.016300378367304802, -0.027844760566949844, -0.032968565821647644, -0.040073148906230927, -0.02043578214943409, -0.04649893566966057, -0.023049959912896156, -0.009816939011216164, 0.012257121503353119, -0.0025019666645675898, -0.002079077996313572, 0.004885002970695496, 0.01747257262468338, 0.005789879243820906, -0.01903468929231167, 0.00868638139218092, 0.007362624630331993, -0.011529005132615566, -0.04048555716872215, -0.026347137987613678, 0.023089980706572533, -0.0014609902864322066, 0.019155122339725494, -0.03465323522686958, -0.008927726186811924, 0.016053177416324615, -0.02893589809536934, 0.0052584814839065075, -0.04322699457406998, -0.04158762842416763, 0.03197319805622101, -0.0019507318502292037, -0.013321112841367722, -0.02628212422132492, -0.032847341150045395, -0.001540978904813528, 0.024524681270122528, -0.006331000477075577, -0.006510930135846138, -0.039344556629657745, 0.02016514167189598, 0.011207029223442078, -0.02816917560994625, 0.019117027521133423, -0.00589737156406045, 0.015321223065257072, 0.07560774683952332, 0.022705191746354103, -0.05147385969758034, -0.046594128012657166, -0.0059502823278307915, 0.05258511006832123, -0.0029944677371531725, 0.03507787361741066, -0.024367082864046097, -0.031007472425699234, 0.019219182431697845, 0.01990984007716179, -0.0016901660710573196, -0.02226772904396057, -0.02740267664194107, 0.018428297713398933, -0.004072810057550669, -0.02260635420680046, 0.04225199669599533, -0.04393905773758888, 0.050290197134017944, 0.0012155259028077126, -0.01888309419155121, 0.018579212948679924, -0.024033891037106514, -0.07527525722980499, -0.02147124521434307, 0.03877986967563629, 0.007375917863100767, -0.009474490769207478, -0.02685559168457985, -0.0013696769019588828, -0.03197305649518967, 0.0010916360188275576, 0.034092016518116, 0.006752736866474152, 0.04315096139907837, 0.013328840024769306, -0.014912751503288746, -0.003670866833999753, -0.01414400152862072, 0.04243499040603638, 0.06818260252475739, -0.05691966414451599, -0.02304966188967228, 0.027897438034415245, -0.0077727921307086945, -0.039434533566236496, -0.0030754783656448126, -0.021675026044249535, 0.005231511313468218, 0.06690174341201782, -0.0009571699192747474, -0.016191549599170685, 0.030180318281054497, 0.042889077216386795, -0.01018217857927084, 0.024710696190595627, -0.05522027984261513, -0.0015091695822775364, -0.023595822975039482, 0.02623426355421543, -0.04627454653382301, -0.037871964275836945, -0.026148539036512375, 0.06918025016784668, -0.03219939395785332, 0.008853285573422909, -0.0010295575484633446, -0.012305237352848053, -0.19109651446342468, -0.03383368253707886, -0.016671422868967056, 0.036451078951358795, 0.02094610407948494, -0.015367206186056137, -0.02627682127058506, -0.011814949102699757, 0.03509745001792908, 0.034046780318021774, 0.010479342192411423, -0.043177276849746704, -0.036297935992479324, -0.02899634838104248, -0.026225397363305092, -0.020095935091376305, 0.008020260371267796, -0.00023132555361371487, -0.04988102614879608, -0.03687453642487526, -0.06363128125667572, -0.036111753433942795, 0.0417344756424427, 0.005703939124941826, -0.025907352566719055, -0.02558988891541958, 0.04865511879324913, 0.019584443420171738, 0.002889536088332534, 0.010519847273826599, 0.007885114289820194, 0.015806879848241806, -0.00044824767974205315, 0.005879663396626711, 0.06663906574249268, 0.02252591960132122, 0.05501490458846092, -0.003772360971197486, -0.026129283010959625, 0.013929693028330803, 0.02698243036866188, 0.006341480650007725, -0.0013570240698754787, -0.03332129865884781, -0.002554812002927065, -0.013703158125281334, -0.010894041508436203, -0.008073105476796627, -0.036008499562740326, 0.016906343400478363, -0.031339194625616074, 0.01247152965515852, 0.013985872268676758, -0.01459615956991911, -0.05787421762943268, -0.010345601476728916, -0.019183965399861336, 0.03476991876959801, -0.0420437715947628, 0.009163386188447475, 0.005514205899089575, 0.018090443685650826, 0.016216624528169632, -0.04577244445681572, 0.006481983698904514, -0.014395903795957565, 0.015360742807388306, -0.014912485145032406, -0.006460719276219606, -0.02223081886768341, 0.0019028645474463701, 0.012231164611876011, 0.028404004871845245, -0.003911810927093029, -0.0023335074074566364, 0.0696197897195816, -0.00040991391870193183, -0.033092595636844635, 0.007617434952408075, -0.10782759636640549, -0.01004057377576828, 0.018476955592632294, -0.018705999478697777, 0.016739431768655777, -0.04140318185091019, -0.041757602244615555, 0.02506578341126442, -0.010912138037383556, 0.051827218383550644, 0.2823397219181061, -0.009902493096888065, 0.0007654186338186264, -0.008007058873772621, 0.08732376247644424, 0.013149706646800041, 0.017609309405088425, 0.030701126903295517, 0.016077671200037003, -0.017860932275652885, 0.005481775850057602, -0.003922013565897942, -0.016546335071325302, -0.026384972035884857, 0.034497108310461044, -0.0072929044254124165, -0.06348519772291183, 0.02763218618929386, 0.07023508101701736, -0.0292208269238472, 0.006616305094212294, -0.03578418493270874, 0.05136781930923462, 0.042804837226867676, -0.07724621891975403, -0.008100137114524841, 0.004585434682667255, 0.006102720741182566, -0.025522436946630478, 0.0635429322719574, -0.018413012847304344, -0.0009452947997488081, 0.02998422272503376, 0.03587913513183594, -0.001609321334399283, 0.0012358477106317878, 0.024211950600147247, -0.04227448254823685, 0.007478027138859034, 0.041533779352903366, 0.0002506731834728271, -0.006063095293939114, -0.03136150911450386, -0.03174620121717453, -0.027717996388673782, -0.0675090104341507, -0.0018494942924007773, -0.013205314055085182, 0.001646306598559022, -0.03501879423856735, -0.0028981841169297695, -0.015729891136288643, 0.007497218903154135, -0.0036823644768446684, 0.028822096064686775, -0.033227961510419846, -0.007295641582459211, -0.012188462540507317, -0.00982870627194643, 0.04243440926074982, 0.047267187386751175, -0.0007021909113973379, -0.02664077654480934, -0.008120788261294365, -0.024978667497634888, 0.009910618886351585, -0.007110692095011473, 0.025157826021313667, 0.0020633877720683813, 0.035389069467782974, -0.021057406440377235, 0.0022327282931655645, 0.008709217421710491, -0.016952145844697952, 0.016326047480106354, 0.0005129427881911397, 0.048650603741407394, 0.0011073456844314933, -0.026479335501790047, 0.03776733949780464, -0.011222364380955696, -0.01207750290632248, -0.025960158556699753, -0.006337622180581093, 0.025508534163236618, -0.00657454552128911, -0.011194920167326927, 0.045254360884428024, -0.004969315137714148, -0.027880119159817696, -0.025019953027367592, 0.03978201001882553, -0.026613226160407066, 0.039217062294483185, 0.01264997012913227, -0.010016918182373047, 0.02822292037308216, -0.012052129954099655, -0.03858240693807602, 0.04978179186582565, 0.0067832693457603455, -0.026889437809586525, -0.01658337004482746, -0.03202368691563606, 0.0068976180627942085, -0.01629042997956276, -0.0107050072401762, 0.02206636406481266, -0.01598973013460636, 0.025265071541070938, -0.016967616975307465, 0.005146344192326069, 0.014227802865207195, -0.007362937089055777, -0.03415266051888466, 0.05368509888648987, 0.03388889506459236, 0.045923952013254166, 0.0059318882413208485, 0.046548958867788315, -0.012630476616322994, 0.0012055373517796397, 0.004327778238803148, 0.027370793744921684, 0.019425921142101288, -0.017550405114889145, -0.03660419583320618, -0.016317369416356087, -0.04262862727046013, 0.030492734163999557, 0.012047859840095043, -0.026660768315196037, -0.024223577231168747, 0.019674712792038918, 0.013226053677499294, 0.01934060826897621, -0.007603392470628023, 0.019250953570008278, -0.004139713477343321, 0.026017094030976295, -0.045933015644550323, -0.025016440078616142, 0.035745780915021896, -0.005945794750005007, 0.023133613169193268, 0.021440736949443817, 0.023582417517900467, -0.022091174498200417, 0.004762770142406225, 0.02910543978214264, 0.0452534481883049, 0.024216989055275917, 0.018913449719548225, -0.05944842845201492, 0.00311180274002254, -0.006467125378549099, -0.00815136730670929, 0.023174820467829704, -0.030939646065235138, -0.020908134058117867, -0.011477257125079632, 0.02521313726902008, 0.03916945680975914, 0.07713936269283295, 0.005267718806862831, 0.0047205728478729725, 0.005642971955239773, 0.04142998531460762, 0.0023386324755847454, -0.01706000417470932, -0.004388312343508005, 0.01407050620764494, -0.055602818727493286, 0.015356352552771568, -0.001494675176218152, 0.03254758194088936, -0.031007375568151474, 0.015893420204520226, -0.04247768595814705, 0.007074360735714436, 0.025445984676480293, -5.8260266087017953e-05, -0.05145065486431122, -0.02482183836400509, -0.006511686369776726, 0.05691617727279663, 0.0007138256914913654, -0.002026080619543791, 0.03172987699508667, -0.008634167723357677, -0.00639299163594842, 0.1321757733821869, -0.034137073904275894, -0.026771990582346916, 0.0119949234649539, 0.012562579475343227, 0.04368172213435173, 0.02890922874212265, 0.0020849790889769793, -0.01787894032895565, -0.038744326680898666, -4.436038216226734e-05, -0.020162947475910187, 0.031506892293691635, 0.015310412272810936, -0.0021996654104441404, -0.03152453899383545, 0.007791195064783096, -0.0171455517411232, 0.018601877614855766, 0.006032277829945087, 1.251763114851201e-05, 0.004607423208653927, 0.021356794983148575, -0.00036544512840919197, -0.015173518098890781, 0.0211926382035017, 0.017005154862999916, 0.003126669442281127, 0.046999573707580566, -0.05086846277117729, 0.02094760537147522, 0.028889264911413193, -0.03486496955156326, -0.036604564636945724, -0.011623740196228027, 0.017308434471488, 0.0018854500958696008, -0.007084263954311609, 0.0430491603910923, -0.0026223398745059967, 0.00024213003052864224, 0.013822119683027267, -0.0013373112305998802, -0.024676335975527763, 0.009052947163581848, 0.02775511145591736, 0.021758578717708588, 0.0015131959225982428, -0.014548669569194317, 0.024438224732875824, -0.028626859188079834, 0.004838528111577034, 0.003214993979781866, -0.014807179570198059, 0.030020272359251976, -0.04035520181059837, -0.015159830451011658, 0.034463148564100266, -0.010824526660144329, -0.06345759332180023, -0.019443899393081665, 0.015060357749462128, -0.023004010319709778, 0.030099350959062576, -0.02187255583703518, -0.008141851983964443, -0.01269868016242981, -0.06715109944343567, 0.011196405626833439, -0.028835738077759743, 0.010283268056809902, 0.010445281863212585, 0.021929949522018433, -0.03319662809371948, -0.0857032835483551, 0.01691046915948391, -0.01315387338399887, -0.05521545186638832, -0.07639414072036743, -0.01438147109001875, -0.022093534469604492, -0.049422699958086014, -0.013514896854758263, -0.009573902003467083, 0.0044853826984763145, 0.0067146108485758305, 0.009914551861584187, -0.028379665687680244, -0.02586936205625534, -0.0028467094525694847, 0.04115426540374756, 0.0415228046476841, -0.01987360417842865, -0.061007946729660034, -0.017216699197888374, 0.03489326313138008, -0.0385514460504055, 0.007504637818783522, -0.03321833908557892, 0.02892700769007206, -0.013173230923712254, -0.028399204835295677, 0.029692552983760834, -0.010392226278781891, 0.0033440340775996447, -0.028468770906329155, 0.03409380093216896, -0.01259708683937788, 0.03295964002609253, 0.024955760687589645, 0.01849851757287979, 0.0014971327036619186, -0.00352629111148417, -0.027492687106132507, 0.016049662604928017, -0.009499414823949337, -0.02030414529144764, 0.037885431200265884, -0.04783675819635391, -0.02344682067632675, -0.017994260415434837, -0.0011746905511245131, 0.06306344270706177, 0.01885172910988331, -0.020963307470083237, 0.03920992836356163, -0.009499145671725273, 0.003509930334985256, 0.008880026638507843, 0.016326501965522766, -0.011220014654099941, -0.008473857305943966, -0.029563123360276222, -0.011519283056259155, -0.011476296000182629, -0.01186578068882227, -0.02718900516629219, -0.02801753208041191, 0.014299438335001469, -0.029726151376962662, -0.014162863604724407, 0.017365140840411186, -0.07021625339984894, -0.0013423293130472302, -0.02628815546631813, 0.01117750070989132, 0.031883493065834045, 0.018310867249965668, -0.004226896911859512, 0.022678326815366745, 0.006034376565366983, 0.004420713987201452, -0.0426003523170948, 0.012212708592414856, -0.024009015411138535, 0.039955850690603256, -0.02891259267926216, -0.0419132225215435, 0.016576537862420082, 0.020353516563773155, 0.01853145845234394, 0.00630542216822505, -0.05802424997091293, 0.035268403589725494, -0.021752959117293358, -0.01243770681321621, -0.02521786093711853, 0.012415293604135513, 0.03928888961672783, -0.003963368479162455, 0.008996513672173023, 0.03734250366687775, 0.004381648730486631, 0.009366440586745739, 0.0024869143962860107, -0.0017305222572758794, -0.02182852104306221, -0.022871095687150955, -0.007018272764980793, 0.00044504422112368047, 0.044407352805137634, 0.0011204887414351106, 0.005917824804782867, 0.005259429570287466, 0.03119903989136219, 0.006297471467405558, 0.008965009823441505, 0.03430259972810745, -0.02357124350965023, -0.020671145990490913, -0.04374181479215622, -0.02383892424404621, -0.016649508848786354, -0.04005153477191925, 0.035402812063694, -0.014613145962357521, -0.014754476957023144, 0.022912263870239258, 0.09317723661661148, -0.03188583627343178, -0.01854802295565605, -0.007607010193169117, -0.0006962569314055145, -0.16682569682598114, 0.0041633546352386475, -0.037511616945266724, -0.009532811120152473, -0.03728656470775604, 0.012332220561802387, -0.013444121927022934, -0.05176720395684242, 0.029899025335907936, -0.018204456195235252, -0.0114851463586092, -0.004597995895892382, -0.00023496606445405632, 0.0015983824850991368, 0.02544310875236988, 0.052445121109485626, 0.008785891346633434, -0.0023958375677466393, -0.013819362036883831, 0.05103718861937523, 0.020561862736940384, 0.01543782465159893, 0.0443510040640831, -0.004772903863340616, -0.025817623361945152, -0.012572198174893856, -0.021335382014513016, -0.006529869977384806, -0.01016928255558014, 0.00029596174135804176, 0.02179700694978237, 0.007060749921947718, 0.03974267840385437, 0.035646259784698486, 0.009950622916221619, 0.03490867465734482, 0.0012651970610022545, -0.037178244441747665, -0.006264339666813612, 0.02461288683116436, -0.03333781659603119, 0.01701102778315544, -0.008295273408293724, 0.01567647233605385, 0.00797051377594471, 0.0587492436170578, -0.007975607179105282, -0.039072755724191666, -0.012551072053611279, -0.01638854667544365, 0.0193970687687397, 0.0403229184448719, -0.05277730152010918, -0.0046739219687879086, 0.004642896354198456, 0.029088767245411873, 0.02102256566286087, 0.05035370960831642, 0.026528792455792427, 0.02517288736999035, 0.009704075753688812, 0.005360738839954138, -0.02452893741428852, -0.06322994828224182, -0.050104912370443344, 0.054768338799476624, -0.054629527032375336, 0.028273504227399826, 0.023902608081698418, -0.016043996438384056, -0.03439576178789139, -0.026355229318141937, 0.020721962675452232, -0.019231434911489487, 0.027446497231721878, -0.029651569202542305, 0.0013941589277237654, -0.010486442595720291, -0.041013121604919434, -0.006449938751757145, 0.01529571134597063, -0.029528427869081497, -0.025809817016124725, 0.03065880388021469, 0.04427754506468773, 0.025185514241456985, -0.030118506401777267, -0.008734440430998802, -0.015880132094025612, 0.01471789088100195, 0.013929007574915886, -0.04984328895807266, -0.017471205443143845, 0.07273180037736893, 0.005639107897877693, 0.024011986330151558, -0.006156241055577993, -0.012478501535952091, 0.008395633660256863, -0.007918237708508968, -0.02359836921095848, 0.0036215304862707853, 0.011805401183664799, -0.0016713455552235246, -0.019302302971482277, 0.035243939608335495, -0.0300398301333189, 0.011432834900915623, -0.008573913015425205, 0.007868279702961445, -0.03599323704838753, -0.012491509318351746, 0.0006697347271256149, 0.0010911620920524001, -0.04629690200090408, -0.0014641378074884415, 0.012100343592464924, 0.010544105432927608, 0.015627212822437286, -0.027036067098379135, -0.009300418198108673, 0.016380855813622475, 0.0008545360760763288, -0.052000198513269424, 0.03105912357568741, 0.06822500377893448, 0.06520309299230576, 0.06569419801235199, 0.010662715882062912, -0.030682263895869255, 0.005006115883588791, -0.025894131511449814, 0.0359564945101738, -0.00964552816003561, 0.03220067545771599, -0.029625138267874718, -0.02041664533317089, 0.04111955687403679, -0.03504794090986252, -0.027994809672236443, -0.03050927072763443, -0.006079197861254215, 0.028198396787047386, -0.047501515597105026, -0.003709746291860938, -0.03431081026792526, 0.05156392604112625, -0.02282089553773403, 0.027246329933404922, -0.0055356500670313835, 0.0018859965493902564, -0.017396138980984688, -0.0016559037612751126, 0.0486382320523262, -0.028801830485463142, 0.028758715838193893, -0.0009615917806513608, -0.004994154442101717, -0.015428708866238594, 0.03378380835056305, -0.043381527066230774, -0.05656352639198303, -0.03375918045639992, -0.0049943397752940655, 0.03750397264957428, -0.00691551249474287, -0.001944271381944418, -0.015615494921803474, -0.024919705465435982, -0.01213960163295269, 0.0007895803428255022, 0.03956795483827591, -0.019276339560747147, 0.02036871574819088, 0.030389338731765747, 0.008686079643666744, 0.024903664365410805, 0.00898582674562931, 0.017002347856760025, 0.006933075841516256, 0.03236767277121544, 0.033275388181209564, 0.06167101487517357, 0.015626821666955948, 0.007559032179415226, 0.051002394407987595, -0.04193037003278732, -0.018815606832504272, -0.0040336181409657, -0.018395042046904564, -0.02516024187207222, 0.0004106648557353765, -0.004877978935837746, 0.007814852520823479, 0.009176647290587425, 0.004091022536158562, 0.021524060517549515, 0.05119621381163597, -0.003399909706786275, 0.05716748535633087, -0.019591612741351128, -0.02373111993074417, 0.0292951837182045, 0.009811845608055592, 0.008968664333224297, -0.00828556064516306, -0.016838539391756058, -0.011346779763698578, -0.007735010702162981, 0.009517070837318897, 0.002019361825659871, 0.024361981078982353, -0.019503317773342133, 0.055069807916879654, -0.005786187946796417, 0.024195292964577675, 0.025495126843452454, 0.020565519109368324, -0.025189770385622978, 0.0005907851736992598, 0.02690829522907734, 0.04245645925402641, -0.024791881442070007, -0.012694193981587887, -0.03836667537689209, -0.0003733624762389809, -0.018909631296992302, 0.029806530103087425, -0.06080034375190735, 0.005104178562760353, -0.03430352732539177, -0.018225660547614098, 0.00045038812095299363, 0.028234820812940598, 0.06780273467302322, -0.03873688727617264, 0.0016835688147693872, -0.00793555285781622, 0.03798222914338112, -0.02983691543340683, -0.010400567203760147, 0.019846878945827484, -0.016069408506155014, -0.037956129759550095]",
15_1_0_docs_01_app_03_api_reference_03_file_conventions_01_metadata_sitemap_mdx_section_3,section,15_1_0_docs_01_app_03_api_reference_03_file_conventions_01_metadata_sitemap_mdx,"sitemap.xml - Generating a sitemap using code (.js, .ts)",,{},15.1.0,"You can use the `` file convention to programmatically generate a sitemap by exporting a default function that returns an array of URLs. If using TypeScript, a [#returns](#returns) type is available.
Good to know: `` is a special Route Handler that is cached by default unless it uses a [/docs/app/building-your-application/caching#dynamic-apis](/docs/app/building-your-application/caching#dynamic-apis) or [/docs/app/building-your-application/caching#segment-config-options](/docs/app/building-your-application/caching#segment-config-options) option.
Output:
",,"[(np.int64(5), np.float64(0.014878841117024422)), (np.int64(10), np.float64(0.0051099397242069244)), (np.int64(933), np.float64(0.1729726791381836)), (np.int64(1764), np.float64(0.1852205991744995)), (np.int64(1916), np.float64(0.04248478263616562)), (np.int64(17368), np.float64(0.08534520119428635)), (np.int64(18151), np.float64(0.22736215591430664)), (np.int64(28175), np.float64(0.21249626576900482)), (np.int64(62346), np.float64(0.2727261185646057)), (np.int64(131492), np.float64(0.21091118454933167)), (np.int64(155370), np.float64(0.1707620918750763))]","[-0.04397423565387726, -0.02241792343556881, -0.019088774919509888, 0.05811287462711334, 0.0046963170170784, -0.03324275463819504, 0.009418537840247154, 0.04718417301774025, -0.018528688699007034, 0.028775153681635857, 0.0017678184667602181, 0.04621981084346771, -0.010826271958649158, 0.014044346287846565, -0.014678280800580978, 0.05264006182551384, -0.01486115250736475, 0.022086143493652344, 0.009395555593073368, -0.02635813318192959, -0.02188321016728878, -0.02192092128098011, 0.03265465050935745, -0.02932298742234707, -0.0016745254397392273, 0.01389507856220007, 0.01966720260679722, -0.012478400953114033, 0.001600233605131507, -0.010358059778809547, 0.05844370275735855, -0.02235262468457222, -0.00792158767580986, -0.014444880187511444, -0.04360058903694153, -0.016848640516400337, -0.06118714436888695, -0.004219160880893469, -0.024556200951337814, 0.008644246496260166, -0.013267568312585354, 0.0033701336942613125, -0.006799077615141869, -0.014609178528189659, 0.008858502842485905, -0.048948027193546295, 0.023362597450613976, -0.016581594944000244, 0.03484264761209488, -0.011001079343259335, -0.03884240984916687, 0.02485651522874832, 0.018306976184248924, -0.06012473627924919, 0.010778340511023998, 0.039161019027233124, -0.04474692791700363, 0.00609987648203969, -0.033945269882678986, -0.0018484224565327168, -0.012598107568919659, 0.010867074131965637, -0.033277422189712524, 0.014853004366159439, 0.023200010880827904, 0.0024756037164479494, -0.010687547735869884, -0.012078303843736649, -0.025077182799577713, -0.06661246716976166, 0.0178077332675457, 0.03718331828713417, -0.11196482181549072, -0.037964679300785065, -0.01807454228401184, -0.00031904017669148743, 0.04763902723789215, -0.008302897214889526, -0.016323402523994446, 0.005594214424490929, -0.00035663400194607675, -0.0345839262008667, 0.04263879731297493, 0.019602153450250626, -0.005208663642406464, -0.05726665258407593, 0.00014342731446959078, 0.06716850399971008, 0.014357637614011765, 0.009220347739756107, 0.030607927590608597, -0.01497713103890419, 0.05263502150774002, -0.048769112676382065, -0.009368027560412884, -0.030954016372561455, 0.019542649388313293, 0.014572883024811745, 0.02363949827849865, 0.00017764019139576703, 0.012036983855068684, -0.02794499881565571, -0.020917437970638275, -0.01319971214979887, 0.05021008476614952, -0.00866666715592146, -0.01092350110411644, -0.026240861043334007, -0.013800118118524551, -0.01968669332563877, 0.012360869906842709, 0.01874319277703762, 0.00482681579887867, -0.0019252544734627008, -0.021921703591942787, -0.009710418060421944, 0.004517375957220793, -0.030532309785485268, -0.010499918833374977, 0.04691651463508606, 0.0008512379718013108, -0.004424705170094967, 0.039041150361299515, 0.018431348726153374, -0.011468780227005482, 0.04341087117791176, 0.014530081301927567, 0.054490260779857635, -0.01387900859117508, 0.007991335354745388, 0.03807660564780235, 0.07089219987392426, -0.021078044548630714, -0.017319006845355034, -0.025830404832959175, 0.007342292461544275, 0.039520248770713806, 0.031524352729320526, -0.014116882346570492, -0.0705951675772667, 0.008112795650959015, 0.025919461622834206, -0.04294934496283531, -0.04914629086852074, 0.01805155538022518, -0.021337289363145828, 0.040605947375297546, -0.004403327126055956, 0.01092514768242836, -0.015851100906729698, 0.003965522162616253, 0.03467034548521042, -0.0043272217735648155, -0.009708356112241745, 0.04060041159391403, -0.05249662697315216, 0.003980631474405527, 0.002301357686519623, -0.0009988885140046477, 0.01302364282310009, -0.009821436367928982, 0.015409128740429878, -0.028652088716626167, 0.02363448403775692, 0.04916751757264137, -0.030240021646022797, 0.03566119447350502, -0.003995283506810665, -0.018673544749617577, -0.030538123100996017, 0.03339201584458351, -0.015020211227238178, 0.027267655357718468, 0.03713468462228775, 0.027835611253976822, 0.03282605856657028, 0.08840300887823105, 0.017239926382899284, 0.017270419746637344, -0.03963543474674225, -0.014765484258532524, -0.014966803602874279, 0.010418803431093693, -0.0038201685529202223, -0.030146673321723938, 0.040551286190748215, 0.017073433846235275, -0.004012886434793472, -0.0149662084877491, 0.032489072531461716, -0.022708779200911522, -0.008670777082443237, 0.04148386791348457, 0.060868386179208755, 0.015312141738831997, -0.010633405297994614, 0.012925135903060436, 0.0290237944573164, 0.0011154778767377138, 0.01274225302040577, 0.01582961343228817, 0.012598766013979912, -0.004614199977368116, -0.004765939433127642, -0.021927960216999054, -0.042517341673374176, 0.01549314521253109, -0.05069340765476227, -0.015638181939721107, -0.04327027127146721, 0.004207167308777571, -0.03540462628006935, -0.00774014089256525, -0.028437834233045578, -0.03100135736167431, -0.014527658000588417, -0.008227627724409103, 0.032032184302806854, -0.02069024182856083, -0.02728264406323433, -0.0019342744490131736, 0.009871329180896282, -0.01592278853058815, 0.0029000993818044662, -0.002370202913880348, -0.0008647957001812756, 0.04085659980773926, -0.01540182065218687, 0.016987914219498634, -0.02717769891023636, -0.018869297578930855, 0.03433253616094589, -0.002706471597775817, 0.0019109048880636692, 0.04052337631583214, -0.05409543216228485, -0.025873582810163498, -0.01092035137116909, 0.00703768664970994, -0.04122141748666763, -0.018223613500595093, -0.02965952642261982, 0.038130272179841995, -0.002557178493589163, -0.03184136375784874, 0.001295009395107627, -0.014093173667788506, 0.007249501533806324, -0.014545576646924019, -0.05667991191148758, 0.016742998734116554, 0.0008797930786386132, -0.019772011786699295, 0.01828533038496971, 0.014552104286849499, 0.0004602176195476204, 0.02111676335334778, 0.016518056392669678, -0.04452478885650635, -0.003868920262902975, 0.008078500628471375, 0.02736262045800686, -0.01983628422021866, 0.024433305487036705, -0.011367425322532654, -0.04679196700453758, -0.030046166852116585, -0.0917210727930069, 0.04460965842008591, -0.012535825371742249, -0.02127561904489994, -0.007226611487567425, -0.008620359003543854, -0.019544893875718117, -0.04597940295934677, -0.019096285104751587, -0.032041896134614944, 0.0021202093921601772, 0.09254194051027298, 0.006999683566391468, -0.05742418020963669, 0.017285941168665886, 0.06911582499742508, 0.02886592037975788, 0.029194386675953865, -0.02286994270980358, 0.015092061832547188, -0.02572336047887802, 0.032517317682504654, 0.0015010879142209888, 0.008105597458779812, -0.00923085119575262, 0.04675513505935669, -0.015520909801125526, -0.033317580819129944, 0.0015180457849055529, -0.010565122589468956, -0.1585133969783783, -0.04062230512499809, 0.012634063139557838, 0.0019523499067872763, 0.025760456919670105, 0.013041386380791664, -0.0008002835675142705, -0.023990903049707413, 0.003987504635006189, 0.0569818876683712, -0.0006982923950999975, -0.03816898167133331, -0.022297048941254616, -0.05308547616004944, 0.010895198211073875, -0.011209294199943542, -0.008485917001962662, 0.027308855205774307, -0.009833056479692459, -0.027718521654605865, -0.01138607319444418, -0.06475348770618439, 0.022624213248491287, 0.03044203110039234, 0.0359557569026947, -0.04165501892566681, 0.04611694812774658, 0.014271900989115238, 0.002300900872796774, 0.022901300340890884, 0.01380116119980812, 0.030636213719844818, -0.00296365306712687, 0.01437293365597725, -0.01810123398900032, -0.0029542064294219017, 0.03140120580792427, -0.0008658051956444979, 0.03204676881432533, -0.026801083236932755, -0.0041258567944169044, 0.01139603927731514, -0.038105498999357224, 0.04638752341270447, -0.017979737371206284, 0.02648509107530117, -0.012766825966536999, -0.0121269216760993, -0.03740418702363968, 0.02489772066473961, 0.06220272183418274, -0.04869203642010689, 0.0030370240565389395, -0.017657192423939705, -0.05810656398534775, -0.02478376403450966, 0.004763699136674404, 0.020507194101810455, -0.028094934299588203, 0.026712577790021896, -0.02296166680753231, -0.0015908849891275167, 0.013125362806022167, -0.012624708004295826, 0.00492950901389122, 0.020241547375917435, 0.06506690382957458, 0.02652069926261902, 0.001079821726307273, -0.022307105362415314, 0.0020203348249197006, -0.047059573233127594, 0.013019312173128128, 0.005380077287554741, -0.02237376756966114, 0.016593053936958313, 0.040304772555828094, -0.012731934897601604, 0.006116312462836504, -0.08075448870658875, -0.03328914940357208, -0.005471743177622557, 0.02111797407269478, -0.004054397810250521, -0.019864486530423164, -0.02188735455274582, -0.009378243237733841, -0.018520405516028404, -0.006443462800234556, 0.2525192201137543, -0.00174248730763793, 0.0062585617415606976, 0.016309816390275955, 0.05736416205763817, 0.0314670093357563, -0.04040825366973877, 0.08106713742017746, -9.178516484098509e-05, -0.011289357207715511, -0.0007788385264575481, 0.016881795600056648, 0.01422792673110962, -0.03310777619481087, 0.06075804680585861, 0.008921819739043713, -0.054635342210531235, 0.028796639293432236, 0.035357989370822906, -0.02753378078341484, 0.009702155366539955, -0.0543370358645916, 0.07321018725633621, 0.06346624344587326, -0.05015245079994202, -0.003997964784502983, -0.0019417671719565988, -0.01649974286556244, -0.047982532531023026, 0.02311151660978794, -0.0345328189432621, 0.02409648336470127, 0.05359046161174774, -0.03092450648546219, -0.022787442430853844, -0.020396916195750237, -0.0013701788848266006, -0.042240072041749954, -0.03295021876692772, 0.00636880099773407, 0.018827030435204506, -0.018304312601685524, -0.03140479698777199, -0.022722380235791206, -0.043155308812856674, -0.030005289241671562, 0.006513990927487612, -0.01998082920908928, -0.011989353224635124, -0.07274837791919708, -0.0030873201321810484, -0.06910189241170883, -0.04869438335299492, 0.0016616327920928597, 0.003124933922663331, -0.02299831062555313, 0.013241123408079147, 0.005332004278898239, 0.01984233409166336, 0.015305068343877792, 0.023630253970623016, -0.010821851901710033, -0.043991997838020325, 0.021614721044898033, -0.03708402067422867, 0.028800921514630318, 0.0038768723607063293, -0.05069120600819588, 0.03208624944090843, 0.036535684019327164, -0.03563458472490311, 0.009978088550269604, 0.017895659431815147, -0.009572365321218967, 0.014406970702111721, 0.020995574072003365, 0.02400064468383789, 0.035095106810331345, -0.03337262570858002, 0.04085647687315941, -0.013630611822009087, -0.007665744982659817, -0.002341235987842083, 0.03425959497690201, 0.03394444286823273, -0.004110556561499834, -0.00013587655848823488, 0.0679914578795433, -0.006262054666876793, -0.02431725710630417, 0.018430205062031746, -0.016566691920161247, -0.006385385524481535, 0.040267542004585266, 0.022089358419179916, 0.0035195411182940006, -0.03386175259947777, -0.037119004875421524, -6.016701809130609e-05, 0.018103504553437233, -0.023353340104222298, -0.0029080705717206, -0.021951623260974884, 0.0028367657214403152, 0.05129890888929367, 0.021209483966231346, 0.03640653192996979, -0.006329425144940615, 0.002887811977416277, 0.01826930232346058, -0.027115119621157646, -0.004521433264017105, -0.027942588552832603, -0.0069013298489153385, -0.018971741199493408, 0.06007513031363487, 0.013004181906580925, 0.009486972354352474, 0.025494562461972237, 0.04755718261003494, -0.04448080435395241, -0.03822794929146767, -0.010792181827127934, -0.005573505535721779, 0.028293535113334656, -0.027137380093336105, -0.04149709641933441, 0.022367626428604126, -0.03963662311434746, 0.005890923552215099, 0.037215616554021835, -0.02916605956852436, 0.04085906594991684, 0.03850730508565903, 0.009412894956767559, 0.007095488253980875, 0.03826475888490677, 0.022581979632377625, -0.02133222483098507, 0.012943143025040627, -0.03868767246603966, 0.020150477066636086, 0.0026353844441473484, -0.015812275931239128, 0.021086491644382477, 0.014300957322120667, 0.01314769871532917, 0.0002837349020410329, 0.007937772199511528, 0.026964064687490463, 0.09761793166399002, 0.011550914496183395, 0.019299454987049103, -0.03283296898007393, 1.4043179362488445e-05, -0.03491733968257904, -0.02100188098847866, 0.006863653659820557, -0.00014058842498343438, -0.014280450530350208, -0.003980686888098717, 0.00534046208485961, 0.046685606241226196, 0.04439692199230194, -0.023570097982883453, -0.001654672552831471, -0.017331795766949654, 0.031160248443484306, -0.005469360388815403, -0.0014656108105555177, -0.016993725672364235, -0.033866774290800095, -0.04509953036904335, 0.014959481544792652, -0.004511352628469467, 0.005692890379577875, -0.040881674736738205, -0.008166532032191753, -0.040364399552345276, 0.015559124760329723, 0.013158595189452171, 0.010084635578095913, -0.01805049739778042, -0.0065803141333162785, 0.023261459544301033, -0.010169362649321556, -0.035991180688142776, -0.007287286687642336, 0.01731819473206997, -0.031545817852020264, 0.00311711011454463, 0.11048523336648941, -0.049318086355924606, -0.008344434201717377, -0.0022925157099962234, 0.01002210658043623, 0.03718877583742142, 0.029294369742274284, -0.020559249445796013, 0.0007465789676643908, -0.034069761633872986, -0.023692769929766655, -0.011939017102122307, 0.02725048176944256, -0.06136515364050865, -0.01690598949790001, -0.06233730539679527, 0.02250804379582405, -0.02421499602496624, 0.022875366732478142, -0.02252459153532982, 0.01982213743031025, -0.012127353809773922, 0.0017726738005876541, 0.02799522690474987, 0.0009107263758778572, 0.024920528754591942, 0.0062071336433291435, 0.02450503222644329, -0.01909576542675495, -0.04594981297850609, -0.013809043914079666, 0.0017527235904708505, 0.013671682216227055, 0.013145140372216702, 0.003264328232035041, 0.023566341027617455, -0.02400841936469078, -0.011095100082457066, 0.025606567040085793, -0.0017242615576833487, 0.05753398314118385, -0.02909073606133461, -0.02482523024082184, -0.011979907751083374, -0.0017039065714925528, 0.04485267400741577, 0.010851697064936161, 0.021357204765081406, -0.04676488786935806, -0.00038344276254065335, -0.01614975742995739, 0.0026536136865615845, 0.042279068380594254, 0.028571706265211105, -0.004435980226844549, -0.03485390916466713, 0.0029662230517715216, -0.008251454681158066, -0.012442220002412796, -0.01660729944705963, -0.01758612133562565, -0.01212029904127121, -0.016760699450969696, 0.02817755565047264, -0.00026427285047248006, -0.02815920114517212, -0.01502492930740118, -0.041509129106998444, 0.02326076477766037, 0.023795071989297867, 0.032940421253442764, 0.04550980404019356, 0.002099729375913739, 0.058306362479925156, -0.06552248448133469, 0.06664920598268509, -0.030596910044550896, -0.03921518474817276, -0.06289976835250854, -0.019398000091314316, -0.021318785846233368, -0.01394326239824295, -0.015575660392642021, 0.024222027510404587, -0.02964347042143345, -0.016549455001950264, 0.010531127452850342, 0.029713040217757225, -0.04160681366920471, -0.013128235936164856, 0.003168616211041808, 0.03044394589960575, 0.007841354236006737, 0.015708692371845245, 0.029181156307458878, 0.02182886190712452, -0.02853040210902691, 0.0035169983748346567, -0.05996246635913849, -0.03814206272363663, 0.015442609786987305, -0.020759237930178642, 0.014759487472474575, -0.032137300819158554, -0.0023753575515002012, -0.03649609908461571, 0.07199586927890778, 0.006784600671380758, -0.006214102264493704, 0.0057139345444738865, 0.004078585654497147, -0.018277527764439583, -0.0020014061592519283, -0.030060552060604095, 0.04727110266685486, -0.0003109729150310159, 0.003987770061939955, -0.003981371875852346, -0.017052534967660904, 0.013595245778560638, -0.06479370594024658, -0.017260989174246788, 0.029640408232808113, 0.053504828363657, -0.05089103430509567, 0.018511008471250534, 0.020373022183775902, 0.019836124032735825, -0.03669695183634758, -0.07724925875663757, 0.015920646488666534, -0.013397155329585075, -0.022234104573726654, 0.0001938495406648144, 0.014621540904045105, 0.006050779949873686, -0.02938258834183216, -0.03678213432431221, -0.0026051863096654415, -0.022899173200130463, -0.006213377229869366, 0.006511557847261429, -0.026316072791814804, 0.01444466132670641, 0.007482001557946205, 0.04258454218506813, -0.0018403028370812535, 0.0383426733314991, 0.005557936150580645, 0.01872064173221588, 0.001464578788727522, 0.017333904281258583, -0.026692641898989677, 0.03426627814769745, -0.069651760160923, 0.006247205194085836, 0.01376170665025711, -0.026491472497582436, -0.014243009500205517, -0.04334621503949165, 0.03928530588746071, -0.01545296236872673, -0.005992092192173004, 0.043942324817180634, -0.09415607154369354, -0.007365567144006491, -0.03639132156968117, 0.05067745968699455, 0.014494289644062519, -0.02461780607700348, 0.0456945039331913, 0.003894329071044922, -0.026031343266367912, 0.02376074157655239, 0.019297847524285316, 0.021018613129854202, -0.0010209048632532358, -0.0419657900929451, 0.02313235029578209, -0.029831796884536743, -0.005864692386239767, -0.035584427416324615, -0.01221021544188261, 0.020333778113126755, 0.0326678566634655, -0.02893638052046299, 0.013933311216533184, 0.03321877494454384, -0.03798709437251091, 0.004165858030319214, -0.02928200736641884, -0.019961100071668625, 0.019807763397693634, 0.0024274864699691534, 0.04733148217201233, -0.008962986059486866, 0.004109916742891073, -0.01869302988052368, 0.039199937134981155, -0.04301823303103447, -0.06024075672030449, -0.017239494249224663, 0.033623505383729935, -0.14163337647914886, 0.01981308124959469, -0.04724191874265671, 0.014575498178601265, -0.004377273842692375, 0.0026418203487992287, -0.0415567085146904, -0.0480148084461689, 0.04716397076845169, -0.03873569518327713, -0.0010675126686692238, -0.00027035767561756074, -0.01728234253823757, -0.026369187980890274, -0.03409585729241371, 0.027545804157853127, 0.004618496634066105, -0.028965579345822334, -0.007847322151064873, 0.016540516167879105, 0.021302027627825737, 0.007937964051961899, 0.01629835180938244, -0.0022422063630074263, -0.04961194470524788, -0.02310648001730442, -0.051262836903333664, 0.01033383421599865, -0.017147919163107872, 0.060343172401189804, 0.01440561655908823, -0.04230281710624695, 0.034511748701334, 0.05495188385248184, -0.009379137307405472, 0.003202333115041256, 0.013036663644015789, -0.025935053825378418, -0.01752425543963909, 0.019225724041461945, -0.0018939070869237185, 0.021403122693300247, -0.0512453056871891, 0.015349827706813812, -0.00914124958217144, -0.007672537583857775, -0.014000091701745987, -0.04741374030709267, -0.0413610078394413, 0.01837560534477234, -0.009307106025516987, 0.009887165389955044, -0.02297203242778778, 0.002538892440497875, 0.0008362477528862655, 0.04150594770908356, -0.019480610266327858, 0.02502901665866375, -0.046762630343437195, -0.0004709622880909592, -0.060453109443187714, 0.0038815406151115894, -0.013604486361145973, -0.02061440609395504, 0.031705375760793686, 0.039567336440086365, 0.00533838989213109, 0.0020980045665055513, 0.02319672890007496, 0.02664206176996231, -0.01132727786898613, -0.026638301089406013, -0.019758032634854317, -0.004048310685902834, 0.036685194820165634, 0.0317574068903923, 0.007642314303666353, 0.0018259264761582017, 0.0029191195499151945, 0.023813046514987946, -0.025436395779252052, -0.02177467942237854, -0.04250594973564148, 0.05135969817638397, 0.04771985113620758, 0.028897451236844063, 0.026368195191025734, 0.02436049096286297, -0.010930245742201805, 0.0036982258316129446, -0.010521926917135715, -0.031576212495565414, -0.01397925615310669, 0.041475702077150345, -0.0004684448358602822, 0.016458751633763313, -0.0011207311181351542, -0.0006250243750400841, 0.025396954268217087, -0.03557581454515457, -0.006122973281890154, 0.0033990833908319473, 0.022289849817752838, 0.0367172509431839, -0.014368700794875622, 0.017359351739287376, 0.015530137345194817, 0.014261938631534576, 0.004656917415559292, 0.0017848581774160266, -0.06342236697673798, -0.005072193220257759, -0.024710284546017647, -0.01954355463385582, -0.012452240101993084, -0.018518462777137756, 0.054265961050987244, -0.01898259110748768, 0.015417119488120079, -0.008090783841907978, 0.006742240861058235, -0.007131493184715509, -0.0030406243167817593, -0.04652085900306702, 0.024616578593850136, 0.031221723183989525, 0.04236571118235588, 0.021321948617696762, 0.04033568874001503, -0.040026165544986725, -0.0030753002502024174, -0.05656725913286209, 0.03591449186205864, 0.016886083409190178, 0.048053380101919174, -0.05254111811518669, -0.049074865877628326, 0.04892285540699959, -0.0551382414996624, -0.024902094155550003, -0.050783995538949966, -0.006180874537676573, 0.026456033810973167, -0.040454208850860596, 0.021842721849679947, -0.010900869034230709, 0.02242480404675007, -0.021143203601241112, 0.029096195474267006, -0.038698021322488785, 0.025084875524044037, 0.014528779312968254, -0.04524841159582138, 0.014721549116075039, -0.046232983469963074, 0.016498316079378128, -0.03453492745757103, 0.016881544142961502, -0.04052763804793358, 0.024935144931077957, 0.006586167030036449, -0.07888082414865494, 0.00204627332277596, -0.01570693962275982, 0.046292565762996674, -0.008133064955472946, 0.0049029127694666386, 0.007753320503979921, -0.01606772467494011, 0.04661832004785538, 0.02759443409740925, 0.05408754572272301, -0.007541965693235397, -0.0045246644876897335, 0.0572497621178627, -0.021797114983201027, 0.013128765858709812, 0.015765435993671417, 0.007609378546476364, -0.005526640452444553, 0.02944065071642399, -0.025568613782525063, 0.030847903341054916, 0.030944572761654854, 0.04025017470121384, 0.034568533301353455, -0.02582448534667492, 0.02426978200674057, 0.04033603519201279, -0.023890230804681778, -0.008522679097950459, 0.020976748317480087, 0.0003670133592095226, -0.009052827022969723, 0.011399294249713421, 0.0019244806608185172, -0.009070322848856449, 0.03329727053642273, -0.01330078300088644, 0.0820244625210762, -0.011116081848740578, -0.003749679774045944, -0.015158018097281456, -0.037634413689374924, -0.017009876668453217, 0.014871129766106606, -0.0256735198199749, 0.023123810067772865, -0.002421706449240446, 0.008447596803307533, 0.00520158838480711, 0.022993821650743484, -0.03910622373223305, 0.028745274990797043, -0.056651387363672256, -0.08580157905817032, 0.041716646403074265, 0.049344856292009354, 0.005623878911137581, -0.0070441835559904575, 0.02521275170147419, -9.161060734186321e-05, -0.021113306283950806, -0.0325748473405838, -0.055359162390232086, 0.0032147192396223545, -0.00159655069001019, 0.056181490421295166, 0.025626076385378838, 0.014431326650083065, -0.03136594593524933, -0.020104164257645607, 0.029086420312523842, 0.016461588442325592, 0.04063838720321655, -0.02307792194187641, -0.0008781572105363011, 0.04900803044438362, 0.01019657589495182, -0.002760566771030426, -0.006119427736848593, 0.008450958877801895, 0.0070148250088095665, 0.0036110212095081806]",,
15_1_0_docs_01_app_03_api_reference_03_file_conventions_01_metadata_sitemap_mdx_section_3_code_1,code_snippet,15_1_0_docs_01_app_03_api_reference_03_file_conventions_01_metadata_sitemap_mdx_section_3,"Generating a sitemap using code (.js, .ts) - code_1",,"{'programming_language': 'ts', 'filename': 'app/sitemap.ts', 'switcher': True}",15.1.0,,"import type { MetadataRoute } from 'next'

export default function sitemap(): MetadataRoute.Sitemap {
  return [
    {
      url: 'https://acme.com',
      lastModified: new Date(),
      changeFrequency: 'yearly',
      priority: 1,
    },
    {
      url: 'https://acme.com/about',
      lastModified: new Date(),
      changeFrequency: 'monthly',
      priority: 0.8,
    },
    {
      url: 'https://acme.com/blog',
      lastModified: new Date(),
      changeFrequency: 'weekly',
      priority: 0.5,
    },
  ]
}
","[(np.int64(5), np.float64(0.08809924125671387)), (np.int64(64), np.float64(0.11188209801912308)), (np.int64(933), np.float64(0.2666224241256714)), (np.int64(4027), np.float64(0.221479594707489)), (np.int64(11090), np.float64(0.20846214890480042)), (np.int64(61636), np.float64(0.2414492815732956)), (np.int64(62346), np.float64(0.2625124454498291))]",,"[-0.05520990863442421, -0.037172991782426834, 0.0035050050355494022, 0.020742787048220634, -0.019178401678800583, -0.02353152632713318, 0.0005045055295340717, 0.0024007551837712526, -0.010474622249603271, 0.02409972995519638, 0.01580294407904148, 0.004598808940500021, -0.008545458316802979, 0.013872833922505379, -0.008104733191430569, 0.04122263565659523, 0.01815115474164486, -0.0013689125189557672, 0.0254908949136734, -0.0337647870182991, -0.009931853041052818, 0.002214625012129545, 0.02674204297363758, -0.005274409893900156, 0.007708235643804073, 0.022933388128876686, 0.021046282723546028, -0.010693361982703209, -0.02738199569284916, 0.03450796380639076, 0.01587526872754097, 0.05412670969963074, -0.005674618296325207, -0.014846868813037872, -0.05426109954714775, -0.011902619153261185, -0.002659131307154894, -0.06625477224588394, -0.05075317993760109, 0.04682778939604759, 0.002357460791245103, -0.018391452729701996, -0.018768398091197014, -0.007617282681167126, 0.04583112150430679, -0.053324729204177856, 0.027479056268930435, -0.03793075680732727, 0.0015104357153177261, -0.027901535853743553, -0.04723295569419861, 0.0021102072205394506, -0.023460986092686653, -0.032061122357845306, 0.07293137907981873, 0.015397894196212292, -0.030724842101335526, -0.010333191603422165, -0.06167583540081978, -0.04550372436642647, -0.010163038037717342, -0.01581079326570034, -0.006319019943475723, 0.026965448632836342, 0.050261568278074265, 0.02784298174083233, 0.014079216867685318, -0.01971820369362831, -0.021429864689707756, -0.04999391734600067, 0.0035562559496611357, 0.0288802832365036, -0.047316066920757294, -0.05760767310857773, -0.025000445544719696, 0.03889313340187073, 0.013766378164291382, -0.007557259872555733, 0.0068384804762899876, -0.007639677729457617, 0.0065425094217062, -0.006348465569317341, 0.04328124225139618, 0.003093692706897855, 0.025793230161070824, -0.040313247591257095, -0.040639590471982956, 0.05442005395889282, 0.0012884362367913127, 0.03738455846905708, -0.02635682187974453, 0.0026233193930238485, 0.04673812538385391, -0.02892456389963627, -0.009317309595644474, -0.03487834706902504, -0.0013473662547767162, 0.012991419993340969, 0.06269201636314392, 0.0018124572234228253, -0.03697330132126808, -0.03264635428786278, 0.013883027248084545, 0.019761107861995697, 0.04721289128065109, 0.009932832792401314, 0.0028688486199826, -0.029867684468626976, -0.029571203514933586, -0.0013674893416464329, 0.002953647868707776, 0.017797062173485756, 0.007254576776176691, -0.008568053133785725, -0.0064595709554851055, -0.0434817299246788, 0.005877034272998571, -0.029566090553998947, -0.001809758017770946, 0.03089040145277977, 0.020461497828364372, 0.02695467323064804, 0.04319873824715614, -0.008808229118585587, -0.001266677863895893, 0.025568032637238503, -0.011262472718954086, 0.01547100767493248, -0.005053680390119553, 0.03350371867418289, 0.012308362871408463, 0.03508007153868675, -0.03844981640577316, -0.0032932681497186422, -0.009376797825098038, -0.018030233681201935, 0.021767916157841682, 0.021204089745879173, 0.002994484966620803, -0.05711517482995987, 0.03702070564031601, 0.048128072172403336, -0.07742767781019211, -0.007623865269124508, 0.0344867967069149, -0.028690222650766373, 0.017443809658288956, 0.009864690713584423, -0.02275903895497322, -0.03332327678799629, 0.002711364533752203, 0.0433102622628212, 0.025355443358421326, -0.015287784859538078, -0.030986646190285683, -0.06006332114338875, -0.00907969567924738, 0.01354673970490694, 0.033877454698085785, 0.01158067025244236, -0.021852442994713783, 0.024720648303627968, -0.042020220309495926, 0.028511477634310722, 0.06134035065770149, -0.0222904235124588, -0.0014239336596801877, 0.0116454241797328, -0.034883659332990646, -0.03276440128684044, 0.030617179349064827, -0.023764044046401978, -0.009058481082320213, 0.028415795415639877, 0.033615875989198685, 0.010846286080777645, 0.10469411313533783, 0.024167979136109352, 0.011090935207903385, -0.01624973863363266, -0.010309060104191303, 0.003236489137634635, -0.035803426057100296, -0.03327309340238571, -0.0418531633913517, 0.014644183218479156, -0.030619867146015167, -0.02726149372756481, -0.013342740014195442, 0.004533784929662943, -0.0231167022138834, 0.011595720425248146, 0.03280512988567352, 0.039299126714468, -0.0012807310558855534, 0.0073662386275827885, 0.0023821659851819277, 0.028310872614383698, -0.028162173926830292, -0.012947267852723598, -0.002933787414804101, 0.019729062914848328, -0.0001347604120383039, 0.008701371029019356, -0.03344520181417465, 0.004143546801060438, 0.00030951036023907363, -0.04470464587211609, -0.02015443705022335, -0.01950305700302124, -0.048921696841716766, 0.013496377505362034, -0.003554310416802764, -0.024220015853643417, -0.053632233291864395, -0.035313431173563004, 0.009596713818609715, 0.008914644829928875, -0.008783960714936256, -0.011347482912242413, -0.011195646598935127, 0.05281945317983627, 0.007750484626740217, -0.016447989270091057, -0.007189055904746056, -0.006859453860670328, 0.01951507478952408, 0.05291223153471947, 0.01036878116428852, 0.008147438988089561, -0.042607951909303665, 0.00978811550885439, 0.02315371483564377, 0.011492378078401089, 0.03956417739391327, -0.04355357959866524, -0.017861507833003998, -0.010123738087713718, 0.021712936460971832, -0.020291278138756752, -0.06583970040082932, -0.05061894655227661, -0.0009676385670900345, 0.003334656124934554, -0.03780827298760414, 0.04626648128032684, -0.046229828149080276, 0.028533579781651497, 0.016089852899312973, -0.016794569790363312, 0.013488000258803368, -0.006407571490854025, -0.08231016993522644, -0.03953799232840538, 0.02915639989078045, 0.015998123213648796, -0.010379432700574398, -0.024334140121936798, -0.030186058953404427, -0.010954690165817738, 0.016326777637004852, 0.03534015640616417, 0.021883204579353333, 0.035100117325782776, -0.005545611027628183, -0.03453264385461807, -0.0014898355584591627, -0.002597416052594781, 0.0391458123922348, 0.027863048017024994, -0.05803427845239639, -0.003502926556393504, 0.017170406877994537, -0.0225296001881361, -0.03412724286317825, 0.003137705847620964, -0.048530466854572296, -0.004731951747089624, 0.058205828070640564, 0.004629464354366064, -0.01657506451010704, 0.032431796193122864, 0.019479917362332344, -0.029213983565568924, 0.05023433640599251, -0.06297831237316132, 0.009213464334607124, 0.007685550954192877, 0.0027992220129817724, -0.04785863682627678, -0.026496585458517075, 0.0070112659595906734, 0.06922037899494171, -0.005158781539648771, 0.0017320843180641532, -0.006638646591454744, -0.01048670057207346, -0.16249215602874756, -0.03443180397152901, -0.018733711913228035, 0.032292336225509644, 0.021909281611442566, -0.0134553462266922, 0.006667566951364279, -0.03272826224565506, 0.05386786162853241, 0.018257254734635353, -0.030971096828579903, -0.05573607236146927, -0.00947308074682951, -0.06253142654895782, 0.015843497589230537, -0.011603567749261856, 0.026767943054437637, 0.008705338463187218, -0.0328507162630558, -0.03326001390814781, -0.03712623193860054, -0.026096675544977188, 0.005605846643447876, 0.008994265459477901, -0.012923657894134521, -0.038669440895318985, 0.041741132736206055, -0.0007925492245703936, 0.022829871624708176, 0.022049052640795708, -0.019575320184230804, 0.0009961152682080865, 0.003126384923234582, -0.0049917916767299175, 0.05079822987318039, 0.043200064450502396, 0.002185919787734747, 0.011040237732231617, -0.022428274154663086, 0.024490155279636383, 0.02848571538925171, -0.002387846587225795, 0.004172295797616243, -0.009541068226099014, -0.024990495294332504, -0.02254461869597435, -0.006912413984537125, 0.0047078742645680904, -0.04729250818490982, 0.03783359378576279, -0.00017402083904016763, -0.013952113687992096, 0.038474660366773605, -0.0020043167751282454, -0.04560597613453865, -0.007208376191556454, 0.01125896256417036, 0.02997075580060482, -0.03909069672226906, 0.010758711956441402, -0.00960551854223013, 0.022692479193210602, 0.021331872791051865, -0.03544491156935692, -0.00795748457312584, 0.0014705875655636191, 0.02043423429131508, -0.009301964193582535, 0.009227868169546127, -0.05335087329149246, 0.0258653424680233, 0.006550072692334652, 0.020267464220523834, 0.04251493886113167, -0.03524346649646759, 0.05176873505115509, -0.011195799335837364, -0.014140982180833817, 0.018190225586295128, -0.08512011170387268, -0.0229287501424551, 0.0037490420509129763, 0.014947965741157532, 0.026540478691458702, -0.02532568760216236, -0.018663164228200912, 0.005685827229171991, 9.825734741752967e-05, 0.056850433349609375, 0.25769829750061035, -0.03394608572125435, -0.0031290112528949976, 0.009424044750630856, 0.06642497330904007, 0.03113941289484501, -0.005889405496418476, 0.052981533110141754, 0.044287461787462234, -0.006792455445975065, 0.015964966267347336, -0.00019894586876034737, -0.024188047274947166, -0.05057603865861893, 0.03359408676624298, 0.017700057476758957, -0.056374333798885345, 0.03276908025145531, 0.05229292809963226, -0.045094944536685944, 0.020852794870734215, -0.03427843376994133, 0.019126515835523605, 0.057742536067962646, -0.06065167486667633, -0.001485595479607582, 0.013034096919000149, -0.0009196556056849658, -0.032573118805885315, 0.05839499086141586, -0.02389000542461872, -0.002502874005585909, 0.03241870924830437, -0.0064521608874201775, -0.0387498177587986, 0.004225537646561861, 0.006329828407615423, -0.042578812688589096, -0.006119203753769398, 0.040880460292100906, 0.02223162353038788, -0.01938253454864025, -0.01893225498497486, -0.00016033888095989823, 0.0008769856067374349, -0.028785930946469307, 0.007698582485318184, -0.05710557475686073, -0.013915378600358963, -0.021697187796235085, -0.025667088106274605, -0.029564134776592255, -0.000495294516440481, 0.0010494149755686522, 0.039852358400821686, -0.03312879428267479, 0.018128015100955963, 0.02954700030386448, -0.003409976838156581, 0.024723665788769722, 0.04165065288543701, -0.0025290045887231827, -0.043630316853523254, -0.012208987958729267, -0.007848630659282207, -0.007055476773530245, 0.011587770655751228, 0.028987079858779907, 0.014479312114417553, 0.05275944992899895, -0.021302202716469765, 0.04363047331571579, 0.009061266668140888, -0.02203725278377533, 0.006959117017686367, -0.00016601767856627703, 0.02133094146847725, 0.052896443754434586, -0.02986823208630085, 0.0271231010556221, -0.0013823697809129953, 0.017435835674405098, -0.044499561190605164, 0.014992842450737953, 0.035206329077482224, -0.00892497319728136, 0.030325977131724358, 0.03314106538891792, -0.028508173301815987, -0.01252383179962635, -0.02996886894106865, -0.01951701007783413, -0.023816395550966263, 0.06085481494665146, 0.00840393640100956, -0.010648411698639393, 0.024396412074565887, -0.00792845617979765, -0.03502711281180382, 0.016188856214284897, -0.018097007647156715, -0.023255642503499985, -0.002803998999297619, -0.029235919937491417, -0.00446326145902276, -0.012824244797229767, 0.021012740209698677, 0.023703182116150856, -0.014788083732128143, 0.007416495122015476, -0.04330632835626602, 0.015466411598026752, -0.009766784496605396, -0.018503671512007713, -0.008577757515013218, 0.02697780728340149, 0.06633495539426804, 0.03700508549809456, -0.00503576872870326, 0.020733481273055077, -0.012003044597804546, -0.0030137719586491585, -0.007923278026282787, 0.004667612258344889, 0.018692266196012497, -0.0074297706596553326, -0.02294275537133217, -0.018829455599188805, -0.044994886964559555, 0.030228767544031143, 0.006549847312271595, -0.025470292195677757, -0.01958194188773632, 0.02424570359289646, 0.02464446797966957, 0.034918416291475296, -0.013515794649720192, 0.011587207205593586, 0.003035092493519187, 0.026714051142334938, -0.04424188658595085, 0.01700209081172943, -0.002834444399923086, 0.0258589219301939, 0.019149864092469215, 0.02118859440088272, 0.07398877292871475, -0.001321213087067008, -0.0022642104886472225, 0.021406125277280807, 0.05296767130494118, 0.02079758420586586, 0.02693827822804451, -0.07077256590127945, -0.009266984649002552, -0.03456692397594452, 0.007927512750029564, 0.00351908546872437, -0.040472596883773804, -0.029313165694475174, 0.009710908867418766, -0.005914720240980387, 0.03196023777127266, 0.0815478041768074, 0.021818555891513824, -0.023425910621881485, -0.03661021590232849, 0.030859163030982018, 0.006107051856815815, 0.0071419901214540005, 0.008761320263147354, -0.005372817162424326, -0.07485812902450562, 0.021224169060587883, 0.006764966528862715, 0.0263355802744627, -0.0211650338023901, -0.0026521829422563314, -0.02630435675382614, 0.025404667481780052, 0.019857797771692276, 0.011995905078947544, -0.05348596349358559, -0.011249314993619919, -0.0048164804466068745, 0.03200090676546097, -0.0028253027703613043, -0.01304332260042429, 0.026377156376838684, 0.0002089121553581208, -0.00771129596978426, 0.12140331417322159, -0.0067589604295790195, -0.011597558856010437, 0.032740768045186996, 0.022013695910573006, 0.04084087163209915, 0.0026949045713990927, 0.0007838442688807845, -0.040052466094493866, -0.0019670710898935795, 0.0073575470596551895, -0.011387626640498638, 0.0389748252928257, 0.005416706670075655, -0.00323477596975863, -0.03560918569564819, 0.006922986824065447, -0.030953986570239067, 0.02180595137178898, -0.004233065061271191, 0.0374797061085701, -0.025068486109375954, 0.018315719440579414, -0.007758234161883593, -0.009828155860304832, 0.025264577940106392, -0.005892722401767969, 0.014764446765184402, 0.026358099654316902, -0.0055391076020896435, 0.009503449313342571, 0.0016764476895332336, -0.04479257017374039, -0.028717096894979477, -0.0011515638325363398, 0.018006671220064163, -0.007217309903353453, -0.024045418947935104, 0.06111505627632141, -0.00906396098434925, 0.023129265755414963, 0.022637968882918358, -0.024187225848436356, -0.0027403223793953657, 0.006267187185585499, 0.01804097555577755, 0.008952274918556213, 0.041577741503715515, -0.02230381779372692, 0.0009360121330246329, 0.005595000460743904, -0.03651702031493187, 0.023603269830346107, 0.0018866537138819695, 0.025616444647312164, -0.024996981024742126, -0.03692260757088661, 0.02118355594575405, -0.027582922950387, -0.02616996504366398, -0.009251684881746769, 0.006425329018384218, -0.008365458808839321, 0.03448336943984032, -0.003656247165054083, 0.007405997719615698, -0.000411727000027895, -0.04103652760386467, 0.032789792865514755, -0.010429400019347668, 0.02516600675880909, 0.005176430568099022, -0.0018961627501994371, -0.02853366918861866, -0.06095341965556145, 0.04306938499212265, -0.03424150124192238, -0.03431859239935875, -0.048121318221092224, 0.0157014150172472, 0.0026532707270234823, -0.03488432615995407, -0.004102668724954128, -0.008326804265379906, 0.004281953908503056, 0.007666692137718201, 0.007791886571794748, -0.0006429495988413692, -0.014582240954041481, 0.005116999614983797, 0.025182317942380905, 0.037130434066057205, -0.013811434619128704, -0.03454204276204109, 0.020861079916357994, 0.04936724901199341, -0.029889561235904694, 0.02170727401971817, -0.037546440958976746, -0.012282675132155418, -0.03445002809166908, -0.03139116242527962, 0.022633906453847885, -0.025953035801649094, 0.0036391534376889467, -0.024143140763044357, 0.05942310765385628, -0.011388984508812428, 0.024617405608296394, 0.0277688130736351, 0.028254760429263115, 0.0022137113846838474, -0.018274720758199692, -0.022408202290534973, 0.02094580978155136, -0.006723360624164343, 0.008111994713544846, 0.07726327329874039, -0.050563931465148926, -0.0007155594066716731, 0.0006961853941902518, -0.012762621976435184, 0.03242136165499687, 0.04425637051463127, -0.02757071889936924, 0.04297029599547386, -0.031034769490361214, 0.003182843793183565, -0.014529458247125149, 0.036186546087265015, 0.002064552390947938, -0.0019175566267222166, -0.030681198462843895, -0.039268676191568375, 0.0032836496829986572, 0.008402775973081589, 0.0005384489777497947, -0.01638183556497097, -0.031168872490525246, -0.01814568042755127, 0.007256610319018364, 0.01706668548285961, -0.06321942061185837, -0.03348559886217117, 0.007416532840579748, -0.0014640084700658917, 0.01632086932659149, 0.018511006608605385, -0.0035354895517230034, -0.015792367979884148, -0.005815442651510239, 0.03859055042266846, -0.055571552366018295, -0.016919726505875587, -0.05277878791093826, 0.03136036545038223, -0.018108369782567024, -0.026564713567495346, -0.01138739287853241, -0.020058006048202515, 0.02351224049925804, -0.014058180153369904, -0.06193570792675018, 0.042038120329380035, -0.01935507357120514, -0.03583299368619919, 0.003252471797168255, 0.04406536743044853, 0.04095239192247391, -0.014248760417103767, 0.04099361598491669, 0.057967253029346466, 0.015094427391886711, 0.02917752042412758, 0.021931922063231468, 0.011260231956839561, -0.06473927944898605, -0.03881639242172241, -0.01913493126630783, -0.004174576606601477, 0.03965669870376587, -0.029542578384280205, -0.015205886214971542, -0.004818107932806015, 0.01980520412325859, 0.011995923705399036, -0.00828501582145691, 0.026795102283358574, -0.046994470059871674, 0.0013588957954198122, -0.05968378111720085, -0.032729580998420715, -0.020867489278316498, -0.04760633036494255, 0.026794778183102608, -0.023955222219228745, -0.023729678243398666, -0.002641131868585944, 0.0866965502500534, -0.032505009323358536, -0.013756642118096352, -0.018166635185480118, -0.005440603941679001, -0.1640646755695343, 0.0015826624585315585, -0.038307324051856995, 0.02722832001745701, -0.05870179831981659, 0.014626339077949524, -0.0015752624021843076, -0.07824549078941345, 0.022003861144185066, -0.01572747528553009, -0.05228111892938614, 0.00301466416567564, 0.004598332103341818, 0.0008025247370824218, -0.014193013310432434, 0.02354440651834011, 0.004984969738870859, -0.009007548913359642, -0.00807749480009079, 0.01972828432917595, 0.016730831936001778, -0.00822803471237421, 0.0846671611070633, -0.013395233079791069, -0.051186345517635345, -0.02784140035510063, -0.02768140286207199, 0.019513554871082306, 0.005682014394551516, -0.004851615987718105, 0.029693009331822395, 0.016509249806404114, 0.04987495392560959, 0.026784580200910568, -0.007965478114783764, 0.04462084546685219, -0.0127048185095191, -0.02074161171913147, -0.006771759130060673, 0.0358675941824913, -0.020046278834342957, 0.03102695941925049, 0.002897890517488122, -0.0034343854058533907, -0.025416269898414612, 0.007941871881484985, -0.015217714011669159, -0.03725052624940872, -0.02511114627122879, -0.05688171461224556, 0.01824752427637577, 0.07511036843061447, -0.008165516890585423, -0.019133396446704865, 0.0016498130280524492, -0.0005261865444481373, 0.02454438991844654, 0.041941381990909576, -0.001311504514887929, 0.023749394342303276, -0.02792004868388176, -0.010748526081442833, -0.03260260075330734, -0.0578325092792511, -0.045234013348817825, 0.037761542946100235, -0.07129602134227753, 0.0645425021648407, 0.031139880418777466, 0.014132294803857803, -0.02974412590265274, -0.019990792497992516, 0.005511994939297438, 0.003844425082206726, 0.012537713162600994, -0.014364299364387989, 0.02781905047595501, -0.009165095165371895, -0.058121491223573685, -0.006241966970264912, -0.01943124458193779, -0.014980296604335308, -0.054911401122808456, 0.035825811326503754, 0.05049878731369972, 0.03248665854334831, -0.04365600273013115, -0.0019088510889559984, 0.02759566344320774, 0.017154661938548088, -0.013249742798507214, -0.04045012220740318, 0.017381301149725914, 0.05747273564338684, -0.027037519961595535, 0.040606316179037094, -0.011124437674880028, -0.019046258181333542, 0.029925890266895294, -0.003638140857219696, -0.03538410738110542, -0.01922851800918579, 0.023146959021687508, 0.01293077040463686, 0.007837038487195969, 0.018623709678649902, -0.008375189267098904, 0.010797788389027119, -0.004755390342324972, 0.009954510256648064, -0.05411619693040848, 0.0026137311942875385, -0.01804177090525627, 0.019767381250858307, -0.023852096870541573, 0.014028510078787804, -0.021524643525481224, -0.00988243892788887, -0.0005100342095829546, -0.03740530461072922, 0.0019380493322387338, 0.0644192174077034, -0.010702896863222122, -0.05674650892615318, -0.005049712955951691, 0.06219671294093132, 0.05618586391210556, 0.009423942305147648, -0.011430110782384872, -0.027080530300736427, 0.016464736312627792, -0.048975419253110886, 0.020912576466798782, -0.0061007170006632805, 0.046572476625442505, -0.036788322031497955, -0.0448906384408474, 0.03491346538066864, -0.023557137697935104, -0.034268565475940704, -0.047551948577165604, -0.020776335150003433, 0.006611906923353672, -0.027212489396333694, -0.02461720071732998, 0.0018190243281424046, 0.04182193800806999, -0.03447917848825455, 0.016010886058211327, -0.019410304725170135, 0.014527895487844944, 0.006677418947219849, -0.03454231470823288, 0.03922547399997711, -0.02826540172100067, 0.05214365944266319, -0.017066195607185364, -0.0038741196040064096, -0.00915816891938448, 0.06015423312783241, -0.003012871602550149, -0.06483592092990875, -0.005190573632717133, -0.0029612185899168253, 0.03828900679945946, -0.03853212296962738, 0.009678442031145096, 0.0071320682764053345, -0.028595084324479103, -0.0025769530329853296, 0.0073043061420321465, 0.02666923962533474, -0.009820224717259407, -0.009831475093960762, 0.03417659178376198, -0.011358151212334633, 0.03093799762427807, -0.043733205646276474, -0.0051242816261947155, 0.0028849244117736816, 0.005986858159303665, 0.004731854423880577, 0.02802898734807968, 0.046003274619579315, 0.047632746398448944, 0.025563206523656845, 0.0002865349524654448, -0.013675536029040813, 0.014123626053333282, -0.010284109972417355, -0.04558056965470314, -0.007544204592704773, -0.0152269983664155, -0.0006035580881871283, 0.0013582303654402494, -0.033924683928489685, 0.02323920466005802, 0.056008145213127136, -0.01319666113704443, 0.08853168040513992, -0.02371571958065033, -0.022801928222179413, -0.01162478793412447, 0.0097591457888484, 0.017836449667811394, -0.01373268198221922, -0.04093654826283455, 0.003984722774475813, 0.014147130772471428, 0.01689891144633293, -0.014288928359746933, 0.012975338846445084, -0.03239532932639122, 0.0369165800511837, -0.01663709618151188, -0.007401822134852409, -0.008801830001175404, -0.008373171091079712, -0.0104967150837183, 0.005196232348680496, 0.043018363416194916, 0.03293507546186447, 0.021398324519395828, -0.022950392216444016, -0.02612973190844059, 0.010933276265859604, -0.0020612485241144896, 0.03674205392599106, -0.050858497619628906, 0.013777666725218296, -0.06442074477672577, 0.030108939856290817, 0.018198583275079727, 0.017431501299142838, 0.00776474317535758, -0.015253711491823196, 0.01766992174088955, -0.0006681442609988153, 0.03987390547990799, -0.02198522724211216, -0.04526562616229057, 0.02016622945666313, -0.006486943457275629, -0.025326594710350037]",
15_1_0_docs_01_app_03_api_reference_03_file_conventions_01_metadata_sitemap_mdx_section_3_code_2,code_snippet,15_1_0_docs_01_app_03_api_reference_03_file_conventions_01_metadata_sitemap_mdx_section_3,"Generating a sitemap using code (.js, .ts) - code_2",,"{'programming_language': 'js', 'filename': 'app/sitemap.js', 'switcher': True}",15.1.0,,"export default function sitemap() {
  return [
    {
      url: 'https://acme.com',
      lastModified: new Date(),
      changeFrequency: 'yearly',
      priority: 1,
    },
    {
      url: 'https://acme.com/about',
      lastModified: new Date(),
      changeFrequency: 'monthly',
      priority: 0.8,
    },
    {
      url: 'https://acme.com/blog',
      lastModified: new Date(),
      changeFrequency: 'weekly',
      priority: 0.5,
    },
  ]
}
","[(np.int64(7), np.float64(0.057285938411951065)), (np.int64(64), np.float64(0.01234406977891922)), (np.int64(1647), np.float64(0.1327212154865265)), (np.int64(4027), np.float64(0.16936679184436798)), (np.int64(11090), np.float64(0.19104260206222534)), (np.int64(28175), np.float64(0.17611990869045258)), (np.int64(62346), np.float64(0.2798221707344055))]",,"[-0.03780658543109894, -0.025030825287103653, -0.005618767812848091, 0.015716437250375748, -0.013191401958465576, -0.05090600624680519, 0.006258176639676094, 0.01352020725607872, -0.03433492034673691, 0.04331094026565552, 0.030751431360840797, 0.020789775997400284, -0.01670312136411667, 0.02707347646355629, 0.003983012400567532, 0.03894882649183273, 0.036783039569854736, -0.004928921349346638, 0.0005021970719099045, 0.0008489920292049646, -0.01506893802434206, 0.014812649227678776, 0.05658970773220062, -0.011338021606206894, 0.025149723514914513, 0.013412845320999622, -0.004125634208321571, -0.028316348791122437, 0.001259491895325482, 0.02895333059132099, 0.01607479341328144, 0.03888096660375595, 0.018604213371872902, -0.012906014919281006, -0.0629192516207695, -0.012370897457003593, -0.006644879933446646, -0.07762624323368073, -0.05227798968553543, 0.04829472675919533, -0.0029521500691771507, -0.01972220093011856, -0.047715265303850174, 0.00044926611008122563, 0.04273831844329834, -0.04956883564591408, 0.05399060621857643, -0.03230893239378929, -0.015279388055205345, -0.03244902938604355, -0.040847375988960266, -0.003426390467211604, -0.0016061186324805021, -0.05412997677922249, 0.06695304065942764, 0.02282848209142685, -0.052827898412942886, 0.02668890170753002, -0.05239288881421089, -0.05985920876264572, -0.017979202792048454, -0.034091830253601074, 0.0008108561160042882, 0.019781842827796936, 0.02377188764512539, 0.027025256305933, 0.03466572239995003, -0.01952167972922325, -0.03187013790011406, -0.05918857082724571, 0.00807132013142109, 0.03103134222328663, -0.059797775000333786, -0.05801405757665634, -0.04329856485128403, 0.044709451496601105, 0.02744445390999317, 0.0008509585168212652, 0.016537345945835114, -0.020489482209086418, 0.010984102264046669, -0.0034919704776257277, 0.07151519507169724, -0.008065681904554367, 0.021280713379383087, -0.03507370874285698, -0.020902659744024277, 0.058497682213783264, 0.0030096496921032667, 0.02419939450919628, -0.044841594994068146, 0.0036313803866505623, 0.03912162408232689, -0.029289402067661285, -0.00393608957529068, -0.04339267686009407, -0.002984824124723673, -0.005609015468508005, 0.0735468789935112, -0.002314461162313819, -0.03717930614948273, -0.049307681620121, 0.004912160336971283, 0.0071469261310994625, 0.04170345887541771, -0.00032789772376418114, -0.022220127284526825, -0.036115650087594986, -0.02261926792562008, -0.009506509639322758, -0.006821774877607822, 0.03096066042780876, 0.015733450651168823, -0.009313746355473995, -0.01229605171829462, -0.01790490746498108, 0.008407456800341606, -0.02174178883433342, -0.010530760511755943, 0.041372694075107574, 0.011444647796452045, 0.00042319914791733027, 0.026868021115660667, 0.0012177237076684833, 0.015290709212422371, 0.012239255011081696, -0.004213736858218908, 0.025137808173894882, -0.005169082432985306, 0.03097456321120262, 0.023372745141386986, 0.026476947590708733, -0.042919594794511795, -0.007348175160586834, -0.005625003483146429, -0.005381119903177023, 0.02661321498453617, 0.030455689877271652, -0.002223371062427759, -0.03080609440803528, 0.036325644701719284, 0.018199192360043526, -0.06986407935619354, -0.005758782848715782, 0.04433300346136093, -0.019108746200799942, 0.027130914852023125, 0.005278845317661762, -0.010697911493480206, -0.04203226789832115, 0.0030743698589503765, 0.037866029888391495, 0.009945331141352654, -0.024875015020370483, -0.012346414849162102, -0.06451357156038284, 0.01267409510910511, 0.02472086064517498, 0.0002659181773196906, -0.0077662416733801365, -0.015491793863475323, 0.015173067338764668, -0.048718079924583435, 0.0030614116694778204, 0.05881321802735329, -0.03275769203901291, -0.007911330088973045, 0.023105327039957047, -0.035570595413446426, -0.017514333128929138, 0.036411263048648834, -0.0449700765311718, -0.028735924512147903, 0.010205645114183426, 0.04121943563222885, 0.012064967304468155, 0.09275618940591812, 0.010721910744905472, 0.02953942120075226, -0.021702002733945847, 0.011830851435661316, -0.013132933527231216, -0.023486191406846046, -0.02818898670375347, -0.05705001950263977, 0.006424213759601116, -0.018882056698203087, -0.03019486367702484, -0.0044653755612671375, 0.004615188110619783, -0.007454219274222851, 0.010747332125902176, 0.015455704182386398, 0.03260933980345726, 0.0016690711490809917, -0.002782367402687669, -0.0013661021366715431, 0.017591161653399467, -0.004381916951388121, -0.016528120264410973, 0.0025044993963092566, 0.007690609898418188, -0.0014695306308567524, 0.021639488637447357, -0.012493997812271118, -0.015284497290849686, 0.02574496529996395, -0.04166936129331589, -0.026037415489554405, -0.01767413504421711, -0.05464213714003563, 0.0015711062587797642, 0.007764627691358328, -0.016080372035503387, -0.028143346309661865, -0.031075526028871536, 0.018589328974485397, 0.03428560495376587, -0.0022662871051579714, 0.006505350116640329, -0.021473053842782974, 0.048792436718940735, 0.016315635293722153, -0.013045520521700382, -0.021940546110272408, -0.009121572598814964, 0.03914593160152435, 0.04703384265303612, 0.0018811917398124933, -0.010524890385568142, -0.03304588422179222, 0.009245372377336025, 0.03294498473405838, 0.014040329493582249, 0.024744855239987373, -0.038602620363235474, -0.04598640277981758, -0.0007582799298688769, -0.004395698197185993, -0.01901916041970253, -0.008500911295413971, -0.034181609749794006, -0.01805572584271431, 0.004793347790837288, -0.009995144791901112, 0.04418881982564926, -0.052597057074308395, 0.029988963156938553, 0.0023116376250982285, -0.03806637227535248, 0.021627802401781082, -0.0015966866631060839, -0.05402625352144241, -0.053598061203956604, 0.02157355286180973, 0.017495155334472656, -0.009117440320551395, -0.015570986084640026, -0.025192469358444214, 0.0028535565361380577, 0.01571308821439743, 0.01915319450199604, -0.005533624440431595, 0.03949884697794914, -0.0021473285742104053, -0.015069491229951382, 0.007362713105976582, 0.0155652966350317, 0.04407647252082825, 0.029446402564644814, -0.04398443549871445, -0.015057175420224667, 0.021454691886901855, -0.01579434424638748, -0.024398596957325935, 0.002233148319646716, -0.04703308641910553, -0.009951367974281311, 0.05031276494264603, -0.020428456366062164, -0.02239977940917015, 0.017740068957209587, 0.04126700386404991, -0.009128936566412449, 0.03977544978260994, -0.05406058579683304, -0.0076334914192557335, 0.007094874978065491, -0.011338788084685802, -0.042607661336660385, -0.008634391240775585, 0.00188378244638443, 0.060944318771362305, -0.025197140872478485, 0.011129520833492279, 0.0011432936880737543, -0.018000684678554535, -0.1701631247997284, -0.0300806425511837, -0.021949850022792816, 0.028208652511239052, 0.0311460979282856, -0.00391819141805172, -0.004906369373202324, -0.02753482758998871, 0.024176960811018944, 0.019466901198029518, -0.015426944941282272, -0.050551120191812515, -0.043149206787347794, -0.060752157121896744, 0.011461316607892513, -0.021324818953871727, 0.021601099520921707, 0.016699397936463356, -0.060445189476013184, -0.02774677611887455, -0.038784097880125046, -0.027469446882605553, 0.005273894872516394, 0.021098025143146515, -0.030073335394263268, -0.03874558210372925, 0.06235232204198837, -0.0018502917373552918, 0.028588565066456795, 0.019627897068858147, -0.013275637291371822, 0.01419169269502163, -0.000978947151452303, -0.003720720298588276, 0.055759575217962265, 0.045461010187864304, 0.015495373867452145, -0.01690872386097908, -0.012462102808058262, 0.024975555017590523, 0.030107488855719566, -4.308551433496177e-05, 0.004532999359071255, -0.002833619248121977, -0.024667616933584213, -0.02037234418094158, -0.017820101231336594, 0.0016464251093566418, -0.06375322490930557, 0.010220915079116821, -0.01247499044984579, -0.030932782217860222, 0.048397667706012726, 0.03319740667939186, -0.060422442853450775, -0.006074777338653803, -0.007570538204163313, 0.009788383729755878, -0.026224825531244278, 0.02693166956305504, 0.0011832364834845066, 0.026990629732608795, -0.0009544743807055056, -0.022828703746199608, -0.009581774473190308, 0.006779782939702272, 0.01308016199618578, -0.011208637617528439, -0.016391975805163383, -0.03901500254869461, 0.027576979249715805, 0.003742501838132739, 0.027382148429751396, 0.014159713871777058, -0.04044538736343384, 0.047842759639024734, 0.0003910880477633327, -0.028425244614481926, 0.020467175170779228, -0.09059463441371918, -0.023339146748185158, 0.0038416986353695393, 0.013084332458674908, -0.001753346179611981, -0.03241189941763878, -0.049971677362918854, 0.02379375882446766, -0.009331601671874523, 0.054985202848911285, 0.26823583245277405, -0.010481291450560093, -0.0021518857683986425, 0.017849275842308998, 0.056993164122104645, 0.05602498725056648, -0.005873051937669516, 0.04549621790647507, 0.021336421370506287, -0.015881182625889778, 0.0021436496172100306, 0.01722252555191517, -0.03207651525735855, -0.04042663425207138, 0.037166547030210495, -0.010066721588373184, -0.05761655420064926, 0.04480960965156555, 0.06545872241258621, -0.038517847657203674, 0.017446208745241165, -0.032273802906274796, 0.046485207974910736, 0.05997905507683754, -0.07690007239580154, 0.004801859613507986, 0.021277617663145065, 0.0020321712363511324, -0.02397570013999939, 0.059084437787532806, -0.028855489566922188, 0.01406781654804945, 0.045603249222040176, 0.030628331005573273, -0.02760155126452446, 0.00023677463468629867, 0.00436943955719471, -0.055812008678913116, 0.011866016313433647, 0.048808854073286057, 0.02991318888962269, -0.026658155024051666, -0.04013768956065178, -0.014261414296925068, -0.02897217683494091, -0.05754721537232399, -0.006578086409717798, -0.03077256865799427, 0.013238444924354553, -0.04355514422059059, 0.003189248498529196, -0.019469674676656723, 0.008996374905109406, -0.015115278773009777, 0.02724001556634903, -0.021584853529930115, 0.02028917521238327, 0.017748473212122917, 0.009877392090857029, 0.04570562765002251, 0.04637093469500542, -0.020648427307605743, -0.028280824422836304, -0.019340910017490387, -0.003714953316375613, 0.0059675308875739574, -0.013541295193135738, 0.03283632546663284, 0.021263673901557922, 0.0332011841237545, -0.028274545446038246, 0.030561093240976334, -0.008339673280715942, -0.0008587285992689431, 0.00521155446767807, -0.01098985318094492, 0.039615921676158905, 0.026175707578659058, -0.026878876611590385, 0.025821251794695854, -0.0020741396583616734, 0.020386775955557823, -0.041356559842824936, -0.011713637970387936, 0.03586004674434662, -0.007778676226735115, 0.0042974394746124744, 0.043303217738866806, -0.013794388622045517, -0.002778859343379736, -0.031504321843385696, 0.01040609460324049, -0.03881523758172989, 0.04513911157846451, 0.0075737349689006805, -0.02037240006029606, 0.012924578040838242, -0.008076152764260769, -0.03588666021823883, 0.028697337955236435, -0.009210886433720589, -0.043112706393003464, -0.01697760634124279, -0.039525676518678665, -0.0016911831917241216, 0.017722327262163162, 0.015263943001627922, 0.012009753845632076, -0.00967630185186863, 0.0232896376401186, -0.037801556289196014, 0.0021946176420897245, -0.007060354109853506, -0.028882117941975594, -0.008733988739550114, 0.03413226827979088, 0.044666025787591934, 0.030294183641672134, -0.004250784870237112, 0.022131163626909256, -0.04179340600967407, 0.0005530946073122323, -0.0018673398299142718, 0.014877714216709137, 0.028063025325536728, -0.022976841777563095, -0.025049937888979912, -0.024434316903352737, -0.049523111432790756, 0.03325745463371277, 0.011466389521956444, -0.021342052146792412, 0.019052086398005486, 0.027364596724510193, 0.006310527212917805, 0.04124012961983681, -0.011575852520763874, 0.0005397583008743823, -0.006968896370381117, 0.0318450853228569, -0.06229614466428757, 0.0071948510594666, 0.010993491858243942, 0.004086663015186787, 0.017547916620969772, 0.014850473031401634, 0.07368915528059006, -0.008507032878696918, 0.005871308036148548, 0.02394343540072441, 0.047666627913713455, 0.04473927617073059, 0.012317372485995293, -0.06049603968858719, -0.011135369539260864, -0.011531324125826359, 0.01003675814718008, 0.028557544574141502, -0.029846066609025, -0.013305000960826874, 0.0006307716830633581, 0.0032587763853371143, 0.036686401814222336, 0.08310771733522415, 0.030320240184664726, -0.0036414850037544966, -0.009083930402994156, 0.033740364015102386, 0.0010687492322176695, 0.011091292835772038, 0.0329786017537117, -0.006882468704134226, -0.037231702357530594, -0.00035863148514181376, 0.023912997916340828, 0.02020147256553173, -0.021840214729309082, 0.016862642019987106, -0.02761136367917061, 0.02995387278497219, 0.01452384889125824, 0.00220372062176466, -0.0627441331744194, -0.026187583804130554, -0.006192014552652836, 0.032120220363140106, 0.013712253421545029, -0.004568092525005341, 0.0510907880961895, -0.01897377148270607, -0.029218275099992752, 0.11437955498695374, 0.008546462282538414, -0.01833897829055786, 0.003833739785477519, 0.013047127053141594, 0.039982154965400696, 0.015219684690237045, -0.004825647454708815, -0.0200561061501503, 0.0015021695289760828, -0.0035848787520080805, -0.01180271152406931, 0.0346207469701767, -0.020409561693668365, 0.005269139539450407, -0.05545338615775108, 0.0034019441809505224, -0.021474838256835938, 0.028030458837747574, -0.006960838567465544, 0.01820349134504795, -0.010558282025158405, 0.019670061767101288, -0.013199198059737682, 0.004867559298872948, 0.021046334877610207, -0.01213002298027277, 0.0043671829625964165, 0.004137871321290731, -0.011778192594647408, 0.020374270156025887, 0.024397365748882294, -0.03261127695441246, -0.013217584230005741, 0.017916100099682808, 0.00425591180101037, -0.026176124811172485, -0.026905318722128868, 0.05482340231537819, -0.0024355435743927956, 0.014598613604903221, 0.01232781633734703, -0.02427961491048336, -0.004613659344613552, -0.025772597640752792, 0.017877856269478798, 0.019586898386478424, 0.004570975434035063, -0.01495654322206974, 0.0019831929821521044, 0.003327013924717903, -0.015525774098932743, 0.01463850773870945, -0.0029192983638495207, 0.04812275618314743, -0.022003768011927605, -0.024787668138742447, 0.014776107855141163, -0.029340052977204323, -0.043921083211898804, 0.002894946839660406, -0.007136555854231119, -0.015174821019172668, 0.00650040665641427, -0.0004186735022813082, 0.0026405262760818005, -0.016019603237509727, -0.056059543043375015, 0.04960992559790611, -0.013318904675543308, 0.03495367616415024, -0.0065126679837703705, 0.007520463317632675, -0.02983427420258522, -0.06724336743354797, 0.030357476323843002, -0.02901020087301731, -0.040091220289468765, -0.05819221958518028, 0.0015835744561627507, -0.013445896096527576, -0.04522043094038963, -0.005268607288599014, -0.0010056344326585531, -0.005987468641251326, -0.00368802179582417, -0.01685280352830887, 0.026237668469548225, -0.026333503425121307, 0.026311634108424187, 0.026105020195245743, 0.031766559928655624, -0.0075356788001954556, -0.04173477739095688, 0.005404248367995024, 0.031256720423698425, -0.031299494206905365, 0.03560040891170502, -0.025029823184013367, -0.008773219771683216, -0.025754310190677643, -0.04537983983755112, 0.024855157360434532, -0.02518748864531517, -0.00028004025807604194, -0.01742422766983509, 0.04243209958076477, -0.012353930622339249, 0.01254572719335556, 0.024903234094381332, 0.027937917038798332, 0.013811185024678707, -0.0024750689044594765, -0.020522821694612503, 0.021533330902457237, 0.006828634534031153, 0.014057077467441559, 0.04990798607468605, -0.04773522913455963, 0.007288315799087286, -0.020367588847875595, -0.02020692639052868, 0.03902909532189369, 0.025456054136157036, -0.03912309557199478, 0.032374605536460876, -0.03087526559829712, 0.00882961880415678, -0.007603171281516552, 0.03716619685292244, -0.01050524041056633, 0.0014185277977958322, -0.035236965864896774, -0.020071998238563538, 0.009593714959919453, 0.001632172497920692, -0.020203037187457085, -0.006949036847800016, -0.01682334765791893, -0.0182785727083683, -0.0058478000573813915, 0.022762861102819443, -0.06153169274330139, 0.004502337891608477, -0.02052351087331772, 0.0024322010576725006, 0.03319884091615677, 0.039138443768024445, -0.007867182604968548, 0.010487095452845097, 0.009062825702130795, 0.010442488826811314, -0.04437077417969704, -0.00841192901134491, -0.053948596119880676, 0.05135245993733406, -0.028975311666727066, -0.022735128179192543, -0.02642401121556759, -0.03564764931797981, 0.03645945340394974, -0.010077008046209812, -0.0527106337249279, 0.03010965697467327, -0.0020395915489643812, -0.012319372966885567, -0.009616720490157604, 0.04204726591706276, 0.03381664678454399, -0.001013789209537208, 0.03045099414885044, 0.043631765991449356, 0.0068186428397893906, 0.034819189459085464, 0.023696169257164, -0.0061165038496255875, -0.024172315374016762, -0.04960433021187782, -0.01629352942109108, -0.006572747137397528, 0.054063234478235245, -0.02185908704996109, -0.018853003159165382, 0.0035682732705026865, 0.03449413552880287, 0.010132135823369026, 0.001738056424073875, 0.03197982534766197, -0.05235560983419418, 0.0038791773840785027, -0.06705542653799057, -0.029063832014799118, -0.01653330773115158, -0.03025219962000847, 0.006839110981673002, -0.013535812497138977, -0.025842301547527313, 0.00012892430822830647, 0.0839511975646019, -0.029028281569480896, -0.021372085437178612, -0.020367523655295372, -0.016561396420001984, -0.16037769615650177, 0.012925887480378151, -0.03093857504427433, 0.022027350962162018, -0.0613439716398716, 0.017613647505640984, -0.008972246199846268, -0.059045419096946716, 0.03258655220270157, -0.027762319892644882, -0.02857518196105957, -0.005780251696705818, -0.005566609092056751, 0.001978705171495676, 0.0021486463956534863, 0.022240668535232544, 0.014251057989895344, 0.004683283623307943, -0.02518487349152565, 0.03721192479133606, 0.023553723469376564, 0.011654876172542572, 0.08360369503498077, -0.02043178863823414, -0.041684430092573166, -0.03219546377658844, -0.012031414546072483, 0.04608646035194397, -0.005136891733855009, -0.014647025614976883, 0.03280913829803467, 0.018140196800231934, 0.053271450102329254, 0.01506718434393406, -0.01994754932820797, 0.055253684520721436, -0.008427205495536327, -0.010012595914304256, -0.003090670332312584, 0.016232198104262352, -0.0140019990503788, 0.012587085366249084, -0.015170320868492126, -0.013680499978363514, -0.020277196541428566, 0.040401000529527664, -0.016257351264357567, -0.03155224770307541, -0.030688095837831497, -0.031247936189174652, 0.02676166407763958, 0.05985380336642265, -0.012180550023913383, 0.0013438507448881865, -0.0016739645507186651, 0.0020201702136546373, 0.03668690100312233, 0.039010219275951385, 0.01389368623495102, 0.034036748111248016, -0.00866506714373827, -0.011162796057760715, -0.03890649601817131, -0.06277482956647873, -0.027075253427028656, 0.03777456283569336, -0.0733836367726326, 0.05123196914792061, 0.0315103754401207, 0.009590673260390759, -0.04171853885054588, -0.006155446171760559, 0.0021309861913323402, -0.001092875492759049, 0.01346497517079115, -0.0037459051236510277, 0.03092595562338829, -0.025134311988949776, -0.047423359006643295, -0.003573005786165595, -0.008235939778387547, -0.030614975839853287, -0.047313038259744644, 0.02861776202917099, 0.043403346091508865, 0.04498711973428726, -0.029354391619563103, 0.005963016301393509, 0.023028671741485596, 0.022425008937716484, -0.02482036128640175, -0.028170393779873848, 0.030645053833723068, 0.051386162638664246, -0.014068788848817348, 0.024309447035193443, 0.0008350226562470198, -0.024744397029280663, 0.022894227877259254, -0.013627089560031891, -0.01515332330018282, -0.017967620864510536, 0.03869607672095299, 0.027758026495575905, -0.015983378514647484, 0.005637867376208305, -0.025180872529745102, 0.012088896706700325, -0.014005996286869049, 0.004921664949506521, -0.06247850880026817, -0.00678373035043478, -0.03656690940260887, 0.0024647542741149664, -0.025026531890034676, 0.024090031161904335, -0.0011605808977037668, 0.017200740054249763, -0.020094867795705795, -0.0504336841404438, -0.03325136378407478, 0.019397415220737457, -0.009233339689671993, -0.055079396814107895, 0.005208105780184269, 0.060710757970809937, 0.06996606290340424, 0.051240138709545135, 0.003267359919846058, -0.043089609593153, 0.028140423819422722, -0.046285923570394516, 0.029784487560391426, 0.003264199011027813, 0.05461885407567024, -0.017997270449995995, -0.037365566939115524, 0.028727790340781212, -0.02917923778295517, -0.03342580050230026, -0.03994793817400932, -0.004874974023550749, 0.01952686347067356, -0.04740741103887558, -0.03103392943739891, -0.0036511195357888937, 0.03768938407301903, -0.03390543907880783, 0.02488611824810505, -0.026239005848765373, 0.007442208006978035, -0.012067165225744247, -0.03489549458026886, 0.040923941880464554, -0.007597413845360279, 0.022881479933857918, -0.02188374660909176, 0.019744873046875, -0.013936856761574745, 0.03517802432179451, -0.018712352961301804, -0.07179554551839828, -0.004986623302102089, -0.015033137053251266, 0.03227458521723747, -0.020713435485959053, 0.00365122826769948, -0.0031942641362547874, -0.04271406680345535, -0.004594422411173582, 0.016668736934661865, 0.04043498635292053, -0.009499259293079376, -0.007748894393444061, 0.04929106682538986, -0.00462873512879014, 0.032544199377298355, -0.03720276430249214, -0.005412181839346886, -0.0006378974649123847, 0.020057426765561104, 0.010968172922730446, 0.041413042694330215, 0.03803642839193344, 0.03074781782925129, 0.03537118434906006, -0.01804087497293949, -0.013197791762650013, 0.011313910596072674, -0.011845115572214127, -0.0501001700758934, -0.003976831678301096, -0.00648983009159565, 0.02671896107494831, -0.0013106426922604442, -0.021517617627978325, 0.012629173696041107, 0.04770008102059364, -0.010428807698190212, 0.06557704508304596, -0.02963503822684288, 0.002023919951170683, -0.010502448305487633, 0.006890940945595503, 0.005960326176136732, -0.021301748231053352, -0.04200126975774765, 0.008824587799608707, -0.00040560460183769464, 0.009658805094659328, -0.012740432284772396, 0.024720164015889168, -0.028709180653095245, 0.04078860953450203, -0.03203769028186798, 0.007255615200847387, -0.0010810608509927988, 0.020569918677210808, -0.003689359175041318, 0.006998052354902029, 0.022516781464219093, 0.024926038458943367, 0.007941576652228832, -0.023516498506069183, -0.03646223992109299, 0.026030173525214195, -0.0002009882591664791, 0.03387361019849777, -0.04397297650575638, 0.00878353975713253, -0.06018539145588875, -0.00840561743825674, 0.016186658293008804, 0.013615683652460575, 0.009911395609378815, -0.015583849512040615, 0.02533118799328804, -0.01173112727701664, 0.06297822296619415, -0.01742510311305523, -0.04158000275492668, 0.021331412717700005, 0.007974180392920971, -0.044379107654094696]",
15_1_0_docs_01_app_03_api_reference_03_file_conventions_01_metadata_sitemap_mdx_section_3_code_3,code_snippet,15_1_0_docs_01_app_03_api_reference_03_file_conventions_01_metadata_sitemap_mdx_section_3,"Generating a sitemap using code (.js, .ts) - code_3",,"{'programming_language': 'xml', 'filename': 'acme.com/sitemap.xml', 'switcher': False}",15.1.0,,"<urlset xmlns=""http://www.sitemaps.org/schemas/sitemap/0.9"">
  <url>
    <loc>https://acme.com</loc>
    <lastmod>2023-04-06T15:02:24.021Z</lastmod>
    <changefreq>yearly</changefreq>
    <priority>1</priority>
  </url>
  <url>
    <loc>https://acme.com/about</loc>
    <lastmod>2023-04-06T15:02:24.021Z</lastmod>
    <changefreq>monthly</changefreq>
    <priority>0.8</priority>
  </url>
  <url>
    <loc>https://acme.com/blog</loc>
    <lastmod>2023-04-06T15:02:24.021Z</lastmod>
    <changefreq>weekly</changefreq>
    <priority>0.5</priority>
  </url>
</urlset>
","[(np.int64(277), np.float64(0.12209238111972809)), (np.int64(282), np.float64(0.2553755044937134)), (np.int64(1030), np.float64(0.15985256433486938)), (np.int64(11090), np.float64(0.19238632917404175)), (np.int64(62346), np.float64(0.30107617378234863)), (np.int64(131492), np.float64(0.2944027781486511))]",,"[-0.044194597750902176, -0.013809689320623875, -0.019755663350224495, 0.00606987439095974, -0.016598891466856003, -0.0578615665435791, 0.04864504560828209, 0.0020482116378843784, -0.02158355712890625, 0.051522910594940186, 0.03832154721021652, 0.01241783332079649, -0.005831675138324499, 0.010898794047534466, -0.01475572306662798, 0.013344650156795979, 0.001892975764349103, -0.0158730149269104, 0.007532915566116571, -0.02362438291311264, -0.011165917851030827, -0.009091503918170929, 0.05633220449090004, -0.021388012915849686, -0.00478392792865634, 0.031030403450131416, -0.046876825392246246, -0.006682447623461485, 0.013530160300433636, 0.05771934986114502, -0.0036149367224425077, 0.008987830020487309, 0.07431038469076157, -0.03786046802997589, -0.0355851985514164, -0.038850631564855576, -0.012038463726639748, -0.08172571659088135, -0.06346729397773743, 0.018565194681286812, 0.019755899906158447, -0.024915529415011406, -0.0344013087451458, -0.01348782703280449, 0.028927452862262726, -0.05387213081121445, 0.02487007901072502, -0.03349247947335243, 0.004602563567459583, -0.027418533340096474, -0.026126880198717117, -0.015619748272001743, 0.011087168008089066, -0.03759130463004112, 0.042200855910778046, -0.005662808194756508, -0.06265582889318466, -0.0033994591794908047, -0.06748734414577484, -0.056493885815143585, -0.05109233036637306, -0.01699536107480526, 0.005563917104154825, -0.02261911705136299, 0.0406021885573864, 0.02968253567814827, 0.015311755239963531, -0.01375135313719511, -0.03221612051129341, -0.0531887412071228, 0.014429992996156216, 0.012170368805527687, -0.022737139835953712, -0.052936919033527374, -0.03571852296590805, 0.02362932823598385, 0.026208005845546722, -0.02584793232381344, -0.001639350550249219, -0.00023433480237144977, 0.025489667430520058, 0.006132693029940128, 0.03857963904738426, -0.008506410755217075, 0.02307906560599804, -0.01457170955836773, -0.019922014325857162, 0.07172417640686035, 0.000315551005769521, 0.031743407249450684, -0.009195875376462936, 0.025210248306393623, 0.018402380868792534, -0.015312307514250278, -0.03016393631696701, -0.024442939087748528, -0.004524612333625555, 0.03924742341041565, 0.06923846900463104, -0.007399456109851599, -0.020234202966094017, -0.051392562687397, 0.02355094812810421, -0.00027857936220243573, 0.013466153293848038, 0.00421343045309186, 0.003580763004720211, -0.014174648560583591, -0.007522526662796736, -0.015628566965460777, 0.0013370771193876863, 0.02053201012313366, 0.021980108693242073, 0.007534292992204428, 0.006044219713658094, -0.01881706714630127, 0.0055205002427101135, -0.023236846551299095, -0.014145703986287117, 0.024123385548591614, 0.0246762502938509, 0.012534177862107754, 0.04571306332945824, -0.032978396862745285, 0.0168947521597147, 0.04013108089566231, 0.0014559569535776973, -0.010918284766376019, 0.010324137285351753, -0.00533853005617857, 0.026487020775675774, 0.025234440341591835, -0.019941534847021103, -0.0021089038345962763, -0.01870257593691349, 0.004285776522010565, 0.022472240030765533, 0.016900409013032913, 0.020097292959690094, -0.043977685272693634, 0.06757805496454239, 0.02749234437942505, -0.06637493520975113, -0.006241844967007637, 0.07981611788272858, -0.02253260463476181, 0.009093618020415306, 0.015824783593416214, 0.0036205302458256483, -0.03165636211633682, 0.011027081869542599, 0.008154258131980896, 0.011078786104917526, 0.004858728498220444, -0.0005091482307761908, -0.04173276945948601, -0.013123424723744392, 0.028346965089440346, -0.022245356813073158, -0.026957502588629723, -0.007260003127157688, 0.004242502618581057, -0.04297303408384323, -0.0007320039439946413, 0.04320149123668671, -0.004182280041277409, 0.005748225376009941, 0.019628014415502548, -0.006512160412967205, -0.033321160823106766, 0.028092900291085243, -0.013215054757893085, -0.03145959600806236, 0.02647830918431282, 0.021731700748205185, 0.008915499784052372, 0.09423033893108368, 0.015587261877954006, 0.00720748957246542, -0.0218025092035532, -0.03699241206049919, -0.016300378367304802, -0.027844760566949844, -0.032968565821647644, -0.040073148906230927, -0.02043578214943409, -0.04649893566966057, -0.023049959912896156, -0.009816939011216164, 0.012257121503353119, -0.0025019666645675898, -0.002079077996313572, 0.004885002970695496, 0.01747257262468338, 0.005789879243820906, -0.01903468929231167, 0.00868638139218092, 0.007362624630331993, -0.011529005132615566, -0.04048555716872215, -0.026347137987613678, 0.023089980706572533, -0.0014609902864322066, 0.019155122339725494, -0.03465323522686958, -0.008927726186811924, 0.016053177416324615, -0.02893589809536934, 0.0052584814839065075, -0.04322699457406998, -0.04158762842416763, 0.03197319805622101, -0.0019507318502292037, -0.013321112841367722, -0.02628212422132492, -0.032847341150045395, -0.001540978904813528, 0.024524681270122528, -0.006331000477075577, -0.006510930135846138, -0.039344556629657745, 0.02016514167189598, 0.011207029223442078, -0.02816917560994625, 0.019117027521133423, -0.00589737156406045, 0.015321223065257072, 0.07560774683952332, 0.022705191746354103, -0.05147385969758034, -0.046594128012657166, -0.0059502823278307915, 0.05258511006832123, -0.0029944677371531725, 0.03507787361741066, -0.024367082864046097, -0.031007472425699234, 0.019219182431697845, 0.01990984007716179, -0.0016901660710573196, -0.02226772904396057, -0.02740267664194107, 0.018428297713398933, -0.004072810057550669, -0.02260635420680046, 0.04225199669599533, -0.04393905773758888, 0.050290197134017944, 0.0012155259028077126, -0.01888309419155121, 0.018579212948679924, -0.024033891037106514, -0.07527525722980499, -0.02147124521434307, 0.03877986967563629, 0.007375917863100767, -0.009474490769207478, -0.02685559168457985, -0.0013696769019588828, -0.03197305649518967, 0.0010916360188275576, 0.034092016518116, 0.006752736866474152, 0.04315096139907837, 0.013328840024769306, -0.014912751503288746, -0.003670866833999753, -0.01414400152862072, 0.04243499040603638, 0.06818260252475739, -0.05691966414451599, -0.02304966188967228, 0.027897438034415245, -0.0077727921307086945, -0.039434533566236496, -0.0030754783656448126, -0.021675026044249535, 0.005231511313468218, 0.06690174341201782, -0.0009571699192747474, -0.016191549599170685, 0.030180318281054497, 0.042889077216386795, -0.01018217857927084, 0.024710696190595627, -0.05522027984261513, -0.0015091695822775364, -0.023595822975039482, 0.02623426355421543, -0.04627454653382301, -0.037871964275836945, -0.026148539036512375, 0.06918025016784668, -0.03219939395785332, 0.008853285573422909, -0.0010295575484633446, -0.012305237352848053, -0.19109651446342468, -0.03383368253707886, -0.016671422868967056, 0.036451078951358795, 0.02094610407948494, -0.015367206186056137, -0.02627682127058506, -0.011814949102699757, 0.03509745001792908, 0.034046780318021774, 0.010479342192411423, -0.043177276849746704, -0.036297935992479324, -0.02899634838104248, -0.026225397363305092, -0.020095935091376305, 0.008020260371267796, -0.00023132555361371487, -0.04988102614879608, -0.03687453642487526, -0.06363128125667572, -0.036111753433942795, 0.0417344756424427, 0.005703939124941826, -0.025907352566719055, -0.02558988891541958, 0.04865511879324913, 0.019584443420171738, 0.002889536088332534, 0.010519847273826599, 0.007885114289820194, 0.015806879848241806, -0.00044824767974205315, 0.005879663396626711, 0.06663906574249268, 0.02252591960132122, 0.05501490458846092, -0.003772360971197486, -0.026129283010959625, 0.013929693028330803, 0.02698243036866188, 0.006341480650007725, -0.0013570240698754787, -0.03332129865884781, -0.002554812002927065, -0.013703158125281334, -0.010894041508436203, -0.008073105476796627, -0.036008499562740326, 0.016906343400478363, -0.031339194625616074, 0.01247152965515852, 0.013985872268676758, -0.01459615956991911, -0.05787421762943268, -0.010345601476728916, -0.019183965399861336, 0.03476991876959801, -0.0420437715947628, 0.009163386188447475, 0.005514205899089575, 0.018090443685650826, 0.016216624528169632, -0.04577244445681572, 0.006481983698904514, -0.014395903795957565, 0.015360742807388306, -0.014912485145032406, -0.006460719276219606, -0.02223081886768341, 0.0019028645474463701, 0.012231164611876011, 0.028404004871845245, -0.003911810927093029, -0.0023335074074566364, 0.0696197897195816, -0.00040991391870193183, -0.033092595636844635, 0.007617434952408075, -0.10782759636640549, -0.01004057377576828, 0.018476955592632294, -0.018705999478697777, 0.016739431768655777, -0.04140318185091019, -0.041757602244615555, 0.02506578341126442, -0.010912138037383556, 0.051827218383550644, 0.2823397219181061, -0.009902493096888065, 0.0007654186338186264, -0.008007058873772621, 0.08732376247644424, 0.013149706646800041, 0.017609309405088425, 0.030701126903295517, 0.016077671200037003, -0.017860932275652885, 0.005481775850057602, -0.003922013565897942, -0.016546335071325302, -0.026384972035884857, 0.034497108310461044, -0.0072929044254124165, -0.06348519772291183, 0.02763218618929386, 0.07023508101701736, -0.0292208269238472, 0.006616305094212294, -0.03578418493270874, 0.05136781930923462, 0.042804837226867676, -0.07724621891975403, -0.008100137114524841, 0.004585434682667255, 0.006102720741182566, -0.025522436946630478, 0.0635429322719574, -0.018413012847304344, -0.0009452947997488081, 0.02998422272503376, 0.03587913513183594, -0.001609321334399283, 0.0012358477106317878, 0.024211950600147247, -0.04227448254823685, 0.007478027138859034, 0.041533779352903366, 0.0002506731834728271, -0.006063095293939114, -0.03136150911450386, -0.03174620121717453, -0.027717996388673782, -0.0675090104341507, -0.0018494942924007773, -0.013205314055085182, 0.001646306598559022, -0.03501879423856735, -0.0028981841169297695, -0.015729891136288643, 0.007497218903154135, -0.0036823644768446684, 0.028822096064686775, -0.033227961510419846, -0.007295641582459211, -0.012188462540507317, -0.00982870627194643, 0.04243440926074982, 0.047267187386751175, -0.0007021909113973379, -0.02664077654480934, -0.008120788261294365, -0.024978667497634888, 0.009910618886351585, -0.007110692095011473, 0.025157826021313667, 0.0020633877720683813, 0.035389069467782974, -0.021057406440377235, 0.0022327282931655645, 0.008709217421710491, -0.016952145844697952, 0.016326047480106354, 0.0005129427881911397, 0.048650603741407394, 0.0011073456844314933, -0.026479335501790047, 0.03776733949780464, -0.011222364380955696, -0.01207750290632248, -0.025960158556699753, -0.006337622180581093, 0.025508534163236618, -0.00657454552128911, -0.011194920167326927, 0.045254360884428024, -0.004969315137714148, -0.027880119159817696, -0.025019953027367592, 0.03978201001882553, -0.026613226160407066, 0.039217062294483185, 0.01264997012913227, -0.010016918182373047, 0.02822292037308216, -0.012052129954099655, -0.03858240693807602, 0.04978179186582565, 0.0067832693457603455, -0.026889437809586525, -0.01658337004482746, -0.03202368691563606, 0.0068976180627942085, -0.01629042997956276, -0.0107050072401762, 0.02206636406481266, -0.01598973013460636, 0.025265071541070938, -0.016967616975307465, 0.005146344192326069, 0.014227802865207195, -0.007362937089055777, -0.03415266051888466, 0.05368509888648987, 0.03388889506459236, 0.045923952013254166, 0.0059318882413208485, 0.046548958867788315, -0.012630476616322994, 0.0012055373517796397, 0.004327778238803148, 0.027370793744921684, 0.019425921142101288, -0.017550405114889145, -0.03660419583320618, -0.016317369416356087, -0.04262862727046013, 0.030492734163999557, 0.012047859840095043, -0.026660768315196037, -0.024223577231168747, 0.019674712792038918, 0.013226053677499294, 0.01934060826897621, -0.007603392470628023, 0.019250953570008278, -0.004139713477343321, 0.026017094030976295, -0.045933015644550323, -0.025016440078616142, 0.035745780915021896, -0.005945794750005007, 0.023133613169193268, 0.021440736949443817, 0.023582417517900467, -0.022091174498200417, 0.004762770142406225, 0.02910543978214264, 0.0452534481883049, 0.024216989055275917, 0.018913449719548225, -0.05944842845201492, 0.00311180274002254, -0.006467125378549099, -0.00815136730670929, 0.023174820467829704, -0.030939646065235138, -0.020908134058117867, -0.011477257125079632, 0.02521313726902008, 0.03916945680975914, 0.07713936269283295, 0.005267718806862831, 0.0047205728478729725, 0.005642971955239773, 0.04142998531460762, 0.0023386324755847454, -0.01706000417470932, -0.004388312343508005, 0.01407050620764494, -0.055602818727493286, 0.015356352552771568, -0.001494675176218152, 0.03254758194088936, -0.031007375568151474, 0.015893420204520226, -0.04247768595814705, 0.007074360735714436, 0.025445984676480293, -5.8260266087017953e-05, -0.05145065486431122, -0.02482183836400509, -0.006511686369776726, 0.05691617727279663, 0.0007138256914913654, -0.002026080619543791, 0.03172987699508667, -0.008634167723357677, -0.00639299163594842, 0.1321757733821869, -0.034137073904275894, -0.026771990582346916, 0.0119949234649539, 0.012562579475343227, 0.04368172213435173, 0.02890922874212265, 0.0020849790889769793, -0.01787894032895565, -0.038744326680898666, -4.436038216226734e-05, -0.020162947475910187, 0.031506892293691635, 0.015310412272810936, -0.0021996654104441404, -0.03152453899383545, 0.007791195064783096, -0.0171455517411232, 0.018601877614855766, 0.006032277829945087, 1.251763114851201e-05, 0.004607423208653927, 0.021356794983148575, -0.00036544512840919197, -0.015173518098890781, 0.0211926382035017, 0.017005154862999916, 0.003126669442281127, 0.046999573707580566, -0.05086846277117729, 0.02094760537147522, 0.028889264911413193, -0.03486496955156326, -0.036604564636945724, -0.011623740196228027, 0.017308434471488, 0.0018854500958696008, -0.007084263954311609, 0.0430491603910923, -0.0026223398745059967, 0.00024213003052864224, 0.013822119683027267, -0.0013373112305998802, -0.024676335975527763, 0.009052947163581848, 0.02775511145591736, 0.021758578717708588, 0.0015131959225982428, -0.014548669569194317, 0.024438224732875824, -0.028626859188079834, 0.004838528111577034, 0.003214993979781866, -0.014807179570198059, 0.030020272359251976, -0.04035520181059837, -0.015159830451011658, 0.034463148564100266, -0.010824526660144329, -0.06345759332180023, -0.019443899393081665, 0.015060357749462128, -0.023004010319709778, 0.030099350959062576, -0.02187255583703518, -0.008141851983964443, -0.01269868016242981, -0.06715109944343567, 0.011196405626833439, -0.028835738077759743, 0.010283268056809902, 0.010445281863212585, 0.021929949522018433, -0.03319662809371948, -0.0857032835483551, 0.01691046915948391, -0.01315387338399887, -0.05521545186638832, -0.07639414072036743, -0.01438147109001875, -0.022093534469604492, -0.049422699958086014, -0.013514896854758263, -0.009573902003467083, 0.0044853826984763145, 0.0067146108485758305, 0.009914551861584187, -0.028379665687680244, -0.02586936205625534, -0.0028467094525694847, 0.04115426540374756, 0.0415228046476841, -0.01987360417842865, -0.061007946729660034, -0.017216699197888374, 0.03489326313138008, -0.0385514460504055, 0.007504637818783522, -0.03321833908557892, 0.02892700769007206, -0.013173230923712254, -0.028399204835295677, 0.029692552983760834, -0.010392226278781891, 0.0033440340775996447, -0.028468770906329155, 0.03409380093216896, -0.01259708683937788, 0.03295964002609253, 0.024955760687589645, 0.01849851757287979, 0.0014971327036619186, -0.00352629111148417, -0.027492687106132507, 0.016049662604928017, -0.009499414823949337, -0.02030414529144764, 0.037885431200265884, -0.04783675819635391, -0.02344682067632675, -0.017994260415434837, -0.0011746905511245131, 0.06306344270706177, 0.01885172910988331, -0.020963307470083237, 0.03920992836356163, -0.009499145671725273, 0.003509930334985256, 0.008880026638507843, 0.016326501965522766, -0.011220014654099941, -0.008473857305943966, -0.029563123360276222, -0.011519283056259155, -0.011476296000182629, -0.01186578068882227, -0.02718900516629219, -0.02801753208041191, 0.014299438335001469, -0.029726151376962662, -0.014162863604724407, 0.017365140840411186, -0.07021625339984894, -0.0013423293130472302, -0.02628815546631813, 0.01117750070989132, 0.031883493065834045, 0.018310867249965668, -0.004226896911859512, 0.022678326815366745, 0.006034376565366983, 0.004420713987201452, -0.0426003523170948, 0.012212708592414856, -0.024009015411138535, 0.039955850690603256, -0.02891259267926216, -0.0419132225215435, 0.016576537862420082, 0.020353516563773155, 0.01853145845234394, 0.00630542216822505, -0.05802424997091293, 0.035268403589725494, -0.021752959117293358, -0.01243770681321621, -0.02521786093711853, 0.012415293604135513, 0.03928888961672783, -0.003963368479162455, 0.008996513672173023, 0.03734250366687775, 0.004381648730486631, 0.009366440586745739, 0.0024869143962860107, -0.0017305222572758794, -0.02182852104306221, -0.022871095687150955, -0.007018272764980793, 0.00044504422112368047, 0.044407352805137634, 0.0011204887414351106, 0.005917824804782867, 0.005259429570287466, 0.03119903989136219, 0.006297471467405558, 0.008965009823441505, 0.03430259972810745, -0.02357124350965023, -0.020671145990490913, -0.04374181479215622, -0.02383892424404621, -0.016649508848786354, -0.04005153477191925, 0.035402812063694, -0.014613145962357521, -0.014754476957023144, 0.022912263870239258, 0.09317723661661148, -0.03188583627343178, -0.01854802295565605, -0.007607010193169117, -0.0006962569314055145, -0.16682569682598114, 0.0041633546352386475, -0.037511616945266724, -0.009532811120152473, -0.03728656470775604, 0.012332220561802387, -0.013444121927022934, -0.05176720395684242, 0.029899025335907936, -0.018204456195235252, -0.0114851463586092, -0.004597995895892382, -0.00023496606445405632, 0.0015983824850991368, 0.02544310875236988, 0.052445121109485626, 0.008785891346633434, -0.0023958375677466393, -0.013819362036883831, 0.05103718861937523, 0.020561862736940384, 0.01543782465159893, 0.0443510040640831, -0.004772903863340616, -0.025817623361945152, -0.012572198174893856, -0.021335382014513016, -0.006529869977384806, -0.01016928255558014, 0.00029596174135804176, 0.02179700694978237, 0.007060749921947718, 0.03974267840385437, 0.035646259784698486, 0.009950622916221619, 0.03490867465734482, 0.0012651970610022545, -0.037178244441747665, -0.006264339666813612, 0.02461288683116436, -0.03333781659603119, 0.01701102778315544, -0.008295273408293724, 0.01567647233605385, 0.00797051377594471, 0.0587492436170578, -0.007975607179105282, -0.039072755724191666, -0.012551072053611279, -0.01638854667544365, 0.0193970687687397, 0.0403229184448719, -0.05277730152010918, -0.0046739219687879086, 0.004642896354198456, 0.029088767245411873, 0.02102256566286087, 0.05035370960831642, 0.026528792455792427, 0.02517288736999035, 0.009704075753688812, 0.005360738839954138, -0.02452893741428852, -0.06322994828224182, -0.050104912370443344, 0.054768338799476624, -0.054629527032375336, 0.028273504227399826, 0.023902608081698418, -0.016043996438384056, -0.03439576178789139, -0.026355229318141937, 0.020721962675452232, -0.019231434911489487, 0.027446497231721878, -0.029651569202542305, 0.0013941589277237654, -0.010486442595720291, -0.041013121604919434, -0.006449938751757145, 0.01529571134597063, -0.029528427869081497, -0.025809817016124725, 0.03065880388021469, 0.04427754506468773, 0.025185514241456985, -0.030118506401777267, -0.008734440430998802, -0.015880132094025612, 0.01471789088100195, 0.013929007574915886, -0.04984328895807266, -0.017471205443143845, 0.07273180037736893, 0.005639107897877693, 0.024011986330151558, -0.006156241055577993, -0.012478501535952091, 0.008395633660256863, -0.007918237708508968, -0.02359836921095848, 0.0036215304862707853, 0.011805401183664799, -0.0016713455552235246, -0.019302302971482277, 0.035243939608335495, -0.0300398301333189, 0.011432834900915623, -0.008573913015425205, 0.007868279702961445, -0.03599323704838753, -0.012491509318351746, 0.0006697347271256149, 0.0010911620920524001, -0.04629690200090408, -0.0014641378074884415, 0.012100343592464924, 0.010544105432927608, 0.015627212822437286, -0.027036067098379135, -0.009300418198108673, 0.016380855813622475, 0.0008545360760763288, -0.052000198513269424, 0.03105912357568741, 0.06822500377893448, 0.06520309299230576, 0.06569419801235199, 0.010662715882062912, -0.030682263895869255, 0.005006115883588791, -0.025894131511449814, 0.0359564945101738, -0.00964552816003561, 0.03220067545771599, -0.029625138267874718, -0.02041664533317089, 0.04111955687403679, -0.03504794090986252, -0.027994809672236443, -0.03050927072763443, -0.006079197861254215, 0.028198396787047386, -0.047501515597105026, -0.003709746291860938, -0.03431081026792526, 0.05156392604112625, -0.02282089553773403, 0.027246329933404922, -0.0055356500670313835, 0.0018859965493902564, -0.017396138980984688, -0.0016559037612751126, 0.0486382320523262, -0.028801830485463142, 0.028758715838193893, -0.0009615917806513608, -0.004994154442101717, -0.015428708866238594, 0.03378380835056305, -0.043381527066230774, -0.05656352639198303, -0.03375918045639992, -0.0049943397752940655, 0.03750397264957428, -0.00691551249474287, -0.001944271381944418, -0.015615494921803474, -0.024919705465435982, -0.01213960163295269, 0.0007895803428255022, 0.03956795483827591, -0.019276339560747147, 0.02036871574819088, 0.030389338731765747, 0.008686079643666744, 0.024903664365410805, 0.00898582674562931, 0.017002347856760025, 0.006933075841516256, 0.03236767277121544, 0.033275388181209564, 0.06167101487517357, 0.015626821666955948, 0.007559032179415226, 0.051002394407987595, -0.04193037003278732, -0.018815606832504272, -0.0040336181409657, -0.018395042046904564, -0.02516024187207222, 0.0004106648557353765, -0.004877978935837746, 0.007814852520823479, 0.009176647290587425, 0.004091022536158562, 0.021524060517549515, 0.05119621381163597, -0.003399909706786275, 0.05716748535633087, -0.019591612741351128, -0.02373111993074417, 0.0292951837182045, 0.009811845608055592, 0.008968664333224297, -0.00828556064516306, -0.016838539391756058, -0.011346779763698578, -0.007735010702162981, 0.009517070837318897, 0.002019361825659871, 0.024361981078982353, -0.019503317773342133, 0.055069807916879654, -0.005786187946796417, 0.024195292964577675, 0.025495126843452454, 0.020565519109368324, -0.025189770385622978, 0.0005907851736992598, 0.02690829522907734, 0.04245645925402641, -0.024791881442070007, -0.012694193981587887, -0.03836667537689209, -0.0003733624762389809, -0.018909631296992302, 0.029806530103087425, -0.06080034375190735, 0.005104178562760353, -0.03430352732539177, -0.018225660547614098, 0.00045038812095299363, 0.028234820812940598, 0.06780273467302322, -0.03873688727617264, 0.0016835688147693872, -0.00793555285781622, 0.03798222914338112, -0.02983691543340683, -0.010400567203760147, 0.019846878945827484, -0.016069408506155014, -0.037956129759550095]",
15_1_0_docs_01_app_03_api_reference_03_file_conventions_01_metadata_sitemap_mdx_section_4,section,15_1_0_docs_01_app_03_api_reference_03_file_conventions_01_metadata_sitemap_mdx,sitemap.xml - Image Sitemaps,,{},15.1.0,"You can use `` property to create image sitemaps. Learn more details in the [https://developers.google.com/search/docs/crawling-indexing/sitemaps/image-sitemaps](https://developers.google.com/search/docs/crawling-indexing/sitemaps/image-sitemaps).
Output:
",,"[(np.int64(7), np.float64(0.06097003072500229)), (np.int64(1764), np.float64(0.10110463201999664)), (np.int64(22710), np.float64(0.2236315906047821)), (np.int64(62346), np.float64(0.18850359320640564)), (np.int64(131492), np.float64(0.1768827736377716)), (np.int64(200033), np.float64(0.3124898374080658))]","[-0.0534978024661541, -0.028633425012230873, -0.011075442656874657, 0.06648112833499908, 0.0005143930320627987, -0.034546930342912674, 0.001624508760869503, 0.03760649263858795, -0.018266165629029274, -0.009266822598874569, 0.01639648899435997, 0.027970852330327034, 0.001571820699609816, 0.009233792312443256, -0.00153926236089319, 0.04716569185256958, -0.013627094216644764, 0.02784527838230133, 0.03605794161558151, -0.02566548064351082, -0.01229665707796812, -0.0472089909017086, 0.022511331364512444, -0.018259214237332344, -0.003280380042269826, -0.004629469942301512, -0.011912385933101177, 0.0070528294891119, 0.018885167315602303, -0.007380595430731773, 0.015436054207384586, -0.04076503589749336, 0.05956671014428139, -0.017959196120500565, -0.08808433264493942, -0.07889805734157562, -0.061120498925447464, 0.005679353605955839, -0.027052046731114388, 0.036132439970970154, -0.027340928092598915, 0.025942843407392502, 0.028335968032479286, -0.023511560633778572, -0.02956346794962883, -0.027351878583431244, 0.024087395519018173, -0.0001569944288348779, -0.020587772130966187, -0.0027839418035000563, -0.03432651236653328, 0.04423263296484947, 0.013594076037406921, -0.06471160054206848, -0.0027544249314814806, 0.021876975893974304, -0.06574622541666031, -0.010111858136951923, -0.06255083531141281, -0.024399634450674057, -0.03229740634560585, 0.034726306796073914, -0.05431774631142616, -0.0009331852779723704, 0.012596008367836475, 0.024908162653446198, -0.04132051020860672, 0.020090948790311813, -0.025700965896248817, -0.06283044070005417, 0.0009669932769611478, 0.012101090513169765, -0.06668682396411896, -0.04743374139070511, 0.00779659952968359, 0.02817719057202339, -0.014018061570823193, -0.018078412860631943, -0.0173003152012825, -0.00548079889267683, -0.010263452306389809, -0.01637997105717659, 0.05802539363503456, 0.010557626374065876, -0.0012941850582137704, -0.03871775045990944, -0.0016436477890238166, 0.0008592784288339317, 0.03653167188167572, 0.039652325212955475, 0.008857927285134792, -0.030443893745541573, 0.06088230386376381, -0.03687043488025665, -0.023415304720401764, 0.001319842878729105, -0.0016788459615781903, 0.014834622852504253, 0.0034643574617803097, 0.021166009828448296, -0.007825559005141258, -0.010931420139968395, 0.00712744751945138, 0.02442570962011814, 0.03821578249335289, -0.04280653968453407, -0.02315385825932026, 0.020189281553030014, 0.005789428483694792, -0.020372260361909866, 0.021877039223909378, 0.016229458153247833, 0.03307658061385155, 0.003517840290442109, 0.005493181757628918, 0.009238849394023418, -0.008513926528394222, -0.014426760375499725, -0.021638458594679832, 0.008048102259635925, 0.0325169712305069, 0.011498497799038887, 0.040242455899715424, -0.023325372487306595, 0.007586474064737558, 0.05263446271419525, -0.001744679408147931, 0.020085450261831284, -0.01660182699561119, -0.0115194171667099, 0.020364627242088318, 0.04534946754574776, -0.003331884741783142, -0.02112952247262001, -0.011129106394946575, -0.011072374880313873, 0.03642755374312401, 0.039233747869729996, -0.0453205369412899, -0.058665160089731216, 0.02430325746536255, 0.01597766950726509, 0.01289775874465704, -0.10482477396726608, 0.03672255948185921, -0.0319647379219532, 0.027557391673326492, 0.029381172731518745, 0.005298384465277195, -0.040589526295661926, -0.024252235889434814, 0.005227445624768734, 0.054113082587718964, -0.003942565526813269, 0.04172810539603233, -0.05137842893600464, -0.03215872123837471, 0.010615121573209763, 0.007920772768557072, 0.011966684833168983, -0.009629939682781696, -0.020174462348222733, -0.06045907363295555, 0.03965335339307785, 0.05103849992156029, -0.0163276344537735, 0.008933569304645061, -0.00666505191475153, 0.006874218583106995, -0.05402201786637306, 0.04213930293917656, -0.0077689518220722675, -0.018186792731285095, 0.05989210680127144, 0.04566784203052521, 0.03323325887322426, 0.07687769085168839, 0.016871638596057892, -0.01877713017165661, -0.031219881027936935, -0.06049095094203949, -0.010982965119183064, -0.004207145422697067, -0.02184351533651352, -0.018046382814645767, 0.0013614209601655602, -0.02833666279911995, -0.043148864060640335, 0.015796653926372528, 0.037307169288396835, -0.0055341399274766445, -0.0351332426071167, 0.021939754486083984, -0.010011705569922924, 0.05822324380278587, -0.026774179190397263, 0.014262442477047443, 0.00043023633770644665, 0.008506628684699535, -0.013236388564109802, -0.004816154949367046, 0.005670028273016214, 0.006456838920712471, -0.02295064926147461, 0.014597916044294834, -0.03308097645640373, -0.012485368177294731, -0.08335840702056885, -0.014865296892821789, -0.036725133657455444, 0.005401620175689459, 0.028759729117155075, -0.021347271278500557, -0.038874369114637375, -0.052408598363399506, -0.012860038317739964, -0.02685443125665188, 0.04435737803578377, -0.025592653080821037, -0.04552513360977173, -0.014774499461054802, 0.020016644150018692, 0.03163748234510422, 0.009030827321112156, 0.00044880807399749756, 0.019914153963327408, 0.05852887034416199, -0.004846801981329918, 0.01971627026796341, -0.03333737328648567, -0.0017281994223594666, 0.014606309123337269, -0.00038959633093327284, 0.007992282509803772, 0.020845429971814156, -0.07924743741750717, -0.030133793130517006, 0.008546368218958378, -0.006034206598997116, -0.014175787568092346, -0.025772700086236, 0.043690938502550125, 0.030124329030513763, -0.008260522969067097, -0.019897250458598137, 0.006266637239605188, -0.004530816338956356, 0.06462614983320236, -0.028160298243165016, -0.033740438520908356, 0.014479702338576317, 0.033527739346027374, 0.0019791601225733757, 0.032425083220005035, 0.0037519389297813177, -0.018875055015087128, -0.008739665150642395, -0.00866223219782114, -0.048459358513355255, -0.004338266793638468, 0.016850000247359276, -0.004983415361493826, -0.014266638085246086, 0.008355792611837387, 0.009714420884847641, -0.04300409555435181, -0.020352385938167572, -0.07509069889783859, 0.021443761885166168, 0.00010642056440701708, 0.0024654085282236338, -0.013381650671362877, 0.02547931671142578, -0.013217105530202389, 0.006973373703658581, 0.02586071938276291, -0.054947879165410995, 0.002079826081171632, 0.07408678531646729, 0.035898514091968536, -0.05558204650878906, 0.009854434058070183, 0.05277514457702637, 0.0536569319665432, 0.04161814600229263, -0.01064614299684763, -0.010354110971093178, 0.0007499022176489234, 0.03618833050131798, -0.03683227300643921, -0.028899727389216423, -0.025462787598371506, 0.02690904587507248, -0.006919597275555134, -0.0005663481424562633, 0.005178278312087059, -0.004003381822258234, -0.14884024858474731, -0.05416435748338699, 0.01547599583864212, 0.03431303799152374, 0.026113757863640785, -0.005875404458492994, -0.00983735453337431, -0.03720487281680107, -0.005237427540123463, 0.04897705465555191, -0.03313948214054108, -0.042370740324258804, -0.023717768490314484, -0.04424339905381203, 0.018357712775468826, 0.008533111773431301, -0.0036053305957466364, 0.005687939003109932, -0.02741118147969246, -0.020098509266972542, -0.006765930913388729, -0.024329032748937607, 0.04222992807626724, 0.010023101232945919, 0.019497718662023544, -0.040357645601034164, 0.032048437744379044, 0.03401470556855202, 0.011940737254917622, 0.007574426010251045, 0.020553680136799812, 0.0018833582289516926, 0.001942746457643807, 0.024102816358208656, -0.02203439548611641, 0.023225728422403336, 0.007191983982920647, 0.018133774399757385, 0.021371765062212944, -0.03767108917236328, 0.007738403510302305, 0.025613879784941673, -0.017996229231357574, 0.04095550626516342, 0.015220816247165203, -0.002187123754993081, -0.037712257355451584, -0.03611483424901962, -0.06680846959352493, -0.024939756840467453, 0.02700621448457241, -0.022780990228056908, 0.010417982004582882, -0.004336096812039614, -0.060397084802389145, -0.008565666154026985, -0.01688670925796032, 0.03598586097359657, 0.009405969642102718, 0.011238796636462212, 0.013007665053009987, -0.02047140710055828, -0.0027256289031356573, -0.012422513216733932, 0.005505253095179796, -0.01959221437573433, 0.049744613468647, -0.010846096090972424, 0.01869419403374195, -0.0070317527279257774, 0.02229921892285347, -0.02748759277164936, 0.013502039015293121, 0.01998068206012249, -0.015550952404737473, 0.023135045543313026, 0.00772081920877099, -0.005651222541928291, 0.015339435078203678, -0.07331627607345581, -0.02611692063510418, -0.00023803084332030267, 0.027873903512954712, 0.02242061123251915, -0.03090061992406845, -0.005954186897724867, 0.01096649281680584, -0.0450546070933342, -0.007682686671614647, 0.24291667342185974, 0.0322028324007988, 0.0054828631691634655, -0.015137395821511745, 0.04792644456028938, 0.009068245068192482, -0.009261141531169415, 0.07048499584197998, 0.016885880380868912, -0.020696254447102547, 0.009720096364617348, -0.0037543915677815676, 0.01187703013420105, -0.029759900644421577, 0.04794837906956673, -0.007017786148935556, -0.03573870658874512, -0.011280318722128868, 0.054082587361335754, -0.02710699290037155, -0.02631247416138649, -0.021974587813019753, 0.078762486577034, 0.06329948455095291, -0.03448178246617317, -0.0072959535755217075, 0.00524206692352891, -0.0206927340477705, -0.007303399033844471, 0.026819948107004166, -0.0361577644944191, 0.03565565496683121, 0.07144390046596527, 0.012760202400386333, -0.0359211191534996, -0.012331151403486729, 0.012867380864918232, -0.03475867584347725, -0.032896239310503006, 0.04273991286754608, 0.007702305447310209, -0.023040158674120903, -0.023930400609970093, -0.0037234006449580193, -0.030773377045989037, -0.026990432292222977, 0.06364782899618149, 0.0075427331030368805, 0.005852587521076202, -0.03786527365446091, -0.04333839938044548, -0.06073422357439995, -0.0036019233521074057, -0.025334462523460388, 0.024763941764831543, -0.022131890058517456, 0.014052493497729301, -0.014525036327540874, 0.012949484400451183, 0.033383410423994064, 0.03353428468108177, -0.015843922272324562, -0.03585028648376465, 0.004628420807421207, -0.03514150530099869, 0.024009888991713524, 0.006757265422493219, -0.05082418769598007, 0.035566627979278564, 0.02174128033220768, -0.0030692992731928825, 0.021394135430455208, 0.014282304793596268, -0.020340846851468086, -0.0026192280929535627, 0.004658716730773449, 0.020751986652612686, 0.03278718888759613, -0.022301793098449707, 0.0052629620768129826, -0.015571103431284428, 0.00794272217899561, -0.008477646857500076, 0.0032150037586688995, 0.022915026172995567, 0.005697292275726795, 0.006541000213474035, 0.04898668825626373, 0.003705129725858569, -0.055754613131284714, -0.017207477241754532, 0.010625910945236683, -0.016562379896640778, 0.02951451577246189, -0.025258835405111313, 0.009557677432894707, -0.01856304332613945, -0.04977290704846382, -0.031687792390584946, 0.013896547257900238, 0.002974477596580982, -0.01008970569819212, -0.03108140081167221, -0.009193556383252144, 0.0510336235165596, -0.017143527045845985, 0.05184093117713928, 0.03339386731386185, 0.029312945902347565, -0.004005709663033485, -9.277300705434754e-05, 0.025866646319627762, 0.0029079646337777376, 0.029087889939546585, -0.026133529841899872, 0.022653421387076378, 0.008841747418045998, 0.060639288276433945, 0.016408169642090797, 0.029084304347634315, -0.0061504896730184555, -0.013959976844489574, -0.004447240382432938, -0.02085226960480213, 0.0018720135558396578, -0.02274090051651001, -0.03672827035188675, 0.044537775218486786, -0.019814511761069298, 0.013501239940524101, 0.02926723286509514, -0.029867788776755333, -0.02310946024954319, 0.019531693309545517, 0.04251154512166977, -0.016743529587984085, 0.05721934884786606, 0.007933429442346096, -0.02221164107322693, 0.02222759835422039, -0.06446651369333267, -0.002177935792133212, -0.002539899665862322, -0.003398947650566697, 0.025184258818626404, 0.015243695117533207, -0.020279575139284134, 0.0016317851841449738, 0.007385571021586657, 0.002903441432863474, 0.06225069612264633, 0.022592050954699516, 0.05844719707965851, -0.009720887057483196, 0.021474309265613556, -0.032556865364313126, -0.02664525993168354, 0.018509814515709877, 0.001685654860921204, -0.02548355422914028, -0.015700530260801315, 0.01301692146807909, 0.011541600339114666, 0.05816511809825897, 0.0024319756776094437, 0.012986269779503345, -0.03343678638339043, 0.044706348329782486, -0.03178495541214943, -0.020110877230763435, 0.00842790212482214, -0.045135241001844406, -0.07822144031524658, 0.045850396156311035, -0.007844531908631325, -0.005983319133520126, -0.04113359376788139, -0.008826959878206253, -0.02762424945831299, 0.025036606937646866, 0.010728800669312477, -0.019656656309962273, -0.015959855169057846, -0.020873399451375008, 0.08121717721223831, -0.03541249781847, -0.048394590616226196, -0.021326974034309387, 0.004086028318852186, -0.024113016203045845, -0.012363607063889503, 0.10957062989473343, -0.0018351782346144319, -0.008806809782981873, 0.015296578407287598, 0.0022580104414373636, 0.024136187508702278, 0.00796293094754219, -0.017175018787384033, -0.03254790976643562, -0.0065235113725066185, -0.027903998270630836, -0.027502650395035744, 0.014410571195185184, -0.0069448817521333694, -0.01886836066842079, -0.04886103421449661, 0.025534795597195625, -0.026044487953186035, -0.009663104079663754, -0.04526228830218315, 0.026125261560082436, -0.036367885768413544, 0.008465765044093132, -0.012640564702451229, 0.026498932391405106, 0.026621613651514053, -0.014543194323778152, 0.011529767885804176, -0.01341638620942831, 0.014696172438561916, -0.027669135481119156, -0.022825023159384727, 0.006161040160804987, -0.0008104294538497925, -0.03361961245536804, 0.04025229811668396, -0.02768526040017605, -0.013752620667219162, 0.04535418003797531, -0.0035891744773834944, 0.044464513659477234, -0.02090899646282196, -0.014451439492404461, -0.019964663311839104, -0.02546912617981434, 0.02060014195740223, 0.015624371357262135, 0.025907594710588455, -0.05387520790100098, 0.005757387261837721, -0.013506235554814339, 0.01553274691104889, 0.0633624792098999, 0.0077717299573123455, -0.02084154076874256, -0.008774873800575733, 0.023479193449020386, 0.023073559626936913, -0.04194903373718262, -0.05535201355814934, -0.013252169825136662, -0.00211317022331059, -0.03560034930706024, 0.007020856719464064, -0.016765166074037552, -0.015303349122405052, -0.034578077495098114, -0.06374330818653107, -0.03519493341445923, 0.007229604292660952, 0.026812968775629997, 0.03296355903148651, -0.0023480872623622417, 0.05090441182255745, 0.0029185842722654343, 0.03139599412679672, -0.04227527976036072, -0.03878207132220268, -0.04033074527978897, -0.013914898969233036, 0.004290279932320118, -0.03534786030650139, -0.03071083314716816, 0.021158630028367043, -0.018935492262244225, -0.00798861775547266, 0.02080467902123928, 0.03734619915485382, -0.03472907096147537, -0.030144257470965385, 0.009992310777306557, -0.011486108414828777, 0.0077011194080114365, -0.012766633182764053, 0.02654443494975567, 0.03701077029109001, -0.015371683053672314, 0.0036837230436503887, -0.06255077570676804, 0.01326591894030571, -0.007057930808514357, -0.04194723442196846, 4.747835919260979e-05, 0.010981826111674309, -0.015735896304249763, -0.01631232164800167, 0.04597433656454086, -0.0005558236152864993, 0.012746102176606655, -0.005398789886385202, -0.0023698173463344574, 0.003409845754504204, -0.02322809398174286, -0.019354593008756638, 0.025238800793886185, 0.0020722204353660345, 0.044284623116254807, 0.005765669047832489, -0.033357180655002594, -0.00322857522405684, -0.014910462312400341, 0.001821110025048256, 0.04085249453783035, 0.026571830734610558, -0.027534035965800285, 0.04538543522357941, 0.014701016247272491, 0.03785368427634239, 0.00026663564494811, -0.03571389615535736, 0.0233914814889431, -0.036065731197595596, -0.07444480061531067, -0.014305882155895233, -0.024548446759581566, 0.01507369615137577, -0.011337979696691036, -0.017068449407815933, -0.004155327565968037, -0.008771008811891079, 0.009293892420828342, 0.01567510887980461, -0.013138317503035069, 0.012526902370154858, 0.023957770317792892, 0.028922265395522118, -0.011163365095853806, 0.042984459549188614, 0.07774990051984787, 0.03483344614505768, -0.0037861524615436792, 0.025922603905200958, -0.033690497279167175, 0.02391194924712181, -0.05572046712040901, 0.0005981115973554552, 0.010315574705600739, -0.016890207305550575, -0.005712546408176422, -0.013925502076745033, 0.01913544163107872, -0.026057710871100426, -0.0018058924470096827, 0.03544416278600693, -0.03712031617760658, 0.013564527034759521, -0.03710563853383064, 0.0009100144379772246, 0.02065027877688408, -0.016448313370347023, 0.04258397966623306, 0.04569244384765625, -0.018978102132678032, 0.05143445357680321, 0.03102448210120201, -0.005341538228094578, -0.001234527095220983, -0.03374757245182991, 0.03012854978442192, -0.021539077162742615, -0.02098037116229534, -0.0172986201941967, -0.009129909798502922, -0.017238590866327286, -0.0100817009806633, -0.033915940672159195, 0.002201574156060815, 0.006421263795346022, 0.007796205580234528, 0.005563536658883095, 0.007592368870973587, -0.06607423722743988, 0.018208712339401245, -0.0625825971364975, -0.00787183828651905, -0.004665565211325884, -0.00367018417455256, -0.026463676244020462, 0.05777650699019432, -0.015007304958999157, -0.0387079194188118, 0.0020172654185444117, 0.023525390774011612, -0.1311808079481125, 0.041636452078819275, -0.04704607278108597, 0.025962265208363533, -0.03129957616329193, 0.014052239246666431, -0.016104402020573616, -0.06643003970384598, 0.047448158264160156, -0.03457201272249222, -0.026498518884181976, 0.02250099554657936, 0.007447245065122843, -0.02810155227780342, -0.0015885259490460157, 0.041004814207553864, 0.021511076018214226, -0.029726523905992508, 0.0072291698306798935, 0.03270617127418518, 0.03917304053902626, 0.012453134171664715, 0.026918770745396614, 0.0047313254326581955, -0.049055371433496475, -0.031176738440990448, -0.02851998805999756, 0.011136769317090511, -0.014873347245156765, 0.027792904525995255, -0.01836017519235611, -0.04460931569337845, 0.024379577487707138, 0.04882320016622543, 0.01672261394560337, 0.01334613747894764, 0.030302949249744415, -0.045974574983119965, -0.004882799927145243, 0.03778163343667984, 0.005825076252222061, 0.022330064326524734, -0.028807224705815315, 0.015049675479531288, 0.03185838460922241, -0.0022376454435288906, -0.013706918805837631, -0.021248716861009598, -0.05586220324039459, 0.013853234238922596, 0.002166611375287175, 0.005524520296603441, -0.029384424909949303, 0.012801800854504108, 0.007913926616311073, 0.05684690922498703, -0.04029040411114693, 0.007221183739602566, -0.018228085711598396, 0.003098574234172702, -0.03032509982585907, 0.0066468557342886925, -0.03737214207649231, -0.02111288532614708, -0.01620914414525032, 0.07181940972805023, -0.01912468671798706, 0.00477979751303792, 0.022773489356040955, 0.0005657811416313052, -0.012412683106958866, -0.00544123025611043, 0.00018114996782969683, -0.013699309900403023, 0.029605576768517494, 0.042394496500492096, 0.03771192952990532, 0.026030244305729866, -0.042096734046936035, 0.01409611664712429, 0.011384192854166031, -0.039739519357681274, 0.007669280748814344, 0.02442280761897564, 0.022452831268310547, 0.054280102252960205, 0.011568563058972359, 0.03141595423221588, -0.05077474191784859, -0.001278478535823524, -0.011782729998230934, -0.034368135035037994, 0.03166098892688751, -0.013021583668887615, -0.01076437532901764, 0.02264401689171791, -0.004481696058064699, 0.018298780545592308, 0.008307129144668579, 0.006598216947168112, -0.014882122166454792, -0.010143877938389778, 0.012756208889186382, 0.02601427212357521, -0.04660778120160103, 0.06802082806825638, -0.002829198492690921, 0.03788735717535019, 0.024025488644838333, -0.02685702033340931, -0.060896869748830795, -0.01574399508535862, -0.011085922829806805, -0.03520773723721504, 0.001744922949001193, -0.013894042000174522, 0.06311056017875671, -0.0009379081311635673, 0.024752475321292877, 0.004904893692582846, 0.0014117194805294275, -0.017575273290276527, -0.012626772746443748, -0.024885499849915504, 0.008432076312601566, 0.04598065838217735, 0.043692320585250854, -0.008574125356972218, 0.03438600152730942, -0.006262979470193386, 0.045585740357637405, -0.018561679869890213, 0.036877889186143875, -0.009765607304871082, 0.02726016752421856, -0.06467745453119278, -0.000933365779928863, 0.0464993491768837, -0.07106364518404007, -0.00915045477449894, 0.0077180806547403336, -0.012889960780739784, 0.03241623938083649, -0.054324448108673096, 0.022662455216050148, -0.0483335442841053, 0.02577129751443863, -0.011008250527083874, 0.01969919539988041, -0.015635941177606583, -0.003374809632077813, -0.03866342082619667, -0.014023907482624054, 0.06798499077558517, -0.042688120156526566, 0.008593772538006306, -0.03209344670176506, 0.0035979647655040026, -0.051261190325021744, 0.016446929425001144, 0.009686063975095749, -0.0762476697564125, -0.010402301326394081, -0.05487915873527527, -0.014454328455030918, -0.008424432016909122, -0.011848066933453083, 0.027099473401904106, -0.0015469661448150873, 0.02252618409693241, 0.039958417415618896, 0.034094247967004776, -0.02628965862095356, -0.05602559819817543, 0.059477392584085464, -0.028513995930552483, 0.0027934685349464417, 0.039444588124752045, 0.013830011710524559, 0.00645583588629961, 0.009914861992001534, 0.0003687796415761113, 0.04021458327770233, 0.02526392787694931, 0.0180051326751709, 0.06281235069036484, -0.02372266910970211, 0.015548703260719776, 0.024361910298466682, -0.02240177057683468, -0.012961873784661293, -0.003286448772996664, -0.004443004727363586, -0.01321442611515522, 0.02092512510716915, 0.0028607118874788284, -0.0020722856279462576, 0.016822298988699913, -0.01917100138962269, 0.060939352959394455, -0.026693526655435562, 0.04082512483000755, -0.027020160108804703, -0.03453700616955757, -0.0025800124276429415, 0.011653419584035873, -0.0025104389060288668, 0.03918241336941719, -0.019931074231863022, 0.026393067091703415, -0.005639025010168552, 0.012768063694238663, -0.03104501962661743, 0.07187873870134354, -0.017219463363289833, -0.026870345696806908, 0.018281077966094017, 0.0041491989977657795, 0.018292399123311043, 0.04516695812344551, 0.01868567243218422, -0.0005964878364466131, -0.0329245999455452, -0.0302747655659914, -0.053882963955402374, 0.003949249163269997, -0.007718926295638084, 0.03615402430295944, 0.04388955235481262, -0.019866399466991425, -0.020358582958579063, 0.03301529213786125, 0.022393817082047462, -0.004285559523850679, 0.004200566094368696, -0.04708235710859299, 0.017691608518362045, 0.009161509573459625, -0.016616836190223694, -0.014247909188270569, 0.005873571615666151, -0.021368371322751045, 0.011178156360983849, 0.01092295441776514]",,
15_1_0_docs_01_app_03_api_reference_03_file_conventions_01_metadata_sitemap_mdx_section_4_code_1,code_snippet,15_1_0_docs_01_app_03_api_reference_03_file_conventions_01_metadata_sitemap_mdx_section_4,Image Sitemaps - code_1,,"{'programming_language': 'ts', 'filename': 'app/sitemap.ts', 'switcher': True}",15.1.0,,"import type { MetadataRoute } from 'next'

export default function sitemap(): MetadataRoute.Sitemap {
  return [
    {
      url: 'https://example.com',
      lastModified: '2021-01-01',
      changeFrequency: 'weekly',
      priority: 0.5,
      images: ['https://example.com/image.jpg'],
    },
  ]
}
","[(np.int64(5), np.float64(0.08809924125671387)), (np.int64(64), np.float64(0.11188209801912308)), (np.int64(933), np.float64(0.2666224241256714)), (np.int64(4027), np.float64(0.221479594707489)), (np.int64(11090), np.float64(0.20846214890480042)), (np.int64(61636), np.float64(0.2414492815732956)), (np.int64(62346), np.float64(0.2625124454498291))]",,"[-0.07017598301172256, -0.05340670421719551, 0.013971105217933655, 0.034905947744846344, -0.02447543293237686, 0.0222092904150486, 0.012394707649946213, 0.025156693533062935, -0.006197294685989618, -0.010044274851679802, 0.011596161872148514, 0.027683405205607414, -0.0065894462168216705, 0.009491514414548874, 0.009507725946605206, 0.039870716631412506, -0.012356574647128582, 0.014231963083148003, 0.03351050242781639, -0.04296724125742912, -0.010227877646684647, -0.009427474811673164, 0.014540856704115868, 0.0014558280818164349, -0.024934863671660423, 0.0307508185505867, 0.0361083522439003, -0.004892554134130478, -0.019336329773068428, 0.03180072456598282, 0.003353990614414215, 0.03374741971492767, 0.011193105950951576, -0.016823293641209602, -0.08128160238265991, -0.02603326551616192, -0.015676897019147873, -0.046932023018598557, -0.048686884343624115, 0.047281354665756226, -0.020256759598851204, -0.00473760673776269, 0.010352173820137978, -0.009007614105939865, 0.025951290503144264, -0.04336129128932953, 0.03341638296842575, -0.024549612775444984, 0.004255759529769421, -0.0297872181981802, -0.04571119695901871, 0.02074240706861019, 0.0019129675347357988, -0.022306349128484726, 0.078303761780262, 0.004577942658215761, -0.02615806832909584, -0.04109277203679085, -0.05637574568390846, -0.03903815895318985, -0.009566916152834892, 0.024389611557126045, -0.029415367171168327, 0.030281655490398407, 0.0514327809214592, 0.02038692682981491, -0.00046406526234932244, -0.003292145673185587, -0.020265037193894386, -0.03746229410171509, 0.0017871494637802243, 0.026336215436458588, -0.04547594115138054, -0.05215953662991524, -0.016244513913989067, 0.017811419442296028, -0.009915766306221485, 0.00028720026602968574, 0.030705971643328667, 0.0006573835853487253, 0.0006400609854608774, 0.00023590016644448042, 0.04182181507349014, -0.003948512487113476, 0.007057600189000368, -0.04488014802336693, -0.025837533175945282, 0.05101218819618225, 0.02729775756597519, 0.0356193482875824, -0.015010963194072247, -0.0142515292391181, 0.029313525184988976, -0.0396311916410923, -0.031681593507528305, -0.020290590822696686, -0.0004084832617081702, 0.030343880876898766, 0.03263500705361366, -0.010357203893363476, -0.006223398260772228, -0.007537286262959242, 0.012015470303595066, 0.015945835039019585, 0.05145697668194771, 0.01188172958791256, 0.009158523753285408, -0.02276580035686493, -0.03699047118425369, -0.005879678763449192, 0.010750855319201946, 0.002373558236286044, 0.0064870682545006275, -0.02034168876707554, -0.02245626598596573, -0.03489292785525322, -0.007333302870392799, -0.016953550279140472, 0.014262886717915535, 0.017942192032933235, 0.02859002910554409, 0.004756656475365162, 0.07176819443702698, -0.011552287265658379, -0.017305998131632805, 0.014477651566267014, -0.012364705093204975, 0.029123693704605103, 0.002135605551302433, 0.032224055379629135, -0.011837992817163467, 0.04989142715930939, -0.0003641260555014014, -0.005296371877193451, 0.0015898593701422215, -0.017135489732027054, 0.04027169570326805, 0.020854948088526726, -0.023252198472619057, -0.05137021839618683, 0.015617969445884228, 0.041459228843450546, -0.04555504024028778, -0.05728977173566818, 0.023439332842826843, -0.03414975106716156, -0.009823480620980263, 0.001451795338653028, -0.016487468034029007, -0.03526550158858299, -0.01875968836247921, 0.02974902093410492, 0.05306628346443176, -0.011740700341761112, 0.0070856185629963875, -0.06868888437747955, 0.009055078960955143, -0.025134699419140816, 0.03721877932548523, 0.00923751387745142, -0.006303250323981047, 0.03571286424994469, -0.02666838839650154, 0.026621658354997635, 0.05461924150586128, -0.03409409523010254, 0.015374042093753815, 0.008675936609506607, -0.02434833161532879, -0.06104633957147598, 0.012530853040516376, -0.030684562399983406, 0.010100550949573517, 0.03182843327522278, 0.02361992932856083, 0.01481152605265379, 0.11495613306760788, 0.029935520142316818, 0.03020995482802391, -0.008845592848956585, -0.03527381271123886, 0.014683176763355732, -0.012557093054056168, -0.033122628927230835, -0.047303494065999985, 0.0018636627355590463, -0.024290109053254128, -0.026383480057120323, -0.023722214624285698, 0.020511798560619354, -0.01832185685634613, -0.006715020630508661, 0.03787192702293396, 0.019652286544442177, -0.004514201544225216, 0.00940774381160736, 0.005658453330397606, 0.029908297583460808, -0.014285866171121597, -0.009957018308341503, -0.00495730247348547, -0.006329200696200132, -0.015442832373082638, -0.009211688302457333, 0.0003636885667219758, 0.0009810427436605096, -0.028613576665520668, -0.052197519689798355, -0.02375432848930359, -0.023553473874926567, -0.022118257358670235, -0.01274513453245163, -0.015100535936653614, -0.040786679834127426, -0.05689559131860733, -0.027650807052850723, 0.007317340932786465, -0.00921390950679779, -0.02634197287261486, -0.025755513459444046, 0.00904240645468235, 0.05265618860721588, 0.013825884088873863, -0.034727469086647034, -0.021722106263041496, 0.033633824437856674, 0.015336629934608936, 0.04431087151169777, 0.01766817830502987, 0.0019347253255546093, -0.027112606912851334, 0.016648443415760994, 0.019637135788798332, 0.009357167407870293, 0.06303446739912033, -0.06403032690286636, -0.007175744511187077, -0.029048088937997818, 0.04006257280707359, -0.04688328504562378, -0.061854515224695206, -0.02353118732571602, -0.015866978093981743, -0.009480655193328857, -0.06081569194793701, 0.009390582330524921, -0.02605804242193699, 0.010256253182888031, 0.004788172896951437, -0.009780053980648518, 0.010728880763053894, 0.019341232255101204, -0.04612497612833977, 0.00522766774520278, 0.015642531216144562, 0.01996525563299656, 0.0006956497090868652, -0.032790809869766235, -0.027407987043261528, -0.040896303951740265, 0.015945609658956528, 0.03748022019863129, 0.00454218965023756, 0.03610943630337715, -0.003805990796536207, -0.04315219819545746, -0.01058918982744217, -0.0025467679370194674, 0.020514046773314476, 0.016269506886601448, -0.04425959661602974, -0.003793409327045083, 0.026604637503623962, -0.014621946029365063, 0.0021816962398588657, 0.004889101721346378, -0.05369500443339348, 0.020057886838912964, 0.07595768570899963, 0.019813552498817444, -0.04236247390508652, 0.016010688617825508, 0.03359522297978401, -0.03384363651275635, 0.041257716715335846, -0.06001175567507744, -0.005752616561949253, 0.010097154416143894, 0.011179457418620586, -0.03484930470585823, -0.029275206848978996, 0.030474774539470673, 0.05069330707192421, 0.01832444779574871, 0.012363296002149582, 0.015477429144084454, -0.0026792981661856174, -0.15827231109142303, -0.03651685640215874, -0.00044121139217168093, 0.02799074538052082, 0.003053968073800206, -0.01657111570239067, 0.010618234984576702, -0.04403490945696831, 0.04089893028140068, 0.028538638725876808, -0.0480564720928669, -0.0419691763818264, 0.007820851169526577, -0.05251455307006836, 0.015203080140054226, 0.004115533083677292, 0.02017856389284134, 0.00709722051396966, -0.011024447157979012, -0.03890105336904526, -0.026777377352118492, -0.025052405893802643, 0.027188720181584358, 0.003170578507706523, -0.01940019056200981, -0.03992635756731033, 0.013770858757197857, -0.03780001774430275, -0.010648221708834171, 0.011530434712767601, -0.004138513468205929, -0.02363741770386696, 0.00034013003460131586, 0.005730232689529657, 0.03392690420150757, 0.04307902604341507, 0.006892000790685415, 0.017483334988355637, -0.04506410285830498, 0.010083308443427086, 0.018610533326864243, 0.005065286997705698, -0.01235712319612503, 0.030104124918580055, -0.026997121050953865, 0.005663760472089052, -0.0137604009360075, -0.012960645370185375, -0.031665902584791183, 0.0471435971558094, -0.006017268169671297, -0.018330063670873642, 0.014892518520355225, -0.009871249087154865, -0.0433143675327301, -0.004028694704174995, -0.0008832319872453809, 0.04933939129114151, -0.024874012917280197, -0.003921077121049166, -0.012826040387153625, 0.00480465916916728, 0.025475360453128815, -0.01839521899819374, -0.013440907001495361, -0.011098144575953484, 0.027110664173960686, -0.01834261603653431, -0.0043179127387702465, -0.024905813857913017, 0.015731895342469215, -0.017063910141587257, -0.003258403390645981, 0.028159094974398613, -0.02623082511126995, 0.028452353551983833, -0.015392436645925045, 0.0063352338038384914, 0.038116633892059326, -0.10372571647167206, -0.020927175879478455, -0.0034335169475525618, 0.009027739986777306, 0.031810212880373, -0.023205703124403954, 0.007575868628919125, -0.007940389215946198, -0.01005277968943119, 0.015521842055022717, 0.267803817987442, -0.017190052196383476, -0.01609157957136631, 0.03988010063767433, 0.06215456500649452, 0.003952478989958763, -0.001155434176325798, 0.026620468124747276, 0.03777181729674339, -0.02616773173213005, 0.014926355332136154, 0.037268683314323425, -0.012363108806312084, -0.04775046184659004, 0.022246675565838814, 0.033491309732198715, -0.03942743316292763, 0.028876379132270813, 0.05152767524123192, -0.03968750685453415, 0.0037667008582502604, -0.0193968303501606, -0.008670514449477196, 0.07301367819309235, -0.06539171934127808, 0.00426444923505187, 0.02106587402522564, -0.025667574256658554, -0.007968675345182419, 0.032213736325502396, -0.047182776033878326, -0.016305824741721153, 0.04184577241539955, -0.007261406164616346, -0.034610163420438766, -0.007501363288611174, 0.015913816168904305, -0.04033893346786499, -0.012580369599163532, 0.04621510952711105, -0.004905305802822113, -0.011938539333641529, -0.008405261673033237, 0.02262289449572563, 0.017858361825346947, -0.03671552985906601, 0.022745514288544655, -0.06982868164777756, -0.02037785016000271, -0.021039970219135284, -0.02897081896662712, -0.030729541555047035, -0.02043616585433483, 0.018612468615174294, 0.024410609155893326, -0.029472077265381813, -0.001294551184400916, 0.019430553540587425, 0.007846624590456486, 0.012467451393604279, 0.026018276810646057, 0.007228103931993246, -0.07915010303258896, -0.012084570713341236, -0.019779248163104057, -0.012943347916007042, 0.029816951602697372, 0.005426672752946615, 0.019557932391762733, 0.018061190843582153, -0.033549126237630844, 0.018644489347934723, 0.028544742614030838, -0.012738022021949291, 0.010252653621137142, -0.011228247545659542, 0.003546095686033368, 0.04451213777065277, -0.014699564315378666, 0.017652997747063637, -0.02173411101102829, 0.03349881246685982, -0.03756110370159149, 0.016468560323119164, 0.03317055106163025, -0.021433386951684952, 0.044795408844947815, 0.04190141335129738, -0.02312338352203369, -0.024843277409672737, -0.019849786534905434, -0.02074400521814823, -0.013522415421903133, 0.058138158172369, 0.011410633102059364, 0.004252547863870859, 0.006756551098078489, -0.016407093033194542, -0.026035789400339127, 0.02126018889248371, -0.022885341197252274, 0.01972634717822075, -0.011376001872122288, -0.029018927365541458, 0.011263415217399597, -0.049826789647340775, 0.015328609384596348, 0.006034700199961662, -0.013919084332883358, -0.008890921249985695, -0.055921029299497604, 0.023449312895536423, 0.006701270118355751, -0.008690415881574154, -0.0005427530268207192, 0.026630954816937447, 0.054342735558748245, 0.03174135833978653, -0.005948544945567846, 0.03167290240526199, 0.005034462083131075, -0.02025008574128151, -0.013175391592085361, 0.003121062647551298, 0.013916423544287682, -0.006716693751513958, -0.03548108786344528, -0.007604703772813082, -0.04449709132313728, 0.011246739886701107, 0.016110004857182503, -0.027070924639701843, -0.01973845437169075, 0.015354053117334843, 0.025051424279808998, 0.04543324559926987, 0.0027874698862433434, -0.0026980543043464422, -0.005787425674498081, 0.01458538044244051, -0.058870211243629456, 0.01762048900127411, 0.012789353728294373, 0.0009338769013993442, 0.030473368242383003, 0.027864286676049232, 0.0706925094127655, 0.004588418174535036, -0.003261757316067815, 0.013974356465041637, 0.03698742389678955, 0.0007824016502127051, 0.05430756136775017, -0.021539203822612762, 0.011077532544732094, -0.06769822537899017, -0.016934914514422417, -0.006307199597358704, -0.03956812992691994, -0.02875666134059429, 0.0005096772219985723, -0.020853249356150627, 0.012478100135922432, 0.053758956491947174, 0.01933419145643711, -0.020602835342288017, -0.05046787112951279, 0.03705889731645584, -0.012300611473619938, 0.004720780998468399, -0.00513564795255661, -0.0034801368601620197, -0.07258682698011398, 0.023817332461476326, 0.00790379662066698, -0.004758237395435572, -0.04853705316781998, -0.01724616438150406, -0.039533909410238266, 0.02754243277013302, -0.003253377042710781, 0.018718983978033066, -0.01437002420425415, -0.014729712158441544, 0.028703799471259117, 0.039308831095695496, 0.0010021005291491747, -0.012471572495996952, 0.018422147259116173, -0.002715544542297721, -0.014874906279146671, 0.1372571885585785, -0.019721917808055878, -0.0009323129197582603, 0.04558787867426872, 0.020809680223464966, 0.0258703101426363, 0.01656779833137989, -0.00461909594014287, -0.029705792665481567, 0.0010376933496445417, 0.021674327552318573, -0.026308992877602577, 0.02608521841466427, 0.01719854399561882, -0.01127768587321043, -0.044842708855867386, 0.009843637235462666, -0.03369053080677986, 0.01621522754430771, -0.04922179877758026, 0.01633652299642563, 0.011664610356092453, 0.02679728902876377, -0.007238022051751614, -0.01827239617705345, 0.0587884895503521, -0.008783238008618355, 0.02335435338318348, 0.017858408391475677, 0.02281249687075615, -0.022430799901485443, 0.00647059315815568, -0.018585514277219772, -0.02909894660115242, -0.009561066515743732, 0.04047403484582901, -0.01832902431488037, -0.021623654291033745, 0.05606525018811226, -0.010939844883978367, 0.04774120822548866, 0.03189899027347565, -0.005566104780882597, -0.0023303222842514515, -0.004489213228225708, 0.02215096727013588, 0.008199955336749554, 0.06534366309642792, -0.021144259721040726, -0.02082018554210663, -0.004680030047893524, -0.0258887130767107, 0.02491697296500206, 0.02532573789358139, 0.004352642223238945, -0.010723666287958622, -0.01801344007253647, 0.029817918315529823, -0.016907276585698128, -0.028079254552721977, -0.0038880850188434124, -0.000388691812986508, 0.0026157409884035587, 0.03543846681714058, -0.012285512872040272, 0.015665357932448387, 0.006855346262454987, -0.04873631149530411, -0.008235721848905087, -0.003867893014103174, 0.018799632787704468, 0.02154512144625187, -0.001921817660331726, 0.0066865612752735615, -0.05076316371560097, 0.037875786423683167, -0.04749062657356262, -0.028542522341012955, -0.02760292775928974, 0.0046820007264614105, -0.0003322199045214802, -0.009362069889903069, -0.004215072840452194, 0.007026308216154575, 0.011805843561887741, -0.0011094454675912857, -0.002605768386274576, 0.016595538705587387, -0.02120852842926979, -0.0194809939712286, 0.020419331267476082, 0.04474019631743431, -0.010517992079257965, -0.021234193816781044, 0.029792217537760735, 0.04133029654622078, -0.01038635428994894, 0.018536927178502083, -0.06724771857261658, -0.019078820943832397, -0.023063527420163155, -0.020387858152389526, 0.028507718816399574, 0.004815399181097746, 0.002703122328966856, -0.005373646039515734, 0.0243964996188879, -0.019118186086416245, 0.02812119945883751, 0.005838519427925348, -0.0039442298002541065, -0.0006331268814392388, -0.008776737377047539, -0.03608420491218567, 0.018773725256323814, -0.007051369640976191, 0.04627660661935806, 0.07893870025873184, -0.02907894179224968, 0.002244943054392934, -0.01394946314394474, 0.013833349570631981, 0.04054011404514313, 0.03905095160007477, -0.0601847842335701, 0.05527545139193535, -0.015068448148667812, -0.014255007728934288, -0.02076556906104088, 0.013565943576395512, -0.004082034341990948, -0.034952953457832336, -0.035905830562114716, -0.024368146434426308, 0.0021239949855953455, 0.03830669820308685, 0.03706753998994827, -0.038235194981098175, -0.027557412162423134, -0.01864459179341793, 0.017830051481723785, 0.03041568584740162, -0.009985851123929024, -0.02885441482067108, 0.017912056297063828, -0.004599887877702713, 0.009531217627227306, 0.027081700041890144, 0.027675403282046318, 0.00030226437957026064, -0.022079044952988625, 0.053346142172813416, -0.052556756883859634, 0.025471007451415062, -0.04687222093343735, 0.017208192497491837, 0.0073797255754470825, -0.02522856369614601, -0.015743546187877655, -0.04078304022550583, 0.02761853300035, -0.016501402482390404, -0.05077861249446869, 0.02401721477508545, 0.008606254123151302, -0.03681391477584839, 0.013837737962603569, 0.042483698576688766, 0.03419109433889389, -0.050199445337057114, 0.02855207771062851, 0.04590258002281189, 0.0017942701233550906, 0.026236699894070625, 0.021955762058496475, 0.015061142854392529, -0.05104239284992218, -0.04330703243613243, 0.01179555431008339, -0.016577914357185364, 0.03812286630272865, -0.008267685770988464, -0.004516956862062216, -0.03501883149147034, 0.030719101428985596, -0.028200479224324226, -0.03220522403717041, 0.014294988475739956, -0.03395301103591919, 0.01910495199263096, -0.027097171172499657, -0.051662150770425797, -0.013374313712120056, -0.05475294217467308, 0.04488379508256912, -0.024046435952186584, 0.00444587878882885, -0.021463390439748764, 0.05840130150318146, -0.0294974222779274, -0.03146633505821228, -0.01169536355882883, 0.031162293627858162, -0.15509749948978424, -0.008532018400728703, -0.020695948973298073, 0.04532652720808983, -0.04087354242801666, 0.021729594096541405, 0.018739784136414528, -0.06425785273313522, 0.032648716121912, -0.008993356488645077, -0.03633636608719826, -0.015207715332508087, 0.003059841925278306, -0.01969924010336399, -0.013759620487689972, 0.03629191219806671, 0.01324575673788786, -0.01924031600356102, -0.004304562695324421, 0.016149358823895454, 0.013414167799055576, -0.03113684058189392, 0.08770595490932465, 0.010562795214354992, -0.027899909764528275, -0.04566970840096474, 0.00096979207592085, 0.01999782770872116, 0.007638984359800816, -0.00642344169318676, 0.005513350013643503, -0.00862803217023611, 0.02675865963101387, 0.06346488744020462, -0.02756541408598423, 0.017829332500696182, -0.00022428849479183555, -0.023079071193933487, -0.013351785950362682, 0.04217153415083885, 0.003338030306622386, 0.027192959561944008, -0.011649851687252522, -0.0005317301256582141, -0.01568267121911049, 0.005057572387158871, -0.02532060071825981, -0.032435398548841476, -0.03278302401304245, -0.024825818836688995, 0.005041939672082663, 0.05707434564828873, 0.019535403698682785, -0.014340933412313461, 0.002311092335730791, 0.00996848102658987, 0.009749434888362885, 0.018721815198659897, -0.009914289228618145, 0.007363648619502783, -0.025582769885659218, 0.002517725806683302, -0.03998267278075218, -0.06447982043027878, -0.03593437373638153, 0.02588481642305851, -0.07082933932542801, 0.0720234289765358, 0.027408864349126816, 0.0033843049313873053, -0.04623457044363022, -0.04175881668925285, 0.012168328277766705, -0.010760384611785412, -0.0076657733879983425, 0.009002246893942356, 0.01240523811429739, 0.009347928687930107, -0.05901671573519707, 0.010934109799563885, -0.02571766823530197, -0.03588514402508736, -0.05062663182616234, 0.03986775502562523, 0.04663728550076485, 0.04098983481526375, -0.030535854399204254, 0.008351913653314114, 0.022450106218457222, 0.019025612622499466, -0.023714635521173477, -0.029683368280529976, 0.008902796544134617, 0.02629304863512516, -0.03186015784740448, 0.04325477406382561, -0.04030610993504524, -0.014300760813057423, 0.033393021672964096, -0.004880373831838369, -0.04616875201463699, -0.02955177240073681, 0.035122331231832504, 0.013651189394295216, 0.00771664222702384, 0.064663827419281, 0.003567964071407914, 0.019451942294836044, -0.005331335589289665, -0.024144267663359642, -0.02584376558661461, 0.007099471054971218, -0.007401627022773027, 0.029241442680358887, -0.027403026819229126, 0.004592888988554478, -0.003773415694013238, -0.019552327692508698, -0.021745797246694565, -0.03182290494441986, 0.032509636133909225, 0.0476972833275795, 0.02930322289466858, -0.05101653188467026, 0.006560096517205238, 0.040064845234155655, 0.05229689180850983, 0.00428100535646081, -0.026867635548114777, -0.019805513322353363, -0.009231033734977245, -0.024162476882338524, 0.021349593997001648, 0.005140313878655434, 0.05942075699567795, -0.03594230115413666, -0.046296000480651855, 0.026599666103720665, -0.029946118593215942, -0.010770116932690144, -0.029316632077097893, -0.029055530205368996, 0.023315533995628357, -0.04845397546887398, 0.009253142401576042, 0.006945572793483734, 0.05371638759970665, -0.030713209882378578, 0.02987765334546566, 0.011360407806932926, 0.010544396936893463, -0.006215859204530716, -0.031259071081876755, 0.05367392674088478, -0.03879277780652046, 0.03969905525445938, -0.03003874607384205, -0.020860474556684494, -0.009659954346716404, 0.06231873854994774, -0.014637649990618229, -0.05172096937894821, -0.02560083009302616, -0.004899616353213787, 0.04027176275849342, -0.02452830597758293, -0.004905748646706343, 0.01923440210521221, -0.015304521657526493, 0.008509143255650997, 0.0005573552334681153, 0.027494851499795914, -0.03086077980697155, -0.05266376957297325, 0.03462491184473038, -0.02137141115963459, 0.020334213972091675, -0.030010124668478966, -0.012234683148562908, -0.0004970185691490769, -0.009289341978728771, -0.014065832830965519, 0.042732514441013336, 0.03331414982676506, 0.048493996262550354, 0.04292188584804535, 0.021771462634205818, -0.018900759518146515, 0.024157175794243813, -0.024631114676594734, -0.02713225968182087, -0.00772843137383461, -0.0018479188438504934, -0.016671674326062202, 0.009428557939827442, -0.04759611561894417, 0.0037679774686694145, 0.039265330880880356, -0.028678730130195618, 0.13762731850147247, 0.014558295719325542, -0.008073690347373486, 0.0027247429825365543, -0.01478260662406683, 0.02226215973496437, -0.016037890687584877, -0.010422756895422935, 0.016700219362974167, 0.03658116236329079, 0.021805694326758385, -0.01186462678015232, -0.002915028715506196, -0.052670806646347046, 0.0469699390232563, 0.0204966701567173, -0.006851354148238897, -0.01507042907178402, 0.007997425273060799, 0.019368290901184082, 0.030369866639375687, 0.031729646027088165, 0.007084055338054895, 0.01268982794135809, -0.01513662375509739, -0.021596986800432205, -0.011151500977575779, -0.009961466304957867, 0.012850146740674973, -0.02442629262804985, -0.011954271234571934, -0.04402674734592438, 0.049371715635061264, 0.006438511423766613, 0.017739836126565933, -0.010425333864986897, -0.006021788343787193, 0.011699570342898369, 0.026799215003848076, 0.010958198457956314, -0.006057095248252153, -0.02513568289577961, -0.028344055637717247, -0.024196557700634003, -0.01729215867817402]",
15_1_0_docs_01_app_03_api_reference_03_file_conventions_01_metadata_sitemap_mdx_section_4_code_2,code_snippet,15_1_0_docs_01_app_03_api_reference_03_file_conventions_01_metadata_sitemap_mdx_section_4,Image Sitemaps - code_2,,"{'programming_language': 'xml', 'filename': 'acme.com/sitemap.xml', 'switcher': False}",15.1.0,,"<?xml version=""1.0"" encoding=""UTF-8""?>
<urlset
  xmlns=""http://www.sitemaps.org/schemas/sitemap/0.9""
  xmlns:image=""http://www.google.com/schemas/sitemap-image/1.1""
>
  <url>
    <loc>https://example.com</loc>
    <image:image>
      <image:loc>https://example.com/image.jpg</image:loc>
    </image:image>
    <lastmod>2021-01-01</lastmod>
    <changefreq>weekly</changefreq>
    <priority>0.5</priority>
  </url>
</urlset>
","[(np.int64(277), np.float64(0.12209238111972809)), (np.int64(282), np.float64(0.2553755044937134)), (np.int64(1030), np.float64(0.15985256433486938)), (np.int64(11090), np.float64(0.19238632917404175)), (np.int64(62346), np.float64(0.30107617378234863)), (np.int64(131492), np.float64(0.2944027781486511))]",,"[-0.06834901124238968, -0.020395494997501373, 0.016387291252613068, -0.011452353559434414, -0.014694598503410816, -0.04588267579674721, 0.02962767332792282, 0.0349777415394783, -0.013692367821931839, 0.007902313023805618, 0.02198158949613571, 0.03860710933804512, 0.0014551294734701514, -0.0004675669770222157, -0.018861869350075722, 0.01645807735621929, -0.0011989925988018513, -0.006328785326331854, 0.023667043074965477, -0.036299239844083786, -0.020680200308561325, -0.007732147350907326, 0.03284192085266113, -0.015447958372533321, -0.015758320689201355, 0.042383357882499695, -0.008486384525895119, -0.018954768776893616, 0.00030261557549238205, 0.009206864982843399, 0.0012667463161051273, 0.007862851023674011, 0.08487358689308167, -0.01581491529941559, -0.0645938366651535, -0.05379403755068779, -0.011034431867301464, -0.044051285833120346, -0.04881413280963898, 0.018511177971959114, -0.016237003728747368, -0.011874811723828316, -0.0095443120226264, -0.028675278648734093, 0.015588322654366493, -0.05519511178135872, 0.03545684367418289, -0.021287808194756508, -0.009592106565833092, -0.03303644433617592, -0.03394989296793938, 0.015193377621471882, 0.015382609330117702, -0.04188373684883118, 0.057816825807094574, -0.01909039542078972, -0.056794434785842896, -0.02256900817155838, -0.07357586920261383, -0.03927307203412056, -0.03301307186484337, 0.018859662115573883, -0.030103180557489395, -0.01828635111451149, 0.04008381441235542, 0.018612124025821686, 0.004961042199283838, 0.025084132328629494, -0.04234769940376282, -0.049710728228092194, 0.003603465622290969, 0.029533904045820236, -0.04079917073249817, -0.037143029272556305, -0.017019575461745262, 0.02357548102736473, 0.005307067185640335, -0.006529404316097498, 0.008524485863745213, 0.022657405585050583, 0.026679908856749535, 0.014359647408127785, 0.03562019765377045, 0.012690076604485512, 0.006713773589581251, -0.028958914801478386, -0.015280195511877537, 0.06032038852572441, 0.029812460765242577, 0.019785786047577858, -0.031032387167215347, 0.026046833023428917, 0.008619268424808979, -0.033986546099185944, -0.042028531432151794, -0.02264445275068283, 0.007665245793759823, 0.049110643565654755, 0.04052940756082535, 0.0002993906382471323, 0.01404660940170288, 0.0026703046169131994, 0.026247818022966385, 0.019369203597307205, 0.023997044190764427, -0.0018746178830042481, 0.01611175946891308, 0.0016884172800928354, -0.022181706503033638, -0.024981582537293434, 0.0019731263164430857, 0.00991874374449253, 0.03549329563975334, -0.004919437225908041, -0.00483052060008049, -0.014707501046359539, -2.7166533982381225e-05, -0.025734569877386093, -0.012627738527953625, 0.014018623158335686, 0.03138265758752823, 0.003494891105219722, 0.035832084715366364, -0.041159652173519135, 0.03683905303478241, -0.0008890824392437935, -0.03798995912075043, -0.009015711955726147, 0.019252454861998558, -0.016306227073073387, -0.01958557777106762, 0.02707126922905445, 9.88791580311954e-05, -0.006853881292045116, -0.005146869923919439, -0.0177859328687191, 0.03162025287747383, -0.007716373074799776, -0.010813551023602486, -0.04121026024222374, 0.06154368445277214, -0.005079580936580896, -0.031164437532424927, -0.0388750284910202, 0.07856270670890808, -0.03166352957487106, -0.013122931122779846, 0.028690777719020844, 0.015033025294542313, -0.04667263850569725, -0.00713334558531642, -0.007340805605053902, 0.028161942958831787, -0.004278939682990313, 0.049243681132793427, -0.056437451392412186, -0.025217030197381973, -0.006675179116427898, -0.03134433552622795, -0.008828102611005306, -0.011342940852046013, -0.004674752242863178, -0.02198258601129055, -0.008661902509629726, 0.028756406158208847, -0.04823066294193268, 0.02123938873410225, 0.02289287932217121, -0.0070620025508105755, -0.05613969638943672, 0.018670406192541122, -0.034777723252773285, -0.012016207911074162, 0.020025845617055893, 0.013773201033473015, 0.01383226178586483, 0.07851096987724304, 0.02236836403608322, 0.012044948525726795, -0.01447868999093771, -0.05172764137387276, 0.0034455929417163134, -0.019383935257792473, -0.024599619209766388, -0.0230980534106493, -0.04522518441081047, -0.039635200053453445, -0.03172368183732033, -0.012117586098611355, 0.023059451952576637, 0.006132770795375109, -0.021884135901927948, -0.006125947926193476, -0.008210117928683758, 0.01639343984425068, 0.009902860037982464, 0.02308868058025837, 0.007121424190700054, -0.012299316003918648, -0.028376730158925056, -0.03236837312579155, -0.03068370372056961, -0.02456127293407917, -0.001390312798321247, -0.004663079511374235, -0.031559549272060394, -0.015940623357892036, -0.054552990943193436, -0.0015056126285344362, -0.05152920261025429, -0.027177313342690468, 0.02617281675338745, -0.03403406962752342, -0.03236556798219681, -0.02331553027033806, -0.030273428186774254, -0.014742993749678135, 0.027513209730386734, -0.010008963756263256, -0.005831830203533173, -0.004098648205399513, 0.014583022333681583, 0.01896103471517563, -0.05575716495513916, 0.02409190498292446, 0.011247029528021812, 0.033196400851011276, 0.02568025141954422, 0.0307488851249218, -0.026554878801107407, -0.04536023736000061, 0.008726075291633606, 0.03929673880338669, 0.0011339703341946006, 0.05292876809835434, -0.05435003340244293, -0.025263484567403793, -0.005310205742716789, 0.03382951393723488, -0.01743924617767334, -0.02594708651304245, -0.020280463621020317, -0.0053234645165503025, -0.017919600009918213, -0.06546776741743088, 0.003984305076301098, -0.027304869145154953, 0.017955675721168518, -0.011999531649053097, -0.02896926738321781, 0.02292606420814991, 0.004443527664989233, -0.05988365039229393, 0.024286307394504547, 0.029530078172683716, 0.022360680624842644, -0.0026533552445471287, -0.053305599838495255, -0.01894253119826317, -0.04491554945707321, 0.01945491135120392, 0.021119162440299988, -0.013556655496358871, 0.04321437329053879, 0.021574534475803375, -0.04460570961236954, -0.0082879438996315, -0.004275659564882517, 0.036747045814991, 0.05696236342191696, -0.05949101597070694, -0.017048105597496033, 0.024803029373288155, -0.018876656889915466, -0.016032852232456207, 0.01012172270566225, -0.042548224329948425, 0.025299109518527985, 0.07670238614082336, 0.025182079523801804, -0.040345698595047, 0.0003212415613234043, 0.05375917628407478, -0.020966192707419395, 0.043999332934617996, -0.03115726262331009, -0.018743818625807762, -0.012232753448188305, 0.023681974038481712, -0.022323228418827057, -0.04992280900478363, 0.024480825290083885, 0.042029812932014465, -0.0018152528209611773, 0.01032214518636465, 0.03569510951638222, -0.021431339904665947, -0.18035772442817688, -0.07318129390478134, 0.010250297375023365, 0.024873817339539528, -0.0016166012501344085, -0.02880004048347473, 0.0002780115755740553, -0.015080769546329975, 0.0403154119849205, 0.048795074224472046, 0.01091733854264021, -0.0343315526843071, -0.013233838602900505, -0.0450538694858551, 0.011137849651277065, -0.0005387316341511905, -0.005264348350465298, -0.007399169262498617, -0.025045011192560196, -0.02639582008123398, -0.05478125438094139, -0.019060231745243073, 0.05837448313832283, 0.0029112203046679497, -0.017445029690861702, -0.0602593831717968, 0.030416131019592285, -0.011454847641289234, -0.03650563955307007, 0.007136655505746603, 0.005607481114566326, -0.011737248860299587, -0.00963693205267191, 0.015942461788654327, 0.054608121514320374, 0.025311343371868134, 0.05132151395082474, -0.0050390614196658134, -0.0178898386657238, -0.0048851738683879375, 0.02605040743947029, 0.0151422880589962, -0.0012296478962525725, -0.023766977712512016, -0.004643778316676617, 0.012430643662810326, -0.004169427324086428, -0.03434653952717781, -0.01253484282642603, 0.018264733254909515, -0.050233788788318634, 0.002630852395668626, 0.005565113388001919, -0.01289342436939478, -0.05050138756632805, -0.005026978440582752, -0.02046382986009121, 0.05233157426118851, -0.03359042480587959, 0.002334095072001219, 0.0228092223405838, -0.002844397211447358, 0.034773483872413635, -0.02959839068353176, 0.010187549516558647, -0.045045655220746994, 0.005329253617674112, -0.015821406617760658, -0.003924169111996889, 0.009079741314053535, -0.004406819120049477, -0.006821564398705959, 0.021166885271668434, -0.01746743731200695, 0.007803184445947409, 0.05364383012056351, 0.0011420511873438954, -0.0280128363519907, 0.03890744969248772, -0.12479616701602936, -0.03560676425695419, 0.011748161166906357, -0.018148330971598625, 0.01778332330286503, -0.03663579002022743, -0.015693409368395805, 0.009880381636321545, -0.013772660866379738, 0.011104561388492584, 0.28983938694000244, 0.018427379429340363, 0.017511634156107903, -0.030429350212216377, 0.0762253925204277, -0.007242381572723389, 0.010539405047893524, -6.502974883915158e-06, 0.0232069194316864, -0.049220044165849686, -0.0035444097593426704, 0.0009580374462530017, -0.013093752786517143, -0.019066328182816505, 0.033144738525152206, -0.01686820574104786, -0.027084358036518097, 0.01829059049487114, 0.06917355954647064, -0.03151280805468559, -0.017948221415281296, -0.02349841594696045, 0.015984395518898964, 0.04416951164603233, -0.05210912227630615, -0.016951080411672592, 0.023975512012839317, -0.024462884292006493, 0.00032384294900111854, 0.041076790541410446, -0.03554310277104378, 0.022837912663817406, 0.0402221716940403, 0.06423120945692062, 0.0017095690127462149, -0.0018009517807513475, 0.03405410796403885, -0.042088255286216736, -0.0011498639360070229, 0.025387903675436974, -0.030270284041762352, -0.01726159267127514, -0.006920347921550274, -0.006599722430109978, -0.005097807385027409, -0.04046149179339409, 0.02560150995850563, -0.012553423643112183, 0.01386817917227745, -0.02125990204513073, -0.024879703298211098, -0.04309521242976189, -0.017558926716446877, -0.0072272056713700294, 0.013612022623419762, -0.012516025453805923, -0.029825063422322273, -0.02874433994293213, 0.014469617046415806, 0.04151099920272827, 0.03600098565220833, 0.011815807782113552, -0.05052202567458153, -0.016387270763516426, -0.029121123254299164, 0.010178184136748314, -7.02767792972736e-05, -0.014857381582260132, 0.006591701880097389, 0.005083478521555662, -0.019169200211763382, -0.007186822593212128, 0.024938732385635376, -0.008852718397974968, 0.009734896011650562, -0.005704130977392197, 0.028528612107038498, 0.00026058475486934185, -0.007424877490848303, 0.056292176246643066, -0.013938799500465393, 0.03229684382677078, -0.05755744129419327, -0.010144481435418129, 0.013234931975603104, -0.01781439036130905, 0.010937818326056004, 0.04712981730699539, -0.0023910619784146547, -0.038612741976976395, -0.011331439949572086, 0.033065710216760635, -0.015316847711801529, 0.033031806349754333, 0.008223628625273705, 0.03671041131019592, 0.025779958814382553, -0.0189962238073349, -0.0500677116215229, 0.06634518504142761, -0.015526468865573406, 0.02290394715964794, -0.03407413512468338, -0.043043483048677444, 0.010462638922035694, -0.028799286112189293, -0.004934421740472317, 0.008733680471777916, 0.021789515390992165, 0.0024929670616984367, -0.0303395576775074, 0.01052786037325859, 0.037293512374162674, 0.003930885810405016, -0.04617329686880112, 0.04082484543323517, 0.01871880702674389, 0.02686094120144844, 0.0017419519135728478, 0.05839620530605316, 0.004714067094027996, -0.01597980037331581, 0.0129917673766613, 0.03258099406957626, 0.016952071338891983, 0.0031765312887728214, -0.02257351577281952, 0.00796875637024641, -0.046849604696035385, 0.027474112808704376, 0.005995083600282669, -0.0214480459690094, -0.025215957313776016, 0.025164375081658363, 0.026319755241274834, 0.012552938424050808, 0.0038206311874091625, 0.00821457989513874, -0.014019227586686611, 0.015284932218492031, -0.04285506159067154, -0.012443705461919308, 0.05456770956516266, -0.005417807959020138, 0.034297145903110504, 0.039311133325099945, 0.04057025536894798, -0.03786364942789078, 0.016702329739928246, 0.024957291781902313, 0.012256970629096031, 0.015165560878813267, 0.013540207408368587, -0.014309210702776909, 0.027625029906630516, -0.02611473761498928, -0.018203385174274445, 0.009311513975262642, -0.02975556254386902, -0.036589495837688446, -0.00468409713357687, 0.025371039286255836, 0.030118778347969055, 0.04638184979557991, 0.004076529759913683, 0.020475516095757484, 0.004023288376629353, 0.04233502596616745, -0.005888352170586586, -0.015840474516153336, -0.011164308525621891, 0.007927493192255497, -0.06306873261928558, 0.028159810230135918, -0.0008839841466397047, -0.012795398943126202, -0.055926550179719925, 0.0026533659547567368, -0.04970084875822067, 0.022150399163365364, 0.0003585643135011196, -0.012608545832335949, -0.029447315260767937, -0.015348601154983044, 0.006975439377129078, 0.044705651700496674, -0.005721766036003828, -0.002224087016656995, 0.04729688540101051, -0.013781536370515823, -0.0340399406850338, 0.1418994814157486, -0.04252412170171738, -0.007548108231276274, 0.03502845764160156, 0.016260528936982155, 0.024924462661147118, 0.03883320838212967, -0.0027543155010789633, -0.02179591730237007, -0.03345146030187607, -0.00437062606215477, -0.014642808586359024, 0.021477172151207924, 0.016639575362205505, 0.008134831674396992, -0.027375822886824608, 0.013832191936671734, 0.005872844252735376, 0.013048918917775154, -0.031572602689266205, -0.007680481765419245, 0.011920557357370853, 0.014958390034735203, 0.01240855548530817, -0.007257786113768816, 0.0612039640545845, 0.03337772190570831, -0.0004640054248739034, 0.05246738716959953, 0.004425984341651201, -0.0014428661670535803, 0.03993295133113861, -0.013667563907802105, -0.036313097923994064, -0.01184106431901455, 0.03831210359930992, -0.007427267264574766, -0.010682041756808758, 0.05082080513238907, -0.004433904774487019, 0.027637343853712082, 0.0036328055430203676, 0.011587281711399555, -0.013180275447666645, 0.014623052440583706, 0.04211842641234398, 0.015599273145198822, 0.025861237198114395, -0.023099547252058983, 0.020392294973134995, -0.05427267774939537, 0.024360649287700653, 0.026952698826789856, -0.012701690196990967, 0.03352978825569153, -0.023296214640140533, -0.0067908805795013905, -0.004275332670658827, -0.028810659423470497, -0.059425823390483856, -0.033177588135004044, -0.0008444749400950968, -0.024120979011058807, 0.02717951312661171, -0.027684450149536133, -0.011080832220613956, 0.0014256018912419677, -0.04474916309118271, 0.018139716237783432, -0.02258874662220478, 0.01308395341038704, 0.011130296625196934, 0.03673090785741806, 0.01513484213501215, -0.06918679922819138, -0.009845887310802937, -0.0337812565267086, -0.057695481926202774, -0.05598127841949463, -0.027921488508582115, -0.03009936586022377, -0.0479220487177372, -0.014064214192330837, 0.006298752501606941, 0.023211678490042686, 0.009133522398769855, -0.016407355666160583, -0.0006265350966714323, -0.03271244466304779, -0.03691328689455986, 0.023224469274282455, 0.025589952245354652, 0.005448267329484224, -0.036418620496988297, 0.025688765570521355, 0.017001856118440628, -0.015050023794174194, 0.016544658690690994, -0.04184336215257645, 0.033066313713788986, -0.008836467750370502, -0.0012866316828876734, 0.055369649082422256, 0.021095767617225647, 0.00563374487683177, -0.009597969241440296, 0.0027904927264899015, -0.010220072232186794, 0.02174818143248558, -0.001998280640691519, -0.007380847819149494, -0.007909814827144146, 0.007319641299545765, -0.030173256993293762, 0.021999364718794823, -0.002893170341849327, 0.02498675510287285, 0.04638643562793732, -0.01873675547540188, -0.03981427103281021, -0.05378179997205734, 0.01879735104739666, 0.061681922525167465, -0.019313467666506767, -0.04900337755680084, 0.05724500119686127, 0.013538314960896969, -0.014327351935207844, 0.012990464456379414, 0.002882575150579214, -0.021824749186635017, -0.03760204464197159, -0.04159165918827057, 0.02577185072004795, -0.018923182040452957, 0.011913515627384186, 0.01148687768727541, -0.047225259244441986, -0.0019585764966905117, -0.044424597173929214, 0.005460601765662432, 0.02839086763560772, -0.021307801827788353, 0.00023104930005501956, -0.02956824190914631, 0.001492675975896418, 0.033133089542388916, 0.015779739245772362, 0.009006274864077568, 0.04271857813000679, 0.02886781096458435, -0.006491971667855978, -0.05354561284184456, 0.053001247346401215, -0.02166273258626461, 0.019224943593144417, -0.021234989166259766, -0.03839360177516937, -0.011054091155529022, -0.0006200197385624051, 4.339484803494997e-05, 0.0029190003406256437, -0.04643210023641586, 0.020941028371453285, 0.04357757046818733, 0.007639039773494005, -0.008232294581830502, 0.02216993272304535, 0.032025065273046494, -0.024371212348341942, 0.01891588233411312, -0.0027466786559671164, 0.011295990087091923, -0.002778122667223215, 0.02675388753414154, -0.023212315514683723, -0.01589473895728588, -0.01391119696199894, -0.0014747105306014419, -0.022560440003871918, 0.04007929563522339, 0.029743999242782593, 0.003972878213971853, -0.021789252758026123, 0.034751612693071365, -0.045998040586709976, 0.0023653379175812006, 0.025817617774009705, -0.013961447402834892, -0.002334283199161291, -0.028658531606197357, -0.0353236049413681, -0.016460470855236053, -0.0444427952170372, 0.04295722022652626, -0.019695650786161423, 0.03019890747964382, -0.013292329385876656, 0.0727023258805275, -0.029418522492051125, -0.032162055373191833, 0.012181092984974384, 0.021291490644216537, -0.1506516933441162, 0.0260714590549469, -0.029689084738492966, 0.0003890692023560405, -0.025344546884298325, 0.018376031890511513, -0.020823325961828232, -0.047895222902297974, 0.032277170568704605, -0.025478772819042206, -0.01985790766775608, -0.00769761111587286, 0.03958405554294586, -0.01602807082235813, 0.013395065441727638, 0.05497582629323006, 0.03490925952792168, 0.006944525055587292, -0.012787452898919582, 0.029165690764784813, 0.004461219534277916, -0.0071936557069420815, 0.0337677001953125, 0.013466399163007736, -0.014329320751130581, -0.04115073010325432, -0.009824903681874275, 0.010947015136480331, -0.009760075248777866, 0.02965039759874344, 0.0132319750264287, -0.019600091502070427, 0.014774634502828121, 0.06640208512544632, -0.004625482019037008, 0.015181398019194603, 0.002131590386852622, -0.03754948824644089, -0.004354314878582954, 0.055069535970687866, -0.020138487219810486, 0.002438168041408062, -0.033323436975479126, 0.03873057663440704, 0.026738150045275688, 0.05826720967888832, -0.02363470196723938, -0.0276207122951746, -0.03248388692736626, 0.020315099507570267, 0.003242644015699625, 0.0017678146250545979, -0.0243770033121109, 0.0027708616107702255, 0.000985356280580163, 0.020331939682364464, 0.01920757070183754, 0.029109343886375427, 0.0028407766949385405, -0.0013849948300048709, 0.02408791333436966, 0.038719870150089264, -0.03213893994688988, -0.07274827361106873, -0.044004060328006744, 0.03990410268306732, -0.03985656797885895, 0.029538627713918686, 0.017820337787270546, -0.009498230181634426, -0.035237766802310944, -0.05130751430988312, 0.0025766617618501186, -0.022692173719406128, 0.009719211608171463, 0.006510503590106964, -0.005782495252788067, -0.003359598806127906, -0.015162593685090542, 0.014512456953525543, 0.012948473915457726, -0.05884873494505882, -0.010705161839723587, 0.04109463468194008, 0.045997533947229385, 0.03901075944304466, -0.02357121929526329, 0.020804593339562416, -0.018985027447342873, 0.0013133841566741467, 0.00716799683868885, -0.03604476898908615, -0.006885160692036152, 0.04566894844174385, 0.01724066399037838, 0.017059070989489555, -0.0218802560120821, 0.01421906054019928, 0.026297373697161674, -0.006566382013261318, -0.024300474673509598, 0.005691255908459425, 0.03394601121544838, -0.0012267481070011854, -0.012695902958512306, 0.06314634531736374, -0.005326579790562391, 0.014255794696509838, 0.0010784438345581293, -0.0070603881031274796, -0.02125740610063076, -0.008243488147854805, 0.007022385485470295, 1.0091636795550585e-05, -0.03315379470586777, 0.006950661540031433, -0.0011360067874193192, 0.015217811800539494, -0.010110550560057163, -0.015065617859363556, 0.03302328288555145, -0.012847024016082287, 0.02300645224750042, -0.03285619989037514, 0.03686286136507988, 0.02578875608742237, 0.08407814800739288, 0.04813803732395172, -0.013584581203758717, -0.039539434015750885, -0.008740509860217571, -0.027044493705034256, 0.028683340176939964, -0.010040894150733948, 0.031162789091467857, -0.027412088587880135, -0.0018264802638441324, 0.04157999902963638, -0.05050818249583244, -0.012420684099197388, -0.0157620832324028, -0.028752433136105537, 0.03519855812191963, -0.04799472913146019, 0.023018887266516685, -0.0405215322971344, 0.025461971759796143, -0.01522783748805523, 0.026005716994404793, 0.021350672468543053, 0.011612286791205406, -0.036412086337804794, -0.01536924485117197, 0.05371631681919098, -0.04664288088679314, 0.008807611651718616, -0.01760624721646309, -0.013258090242743492, -0.037187837064266205, 0.030603399500250816, -0.036261506378650665, -0.02521899715065956, -0.04857172071933746, -0.007256145589053631, 0.01679854281246662, 0.03134685754776001, 0.002605095272883773, -0.0037597697228193283, -0.021502552554011345, 0.0038684792816638947, 0.01042796391993761, 0.01090361550450325, -0.04854241758584976, -0.006387937348335981, 0.04898823797702789, 0.010521365329623222, 0.01459757424890995, 0.03142053633928299, -0.0036588856019079685, 0.008437025360763073, 0.039601072669029236, 0.004676410462707281, 0.07867656648159027, 0.004920950159430504, -0.018132958561182022, 0.08026722073554993, -0.029299451038241386, -0.020077913999557495, 0.021214190870523453, -0.04702141508460045, -0.014307206496596336, -0.012817641720175743, 0.0017680468736216426, 0.004219619557261467, 0.020984450355172157, 0.0002448924642521888, 0.0018222270300611854, 0.03905404731631279, -0.028579818084836006, 0.09034404158592224, 0.019475135952234268, -0.0032352018170058727, 0.021607685834169388, -0.004111398942768574, 0.01372046209871769, 0.025777064263820648, -0.003093139501288533, -0.01852610893547535, 0.0217386893928051, 0.015666944906115532, -0.014178537763655186, 0.021504586562514305, -0.015599008649587631, 0.05140812695026398, 0.019125735387206078, 0.035782668739557266, 0.02878994680941105, 0.03404941037297249, 0.012177023105323315, 0.016593698412179947, -0.0056596556678414345, 0.013042639009654522, -0.03419003635644913, -0.01712198555469513, -0.038164172321558, -0.009179082699120045, -0.01294348668307066, 0.011980636976659298, -0.024618182331323624, -0.017403148114681244, -0.024368029087781906, 0.00951257161796093, -0.008867361582815647, 0.007480851840227842, 0.0398014560341835, -0.04024915024638176, -0.009684223681688309, 0.011820090934634209, 0.004740329459309578, -0.018617549911141396, 0.01759944297373295, -0.02037634514272213, -0.012642160058021545, -0.04751143231987953]",
15_1_0_docs_01_app_03_api_reference_03_file_conventions_01_metadata_sitemap_mdx_section_5,section,15_1_0_docs_01_app_03_api_reference_03_file_conventions_01_metadata_sitemap_mdx,sitemap.xml - Video Sitemaps,,{},15.1.0,"You can use `` property to create video sitemaps. Learn more details in the [https://developers.google.com/search/docs/crawling-indexing/sitemaps/video-sitemaps](https://developers.google.com/search/docs/crawling-indexing/sitemaps/video-sitemaps).
Output:
",,"[(np.int64(7), np.float64(0.05048239603638649)), (np.int64(1764), np.float64(0.10113179683685303)), (np.int64(2692), np.float64(0.2160283327102661)), (np.int64(62346), np.float64(0.18559475243091583)), (np.int64(131492), np.float64(0.17412422597408295)), (np.int64(200033), np.float64(0.3120725154876709))]","[-0.04881688207387924, -0.0245676226913929, -0.007752933073788881, 0.0784718245267868, -0.00490048062056303, -0.007889251224696636, -0.0047345650382339954, 0.048276908695697784, -0.04514402896165848, -5.589031570707448e-05, 0.034819383174180984, 0.009943527169525623, 0.01685851439833641, -0.02287263423204422, 0.00012870586942881346, 0.05706088989973068, 0.008283899165689945, 0.016228167340159416, 0.02877173200249672, -0.023702966049313545, -0.015582292340695858, -0.039825063198804855, 0.017003152519464493, -0.009923413395881653, 0.033964212983846664, -0.01361597329378128, -0.009621573612093925, -0.015469915233552456, 0.027281511574983597, -0.030646612867712975, 0.028340773656964302, -0.028152095153927803, 0.02621586248278618, -0.03453496843576431, -0.09652011096477509, -0.07792369276285172, -0.036707982420921326, -0.004760690964758396, -0.02859523706138134, 0.049962546676397324, -0.025717485696077347, 0.02291995845735073, 0.0013119957875460386, -0.01867762766778469, -0.005451808217912912, -0.030996322631835938, -0.011107376776635647, -0.0077505456283688545, 0.01628437265753746, -0.008007111959159374, 0.004663876723498106, 0.03585982695221901, 0.022084137424826622, -0.057152725756168365, 0.009336763061583042, 0.04974258318543434, -0.07899577170610428, -0.013600262813270092, -0.06370056420564651, 0.0035889639984816313, -0.037431441247463226, 0.01928279921412468, -0.025722771883010864, -0.003815039759501815, 0.007968448102474213, 0.041156258434057236, -0.026264091953635216, 0.00673705106601119, -0.014941154979169369, -0.021295683458447456, 0.014745584689080715, 0.026393478736281395, -0.07264303416013718, -0.04222278296947479, 0.007536627352237701, 0.03992566838860512, -0.008655788376927376, -0.009220922365784645, -0.016770143061876297, -0.027208223938941956, -0.004522406496107578, -0.006802274379879236, 0.06893011182546616, 0.029131758958101273, -0.008745318278670311, -0.021851379424333572, 0.0013751608785241842, 0.0019782371819019318, 0.05517834424972534, 0.03436549752950668, 0.011021338403224945, -0.026179706677794456, 0.06608404219150543, -0.038632042706012726, -0.003374208463355899, -0.011674047447741032, 0.007603675592690706, 0.015433837659657001, 0.012789111584424973, -0.002264423994347453, -0.014747891575098038, -0.04392934963107109, -0.0005964200245216489, -0.002631446812301874, 0.04385710507631302, -0.06702990084886551, -0.02799827791750431, 1.0461184501764365e-05, 0.0021539765875786543, -0.005270667374134064, 0.021603191271424294, 0.025241034105420113, 0.01110616885125637, -0.0023032501339912415, -0.0015836389502510428, -0.0025738209951668978, -0.00999523513019085, -0.02845103293657303, -0.011107439175248146, 0.0009763948619365692, 0.036637838929891586, 0.006785127334296703, 0.05872083827853203, -0.022015346214175224, 0.01959218457341194, 0.07894349843263626, -0.007467010524123907, 0.019208433106541634, -0.015515224076807499, 0.013629760593175888, 0.042095303535461426, 0.034703776240348816, -0.0012943486217409372, -0.00341168069280684, -0.02458326146006584, -0.010118491016328335, 0.025377638638019562, 0.040193259716033936, -0.007223373744636774, -0.04903365671634674, 0.04552695155143738, 0.048699233680963516, 0.0045694452710449696, -0.08620260655879974, 0.025262154638767242, -0.03523051738739014, 0.023211095482110977, 0.0546763651072979, 0.004795398563146591, -0.025994766503572464, -0.005844810977578163, 0.005456648766994476, 0.043171729892492294, -0.028177356347441673, 0.05621778964996338, -0.04915738105773926, -0.046750716865062714, 0.021288877353072166, 0.01535931508988142, 0.025384997949004173, 0.01030676532536745, -0.03830193728208542, -0.04243243858218193, 0.03474872559309006, 0.05136210098862648, -0.008790859021246433, 0.009277282282710075, -0.03418862819671631, -0.013981682248413563, -0.03372565284371376, 0.03700970485806465, -0.01680062524974346, -0.008155434392392635, 0.06558918952941895, 0.037125248461961746, 0.032922353595495224, 0.0711560994386673, 0.01428301353007555, 0.001060880022123456, -0.037093713879585266, -0.024539418518543243, -0.016839435324072838, 0.014161694794893265, -0.01249140128493309, -0.01697663962841034, 0.025897439569234848, -0.04775431752204895, -0.02298957109451294, 0.020653387531638145, 0.009684459306299686, -0.014724788255989552, -0.0023411621805280447, 0.04273906722664833, -0.001231350121088326, 0.05429288372397423, -0.057792700827121735, 0.02585875615477562, -0.003058141330257058, -0.02211187034845352, 0.01047653891146183, -0.01866454817354679, -0.005606482736766338, -0.0003465728077571839, -0.019057409837841988, -0.005067025311291218, -0.03234251216053963, -0.00791218038648367, -0.05837278440594673, -0.02063695155084133, -0.018136529251933098, -0.005195205565541983, 0.027571361511945724, -0.027224306017160416, -0.03733500465750694, -0.06753107160329819, -0.008066350594162941, -0.0058821020647883415, 0.028200432658195496, -0.03184746578335762, -0.046418484300374985, -0.009454525075852871, 0.017734874039888382, 0.03686348721385002, 0.0128166563808918, -0.017371203750371933, -0.0024174663703888655, 0.03326099365949631, 0.0012502104509621859, 0.03203561529517174, -0.03938719257712364, 0.0073852259665727615, -0.003474547527730465, -0.010432461276650429, 0.003854978596791625, 0.01753689907491207, -0.0845143273472786, -0.030118105933070183, 0.012198059819638729, 0.0003308738814666867, 0.00856753159314394, -0.027271369472146034, 0.006631364580243826, 0.01935785450041294, -0.015011676587164402, -0.012969864532351494, 0.0006453791866078973, 0.001683482900261879, 0.060746535658836365, -0.04286535084247589, -0.028332995250821114, 0.0029726854991167784, 0.017025383189320564, 0.0002900940307881683, 0.052165258675813675, -0.006861876230686903, -0.01885666511952877, -0.02350127324461937, -0.018948214128613472, -0.05264632776379585, -0.01492492575198412, 0.03679210692644119, 0.014064570888876915, -0.001168086426332593, 0.008952075615525246, 0.018137607723474503, -0.023267202079296112, -0.041864290833473206, -0.06666427105665207, 0.02354012243449688, -0.007483379915356636, 0.023537959903478622, -0.029009316116571426, 0.02470003440976143, -0.005338429007679224, -0.01931721530854702, 0.02406943030655384, -0.039977654814720154, 0.02063739113509655, 0.0726001039147377, 0.02365899085998535, -0.03689113259315491, 0.0036022313870489597, 0.05282391607761383, 0.05938515067100525, 0.03833503648638725, -0.01601453311741352, -0.016315698623657227, 3.648683923529461e-05, 0.02870165929198265, -0.028474897146224976, -0.022569147869944572, -0.02816542610526085, 0.03610221669077873, -0.01285392977297306, -0.0035034846514463425, 0.017084183171391487, -0.018487634137272835, -0.15986977517604828, -0.04157286509871483, 0.018119901418685913, 0.023624055087566376, 0.027914466336369514, -0.002740259515121579, -0.009944066405296326, -0.015954744070768356, -0.004734979942440987, 0.03424762934446335, -0.015224589966237545, -0.03783723711967468, -0.015483294613659382, -0.0319390669465065, 0.014695635996758938, -0.009427106007933617, 0.006043021101504564, -0.021286336705088615, -0.02482110820710659, -0.03468109294772148, -0.02474711835384369, -0.03778716176748276, 0.047152936458587646, 0.019819650799036026, 0.030363179743289948, -0.038615405559539795, 0.04084227234125137, 0.04140131548047066, 0.01648689992725849, 0.006081596948206425, 0.009727360680699348, 0.016432248055934906, 0.007024993188679218, 0.01513548381626606, -0.031982023268938065, 0.014263586141169071, 0.0033020051196217537, 0.013271265663206577, 0.025982705876231194, 0.00303629064001143, 0.03612137585878372, 0.008038918487727642, -0.012928382493555546, 0.02848813869059086, 0.0054115126840770245, -0.03636219725012779, -0.02901519648730755, -0.03413190692663193, -0.06486324965953827, -0.021409912034869194, 0.03760935366153717, -0.017372773960232735, 0.01401073019951582, -0.0025288264732807875, -0.06472040712833405, -0.008157958276569843, -0.011979200877249241, 0.04548085480928421, 0.01597857102751732, 0.014010678045451641, 0.008414870128035545, -0.0050206612795591354, 0.004566391464322805, -0.016525669023394585, -0.005638953763991594, 0.01264494564384222, 0.05584416165947914, -0.020320285111665726, 0.03928452730178833, -0.03736922889947891, 0.0036413625348359346, -0.03146909922361374, 0.03658818081021309, 0.012618583627045155, -0.01701461896300316, 0.0160076767206192, 0.013935696333646774, -0.012978042475879192, 0.01196096558123827, -0.0825859010219574, -0.029203521087765694, 0.005584585014730692, 0.052390504628419876, 0.027914632111787796, -0.017802882939577103, -0.007440007291734219, 0.020277030766010284, -0.014596743509173393, -0.0005081179551780224, 0.22897954285144806, 0.026364309713244438, 0.004102623555809259, 0.004686249885708094, 0.04593809321522713, 0.03139311820268631, -0.028435591608285904, 0.0790698230266571, 0.00463958689942956, -0.03141694888472557, 0.0006618343177251518, -0.009806955233216286, -0.005562936887145042, -0.06274589896202087, 0.03554267808794975, -0.00463608093559742, -0.035950254648923874, -0.017961416393518448, 0.053831376135349274, -0.021106291562318802, -0.008535576984286308, -0.021735025569796562, 0.06622106581926346, 0.05567941442131996, -0.03330021724104881, -0.010171961039304733, 0.009843823499977589, -0.017283648252487183, 0.002606825903058052, 0.036053288727998734, -0.010301800444722176, 0.02907106839120388, 0.058336447924375534, 0.00301404669880867, -0.02394615113735199, -0.010467533953487873, 0.019881578162312508, -0.044052522629499435, -0.02893591672182083, 0.054274506866931915, 0.020648716017603874, -0.00926926452666521, -0.02587437629699707, -0.006610960699617863, -0.0387798473238945, -0.03272180259227753, 0.044306907802820206, 0.020413866266608238, 0.003153935307636857, -0.007084846496582031, -0.02629600651562214, -0.050370946526527405, 0.014700889587402344, -0.04206576943397522, 0.030195947736501694, -0.02423163130879402, 0.026968305930495262, 0.005166362505406141, 0.009852956049144268, 0.029053255915641785, 0.03283518925309181, -0.009397316724061966, -0.019870061427354813, 0.0068916864693164825, -0.04818668216466904, 0.039274539798498154, 0.01511575747281313, -0.04828441143035889, 0.06074327975511551, 0.02858852595090866, 0.004300262313336134, 0.0227336548268795, 0.023621555417776108, -0.04812653362751007, 0.0033187440130859613, -0.01586633361876011, 0.009506689384579659, 0.0024649177212268114, -0.0051080891862511635, 0.02595258317887783, -0.009880832396447659, -0.026412511244416237, -0.0009981452021747828, 0.004593091085553169, 0.0008090317714959383, 0.005429593846201897, 0.013084893114864826, 0.05233348533511162, 0.0029747821390628815, -0.03548050299286842, -0.03413138538599014, 0.01079280860722065, -0.034266576170921326, 0.036737337708473206, -0.021593937650322914, -0.0022285101003944874, -0.04036146029829979, -0.024384817108511925, -0.0228932686150074, 0.030272534117102623, -0.004055715166032314, -0.005178408231586218, -0.004076027311384678, -0.018340380862355232, 0.050968121737241745, -0.02608119696378708, 0.05177508294582367, -0.005104257259517908, 0.012168152257800102, -0.01471809484064579, 0.0012609129771590233, 0.003164137015119195, -0.0128980977460742, -0.002595683326944709, -0.017253192141652107, 0.04175349697470665, 0.019967585802078247, 0.018224122002720833, 0.015898091718554497, 0.008451525121927261, -0.019173044711351395, -0.0012110243551433086, -0.030278541147708893, -0.03173400089144707, 0.002157818991690874, -0.03928964212536812, -0.04649106413125992, 0.048633210361003876, -0.007739019114524126, 0.0010066438699141145, 0.05437695235013962, -0.03131846711039543, 0.006357249803841114, 0.02179195173084736, 0.03284811973571777, -0.012117050588130951, 0.05704057961702347, 0.020617187023162842, -0.020104045048356056, 0.03384765610098839, -0.0477958545088768, 0.005122336093336344, -0.01853843592107296, 0.00735453050583601, 0.02560610882937908, -0.0035344392526894808, -0.04236341267824173, -0.011897792108356953, -0.008098564110696316, 0.024797635152935982, 0.06537725776433945, 0.032037634402513504, 0.0461784265935421, 0.0029201223514974117, 0.028702180832624435, -0.029256392270326614, -0.029091816395521164, 0.01649356447160244, -0.009897345677018166, -0.020961619913578033, 0.0049734232015907764, 0.015196327120065689, 0.024075947701931, 0.05471634119749069, -0.013631079345941544, 0.00975705310702324, -0.01153492834419012, 0.03367159515619278, -0.033976320177316666, -0.009011383168399334, 0.010703126899898052, -0.0559738427400589, -0.06339629739522934, 0.04700521007180214, -0.017651209607720375, 0.009817000478506088, -0.0470440499484539, -0.019261596724390984, -0.042683377861976624, 0.01787634752690792, 0.020200954750180244, -0.028926774859428406, -0.001793926116079092, -0.04102000966668129, 0.04908966273069382, -0.04663844034075737, -0.022794850170612335, -0.017764845862984657, 0.019046595320105553, -0.019366545602679253, -0.02466738410294056, 0.09832677245140076, -0.014119934290647507, -0.015020514838397503, 0.009492178447544575, 0.015209210105240345, 0.03077832981944084, 0.023170078173279762, -0.00940011627972126, -0.01284138672053814, -0.008528455160558224, -0.0353112556040287, -0.00014680132153443992, 0.008358579128980637, 0.014320594258606434, -0.00579034211114049, -0.05549308657646179, 0.03603756055235863, -0.026431314647197723, 0.0014490006724372506, -0.023712316527962685, 0.03859196975827217, -0.04048757627606392, 0.0250807236880064, 0.008478076197206974, 0.017730312421917915, 0.04047197476029396, -0.0010178741067647934, 0.0075223203748464584, -0.014756347984075546, 0.006793071981519461, -0.023234650492668152, -0.04282107576727867, 0.021516282111406326, -0.01232291292399168, -0.031723424792289734, 0.05235135555267334, -0.021699337288737297, 0.0006862719310447574, 0.0434829443693161, -0.0025270592886954546, 0.0498042106628418, -0.03969297930598259, -0.012184681370854378, -0.04471303150057793, -0.02355281263589859, 0.011716628447175026, 0.018416916951537132, -0.013629329390823841, -0.06896347552537918, 0.03634641319513321, -0.016040591523051262, 0.008681418374180794, 0.055577151477336884, 0.021259427070617676, -0.00961360614746809, -0.024212397634983063, 0.0027358923107385635, 0.019104009494185448, -0.041209638118743896, -0.02755032666027546, -0.0020317784510552883, 0.008548324927687645, -0.03539301082491875, 0.008524849079549313, -0.012040830217301846, -0.04429331049323082, 0.0005572553491219878, -0.058247290551662445, -0.025815686210989952, -0.0032551023177802563, 0.029496293514966965, 0.022044720128178596, -0.005260281264781952, 0.01857859268784523, -0.0097640510648489, 0.03675979748368263, -0.04665405675768852, -0.0352950394153595, -0.05886964499950409, 0.005049745086580515, 0.031313855201005936, -0.027508767321705818, -0.019349003210663795, 0.039826326072216034, 0.011965871788561344, -0.025189567357301712, 0.0016531861620023847, 0.02677980810403824, -0.055248625576496124, -0.03805626183748245, -0.006602822337299585, -0.01810482144355774, 0.01693555898964405, -0.015751522034406662, 0.016505936160683632, 0.020451676100492477, -0.029864409938454628, 0.02222566120326519, -0.07156994193792343, 0.008478512056171894, 0.006748293060809374, -0.05033552646636963, 0.007810155861079693, -0.002499912865459919, -0.01171666570007801, -0.025168808177113533, 0.06598994880914688, 0.0021083825267851353, -0.01200562622398138, 0.009362190961837769, 0.0027610776014626026, 0.015516158193349838, -0.04030788317322731, 0.019322102889418602, 0.021758003160357475, -0.0035005933605134487, 0.026368776336312294, 0.010365494526922703, -0.011329351924359798, 0.00932661909610033, -0.014971918426454067, -0.011246654205024242, 0.05391344428062439, 0.03887113928794861, -0.00033715993049554527, 0.05998038128018379, 0.005644890479743481, 0.02223072201013565, 0.002559565706178546, -0.03699512779712677, 0.014787638559937477, -0.009154687635600567, -0.057919662445783615, -0.03331994265317917, -0.022979576140642166, 0.024071943014860153, -0.02474401891231537, -0.050534699112176895, -0.011133067309856415, -0.023865630850195885, 0.006137341260910034, -0.014957219362258911, -0.019052617251873016, 0.0019635155331343412, 0.012372561730444431, 0.04528970271348953, -0.013385151512920856, 0.048482805490493774, 0.045849889516830444, 0.031103281304240227, -0.012476484291255474, 0.02750835195183754, -0.04830170050263405, 0.023567765951156616, -0.03737880289554596, -0.01703808084130287, -0.010610394179821014, -0.01311812736093998, -0.006173883099108934, 0.0006536315195262432, 0.016232414171099663, -0.034275319427251816, 0.0030768236611038446, 0.028107522055506706, -0.05198170989751816, 0.004668158944696188, -0.03397314250469208, -0.0013496273895725608, 0.03432220220565796, -0.01113172434270382, 0.029622672125697136, 0.01834368333220482, -0.02002880908548832, 0.054417934268713, 0.03276439756155014, 0.023425007238984108, 0.003806917229667306, -0.021682024002075195, 0.022754544392228127, -0.01596415787935257, -0.013300268910825253, -0.04272857680916786, 0.0030929450877010822, -0.010808251798152924, -0.002533040940761566, -0.009990776889026165, -0.003852281952276826, 0.013824636116623878, 0.020421365275979042, -0.004067286383360624, -0.0009614080190658569, -0.027841541916131973, 0.01587963104248047, -0.04125189036130905, -0.02632412686944008, -0.023129187524318695, -0.014405034482479095, -0.04495184123516083, 0.06450890004634857, -0.017246553674340248, -0.03168494999408722, 0.008991934359073639, 0.014949644915759563, -0.13686354458332062, 0.05102330073714256, -0.051367975771427155, 0.011294336058199406, -0.03190537542104721, 0.017382245510816574, -0.03382425382733345, -0.07646219432353973, 0.00992797501385212, -0.005956421140581369, -0.029671208932995796, 0.022088589146733284, 0.01128973625600338, -0.029942890629172325, -0.019449036568403244, 0.02251042053103447, -0.009907200001180172, -0.0355745367705822, -0.006415080279111862, 0.024605153128504753, 0.0391843318939209, 0.0034132192377001047, 0.024963123723864555, -0.017121389508247375, -0.038833484053611755, -0.007717747241258621, -0.02210264280438423, 0.0059820436872541904, -0.00024133412807714194, 0.015032250434160233, -0.0074655720964074135, -0.053672000765800476, 0.035029515624046326, 0.039325911551713943, 0.016761450096964836, 0.032347653061151505, 0.047692835330963135, -0.048060499131679535, -0.0014301626943051815, 0.03855220228433609, 0.004924549721181393, 0.018899451941251755, -0.009530709125101566, -0.007156811188906431, 0.046436481177806854, -0.014695298857986927, -0.01656693033874035, -0.034987255930900574, -0.056617699563503265, 0.02704041637480259, 0.008693750947713852, 0.011803926900029182, -0.00990927591919899, 0.012589335441589355, 0.0007798979640938342, 0.049111682921648026, -0.04961381107568741, 0.0016067997785285115, -0.027349382638931274, 0.004452574998140335, -0.04198684170842171, 0.014044846408069134, -0.034603942185640335, -0.012984488159418106, -0.020102452486753464, 0.06556881219148636, -0.022272692993283272, -0.012738529592752457, 0.006309436168521643, 0.009900391101837158, -0.013580260798335075, 0.007567169610410929, -0.021431827917695045, 0.011678081937134266, 0.01791749708354473, 0.042459744960069656, 0.032314520329236984, 0.043025050312280655, -0.04754038527607918, 0.00029123900458216667, -0.0027814337518066168, -0.04517544060945511, 0.004728608764708042, 0.036504969000816345, 0.04011421278119087, 0.048666492104530334, 0.03327007219195366, 0.03169262036681175, -0.05758816376328468, -0.018025876954197884, -0.02190578356385231, -0.03094412572681904, -0.013954807072877884, -0.0007185036083683372, -0.002421218901872635, 0.013565042987465858, 0.004012798424810171, 0.03053002804517746, -0.0063641006126999855, -0.006458112504333258, -0.019914187490940094, -0.010183760896325111, -0.003515987889841199, 0.0102393114939332, -0.009393486194312572, 0.03620516136288643, 0.025098692625761032, 0.022634128108620644, 0.01964305154979229, -0.02324274182319641, -0.08971168845891953, -0.026816535741090775, -0.031537897884845734, -0.03636384382843971, -0.047109223902225494, -0.02132735773921013, 0.06143423914909363, -0.024497538805007935, 0.032231710851192474, 0.02435936965048313, 0.0016431276453658938, -0.012461721897125244, -0.006252579391002655, -0.025196220725774765, 0.005346100311726332, 0.03179332613945007, 0.018349377438426018, 0.0033344505354762077, 0.014759519137442112, -0.007586273830384016, 0.02230352908372879, -0.0018504139734432101, 0.04669532552361488, -0.007867530919611454, 0.010583545081317425, -0.06635711342096329, 0.0048219445161521435, 0.04734134301543236, -0.06876552104949951, -0.025381090119481087, -0.024982396513223648, 0.0036537237465381622, 0.007716383785009384, -0.058665819466114044, 0.022077513858675957, -0.016130799427628517, 0.03640161454677582, -0.0013129530707374215, 0.010404353030025959, -0.04411269351840019, 0.016363508999347687, -0.003073560306802392, -0.02127586491405964, 0.07016746699810028, -0.0195241067558527, 0.01436340156942606, -0.065442755818367, -0.0005027613369747996, -0.06615510582923889, -0.010596634820103645, 0.021343523636460304, -0.0806472897529602, 0.009467286989092827, -0.02706833928823471, -0.0173458531498909, -0.01805391162633896, -0.007081450428813696, 0.028483668342232704, -0.0009563190978951752, 0.03432654216885567, 0.013546988368034363, 0.051341354846954346, -0.009538557380437851, -0.05342824384570122, 0.06471274793148041, -0.020251993089914322, 0.00951414555311203, 0.03873859718441963, 0.03510073944926262, 0.01727791503071785, 0.01033964566886425, 0.01828213594853878, 0.007752959616482258, 0.0039594899863004684, 0.008821940049529076, 0.06960946321487427, -0.03011712245643139, 0.017788255587220192, 0.004790648352354765, -0.0013763797469437122, -0.017784589901566505, -0.0013922826619818807, -1.3721466530114412e-05, -0.031255774199962616, 0.011205753311514854, 0.01512861717492342, -0.011739995330572128, 0.01075601577758789, -0.004916432313621044, 0.06758612394332886, -0.02242628112435341, 0.02051737532019615, -0.03266560286283493, -0.013799494132399559, -0.020031210035085678, 0.009917677380144596, -0.008673450909554958, 0.029468391090631485, -0.01190123986452818, 0.02864149771630764, 0.01583811081945896, 0.02417725697159767, -0.018464574590325356, 0.04774828627705574, -0.03245355933904648, -0.05960741266608238, 0.0047065988183021545, 0.014916947111487389, -0.008464200422167778, 0.009598400443792343, 0.016386665403842926, 0.02536187879741192, -0.02162533439695835, -0.036115191876888275, -0.04309764504432678, -0.015012936666607857, 0.013712754473090172, 0.02853992022573948, 0.05789261311292648, -0.021912401542067528, -0.025014253333210945, 0.04694625735282898, 0.01200301293283701, 0.014214694499969482, 0.0011777948820963502, -0.031840451061725616, 0.01083153486251831, 0.001349146361462772, -0.009275835007429123, -0.009837302379310131, 0.0008310230914503336, -0.012563404627144337, 0.025845469906926155, 0.009050490334630013]",,
15_1_0_docs_01_app_03_api_reference_03_file_conventions_01_metadata_sitemap_mdx_section_5_code_1,code_snippet,15_1_0_docs_01_app_03_api_reference_03_file_conventions_01_metadata_sitemap_mdx_section_5,Video Sitemaps - code_1,,"{'programming_language': 'ts', 'filename': 'app/sitemap.ts', 'switcher': True}",15.1.0,,"import type { MetadataRoute } from 'next'

export default function sitemap(): MetadataRoute.Sitemap {
  return [
    {
      url: 'https://example.com',
      lastModified: '2021-01-01',
      changeFrequency: 'weekly',
      priority: 0.5,
      videos: [
        {
          title: 'example',
          thumbnail_loc: 'https://example.com/image.jpg',
          description: 'this is the description',
        },
      ],
    },
  ]
}
","[(np.int64(5), np.float64(0.08809924125671387)), (np.int64(64), np.float64(0.11188209801912308)), (np.int64(933), np.float64(0.2666224241256714)), (np.int64(4027), np.float64(0.221479594707489)), (np.int64(11090), np.float64(0.20846214890480042)), (np.int64(61636), np.float64(0.2414492815732956)), (np.int64(62346), np.float64(0.2625124454498291))]",,"[-0.07050830870866776, -0.06117875501513481, 0.020203402265906334, 0.03692341968417168, -0.02570660039782524, 0.027612043544650078, 0.01697857305407524, 0.03207436576485634, -0.020913904532790184, -0.00034509992110542953, 0.02348070777952671, 0.009919495321810246, -0.000740291376132518, -0.004278677050024271, 0.013556471094489098, 0.04389743506908417, -0.0010600240202620625, 0.012204895727336407, 0.03168780356645584, -0.054552361369132996, -0.01109495759010315, -0.014559097588062286, 0.016311626881361008, 0.004440240561962128, -0.010727668181061745, 0.026363752782344818, 0.04986974596977234, -0.009783469140529633, -0.02294427528977394, 0.014647921547293663, 0.005677638575434685, 0.03063466213643551, -0.003920983988791704, -0.01478472538292408, -0.0806177407503128, -0.03500249981880188, 0.00021707025007344782, -0.04731420800089836, -0.04829391464591026, 0.047938428819179535, -0.013420714996755123, -0.013106515631079674, -0.0003834841481875628, -0.004436004441231489, 0.0334709994494915, -0.04568452760577202, 0.0166300218552351, -0.03080921433866024, 0.022388188168406487, -0.030344119295477867, -0.02343326061964035, 0.004628855735063553, 0.008389882743358612, -0.015970563516020775, 0.07846709340810776, 0.01565752923488617, -0.03082001768052578, -0.035823531448841095, -0.059394992887973785, -0.019262416288256645, -0.020170362666249275, 0.008480566553771496, -0.0324227400124073, 0.025836681947112083, 0.04740527644753456, 0.02985066920518875, 0.0015081674791872501, -0.011116680689156055, -0.01682998426258564, -0.01729639060795307, 0.007982729934155941, 0.039569053798913956, -0.05371767282485962, -0.05848550796508789, -0.015904439613223076, 0.034334730356931686, -0.01567084714770317, -0.006457993760704994, 0.022096261382102966, -0.003293403657153249, -0.002314219484105706, 0.00865505263209343, 0.041682906448841095, 0.004964502993971109, -0.004879793617874384, -0.03583919256925583, -0.021146897226572037, 0.05549704656004906, 0.04000169783830643, 0.03304721415042877, -0.011787167750298977, -0.015680557116866112, 0.030500518158078194, -0.03328116238117218, -0.022320866584777832, -0.03507084771990776, -0.014641874469816685, 0.012891176156699657, 0.02943013422191143, -0.02092600055038929, -0.024143598973751068, -0.014375574886798859, 0.0173635371029377, 0.004317441023886204, 0.05042096972465515, -0.003163376357406378, 0.013006134890019894, -0.034873466938734055, -0.03435768932104111, 0.0004686106403823942, 0.011498382315039635, 0.009706075303256512, -0.0008604506147094071, -0.027300583198666573, -0.026822924613952637, -0.03439348191022873, -0.007787306793034077, -0.01663469895720482, 0.02757338248193264, 0.01824800670146942, 0.029428863897919655, 0.0033663164358586073, 0.06303832679986954, -0.014025227166712284, -0.0020620999857783318, 0.023304972797632217, -0.01306241936981678, 0.029526203870773315, 0.0117527199909091, 0.03539962321519852, 0.003915431909263134, 0.04783345386385918, 0.006279223598539829, 0.00263313390314579, -0.009400242008268833, -0.018126564100384712, 0.04640994593501091, 0.019795062020421028, -0.006671317387372255, -0.05236370116472244, 0.023386763408780098, 0.057650383561849594, -0.05564366281032562, -0.053860362619161606, 0.023516662418842316, -0.04290153086185455, -0.019068492576479912, 0.013512298464775085, -0.016606945544481277, -0.03349343314766884, -0.0043624225072562695, 0.0485239140689373, 0.03497118502855301, -0.021315639838576317, 0.01168788317590952, -0.06685519218444824, 0.008102074265480042, -0.020759129896759987, 0.04483309015631676, 0.02178160659968853, 0.002846949966624379, 0.02500166930258274, -0.008607635274529457, 0.01250635925680399, 0.05616230517625809, -0.026062635704874992, 0.018049312755465508, -0.002141381613910198, -0.026375381276011467, -0.05523022636771202, -0.002927828812971711, -0.02347201108932495, 0.029058687388896942, 0.04748910665512085, 0.026180347427725792, 0.011274212040007114, 0.10479752719402313, 0.026823706924915314, 0.03656060993671417, -0.007079532835632563, -0.02122495509684086, 0.02146085537970066, 0.0003911724197678268, -0.022882433608174324, -0.05310852453112602, 0.01103676576167345, -0.03484205901622772, -0.018975337967276573, -0.018531901761889458, 0.015217702835798264, -0.023405475541949272, 0.01152936089783907, 0.06812456250190735, 0.020637886598706245, -0.00974926259368658, -0.0022521137725561857, 0.024058135226368904, 0.012925781309604645, -0.03487730771303177, -0.011226764880120754, -0.0048929378390312195, -0.01929287053644657, -0.01561294961720705, -0.009360854513943195, -0.002585383364930749, -0.005109100602567196, -0.0329887717962265, -0.03760282322764397, -0.03595414385199547, -0.02140066772699356, -0.028998060151934624, -0.002985707949846983, -0.019728681072592735, -0.03869408741593361, -0.07487361133098602, -0.02905019372701645, 0.014100207947194576, -0.016630731523036957, -0.030537893995642662, -0.025060312822461128, 0.003737779101356864, 0.04039652273058891, 0.003957503475248814, -0.02410806342959404, -0.026098165661096573, 0.024511370807886124, 0.005270662717521191, 0.03759853169322014, 0.027841202914714813, 0.001250122906640172, -0.0209492240101099, 0.00890140701085329, 0.012752369977533817, 0.00755009800195694, 0.07069685310125351, -0.07492683827877045, -0.006749395281076431, -0.030778657644987106, 0.05055765435099602, -0.03568460792303085, -0.06265236437320709, -0.044464826583862305, -0.01926223374903202, -0.011543984524905682, -0.05483236163854599, -0.011116325855255127, -0.018183434382081032, 0.012979003600776196, -0.006753579713404179, -0.0031044729985296726, 0.0027146025095134974, 0.0252844225615263, -0.04205929860472679, 0.017691491171717644, 0.004449792671948671, 0.025879081338644028, -0.004825365263968706, -0.033658549189567566, -0.04203937202692032, -0.03987724706530571, 0.02058674395084381, 0.03649188205599785, 0.012511109933257103, 0.04040912538766861, -0.0031166032422333956, -0.038692861795425415, -0.012761060148477554, 0.0005212403484620154, 0.009385770186781883, 0.020575255155563354, -0.0339934304356575, -0.015532768331468105, 0.027589675039052963, -0.0178311038762331, -0.005633234512060881, 0.013370453380048275, -0.04860943928360939, 0.037488847970962524, 0.08322663605213165, 0.009419159032404423, -0.029663773253560066, -0.0011139996349811554, 0.028010308742523193, -0.034728337079286575, 0.04831622540950775, -0.06108568608760834, -0.01542970072478056, 0.010819326154887676, 0.01221222709864378, -0.032632406800985336, -0.021079767495393753, 0.030432624742388725, 0.04989318549633026, 0.007803385611623526, 0.010549979284405708, 0.019680066034197807, -0.0003207787231076509, -0.16437232494354248, -0.03778351843357086, 0.0035136989317834377, 0.016199463978409767, 0.0068816374987363815, -0.015444569289684296, 0.0012900716392323375, -0.04192810878157616, 0.043515902012586594, 0.030199063941836357, -0.03756428509950638, -0.03586316481232643, 0.011547265574336052, -0.04781334102153778, 0.026952361688017845, -0.008827936835587025, 0.023219477385282516, -0.0038642403669655323, -0.005653542000800371, -0.03769160062074661, -0.026519939303398132, -0.017074894160032272, 0.036397770047187805, 0.0055029080249369144, -0.007309234235435724, -0.04020483419299126, 0.018271520733833313, -0.03569015860557556, 0.0022783814929425716, 0.014422228559851646, -0.008777654729783535, -0.028026418760418892, 7.609121530549601e-05, 0.00906101893633604, 0.026736125349998474, 0.036146584898233414, -0.0009576220181770623, 0.011478157714009285, -0.0428648442029953, 0.026734787970781326, 0.024180961772799492, -0.006921096704900265, -0.011517271399497986, 0.0286346934735775, -0.03431033715605736, -0.01830718107521534, -0.013918621465563774, -0.011336850002408028, -0.02924756519496441, 0.04231535643339157, -0.012460075318813324, -0.013282843865454197, 0.0142221599817276, -0.0010561846429482102, -0.05304114148020744, -0.010041344910860062, 0.00477959867566824, 0.061563409864902496, -0.012524514459073544, 0.0023292924743145704, -0.016313374042510986, 0.006890332326292992, 0.02988464944064617, -0.026885315775871277, -0.02102375403046608, -0.004032905679196119, 0.03549681603908539, -0.014767322689294815, 0.007553962059319019, -0.03868157044053078, 0.0005427119322121143, -0.020706677809357643, 0.01740393042564392, 0.021152300760149956, -0.029455045238137245, 0.032664649188518524, -0.00835349690169096, 0.0005474396166391671, 0.04029056057333946, -0.10724093019962311, -0.020560409873723984, 0.0005143831949681044, 0.014301714487373829, 0.03030838631093502, -0.02605455555021763, 0.00307642063125968, 0.0003451980883255601, 0.001984472619369626, 0.015838146209716797, 0.26349636912345886, -0.019983582198619843, -0.0175922941416502, 0.038627948611974716, 0.05941667780280113, 0.0202257689088583, -0.018788611516356468, 0.025476668030023575, 0.030747972428798676, -0.03223319724202156, 0.00638776458799839, 0.029590941965579987, -0.011888672597706318, -0.06250471621751785, 0.01601036824285984, 0.030826732516288757, -0.03883618861436844, 0.01840825006365776, 0.04412224143743515, -0.034770216792821884, 0.013990669511258602, -0.019541796296834946, -0.014614766463637352, 0.058637723326683044, -0.06056530028581619, 0.003384860698133707, 0.021192897111177444, -0.02724744752049446, -0.007913919165730476, 0.04519946128129959, -0.02461276575922966, -0.023230843245983124, 0.04831261560320854, -0.006741314195096493, -0.03723940625786781, -0.01566925272345543, 0.023874463513493538, -0.05132707208395004, -0.020377138629555702, 0.04964892566204071, -0.004769522231072187, -0.007436777465045452, -0.007399966008961201, 0.02986878901720047, 0.012827293016016483, -0.030755382031202316, 0.017481770366430283, -0.052762679755687714, -0.022355688735842705, -0.005434725433588028, -0.01634214259684086, -0.028923096135258675, -0.009218733757734299, 0.0039750863797962666, 0.022739039734005928, -0.028277086094021797, 0.0045317173935472965, 0.0239724013954401, 0.0031918282620608807, 0.013264690525829792, 0.01966778188943863, 0.013236364349722862, -0.0638519674539566, -0.015946634113788605, -0.021845998242497444, -0.003877752460539341, 0.036796990782022476, -0.005375543609261513, 0.04049022123217583, 0.02375839836895466, -0.016317130997776985, 0.019089657813310623, 0.029529208317399025, -0.018127625808119774, 0.010952732525765896, -0.02794477343559265, -0.00196236209012568, 0.028939126059412956, -0.0030558311846107244, 0.021617991849780083, -0.018271181732416153, 0.019180778414011, -0.033926744014024734, 0.021917277947068214, 0.027101177722215652, -0.020677009597420692, 0.06162676215171814, 0.04590389132499695, -0.024604756385087967, -0.01945272646844387, -0.028521159663796425, -0.02478034980595112, -0.02780175767838955, 0.06598339229822159, 0.01717694289982319, 0.011657431721687317, -0.010790538042783737, 0.0041545694693923, -0.033341988921165466, 0.02959352545440197, -0.027721302583813667, 0.026661718264222145, 0.01051471196115017, -0.01954702101647854, 0.02839845046401024, -0.06247880309820175, 0.01408080942928791, -0.0050448826514184475, -0.019214505329728127, -0.014199454337358475, -0.058157652616500854, 0.013154871761798859, 0.0063355183228850365, -0.016071289777755737, 0.008954613469541073, 0.031106797978281975, 0.06582517176866531, 0.024584367871284485, 0.0008917690720409155, 0.024498794227838516, -3.0124374461593106e-05, -0.0031389191281050444, -0.017412811517715454, -0.008771619759500027, 0.024806920439004898, -0.0149201899766922, -0.03617510199546814, 0.003660599235445261, -0.041449811309576035, -0.0008052278426475823, 0.02535404823720455, -0.030454987660050392, -0.01266380026936531, 0.02694615162909031, 0.022923216223716736, 0.04786490276455879, -0.0025533803272992373, 0.009478293359279633, -0.014234996400773525, 0.013962483033537865, -0.04604705423116684, 0.00946351233869791, 0.004549829289317131, 0.009286037646234035, 0.03296104073524475, 0.029830070212483406, 0.06050979346036911, -0.0032428032718598843, -0.01630169339478016, 0.027358153834939003, 0.04942649230360985, 0.012011058628559113, 0.05653754249215126, -0.02400890924036503, 0.009304813109338284, -0.05967484787106514, -0.013074503280222416, -0.010645756497979164, -0.04146941006183624, -0.02763921581208706, 0.006157957017421722, -0.023298462852835655, 0.014460856094956398, 0.05387343093752861, 0.00609000027179718, -0.030780334025621414, -0.047192394733428955, 0.0362921766936779, -0.024502160027623177, 0.014689978212118149, -0.009176013991236687, -0.019650433212518692, -0.06347864866256714, 0.03745207190513611, -0.014495625160634518, 0.00985780917108059, -0.04573570936918259, -0.0315251387655735, -0.05176049843430519, 0.018197108060121536, 0.005431830883026123, 0.017339207231998444, -0.008762886747717857, 0.005065223202109337, 0.022378679364919662, 0.030514979735016823, 0.017652222886681557, -0.01146701443940401, 0.029897434636950493, 0.00248251692391932, -0.027320364490151405, 0.12928038835525513, -0.016075018793344498, -0.00382385216653347, 0.03823822736740112, 0.01778193935751915, 0.034071676433086395, 0.011062001809477806, -0.0026404191739857197, -0.019173895940184593, 0.00806551892310381, 0.01697605662047863, -0.013276456855237484, 0.03187345713376999, 0.03517615795135498, -0.0045005823485553265, -0.05299357697367668, 0.018946394324302673, -0.03963268920779228, 0.01326724886894226, -0.036914605647325516, 0.017154833301901817, 0.028351617977023125, 0.03477085754275322, -0.002643811982125044, -0.026223570108413696, 0.05834886059165001, -0.006059070583432913, 0.013314780779182911, 0.00969473086297512, 0.016083545982837677, -0.01644369401037693, -0.004901220090687275, -0.015361477620899677, -0.024884354323148727, 0.002127504674717784, 0.04258648678660393, -0.011046680621802807, -0.012775775976479053, 0.055481087416410446, -0.009472835808992386, 0.048524193465709686, 0.023367533460259438, -0.011640199460089207, -0.01565743237733841, -0.01068015955388546, 0.019108597189188004, 0.007344247307628393, 0.03899276256561279, -0.03153809532523155, -0.0019076697062700987, -0.0010530230356380343, -0.028868813067674637, 0.02336878702044487, 0.019547615200281143, 0.00848859641700983, -0.025508007034659386, -0.03979584947228432, 0.02246895805001259, -0.021797282621264458, -0.016338331624865532, 0.000313259894028306, 0.004152851644903421, 0.002322618616744876, 0.027912670746445656, -0.01333951111882925, 0.003845308441668749, 0.027176596224308014, -0.04609346762299538, -0.014202849939465523, -0.008647363632917404, 0.021829083561897278, 0.014456890523433685, 0.003576733870431781, 0.004635970573872328, -0.04506397619843483, 0.04786192998290062, -0.042721059173345566, -0.036954719573259354, -0.03025810234248638, 0.00923993531614542, 0.013774886727333069, -0.007262968923896551, 0.0010291215730831027, 0.017162837088108063, 0.02798856422305107, -0.01471932977437973, -0.004686403553932905, 0.016085393726825714, -0.022408634424209595, -0.04273813217878342, 0.006374185439199209, 0.04224991053342819, -0.0032748510129749775, -0.011070462875068188, 0.022675031796097755, 0.028345733880996704, -0.018595071509480476, 0.020357487723231316, -0.0677185133099556, -0.020671295002102852, -0.028594380244612694, -0.019650978967547417, 0.013741342350840569, 0.0023669786751270294, 0.0016460734186694026, -0.014988274313509464, 0.0365486778318882, -0.020018044859170914, 0.01663348637521267, 0.01546085812151432, -0.006633181124925613, 0.0035752924159169197, -0.027371078729629517, -0.019590644165873528, 0.019514070823788643, -0.003995029721409082, 0.03575047478079796, 0.07569645345211029, -0.017679424956440926, -0.0015613355208188295, -0.02158232033252716, 0.009886935353279114, 0.041690319776535034, 0.0410299114882946, -0.034877073019742966, 0.0583956278860569, -0.025757260620594025, -0.017505357041954994, -0.01586124487221241, 0.0025348912458866835, -0.005265932064503431, -0.01519559696316719, -0.03668387979269028, -0.03112879768013954, 0.010641545057296753, 0.0497627854347229, 0.0339459665119648, -0.050977692008018494, -0.020370187237858772, -0.017949096858501434, 0.01930304616689682, 0.017404383048415184, -0.006313839927315712, -0.03369211032986641, 0.026897629722952843, 0.0034330810885876417, 0.008798631839454174, 0.026159662753343582, 0.006804024334996939, 0.008627715520560741, -0.015363645739853382, 0.05742824077606201, -0.059320174157619476, 0.03241032734513283, -0.042388204485177994, 0.010210550390183926, 0.0005870648310519755, -0.0293864868581295, -0.010829392820596695, -0.02921196073293686, 0.021298600360751152, -0.022733941674232483, -0.04279450327157974, 0.019922073930501938, 0.015707438811659813, -0.04055130109190941, 0.02645440772175789, 0.03931226581335068, 0.050499528646469116, -0.04384861886501312, 0.03241615742444992, 0.043277960270643234, 0.004259311128407717, 0.02399006485939026, 0.013125435449182987, 0.021508915349841118, -0.050855603069067, -0.03306826576590538, 0.008256305009126663, -0.016819264739751816, 0.050108496099710464, -0.01600637286901474, 9.550529284751974e-06, -0.027208231389522552, 0.027286911383271217, -0.014872591942548752, -0.023598982021212578, 0.012193866074085236, -0.03194824978709221, 0.012035563588142395, -0.034358277916908264, -0.03390653803944588, -0.01798211969435215, -0.047832950949668884, 0.025982659310102463, -0.033836983144283295, -0.004790208302438259, -0.03161616995930672, 0.05734897032380104, -0.023694917559623718, -0.02254585549235344, -0.006729012355208397, 0.02564692683517933, -0.15945661067962646, -0.00019947886175941676, -0.014845470897853374, 0.030924033373594284, -0.03852158039808273, 0.023493628948926926, 0.02520541474223137, -0.07307661324739456, 0.021379536017775536, 0.009694816544651985, -0.04093481972813606, -0.0006493478431366384, 0.00035108995507471263, -0.02184963785111904, -0.030010081827640533, 0.032869741320610046, -0.015071507543325424, -0.016126738861203194, -0.016782471910119057, 0.024549242109060287, 0.011609826236963272, -0.0395071804523468, 0.08061151951551437, -0.0021232785657048225, -0.02640504390001297, -0.03513161092996597, 0.0006577946478500962, 0.00955945998430252, 0.014443096704781055, 0.0023269117809832096, 0.00904209353029728, -0.014766423031687737, 0.026641450822353363, 0.0631774365901947, -0.02270146831870079, 0.027853045612573624, 0.007086273282766342, -0.023303071036934853, -0.0030361483804881573, 0.04750531166791916, 0.008285104297101498, 0.02278272807598114, 0.0018294081091880798, -0.02807638607919216, -0.012826165184378624, -0.00034509552642703056, -0.025563733652234077, -0.03765616938471794, -0.04190874472260475, -0.017658907920122147, 0.007047226652503014, 0.05151987075805664, 0.023847784847021103, -0.011768353171646595, -0.014528654515743256, 0.0036416526418179274, -0.00018563412595540285, 0.03236222639679909, -0.02403375506401062, 0.010524539276957512, -0.036966972053050995, 0.015375657938420773, -0.031851861625909805, -0.04345110058784485, -0.03687778860330582, 0.0292552150785923, -0.06712210923433304, 0.05654720962047577, 0.012860232032835484, 0.01399916596710682, -0.039789829403162, -0.0383802130818367, -0.0001667564210947603, 0.0005387832061387599, -0.006125293672084808, 0.01199460867792368, 0.020404653623700142, 0.013274448923766613, -0.05804527550935745, 0.006467975676059723, -0.029293054714798927, -0.04020193591713905, -0.05574161186814308, 0.06048351898789406, 0.04852120578289032, 0.03919220715761185, -0.018349820747971535, -0.008981128223240376, 0.011670168489217758, 0.01495298370718956, -0.02747455984354019, -0.023979809135198593, -0.014997893944382668, 0.03216494992375374, -0.017075203359127045, 0.04877922683954239, -0.03788506239652634, -0.005048392340540886, 0.03125807270407677, -0.002002893714234233, -0.061460964381694794, -0.02006032131612301, 0.024509413167834282, -0.002471781335771084, 0.03522317856550217, 0.04398699104785919, 0.007223134860396385, 0.019537821412086487, -0.009346292354166508, -0.025712821632623672, -0.05405326187610626, 0.0036599477753043175, -0.018432345241308212, 0.02158835530281067, -0.05694640427827835, -0.0024282827507704496, 0.000793791376054287, -0.026436375454068184, -0.008449460379779339, -0.018708134070038795, 0.018868211656808853, 0.040694888681173325, 0.03361547365784645, -0.04970477148890495, -0.003764890134334564, 0.02874024584889412, 0.04450790211558342, 0.00018030735373031348, -0.03529518097639084, -0.018142379820346832, -0.011408432386815548, -0.013846580870449543, 0.02858404815196991, 0.0036783134564757347, 0.04141212999820709, -0.04246830195188522, -0.03984326124191284, 0.025429407134652138, -0.025643980130553246, -0.019425097852945328, -0.029311979189515114, -0.026827283203601837, -0.006713645998388529, -0.04801241308450699, 0.009588745422661304, 0.022116681560873985, 0.04790319502353668, -0.022892046719789505, 0.027144428342580795, -0.004169189836829901, 0.0192404855042696, 0.012283142656087875, -0.0447310209274292, 0.05532616749405861, -0.03628646954894066, 0.04220400005578995, -0.04902398958802223, -0.022216608747839928, -0.019826974719762802, 0.049271706491708755, -0.0012223859084770083, -0.06342368572950363, -0.020628249272704124, -0.0022827712818980217, 0.03286715969443321, -0.020337335765361786, 0.0065378183498978615, 0.02079773135483265, -0.011511067859828472, 0.009456032887101173, -0.010143197141587734, 0.03419902175664902, -0.020116301253437996, -0.051306791603565216, 0.03891129791736603, -0.018275083974003792, 0.024429917335510254, -0.020224642008543015, -0.010748153552412987, 0.007845551706850529, -0.008742937818169594, -0.01119299978017807, 0.02988424338400364, 0.032605674117803574, 0.04800942540168762, 0.03614237159490585, 0.012468108907341957, -0.025685111060738564, 0.01332006324082613, -0.01905922032892704, -0.03372738137841225, -0.012730855494737625, -0.0032719115260988474, -0.019093036651611328, 0.0058840070851147175, -0.038998380303382874, -0.002754853805527091, 0.0272121150046587, -0.018882200121879578, 0.13505452871322632, 0.021498456597328186, -0.00402825977653265, -0.008328433148562908, -0.0014180720318108797, 0.00560280354693532, -0.014284723438322544, -0.0015093556139618158, 0.00011469065066194162, 0.027452949434518814, 0.017854850739240646, 0.00163385143969208, 0.002199397422373295, -0.05531429126858711, 0.034023135900497437, 0.02147793024778366, -0.020715869963169098, -0.024687092751264572, 0.016691919416189194, 0.0150578198954463, 0.011595041491091251, 0.03201301395893097, 0.024526257067918777, 0.021985141560435295, -0.022598586976528168, -0.015934079885482788, -0.016293462365865707, 0.006155004259198904, 0.012529967352747917, -0.014818858355283737, -0.008597420528531075, -0.048255953937768936, 0.0611838698387146, -0.003799719037488103, 0.01968058943748474, -0.0025111373979598284, 0.0038900873623788357, 0.008518923074007034, 0.02003306895494461, 0.013153916224837303, 0.00034819715074263513, -0.02649526298046112, -0.02591903693974018, -0.004241792485117912, -0.013393069617450237]",
15_1_0_docs_01_app_03_api_reference_03_file_conventions_01_metadata_sitemap_mdx_section_5_code_2,code_snippet,15_1_0_docs_01_app_03_api_reference_03_file_conventions_01_metadata_sitemap_mdx_section_5,Video Sitemaps - code_2,,"{'programming_language': 'xml', 'filename': 'acme.com/sitemap.xml', 'switcher': False}",15.1.0,,"<?xml version=""1.0"" encoding=""UTF-8""?>
<urlset
  xmlns=""http://www.sitemaps.org/schemas/sitemap/0.9""
  xmlns:video=""http://www.google.com/schemas/sitemap-video/1.1""
>
  <url>
    <loc>https://example.com</loc>
    <video:video>
      <video:title>example</video:title>
      <video:thumbnail_loc>https://example.com/image.jpg</video:thumbnail_loc>
      <video:description>this is the description</video:description>
    </video:video>
    <lastmod>2021-01-01</lastmod>
    <changefreq>weekly</changefreq>
    <priority>0.5</priority>
  </url>
</urlset>
","[(np.int64(277), np.float64(0.12209238111972809)), (np.int64(282), np.float64(0.2553755044937134)), (np.int64(1030), np.float64(0.15985256433486938)), (np.int64(11090), np.float64(0.19238632917404175)), (np.int64(62346), np.float64(0.30107617378234863)), (np.int64(131492), np.float64(0.2944027781486511))]",,"[-0.06869302690029144, -0.029285985976457596, 0.010927430354058743, -0.008059551008045673, -0.01973952353000641, -0.028979947790503502, 0.030825072899460793, 0.03795779123902321, -0.03383677825331688, 0.021447692066431046, 0.040215104818344116, 0.01853819005191326, 0.012695632874965668, -0.00966015737503767, -0.018022432923316956, 0.02347896248102188, 0.0184608306735754, -0.015203313902020454, 0.02681783400475979, -0.047877006232738495, -0.020795153453946114, -0.0032172375358641148, 0.033063728362321854, -0.009782928973436356, 0.009429926984012127, 0.04861550033092499, -0.011154110543429852, -0.02869490161538124, 0.005652955267578363, -0.005818137899041176, 0.004719797056168318, 0.01802356354892254, 0.05318838730454445, -0.027118414640426636, -0.08305194973945618, -0.0561421699821949, 0.013051189482212067, -0.05868557468056679, -0.05641894042491913, 0.0347103588283062, -0.005796869285404682, -0.025149455294013023, -0.02576005645096302, -0.01986922323703766, 0.03028937615454197, -0.05939338728785515, 0.007133382372558117, -0.02651549130678177, 0.0065403226763010025, -0.04640994966030121, 0.0002666242071427405, -0.0036133271642029285, 0.02840362675487995, -0.0342630073428154, 0.06316350400447845, -0.00416816771030426, -0.07249182462692261, -0.02081955224275589, -0.08008988201618195, -0.017363309860229492, -0.05474032461643219, 0.0047765495255589485, -0.013061758130788803, -0.009926630184054375, 0.049276020377874374, 0.03666102513670921, 0.005086666904389858, 0.004954549949616194, -0.032402873039245605, -0.011040808632969856, 0.020072080194950104, 0.046745654195547104, -0.041256897151470184, -0.034467972815036774, -0.020930998027324677, 0.04089391604065895, 0.0010247270110994577, 0.003259307937696576, 0.00010425080108689144, 0.005407056305557489, 0.019960759207606316, 0.030583800747990608, 0.0496009960770607, 0.023674635216593742, -0.0008945868466980755, -0.005000881850719452, -0.007723641581833363, 0.06230819970369339, 0.04449883848428726, 0.005596245173364878, -0.021978456526994705, 0.030327292159199715, 0.012171674519777298, -0.0320301279425621, -0.028519460931420326, -0.02754051238298416, -0.0007678786059841514, 0.035223595798015594, 0.04141518101096153, -0.0135826850309968, -0.0018522648606449366, -0.013135597109794617, 0.03397683426737785, 0.0022089541889727116, 0.03443915769457817, -0.026546215638518333, 0.02519681490957737, -0.011923790909349918, -0.016659488901495934, -0.01609973795711994, 0.009406501427292824, 0.01967388205230236, 0.021506667137145996, -0.012849967926740646, -0.010644606314599514, -0.012286799028515816, 0.004399196710437536, -0.036149606108665466, -0.00858188048005104, 0.0053005400113761425, 0.03372316434979439, 0.007424476556479931, 0.03674863278865814, -0.043032269924879074, 0.05324148014187813, 0.012072641402482986, -0.04242629557847977, -0.01075014565140009, 0.022020351141691208, 0.002915178192779422, -0.003821477061137557, 0.02018889971077442, -0.0001845169608714059, 0.005514836870133877, -0.02033800072968006, -0.019051771610975266, 0.02877344936132431, -0.007874882780015469, 0.01438883040100336, -0.0384400375187397, 0.07643455266952515, 0.011316392570734024, -0.03597446158528328, -0.026243070140480995, 0.06377482414245605, -0.04787212982773781, -0.026742441579699516, 0.039047785103321075, 0.009634326212108135, -0.032945387065410614, -0.00022605917183682323, 0.0052647702395915985, 0.011739782989025116, -0.022253768518567085, 0.04603426530957222, -0.04504000395536423, -0.021018512547016144, 0.008606068789958954, -0.022414585575461388, 0.007392708212137222, 0.012853982858359814, -0.01626059040427208, -0.007637399714440107, -0.011799455620348454, 0.03183785080909729, -0.03793403506278992, 0.025662066414952278, 0.02085542120039463, -0.015390259213745594, -0.03931383416056633, 0.00922632310539484, -0.0399039164185524, -0.0006314355414360762, 0.024059206247329712, 0.01249556802213192, 0.007162292953580618, 0.07845799624919891, 0.020977959036827087, 0.03496115654706955, -0.013693352229893208, -0.03489360958337784, 0.01171720027923584, -0.0038185804150998592, -0.01799774169921875, -0.03114468976855278, -0.02627919428050518, -0.047091737389564514, -0.024279357865452766, -0.008806888945400715, -0.000609417213127017, 0.00936213880777359, 0.00023689251975156367, 0.015280078165233135, -0.002899736864492297, 0.017987020313739777, -0.008742052130401134, 0.03503771126270294, -0.01510575506836176, -0.026776066049933434, -0.01781889796257019, -0.03998497501015663, -0.035673633217811584, -0.029516739770770073, 0.004865583032369614, -0.017803411930799484, -0.029084376990795135, -0.011003910563886166, -0.03646007552742958, -0.010520175099372864, -0.0377095490694046, -0.02105022966861725, 0.02910711243748665, -0.031510982662439346, -0.04358820989727974, -0.045678749680519104, -0.025994619354605675, 0.0014896464999765158, 0.021202269941568375, -0.011505238711833954, -0.0065314024686813354, -0.0004881630011368543, 0.011333364993333817, 0.011014547199010849, -0.05863209813833237, 0.013009878806769848, -0.006725112441927195, 0.016583716496825218, 0.03708294406533241, 0.03064900077879429, -0.02521226368844509, -0.03508356213569641, 0.0060830567963421345, 0.0314108170568943, -0.0015947683714330196, 0.05630163475871086, -0.06083686277270317, -0.02322337031364441, -0.007603302597999573, 0.046262696385383606, 0.004471409134566784, -0.023381521925330162, -0.04559527337551117, -0.00863634329289198, -0.015168621204793453, -0.0627647265791893, -0.01050500012934208, -0.0215279683470726, 0.025674575939774513, -0.01699931174516678, -0.015717819333076477, 0.01680167019367218, -0.005438643973320723, -0.05867414548993111, 0.03509575501084328, 0.018332000821828842, 0.03196569159626961, -0.01364724338054657, -0.06286463886499405, -0.03408186137676239, -0.04644399881362915, 0.03174608573317528, 0.037065036594867706, -0.0004115358751732856, 0.041135307401418686, 0.03005063906311989, -0.028295470401644707, -0.01921897754073143, 0.006204596720635891, 0.039370857179164886, 0.05625569447875023, -0.03053426183760166, -0.026726575568318367, 0.02683258429169655, -0.004559974651783705, -0.03494897857308388, 0.013186199590563774, -0.030125796794891357, 0.04179830476641655, 0.07877950370311737, 0.024870572611689568, -0.026553386822342873, -0.023572329431772232, 0.03382127732038498, -0.025386173278093338, 0.044966086745262146, -0.037932101637125015, -0.03527902439236641, -0.008734642527997494, 0.027180353179574013, -0.02603096328675747, -0.035830747336149216, 0.00850120559334755, 0.04821119084954262, -0.0023748993407934904, 0.0005703041097149253, 0.02922467142343521, -0.03699636459350586, -0.18169578909873962, -0.060661643743515015, 0.004021451808512211, 0.012610262259840965, 0.006224381271749735, -0.02524663880467415, 0.007311032619327307, 0.0006867623305879533, 0.040520235896110535, 0.05051540210843086, 0.013539912179112434, -0.02968774177134037, -0.01122426986694336, -0.034267161041498184, 0.012655230239033699, -0.015835722908377647, -0.0049697938375175, -0.026723260059952736, -0.01809845305979252, -0.03531087934970856, -0.052773237228393555, -0.014286590740084648, 0.04885208606719971, 0.014165275730192661, -0.007070130202919245, -0.054880235344171524, 0.031965479254722595, -0.005648079328238964, -0.037463899701833725, -0.0046319724060595036, 0.0006088965456001461, -0.008244677446782589, -0.007307928986847401, 0.023504484444856644, 0.0515981949865818, 0.022979693487286568, 0.03884686529636383, -0.009627985768020153, -0.012775990180671215, 0.025718044489622116, 0.04668143019080162, 0.0010773747926577926, -0.0011833520838990808, -0.026507291942834854, -0.01716616377234459, -0.012881030328571796, 0.010914205573499203, -0.02962561510503292, 0.00032966979779303074, 0.007619033567607403, -0.037198256701231, 0.006208184640854597, 0.011453107930719852, -0.005217140540480614, -0.05361822992563248, -0.013717841356992722, -0.014133118093013763, 0.07060544192790985, -0.030168436467647552, 0.003920936491340399, 0.014759267680346966, 0.011810642667114735, 0.041996706277132034, -0.04844912886619568, -0.011417986825108528, -0.02201560139656067, 0.016168026253581047, -0.012725567445158958, 0.007776546757668257, -0.014115916565060616, -0.022733671590685844, -0.012433094903826714, 0.04280652105808258, -0.034481897950172424, 0.016020243987441063, 0.05629628896713257, 0.0006862625596113503, -0.040976427495479584, 0.03432063013315201, -0.13371235132217407, -0.036584481596946716, 0.013730908744037151, -0.006859281100332737, 0.013894260860979557, -0.029460454359650612, -0.028950437903404236, 0.01525149680674076, 0.008375337347388268, 0.01744207926094532, 0.27261635661125183, 0.02458488754928112, 0.014898124150931835, -0.013580147176980972, 0.07409641891717911, 0.012366642244160175, -0.012572107836604118, 0.010837658308446407, 0.009839263744652271, -0.06004778668284416, -0.009643739089369774, -0.004131493158638477, -0.016475118696689606, -0.044816549867391586, 0.019371941685676575, -0.019527962431311607, -0.031057044863700867, 0.015557046048343182, 0.06336836516857147, -0.028379810974001884, 0.0037557007744908333, -0.02735113352537155, 0.018118606880307198, 0.03565555438399315, -0.05306047201156616, -0.014082427136600018, 0.02470318414270878, -0.02528120018541813, -0.002458453644067049, 0.04734736680984497, -0.00972486101090908, 0.01851683482527733, 0.03352532163262367, 0.05290232598781586, -0.00575298722833395, -0.004446301609277725, 0.03369525074958801, -0.045834578573703766, -0.005364079028367996, 0.03599109128117561, -0.025164203718304634, -0.003284019185230136, -0.007018003147095442, -0.01624096930027008, 0.00170362857170403, -0.05443386361002922, 0.01182651612907648, -0.002688391599804163, 0.0038839641492813826, -0.005196933168917894, -0.006833683233708143, -0.02512192353606224, -0.003341873874887824, -0.02161034755408764, 0.01852724328637123, -0.018416712060570717, -0.017767231911420822, -0.021423351019620895, 0.008116931654512882, 0.03262551873922348, 0.01978594996035099, 0.02007528953254223, -0.042717985808849335, -0.012057600542902946, -0.032848257571458817, 0.02279924787580967, 0.006619999650865793, -0.017825819551944733, 0.018400076776742935, 0.004936208948493004, -0.013159208931028843, -0.012762325815856457, 0.02197498083114624, -0.008114171214401722, 0.013139701448380947, -0.021269502118229866, 0.013136823661625385, -0.020170113071799278, -0.0012418979313224554, 0.06877352297306061, -0.009560026228427887, 0.0010704644955694675, -0.05326169356703758, 0.004106113221496344, -0.001650534919463098, -0.01676313392817974, 0.021791692823171616, 0.057967789471149445, -0.0035940338857471943, -0.024313909932971, -0.021018359810113907, 0.03452349081635475, -0.0340115949511528, 0.0388638898730278, 0.020115762948989868, 0.029771428555250168, 0.005275655537843704, 0.0015714516630396247, -0.06029536575078964, 0.0691973939538002, -0.012534539215266705, 0.03326266631484032, -0.012320930138230324, -0.0487678125500679, 0.017354154959321022, -0.03287455439567566, -0.0022717781830579042, -0.009734760038554668, 0.004694514907896519, -0.009134539403021336, -0.022138388827443123, -0.013831907883286476, 0.021826379001140594, -0.00775178661569953, -0.035187654197216034, 0.0485059879720211, 0.028847711160779, 0.010038204491138458, 0.002701670164242387, 0.05406012386083603, -0.0013004486681893468, 0.007525535300374031, -0.0015247631818056107, 0.02583017386496067, 0.024841638281941414, -0.010109231807291508, -0.020102856680750847, 0.006668925751000643, -0.04289901629090309, 0.012762708589434624, 0.019800124689936638, -0.02305777184665203, -0.01328593771904707, 0.029193131253123283, 0.018341168761253357, 0.01829831302165985, -0.007488832343369722, 0.019084271043539047, -0.02758333459496498, 0.02049563266336918, -0.025310657918453217, -0.018605437129735947, 0.03612804412841797, -0.002960410201922059, 0.04019210860133171, 0.026421379297971725, 0.02126425690948963, -0.042577240616083145, -0.009134402498602867, 0.03325366973876953, 0.019281765446066856, 0.016704168170690536, 0.009272676892578602, -0.019409354776144028, 0.037897203117609024, -0.030357077717781067, -0.015248607844114304, 0.011720662005245686, -0.040618181228637695, -0.024339156225323677, 0.007374827284365892, 0.011303486302495003, 0.0390041247010231, 0.03905196860432625, -0.004183318931609392, 0.006155459675937891, 0.01959886960685253, 0.03265075013041496, -0.020905710756778717, -0.0045688399113714695, -0.010827390477061272, -0.010473702102899551, -0.04120669141411781, 0.03629913181066513, -0.007714709732681513, 0.005636520218104124, -0.049720365554094315, 0.0026576481759548187, -0.06041131541132927, 0.012093523517251015, 0.019141240045428276, -0.009404757991433144, -0.020968440920114517, -0.017031006515026093, -0.016420165076851845, 0.039131809026002884, 0.01672801747918129, 0.0002478293899912387, 0.05564596876502037, -0.0010170640889555216, -0.04743347689509392, 0.13163809478282928, -0.04475870355963707, -0.01752127707004547, 0.03302818909287453, 0.020712003111839294, 0.03491105139255524, 0.044199537485837936, -0.00034232213511131704, -0.011394779197871685, -0.02681269496679306, -0.00858463253825903, 0.000362889317329973, 0.021932583302259445, 0.03965454176068306, 0.015896761789917946, -0.035930875688791275, 0.021833790466189384, 0.001646428252570331, 0.014767160639166832, -0.0029691001400351524, -0.006387113593518734, 0.029398592188954353, 0.02801493927836418, 0.010830703191459179, -0.015735436230897903, 0.08139890432357788, 0.05980239436030388, -0.003932365216314793, 0.041918180882930756, -0.007360872346907854, 0.0038923623505979776, 0.02628783881664276, -0.013178416527807713, -0.050914086401462555, 0.010758365504443645, 0.03211839124560356, -0.015284503810107708, 0.002257009968161583, 0.04449916258454323, -0.0024380222894251347, 0.026766488328576088, -0.004365641623735428, -0.0026379290502518415, -0.025708986446261406, 0.0056170211173594, 0.03239542618393898, 0.0181894488632679, 0.004907001741230488, -0.03590754419565201, 0.048106368631124496, -0.05967782810330391, 0.034316014498472214, 0.019656876102089882, -0.012063410133123398, 0.04003868252038956, -0.045860640704631805, -0.018269822001457214, 0.004508351441472769, -0.026507558301091194, -0.041622258722782135, -0.020317010581493378, 0.007072075270116329, -0.020618367940187454, 0.010587857104837894, -0.02268778346478939, -0.024533774703741074, 0.02519342675805092, -0.045487433671951294, 0.016891108825802803, -0.027228515595197678, 0.01705266907811165, 0.006829759571701288, 0.03728926181793213, -0.0025695243384689093, -0.06841140240430832, 0.006180914118885994, -0.02465522103011608, -0.056347303092479706, -0.07096239924430847, -0.01775837130844593, -0.019292669370770454, -0.03935743868350983, -0.010441962629556656, 0.01241416297852993, 0.04489631950855255, -0.005798619240522385, -0.030146891251206398, -0.002885705791413784, -0.03765936195850372, -0.04315854236483574, 0.018367284908890724, 0.015581578016281128, 0.004853959660977125, -0.04241519048810005, 0.01851034164428711, 0.0030564283952116966, -0.023635972291231155, 0.02921091392636299, -0.05895160511136055, 0.027200574055314064, -0.007799101993441582, -0.008398559875786304, 0.06139553338289261, 0.012540029361844063, 0.009152098558843136, -0.016550522297620773, 0.004467484075576067, -0.005956303793936968, 0.000665489467792213, 0.01773860678076744, 0.003394158324226737, -0.0075540137477219105, -0.012376711703836918, -0.002445593476295471, 0.029861558228731155, 0.0010440254118293524, -0.0014478114899247885, 0.0522017739713192, -0.0036259344778954983, -0.03952822461724281, -0.050865497440099716, 0.00025293254293501377, 0.07243619114160538, -0.007362931501120329, -0.023867452517151833, 0.06475801765918732, -0.0038276452105492353, -0.02142864465713501, 0.014752984046936035, -0.009476066567003727, -0.027664337307214737, -0.012995592318475246, -0.04091508686542511, 0.019845783710479736, -0.010611849837005138, 0.022869426757097244, -0.005950384773313999, -0.07083626836538315, -0.0005392153398133814, -0.04958532378077507, -0.002853842219337821, 0.005328965838998556, -0.032070912420749664, -0.007463832851499319, -0.027560338377952576, 0.011854251846671104, 0.02892131730914116, 0.03172462433576584, -0.02355933003127575, 0.04000777378678322, 0.024315230548381805, -0.0034026422072201967, -0.05579093098640442, 0.05689893662929535, -0.013101230375468731, 0.010118995793163776, -0.04003753140568733, -0.04162010923027992, -0.012855596840381622, 0.008760453201830387, -0.01211458444595337, -0.00040140748023986816, -0.049363285303115845, 0.011204162612557411, 0.04622988775372505, 0.005730196367949247, 0.010640422813594341, 0.024869771674275398, 0.04511570185422897, -0.023352740332484245, 0.01757195219397545, -0.01216175314038992, 0.01253916323184967, -0.00415342440828681, 0.019033538177609444, 0.0015967042418196797, -0.02153094857931137, 0.003954214043915272, 0.0007647607126273215, -0.01819031499326229, 0.055298998951911926, 0.006392095237970352, 0.011485261842608452, -0.015027758665382862, 0.034553103148937225, -0.027001913636922836, -0.010292715393006802, 0.027858562767505646, -0.018231788650155067, -0.00859877560287714, -0.04109714925289154, -0.008132624439895153, -0.008045319467782974, -0.026246462017297745, 0.025326192378997803, -0.034705404192209244, 0.027857279404997826, -0.02156904712319374, 0.07259736210107803, -0.033091168850660324, -0.015339481644332409, 0.009656385518610477, 0.01264820247888565, -0.15694019198417664, 0.0319620817899704, -0.026136064901947975, -0.011297399178147316, -0.029084959998726845, 0.027105210348963737, -0.022419622167944908, -0.052284907549619675, 0.002813613275066018, -0.009268493391573429, -0.017175668850541115, 0.002910918788984418, 0.03740896284580231, -0.017478039488196373, 0.0048479060642421246, 0.04657431319355965, -0.005335078574717045, 0.011197431944310665, -0.030481647700071335, 0.025643236935138702, -0.0009783622808754444, -0.019456256181001663, 0.028839491307735443, -0.009070576168596745, -0.007175262086093426, -0.024218909442424774, -0.0023522167466580868, 0.006632325705140829, 0.0002907643502112478, 0.02849901281297207, 0.01794404350221157, -0.01617290824651718, 0.01865633763372898, 0.06286656856536865, -0.002994759939610958, 0.022391263395547867, 0.013372997753322124, -0.03167911246418953, 0.009852247312664986, 0.05199231207370758, -0.013372546061873436, -0.0041135866194963455, -0.0033578630536794662, 0.013939518481492996, 0.03182842582464218, 0.0534624345600605, -0.029477624222636223, -0.03617431968450546, -0.04021934047341347, 0.02299044467508793, 0.0056580835953354836, 0.0063217454589903355, -0.011827782727777958, 0.003882777411490679, -0.017087280750274658, 0.020094888284802437, 0.013436513021588326, 0.039891891181468964, -0.0027378974482417107, 0.007284185383468866, 0.012938342988491058, 0.05029956251382828, -0.022565418854355812, -0.05788758397102356, -0.05875721946358681, 0.0376923605799675, -0.05358703434467316, 0.01872280426323414, 0.0045513273216784, 0.00612684665247798, -0.03418479859828949, -0.04215928912162781, -0.017747940495610237, -0.004353722557425499, -0.0005838077049702406, 0.0057766493409872055, -0.003681371919810772, 0.00385403074324131, -0.016053762286901474, 0.00502959918230772, -0.008325107395648956, -0.05482279509305954, -0.025478748604655266, 0.05935942754149437, 0.037970658391714096, 0.03849172964692116, -0.0022397602442651987, 0.012937436811625957, -0.020999107509851456, -0.01050633005797863, -0.0050480300560593605, -0.028291119262576103, -0.030683036893606186, 0.05878019332885742, 0.0198325477540493, 0.0175683181732893, -0.024399317800998688, 0.023382199928164482, 0.01644228957593441, -0.01285026129335165, -0.03320171684026718, 0.011394839733839035, 0.03380703181028366, -0.015913505107164383, 0.01630988158285618, 0.03883886709809303, 0.011034849099814892, 0.011106531135737896, -0.011084001511335373, -0.007736980449408293, -0.043285634368658066, -0.024643274024128914, -0.006330990232527256, -0.005708581302314997, -0.07610064744949341, -0.007617021910846233, -0.0017380481585860252, -0.00756035977974534, -0.006540283095091581, 0.0016177991637960076, 0.023969504982233047, -0.0025550967548042536, 0.031547192484140396, -0.03697784245014191, 0.03874697908759117, 0.017840078100562096, 0.07846353203058243, 0.050517693161964417, -0.039316993206739426, -0.041628845036029816, -0.014645416289567947, -0.012234936468303204, 0.03708871081471443, -0.006169687025249004, 0.018661722540855408, -0.03441786766052246, 0.009119567461311817, 0.045128680765628815, -0.04208773002028465, -0.019632328301668167, -0.021630654111504555, -0.024115603417158127, 0.007762545719742775, -0.051666293293237686, 0.0143549470230937, -0.026499919593334198, 0.03302161023020744, -0.006126672029495239, 0.027931367978453636, -0.0015989430248737335, 0.021935025230050087, -0.012606128118932247, -0.030019940808415413, 0.05757737159729004, -0.0367160439491272, 0.012593825347721577, -0.03392336890101433, -0.007295609917491674, -0.05478297173976898, 0.013190302066504955, -0.02642218954861164, -0.0350341722369194, -0.034285593777894974, 0.010620337910950184, 0.013637600466609001, 0.025382941588759422, 0.009106486104428768, -0.010178737342357635, -0.02032768540084362, 0.01226492878049612, -0.008972510695457458, 0.013974230736494064, -0.03892441838979721, 0.009859205223619938, 0.05282222852110863, 0.019593829289078712, 0.02681148797273636, 0.029825562611222267, 0.01824045553803444, 0.01722896285355091, 0.04029276967048645, 0.025759028270840645, 0.05263921618461609, 0.005282003898173571, -0.021544430404901505, 0.06351938843727112, -0.03346190229058266, -0.03289053216576576, -0.002399247605353594, -0.03284136950969696, 0.002034831093624234, -0.01164318062365055, 0.013044692575931549, 0.0009046460618264973, 0.008116204291582108, 0.005323867313563824, -0.008768929168581963, 0.029201047495007515, -0.015291927382349968, 0.0915498435497284, 0.017865363508462906, -0.026951972395181656, 0.007247756235301495, 0.008263212628662586, -0.005274420138448477, 0.02439051866531372, -0.015213051810860634, -0.036359354853630066, 0.015659093856811523, 0.028411803767085075, 0.006641130428761244, 0.030381405726075172, -0.0029516294598579407, 0.03039393573999405, 0.01017297338694334, 0.025409946218132973, 0.015625566244125366, 0.04695899039506912, 0.0008784230449236929, -0.0037460762541741133, -0.005223736632615328, 0.03386331722140312, -0.014248746447265148, -0.024543633684515953, -0.03203956410288811, -0.01907459832727909, 0.0123156001791358, -0.001209088834002614, -0.017161445692181587, -0.021429140120744705, -0.03458668291568756, 0.013630667701363564, -0.020237818360328674, 0.013186467811465263, 0.03638765960931778, -0.023335617035627365, -0.012865320779383183, 0.008352793753147125, 0.016733767464756966, -0.025095246732234955, 0.03175823390483856, -0.017687847837805748, -0.007276490330696106, -0.04347139224410057]",
15_1_0_docs_01_app_03_api_reference_03_file_conventions_01_metadata_sitemap_mdx_section_6,section,15_1_0_docs_01_app_03_api_reference_03_file_conventions_01_metadata_sitemap_mdx,sitemap.xml - Generate a localized Sitemap,,{},15.1.0,"Output:
",,"[(np.int64(5), np.float64(0.011229503899812698)), (np.int64(10), np.float64(0.04812360554933548)), (np.int64(67), np.float64(0.09323927760124207)), (np.int64(1764), np.float64(0.15261420607566833)), (np.int64(4000), np.float64(0.22367389500141144)), (np.int64(29367), np.float64(0.17409420013427734)), (np.int64(62346), np.float64(0.267974853515625)), (np.int64(131492), np.float64(0.2275245636701584)), (np.int64(155370), np.float64(0.18450622260570526)), (np.int64(200033), np.float64(0.3909873962402344))]","[-0.0105032529681921, 0.011379989795386791, -0.06031791493296623, 0.009807603433728218, -0.010193489491939545, 0.008136318996548653, 0.019679736346006393, 0.03116816096007824, 0.028985215350985527, -0.0007497835322283208, 0.004037502687424421, 0.015053766779601574, -0.021948013454675674, 0.0008337615290656686, 0.03582596778869629, 0.008969448506832123, 0.02915886975824833, -0.010408155620098114, 0.010112445801496506, -0.033949241042137146, 0.002536046551540494, 0.012619639746844769, -0.0032587083987891674, 0.01873563975095749, 0.0064719002693891525, 0.02704102173447609, 0.018190715461969376, -0.04851187765598297, -0.009168977849185467, 0.02883320488035679, 0.039969902485609055, 0.015096357092261314, -0.004193023778498173, -0.037402357906103134, -0.003607562743127346, -0.012656768783926964, -0.005009362008422613, -0.014571167528629303, -0.09789672493934631, 0.03915860131382942, -0.017844978719949722, -0.0006188404513522983, 0.005078273359686136, -0.04156757518649101, 0.009296142496168613, -0.023319514468312263, -0.00274330354295671, -0.031175833195447922, -0.053745388984680176, -0.019150346517562866, 0.02482636459171772, 0.03471061587333679, 0.058991361409425735, 0.002695083152502775, 0.04838218912482262, -0.007576716598123312, -0.05523231625556946, 0.025417447090148926, -0.06260597705841064, -0.01730830781161785, -0.029472433030605316, 0.0878833532333374, -0.03178629279136658, 0.005633633583784103, 0.032779693603515625, 0.0761895403265953, 0.04657868295907974, 0.006587787996977568, -0.0035450023133307695, 0.0012985982466489077, -0.029361333698034286, -0.009025659412145615, -0.05174757540225983, 0.0023242023307830095, -0.07994711399078369, 0.049970850348472595, 0.0362287200987339, -0.04899993911385536, -0.003249556291848421, 0.06002870574593544, 0.03324427083134651, -0.03271745145320892, 0.029265521094202995, 0.019394611939787865, -0.03617507964372635, -0.01775234378874302, -0.0337650366127491, -0.022759530693292618, -0.035084035247564316, 0.010916276834905148, -0.032463375478982925, -0.054677825421094894, 0.0406353622674942, -0.027068857103586197, -0.00171367428265512, -0.0033426498994231224, -0.008793443441390991, 0.02205474302172661, 0.022598514333367348, 0.038610611110925674, 0.028539380058646202, 0.026642436161637306, -0.02182816155254841, 0.034846074879169464, 0.027300987392663956, -0.013408752158284187, 0.043135952204465866, 0.01763159967958927, -0.00043557852040976286, -0.024298621341586113, 0.02661561220884323, 0.05630893260240555, 0.005809058900922537, 0.015348420478403568, 0.005810003262013197, -0.00791822001338005, -0.023649800568819046, -0.034009240567684174, -0.004628199618309736, 0.0037213664036244154, 0.03109925612807274, 0.005285137332975864, 0.030827349051833153, -0.015408478677272797, 0.03847186639904976, -0.008756110444664955, 0.0080269118770957, 0.047125186771154404, 0.037170302122831345, -0.024173298850655556, 0.022425079718232155, 0.04024098068475723, -0.06520629674196243, 0.012571918778121471, -0.0023973595816642046, -0.022796617820858955, 0.026393454521894455, -0.022147035226225853, 0.014597124420106411, -0.05704665184020996, -0.005503238178789616, 0.00486924359574914, -0.030782951042056084, -0.02988263964653015, 0.02303416095674038, -0.07782097905874252, 0.03171337768435478, 0.022560250014066696, 0.0006524190539494157, -0.012931722216308117, 0.02429928258061409, 0.0055269175209105015, 0.03745410218834877, -0.014118405990302563, 0.035385120660066605, -0.03527499735355377, -0.04040364921092987, 0.041845809668302536, 0.020393773913383484, 0.014841092750430107, -0.030180251225829124, -0.0031429892405867577, -0.01862805336713791, -0.012547152116894722, 0.0408768467605114, 0.0010631048353388906, 0.02132365293800831, 0.028315983712673187, -0.017533032223582268, -0.043461479246616364, 0.021003130823373795, -0.027715926989912987, -0.009782812558114529, -0.0009457666310481727, 0.0175499077886343, 0.011462714523077011, 0.014601804316043854, 0.0005665293429046869, 0.06032208353281021, -0.042908359318971634, -0.0009919023141264915, -0.02621014043688774, -0.026542415842413902, 0.0033117940183728933, -0.02922481670975685, 0.020847776904702187, 0.012594747357070446, -0.013804047368466854, 0.0015976628055796027, 0.04773096367716789, -0.0024805983994156122, 0.007969708181917667, 0.04752994328737259, -0.016216585412621498, -0.0027577681466937065, 0.004229565616697073, -0.014139738865196705, -0.0322539247572422, -0.035024553537368774, -0.04410228133201599, -0.02584189735352993, -0.0003870694199576974, 0.02745767869055271, 0.0044040377251803875, -0.015182435512542725, 0.004281262401491404, -0.020740723237395287, -0.022092269733548164, 0.012098985724151134, 0.016731273382902145, -0.016324874013662338, -0.03805208578705788, -0.0004951190785504878, -0.03971182927489281, -0.020035021007061005, 0.00990587193518877, -0.0007101063965819776, -0.02027980238199234, 0.0019139675423502922, -0.023860158398747444, -0.004374421667307615, 0.007847506552934647, 0.027538862079381943, 0.04539788141846657, -0.01757635734975338, -0.011389932595193386, 0.037955645471811295, -0.0005666348151862621, 0.01656946912407875, -0.011581262573599815, -0.012117519974708557, -0.04929789528250694, 0.005319020710885525, 0.007697801571339369, -0.003689719131216407, -0.01052892580628395, 0.04032798111438751, 0.001509945490397513, 0.001696200342848897, -0.0020044022239744663, -0.00044131200411356986, -0.005935955792665482, 0.02610727772116661, -0.018396569415926933, -0.041230205446481705, -0.016448233276605606, 0.017911091446876526, -0.03950712829828262, -0.056676823645830154, -0.0633421391248703, 0.02943708747625351, -0.025806231424212456, -0.044882114976644516, 0.026004930958151817, 0.028243182227015495, 0.012705634348094463, 0.007489992771297693, 0.00998517032712698, -0.022943994030356407, 0.029201535508036613, 0.04269254207611084, 0.020921558141708374, 0.017461923882365227, 0.037707891315221786, 0.02150736004114151, -0.01349529717117548, 0.001985537353903055, 0.0016578832874074578, 0.025592101737856865, -0.034711845219135284, -0.0025016379076987505, -0.03739595040678978, -0.01848759688436985, -0.000497217639349401, -0.0006389912450686097, 0.08132965862751007, -0.021857816725969315, -0.04759911075234413, 0.056612078100442886, 0.019616704434156418, 0.0375886932015419, 0.009758290834724903, 0.009915158152580261, -0.06042807921767235, 0.028120001778006554, -0.04882971569895744, -0.06397261470556259, -0.019135164096951485, -0.01911010593175888, -0.023354634642601013, -0.038357924669981, -0.008830960839986801, 0.046292733401060104, 0.005357338115572929, -0.043662410229444504, -0.012813782319426537, -0.01921720989048481, -0.16242344677448273, 0.019667958840727806, 0.017784124240279198, 0.0004780323652084917, -0.0069477129727602005, -0.014539211988449097, -0.011463389731943607, 0.03148703649640083, -0.006168802734464407, 0.030169757083058357, 0.021228911355137825, -0.05641729012131691, 0.004405083134770393, -0.00741993635892868, -0.017620617523789406, -0.03726322203874588, -0.025769846513867378, -0.006817871239036322, 0.024657294154167175, -0.035218849778175354, 0.01872187666594982, -0.007832308299839497, 0.03350059688091278, 0.009017491713166237, -0.01490210834890604, -0.026607660576701164, 0.04867621138691902, -0.050440236926078796, -0.058746278285980225, -0.010350487194955349, -0.05090949684381485, 0.007110269740223885, -0.0031292203348129988, 0.048773717135190964, 0.02194192260503769, 0.04898299276828766, 0.02301526628434658, 0.021857988089323044, -0.012217392213642597, -0.0026846013497561216, 0.011624126695096493, 0.01768268644809723, -0.027119312435388565, 0.039838019758462906, 0.0023673425894230604, 0.007517651189118624, 0.00831933319568634, -0.00783690344542265, -0.06260021775960922, -0.029414594173431396, -0.004860966932028532, -0.02860221453011036, -0.0013841141480952501, -0.009796753525733948, -0.008580012246966362, 0.02548312023282051, -0.030868057161569595, 0.024303069338202477, -0.002101338002830744, 0.00639380794018507, -0.02073649689555168, -0.046947725117206573, 0.013009076938033104, 0.017045607790350914, -0.030715124681591988, -0.059657953679561615, 0.019593331962823868, -0.03334306925535202, 0.03473552688956261, -0.03883587568998337, 0.046648867428302765, -0.020584719255566597, 0.035196177661418915, 0.010205724276602268, -0.039884768426418304, 0.008731956593692303, 0.0174623541533947, -0.04303939640522003, 0.011742743663489819, -0.07636536657810211, 0.004146925173699856, -0.009570018388330936, 0.011722667142748833, -0.0009355955407954752, -0.0193709135055542, -0.04292589798569679, 0.003347924444824457, -0.0070543186739087105, 0.020844759419560432, 0.24813203513622284, 0.031077340245246887, 0.004316756036132574, -0.014154779724776745, 0.015028159134089947, -0.011740217916667461, 0.02562747336924076, 0.044594455510377884, -0.01757730171084404, -0.05150182917714119, 0.0005879687378183007, 0.018061300739645958, 0.006768444087356329, -0.002285704715177417, -0.008271672762930393, -0.0016270054038614035, -0.04581458121538162, 0.009998875670135021, 0.09042135626077652, -0.030393211171030998, 0.021484948694705963, -0.04592326283454895, 0.016785142943263054, -0.0006163319339975715, -0.04417702928185463, -0.07440128922462463, -0.003321821801364422, 0.058446936309337616, 0.02243627794086933, 0.03624387085437775, -0.02955714985728264, 0.029475459828972816, 0.03705565258860588, -0.03262390196323395, -0.047609783709049225, 0.01597796194255352, 0.016899913549423218, -0.034314703196287155, -0.0015615501906722784, 0.031556013971567154, -0.024236232042312622, -0.029176749289035797, -0.02008277177810669, -0.005256393924355507, -0.01701139099895954, -0.048030704259872437, 0.02093721367418766, -0.0013493819860741496, 0.02958456613123417, -0.02237980253994465, 0.031704261898994446, -0.03036910854279995, 0.010089327581226826, -0.0032085287384688854, 0.06332585215568542, -0.020926805213093758, -0.008481110446155071, -0.011614548973739147, -0.004458652343600988, 0.05220832675695419, 0.01866704598069191, 0.017569398507475853, -0.052728015929460526, 0.003080058842897415, 0.026384972035884857, 0.03554757684469223, -0.03348314389586449, -0.050924159586429596, 0.018369195982813835, 0.04026072099804878, 0.030913960188627243, 0.004589624237269163, -0.02634114772081375, -0.03114168904721737, -0.013608126901090145, 0.01967024989426136, 0.005327335558831692, 0.030261367559432983, -0.0161697119474411, 0.04325740039348602, -0.004811760038137436, -0.04693610593676567, -0.027739835903048515, 0.034147754311561584, 0.017806200310587883, -0.02005205675959587, 0.004915241152048111, 0.0431523323059082, 0.01483658142387867, -0.02849988453090191, -0.00034437960130162537, -0.007173675112426281, -0.03842710331082344, 0.03661240637302399, -0.03230161592364311, -0.03543998301029205, 0.0247353482991457, -0.02068491466343403, -0.010336742736399174, 0.0011927805608138442, 0.0011728572426363826, -0.03672724589705467, -0.02398611046373844, 0.005333285313099623, 0.01872967928647995, -0.018024543300271034, -0.031910575926303864, 0.014841409400105476, 0.0014138745609670877, 0.02294888161122799, -0.04354497045278549, 0.022513745352625847, 0.016978058964014053, -0.008926588110625744, 0.027799692004919052, 0.008685589767992496, 0.0313987173140049, 0.03567149117588997, 0.021928798407316208, -0.006604315713047981, -0.008857757784426212, -0.04203746095299721, 0.016889214515686035, -0.06200306862592697, 0.020256951451301575, -0.05565021559596062, -0.020396897569298744, 0.014862103387713432, -0.018198417499661446, 0.029096296057105064, 0.014740628190338612, -0.0017232333775609732, -0.013019821606576443, 0.016031060367822647, 0.05020463839173317, 0.01451672799885273, 0.029622085392475128, 0.04024595022201538, 0.03097260743379593, 0.0319337472319603, 0.009427268989384174, 0.007732335012406111, -0.0297299325466156, -0.002898688428103924, 0.005535868462175131, 0.03366513550281525, -0.012743804603815079, -0.018014857545495033, -0.02129904180765152, 0.02282956801354885, 0.043322689831256866, 0.021626481786370277, 0.049020834267139435, -0.016305532306432724, -0.01345911342650652, -0.028629541397094727, -0.0431775338947773, -0.016034582629799843, 0.01348393689841032, 0.00024353736080229282, -0.01619664765894413, 0.02444247528910637, 0.035222407430410385, 0.012318224646151066, 0.005145962815731764, 0.023628801107406616, -0.014040856622159481, 0.04960748553276062, -0.016284307464957237, -0.03788423165678978, 0.029220109805464745, -0.013614742085337639, -0.03409510850906372, 0.03116980567574501, -0.014856899157166481, -0.05176391452550888, -0.05733257159590721, -0.016250774264335632, -0.005318677518516779, -0.014182155020534992, 0.009220072068274021, 0.013243305496871471, -0.02514067478477955, -0.03169414401054382, 0.026662306860089302, 0.008615043014287949, -0.01882302016019821, -0.02574746683239937, 0.024257022887468338, -0.032026104629039764, 0.002632476855069399, 0.12660104036331177, 0.007040038239210844, -0.024445414543151855, 0.025761380791664124, -0.011456247419118881, 0.0018561450997367501, 0.019218886271119118, 0.005638515576720238, -0.04413069784641266, 0.018063513562083244, -0.012975250370800495, -7.982835813891143e-05, -0.019496234133839607, -0.027343086898326874, 0.00615248829126358, -0.012723068706691265, 0.004995386116206646, -0.01884717121720314, -0.011851276271045208, -0.016900094226002693, -0.018891632556915283, 0.016681669279932976, 0.02221047692000866, 0.032063957303762436, 0.004706318490207195, 0.07162316888570786, 0.008273766376078129, 0.016628941521048546, -0.0718255341053009, -0.002710438333451748, -0.012807760387659073, 0.003038679715245962, -0.0271317046135664, -0.02095315046608448, 0.004390439949929714, -0.0002680352481547743, -0.05269696190953255, 0.03172876313328743, 0.01427511963993311, 0.005177414510399103, -0.05925790220499039, 0.018547624349594116, -0.0060997153632342815, 0.01611539162695408, -0.030953804031014442, -0.0018455692334100604, 0.0498107448220253, -0.06171315908432007, -0.03253459930419922, 0.00725818146020174, -0.007611448876559734, 0.015321504324674606, 0.10567425191402435, -0.015224144794046879, 0.05272054299712181, 0.011049913242459297, -0.03568611666560173, 0.007438980042934418, 0.03382304310798645, -0.0397721603512764, 0.00999500136822462, 0.04155662655830383, -0.028371989727020264, -0.021208694204688072, -0.002374508185312152, -0.009159855544567108, -0.0006848639459349215, -0.02190280146896839, 0.003881377400830388, -0.010376330465078354, 0.04429289698600769, -0.011856083758175373, -0.03177255019545555, -0.03670366853475571, -0.08183293044567108, 0.02634528838098049, -0.0077164969407022, -0.04654383659362793, -0.00537427794188261, -0.01758541353046894, -0.006822079885751009, -0.0007810325478203595, -0.04806024953722954, 0.07765929400920868, -0.0015602537896484137, -0.005132462829351425, -0.0176684632897377, 0.03295503184199333, 0.067795529961586, -0.030950285494327545, 0.015443147160112858, -0.015441534109413624, 0.04381917789578438, -0.004660096950829029, -0.017117802053689957, 0.0015569637762382627, -0.0030828132294118404, 0.038779787719249725, -0.07966913282871246, -0.0039101243019104, -0.031049350276589394, -0.04209545999765396, 0.009508266113698483, -0.03526229038834572, -0.04175275191664696, -0.03498214855790138, 0.02418801747262478, -0.018978597596287727, 0.00394411152228713, -0.002688594162464142, 0.037693023681640625, 0.007789393421262503, -0.03405341878533363, -0.0029406151734292507, 0.016758859157562256, -0.001275678863748908, -0.01629658043384552, 0.01788516901433468, -0.01366442907601595, 0.001576052512973547, -0.013442015275359154, -0.00934589747339487, 0.019218498840928078, 0.03427021577954292, -0.00572667783126235, 0.03881944343447685, -0.03569614887237549, 0.026540424674749374, -0.0044048321433365345, 0.04912591725587845, -0.028490187600255013, -0.024129735305905342, 0.0014030185993760824, -0.019946079701185226, -0.00505569064989686, 0.018711576238274574, 0.011956085450947285, -0.005175398197025061, -0.024747613817453384, -0.022394223138689995, -0.029152706265449524, -0.0064077191054821014, 0.009540493600070477, 0.0500517413020134, 0.012773077934980392, 0.014251369051635265, 0.017123989760875702, 0.03411760553717613, -0.004863515961915255, -0.01548840943723917, 0.002921206643804908, 0.03804090991616249, -0.028634361922740936, 0.01654832623898983, -0.004065294750034809, -0.01430610753595829, 0.005044892895966768, 0.02321057766675949, -0.039832703769207, -0.013483786024153233, 0.04900155961513519, -0.032538510859012604, -0.05146227404475212, 0.006516423542052507, 0.012234484776854515, 0.014532125554978848, 0.02939417213201523, 0.040787506848573685, 0.0010052219731733203, -0.03330951929092407, 0.006011955440044403, 0.007701174821704626, 0.008897418156266212, 0.0011516930535435677, 0.02789895609021187, 0.011231468990445137, 0.02266363427042961, 0.010926729068160057, 0.006132588256150484, -0.059282366186380386, 0.002051296178251505, 0.03486822172999382, 0.009858171455562115, -0.04678385704755783, 0.04679613560438156, -0.012237180955708027, -0.007203380577266216, -0.0022623129189014435, -0.03466566279530525, -0.013033868744969368, 0.013101207092404366, -0.056939058005809784, -0.01830275170505047, -0.02314373292028904, -0.03962976112961769, -0.018788261339068413, 0.012884031981229782, 0.005672515835613012, -0.016033006832003593, -0.010575671680271626, -0.031593985855579376, -0.02983095310628414, 0.0008000736706890166, -0.16122359037399292, 0.032660190016031265, -0.001783229992724955, 0.00596877234056592, -0.01057147141546011, 0.0066533638164401054, -0.017484087496995926, -0.0344674177467823, 0.009979810565710068, -0.02936711721122265, -0.005738535895943642, 0.016246624290943146, 0.00988327618688345, -0.0004993088659830391, -0.03872586041688919, -6.176905299071223e-05, 0.004710176028311253, 0.027601776644587517, -0.026802238076925278, 0.0146952448412776, -0.005496636964380741, -0.025263052433729172, 0.03527555242180824, 0.013628250919282436, 0.0026797172613441944, -0.02305345982313156, -0.02479696273803711, 0.0371200367808342, -0.01169669907540083, -0.02839302271604538, 0.02472284995019436, -0.03204046189785004, 0.019163290038704872, 0.0655801072716713, 0.04127125069499016, 0.08436454087495804, -0.0038134511560201645, -0.019041942432522774, -0.03286721184849739, 0.00654370803385973, 0.0482332743704319, 0.020771373063325882, -0.022605013102293015, -0.01743902638554573, 0.022428689524531364, 0.029514916241168976, 0.029918892309069633, 0.006266473326832056, -0.01430336944758892, 0.004166071768850088, -0.010691693052649498, 0.06151745468378067, -0.0005040754331275821, 0.05788756534457207, -0.006562804337590933, -0.05337913706898689, -0.07428844273090363, -0.0015475059626623988, 0.014327788725495338, -0.031505659222602844, -0.041919924318790436, 0.017288200557231903, -0.04136518016457558, -0.07404070347547531, -0.040319498628377914, 0.04323439672589302, -0.0789937749505043, 0.010479990392923355, -0.002454373985528946, 0.04404748976230621, -0.01681065373122692, 0.019706204533576965, 0.006239535287022591, -0.023869507014751434, 0.013059969060122967, 0.023180371150374413, 0.029251985251903534, 0.00418391777202487, -0.030397294089198112, -0.022910721600055695, -0.047570355236530304, -0.02700076624751091, -0.0353379100561142, 0.05908840894699097, 0.010870617814362049, 0.058483220636844635, -0.0354551300406456, 0.009933781810104847, -0.11209387332201004, 0.015572529286146164, -0.04541098326444626, -3.2485440897289664e-05, 0.01097585167735815, 0.0063973418436944485, -0.036996640264987946, 0.02331644482910633, -0.018735049292445183, 0.012643793597817421, -0.01237292867153883, -0.0037812464870512486, 0.019810019060969353, -0.013982424512505531, -0.001586551545187831, 0.008084381930530071, -0.012299883179366589, -0.009668480604887009, 0.029432890936732292, -0.005048772320151329, 0.03809330239892006, -0.030737364664673805, -0.05282459408044815, 0.0023064801935106516, -0.018667304888367653, 0.015995603054761887, -0.03179343417286873, -0.009569796733558178, 0.017674308270215988, -0.0013043130747973919, -0.030764752998948097, -0.00026775270816870034, 0.006724266335368156, 0.008462077006697655, 0.029522914439439774, -0.04429928585886955, 0.036122724413871765, 0.01798555627465248, 0.056943800300359726, 0.048257071524858475, -0.013711053878068924, 0.03931139409542084, 0.017177559435367584, -0.07944884896278381, 0.013343923725187778, 0.0028943882789462805, 0.03663288429379463, 0.04546905308961868, -0.030105337500572205, 0.05907795578241348, -0.04002665728330612, -0.05198847874999046, 0.009938135743141174, -0.002467211801558733, -0.003189840354025364, -0.025566723197698593, -0.022369900718331337, 0.022816196084022522, -0.004872311372309923, -0.005315395537763834, 0.0070480043068528175, -0.031648751348257065, 0.04913448914885521, 0.007286386098712683, -0.0034696185030043125, 0.027660027146339417, 0.019454922527074814, -0.017466649413108826, -0.03749250993132591, -0.005220688413828611, 0.016301319003105164, 0.015627985820174217, -0.006357281003147364, 0.0008743962389416993, -0.024024151265621185, -0.04455457255244255, -0.014499385841190815, -0.007302021142095327, -0.004889883100986481, -0.007147877477109432, -0.0021332495380192995, -0.01446067076176405, 0.0164813119918108, 0.048496417701244354, -0.05238185077905655, -0.020023982971906662, 0.03220367059111595, -0.026727251708507538, 0.006724818143993616, -0.0036056877579540014, 0.08414238691329956, -0.01564079150557518, 0.037094321101903915, 0.011278108693659306, 0.05284906551241875, 0.03368621692061424, 0.011759447865188122, 0.026969926431775093, 0.021744156256318092, -0.009814079850912094, -0.02352767251431942, 0.0013240870321169496, 0.0045652687549591064, -0.024544617161154747, -0.02446787990629673, 0.007803292013704777, 0.05247219279408455, -0.006480097305029631, 0.015541215427219868, 0.029727941378951073, -0.00040869106305763125, 0.03350566700100899, -0.010954348370432854, 0.016394546255469322, -0.022496363148093224, -0.04577169567346573, -0.019891822710633278, 0.009493069723248482, 0.015628116205334663, 0.05665295571088791, -0.01460864208638668, 0.021642036736011505, -0.01935427449643612, -0.024316847324371338, -0.01392333023250103, 0.05200577154755592, -0.037369631230831146, 0.028843954205513, 0.016107404604554176, 0.014095554128289223, 0.01691383682191372, 0.017563097178936005, 0.011941999197006226, -0.013356087729334831, -0.0077776662074029446, 0.00015880982391536236, -0.007194219157099724, 0.0003804373263847083, -0.005185494665056467, -0.005402201320976019, -0.026614375412464142, -0.003909932915121317, -0.016186503693461418, 0.03881094232201576, -0.01630130223929882, 0.06671662628650665, -0.0010333596728742123, -0.015009058639407158, 0.02548391930758953, 0.040227822959423065, -0.018939347937703133, -0.00822130311280489, 0.027791032567620277, 0.0021172717679291964, 0.0060628377832472324, 0.002862714696675539]",,
15_1_0_docs_01_app_03_api_reference_03_file_conventions_01_metadata_sitemap_mdx_section_6_code_1,code_snippet,15_1_0_docs_01_app_03_api_reference_03_file_conventions_01_metadata_sitemap_mdx_section_6,Generate a localized Sitemap - code_1,,"{'programming_language': 'ts', 'filename': 'app/sitemap.ts', 'switcher': True}",15.1.0,,"import type { MetadataRoute } from 'next'

export default function sitemap(): MetadataRoute.Sitemap {
  return [
    {
      url: 'https://acme.com',
      lastModified: new Date(),
      alternates: {
        languages: {
          es: 'https://acme.com/es',
          de: 'https://acme.com/de',
        },
      },
    },
    {
      url: 'https://acme.com/about',
      lastModified: new Date(),
      alternates: {
        languages: {
          es: 'https://acme.com/es/about',
          de: 'https://acme.com/de/about',
        },
      },
    },
    {
      url: 'https://acme.com/blog',
      lastModified: new Date(),
      alternates: {
        languages: {
          es: 'https://acme.com/es/blog',
          de: 'https://acme.com/de/blog',
        },
      },
    },
  ]
}
","[(np.int64(5), np.float64(0.08809924125671387)), (np.int64(64), np.float64(0.11188209801912308)), (np.int64(933), np.float64(0.2666224241256714)), (np.int64(4027), np.float64(0.221479594707489)), (np.int64(11090), np.float64(0.20846214890480042)), (np.int64(61636), np.float64(0.2414492815732956)), (np.int64(62346), np.float64(0.2625124454498291))]",,"[-0.03243805095553398, -0.034250445663928986, -0.00030206236988306046, 0.016712611541152, -0.02617812156677246, -0.02108597941696644, -0.002912563970312476, 0.03045494109392166, -0.006081234663724899, 0.0070400177501142025, 0.015031619928777218, 0.01372591219842434, -0.015566620975732803, 0.022249452769756317, -0.010629842057824135, 0.0332416407763958, 0.006962019018828869, 0.0015273328172042966, 0.026878144592046738, -0.032849814742803574, -0.0057490915060043335, -0.008228331804275513, 0.017282579094171524, -0.013663385063409805, 0.0016961671644821763, 0.018683960661292076, 0.025199947878718376, -0.009662042371928692, -0.018101448193192482, 0.014047368429601192, -0.00029361387714743614, 0.04830799251794815, -0.007362476084381342, -0.00035821288474835455, -0.051754917949438095, -0.009169405326247215, -0.01167659554630518, -0.034133970737457275, -0.051267366856336594, 0.05340874567627907, -0.006994889583438635, -0.016223158687353134, -0.014203126542270184, -0.016108563169836998, 0.03629192337393761, -0.047964341938495636, 0.020464174449443817, -0.03560040518641472, 0.0030925425235182047, -0.03205321729183197, -0.04387738183140755, 0.002284844173118472, -0.01182128582149744, -0.02777331881225109, 0.041946448385715485, 0.003273941343650222, -0.01437367219477892, -0.017610104754567146, -0.07327508926391602, -0.02943771705031395, -0.000847057206556201, -0.012089284136891365, -0.021952258422970772, 0.0427820049226284, 0.05180925503373146, 0.026549411937594414, 0.00863073579967022, -0.01600523293018341, -0.018555384129285812, -0.04216211289167404, 0.002108968561515212, 0.03687100112438202, -0.04418882727622986, -0.06287164241075516, -0.031157994642853737, 0.028815297409892082, 0.004015399608761072, -0.006768801249563694, -0.00556002976372838, 0.013433817774057388, 0.009530160576105118, -0.0030945974867790937, 0.040490858256816864, 0.008042667992413044, 0.02801288105547428, -0.0482117235660553, -0.05098508298397064, 0.03503303974866867, -0.004344971850514412, 0.04071034491062164, -0.020539212971925735, -0.0035761462058871984, 0.05854609236121178, -0.05045546963810921, -0.015110704116523266, -0.049056556075811386, -0.002510901540517807, 0.005606716498732567, 0.052567098289728165, 0.00488344905897975, -0.03255278617143631, -0.01001665461808443, 0.01122250035405159, 0.01671708934009075, 0.036885421723127365, -0.011056333780288696, -0.004417658783495426, -0.04030086100101471, -0.019386272877454758, 0.004754265770316124, 0.008982823230326176, 0.01918792724609375, -0.008352500386536121, -0.004816463217139244, -0.0009474207763560116, -0.051532939076423645, 0.0016676121158525348, -0.02220076136291027, 0.0119948023930192, 0.014264094643294811, 0.031942058354616165, 0.024979567155241966, 0.024368900805711746, -0.004826569464057684, 0.0007116564665921032, 0.033334191888570786, -0.009921872988343239, 0.02630355767905712, -0.01628178544342518, 0.028168506920337677, 0.017104621976614, 0.01545315608382225, -0.04775117710232735, -0.008703910745680332, -0.001143806497566402, -0.011015751399099827, -0.0004110390436835587, 0.033691152930259705, -0.00530246552079916, -0.07019299268722534, 0.021583253517746925, 0.03445575386285782, -0.06049608811736107, -0.007026515901088715, 0.04513978213071823, -0.040561530739068985, 0.01719551719725132, -0.015507511794567108, -0.01617577113211155, -0.01858006790280342, 0.006564090959727764, 0.045428790152072906, 0.026566533371806145, 0.005121148657053709, -0.021076735109090805, -0.04623274505138397, -0.02492797002196312, -0.008145344443619251, 0.0379817821085453, 0.012147235684096813, -0.03306572511792183, 0.03869839012622833, -0.05825519189238548, 0.030728744342923164, 0.0620826818048954, -0.02823547273874283, -0.007443084381520748, 0.004227359313517809, -0.02982846461236477, -0.04986945539712906, 0.02675933763384819, -0.02440754882991314, 0.00417287414893508, 0.021883396431803703, 0.01973588578402996, 0.023367390036582947, 0.07031529396772385, 0.031265128403902054, 0.017720283940434456, -0.017891008406877518, -0.008439023047685623, 0.01712993159890175, -0.035797927528619766, -0.037775617092847824, -0.03181421384215355, 0.004521151073276997, -0.03119424730539322, -0.02202955074608326, -0.011689058504998684, 0.002872651210054755, -0.01581890694797039, 0.01396886259317398, 0.052781861275434494, 0.050814200192689896, -0.0025032106786966324, 0.019032329320907593, 0.03014087863266468, 0.03224265202879906, -0.04621977359056473, -0.012723531574010849, -0.004861484747380018, -0.0059078168123960495, 0.0030076028779149055, -0.013995659537613392, -0.03646279498934746, -0.0006297756335698068, -0.025152983143925667, -0.048531245440244675, -0.032762136310338974, -0.012505710124969482, -0.011453027836978436, 0.012674820609390736, -0.022886972874403, -0.01903032511472702, -0.053600944578647614, -0.04237742722034454, 0.014028113335371017, -0.005033485125750303, -0.008863880299031734, -0.013608541339635849, -0.01437256671488285, 0.05275639891624451, 0.014416662976145744, 0.03033774346113205, -0.002142108278349042, -0.006812655366957188, 0.03760194778442383, 0.032857440412044525, 0.007963720709085464, 0.028685731813311577, -0.015286596491932869, 0.011134697124361992, 0.008049371652305126, 0.00620697159320116, 0.05749981850385666, -0.054272592067718506, -0.023179499432444572, -0.008769173175096512, 0.025572501122951508, -0.020261386409401894, -0.08552145957946777, -0.05827520787715912, -0.0017655703704804182, 0.00501097971573472, -0.05635925754904747, 0.05391595512628555, -0.025112928822636604, 0.012534684501588345, -0.0021446403115987778, -0.020206639543175697, 0.016657646745443344, -0.0065051899291574955, -0.07346435636281967, -0.017906004562973976, 0.0303336288779974, 0.011889690533280373, 0.009018982760608196, -0.025280296802520752, -0.03484848141670227, -0.001499827136285603, 0.006216248031705618, 0.036438241600990295, 0.0158841535449028, 0.032837655395269394, -0.02967163547873497, -0.03276316449046135, -0.026793263852596283, -0.00583683280274272, 0.040661588311195374, 0.023597661405801773, -0.054006997495889664, 0.009434671141207218, 0.0030461845453828573, -0.03713676705956459, -0.014310193248093128, 0.018073795363307, -0.036840230226516724, -0.01890997402369976, 0.09706339240074158, 0.010175139643251896, -0.0028670092578977346, 0.027356913313269615, 0.011190725490450859, -0.028160808607935905, 0.06184043735265732, -0.07945498079061508, 0.018542414531111717, 0.01229497604072094, 0.0002471542975399643, -0.04074441269040108, -0.03268460929393768, 0.011452971957623959, 0.07124489545822144, -0.011149438098073006, -0.021198255941271782, -0.009497065097093582, -0.0061142100021243095, -0.15153983235359192, -0.04358963668346405, 0.00012709636939689517, 0.00872444175183773, 0.012151670642197132, -0.0022874141577631235, 0.01715346984565258, -0.02669232152402401, 0.031025804579257965, 0.015515932813286781, -0.020862972363829613, -0.0649595633149147, -0.013648226857185364, -0.0607353039085865, 0.03124682791531086, 0.018595144152641296, 0.011416727676987648, 0.005270184483379126, -0.003628326812759042, -0.03442438319325447, -0.01970084384083748, -0.014118004590272903, -0.013135631568729877, 0.006611221469938755, 0.005634990055114031, -0.04329260438680649, 0.023539066314697266, -0.01643870770931244, 0.02577868290245533, 0.032270416617393494, -0.016993064433336258, -0.027645893394947052, -0.0033551554661244154, -0.008799144066870213, 0.02719890885055065, 0.024512195959687233, 0.011954009532928467, 0.024177633225917816, -0.021272551268339157, 0.029760805889964104, 0.017231037840247154, -0.009312387555837631, 0.004160103388130665, -0.0010311086662113667, -0.03156806901097298, -0.007908974774181843, 0.0023029539734125137, 0.016441361978650093, -0.07339747995138168, 0.02266644686460495, -0.01228583324700594, -0.029935764148831367, 0.03916756808757782, -0.018286418169736862, -0.03915040194988251, -0.013059934601187706, 0.012404144741594791, 0.017718546092510223, -0.027719654142856598, -0.0011092775966972113, 0.005164972506463528, 0.033134881407022476, 0.018850816413760185, -0.03418179228901863, -0.029484529048204422, -0.013015802949666977, 0.043087925761938095, -0.0021060756407678127, 0.012830955907702446, -0.04300547018647194, 0.039166584610939026, 0.019081544131040573, 0.02936926856637001, 0.02803046628832817, -0.01316907163709402, 0.03425298258662224, -0.000704568054061383, -0.003186444751918316, 0.02867043763399124, -0.09380025416612625, -0.02285989746451378, 0.008205369114875793, 0.024514224380254745, 0.03734187036752701, -0.02412014827132225, -0.028996247798204422, 0.011937267147004604, 0.010419241152703762, 0.04481513425707817, 0.23656156659126282, -0.0051981913857162, -0.005823531653732061, -0.014686387032270432, 0.059102028608322144, 0.014053800143301487, -0.0006216554320417345, 0.041520342230796814, 0.04747918248176575, -0.0069631426595151424, 0.007792273070663214, 0.010994388721883297, -0.01632438600063324, -0.046090077608823776, 0.03293868154287338, 0.014167631044983864, -0.05939028784632683, 0.024991026148200035, 0.047924213111400604, -0.026515083387494087, 0.02998650260269642, -0.05598387122154236, -0.029480285942554474, 0.040508270263671875, -0.05413149669766426, -0.004319703672081232, 0.0120801767334342, -0.013581166043877602, -0.039668407291173935, 0.051147572696208954, -0.011207972653210163, -0.006459119729697704, 0.028714746236801147, -0.025785371661186218, -0.04844534769654274, -0.00993476901203394, 0.0260691586881876, -0.042866386473178864, -0.019170144572854042, 0.031830865889787674, 0.016878962516784668, -0.018216144293546677, -0.0008962024003267288, 0.043373461812734604, -0.007020588032901287, -0.01474845316261053, 0.014404390938580036, -0.051262371242046356, -0.019709667190909386, -0.01098889671266079, -0.023226864635944366, -0.05446164682507515, -0.011442108079791069, 0.004190690349787474, 0.05133567750453949, -0.035603418946266174, 0.01924404315650463, 0.0411253497004509, -0.013140746392309666, 0.01718333549797535, 0.06092279404401779, 0.013213158585131168, -0.04053313285112381, -0.007247703615576029, -0.030081627890467644, -0.0034977495670318604, 0.02368653565645218, -0.000591870048083365, 0.01581965573132038, 0.056948401033878326, -0.003412652527913451, 0.05157631263136864, 0.009942242875695229, -0.00972397904843092, 0.010863249190151691, 0.003471526550129056, 0.011915554292500019, 0.03711064159870148, -0.008128833957016468, 0.05912074074149132, 0.016724903136491776, 0.010032148100435734, -0.04405319690704346, 0.014725705608725548, 0.03390772268176079, -0.02133072540163994, 0.05450437217950821, 0.026378614827990532, -0.03673161193728447, -0.008708233013749123, -0.013874758034944534, -0.026270760223269463, -0.006747122388333082, 0.06847745925188065, -0.009041428565979004, -0.0070902020670473576, 0.02015279233455658, 0.0018163442146033049, -0.03395957127213478, 0.0013169713784009218, -0.023487098515033722, -0.023413220420479774, 0.007965615019202232, -0.013077333569526672, 0.0057061356492340565, -0.018719494342803955, 0.0333838127553463, 0.02808493748307228, -0.009280204772949219, 0.00850636139512062, -0.04690959304571152, 0.018659193068742752, -0.013721178285777569, -0.012773173861205578, -0.013166827149689198, 0.028561465442180634, 0.04654460400342941, 0.0197630375623703, -0.0050611719489097595, 0.013140947557985783, -0.023608502000570297, -0.014198331162333488, -0.04571191221475601, -0.010582259856164455, 0.016012312844395638, -0.011114654131233692, -0.01700720004737377, 0.0021583132911473513, -0.05335100367665291, 0.019812867045402527, 0.0008812585729174316, -0.03406889736652374, -0.022145239636301994, 0.04230165854096413, 0.024295607581734657, 0.029645824804902077, -0.008805761113762856, 0.02124667726457119, 0.01018546987324953, 0.0392061248421669, -0.03300970792770386, 0.034488074481487274, -0.01565680094063282, 0.011031164787709713, 0.027830632403492928, 0.024227453395724297, 0.07608502358198166, 0.004472443833947182, -0.005612314213067293, 0.02901167795062065, 0.06808286905288696, 0.01894569955766201, 0.03769989311695099, -0.07975756376981735, -0.007810269016772509, -0.04398205876350403, 0.004360605496913195, -7.93586514191702e-05, -0.025000981986522675, -0.028380297124385834, 0.011056890711188316, -0.010419958271086216, 0.032868411391973495, 0.07619453966617584, 0.02098625712096691, -0.020702391862869263, -0.07275775074958801, 0.04355819895863533, 0.021060766652226448, 0.027269897982478142, 0.005111738108098507, 0.008188753388822079, -0.07492716610431671, 0.029092496261000633, 0.0014311934355646372, 0.01733422838151455, -0.024828443303704262, -0.008173307403922081, -0.024102287366986275, 0.03138665482401848, 0.03402014821767807, 0.006635662633925676, -0.028120150789618492, 0.0017964727012440562, 0.01608762890100479, 0.02870921604335308, -0.01621735282242298, -0.009299520403146744, 0.029742328450083733, 0.0005088933394290507, -0.014574774540960789, 0.09708806872367859, 0.0017698233714327216, -0.013997727073729038, 0.04793064668774605, 0.004284145776182413, 0.025476522743701935, 0.0032332444097846746, -0.013001284562051296, -0.0372031144797802, 0.007639912888407707, 0.02781350538134575, -0.014788493514060974, 0.03471921384334564, -0.017097260802984238, -0.005261986516416073, -0.02537880837917328, 0.002496653236448765, -0.020334744825959206, 0.034862302243709564, -0.015953535214066505, 0.04382883012294769, -0.012431210838258266, 0.012786197476089, 0.007183181121945381, -0.008813044056296349, 0.039383355528116226, -0.0188275296241045, 0.006730025168508291, 0.01919497177004814, -0.01226770132780075, 0.001413700869306922, -0.009053833782672882, -0.05055813491344452, -0.017365099862217903, -0.006732347421348095, 0.026435092091560364, -0.010216878727078438, -0.02312958613038063, 0.0578160285949707, -0.01529498677700758, 0.03571879863739014, 0.019761495292186737, -0.03415043279528618, 0.010042932815849781, 0.022096069529652596, 0.020281929522752762, 0.017432045191526413, 0.047224078327417374, -0.03718983754515648, 0.007159423548728228, -0.0012238137423992157, -0.026488788425922394, 0.04853517562150955, 0.001698935404419899, 0.057596322149038315, -0.044173918664455414, -0.03435899317264557, 0.008439705707132816, -0.03319380059838295, -0.015090872533619404, -0.02516692318022251, 0.011352946050465107, 0.005016333889216185, 0.04629850760102272, 0.005649102386087179, 0.016497597098350525, 0.02586972527205944, -0.041381388902664185, 0.038716476410627365, 0.003284882754087448, 0.0201150830835104, 0.001130086020566523, 0.0011875585187226534, 0.022572258487343788, -0.04080690070986748, 0.05803912505507469, -0.022265547886490822, -0.03171643242239952, -0.04816111922264099, 0.01678747683763504, 0.002111816545948386, -0.032998230308294296, -0.011170837096869946, -0.017110835760831833, 0.012219714932143688, 0.009435046464204788, -0.002918064361438155, 0.01634407788515091, -0.01264997012913227, -0.021621059626340866, 0.016484634950757027, 0.02913343533873558, -0.005198514088988304, -0.018557792529463768, 0.031468141824007034, 0.02873959392309189, -0.026013856753706932, 0.026182373985648155, -0.049998022615909576, -0.008173549547791481, -0.03925324231386185, -0.02170492708683014, -0.002673529554158449, -0.03045700676739216, -0.0026156986132264137, -0.01365246158093214, 0.07328642159700394, -0.015624667517840862, 0.03156270086765289, 0.017593422904610634, 0.026266947388648987, 0.004446547012776136, -0.01043783687055111, -0.034226611256599426, 0.03040003590285778, -0.00766975712031126, 0.010972992517054081, 0.07167402654886246, -0.04350591078400612, 0.00732454052194953, -0.024456314742565155, -0.005507500842213631, 0.024683304131031036, 0.0392058864235878, -0.036593418568372726, 0.04349407181143761, -0.026692451909184456, -0.004651701543480158, -0.01675874926149845, 0.02631889469921589, 0.009985978715121746, 0.0025594779290258884, -0.016922758892178535, -0.023492589592933655, 0.014758994802832603, 0.027400892227888107, -0.008904743008315563, -0.013525819405913353, -0.03509743884205818, -0.00033735192846506834, 0.01995054818689823, 0.009442003443837166, -0.041496213525533676, -0.04589453339576721, 0.018611643463373184, -0.006106453947722912, -0.005677810404449701, -0.007039634045213461, 0.0052245440892875195, -0.013268087059259415, 0.003421529196202755, 0.06447367370128632, -0.05748200789093971, -0.010497556999325752, -0.054455406963825226, 0.021294983103871346, -0.01628950983285904, -0.008661295287311077, -0.02136644534766674, -0.015231149271130562, 0.028740691021084785, -0.016892556101083755, -0.0504138320684433, 0.04342395067214966, -0.004808932542800903, -0.0507589653134346, -0.0018481791485100985, 0.046082235872745514, 0.056965239346027374, -0.022494781762361526, 0.04849684610962868, 0.05408733710646629, 0.01836146041750908, 0.035130638629198074, 0.02716032974421978, 0.003562981728464365, -0.0381893552839756, -0.041184041649103165, -0.005437574349343777, -0.008686634711921215, 0.0444161519408226, -0.013692094944417477, -0.024094318971037865, -0.013055087998509407, 0.019857211038470268, -0.008112828247249126, 0.021408583968877792, 0.027326621115207672, -0.05412951484322548, 0.004269931931048632, -0.054861463606357574, -0.05190306156873703, -0.00883942935615778, -0.06280092895030975, 0.013015827164053917, -0.020427556708455086, -0.006162959150969982, -0.0026698037981987, 0.08667897433042526, -0.024391645565629005, -0.004139098338782787, -0.010299532674252987, -0.005362066440284252, -0.15862886607646942, 0.021192504093050957, -0.047272689640522, 0.033568669110536575, -0.045280251652002335, 0.018441559746861458, -0.013670011423528194, -0.08023032546043396, 0.02121679298579693, -0.013723000884056091, -0.05146423727273941, 0.018833450973033905, 0.0048957946710288525, -0.007709314581006765, -0.009472698904573917, 0.018538666889071465, -0.0028657910879701376, -0.013627844862639904, 0.003973362501710653, -0.00274849496781826, 0.012352250516414642, -0.004947618115693331, 0.0808984786272049, -0.0017686978681012988, -0.05975666642189026, -0.024965181946754456, -0.039306968450546265, 0.013644629158079624, 0.008855797350406647, -0.002881019376218319, 0.045350681990385056, -0.008777606301009655, 0.035194311290979385, 0.022253554314374924, 0.009870970621705055, 0.028162898495793343, -0.011072641238570213, 0.007050029933452606, 0.005021527875214815, 0.027721744030714035, -0.02476547472178936, 0.03223736956715584, -0.016329629346728325, -0.013568174093961716, -0.023796483874320984, -0.018367083743214607, -0.014324392192065716, -0.034170445054769516, -0.03129078075289726, -0.04272177815437317, 0.008944230154156685, 0.061864499002695084, -0.0031727806199342012, -0.001237019314430654, -0.0018737728241831064, 0.006287686061114073, 0.002756454050540924, 0.03192133828997612, -0.0070854309014976025, 0.01605924591422081, -0.04621460288763046, 0.004455967806279659, -0.025502216070890427, -0.05467529967427254, -0.04165530577301979, 0.041640978306531906, -0.031141996383666992, 0.061186421662569046, 0.02381150610744953, 0.004723235033452511, -0.034494832158088684, -0.022695237770676613, 0.0011315566953271627, -0.012914475984871387, 0.008202662691473961, -0.01758323796093464, 0.03617125004529953, -0.0043550212867558, -0.05302814766764641, -0.0009259930229745805, -0.053056489676237106, -0.01801312528550625, -0.06898283958435059, 0.04217119514942169, 0.027908707037568092, 0.03667047619819641, -0.036025889217853546, 0.010498185642063618, 0.019129149615764618, 0.03291329741477966, -0.010583226568996906, -0.04719284921884537, 0.00818762555718422, 0.03696309030056, -0.017372433096170425, 0.022903703153133392, -0.01794426515698433, -0.015461420640349388, 0.040749263018369675, -0.00881231389939785, -0.028049755841493607, -0.028157666325569153, 0.02063542604446411, 0.03299546241760254, 0.01555126067250967, 0.056814901530742645, -0.004519750829786062, 0.0002468130551278591, 0.02137129195034504, 0.0025438398588448763, -0.07309700548648834, 0.007578885182738304, -0.019655264914035797, 0.012220778502523899, -0.015945706516504288, 0.006755203008651733, -0.02787402644753456, -0.00866443756967783, 0.010926143266260624, -0.041792113333940506, -0.008521923795342445, 0.05707033723592758, -0.013134526088833809, -0.04584614560008049, -0.017481302842497826, 0.07219014316797256, 0.04480842873454094, -0.013713669963181019, 0.0034778930712491274, -0.021405238658189774, 0.019957829266786575, -0.05146400257945061, 0.02118138037621975, -0.013805951923131943, 0.033955466002225876, -0.03346862271428108, -0.0335642471909523, 0.031813330948352814, -0.03584044426679611, -0.020112216472625732, -0.033852897584438324, -0.011879834346473217, -0.007334266789257526, -0.03038174659013748, -0.0333106629550457, 0.01615530624985695, 0.01745465025305748, -0.04756329953670502, 0.0035885791294276714, -0.013043668121099472, 0.02904679998755455, -0.004308908246457577, -0.04194620996713638, 0.025038087740540504, -0.04516880586743355, 0.05356251075863838, -0.011272621341049671, -0.04481728747487068, -0.011367904022336006, 0.07058067619800568, -0.00618877774104476, -0.05643673613667488, -0.01086493767797947, -0.008380611427128315, 0.027522340416908264, -0.0360959991812706, 0.009957583621144295, -0.004304320551455021, -0.03243415057659149, 0.016431152820587158, 0.018533263355493546, 0.020782940089702606, -0.005924466997385025, -0.029225224629044533, 0.04575735330581665, -0.03250320628285408, 0.03640468791127205, -0.04592578113079071, 0.009164231829345226, 0.014933950267732143, 0.004052095580846071, 0.00018407047900836915, 0.039508454501628876, 0.03675663843750954, 0.030159421265125275, 0.01620592549443245, 0.0024617549497634172, -0.01996098831295967, 0.020365066826343536, -0.001838024938479066, -0.051894135773181915, 4.352164251031354e-05, -0.01635713316500187, 0.006328887771815062, 0.010088182054460049, -0.04137873277068138, 0.018314117565751076, 0.025852598249912262, -0.016854118555784225, 0.07892656326293945, -0.03241628035902977, -0.014515400864183903, -0.02361341379582882, -0.0035623121075332165, 0.007864020764827728, -0.002971590729430318, -0.029671264812350273, -0.013971559703350067, 0.004631036892533302, 0.021228184923529625, -0.012525715865194798, -0.0044271317310631275, -0.041619542986154556, 0.0370367169380188, -0.026867087930440903, -0.024536695331335068, -0.0030719381757080555, -0.007851039059460163, 0.004638928920030594, 0.019744940102100372, 0.034241948276758194, 0.03449181467294693, 0.02120179869234562, -0.02639405056834221, -0.020553845912218094, 0.006526071112602949, 0.009052514098584652, 0.06189854443073273, -0.04212070629000664, -0.008168521337211132, -0.06487059593200684, 0.04696789011359215, 0.013631951995193958, 0.02630527690052986, -0.0005212813266552985, -0.007956515066325665, 0.044025443494319916, 0.01221150066703558, 0.016932232305407524, -0.001883431221358478, -0.030591880902647972, 0.018867691978812218, -0.006236802786588669, -0.026911459863185883]",
15_1_0_docs_01_app_03_api_reference_03_file_conventions_01_metadata_sitemap_mdx_section_6_code_2,code_snippet,15_1_0_docs_01_app_03_api_reference_03_file_conventions_01_metadata_sitemap_mdx_section_6,Generate a localized Sitemap - code_2,,"{'programming_language': 'js', 'filename': 'app/sitemap.js', 'switcher': True}",15.1.0,,"export default function sitemap() {
  return [
    {
      url: 'https://acme.com',
      lastModified: new Date(),
      alternates: {
        languages: {
          es: 'https://acme.com/es',
          de: 'https://acme.com/de',
        },
      },
    },
    {
      url: 'https://acme.com/about',
      lastModified: new Date(),
      alternates: {
        languages: {
          es: 'https://acme.com/es/about',
          de: 'https://acme.com/de/about',
        },
      },
    },
    {
      url: 'https://acme.com/blog',
      lastModified: new Date(),
      alternates: {
        languages: {
          es: 'https://acme.com/es/blog',
          de: 'https://acme.com/de/blog',
        },
      },
    },
  ]
}
","[(np.int64(7), np.float64(0.057285938411951065)), (np.int64(64), np.float64(0.01234406977891922)), (np.int64(1647), np.float64(0.1327212154865265)), (np.int64(4027), np.float64(0.16936679184436798)), (np.int64(11090), np.float64(0.19104260206222534)), (np.int64(28175), np.float64(0.17611990869045258)), (np.int64(62346), np.float64(0.2798221707344055))]",,"[-0.019528426229953766, -0.02047783136367798, -0.010377763770520687, 0.012057305313646793, -0.015770521014928818, -0.06348802894353867, -0.0014470986789092422, 0.04124004393815994, -0.030646998435258865, 0.03125985711812973, 0.031284380704164505, 0.02197955548763275, -0.031766194850206375, 0.03574270382523537, -0.00887926947325468, 0.034349024295806885, 0.028766479343175888, 0.0016109789721667767, 0.007692527025938034, 0.000768462021369487, -0.02389007806777954, 0.0004412324051372707, 0.0524197518825531, -0.02899795211851597, 0.02145315520465374, 0.0046358052641153336, -0.006265931762754917, -0.02550356090068817, 0.007335731294006109, 0.007463760208338499, 0.00044187376624904573, 0.03763682022690773, 0.02194407768547535, 0.0020557811949402094, -0.05767221003770828, -0.0063923560082912445, -0.01493119727820158, -0.041505683213472366, -0.05138710141181946, 0.05313307046890259, -0.002853479003533721, -0.009703107178211212, -0.042096856981515884, -0.0031588294077664614, 0.035876091569662094, -0.04354500770568848, 0.04729034751653671, -0.03148055449128151, -0.018887164071202278, -0.03486126288771629, -0.034471940249204636, 0.004793956410139799, 0.011366572231054306, -0.05629676580429077, 0.027888717129826546, 0.02181948907673359, -0.04426993429660797, 0.018163980916142464, -0.06486956775188446, -0.0357900895178318, -0.01458476297557354, -0.04484471678733826, -0.015963034704327583, 0.03298056498169899, 0.020441345870494843, 0.02705983817577362, 0.03591923415660858, -0.019371099770069122, -0.023139480501413345, -0.04863877594470978, 0.007030043751001358, 0.033606670796871185, -0.04950426518917084, -0.06359390169382095, -0.05370061472058296, 0.03733239322900772, 0.01302148588001728, 0.0003289354790467769, 0.006155417300760746, -0.003889051266014576, 0.011737003922462463, -0.0017661568708717823, 0.0731920450925827, -0.003434522310271859, 0.0331120640039444, -0.0373147577047348, -0.03917067497968674, 0.04113824665546417, 0.003919446840882301, 0.024118028581142426, -0.03263549506664276, -0.00013528046838473529, 0.0513911135494709, -0.05364083871245384, -0.012687879614531994, -0.05948474630713463, -0.009377621114253998, -0.018383175134658813, 0.0716085359454155, 0.006448841653764248, -0.024984879419207573, -0.015798144042491913, 0.008887413889169693, 0.0007373832631856203, 0.037667758762836456, -0.02072202041745186, -0.03421361744403839, -0.03611716255545616, -0.013050435110926628, -0.006039211060851812, -0.0006575772422365844, 0.029141025617718697, 0.002488505095243454, -0.003400556044653058, -0.0019780616275966167, -0.028912102803587914, 0.014746717177331448, -0.01731352135539055, -0.006750559899955988, 0.026223784312605858, 0.01901124231517315, -0.0029625927563756704, 0.017839152365922928, 0.005395147018134594, 0.022172190248966217, 0.021703727543354034, -0.003091999562457204, 0.03909175097942352, -0.005520406179130077, 0.02237081155180931, 0.029285216704010963, -0.004638420883566141, -0.05458218976855278, -0.00523169431835413, 0.0021032008808106184, 0.006449451670050621, 0.005031395237892866, 0.035790134221315384, -0.005972954910248518, -0.0466947928071022, 0.027691632509231567, 0.006312244106084108, -0.04647623747587204, -0.008395735174417496, 0.05940735340118408, -0.01940152794122696, 0.026039689779281616, -0.013833527453243732, -0.0041116937063634396, -0.028966138139367104, 0.007262579631060362, 0.03063206933438778, 0.004431450739502907, -0.008216514252126217, 0.0012272392632439733, -0.046383827924728394, 0.0019092188449576497, 0.013288050889968872, -0.00546351820230484, -0.005382932722568512, -0.03989286348223686, 0.023630646988749504, -0.08080146461725235, 0.003275397000834346, 0.057804811745882034, -0.0332200825214386, -0.005656328517943621, 0.008601781912147999, -0.03466018661856651, -0.028305916115641594, 0.036461252719163895, -0.040698371827602386, -0.02010992541909218, 0.0020854808390140533, 0.03383558243513107, 0.027283450588583946, 0.06341345608234406, 0.010523680597543716, 0.0365440659224987, -0.02501550130546093, 0.003985601011663675, -0.0065031577832996845, -0.03236944600939751, -0.04381868988275528, -0.044117290526628494, -0.010783400386571884, -0.021055109798908234, -0.024257589131593704, -0.0044465502724051476, 0.003735623322427273, 0.0006930934032425284, 0.007918370887637138, 0.03467102348804474, 0.042624782770872116, 0.005599415395408869, 0.00997793860733509, 0.013381506316363811, 0.022442640736699104, -0.031307660043239594, -0.025330452248454094, -0.011166221462190151, -0.008411098271608353, 0.006249474827200174, 0.009204010479152203, -0.014501828700304031, -0.02391660585999489, 0.000327193207340315, -0.04119114950299263, -0.030326034873723984, -0.020070310682058334, -0.008549211546778679, 0.016528237611055374, -0.013178806751966476, -0.02423601783812046, -0.03241745010018349, -0.041317813098430634, 0.028312746435403824, 0.02567998878657818, 0.004833379294723272, 0.003615644061937928, -0.02788715995848179, 0.04530148208141327, 0.016261549666523933, 0.041663479059934616, -0.013335532508790493, -0.003469400340691209, 0.055843010544776917, 0.04002558812499046, 0.007091549690812826, 0.00867170188575983, -0.01340933796018362, 0.011448391713202, 0.025518279522657394, 0.004551535937935114, 0.030518407002091408, -0.04612378031015396, -0.052560705691576004, -0.0013150130398571491, -0.0020857888739556074, -0.014934387989342213, -0.03298276662826538, -0.04616733640432358, -0.01694139651954174, 0.009195059537887573, -0.02584976702928543, 0.05139298364520073, -0.015161962248384953, 0.01942768692970276, -0.017116155475378036, -0.04241195693612099, 0.028713667765259743, -0.008507540449500084, -0.037323612719774246, -0.03915039822459221, 0.022435443475842476, 0.007104884367436171, 0.004335387144237757, -0.007062719669193029, -0.0277174711227417, 0.012877276167273521, 0.007080749608576298, 0.028082797303795815, -0.01142132468521595, 0.03603289648890495, -0.016420770436525345, -0.009794074110686779, -0.01170946191996336, 0.012205373495817184, 0.048310283571481705, 0.017985614016652107, -0.050910916179418564, -0.0003416800464037806, 0.008077050559222698, -0.01812717504799366, -0.006666049361228943, 0.010853054001927376, -0.03693709895014763, -0.02526090294122696, 0.08751295506954193, -0.0159133393317461, 0.00632120855152607, 0.012781058438122272, 0.034990619868040085, 0.0014435825869441032, 0.04671259969472885, -0.06803644448518753, 0.004480080679059029, 0.01864916831254959, -0.013817965984344482, -0.041199713945388794, -0.012168722227215767, 0.0009020189754664898, 0.07015147805213928, -0.028410451486706734, -0.019003277644515038, -0.001575515023432672, -0.008883154019713402, -0.16469399631023407, -0.0371151827275753, -0.0018084731418639421, 0.0005310464766807854, 0.02271447330713272, 0.0010074200108647346, 0.004941731691360474, -0.02431054227054119, 0.0011890949681401253, 0.017966141924262047, -0.012777836993336678, -0.06753619760274887, -0.04190177842974663, -0.04860743507742882, 0.026348760351538658, 0.009965863078832626, 0.001953395549207926, 0.015439072623848915, -0.034228794276714325, -0.026985185220837593, -0.02397826500236988, -0.016145218163728714, -0.017145810648798943, 0.012576206587255001, -0.008886527270078659, -0.04023465886712074, 0.03958785533905029, -0.020745377987623215, 0.03464728593826294, 0.03850027546286583, 0.0006959933089092374, -0.010910636745393276, -0.010235489346086979, -0.011942322365939617, 0.035846829414367676, 0.023660145699977875, 0.019040720537304878, -0.0011868184665217996, -0.0120004303753376, 0.03319781273603439, 0.01659214310348034, -0.005062426906079054, -0.0009288269211538136, 0.0119961341843009, -0.02599523961544037, -0.007945740595459938, -0.010086413472890854, 0.019254766404628754, -0.09934312105178833, 0.0030365127604454756, -0.018018407747149467, -0.037462007254362106, 0.053857505321502686, 0.01844143681228161, -0.05822800472378731, -0.007738806307315826, -0.0028067701496183872, -0.005877384450286627, -0.01789700612425804, 0.015164392068982124, 0.011750997044146061, 0.03370000049471855, -0.0019840162713080645, -0.027233129367232323, -0.02825380116701126, -0.011201283894479275, 0.029223160818219185, -0.019859660416841507, -0.017759421840310097, -0.03104991652071476, 0.03833797946572304, 0.02182653173804283, 0.04202185943722725, -0.004344806540757418, -0.010383636690676212, 0.04920308664441109, 0.01426379568874836, -0.017303505912423134, 0.022265182808041573, -0.09300894290208817, -0.0194451455026865, 0.013357528485357761, 0.01249344926327467, 0.010768336243927479, -0.03204359486699104, -0.058336734771728516, 0.032342031598091125, -0.002206583507359028, 0.03850874304771423, 0.23654578626155853, 0.021338654682040215, 8.065412657742854e-06, -0.012806619517505169, 0.055141158401966095, 0.03845016658306122, 0.012798394076526165, 0.028966723009943962, 0.018998781219124794, -0.01921723783016205, -0.000779604772105813, 0.02862645871937275, -0.02716420218348503, -0.03340194746851921, 0.038420382887125015, -0.014738823287189007, -0.05956294387578964, 0.03501163795590401, 0.0653691291809082, -0.02840183675289154, 0.03586680069565773, -0.06033040210604668, -0.0032546953298151493, 0.0511985644698143, -0.06525395065546036, 0.006432937458157539, 0.02025316096842289, -0.013200825080275536, -0.04343831539154053, 0.04919935390353203, -0.017984839156270027, 0.012840136885643005, 0.041412293910980225, 0.012388568371534348, -0.04625434800982475, -0.018363792449235916, 0.0157869104295969, -0.06103277951478958, 0.002143143443390727, 0.0388922356069088, 0.026849521324038506, -0.03386975824832916, -0.021752091124653816, 0.036964621394872665, -0.037335414439439774, -0.04809779301285744, 0.006120509468019009, -0.01866694912314415, 0.010912490077316761, -0.037843167781829834, -0.0019212946062907577, -0.04071376845240593, 0.0023198891431093216, -0.019248684868216515, 0.038229867815971375, -0.02377968095242977, 0.026418495923280716, 0.029132653027772903, 5.214583870838396e-05, 0.04310678318142891, 0.0628504827618599, -0.010796749964356422, -0.02671513892710209, -0.01164665911346674, -0.030882082879543304, 0.0157944168895483, 0.004061732441186905, 0.009868400171399117, 0.021092981100082397, 0.03705798089504242, -0.01837441883981228, 0.0295603945851326, -0.01384551078081131, 0.014220759272575378, 0.008011472411453724, 0.007744486443698406, 0.032484736293554306, 0.01232126634567976, -0.01153839472681284, 0.0604725107550621, 0.012397926300764084, 0.011487912386655807, -0.03270086646080017, -0.007295733317732811, 0.027568211778998375, -0.024485094472765923, 0.022403566166758537, 0.038885850459337234, -0.019075484946370125, -0.0017864387482404709, -0.007031942252069712, 0.004574520047754049, -0.02536132000386715, 0.06161187216639519, -0.006581231486052275, -0.03016839735209942, 0.02266829088330269, -0.0073737348429858685, -0.037391118705272675, 0.011073105037212372, -0.005520591512322426, -0.050990115851163864, -0.0048886737786233425, -0.028611181303858757, 0.017715467140078545, 0.022366810590028763, 0.019348766654729843, 0.02006932906806469, 0.0013756826519966125, 0.02167871966958046, -0.034920163452625275, 0.007770804688334465, -0.009429092518985271, -0.014782596379518509, -0.021549317985773087, 0.03491334989666939, 0.021309494972229004, 0.018053922802209854, -0.000673154485411942, 0.014383149333298206, -0.053423479199409485, -0.008147507905960083, -0.04597066715359688, -0.004594121128320694, 0.013279548846185207, -0.023794831708073616, -0.010669052600860596, -0.001017751288600266, -0.05331454053521156, 0.028021443635225296, 0.004505508113652468, -0.027285000309348106, 0.006436445750296116, 0.05220877006649971, 0.003016629023477435, 0.033743005245923996, -0.006105674430727959, 0.015856238082051277, 0.011658407747745514, 0.040949348360300064, -0.035111889243125916, 0.028671633452177048, 0.0009500770247541368, -0.013583222404122353, 0.022945350036025047, 0.026619741693139076, 0.08384997397661209, -0.004861539229750633, 0.002254802267998457, 0.038415029644966125, 0.061678942292928696, 0.05469577759504318, 0.0231151282787323, -0.0771649181842804, -0.015497741289436817, -0.013336638920009136, 0.004679738078266382, 0.02961650677025318, -0.005870209541171789, -0.010211750864982605, 0.0007254868396557868, 0.0026680207811295986, 0.040337543934583664, 0.0761471837759018, 0.0387033075094223, -0.006594126578420401, -0.04360504820942879, 0.041734904050827026, 0.014770974405109882, 0.027743743732571602, 0.03264623135328293, 0.014842582866549492, -0.03595153987407684, 0.00692948279902339, 0.020219916477799416, 0.016149524599313736, -0.010089818388223648, 0.012875840999186039, -0.03655964136123657, 0.03701692074537277, 0.03430434688925743, -0.005618534982204437, -0.03745933994650841, -0.022151190787553787, 0.014151950366795063, 0.035758115351200104, -0.012068387120962143, -0.0007552408496849239, 0.053482361137866974, -0.024454539641737938, -0.04373522847890854, 0.08388389647006989, 0.014629251323640347, -0.027707606554031372, 0.02142670936882496, -0.005881990771740675, 0.028327640146017075, 0.011237060651183128, -0.02528274431824684, -0.0164839755743742, -0.004005292896181345, 0.00637431163340807, -0.01690521277487278, 0.02950746938586235, -0.03991243988275528, 0.0024815588258206844, -0.05034821480512619, -0.0004957647179253399, -0.01227771770209074, 0.03842315822839737, -0.010552765801548958, 0.029737073928117752, 0.00177388999145478, 0.015687676146626472, 0.0016940959030762315, 0.017322150990366936, 0.037011340260505676, -0.030364925041794777, -0.010603994131088257, -0.0007874529692344368, -0.03162058815360069, 0.00707252137362957, 0.019231004640460014, -0.043112415820360184, -0.003356697503477335, 0.012030044570565224, 0.017592305317521095, -0.024339584633708, -0.027040569111704826, 0.04837295040488243, -0.006695380434393883, 0.02449655719101429, -0.0009591971756890416, -0.03219651058316231, 0.010868077166378498, -0.0036721874494105577, 0.026694657281041145, 0.026015907526016235, 0.0035641640424728394, -0.033030323684215546, 0.008046121336519718, -0.00480163237079978, -0.0009613835136406124, 0.03985285386443138, -0.004284381400793791, 0.08996693044900894, -0.04387800022959709, -0.010305257514119148, 0.005181034095585346, -0.027732837945222855, -0.030947497114539146, -0.013445663265883923, -0.007777880411595106, -0.00831992831081152, 0.025042222812771797, 0.0001444406370865181, 0.011912805028259754, 0.0026213182136416435, -0.05932695418596268, 0.05599767714738846, 0.005193761549890041, 0.03564466908574104, -0.008427852764725685, 0.013234098441898823, 0.03192484378814697, -0.051514241844415665, 0.04506281018257141, -0.022179514169692993, -0.04170932248234749, -0.06482594460248947, 0.0010864792857319117, -0.02312048338353634, -0.04604581743478775, -0.011210719123482704, -0.017955727875232697, -0.0017007412388920784, -0.005788832902908325, -0.03279094025492668, 0.03829126060009003, -0.0174057986587286, -0.006389602553099394, 0.021156111732125282, 0.019977878779172897, -0.00419610645622015, -0.027340801432728767, 0.015098180621862411, 0.018351025879383087, -0.031186820939183235, 0.035836391150951385, -0.03628658503293991, -0.0067547461949288845, -0.028254782781004906, -0.034626320004463196, -0.004471114836633205, -0.035371582955121994, -0.014923247508704662, -0.0010082477238029242, 0.055189281702041626, -0.019240060821175575, 0.012455036863684654, 0.014794926159083843, 0.032490264624357224, 0.009928506799042225, -0.001824107370339334, -0.039997052401304245, 0.027780801057815552, 0.01317195687443018, 0.013844355940818787, 0.04042234271764755, -0.04052635654807091, 0.008691668510437012, -0.03928549587726593, -0.014300555922091007, 0.03287753090262413, 0.024756699800491333, -0.05378250405192375, 0.03450135886669159, -0.0320216566324234, -0.0002504768781363964, -0.0066187442280352116, 0.025868026539683342, -0.0008221753523685038, 0.006877412553876638, -0.019665803760290146, -0.010896353051066399, 0.01889767311513424, 0.021373486146330833, -0.04437058046460152, -0.005037525203078985, -0.01895100809633732, -0.0008229103405028582, 0.006416198797523975, 0.011340226978063583, -0.052201397716999054, -0.0015660520875826478, -0.016060054302215576, -0.002960870275273919, 0.013316478580236435, 0.0072191921062767506, -0.0024863039143383503, 0.01706855744123459, 0.02771816961467266, 0.03246280923485756, -0.0410635806620121, -0.0012180610792711377, -0.05303049832582474, 0.04034273326396942, -0.022932030260562897, -0.00941536296159029, -0.037768322974443436, -0.03437307849526405, 0.03852017596364021, -0.01233238261193037, -0.04058274254202843, 0.024918293580412865, 0.017999358475208282, -0.02720661275088787, -0.01559445820748806, 0.037848398089408875, 0.05738208070397377, -0.010500774718821049, 0.04283406585454941, 0.03477749601006508, 0.010155958123505116, 0.038524262607097626, 0.021976284682750702, -0.015783969312906265, 0.015564867295324802, -0.039850905537605286, -0.010192424058914185, -0.004426051862537861, 0.06545215845108032, -0.013528496958315372, -0.027477150782942772, -0.002919988241046667, 0.036606572568416595, -0.0128671545535326, 0.03275445103645325, 0.03470776602625847, -0.0505359061062336, 0.011658532544970512, -0.06506401300430298, -0.049435846507549286, -0.01075302716344595, -0.04729800671339035, 0.001435842365026474, -0.009300116449594498, -0.005058648064732552, -0.014452575705945492, 0.08161384612321854, -0.01293080672621727, -0.017803199589252472, -0.00892992690205574, -0.023049015551805496, -0.16366203129291534, 0.04349644109606743, -0.03830903396010399, 0.027351785451173782, -0.05206652358174324, 0.02193555049598217, -0.0231452789157629, -0.05777214094996452, 0.03678927943110466, -0.031000792980194092, -0.03671521693468094, 0.016695935279130936, -0.011315190233290195, -0.0019898100290447474, 0.014951408840715885, 0.02153005078434944, 0.010304391384124756, 0.003300526412203908, -0.005589190870523453, 0.015604198910295963, 0.018141767010092735, 0.013089478947222233, 0.07680773735046387, -0.01285606436431408, -0.0571519210934639, -0.02503345161676407, -0.0356023907661438, 0.04221920296549797, -0.004665714222937822, -0.009691315703094006, 0.04442420229315758, -0.012614304199814796, 0.03883989155292511, 0.008584865368902683, 0.008118562400341034, 0.027709923684597015, -0.007603773847222328, 0.01526436023414135, 0.007836254313588142, 0.008951934985816479, -0.018533607944846153, 0.011880734004080296, -0.03861146420240402, -0.010900469496846199, -0.01401351299136877, 0.00704227527603507, -0.01514651533216238, -0.019129374995827675, -0.042524877935647964, -0.016503484919667244, 0.010883585549890995, 0.0450008399784565, -0.01161180343478918, 0.019910778850317, -0.00554674444720149, 0.003243939485400915, 0.022298628464341164, 0.03944876790046692, 0.019249791279435158, 0.025722315534949303, -0.02741454355418682, 0.010470348410308361, -0.024807488545775414, -0.05957625433802605, -0.02987712249159813, 0.04099313169717789, -0.03345600143074989, 0.04456733539700508, 0.024719219654798508, 0.0014332430437207222, -0.048081621527671814, -0.00012607652752194554, 0.002119900891557336, -0.01828853413462639, 0.01613655686378479, -0.004532308783382177, 0.041247472167015076, -0.01102788932621479, -0.031841523945331573, -0.0020542351994663477, -0.04547444358468056, -0.03671566769480705, -0.06511955708265305, 0.03129439055919647, 0.01866018772125244, 0.043065328150987625, -0.023975975811481476, 0.009677804075181484, 0.017702382057905197, 0.04735732451081276, -0.01969035528600216, -0.04023017734289169, 0.018501242622733116, 0.03382659703493118, 0.00043003252358175814, 0.001289282226935029, -0.0037600076757371426, -0.01895415037870407, 0.027622763067483902, -0.028214167803525925, -0.009511969983577728, -0.04201316088438034, 0.038537975400686264, 0.0468282476067543, -0.004972339142113924, 0.049002133309841156, -0.030268007889389992, 0.0029307249933481216, 0.020055176690220833, -0.00042072971700690687, -0.08953209966421127, 0.001816500211134553, -0.05056150257587433, -0.0070304893888533115, -0.007273598108440638, 0.020346904173493385, 0.0006335659418255091, 0.02127339318394661, -0.0018315031193196774, -0.054306916892528534, -0.041491780430078506, 0.01415196806192398, -0.006797766778618097, -0.05218533053994179, -0.008955012075603008, 0.07349126040935516, 0.056741807609796524, 0.031592559069395065, 0.026636723428964615, -0.030246105045080185, 0.04850797727704048, -0.04747529327869415, 0.022917192429304123, -0.014341264963150024, 0.03943968191742897, -0.010508849285542965, -0.033646199852228165, 0.029566610231995583, -0.04496172443032265, -0.023570461198687553, -0.02964685671031475, -0.0062375981360673904, 0.00677980063483119, -0.045327745378017426, -0.0422901026904583, 0.005521727725863457, 0.0136733902618289, -0.04409036785364151, 0.0054710498079657555, -0.03117450699210167, 0.017651548609137535, -0.031121565029025078, -0.041869111359119415, 0.020917732268571854, -0.016612285748124123, 0.020005030557513237, -0.013772034086287022, -0.02278943359851837, -0.019322989508509636, 0.04648054018616676, -0.023680541664361954, -0.06351234018802643, -0.015257289633154869, -0.03003796562552452, 0.019465740770101547, -0.026861872524023056, 0.005176867824047804, -0.01880033314228058, -0.04356005787849426, 0.027560649439692497, 0.023680565878748894, 0.04436720535159111, -0.0024951884988695383, -0.01622609794139862, 0.051581185311079025, -0.03500321879982948, 0.03798585757613182, -0.041308436542749405, 0.0009409009362570941, 0.0049802991561591625, 0.028639299795031548, 0.009139331988990307, 0.06169211491942406, 0.03504370525479317, 0.01729765348136425, 0.02358129248023033, -0.014548943378031254, -0.026584284380078316, 0.02280403859913349, -0.0036705906968563795, -0.05817067623138428, 0.009585647843778133, -0.01801040582358837, 0.03658926486968994, 0.006341937463730574, -0.031146671622991562, 0.0034761466085910797, 0.016348380595445633, -0.012622158974409103, 0.04547692835330963, -0.037530023604631424, 0.010559442453086376, -0.020603837445378304, -0.0007265610620379448, -0.0024688770063221455, -0.013772965408861637, -0.03168055787682533, -0.015681235119700432, -0.014141629450023174, 0.01012242678552866, -0.005797654390335083, 0.012156741693615913, -0.027277564629912376, 0.04790396988391876, -0.044159919023513794, -0.0068189408630132675, 0.006891687400639057, 0.016824927181005478, 0.012787061743438244, 0.026403984054923058, 0.009488777257502079, 0.03073992021381855, -0.0008868628647178411, -0.020164046436548233, -0.03695812076330185, 0.02053097076714039, 0.006588522344827652, 0.06727304309606552, -0.036489468067884445, -0.004348671995103359, -0.05994117632508278, 0.014014409855008125, 0.016622738912701607, 0.016379699110984802, 0.010076371021568775, -0.014051610603928566, 0.054734110832214355, -0.0008080377010628581, 0.03504891321063042, 0.012297717854380608, -0.02698841504752636, 0.026556845754384995, 0.006052827462553978, -0.052746545523405075]",
15_1_0_docs_01_app_03_api_reference_03_file_conventions_01_metadata_sitemap_mdx_section_6_code_3,code_snippet,15_1_0_docs_01_app_03_api_reference_03_file_conventions_01_metadata_sitemap_mdx_section_6,Generate a localized Sitemap - code_3,,"{'programming_language': 'xml', 'filename': 'acme.com/sitemap.xml', 'switcher': False}",15.1.0,,"<urlset xmlns=""http://www.sitemaps.org/schemas/sitemap/0.9"" xmlns:xhtml=""http://www.w3.org/1999/xhtml"">
  <url>
    <loc>https://acme.com</loc>
    <xhtml:link
      rel=""alternate""
      hreflang=""es""
      href=""https://acme.com/es""/>
    <xhtml:link
      rel=""alternate""
      hreflang=""de""
      href=""https://acme.com/de""/>
    <lastmod>2023-04-06T15:02:24.021Z</lastmod>
  </url>
  <url>
    <loc>https://acme.com/about</loc>
    <xhtml:link
      rel=""alternate""
      hreflang=""es""
      href=""https://acme.com/es/about""/>
    <xhtml:link
      rel=""alternate""
      hreflang=""de""
      href=""https://acme.com/de/about""/>
    <lastmod>2023-04-06T15:02:24.021Z</lastmod>
  </url>
  <url>
    <loc>https://acme.com/blog</loc>
    <xhtml:link
      rel=""alternate""
      hreflang=""es""
      href=""https://acme.com/es/blog""/>
    <xhtml:link
      rel=""alternate""
      hreflang=""de""
      href=""https://acme.com/de/blog""/>
    <lastmod>2023-04-06T15:02:24.021Z</lastmod>
  </url>
</urlset>
","[(np.int64(277), np.float64(0.12209238111972809)), (np.int64(282), np.float64(0.2553755044937134)), (np.int64(1030), np.float64(0.15985256433486938)), (np.int64(11090), np.float64(0.19238632917404175)), (np.int64(62346), np.float64(0.30107617378234863)), (np.int64(131492), np.float64(0.2944027781486511))]",,"[-0.027184300124645233, -0.004192363005131483, -0.030204877257347107, 0.005066759418696165, -0.024330219253897667, -0.0572541169822216, 0.03983091562986374, 0.017579713836312294, -0.017737966030836105, 0.019150959327816963, 0.04814304783940315, 0.03260159492492676, -0.01030062697827816, 0.01258291769772768, -0.027709681540727615, -0.0005642364849336445, 0.026378192007541656, -0.012532152235507965, 0.016399430111050606, -0.03446930646896362, -0.03401554375886917, -0.023079928010702133, 0.04444585740566254, -0.027557814493775368, 0.0017290787072852254, 0.004176943562924862, 0.0015020035207271576, -0.020309407263994217, 0.005962904077023268, -0.010783383622765541, 0.0017325914232060313, 0.01159956306219101, 0.05775552615523338, -0.016002152115106583, -0.03088601492345333, -0.039527036249637604, -0.022362077608704567, -0.047787219285964966, -0.062369439750909805, 0.0345766544342041, -0.004390223417431116, -0.023161714896559715, -0.03038400039076805, -0.060859449207782745, 0.02979201078414917, -0.05766111612319946, 0.017461169511079788, -0.037783876061439514, 0.00024785366258583963, -0.02703997679054737, -0.03775366395711899, 0.00952847395092249, 0.027313079684972763, -0.03436151519417763, 0.01200976874679327, -0.004982621408998966, -0.055088870227336884, 0.0064275977201759815, -0.07720676064491272, -0.03357362374663353, -0.04441484063863754, -0.030515071004629135, -0.024092042818665504, 0.01467118039727211, 0.048263516277074814, 0.016897032037377357, -0.0005469161551445723, 0.0026023834943771362, -0.032228562980890274, -0.04983691871166229, -0.0012888391502201557, 0.006704618223011494, -0.03573024272918701, -0.06957083940505981, -0.05147116631269455, 0.030669324100017548, 0.02961799129843712, -0.011083440855145454, -0.013461402617394924, 0.025961533188819885, 0.028008321300148964, 0.02502944879233837, 0.031050974503159523, -0.0021267333067953587, 0.02761569246649742, -0.03305777162313461, -0.0252231378108263, 0.06130563095211983, 0.0031190356239676476, 0.025976235046982765, -0.016675898805260658, 0.025183245539665222, 0.02695828676223755, -0.04053925350308418, -0.03220796212553978, -0.03710983321070671, -0.032006800174713135, 0.01952115073800087, 0.06239934638142586, 0.021790986880660057, -0.02486371248960495, -0.014724892564117908, 0.029971767216920853, 0.003683054819703102, 0.0027452409267425537, -0.022871598601341248, -0.005171081051230431, -0.04850846901535988, -0.009836605750024319, -0.012431603856384754, 0.0010390594834461808, 0.013157421723008156, 0.01872841641306877, 0.02135767973959446, 0.011414703913033009, -0.015382887795567513, 0.01490284875035286, -0.014957591891288757, -0.015368418768048286, 0.0019675814546644688, 0.033486563712358475, 0.005137339234352112, 0.01670699380338192, -0.036906834691762924, 0.04982507973909378, 0.014043417759239674, 0.003446516813710332, -0.025774536654353142, -0.0042133755050599575, -0.015347626991569996, 0.034898873418569565, 0.01168080698698759, -0.03377709537744522, 0.0174732469022274, 0.010719374753534794, -0.009805508889257908, 0.004599669482558966, 0.02172863483428955, 0.03193051367998123, -0.0634218379855156, 0.07340826839208603, 0.0149419279769063, -0.034219224005937576, -0.016798565164208412, 0.07244081795215607, -0.04156302660703659, 0.004054737742990255, 0.018299143761396408, 0.01071418821811676, -0.036512114107608795, -0.013233193196356297, 4.634010110748932e-06, -0.00027662160573527217, 0.012304521165788174, 0.03461259603500366, -0.038225218653678894, -0.049194175750017166, 0.025754908099770546, 0.0052934433333575726, -0.015790540724992752, -0.043667327612638474, 0.0149472551420331, -0.07431847602128983, -0.00873179454356432, 0.06124104931950569, -0.019751356914639473, 0.009293340146541595, -0.011391834355890751, 0.0031592599116265774, -0.05307433381676674, 0.03681496903300285, -0.006687397137284279, -0.018440648913383484, 0.03599618747830391, 0.023390697315335274, 0.02375960536301136, 0.04185536131262779, 0.0268804132938385, 0.016590042039752007, -0.027137160301208496, -0.02788071520626545, -0.0034587508998811245, -0.021265298128128052, -0.02812240645289421, -0.02359198033809662, -0.015353848226368427, -0.052408430725336075, -0.014079186134040356, -0.008522399701178074, 0.03746665641665459, -0.0019296278478577733, -0.013248744420707226, 0.04398375004529953, -0.022546367719769478, 0.011087645776569843, 0.017198845744132996, 0.04929986968636513, 0.0021152012050151825, -0.033930424600839615, -0.03582300245761871, -0.03844299539923668, -0.004638307727873325, 0.022362908348441124, -0.00787598080933094, -0.03132620081305504, -0.01967443712055683, 0.024284278973937035, -0.02756662480533123, -0.0105003472417593, -0.0373554602265358, -0.015502401627600193, 0.04438704624772072, -0.02461259625852108, -0.012870576232671738, -0.03199854865670204, -0.023312203586101532, -0.02439662627875805, 0.017259588465094566, 0.0014905808493494987, 0.009149858728051186, -0.040920358151197433, -0.005507477559149265, 0.013336253352463245, 0.02578539028763771, 0.036762386560440063, -0.02714379131793976, 0.04050140455365181, 0.040935296565294266, 0.048178818076848984, -0.029359331354498863, -0.02631400339305401, -0.025019237771630287, 0.033378422260284424, 0.012558700516819954, 0.050604041665792465, -0.03770207613706589, -0.055816859006881714, 0.011997997760772705, 0.04501872882246971, -0.022314341738820076, -0.02766256220638752, -0.0423218198120594, -0.004988405387848616, -0.03656206652522087, -0.04075378179550171, 0.04101676121354103, -0.008822139352560043, 0.029795696958899498, -0.0044390857219696045, -0.010308842174708843, 0.027615612372756004, -0.022871918976306915, -0.05706940218806267, 0.00999720860272646, 0.04085925221443176, -0.00506735872477293, -0.001325506716966629, -0.02448762208223343, -0.004010658711194992, -0.0060790590941905975, -0.002034062286838889, 0.026146026328206062, 0.005415557883679867, 0.03939877077937126, -0.017158467322587967, -0.021394753828644753, -0.029185065999627113, -0.010164608247578144, 0.046957455575466156, 0.06623991578817368, -0.04375728219747543, 0.007590355351567268, 0.015621594153344631, -0.013045987114310265, -0.027583647519350052, 0.0288170725107193, -0.020748503506183624, -0.014940788969397545, 0.11116580665111542, 0.006444815080612898, 0.021348990499973297, 0.02015182003378868, 0.04621066153049469, -0.007053676061332226, 0.03858421370387077, -0.034968942403793335, 0.004088838584721088, -0.004819811321794987, 0.02013726532459259, -0.031127696856856346, -0.03563345968723297, 0.02087041735649109, 0.0779910609126091, -0.03502895310521126, -0.009706009179353714, 0.02390647679567337, -0.005062760319560766, -0.17155280709266663, -0.07626748085021973, 0.01349110808223486, 0.014576696790754795, 0.009141270071268082, -0.014191406778991222, -0.02525024302303791, -0.008418465964496136, 0.033256419003009796, 0.017319506034255028, 0.016178525984287262, -0.058973878622055054, -0.048592012375593185, -0.038074932992458344, -0.007349394261837006, 0.012338397093117237, 0.012584214098751545, -0.000947045860812068, -0.04119879752397537, -0.0371011421084404, -0.04405910521745682, -0.023632891476154327, 0.02668032795190811, 0.003311663633212447, 0.010552755557000637, -0.04173372685909271, 0.05915692821145058, -0.022707059979438782, 0.03364766016602516, 0.04347904771566391, -0.014081555418670177, 0.011155159212648869, -0.00910270493477583, 0.0077318656258285046, 0.03401300311088562, 0.0028338218107819557, 0.07153003662824631, -0.013374890200793743, -0.008478833362460136, 0.010129047557711601, 0.013795187696814537, 0.006502557545900345, 0.0035161254927515984, -0.04212944582104683, -0.02297210693359375, -0.01806427724659443, 0.005489678587764502, -0.009742659516632557, -0.05046810954809189, -0.007984014227986336, -0.03077155165374279, 0.007204628549516201, 0.008331083692610264, -0.012519733048975468, -0.04779703542590141, -0.018171146512031555, -0.00596230011433363, 0.005968950688838959, -0.019831126555800438, 0.0013748538913205266, 0.04006358981132507, 0.016963325440883636, 0.0229119174182415, -0.057334378361701965, 0.014246324077248573, -0.01214097160845995, 0.04216253012418747, -0.011160673573613167, 0.015209472738206387, -0.022184140980243683, 0.021678434684872627, 0.0334826298058033, 0.018741007894277573, -0.018501564860343933, 0.017818741500377655, 0.039879731833934784, 0.00414695218205452, -0.029923325404524803, 0.013117329217493534, -0.11465715616941452, -0.019526755437254906, 0.017320869490504265, -0.010422132909297943, 0.010412659496068954, -0.04413819685578346, -0.030979575589299202, 0.025631604716181755, -0.017154505476355553, 0.07411818206310272, 0.24847367405891418, -0.013390365056693554, 0.01650124043226242, -0.0434950515627861, 0.06924556940793991, -0.007090551778674126, 0.04247162863612175, 0.009196381084620953, 0.03572668880224228, -0.026090577244758606, 0.006805621553212404, -0.012218843214213848, -0.015613947995007038, -0.008311685174703598, 0.03421194478869438, -0.021770980209112167, -0.08760904520750046, 0.031332530081272125, 0.07458806782960892, -0.01143196877092123, 0.01581874117255211, -0.06268468499183655, 0.010371699929237366, 0.03179379180073738, -0.03060751035809517, -0.025901438668370247, 0.02962728589773178, -0.011358613148331642, -0.02054615132510662, 0.05446252226829529, -0.005324437282979488, -0.0019413646077737212, 0.030514465644955635, 0.037262991070747375, -0.02294951118528843, -0.026027018204331398, 0.020866215229034424, -0.036531079560518265, -0.019831206649541855, 0.026956023648381233, -0.010455000214278698, -0.02630758285522461, -0.027411941438913345, 0.023621615022420883, -0.025452299043536186, -0.04882662743330002, 0.018764955922961235, 0.011307802051305771, 0.0036715634632855654, -0.032428182661533356, -0.009811831638216972, -0.053266335278749466, -0.007471543736755848, -0.01998487301170826, 0.02621886506676674, -0.00926523469388485, -0.017373502254486084, 0.00031838277936913073, -0.03786157816648483, 0.05792224407196045, 0.07909588515758514, 0.010968709364533424, -0.022299176082015038, -0.017210088670253754, -0.04298839345574379, -0.0009001305443234742, 0.006265722680836916, -0.02964208275079727, 0.023629911243915558, 0.0797746405005455, 0.04170352965593338, 0.025933409109711647, 0.0016577347414568067, 0.013410590589046478, 0.027421796694397926, 0.015287431888282299, 0.04776015505194664, 0.017061607912182808, -0.019370639696717262, 0.043790314346551895, 0.032352153211832047, 0.013931449502706528, -0.017860064283013344, -0.010382184758782387, 0.014066933654248714, -0.021026287227869034, 0.014467503875494003, 0.039659082889556885, -0.02072899043560028, -0.016757085919380188, -0.00881554838269949, 0.020461885258555412, -0.03356631100177765, 0.04447944462299347, 0.011780069209635258, -0.01495292130857706, 0.01656506210565567, -0.014876854605972767, -0.037860892713069916, 0.035057183355093, -0.022553356364369392, -0.0324903279542923, -0.0037120680790394545, -0.02717106230556965, 0.016487600281834602, -0.02854643203318119, -0.005163036286830902, 0.017457593232393265, 0.03122522681951523, -0.003629770828410983, -0.006340425461530685, 0.008749574422836304, 0.016719330102205276, -0.022367455065250397, -0.07192767411470413, 0.04112226888537407, 0.03791405260562897, 0.018795650452375412, 0.015430938452482224, 0.01831047795712948, -0.022812370210886, -0.005481702741235495, -0.014027871191501617, 0.014414245262742043, -0.001218606485053897, -0.027490533888339996, -0.029051395133137703, 0.003185002598911524, -0.0483165942132473, 0.038615431636571884, -0.002918258076533675, -0.030706344172358513, -0.03740963712334633, 0.03575509041547775, 0.006294780410826206, -0.0030986752826720476, 0.017602985724806786, 0.0288242194801569, -0.019940350204706192, 0.014786913990974426, -0.022938605397939682, -0.02057865634560585, 0.026684409007430077, -0.01318393461406231, 0.03253564238548279, 0.003978332504630089, 0.027218028903007507, -0.020088009536266327, 0.025401931256055832, 0.02378099039196968, 0.04139029234647751, 0.03129182010889053, 0.003936002496629953, -0.06161946803331375, 0.0008530535851605237, 0.02288917452096939, 0.007673745043575764, 0.011760707944631577, -0.02173713594675064, -0.026246119290590286, -0.019030265510082245, 0.023929111659526825, 0.051641836762428284, 0.06436693668365479, -0.00309646874666214, 0.046746741980314255, -0.031531862914562225, 0.0639859065413475, 0.01485582534223795, 0.00882013514637947, -0.004452159628272057, 0.010923829860985279, -0.05842619016766548, 0.06085466220974922, -0.00744619220495224, 0.04189034923911095, -0.02454228885471821, -0.0015754557680338621, -0.00025291164638474584, 0.02479587122797966, 0.03234732896089554, -0.03134174644947052, -0.03433253988623619, 0.011361910030245781, 0.016364140436053276, 0.04037375748157501, -0.013217051513493061, -0.0028409413062036037, 0.03793712332844734, -0.0022639601957052946, -0.016169123351573944, 0.09713346511125565, -0.010656585916876793, -0.03698199242353439, 0.03087155893445015, -0.009601667523384094, 0.03467670828104019, -0.00034977434552274644, -0.013519815169274807, -0.025696083903312683, -0.02086680941283703, 0.00805507693439722, -0.023411400616168976, 0.014194018207490444, 0.00797000341117382, 0.0011506056180223823, -0.021154208108782768, 0.0015272574964910746, -0.009827673435211182, 0.018955182284116745, 0.019503984600305557, 0.0034187287092208862, 0.013873244635760784, 0.0061241379007697105, 0.007350881118327379, 0.011283455416560173, 0.024145251139998436, 0.006739055272191763, -0.01769961044192314, 0.018334539607167244, -0.03137194365262985, 0.011927381157875061, 0.015731917694211006, -0.050392623990774155, -0.004979588557034731, -0.009295743890106678, 0.01405462808907032, 0.0032135238870978355, 0.007489812560379505, 0.036669470369815826, -0.006758072879165411, 0.002165209734812379, 0.0013684263685718179, -0.018170872703194618, -0.0099372873082757, 0.04197113215923309, 0.03102164901793003, 0.01955893635749817, 0.0017187068006023765, -0.022308535873889923, 0.03630524128675461, -0.019974004477262497, -0.01200343482196331, 0.032059669494628906, -0.0038025982212275267, 0.07178639620542526, -0.02788372151553631, -0.006167332176119089, -0.012893503531813622, -0.033513039350509644, -0.04183643311262131, -0.046496838331222534, -0.004593912977725267, -0.027249356731772423, 0.03733152523636818, -0.02259075455367565, -0.012064045295119286, -0.011136031709611416, -0.0437903068959713, 0.05013306811451912, -0.004745921120047569, 0.024830181151628494, 0.009760898537933826, 0.025051379576325417, 0.029196813702583313, -0.04150767996907234, 0.02683030255138874, -0.011778011918067932, -0.05964631214737892, -0.08735233545303345, -0.010713872499763966, -0.01951814442873001, -0.04354148730635643, -0.0036137334536761045, -0.01519006211310625, -0.0013761544832959771, 0.0032380728516727686, -0.009524927474558353, 0.007928489707410336, -0.014204435050487518, -0.037706341594457626, 0.01727067492902279, 0.019742147997021675, 0.0031599600333720446, -0.02179812081158161, 0.01285373792052269, 0.03418448194861412, -0.02303403615951538, -0.01688113994896412, -0.02678263746201992, 0.037586014717817307, -0.0057146563194692135, -0.023679815232753754, -0.0020318063907325268, -0.024763455614447594, -0.005685781594365835, -0.025132540613412857, 0.05103525519371033, -0.021508976817131042, 0.024843184277415276, 0.004912366159260273, 0.03588094562292099, 0.002032874384894967, -0.0064609902910888195, -0.043706949800252914, 0.025699328631162643, -0.005160162691026926, -0.0034624324180185795, 0.028985027223825455, -0.050457198172807693, -0.017461171373724937, -0.048766449093818665, 0.0006752950721420348, 0.05063670873641968, 0.004347092472016811, -0.036217641085386276, 0.06318123638629913, -0.015296746976673603, -0.020034857094287872, -0.000752360443584621, 0.018167300149798393, -0.0003609413106460124, 0.004229958634823561, -0.00017043577099684626, 0.010656993836164474, -0.017102714627981186, -0.008053505793213844, -0.040193624794483185, -0.029446037486195564, -0.010517753660678864, -0.006263830699026585, 0.0005488523165695369, 0.010510572232306004, -0.0611380934715271, 0.0030830770265311003, -0.007443755865097046, 0.012196678668260574, 0.01040114276111126, -0.009498640894889832, 0.004115902818739414, 0.029349442571401596, 0.037495385855436325, 0.04162359982728958, -0.035619139671325684, 0.005537509918212891, -0.03542044013738632, 0.040706101804971695, -0.006285008043050766, -0.033992525190114975, -0.0007958620553836226, 0.02888030745089054, 0.01918339729309082, 0.009097631089389324, -0.04456701502203941, 0.02134551666676998, 0.013031182810664177, -0.017386550083756447, -0.024511948227882385, 0.014138946309685707, 0.07277751713991165, 0.008174222894012928, 0.05408351868391037, 0.036774612963199615, 0.03136846795678139, 0.021532831713557243, 0.007360370364040136, -0.03386874496936798, 0.005307207815349102, -0.0176782738417387, -0.013485877774655819, 0.0034655099734663963, 0.05848715081810951, 0.011853640899062157, -0.01611873134970665, -0.014772728085517883, 0.033099330961704254, -0.01875571720302105, 0.04185543209314346, 0.026012910529971123, -0.012710844166576862, -0.010092828422784805, -0.037113990634679794, -0.04303552955389023, -0.02893505059182644, -0.028249282389879227, 0.022979509085416794, -0.0026790599804371595, -0.0015529451193287969, -0.004960703197866678, 0.07187815010547638, -0.043106015771627426, -0.000677186471875757, -1.1400750281609362e-06, 0.009087209589779377, -0.15296541154384613, 0.04311750829219818, -0.05595098435878754, 0.010140261612832546, -0.0393228754401207, -0.007155025843530893, -0.014565728604793549, -0.06769285351037979, 0.021214352920651436, -0.024068260565400124, -0.03387846052646637, 0.02277022786438465, 0.01687343791127205, -0.021984687075018883, 0.036515217274427414, 0.04754147678613663, 0.012129171751439571, -0.02325083501636982, -0.0013228030875325203, 0.0037435339763760567, 0.012055940926074982, 0.009724097326397896, 0.03122098185122013, -0.019182993099093437, -0.07187674194574356, -0.018624739721417427, -0.035373955965042114, -0.006463160272687674, -0.01259604748338461, 0.013589348644018173, 0.026995142921805382, -0.017494646832346916, 0.031010227277874947, 0.038650818169116974, 0.003275918308645487, 0.01825447380542755, -0.0037406578194350004, -0.022918887436389923, 0.008613931946456432, 0.01941874250769615, -0.0213030818849802, 0.02973143756389618, -0.03135032206773758, 0.020669741556048393, 0.01542362105101347, 0.019320107996463776, -0.02660723775625229, -0.03400735557079315, -0.03149692714214325, -0.00580873666331172, 0.022787628695368767, 0.028066711500287056, -0.049874477088451385, -0.00949034746736288, -0.00416456488892436, -0.0014996500685811043, -0.013183331117033958, 0.04412740841507912, -0.00878915935754776, 0.03452366217970848, -0.014976107515394688, 0.030810872092843056, -0.022242143750190735, -0.044596023857593536, -0.036282915621995926, 0.05557859688997269, -0.0015927021158859134, 0.037409957498311996, 0.004646809305995703, -0.003736325306817889, -0.020549217239022255, -0.01039546076208353, 0.020055273547768593, -0.04048839956521988, 0.025008609518408775, -0.017672672867774963, 0.019002191722393036, 0.0037051879335194826, -0.02583306096494198, -0.017514102160930634, -0.019542565569281578, -0.025838380679488182, -0.029556825757026672, 0.011447809636592865, 0.05956808850169182, 0.03557012230157852, -0.013890131376683712, -0.0048449342139065266, -0.018478620797395706, 0.009712680242955685, 0.000637075980193913, -0.05162201076745987, -0.022171832621097565, 0.05950464680790901, 0.006587345153093338, 0.01200710330158472, 0.0005258640157990158, 0.008136213757097721, 0.02200920134782791, -0.007023292127996683, -0.013506385497748852, 0.007442940026521683, 0.020704276859760284, 0.017756780609488487, 0.003559934673830867, 0.06202526018023491, -0.015127521008253098, 0.012588433921337128, 0.01822558604180813, 0.006493871100246906, -0.06899814307689667, -0.016745178028941154, -0.016023889183998108, 0.005438617896288633, -0.020877504721283913, 0.018562113866209984, 0.002450384432449937, -0.02162942849099636, 0.025274913758039474, -0.03776354342699051, 0.00019667368906084448, 0.002476530382409692, -0.012445485219359398, -0.026536153629422188, 0.02264638990163803, 0.048341479152441025, 0.06291335076093674, 0.03233346343040466, 0.008290428668260574, -0.014744846150279045, 0.010752776637673378, -0.04255196824669838, 0.021422775462269783, -0.02328277751803398, 0.006814362481236458, -0.011391746811568737, 0.005155653227120638, 0.04655611142516136, -0.05656864866614342, -0.03334895893931389, -0.021480882540345192, -0.016087418422102928, 0.0013425092911347747, -0.03523401916027069, -0.007276206277310848, -0.017602290958166122, 0.015544718131422997, -0.04858339577913284, 0.003511653281748295, -0.003674827516078949, 0.018376372754573822, -0.03850516676902771, -0.030908478423953056, 0.04911540076136589, -0.05761842057108879, 0.01856304332613945, -0.02364058420062065, -0.04544438049197197, -0.02264854870736599, 0.03938937187194824, -0.02708885632455349, -0.07416140288114548, -0.02659660391509533, -0.01226268894970417, 0.01585756242275238, 0.00164114183280617, -0.0004316871636547148, -0.031729936599731445, -0.051071878522634506, 0.0008568058256059885, -0.005026261787861586, 0.022938376292586327, -0.015634115785360336, 0.02316085621714592, 0.04251786693930626, -0.014623620547354221, 0.018056411296129227, 0.014896810054779053, 0.010912038385868073, 0.018797315657138824, 0.05432337149977684, 0.029624052345752716, 0.06310512870550156, 0.004269142169505358, -0.015105941332876682, 0.04174254089593887, -0.03839096426963806, -0.04158216714859009, -0.0022765102330595255, 0.00745839299634099, -0.030489711090922356, -0.008838583715260029, -0.0029433893505483866, 0.0037921336479485035, 0.012000706978142262, 0.002295498037710786, 0.016930023208260536, 0.031699828803539276, -0.010263410396873951, 0.05596374720335007, -0.03480112925171852, -0.0012222739169374108, -0.0018520625308156013, 0.0031162051018327475, 0.008000192232429981, -0.011723095551133156, -0.0035843022633343935, -0.03377234563231468, 0.009190204553306103, 0.014479990117251873, 0.0010752408998087049, 0.014751519076526165, -0.02140624448657036, 0.0585247166454792, -0.005998210050165653, -0.01980510726571083, 0.020856095477938652, -1.5710204024799168e-05, -0.0017090460751205683, 0.027131926268339157, -0.008083779364824295, 0.057793859392404556, -0.018262898549437523, 0.0004896263708360493, -0.03181092441082001, 0.022522542625665665, -0.00934156496077776, 0.060387544333934784, -0.04110468924045563, -0.0032652660738676786, -0.03760513290762901, 0.0021882953587919474, -0.006418328732252121, 0.017062406986951828, 0.06346725672483444, -0.04590758681297302, 0.04606788605451584, -0.003420915687456727, 0.007251743692904711, -0.004366291221231222, -0.008980878628790379, 0.03592384234070778, 0.003124095732346177, -0.04488523304462433]",
15_1_0_docs_01_app_03_api_reference_03_file_conventions_01_metadata_sitemap_mdx_section_7,section,15_1_0_docs_01_app_03_api_reference_03_file_conventions_01_metadata_sitemap_mdx,sitemap.xml - Generating multiple sitemaps,,{},15.1.0,"While a single sitemap will work for most applications. For large web applications, you may need to split a sitemap into multiple files.
There are two ways you can create multiple sitemaps:
By nesting `` inside multiple route segments e.g. `` and ``.
By using the [/docs/app/api-reference/functions/generate-sitemaps](/docs/app/api-reference/functions/generate-sitemaps) function.
For example, to split a sitemap using ``, return an array of objects with the sitemap ``. Then, use the `` to generate the unique sitemaps.
Your generated sitemaps will be available at ``. For example, ``.
See the [/docs/app/api-reference/functions/generate-sitemaps](/docs/app/api-reference/functions/generate-sitemaps) for more information.
",,"[(np.int64(7), np.float64(0.06730625778436661)), (np.int64(1764), np.float64(0.17819736897945404)), (np.int64(1916), np.float64(0.10024842619895935)), (np.int64(48716), np.float64(0.22171863913536072)), (np.int64(62346), np.float64(0.2506960928440094)), (np.int64(131492), np.float64(0.19485601782798767)), (np.int64(155370), np.float64(0.18401502072811127))]","[-0.029527554288506508, -0.021130703389644623, -0.0286309365183115, 0.056314900517463684, 0.004770371597260237, -0.030563849955797195, 0.0019520954228937626, -0.0008463198319077492, -0.024729589000344276, 0.012706105597317219, -0.0032002388034015894, 0.040446456521749496, 0.021277878433465958, -0.0023917334619909525, -0.007306428160518408, 0.03312448039650917, -0.04045417532324791, 0.015902236104011536, -0.0011624707840383053, -0.029172837734222412, 0.008795116096735, -0.006081922445446253, 0.03831154480576515, -0.010250820778310299, 0.005353446584194899, 0.011004707776010036, -0.031085746362805367, 0.014847194775938988, 0.04232894629240036, -0.007069929502904415, 0.01944548822939396, -0.047244176268577576, 0.045817144215106964, -0.010627775453031063, -0.061171285808086395, -0.035146210342645645, -0.02376626618206501, -0.0436384379863739, -0.0013535553589463234, 0.03365042060613632, -0.03645375743508339, 0.0217436570674181, -0.004517703782767057, -0.000368562585208565, -0.013718104921281338, -0.020635774359107018, 0.018804369494318962, -0.01809612289071083, 0.0065581221133470535, -0.013359579257667065, -0.04920963570475578, 0.024811899289488792, 0.023506997153162956, -0.07524383813142776, -0.010203603655099869, 0.04779159277677536, -0.04185529425740242, 0.02784939482808113, -0.04507196694612503, -0.012811118736863136, -0.03340869024395943, 0.050198473036289215, -0.005442259833216667, -0.003831960028037429, 0.004336764104664326, 0.031322989612817764, -0.025679010897874832, 0.0016501358477398753, -0.02079864591360092, -0.04558664932847023, 0.012068821117281914, 0.02866276539862156, -0.04645032063126564, -0.04129306972026825, -0.022757507860660553, -0.02890702150762081, -0.0033847002778202295, -0.03427727892994881, -0.06292390823364258, 0.007715670857578516, 0.004341865424066782, -0.030058080330491066, 0.02155102603137493, -0.014545022509992123, 0.007988708093762398, -0.04819061979651451, -0.011929657310247421, 0.09359121322631836, 0.02850375883281231, 0.051890671253204346, 0.0012876337859779596, -0.004785330966114998, 0.06062522903084755, -0.027405133470892906, 0.01708916760981083, -0.006285254843533039, -0.0409373939037323, 0.023996006697416306, 0.0286546777933836, -0.019765695556998253, 0.019978391006588936, -0.06774647533893585, -0.008398999460041523, -0.024844827130436897, 0.015421202406287193, -0.01810692436993122, 0.020034147426486015, -0.007111184298992157, -0.023467380553483963, -0.044668469578027725, 0.029581131413578987, 0.037551723420619965, 0.016493819653987885, 0.006597866304218769, -0.004355338402092457, 0.015662366524338722, 0.004771473351866007, -0.00598127068951726, 0.010223031044006348, 0.037464506924152374, 0.045613303780555725, -0.009087320417165756, 0.03752749040722847, -0.020361226052045822, -0.023419488221406937, 0.0529923252761364, 0.027063917368650436, 0.026457438245415688, -0.014378919266164303, -0.01968594826757908, 0.04200401529669762, 0.05074271187186241, -0.008389851078391075, -0.009622422978281975, 0.028718771412968636, 0.032499924302101135, 0.004630590323358774, 0.0013560588704422116, -0.02126530557870865, -0.08036766946315765, 0.01932917907834053, 0.007513130083680153, -0.02566644363105297, -0.0485825315117836, 0.024760475382208824, -0.07958288490772247, 0.03369533643126488, 0.03733367100358009, 0.00908308569341898, -0.009434499777853489, -0.007434538099914789, 0.015739358961582184, 0.016555720940232277, -0.0032935787457972765, 0.01676996424794197, -0.06165684014558792, -0.005626246798783541, 0.02079183980822563, 0.03312618285417557, 0.014371461234986782, 0.004461745731532574, -0.0036917419638484716, -0.07717446237802505, 0.03201954811811447, 0.06242391839623451, -0.026703057810664177, 0.009776905179023743, -0.002175929257646203, -0.03542878478765488, -0.06102648749947548, 0.02005315013229847, 0.00840786099433899, -0.002810935489833355, 0.04716930538415909, 0.005756552796810865, 0.05113431438803673, 0.01499494630843401, 0.01616179756820202, 0.006187650375068188, -0.03846435993909836, -0.0402885302901268, 0.020168783143162727, 0.007561556529253721, -0.03714514151215553, -0.023617053404450417, 0.01768835447728634, 0.0055816443637013435, -0.03887547180056572, 0.012009210884571075, 0.02564730867743492, -0.008411302231252193, -0.0035014136228710413, 0.04822835326194763, 0.03772662952542305, -0.016601432114839554, -0.037419047206640244, 0.029766745865345, 0.024165581911802292, 0.007296053692698479, -0.0064618210308253765, -0.026750890538096428, 0.006342089269310236, 0.04572059214115143, -0.029787248000502586, -0.02894778549671173, -0.020664053037762642, 0.020270828157663345, -0.05811694636940956, -0.004363550338894129, -0.01634478010237217, 0.0013652399647980928, -0.04481082782149315, -0.03993556275963783, -0.02156682312488556, -0.04256540536880493, 0.003772744908928871, 0.0114898094907403, 0.04640388488769531, 0.014060487039387226, -0.02326054312288761, -0.005124079994857311, 0.022152073681354523, -0.020312465727329254, -0.00469133211299777, 0.022540559992194176, 0.02099006064236164, 0.012831705622375011, -0.02108931913971901, 0.03465045243501663, -0.03053426742553711, -0.03537799045443535, 0.02038663625717163, 0.013051181100308895, -0.004339362494647503, 0.05237170308828354, -0.06383953988552094, -0.045118603855371475, 0.010554928332567215, -0.022856339812278748, 0.004801218863576651, 0.006943731568753719, -0.0019534265156835318, 0.04942729324102402, -0.00901828147470951, -0.02422698400914669, -0.003295709379017353, 0.016875412315130234, 0.03355063125491142, -0.02293422445654869, -0.017956985160708427, 0.00690621929243207, -0.005851355381309986, 0.014518260955810547, 0.007935769855976105, 0.018505176529288292, 0.00554850697517395, 0.04048699885606766, 0.01107714045792818, -0.02579658292233944, -0.0363273061811924, -0.0008912574267014861, 0.026877013966441154, -0.006264058407396078, 0.020319418981671333, -0.03447286784648895, -0.04662911221385002, -0.03170556202530861, -0.06657496839761734, 0.03877928853034973, 0.027793144807219505, -0.038506314158439636, 0.00743135204538703, 0.012492567300796509, -0.04893888160586357, -0.008318900130689144, 0.03473716229200363, -0.02837468683719635, 0.00012075246195308864, 0.07242173701524734, 0.015453093685209751, 0.0026555124204605818, 0.04510742053389549, 0.04762817546725273, -0.011967654339969158, 0.023693719878792763, 0.003740332555025816, 0.013997910544276237, -0.010424717329442501, 0.05244472622871399, 0.041268303990364075, 0.0013088936684653163, -0.014742489904165268, 0.03588093817234039, -0.012032881379127502, -0.012419461272656918, 0.03783860430121422, -0.02417590655386448, -0.16901420056819916, -0.05498744174838066, 0.0004179177922196686, -0.013053731061518192, 0.008230426348745823, 0.02289598062634468, -0.0007329877698794007, -0.01651098020374775, -0.0017234646948054433, 0.05364656448364258, -0.02671227604150772, -0.03083246946334839, -0.05308247730135918, -0.009681608527898788, 0.042797308415174484, 0.018131189048290253, -0.03079323098063469, 0.0043946364894509315, -0.05941540747880936, -0.017431849613785744, -0.03598163649439812, -0.059868715703487396, 0.04293067380785942, -0.004163706675171852, 0.042450595647096634, -0.028305787593126297, 0.041411690413951874, 0.04593899846076965, 0.0005219232989475131, 0.01031870674341917, -0.023655889555811882, -0.004887372255325317, 0.007569091394543648, 0.0038287246134132147, -0.04790177941322327, -0.02121390774846077, 0.03861673176288605, 0.011167093180119991, -0.007522364612668753, 0.005905001889914274, 0.00645430339500308, 0.010003390721976757, -0.00422272365540266, 0.01463303342461586, 0.020420599728822708, 0.011800621636211872, -0.030445415526628494, -0.03983079269528389, -0.021484626457095146, -0.048791494220495224, 0.021140754222869873, -0.028666578233242035, -0.005206583999097347, -0.008732739835977554, -0.06145887449383736, -0.02356220781803131, -0.02126557007431984, 0.03950374945998192, -0.015902448445558548, 0.03441670909523964, -0.004984598606824875, 0.024190504103899002, -0.012623520568013191, 0.004180751740932465, 0.016645032912492752, 0.012791343964636326, 0.088392473757267, 0.05585571378469467, -0.01698027178645134, -0.02704465202987194, 0.0012399605475366116, -0.022044358775019646, -0.00582652585580945, -0.029151298105716705, 0.004234537947922945, 0.005079281982034445, -0.01778041571378708, -0.024012360721826553, 0.02297690510749817, -0.08569484204053879, -0.012269602157175541, -0.020727310329675674, 0.022813107818365097, 0.00792698934674263, -0.019900893792510033, -0.045862797647714615, -0.010826717130839825, -0.02825278975069523, 0.01873823069036007, 0.21814346313476562, 0.012447897344827652, 8.486040314892307e-05, -0.011960556730628014, 0.04390741512179375, -0.006479343865066767, 0.050024375319480896, 0.08681479841470718, 0.03708081319928169, -0.022340483963489532, 0.012712636031210423, 0.017364902421832085, 0.020547397434711456, -0.019801918417215347, 0.04266733676195145, 0.03820572420954704, -0.05589728802442551, 0.04004557803273201, 0.014622153714299202, -0.01631181128323078, 0.02220386639237404, -0.04790245741605759, 0.08411610126495361, 0.05301384627819061, -0.05258312448859215, -0.04994046688079834, -0.011655041947960854, -0.006766626611351967, -0.0553581528365612, 0.035794083029031754, -0.048623330891132355, 0.02589128352701664, 0.022623663768172264, -0.03303953632712364, -0.02916368469595909, -0.01168165635317564, 0.04861903190612793, -0.014329163357615471, 0.0005980799323879182, 0.007183763664215803, 0.033434245735406876, -0.012700767256319523, -0.023399963974952698, -0.02749798446893692, -0.0025109967682510614, -0.034296732395887375, 0.04553598910570145, 0.016762372106313705, 0.007999272085726261, -0.0660633072257042, -0.025771258398890495, -0.027344008907675743, -0.009932301007211208, 0.007760912179946899, 0.030995924025774002, -0.030975697562098503, 0.006890131160616875, 0.02157769352197647, 0.03814786672592163, -0.008336426690220833, -0.00321524147875607, -0.020546525716781616, -0.05044720694422722, 0.0005668228841386735, -0.023924311622977257, 0.008675276301801205, -0.024368567392230034, -0.012177507393062115, 0.027058016508817673, 0.045000191777944565, -0.008753029629588127, -0.013441951014101505, 0.004107041284441948, -0.06550230085849762, -0.02092922106385231, -0.007104542106389999, 0.03830781206488609, 0.007240898907184601, -0.009871484711766243, 0.01433652639389038, -0.021713435649871826, 0.027170434594154358, -0.0050096893683075905, 0.02440548688173294, 0.006492057349532843, 0.005191856995224953, 0.027332257479429245, 0.051224082708358765, 0.01869465410709381, -0.031039690598845482, 0.007686514873057604, -0.007553258445113897, 0.008970662951469421, 0.012164914980530739, 0.004474611021578312, -0.01449053268879652, -0.021420292556285858, -0.03849629685282707, -0.01672339253127575, 0.004988730885088444, 0.0070011247880756855, 0.011249956674873829, -0.026113789528608322, 0.007962075062096119, 0.04425232857465744, -0.021463913843035698, 0.028841476887464523, -0.016979819163680077, 0.01461363397538662, 0.031790487468242645, -0.005240321159362793, -0.0040452247485518456, 0.01294287946075201, -0.006214681547135115, -0.031000882387161255, 0.04462193325161934, 0.01722700335085392, 0.04290884733200073, 0.007869170047342777, 0.06397277116775513, -0.03221258148550987, -0.005928630009293556, -0.014036091044545174, -0.031576626002788544, 0.027345040813088417, -0.041183531284332275, -0.013249581679701805, 0.031642649322748184, -0.005413188133388758, -0.0004964551771990955, 0.06270980089902878, -0.05282099172472954, -0.01622897759079933, 0.04598676785826683, -0.009627099148929119, -0.01587650179862976, 0.037409476935863495, -0.006251590792089701, 0.0036387573927640915, -0.0062210108153522015, -0.0774325355887413, -0.025050025433301926, 0.0034539648331701756, -0.016855455935001373, 0.030969683080911636, 0.039001721888780594, -0.03644911199808121, -0.012648395262658596, -0.007623260375112295, -0.019619904458522797, 0.0519055537879467, 0.021796945482492447, 0.007628678809851408, -0.050263483077287674, -0.020599985495209694, -0.043187275528907776, -0.01688183844089508, 0.04372377321124077, 0.017828872427344322, -0.023143542930483818, -0.014031972736120224, 0.0253266803920269, 0.05905865877866745, 0.05829564481973648, -0.017731912434101105, 0.022016681730747223, -0.02818230912089348, 0.045498453080654144, -0.017396217212080956, -0.0028174296021461487, 0.004230612888932228, -0.030760325491428375, -0.028307978063821793, 0.02692985162138939, -0.00942519586533308, -0.024303296580910683, -0.005713914521038532, 0.004745165817439556, -0.023576661944389343, 0.0032775364816188812, 0.0336095467209816, -0.01929352805018425, -0.025671150535345078, 0.004780089017003775, 0.049445632845163345, 0.02318873070180416, -0.018869632855057716, -0.03290831670165062, 0.0075394161976873875, -0.004007400944828987, -0.005705477204173803, 0.11238764971494675, 0.004733969457447529, -0.008341128006577492, 0.013018479570746422, -0.0006716900388710201, 0.06489644944667816, 0.047607578337192535, -0.02888236567378044, 0.013632107526063919, 0.026972243562340736, 0.0002908130700234324, 0.0023840791545808315, 0.0007259618141688406, -0.045723382383584976, -0.01194684486836195, -0.050018858164548874, 0.01385321281850338, -0.02806464210152626, 0.033011097460985184, -0.018067888915538788, 0.0008733797003515065, -0.006455529015511274, -0.007567309774458408, -0.010169018059968948, -0.018238399177789688, 0.04375371336936951, 0.01302429661154747, 0.003933309577405453, 0.024222761392593384, -0.039840858429670334, -0.02849590592086315, 0.006406425964087248, 0.004796099383383989, -0.03337012231349945, -0.03437110409140587, 0.028004977852106094, -0.03722834214568138, 0.015309673734009266, 0.013110281899571419, -0.002465204568579793, 0.022370506078004837, -0.03301800414919853, 0.004428749438375235, -0.013983923941850662, -0.034099917858839035, 0.0187824796885252, 0.0155878234654665, -0.01370050199329853, -0.03531418368220329, -0.002693556947633624, -0.0213217381387949, 0.05305446684360504, 0.06749170273542404, 0.010110238566994667, -0.017258411273360252, -0.024144195020198822, 0.01646619290113449, 0.030226871371269226, 0.02652832120656967, -0.006393617019057274, -0.030274420976638794, -0.02417037822306156, -0.028564991429448128, 0.0480516143143177, -0.05876324698328972, -0.03196565434336662, 0.008201120421290398, -0.06815128028392792, -0.025804556906223297, 0.021367177367210388, 0.013182518072426319, 0.02690907008945942, -0.02128702774643898, 0.05474789813160896, -0.03520914912223816, 0.035723309963941574, -0.03104199282824993, -0.05779923126101494, -0.026296960189938545, -0.03929297253489494, -0.03883720189332962, -0.011978168971836567, -0.03135186433792114, 0.013413951732218266, -0.036659371107816696, 0.006556141190230846, 0.017313115298748016, 0.034676965326070786, -0.04047546163201332, -0.05112152174115181, 0.010229759849607944, 0.021404242143034935, 0.007246069144457579, -0.016562702134251595, -0.005393238738179207, 0.01528523676097393, 0.0033907131291925907, 0.011140118353068829, -0.04082491993904114, -0.026271026581525803, 0.03803356736898422, -0.026484929025173187, 0.018437668681144714, -0.016793105751276016, -0.013372094370424747, -0.023235445842146873, 0.011133626103401184, -0.00632694223895669, -0.008540927432477474, 0.0035511108580976725, -0.010210097767412663, 0.0009035832481458783, -0.04372338205575943, -0.03297695145010948, 0.060649193823337555, -0.00768491392955184, 0.04049473628401756, 0.012596788816154003, -0.04114897921681404, 0.01833956502377987, -0.0420733243227005, -0.0016415263526141644, 0.04783732444047928, 0.006987573578953743, -0.05262378603219986, 0.05971565097570419, -0.0004175006761215627, 0.021068166941404343, -0.024067848920822144, -0.03261186182498932, 0.019383380189538002, -0.05234495922923088, -0.03369924798607826, -0.0027905101887881756, 0.019008073955774307, -0.011311382986605167, 0.015170508064329624, -0.04873058199882507, 0.0404500812292099, -0.008956021629273891, 0.016007373109459877, 0.004572873469442129, -0.01848015747964382, -0.019583163782954216, -0.04359454661607742, 0.032592855393886566, -0.0684518814086914, 0.024044228717684746, 0.002213516505435109, 0.0326896533370018, 0.01164262555539608, 0.04135088622570038, -0.03731426224112511, 0.021484728902578354, -0.019114505499601364, 0.024904882535338402, 0.008853022940456867, -0.035281240940093994, -0.012816369533538818, -0.021570350974798203, 0.02731175906956196, -0.013645516708493233, -0.012465160340070724, 0.05827154591679573, -0.09797432273626328, -0.025467444211244583, -0.028706641867756844, 0.08952851593494415, 0.05532368645071983, -0.025826672092080116, 0.04118639975786209, 0.024582447484135628, -0.020161274820566177, 0.009674892760813236, 0.008680138736963272, -0.007581994868814945, -0.026404717937111855, -0.026740500703454018, 0.023081477731466293, -0.012273448519408703, 0.011436217464506626, -0.018731703981757164, -0.025994934141635895, -0.019564352929592133, -0.0013956865295767784, -0.028774868696928024, 0.023287862539291382, 0.0388815812766552, -0.009579232893884182, -0.013837598264217377, -0.007393079809844494, -0.05093748867511749, 0.009642360731959343, -0.047744281589984894, 0.02813720516860485, -0.013142965734004974, 0.004254702478647232, -0.028055977076292038, 0.02428406849503517, -0.04900042340159416, -0.0036713075824081898, -0.007360974792391062, 0.023406144231557846, -0.12026011198759079, 0.03201989829540253, -0.03722209110856056, 0.02546706609427929, -0.005642234813421965, -0.00548282265663147, -0.017781680449843407, -0.04570494592189789, 0.00944019015878439, -0.03619384765625, -0.01538881380110979, -0.005460168235003948, 0.028033314272761345, -0.017248699441552162, 0.005599838215857744, 0.02906171791255474, 0.022292545065283775, -0.002201860537752509, 0.011244824156165123, 0.02383132465183735, 0.03528054803609848, 0.030876850709319115, 0.00453684339299798, -0.01378637831658125, -0.057964906096458435, -0.03029763698577881, 0.00839577428996563, -0.02759832702577114, -0.021476348862051964, 0.04860173165798187, -0.008449767716228962, -0.0350106805562973, 0.018788211047649384, 0.06346404552459717, -0.013507611118257046, -0.0002078951511066407, 0.011392934247851372, -0.016565874218940735, 0.020759940147399902, 0.021501194685697556, -0.004725450184196234, 0.03305066376924515, -0.0025364565663039684, 0.026623839512467384, 0.0174833033233881, 0.011926434934139252, -0.01266773696988821, -0.045290760695934296, -0.034907758235931396, 0.01731058955192566, 0.0033384684938937426, 0.02664204128086567, -0.004306197632104158, -0.013574604876339436, 0.005245645996183157, 0.02923240326344967, -0.04489895701408386, -0.012991195544600487, 0.043371327221393585, 0.010229123756289482, -0.044763077050447464, 0.01706523820757866, -0.02689281292259693, 0.01410403847694397, -0.019605562090873718, 0.06242014467716217, -0.007598113268613815, 0.014729230664670467, 0.05842947959899902, -0.015010223723948002, -0.030608169734477997, -0.010943366214632988, -0.04230035841464996, 0.01769130676984787, -0.023953698575496674, 0.04322046786546707, 0.007424044888466597, 0.009007025510072708, 0.004238811321556568, 0.035845883190631866, 0.006032218690961599, -0.019010398536920547, -0.029146205633878708, 0.045932892709970474, 0.03555373474955559, 0.025058390572667122, -0.010280134156346321, 0.0017942485865205526, -0.014867077581584454, 0.006694952491670847, -0.008061295375227928, -0.0464058443903923, -0.00860726460814476, 0.001574189169332385, -0.02068096026778221, 0.0407409630715847, -0.005540406797081232, -0.013698568567633629, 0.003143253270536661, -0.009058107621967793, -0.053129225969314575, 0.0071630398742854595, 0.004204817581921816, -0.017305489629507065, -0.0029519121162593365, 0.021221334114670753, -0.03756560757756233, 0.005285312421619892, 0.01537081878632307, -0.05618599057197571, -0.016507219523191452, -0.024655187502503395, -0.0227213092148304, -0.0014932187041267753, -0.011792630888521671, -0.03067164123058319, 0.053245313465595245, -0.00141929613891989, 0.0219479538500309, 0.016728227958083153, -0.01982710137963295, -0.02321843057870865, 0.014993961900472641, -0.014584803022444248, 0.014216181822121143, 0.04044042155146599, 0.015451619401574135, 0.06337245553731918, 0.035496555268764496, -0.03603897988796234, -0.0017254556296393275, -0.024368010461330414, 0.030067335814237595, -0.04031996801495552, 0.022006776183843613, -0.030852563679218292, -0.04795857146382332, 0.05602153763175011, -0.06584343314170837, -0.0022701516281813383, -0.025932587683200836, -0.005957832559943199, 0.0073644984513521194, -0.03313646838068962, 0.007210024166852236, -0.05759650468826294, -0.01697458326816559, 0.003998436499387026, 0.025731422007083893, -0.04375195875763893, -0.0011646701022982597, -0.006788558792322874, -0.025924529880285263, 0.01867752894759178, -0.052778881043195724, 0.027755388990044594, -0.044717077165842056, -0.010873476974666119, -0.02703607827425003, 0.03470631688833237, -0.008500557392835617, -0.03597252815961838, -0.0006644729292020202, 0.0047091105952858925, 0.007043951656669378, 0.030091937631368637, 0.0014944094000384212, -0.017826708033680916, 0.001821810845285654, 0.010612613521516323, 0.024583585560321808, 0.05038085952401161, -0.021412648260593414, -0.01748448982834816, 0.07196467369794846, 0.012725711800158024, -0.012827570550143719, 0.04871726036071777, 0.003221804741770029, 0.0119615588337183, 0.013126492500305176, 0.02806755341589451, 0.05118484050035477, 0.04737250506877899, 0.009205635637044907, 0.02036617510020733, -0.037353262305259705, 0.020880157127976418, 0.024665338918566704, -0.03007536195218563, 0.018713729456067085, 0.04033658280968666, 0.01515780109912157, 0.007874107919633389, 0.04535338655114174, 0.0011883903061971068, 0.00787714309990406, 0.004179437179118395, 0.032941773533821106, 0.04539119079709053, -0.01727243699133396, 0.009429674595594406, -0.006358575541526079, 0.01891365461051464, -0.03073454275727272, 0.011412363499403, 0.038504838943481445, 0.03531993553042412, -0.01495628897100687, 0.02096143178641796, 0.0004235355881974101, 0.03914138674736023, -0.0247173048555851, 0.03831891342997551, -0.008030892349779606, -0.05895084887742996, 0.03181624785065651, 0.03149575740098953, -0.013489283621311188, -0.01818135380744934, 0.0020895334891974926, -0.015466121025383472, -0.012204884551465511, -0.05181092396378517, -0.05939159542322159, -0.012875511310994625, -0.01594935543835163, 0.022628240287303925, -0.016818778589367867, -0.010155528783798218, -0.044592197984457016, 0.019765909761190414, 0.006847350858151913, 0.015520012937486172, 0.032566532492637634, -0.04256673529744148, 0.06787312775850296, 0.03907373175024986, -0.0009847237961366773, -0.005041621159762144, -0.0039911731146276, -0.00546663161367178, -0.0126623110845685, -0.009788044728338718]",,
15_1_0_docs_01_app_03_api_reference_03_file_conventions_01_metadata_sitemap_mdx_section_7_code_1,code_snippet,15_1_0_docs_01_app_03_api_reference_03_file_conventions_01_metadata_sitemap_mdx_section_7,Generating multiple sitemaps - code_1,,"{'programming_language': 'ts', 'filename': 'app/product/sitemap.ts', 'switcher': True}",15.1.0,,"import type { MetadataRoute } from 'next'
import { BASE_URL } from '@/app/lib/constants'

export async function generateSitemaps() {
  // Fetch the total number of products and calculate the number of sitemaps needed
  return [{ id: 0 }, { id: 1 }, { id: 2 }, { id: 3 }]
}

export default async function sitemap({
  id,
}: {
  id: number
}): Promise<MetadataRoute.Sitemap> {
  // Google's limit is 50,000 URLs per sitemap
  const start = id * 50000
  const end = start + 50000
  const products = await getProducts(
    `SELECT id, date FROM products WHERE id BETWEEN ${start} AND ${end}`
  )
  return products.map((product) => ({
    url: `${BASE_URL}/product/${product.id}`,
    lastModified: product.date,
  }))
}
","[(np.int64(5), np.float64(0.08880625665187836)), (np.int64(64), np.float64(0.08584897220134735)), (np.int64(933), np.float64(0.27155882120132446)), (np.int64(4027), np.float64(0.22247709333896637)), (np.int64(11090), np.float64(0.222868412733078)), (np.int64(57877), np.float64(0.2500567138195038)), (np.int64(61636), np.float64(0.24930647015571594)), (np.int64(62346), np.float64(0.29478487372398376))]",,"[-0.0402718149125576, -0.0318039134144783, 0.012751840986311436, 0.042033299803733826, -0.020708194002509117, -0.005652139429003, -0.022581208497285843, 0.010123432613909245, -0.031433794647455215, 0.018471434712409973, -0.017205554991960526, 0.03844623640179634, -0.02249605767428875, -0.02008257433772087, 0.0054357596673071384, 0.0229023564606905, -0.031220462173223495, -0.02593722939491272, 0.006543257273733616, -0.046516649425029755, 0.0021405229344964027, -0.011508932337164879, 0.015453207306563854, -0.011711587198078632, 0.04223789647221565, 0.030970921739935875, -0.024526381865143776, 0.005463991314172745, -0.005788567941635847, 0.006013370584696531, 0.0029121055267751217, -0.005158230196684599, 0.016720594838261604, -0.03424152731895447, -0.08061550557613373, -0.02892519347369671, -0.017889149487018585, -0.03658571094274521, -0.024116765707731247, 0.0063976203091442585, -0.038735613226890564, 0.028648247942328453, 0.013944034464657307, -0.021173758432269096, 0.014054921455681324, -0.0353119857609272, 0.027003517374396324, -0.03069452755153179, -0.014508005231618881, -0.018561970442533493, -0.0026260039303451777, 0.011401201598346233, 0.0037693153135478497, -0.0677313581109047, 0.01342181209474802, 0.05230865254998207, -0.04340711236000061, 0.015165429562330246, -0.04616791382431984, -0.028073089197278023, -0.036358144134283066, 0.00019250440527684987, -0.033871445804834366, 0.04821157827973366, 0.04667774960398674, 0.022105857729911804, 0.007970010861754417, -0.006404743064194918, -0.03257038816809654, -0.014959354884922504, -0.012131290510296822, 0.060810595750808716, -0.047557976096868515, -0.006695121061056852, -0.03683646395802498, -0.010932574048638344, 0.003345137694850564, -0.003109915880486369, -0.0019960771314799786, -0.010428800247609615, 0.007560372818261385, -0.005407446995377541, -0.026779646053910255, 0.014634324237704277, -0.0153059596195817, -0.03938884288072586, -0.04350174590945244, 0.0029284143820405006, 0.0060498411767184734, 0.05584492161870003, 0.038664527237415314, -0.009417098946869373, 0.05281290411949158, -0.04987601563334465, 0.0119593795388937, -0.00309960450977087, 0.00808169785887003, 0.003762367879971862, 0.06089134141802788, -0.006364555563777685, 0.005299604032188654, 0.00039019223186187446, 0.027977686375379562, -0.008784107863903046, 0.06968805938959122, 1.8150572941522114e-05, 0.009374557062983513, -0.023822084069252014, -0.006483680102974176, -0.022348269820213318, 0.024073326960206032, 0.041617196053266525, 0.025705041363835335, -0.02875029481947422, -0.008672695606946945, -0.01299236435443163, -0.009354975074529648, -0.005688839592039585, 0.02112763002514839, 0.011876621283590794, 0.01378204021602869, 0.027007337659597397, 0.059730902314186096, -0.020529672503471375, -0.05614679679274559, 0.01662105694413185, 0.008596031926572323, 0.029526198282837868, 0.006447032559663057, 0.0474521741271019, 0.048486027866601944, 0.03667864203453064, -0.0440942756831646, 0.020792771130800247, -0.025163795799016953, -0.005745127331465483, 0.01788960210978985, 0.020897621288895607, -0.027837341651320457, -0.08276531100273132, -0.0004386760701891035, 0.02071458473801613, -0.05508490651845932, -0.05506020039319992, 0.02573840692639351, -0.034689005464315414, 0.02546130307018757, -0.016450606286525726, -0.027591079473495483, 0.023210467770695686, -0.001028090831823647, 0.0482139028608799, 0.04067746549844742, -0.0038773224223405123, 0.02919209748506546, -0.025243299081921577, -0.013929909095168114, 0.02560686133801937, -0.0006117660668678582, 0.04657294601202011, 0.02344093844294548, 0.008025956340134144, -0.047162510454654694, 0.0063252695836126804, 0.02827894687652588, -0.019319167360663414, -0.013590605929493904, -0.005890257656574249, -0.03305601701140404, -0.03730392828583717, 0.022332772612571716, -0.01679246872663498, -0.007300525903701782, 0.03830040246248245, -0.009659883566200733, 0.021974895149469376, 0.09758798778057098, 0.027282685041427612, 0.008825866505503654, -0.03299172967672348, -0.007900016382336617, 0.02574031986296177, -0.0020393698941916227, -0.016263477504253387, -0.0182809941470623, 0.03493278846144676, 0.06162341684103012, 0.0037846604827791452, 0.002777213929221034, 0.027047760784626007, 0.007382147014141083, -0.013168301433324814, 0.08908836543560028, 0.018363887444138527, -0.027118302881717682, -0.01611788012087345, 0.0067001404240727425, -0.0013671828201040626, 0.0036423353012651205, -0.01990429498255253, -0.03041900135576725, 0.013931790366768837, 0.03749038279056549, -0.023962564766407013, -0.03364328294992447, -0.021131055429577827, -0.01811431162059307, -0.053712017834186554, -0.02039024978876114, 0.01802864670753479, 0.0034031830728054047, -0.011706124991178513, -0.031005745753645897, -0.006903326604515314, -0.04188947007060051, -0.051830682903528214, 0.007926455698907375, -0.012680282816290855, -0.022115057334303856, -0.0009402433643117547, -0.016938600689172745, 0.07223822921514511, -0.016196712851524353, 0.027182357385754585, -0.008327663876116276, 0.002166670048609376, 0.02348257228732109, -0.014804450795054436, 0.03545857593417168, -0.003661863971501589, -0.042213164269924164, -0.0177684985101223, 0.02081955410540104, -0.013170106336474419, 0.017349233850836754, -0.028175238519906998, 0.018063044175505638, -0.034460607916116714, 0.009380584582686424, 0.010309702716767788, -0.027386033907532692, -0.025255750864744186, 0.017190875485539436, -4.3853015085915104e-05, -0.065715491771698, 0.001108301104977727, -0.011908561922609806, 0.023608269169926643, -0.03354029729962349, -0.049731671810150146, 0.014896439388394356, -0.007064686622470617, -0.0651107057929039, 0.007852165959775448, 0.040980398654937744, 0.025427989661693573, 0.0013222349807620049, -0.008971969597041607, -0.027504730969667435, -0.006115307100117207, 0.028891269117593765, 0.0019213693449273705, 0.030251843854784966, 0.030685080215334892, -0.01389964111149311, -0.054903410375118256, -0.05216327682137489, -0.030980374664068222, 0.024098899215459824, 0.024621684104204178, -0.010360167361795902, -0.003346189856529236, 0.017374904826283455, 0.0064132981933653355, -0.020538782700896263, 0.01581023819744587, -0.007611050270497799, 0.006133417598903179, 0.038455378264188766, 0.04425457492470741, -0.018155397847294807, -0.030270537361502647, 0.030885811895132065, -0.030279941856861115, 0.054406359791755676, -0.011725292541086674, -0.019245769828557968, -0.000709169136825949, 0.07227527350187302, -0.01522453036159277, -0.02537049911916256, 0.026792440563440323, 0.03594694286584854, -0.005685441195964813, -0.010245845653116703, -0.009717962704598904, -0.021983608603477478, -0.1559758186340332, -0.0495523177087307, -0.010348976589739323, 0.01611138880252838, -0.0026099628303200006, -0.004430121276527643, -0.006661323830485344, -0.04205586016178131, 0.01708662509918213, 0.07539349794387817, -0.04344717040657997, -0.04001908749341965, -0.039283387362957, -0.050399720668792725, 0.031392525881528854, -0.025911757722496986, -0.011124358512461185, 0.00901232659816742, -0.02649478055536747, -0.016019830480217934, -0.008240150287747383, -0.02867819368839264, 0.020897313952445984, 0.029747985303401947, -0.013094271533191204, -0.025947701185941696, 0.02446877211332321, 0.006632083095610142, -0.020606178790330887, -0.014099519699811935, -0.014384306967258453, -0.0395125113427639, 0.0042183115147054195, 0.023751989006996155, 0.003374886466190219, 0.01659853756427765, 0.03513793274760246, 0.03366301581263542, 0.02239462174475193, 0.033510249108076096, 0.007477305363863707, -0.0013952216831967235, -0.017308466136455536, 0.005094156600534916, 0.0028655522037297487, 0.017486797645688057, -0.03102039359509945, -0.008608796633780003, -0.014089942909777164, 0.03145842254161835, 0.0011015459895133972, -0.013360003009438515, 0.011851238086819649, 0.002935596974566579, -0.03240756317973137, -0.02796480432152748, -0.0105185117572546, 0.08674845844507217, -0.01253621093928814, -0.01656031608581543, -0.017348146066069603, 0.013531895354390144, 0.015550289303064346, -0.016846314072608948, 0.013149491511285305, -0.026688648387789726, 0.08921574801206589, 0.06899181753396988, -0.03359819948673248, -0.041681919246912, 0.02571343071758747, -0.026594871655106544, 0.028130222111940384, -0.00018532818648964167, 0.005083505995571613, 0.031091051176190376, -0.0365007221698761, -0.018307983875274658, 0.03846093639731407, -0.10691838711500168, -0.029367296025156975, 0.005073848180472851, 0.025149868801236153, 0.017946690320968628, -0.0037176150362938643, -0.02782132662832737, -0.02710743620991707, 0.008775380440056324, 0.007735761813819408, 0.24806688725948334, -0.030815796926617622, 0.002968762768432498, 0.02992936596274376, 0.06841972470283508, 0.018911536782979965, -0.03043503314256668, 0.04519067704677582, 0.0022700978443026543, -0.023803725838661194, 0.05126788094639778, 0.03731435537338257, 0.003945682663470507, -0.03918039798736572, 0.013597046956419945, 0.050394538789987564, -0.04524804651737213, 0.022595210000872612, 0.008818135596811771, -0.03246542066335678, 0.007993252947926521, -0.04348009079694748, 0.005980855319648981, 0.06761200726032257, -0.07083266973495483, -0.052307240664958954, 0.03306340426206589, -0.017040377482771873, -0.030064744874835014, 0.02872302569448948, -0.04154568910598755, -0.006307994015514851, 0.0364021360874176, -0.0052182856015861034, -0.026974555104970932, 0.0011445969576016068, 0.011071321554481983, -0.0389067716896534, -0.005331767722964287, 0.034853700548410416, 0.01338089071214199, 0.01376391388475895, -0.011517448350787163, -0.009497319348156452, 0.022942014038562775, -0.030438825488090515, 0.038245994597673416, -0.006646511610597372, -0.011358510702848434, -0.06058361008763313, -0.03118276223540306, -0.0321231335401535, -0.02271295338869095, 0.018930548802018166, -0.018253110349178314, -0.042467717081308365, 0.001567632774822414, 0.04272409901022911, 0.016706150025129318, -0.004030067473649979, 0.006679008714854717, 0.0014131272910162807, -0.04499491676688194, -0.007412915583699942, -0.04715101793408394, 0.005831550806760788, -0.021522579714655876, 0.00020034020417369902, -0.012440449558198452, 0.02631749026477337, -0.04659150913357735, 0.011247863993048668, -0.016313327476382256, -0.014206106774508953, -0.0031132372096180916, 0.007191671058535576, -0.012580964714288712, 0.015834812074899673, 0.010431548580527306, -0.0019059093901887536, -0.05104181170463562, 0.018182571977376938, -0.020259300246834755, 0.010168899782001972, 0.019802255555987358, -0.024465052410960197, 0.03046344220638275, 0.07520163804292679, -0.03282886743545532, -0.0137833496555686, -0.02498028613626957, -0.0009678853675723076, 0.0016955004539340734, 0.037369534373283386, 0.0037092503625899553, 0.0155459800735116, -0.00013508736446965486, -0.01775713451206684, -0.020528500899672508, 0.0187529306858778, 0.004835675470530987, 0.007426524069160223, -0.008869235403835773, 0.024565089493989944, 0.006974089425057173, 0.0043790750205516815, 0.02607596479356289, 0.011357230134308338, 0.001508910208940506, 0.025940876454114914, -0.053922343999147415, -0.005720713175833225, -0.014212782494723797, -0.0043519847095012665, -0.0057307458482682705, 0.025748658925294876, 0.010006179101765156, 0.01739059016108513, 0.04178699851036072, 0.028924090787768364, -0.011444625444710255, -0.01217841636389494, -0.018730392679572105, -0.020004527643322945, 0.046801310032606125, -0.03281458094716072, -0.030431384220719337, -0.007874310947954655, 0.022242451086640358, -0.0071019879542291164, 0.0410909466445446, -0.040250372141599655, -0.0076849451288580894, 0.02470175363123417, 0.00878879800438881, 0.007429658435285091, 0.03841129317879677, 0.01053837314248085, -0.009111223742365837, -0.014798152260482311, -0.02346188761293888, -0.010732478462159634, 0.001139327185228467, -0.0006405151216313243, 0.0251216609030962, 0.0015978147275745869, 0.041530903428792953, 0.022766778245568275, -0.009424500167369843, 0.005976440384984016, 0.05695744976401329, 0.03215688094496727, 0.0661122277379036, -0.0388813242316246, -0.008900617249310017, -0.07902958989143372, 0.011960688978433609, 0.037545330822467804, -0.020176393911242485, -0.008183056488633156, 0.012015063315629959, -0.019761208444833755, 0.016287241131067276, 0.05085921287536621, -0.00910190399736166, -0.025409303605556488, -0.029362743720412254, 0.02925669401884079, -0.02316649630665779, -0.011956100352108479, -0.014255862683057785, -0.03338083252310753, -0.05710463598370552, 0.04799340292811394, -0.00604014378041029, -0.016898401081562042, -0.03349202498793602, -0.029254812747240067, -0.03499807044863701, -0.005009018816053867, 0.004262296482920647, -0.005306124687194824, 0.00812199804931879, -0.013788022100925446, 0.03867906332015991, 0.018011678010225296, -0.0035656518302857876, -0.010663356631994247, 0.02642635442316532, -0.010952343232929707, -0.007340698968619108, 0.1161019429564476, -0.035779885947704315, 0.016322223469614983, 0.03546334058046341, -0.011765958741307259, 0.028176581487059593, 0.023945603519678116, -0.0028501776978373528, 0.012026374228298664, 0.012294870801270008, 0.011206691153347492, -0.005611959379166365, -0.04837990179657936, 0.029030531644821167, 0.008691957220435143, -0.014750109054148197, 0.022466342896223068, -0.03563791140913963, 0.035220228135585785, -0.051712825894355774, -0.0044513787142932415, 0.0031743976287543774, 0.0022412859834730625, -0.006642929278314114, -0.028156697750091553, 0.03633033111691475, 0.01089206151664257, 0.0019911329727619886, 0.018887845799326897, -0.05635753646492958, -0.020714450627565384, 0.02659955993294716, -0.008766891434788704, -0.020227767527103424, 0.02923133596777916, 0.033044226467609406, -0.03306051716208458, 0.013076922856271267, 0.05574377253651619, -0.003955100663006306, -0.0063478900119662285, 0.02740642800927162, 0.013677548617124557, -0.018230168148875237, 0.021704712882637978, -0.006711611989885569, -0.006294869352132082, 0.01824861578643322, -0.055511340498924255, 0.0010024477960541844, -0.02174585871398449, 0.011676405556499958, 0.043552055954933167, -0.019855638965964317, -0.01771017350256443, -0.009438371285796165, -0.007410544436424971, 0.04539214074611664, -0.016497524455189705, -0.028793560341000557, -0.044904522597789764, 0.005378476809710264, -0.009551014751195908, 0.04407229274511337, 0.01825232245028019, -0.032926492393016815, 0.015237705782055855, -0.04663390666246414, -0.009835162200033665, 0.01999962516129017, 0.015811391174793243, 0.01208717655390501, 0.0005796841578558087, -0.0016812215326353908, -0.07732488214969635, 0.04455309733748436, -0.04644716903567314, -0.0362849198281765, -0.023332854732871056, 0.01268728170543909, -0.014055478386580944, -0.0048249647952616215, -0.06035048887133598, 0.02184784971177578, 0.04783516004681587, 0.00896200630813837, -0.002206904347985983, 0.0020256228744983673, -0.011998582631349564, -0.003256144467741251, -0.01604221947491169, 0.010902821086347103, -0.021403837949037552, -0.011453747749328613, 0.024624137207865715, -0.00477980263531208, -0.00931793637573719, -0.008679206483066082, -0.07146263867616653, -0.031617093831300735, 0.004838157910853624, -0.046685248613357544, 0.030118312686681747, -0.00898230355232954, 0.011194436810910702, -0.05632634833455086, 0.02958087995648384, -0.015334976837038994, 0.013598435558378696, 0.016987385228276253, -0.019382480531930923, -0.013560192659497261, -0.008992211893200874, -0.031001532450318336, 0.053913623094558716, -0.06678243726491928, 0.0425618514418602, 0.031098127365112305, -0.001676864572800696, 0.007700566202402115, -0.058025605976581573, 0.008976694196462631, 0.029239950701594353, -0.005677009932696819, -0.025737248361110687, 0.0662371963262558, -0.020464500412344933, 0.019535761326551437, -0.026462657377123833, 0.007562862243503332, 0.016809828579425812, -0.027765167877078056, -0.02804615907371044, -0.0002834723563864827, 0.014808839187026024, -0.022266685962677002, 0.009814921766519547, -0.017972594127058983, -0.023594200611114502, -0.015936581417918205, 0.03284056484699249, -0.009283509105443954, -0.036332856863737106, -0.04099893569946289, 0.006929031107574701, -0.01751151867210865, -0.01598099060356617, 0.011934734880924225, 0.0279756598174572, 0.04214842617511749, 0.025828050449490547, 0.09345719963312149, -0.055478233844041824, 0.008565212599933147, -0.02870478481054306, 0.02153167314827442, 0.041377756744623184, -0.04860089719295502, -0.010581737384200096, -0.008749195374548435, 0.016051512211561203, -0.014293869957327843, -0.04761631041765213, 0.02584921196103096, -0.06634252518415451, -0.013740034773945808, 0.02608077973127365, 0.10047319531440735, 0.027761051431298256, -0.047342658042907715, 0.008882220834493637, 0.04814668372273445, -0.007842198945581913, 0.010217791423201561, 0.005071922205388546, 0.038224056363105774, -0.023898914456367493, -0.010751164518296719, 0.015589041635394096, 0.016322199255228043, -0.013515058904886246, -0.01832546480000019, -0.013787628151476383, 0.02254711277782917, 0.027844561263918877, 0.002033035270869732, -0.024067334830760956, -3.35952099703718e-05, -0.06893277168273926, 0.008005000650882721, -0.026601392775774002, -0.06810560822486877, -0.006800596136599779, -0.03761926665902138, 0.0072920061647892, -0.05834374949336052, -0.02554073929786682, -0.0116357346996665, 0.04663132131099701, -0.027300197631120682, -0.03087419830262661, -0.026791231706738472, 0.07512214034795761, -0.1558099240064621, 0.014239218086004257, -0.009144685231149197, 0.008916695602238178, -0.010016907937824726, -0.005636472254991531, -0.011354949325323105, -0.07553337514400482, 0.025153711438179016, -0.01177038624882698, -0.0033350323792546988, 1.999544838326983e-05, 0.038281917572021484, -0.02589469589293003, 0.02084486186504364, 0.05596953630447388, 0.007956864312291145, -0.023031463846564293, 0.0025868332013487816, -0.048602424561977386, -0.009854148142039776, -0.012765421532094479, 0.05246344953775406, -0.02017178013920784, -0.03735702857375145, -0.018227895721793175, 0.03528052940964699, -0.0006887781783007085, 0.002484736265614629, 0.03785242885351181, -0.03249627724289894, 0.0001244267332367599, 0.03167998045682907, 0.05733998864889145, 0.009137000888586044, 0.03080597333610058, 0.006200714036822319, 0.0018976074643433094, -0.0025581258814781904, 0.045004937797784805, -0.005574824288487434, 0.025505412369966507, -0.0025365513283759356, -0.0029127346351742744, 0.04218454286456108, 0.004048887174576521, -0.034764863550662994, -0.04495823755860329, -0.0142408711835742, 0.003132263896986842, 0.005774334538727999, 0.015518954023718834, 0.005089763086289167, 0.028469497337937355, -0.008139485493302345, 0.006288890726864338, -0.038862984627485275, 0.023523233830928802, -0.004809749312698841, -0.00805477611720562, -0.03852133825421333, -0.010572336614131927, -0.01762247085571289, -0.042064737528562546, 0.00781737919896841, 0.02580694481730461, -0.037595972418785095, 0.03167315199971199, 0.0337139368057251, -0.0159925390034914, -0.027765506878495216, -0.0018100000452250242, -0.0208244938403368, -0.007411372382193804, 0.004404056817293167, 0.012214862741529942, 0.01812402345240116, 0.014423077926039696, -0.03527453541755676, -0.013762637041509151, -0.021618785336613655, -0.02076728269457817, -0.022181978449225426, 0.0271750595420599, 0.05796525254845619, 0.03290538117289543, 0.008276998065412045, 0.005199606064707041, 0.008021975867450237, -3.380184716661461e-05, 0.00589982233941555, -0.021542247384786606, 0.0269686970859766, -0.0011352935107424855, -0.02673700638115406, 0.033183492720127106, -0.038942500948905945, -0.02516397461295128, 0.0010530444560572505, 0.002354975789785385, -0.027259645983576775, -0.008486065082252026, 0.027336400002241135, 0.04553922638297081, -0.0007486019749194384, 0.05820290371775627, 0.002126045059412718, 0.01019047200679779, 0.011074209585785866, -0.03784695267677307, -0.015764575451612473, 0.002149646170437336, -0.0164527278393507, 0.01485811360180378, -0.028880424797534943, -0.02692352794110775, 0.015723103657364845, 0.02108728513121605, 0.0007054341840557754, -0.014989970251917839, 0.0020686998032033443, 0.03728828951716423, 0.041967038065195084, -0.010806804522871971, -0.0005498536629602313, 0.04624760523438454, 0.046489644795656204, 0.004865676164627075, -0.0110189039260149, -0.041619863361120224, -0.01527432817965746, -0.006568740122020245, -0.0034755368251353502, 0.0028992067091166973, 0.032497305423021317, -0.051962584257125854, -0.02953166514635086, 0.052769675850868225, -0.02121277153491974, -0.017850175499916077, -0.0014549636980518699, 0.012460459023714066, -0.014447057619690895, -0.02416936494410038, 0.026775440201163292, -0.0036014134529978037, 0.0158485546708107, -0.01367185078561306, 0.03485138341784477, -0.012850718572735786, -0.0003263572871219367, -0.01014985702931881, -0.029203062877058983, 0.051160573959350586, -0.05140344426035881, -0.0025211109314113855, -0.05519058555364609, -0.03173809498548508, -0.022594071924686432, 0.06652422249317169, -0.020238174125552177, -0.08987952023744583, -0.012430842965841293, 0.030015962198376656, 0.044258516281843185, 0.04342165216803551, 0.026364022865891457, 0.016486678272485733, -0.015733974054455757, -0.0027257916517555714, 0.0073868692852556705, 0.03671378642320633, -0.04477982968091965, -0.011987458914518356, 0.026910968124866486, -0.009385267272591591, 0.01936930976808071, 0.008517486043274403, 0.007794179953634739, 0.006095793563872576, -0.02043091133236885, 0.0005372237646952271, 0.010654939338564873, 0.03121056780219078, 0.023309268057346344, 0.041952505707740784, 0.005528790410608053, -0.0002252659760415554, 0.044755738228559494, -0.0008132026996463537, -0.029738299548625946, -0.004697536583989859, 0.0012441963190212846, 0.0101432204246521, 0.05455097556114197, -0.026805682107806206, 0.02098284289240837, 0.039260465651750565, -0.00915372371673584, 0.12976595759391785, -0.04002286493778229, -0.06430376321077347, -0.03393873944878578, -0.009769630618393421, -0.004724496975541115, -0.04661700502038002, 0.01663762703537941, 0.027830874547362328, 0.021698640659451485, 0.019741568714380264, 0.00994073785841465, 0.025483930483460426, -0.01251394022256136, 0.02603880502283573, -0.013273241929709911, -0.03429580107331276, 0.027489393949508667, 0.017224842682480812, -0.017917009070515633, -0.00018151402764488012, 0.03693762049078941, -0.0038329779636114836, 0.0005594912217929959, -0.03310450166463852, -0.05643544718623161, -0.019361533224582672, 0.0016993074677884579, 0.019983656704425812, 0.006758775562047958, 0.007040265016257763, -0.03866294026374817, 0.04084381088614464, 0.02758014388382435, 0.04091646149754524, -0.0006319445674307644, -0.01814209297299385, 0.0189684946089983, 0.020983178168535233, -0.02420806512236595, -0.0407433807849884, -0.00955970212817192, -0.022703947499394417, -0.013454564847052097, 0.031026320531964302]",
15_1_0_docs_01_app_03_api_reference_03_file_conventions_01_metadata_sitemap_mdx_section_7_code_2,code_snippet,15_1_0_docs_01_app_03_api_reference_03_file_conventions_01_metadata_sitemap_mdx_section_7,Generating multiple sitemaps - code_2,,"{'programming_language': 'js', 'filename': 'app/product/sitemap.js', 'switcher': True}",15.1.0,,"import { BASE_URL } from '@/app/lib/constants'

export async function generateSitemaps() {
  // Fetch the total number of products and calculate the number of sitemaps needed
  return [{ id: 0 }, { id: 1 }, { id: 2 }, { id: 3 }]
}

export default async function sitemap({ id }) {
  // Google's limit is 50,000 URLs per sitemap
  const start = id * 50000
  const end = start + 50000
  const products = await getProducts(
    `SELECT id, date FROM products WHERE id BETWEEN ${start} AND ${end}`
  )
  return products.map((product) => ({
    url: `${BASE_URL}/product/${product.id}`,
    lastModified: product.date,
  }))
}
","[(np.int64(7), np.float64(0.08696123957633972)), (np.int64(64), np.float64(0.0032024160027503967)), (np.int64(1647), np.float64(0.13808131217956543)), (np.int64(4027), np.float64(0.17335249483585358)), (np.int64(11090), np.float64(0.1869211047887802)), (np.int64(28175), np.float64(0.19835641980171204)), (np.int64(57877), np.float64(0.2579163610935211)), (np.int64(62346), np.float64(0.29196906089782715))]",,"[-0.02615588717162609, -0.029080679640173912, 0.007844977080821991, 0.045432910323143005, -0.021975111216306686, -0.02591673657298088, -0.025513477623462677, 0.008094632998108864, -0.046854641288518906, 0.025097066536545753, -0.021981846541166306, 0.04325421154499054, -0.033383648842573166, -0.012268517166376114, 0.005033817142248154, 0.022150015458464622, -0.024978207424283028, -0.02152480185031891, -0.009880628436803818, -0.03515956178307533, 0.0011141012655571103, -0.015680501237511635, 0.033767830580472946, -0.02078801766037941, 0.04233171418309212, 0.026385124772787094, -0.04581324756145477, 5.9127527492819354e-05, -0.001145437709055841, -0.0035745513159781694, -0.001875478308647871, -0.012098260223865509, 0.03914039582014084, -0.03382618725299835, -0.07673168927431107, -0.023995261639356613, -0.02340526506304741, -0.03671012818813324, -0.02458171173930168, 0.004682022146880627, -0.039301250129938126, 0.03801194578409195, 0.009050565771758556, -0.008661878295242786, 0.024641262367367744, -0.03103269264101982, 0.04144652560353279, -0.026592234149575233, -0.0341348871588707, -0.023786546662449837, -0.0018329259473830462, 0.016888728365302086, 0.03157191351056099, -0.07667376846075058, 0.01519306842237711, 0.05750903859734535, -0.048712585121393204, 0.030166685581207275, -0.03659269958734512, -0.03648018836975098, -0.04550689458847046, -0.006628434639424086, -0.02904515340924263, 0.05281241610646248, 0.03434057533740997, 0.018506452441215515, 0.015326849184930325, -0.002804181771352887, -0.03843563050031662, -0.026446690782904625, -0.017232831567525864, 0.05606462433934212, -0.05096425116062164, -0.008756639435887337, -0.05081715062260628, -0.007866558618843555, 0.018507378175854683, -0.012788694351911545, 0.007383468095213175, -0.022543219849467278, 0.0014963983558118343, 0.0021458391565829515, -0.011856078170239925, 0.006197892129421234, -0.01122648548334837, -0.03199416771531105, -0.03693753853440285, 0.008594009093940258, 0.012896277941763401, 0.049397747963666916, 0.032760560512542725, -0.0014659396838396788, 0.046815887093544006, -0.04518317058682442, 0.00869633536785841, -0.0026395656168460846, 0.012937182560563087, -0.006174471229314804, 0.06191321089863777, 0.0051703425124287605, 0.0023207245394587517, -0.004635980818420649, 0.02184341661632061, -0.010942166671156883, 0.06638997048139572, 0.0005567307816818357, 0.00483861705288291, -0.027006514370441437, -0.011765258386731148, -0.0346183143556118, 0.01679554581642151, 0.038958366960287094, 0.03259478881955147, -0.02407209388911724, -0.0027506041806191206, -0.005617664661258459, -0.0064193131402134895, -0.0063191913068294525, 0.013780632056295872, 0.021628251299262047, 0.007525783032178879, 0.01921721361577511, 0.048872459679841995, -0.017326250672340393, -0.03873810917139053, 0.01897178217768669, 0.012999928556382656, 0.02760174497961998, 0.01228819228708744, 0.052545350044965744, 0.0593741349875927, 0.03039279207587242, -0.03893490880727768, 0.018865788355469704, -0.02216854877769947, 0.0012643402442336082, 0.014320808462798595, 0.026003997772932053, -0.023165429010987282, -0.07105939835309982, 0.003906903322786093, -0.0010529648279771209, -0.045272085815668106, -0.06269501149654388, 0.03428303450345993, -0.0231724064797163, 0.032528337091207504, -0.007744176313281059, -0.02644914574921131, 0.020559795200824738, -0.0066579957492649555, 0.04475213587284088, 0.04455513879656792, -0.009012357331812382, 0.039662040770053864, -0.022866353392601013, -0.02161574363708496, 0.04101787507534027, -0.023353617638349533, 0.029226288199424744, 0.02842639572918415, -0.00018111396639142185, -0.05102436617016792, 0.005959365051239729, 0.02720312960445881, -0.02184385061264038, -0.01760638877749443, 0.0030606307554990053, -0.036151785403490067, -0.018090305849909782, 0.02820548228919506, -0.030115488916635513, -0.0184865090996027, 0.025081409141421318, -0.004790537059307098, 0.02898932248353958, 0.0838957354426384, 0.02257166989147663, 0.011936028487980366, -0.028695572167634964, -0.00450062844902277, 0.01919945515692234, -0.0084823127835989, -0.01200386043637991, -0.023419614881277084, 0.030130410566926003, 0.05915402993559837, 0.0003563752688933164, 0.009278221987187862, 0.030907468870282173, 0.013387050479650497, -0.015343920327723026, 0.07126037776470184, 0.01713065430521965, -0.015382248908281326, -0.020368067547678947, 0.0012549599632620811, -0.006607723888009787, 0.00870455801486969, -0.025510046631097794, -0.04036218672990799, 0.019883984699845314, 0.03296607732772827, -0.01027745008468628, -0.019101586192846298, -0.02637980692088604, -0.003943109884858131, -0.05957867205142975, -0.009128828532993793, 0.021768219769001007, -0.008666787296533585, -0.009328668937087059, -0.032800331711769104, 0.00614502839744091, -0.04179014265537262, -0.05294563248753548, 0.024678658694028854, 0.004977382719516754, -0.013919685035943985, -0.0012660641223192215, -0.027030330151319504, 0.05979575961828232, -0.011601844802498817, 0.027529625222086906, -0.005272198002785444, -0.019363896921277046, 0.03750091791152954, -0.013800645247101784, 0.03380638360977173, -0.011930542066693306, -0.041854824870824814, -0.018301798030734062, 0.032023992389440536, -0.018185967579483986, 0.0025208573788404465, -0.033328983932733536, 0.004921228624880314, -0.03592916578054428, -0.014557639136910439, 0.012501153163611889, -0.002026761882007122, -0.020169341936707497, 0.02126348577439785, 0.004314418416470289, -0.052408747375011444, -0.007413316052407026, -0.013477519154548645, 0.02449309080839157, -0.033988963812589645, -0.06183813884854317, 0.006802140269428492, -0.0014814818277955055, -0.034972891211509705, -0.0007330435328185558, 0.039709825068712234, 0.014081613160669804, 0.000846169248688966, 0.0021873689256608486, -0.029380740597844124, 0.005750497803092003, 0.03354785963892937, -0.004431034438312054, 0.01951238326728344, 0.029328616335988045, -0.013027499429881573, -0.051192063838243484, -0.04696191847324371, -0.017503760755062103, 0.02120419219136238, 0.01954328641295433, -0.0059294067323207855, -0.004153541289269924, 0.015416366048157215, 0.008012399077415466, -0.002698874333873391, 0.023009030148386955, -0.00824628584086895, 9.718002547742799e-05, 0.017530616372823715, 0.03450652211904526, -0.027441317215561867, -0.050085000693798065, 0.044233787804841995, -0.018698137253522873, 0.055745843797922134, -0.006883608642965555, -0.016742097213864326, 0.0035116702783852816, 0.07669267803430557, -0.009248017333447933, -0.024140866473317146, 0.01797044835984707, 0.02971556782722473, -0.018315687775611877, -0.009273924864828587, -0.0020856265909969807, -0.024898311123251915, -0.16170714795589447, -0.05124642699956894, -0.01096934825181961, 0.02062535285949707, 0.0041403137147426605, 0.0017580625135451555, -0.025337468832731247, -0.04120476171374321, -0.005192433949559927, 0.0788554921746254, -0.03643602877855301, -0.03806513175368309, -0.05804179981350899, -0.04688988998532295, 0.037556521594524384, -0.03181696683168411, -0.02276414819061756, 0.005621233489364386, -0.042444195598363876, -0.007514783181250095, -0.018179869279265404, -0.04091888293623924, 0.02850967086851597, 0.029831456020474434, -0.02137809619307518, -0.013460670597851276, 0.028735000640153885, 0.014275061897933483, -0.02454255521297455, -0.013178455643355846, -0.006616836879402399, -0.03591873496770859, 0.006081046536564827, 0.017812510952353477, 0.01056404784321785, 0.014545537531375885, 0.04795825853943825, 0.029627326875925064, 0.03759707510471344, 0.031145824119448662, 0.00619936129078269, 0.003640868002548814, -0.017612695693969727, 0.015959585085511208, 0.02139219082891941, 0.026611054316163063, -0.03717613220214844, -0.0007952431915327907, -0.009688333608210087, 0.012777439318597317, -0.0038488884456455708, -0.020612556487321854, 0.019852548837661743, 0.030324146151542664, -0.04030798003077507, -0.02183919958770275, -0.01930919662117958, 0.060678984969854355, -0.01630408689379692, -0.008996563032269478, -0.024461394175887108, 0.009167470037937164, 0.006074801553040743, -0.0019762213341891766, 0.018261509016156197, -0.021813299506902695, 0.08790325373411179, 0.06962434947490692, -0.04155755415558815, -0.048629358410835266, 0.03156908601522446, -0.03354884684085846, 0.028193438425660133, -0.0036084128078073263, 0.006629131268709898, 0.03207620978355408, -0.0483703687787056, -0.021186647936701775, 0.03324594721198082, -0.11461172997951508, -0.02940232865512371, 0.011883118189871311, 0.027565278112888336, 0.0038773524574935436, -0.00590300839394331, -0.03016260452568531, -0.02188861556351185, 0.008253844454884529, 0.009376773610711098, 0.24658015370368958, -0.015533951111137867, 0.0010932169388979673, 0.02439306117594242, 0.0588257797062397, 0.02098294533789158, -0.02931021712720394, 0.03918875381350517, -0.007628637831658125, -0.02558608539402485, 0.038935739547014236, 0.03548328951001167, 0.0003506994107738137, -0.033052049577236176, 0.017248354852199554, 0.05373241379857063, -0.042830806225538254, 0.022704828530550003, 0.012246775440871716, -0.04002157226204872, -0.002690559020265937, -0.040727756917476654, 0.01682472415268421, 0.0640362948179245, -0.06737510114908218, -0.05340036749839783, 0.033744312822818756, -0.012489994056522846, -0.02512861229479313, 0.03544158861041069, -0.04252645745873451, 0.010739196091890335, 0.04547455534338951, 0.011536147445440292, -0.027757542207837105, 0.002230115933343768, 0.013246568851172924, -0.04862197861075401, -0.007350053638219833, 0.03682080656290054, 0.012777323834598064, 0.0051907203160226345, -0.027373651042580605, -0.00574116175994277, 0.01974589377641678, -0.03164123371243477, 0.03922856226563454, 0.022431006655097008, 0.013882815837860107, -0.07182859629392624, -0.02536742202937603, -0.026983363553881645, -0.02396506816148758, 0.007213801145553589, -0.025728099048137665, -0.04564641788601875, 0.00021588243544101715, 0.022666027769446373, 0.005039845127612352, 0.009327567182481289, 0.0006607614341191947, -0.012966618873178959, -0.029809102416038513, -0.003212976036593318, -0.047074928879737854, 0.02233164943754673, -0.01776222325861454, -0.0040349457412958145, 0.0009590399567969143, 0.021633293479681015, -0.05275092273950577, 0.00298822158947587, -0.022193877026438713, -0.008360028266906738, -0.016254600137472153, 0.0057466416619718075, -0.0017638987628743052, 0.010427949018776417, 0.005557650234550238, -0.003635219531133771, -0.05380381643772125, 0.02409275434911251, -0.011136934161186218, -0.00018547126092016697, 0.015589098446071148, -0.018268894404172897, 0.009475822560489178, 0.07848703861236572, -0.024347927421331406, -0.02681167609989643, -0.028469093143939972, 0.006681499537080526, -0.00787451583892107, 0.026394302025437355, 0.005314325448125601, 0.004035075195133686, -0.001041686162352562, -0.02060241810977459, -0.028752673417329788, 0.02608906291425228, 0.002103394828736782, -0.005520805716514587, -0.008130427449941635, 0.020106298848986626, 0.013508380390703678, 0.011947494931519032, 0.023636404424905777, 0.004876602906733751, 0.016332341358065605, 0.035419221967458725, -0.04442548379302025, 0.0014611301012337208, -0.00806291401386261, -0.010861755348742008, 0.00020355299056973308, 0.02161487005650997, -0.0025363853201270103, 0.014843382872641087, 0.04328947514295578, 0.02937895432114601, -0.01018559467047453, -0.008855680003762245, -0.02110816165804863, -0.006758999545127153, 0.04257345199584961, -0.03313475847244263, -0.03404105454683304, -0.005710164550691843, 0.027717450633645058, -0.004941002000123262, 0.044910769909620285, -0.035797227174043655, 0.011408855207264423, 0.021793873980641365, 0.001283409888856113, 0.0038333686534315348, 0.045006513595581055, 0.012357344850897789, -0.002561696572229266, -0.023327067494392395, -0.026258792728185654, -0.02178088016808033, -0.004311458207666874, -0.0032479644287377596, 0.020142650231719017, -0.004241450689733028, 0.04379850625991821, 0.02061273716390133, -0.006778900511562824, 0.01462671346962452, 0.061589986085891724, 0.05369875580072403, 0.054398998618125916, -0.02883986569941044, -0.01576393097639084, -0.08073443174362183, 0.007207556627690792, 0.052023276686668396, -0.019905315712094307, -0.008695374242961407, 0.012073582969605923, -0.009871995076537132, 0.015552016906440258, 0.05332927033305168, 0.001098501030355692, -0.02119087614119053, -0.02078348770737648, 0.03791940212249756, -0.043406471610069275, -0.005974159575998783, 0.005110582802444696, -0.04116051644086838, -0.04033444821834564, 0.02476305514574051, -0.0033262537326663733, -0.01633528806269169, -0.04773508757352829, -0.01875646971166134, -0.03912506625056267, -0.014039292000234127, 0.00539452163502574, -0.0119198989123106, 0.009866385720670223, -0.014403044246137142, 0.042723171412944794, 0.011997181922197342, 0.0019303738372400403, -0.005006901919841766, 0.04621502757072449, -0.019841669127345085, -0.011238517239689827, 0.11380650848150253, -0.029713530093431473, 0.014189493842422962, 0.023309024050831795, -0.017847169190645218, 0.02731291577219963, 0.032573990523815155, -0.0057982453145086765, 0.025611678138375282, 0.023139767348766327, -0.0005928888567723334, -0.0017704243073239923, -0.04379728436470032, 0.02630966156721115, 0.01534260530024767, -0.020092664286494255, 0.02774987183511257, -0.0270282831043005, 0.03662242367863655, -0.04915076121687889, -0.006934681441634893, 0.0018253582529723644, -0.005769138690084219, -0.01154912356287241, -0.018777787685394287, 0.03497462347149849, 0.010889289900660515, -0.002743134740740061, 0.01252465695142746, -0.05788117274641991, -0.030636798590421677, 0.03478782996535301, -0.0026576982345432043, -0.014915619976818562, 0.04792562127113342, 0.023369744420051575, -0.030616117641329765, 0.005554739851504564, 0.0481664314866066, -0.0021497607231140137, -0.016255833208560944, 0.019207743927836418, 0.014292405918240547, -0.017221948131918907, 0.010304364375770092, -0.0058331177569925785, -0.006147476844489574, 0.007544278167188168, -0.05372647941112518, 0.003929704427719116, -0.022469762712717056, 0.027493512257933617, 0.03884226828813553, -0.027296435087919235, 0.002748471684753895, -0.0025333354715257883, 0.008151011541485786, 0.05116811767220497, -0.011596647091209888, -0.045768849551677704, -0.03852298483252525, -0.0016847539227455854, -0.01651918515563011, 0.030069764703512192, 0.0157842468470335, -0.041922129690647125, 0.01437506265938282, -0.05183737352490425, -0.006802388932555914, 0.023884667083621025, 0.024650897830724716, 0.005380821414291859, 0.009867009706795216, -0.008410950191318989, -0.08302901685237885, 0.046170059591531754, -0.05723835900425911, -0.04008086398243904, -0.03508951887488365, 0.007008854299783707, -0.020846612751483917, -0.010494289919734001, -0.06421143561601639, 0.03366593271493912, 0.034054867923259735, 0.0035532633773982525, -0.013164760544896126, -0.007673768326640129, -0.01810663379728794, 0.0010111683513969183, -0.035394392907619476, 0.0010908243712037802, -0.01715206354856491, -0.012271096929907799, 0.01940322108566761, -0.013432844541966915, 0.00346428737975657, -0.013228853233158588, -0.06200175732374191, -0.042515676468610764, 0.005628933198750019, -0.06561562418937683, 0.021983277052640915, -0.004205822478979826, 0.00034893519477918744, -0.04898592084646225, 0.017444971948862076, -0.012909254059195518, 0.01929641142487526, 0.018848998472094536, -0.01628097891807556, -0.015387636609375477, -0.001410396071150899, -0.03321743756532669, 0.053775664418935776, -0.06545927375555038, 0.041361745446920395, 0.016611918807029724, 0.00792565569281578, 0.0010331657249480486, -0.07560686767101288, 0.012697937898337841, 0.03235246241092682, -0.0147178266197443, -0.011492067016661167, 0.06310417503118515, -0.027437498793005943, 0.021209143102169037, -0.012038967572152615, 0.008802697993814945, 0.015152283012866974, -0.028562890365719795, -0.022365257143974304, 0.018333835527300835, 0.01635003834962845, -0.02922232821583748, -0.00629816297441721, -0.011403807438910007, -0.020931793376803398, -0.014798663556575775, 0.023767251521348953, -0.013876046985387802, -0.03783940523862839, -0.02683425508439541, -0.015168344601988792, -0.015195036306977272, -0.017587438225746155, 0.020917033776640892, 0.021406304091215134, 0.055765677243471146, 0.043281953781843185, 0.08527055382728577, -0.053873442113399506, 0.00825415551662445, -0.02211509644985199, 0.02751554735004902, 0.03614358976483345, -0.051136381924152374, -0.009497051127254963, -0.020420189946889877, 0.010336759500205517, -0.01928279921412468, -0.04417072609066963, 0.02339792810380459, -0.06392137706279755, -0.0018664693925529718, 0.03204137831926346, 0.09829253703355789, 0.01816679537296295, -0.03609071671962738, 0.003338043810799718, 0.035765524953603745, -0.004081492777913809, 0.014332671649754047, 0.0057083191350102425, 0.03494168445467949, -0.005358858499675989, -0.014264175668358803, 0.016543807461857796, 0.008055193349719048, -0.01487281545996666, -0.021085167303681374, -0.015388893894851208, 0.02298891358077526, 0.03277340531349182, 0.002584448317065835, -0.016538865864276886, -0.0013780174776911736, -0.057372886687517166, 0.0017938318196684122, -0.026124078780412674, -0.06648462265729904, -0.015189483761787415, -0.027380159124732018, -0.001001920085400343, -0.0572054386138916, -0.03643781319260597, -0.008709527552127838, 0.04658634215593338, -0.023840956389904022, -0.037251219153404236, -0.027204325422644615, 0.07051140815019608, -0.16211968660354614, 0.014818722382187843, -0.00818219780921936, 0.004298785701394081, -0.00949682854115963, -0.009758948348462582, -0.01102475542575121, -0.06270372867584229, 0.03456981107592583, -0.021003708243370056, 0.007527096197009087, 0.003818138036876917, 0.04569926857948303, -0.026284581050276756, 0.029090605676174164, 0.05415065586566925, 0.009997081942856312, -0.010114903561770916, -0.008146615698933601, -0.038979317992925644, -0.005521601531654596, -0.00533400010317564, 0.04530338943004608, -0.03254719078540802, -0.03710857033729553, -0.0030520749278366566, 0.04144224151968956, 0.019225481897592545, -0.004050571937114, 0.0219245795160532, -0.028794895857572556, -0.0076525332406163216, 0.03062153235077858, 0.06131363287568092, 0.005576089024543762, 0.04782100394368172, 0.004835332743823528, 0.0212530680000782, -0.0032251309603452682, 0.03885970264673233, -0.0025034763384610415, 0.013241048902273178, -0.01389298029243946, -0.008514927700161934, 0.0459868423640728, 0.014731029979884624, -0.03087792359292507, -0.041029684245586395, -0.019035659730434418, 0.010933180339634418, 0.013087850995361805, 0.010443432256579399, 0.004855566658079624, 0.03017595037817955, -0.007616357412189245, 0.004491802304983139, -0.03785861283540726, 0.014292404986917973, -0.01600593514740467, -0.0036511241924017668, -0.023442242294549942, -0.014970631338655949, -0.021690430119633675, -0.047037169337272644, 0.024049103260040283, 0.025483904406428337, -0.042291924357414246, 0.025111015886068344, 0.03570743277668953, -0.014118272811174393, -0.024443883448839188, 0.012304509058594704, -0.01915278099477291, -0.011736503802239895, 0.004888542927801609, 0.015213776379823685, 0.02052275277674198, 0.010483789257705212, -0.03096151351928711, -0.01234886422753334, -0.020675115287303925, -0.020654158666729927, -0.01242971420288086, 0.0291932113468647, 0.0711793377995491, 0.02478378638625145, 0.015585698187351227, -0.002335659461095929, 0.005145770497620106, -0.007239372469484806, 0.008718007244169712, -0.021304113790392876, 0.03601187467575073, -0.011489041149616241, -0.023588841781020164, 0.025727905333042145, -0.031973425298929214, -0.028214281424880028, 0.0018300273222848773, 0.0009171236888505518, -0.01937577687203884, -0.0012576953740790486, 0.03485342860221863, 0.05582219734787941, -0.009489597752690315, 0.047194235026836395, -0.000921853119507432, 0.011668151244521141, 0.018952229991555214, -0.031094418838620186, -0.011068982072174549, 0.005044485442340374, -0.03583936765789986, 0.006808800622820854, -0.034860529005527496, -0.03401431068778038, 0.02308935485780239, 0.03475262224674225, -0.0010477129835635424, -0.021874329075217247, 0.0013571556191891432, 0.004284549504518509, 0.0310622900724411, -0.010321252048015594, 0.02120136469602585, 0.03668958693742752, 0.03308244049549103, 0.028392640873789787, -0.0004404895007610321, -0.04962477460503578, -0.018815601244568825, 0.0056835864670574665, 0.005261160433292389, 0.0217260904610157, 0.034272946417331696, -0.038987237960100174, -0.02179180644452572, 0.05858008936047554, -0.028226155787706375, -0.008642311207950115, -0.002861878601834178, 0.009102601557970047, -0.000976712442934513, -0.029841512441635132, 0.020368799567222595, -0.0051558660343289375, 0.012059700675308704, -0.011365978047251701, 0.025102250277996063, -0.019187455996870995, -0.008207140490412712, -0.013339636847376823, -0.02364382892847061, 0.04989338293671608, -0.05525389686226845, -0.01705891080200672, -0.05692045018076897, -0.018255477771162987, -0.030278312042355537, 0.053819552063941956, -0.021340981125831604, -0.08898605406284332, -0.010685761459171772, 0.027581356465816498, 0.03727145493030548, 0.05024692043662071, 0.017032701522111893, 0.019307773560285568, -0.0211637020111084, -0.008647827431559563, 0.018697896972298622, 0.03290430083870888, -0.040214862674474716, -0.0008471640176139772, 0.03854791820049286, -0.011862185783684254, 0.012372045777738094, 0.00954993162304163, 0.010295537300407887, 0.010731900110840797, -0.008757034316658974, 0.0013144034892320633, 0.011056979186832905, 0.01731644757091999, 0.024485988542437553, 0.04542917013168335, -0.013342560268938541, 0.011010881513357162, 0.0514543354511261, -0.003756073070690036, -0.01767481490969658, -0.0006302943220362067, 0.006149123888462782, 0.012692810967564583, 0.05939073860645294, -0.01572740077972412, 0.010183541104197502, 0.02626945450901985, -0.006719553377479315, 0.11375608295202255, -0.03808169811964035, -0.05560678988695145, -0.03829961642622948, -0.017579542472958565, -0.013199473731219769, -0.05733530968427658, 0.016112007200717926, 0.025393353775143623, 0.01735181175172329, 0.021401846781373024, 0.0068617891520261765, 0.03632735088467598, 0.00040453020483255386, 0.025748059153556824, -0.02599196508526802, -0.03224082663655281, 0.022112244740128517, 0.033610954880714417, -0.024964800104498863, -0.0031594079919159412, 0.034874532371759415, -0.012559961527585983, -0.010974752716720104, -0.024254513904452324, -0.06676013767719269, -0.00965937227010727, 0.004775625187903643, 0.01570248045027256, 0.015344149433076382, 0.010476655326783657, -0.03129005432128906, 0.03445160388946533, 0.0346139557659626, 0.034044500440359116, 0.013486787676811218, -0.029897620901465416, 0.0374135822057724, 0.010470819659531116, -0.014857416972517967, -0.026688452810049057, -0.009933078661561012, -0.018015967682003975, -0.01287700142711401, 0.019574474543333054]",
15_1_0_docs_01_app_03_api_reference_03_file_conventions_01_metadata_sitemap_mdx_section_8,section,15_1_0_docs_01_app_03_api_reference_03_file_conventions_01_metadata_sitemap_mdx,sitemap.xml - Returns,,{},15.1.0,"The default function exported from `` should return an array of objects with the following properties:
",,"[(np.int64(7), np.float64(0.07110358774662018)), (np.int64(1764), np.float64(0.15036901831626892)), (np.int64(62346), np.float64(0.26681771874427795)), (np.int64(131492), np.float64(0.2363237738609314)), (np.int64(173340), np.float64(0.2705904245376587))]","[0.0028639594092965126, -0.007453359197825193, -0.04926123470067978, 0.05013498663902283, -0.031611546874046326, -0.0023802772630006075, 0.006667677778750658, 0.04340265318751335, -0.039277978241443634, 0.009975835680961609, 0.010707144625484943, 0.04048854112625122, -0.03005654737353325, 0.018802599981427193, 0.033257149159908295, 0.03544234111905098, 0.02680428884923458, 0.016903020441532135, -0.03415078669786453, 0.027318596839904785, 0.008415525779128075, 0.008972829207777977, -0.01918221265077591, -0.008216640911996365, -0.000984863843768835, 0.018098236992955208, -0.02350330352783203, -0.013886269181966782, -0.01965833455324173, 0.045881401747465134, 0.031067652627825737, -0.0069701168686151505, 0.028545169159770012, 0.014108448289334774, -0.06633973866701126, -0.0018569794483482838, -0.028425419703125954, -0.00836263969540596, -0.04234953969717026, 0.0425703339278698, -0.029811453074216843, -0.002733429428189993, 0.01578640006482601, -0.03557026386260986, 0.014671743847429752, -0.02081218734383583, 0.010773763991892338, -0.03377557173371315, -0.022183509543538094, -0.016612622886896133, -0.02619716338813305, 0.021610619500279427, 0.03331955894827843, -0.026848649606108665, 0.057200297713279724, 0.010443284176290035, -0.05034570023417473, 0.009946593083441257, -0.024441711604595184, -0.015527968294918537, 0.02232481725513935, 0.028948912397027016, -0.044568803161382675, 0.03759671002626419, -0.010797551833093166, 0.007182196248322725, 0.0034438841976225376, -0.034534305334091187, -0.03100692853331566, 0.008977496065199375, -0.01977107860147953, 0.012502149678766727, -0.09030906856060028, -0.00619958620518446, -0.043490223586559296, 0.04224993661046028, -0.012890633195638657, 0.0053726909682154655, -0.019172202795743942, 0.008778281509876251, -0.02947673387825489, -0.027356334030628204, 0.03161352872848511, 0.015983203426003456, -0.015978023409843445, 0.00923593807965517, -0.056816790252923965, 0.03371792286634445, 0.01404598169028759, -0.013149606995284557, -0.04226591810584068, -0.02161959372460842, 0.0845697820186615, -0.04384370893239975, -0.005540111102163792, -0.025982173159718513, -0.03381852060556412, -0.024081289768218994, 0.032163940370082855, -0.020276347175240517, -0.02245960757136345, 0.02798837423324585, -0.024219002574682236, 0.014596481807529926, 0.03901282325387001, -0.010839271359145641, 0.014426913112401962, 0.002099280245602131, 0.010225574485957623, -0.021570682525634766, 0.02114630490541458, 0.006534884218126535, -0.01717918924987316, 0.010993445292115211, -0.017737388610839844, -0.003326909616589546, -0.009191490709781647, -0.007897923700511456, 0.0335112065076828, 0.021794982254505157, 0.027577457949519157, 0.02760058268904686, 0.02209335006773472, 0.028243381530046463, -0.015550252981483936, -0.02062895894050598, -0.030794445425271988, 0.0438244491815567, -0.019418619573116302, 0.016642354428768158, 0.017570309340953827, 0.0200811717659235, -0.020729465410113335, 0.011425668373703957, -0.006810260936617851, -0.0027358848601579666, 0.019658515229821205, 0.008463471196591854, -0.03769182786345482, -0.01567930169403553, 0.005091319791972637, 0.05224324390292168, -0.021959157660603523, -0.04205118119716644, 0.04190941900014877, -0.02439611218869686, 0.04083847999572754, -0.02883690595626831, -0.010975758545100689, -0.05467180535197258, 0.02946259267628193, 0.03307089954614639, 0.011070025153458118, -0.003318615723401308, 0.047584887593984604, -0.028407443314790726, -0.00042042549466714263, -0.02727610059082508, 0.03705994784832001, 0.0014422510284930468, -0.010380761697888374, 0.043018121272325516, 0.022884583100676537, -0.029402874410152435, 0.02041608653962612, -0.01897209882736206, -0.012735345400869846, 0.03499104082584381, -0.0047042411752045155, -0.036317404359579086, 0.013369341380894184, -0.0733468160033226, 0.02156745083630085, -0.02173778973519802, 0.007297944743186235, 0.035283442586660385, 0.08129014074802399, -0.0036061930004507303, 0.05714711546897888, -0.03524717688560486, 0.029773537069559097, -0.020796624943614006, -0.005705468822270632, -0.006458444520831108, -0.051777053624391556, 0.004611262585967779, 0.0718085989356041, 0.0014611327787861228, -0.0046948594972491264, 0.042015980929136276, -0.05637331306934357, -0.017309753224253654, 0.028282593935728073, 0.021703209728002548, 0.04344421252608299, 0.00697309197857976, -0.03380764275789261, 0.03766905888915062, 0.01738736964762211, -0.013863736763596535, 0.01009548082947731, -0.010452323593199253, 0.014228909276425838, -0.034516848623752594, -0.004550104960799217, -0.017873438075184822, -0.02385176531970501, -0.025361936539411545, -0.004401595331728458, 0.02407919242978096, 0.0012821296695619822, 0.0006773885688744485, -0.006374706048518419, -0.03475441783666611, -0.05787739157676697, -0.019972555339336395, 0.02070603519678116, -0.004506430123001337, -0.006956260651350021, -0.024434315040707588, -0.005919705145061016, 0.013313578441739082, 0.03716178983449936, 0.06548742949962616, -0.05951184779405594, 0.006137268617749214, 0.03690236806869507, -0.011829202063381672, 0.01191326230764389, -0.013976109214127064, 0.013973483815789223, 0.007886409759521484, 0.026356790214776993, 0.01488608680665493, -0.020649997517466545, -0.04579702764749527, 0.004988888744264841, 0.0031844417098909616, 0.023435011506080627, -0.004980544559657574, -0.028501341119408607, 0.0021407795138657093, -0.01465197280049324, 0.00883798860013485, -0.0294563677161932, 0.012343600392341614, -0.01845310442149639, -0.05291669815778732, -0.013213085010647774, -0.05793709307909012, 0.025190303102135658, 0.017710763961076736, 0.01952867954969406, 0.04923612251877785, -0.0018747118301689625, 0.0076326061971485615, 0.007616001646965742, -0.0005541538703255355, -0.04373100399971008, -0.010077333077788353, 0.02099391259253025, 0.021808786317706108, -0.018950248137116432, 0.014908550307154655, 0.023714836686849594, 2.101356949424371e-05, -0.01697698049247265, 0.018674954771995544, 0.006008974276483059, -0.04913992062211037, -0.025588084012269974, -0.024415316060185432, 0.02493419125676155, -0.024204231798648834, 0.017228567972779274, 0.003625667653977871, -0.021306760609149933, -0.020101848989725113, 0.07736663520336151, -0.02957351692020893, -0.04427025839686394, -0.015327893197536469, 0.03872610256075859, -0.017546070739626884, 0.003785592271015048, -0.0069491262547671795, -0.054021239280700684, -0.016126984730362892, -0.04614964872598648, -0.03408070653676987, 0.012291881255805492, -0.0029074938502162695, 0.03774488717317581, 0.004757448565214872, 0.00595006113871932, -0.0268093328922987, 0.009049104526638985, -0.1478005200624466, 0.004476883914321661, 0.007656513247638941, -0.01023937202990055, 0.028218533843755722, 0.022860093042254448, 0.012273537926375866, -0.03205390274524689, 0.009109488688409328, 0.011758822947740555, -0.032967567443847656, -0.05727078765630722, 0.007929209619760513, -0.04395810514688492, 0.0064548165537416935, -0.013293065130710602, 0.00330789084546268, 0.06306279450654984, 0.04044921323657036, -0.004035561345517635, 0.008777930401265621, -0.0008075182558968663, 0.002049466595053673, 0.022674713283777237, -0.020104579627513885, -0.04867543280124664, 0.051450006663799286, -0.04791688919067383, -0.014668041840195656, 0.026032932102680206, 0.006748620420694351, 0.015266327187418938, 0.005654969718307257, 0.03069964051246643, -0.0040719700045883656, 0.0011408672435209155, 0.03644445165991783, -0.01585620455443859, -0.003849603468552232, 0.023889165371656418, 0.048818957060575485, -0.013668224215507507, -0.050321828573942184, 0.05562565475702286, -0.05827740579843521, -0.011557502672076225, -0.00020797341130673885, 0.015160087496042252, -0.05181889981031418, 0.04205993190407753, 0.022197751328349113, -0.06863831728696823, -0.01764657534658909, -0.01185653731226921, -0.0711095929145813, 0.02907351404428482, 0.015428189188241959, -0.006124432198703289, 0.04361378028988838, 0.02815249003469944, -0.007011421490460634, -0.00518677057698369, -0.04873984307050705, -0.021291442215442657, -0.04900365322828293, -0.001436893129721284, 0.057364322245121, -0.010364413261413574, 0.01237429678440094, -0.04351980239152908, 0.020189836621284485, -0.05433286726474762, 0.009084094315767288, 0.02771848253905773, -0.07413484901189804, -0.002389718545600772, -0.013350149616599083, 0.023835211992263794, -0.0009280002559535205, -0.07210079580545425, -0.012846026569604874, -0.041229791939258575, 0.023913392797112465, 0.018964678049087524, -0.020675789564847946, -0.08322566747665405, 0.03286365792155266, -0.025424066931009293, -0.00882879737764597, 0.2516849935054779, 0.013279629871249199, 0.013668088242411613, 0.05055922269821167, 0.03780058026313782, 0.01571730524301529, 0.0008406740380451083, 0.03730596601963043, 0.005100006237626076, -0.015044094063341618, -0.03249421715736389, 0.010151626542210579, 0.013984392397105694, -0.02878374047577381, 0.025440942496061325, 0.019914329051971436, -0.02483220212161541, 0.011401193216443062, 0.05423571914434433, -0.012296898290514946, 0.03008190728724003, -0.039009492844343185, 0.03864395618438721, 0.0431976243853569, -0.07247862964868546, 0.02881757542490959, 0.016632171347737312, -0.019363466650247574, -0.008092078380286694, 0.05410784110426903, -0.05759427696466446, 0.015242360532283783, 0.04346960410475731, -0.013455234467983246, -0.014642374590039253, -0.036694616079330444, -0.004689045716077089, -0.05195942521095276, 0.014289307408034801, 0.0448547899723053, -0.019687235355377197, -0.01506904885172844, -0.019265037029981613, -0.004008435644209385, -0.01655345968902111, -0.015117543749511242, 0.005245753563940525, -0.03355421498417854, 0.010984109714627266, -0.009915340691804886, 0.0089640561491251, -0.0494983047246933, -0.0058704460971057415, -0.010479380376636982, -0.041332729160785675, -0.03157030791044235, 0.02107246220111847, 0.04393148422241211, -0.001189467147924006, 0.05105861648917198, 0.04794631898403168, -0.0007564914994873106, -0.017424574121832848, -0.02507367543876171, -0.02850763127207756, 0.006521803792566061, -0.010151577182114124, -0.09485538303852081, 0.032310761511325836, 0.027986811473965645, -0.03025948256254196, 0.004788792226463556, -0.013526818715035915, 0.004765260964632034, 0.01812126487493515, -0.00433366559445858, 0.02345062978565693, 0.030695496127009392, 0.004341186489909887, -0.0050597358494997025, -0.022077862173318863, -0.007478274405002594, -0.04130413383245468, 0.00724808732047677, 0.03889964520931244, -0.020629290491342545, 0.0273969117552042, 0.05171314254403114, -0.02564050629734993, 0.024228256195783615, 0.025315210223197937, -0.01877461187541485, -0.03601003810763359, 0.006834124680608511, 0.005952874664217234, -0.019167212769389153, -0.0178478192538023, 0.003600912867113948, -0.01603451557457447, 0.029547085985541344, -0.036729928106069565, -0.05343617871403694, -0.028459835797548294, -0.020658433437347412, 0.025217965245246887, -0.03687826916575432, 0.016213374212384224, 0.031510770320892334, -0.004906451795250177, 0.006307506468147039, -0.047437623143196106, -0.007346856873482466, -0.004687551874667406, 0.0005468953168019652, 0.04358326271176338, 0.028123144060373306, -0.000808972807135433, 0.017634190618991852, 0.02582501247525215, -0.02257256768643856, -0.006401394959539175, -0.00023604775196872652, -0.02610648237168789, -0.04199036955833435, -0.027911389246582985, -0.06563465297222137, 0.0017083502607420087, 0.040785349905490875, -0.015746820718050003, -0.002391182817518711, -0.0026023671962320805, -0.009471507743000984, 0.005284863989800215, 0.0394388847053051, 4.546462878352031e-05, 0.006965470500290394, 0.06179572641849518, -0.016081243753433228, -0.01793205924332142, 0.004004082642495632, -0.03947511315345764, 0.03010297752916813, -0.03253282979130745, 0.010174292139708996, -0.017763355746865273, 0.02784772962331772, 0.05050576105713844, -0.002449812600389123, -0.008796433918178082, 0.018532024696469307, 0.05780927091836929, 0.044138722121715546, 0.033452749252319336, -0.027652155607938766, 0.006803254131227732, -0.047863151878118515, -0.011735808104276657, 0.011432760395109653, -0.015238532796502113, -0.0010771608212962747, -0.019723959267139435, 0.004871114622801542, 0.03236548230051994, 0.06091388687491417, 0.028956692665815353, -0.016625311225652695, -0.016051840037107468, 0.0059553589671850204, -0.019926369190216064, -0.05884227156639099, 0.04800392687320709, -0.06345370411872864, -0.0502731129527092, -0.07531613111495972, 0.029635900631546974, -0.00822941679507494, -0.03112262859940529, 0.029524918645620346, -0.031012212857604027, -0.0031116351019591093, -0.012854867614805698, -0.005782535765320063, -0.004238046705722809, 0.002304170047864318, 0.014113710261881351, -0.0356464684009552, 0.0060154893435537815, 0.0015531840035691857, 0.043776996433734894, -0.027628319337964058, -0.05107014626264572, 0.0951554998755455, -0.023825014010071754, -0.01730247773230076, 0.020173871889710426, -0.0018232330912724137, 0.024629514664411545, 0.011849512346088886, -0.007044793572276831, -0.046638939529657364, 0.0028779085259884596, -0.04801076278090477, 0.012494557537138462, 0.0028524657245725393, -0.04251895472407341, -0.010309656150639057, -0.05786782130599022, 0.03267771005630493, -0.04157327860593796, -0.007465813774615526, -0.016216490417718887, 0.022766605019569397, 0.004919546656310558, 0.005250928457826376, 0.023859573528170586, -0.016170669347047806, 0.031785450875759125, -0.01882840134203434, 0.028136014938354492, -0.08707631379365921, 0.036577362567186356, 0.007586515508592129, -0.008620110340416431, 0.019988715648651123, 0.04799706116318703, 0.05727515369653702, 0.06440562754869461, -0.04139970988035202, -0.027361225336790085, -0.01869010180234909, -0.0024526030756533146, 0.001364058000035584, 0.00945229921489954, 0.0116194449365139, 0.016769757494330406, -0.026941904798150063, -0.01629056967794895, 0.02869311347603798, -0.00956860650330782, -0.019887670874595642, -0.0017867354908958077, 0.004934191703796387, 0.016520803794264793, 0.05321035534143448, 0.012947156094014645, 0.034458186477422714, -0.0011176052503287792, -0.050229512155056, 0.010409867390990257, 0.004591700155287981, -0.03318977355957031, 0.012825952842831612, -0.008261390030384064, -0.014707164838910103, -0.0200655534863472, -0.008540535345673561, 0.008269278332591057, -0.002217563334852457, -0.004437838215380907, -0.01254324521869421, -0.009214065968990326, 0.025802329182624817, -0.0021186855155974627, 0.010229806415736675, -0.02060166373848915, -0.03993133455514908, 0.02576523832976818, -0.08413371443748474, -0.008970003575086594, 0.0016171988099813461, -0.028836021199822426, -0.013481161557137966, -0.009481154382228851, -0.02470318228006363, 0.036334626376628876, 0.00777957309037447, -0.03979111835360527, -0.050036847591400146, 0.037663981318473816, -0.013027316890656948, 0.03285021334886551, -0.03717103600502014, 0.012802083045244217, -0.0005951646598987281, 0.003987946081906557, -0.023509375751018524, -0.015287159010767937, 0.030825098976492882, 0.04873187839984894, -0.04819696396589279, 0.0024982227478176355, -0.013102010823786259, -0.002779184142127633, 0.010140975937247276, -0.04144573584198952, 0.00936290342360735, -0.017861008644104004, 0.036009132862091064, 0.00017720641335472465, -0.021513381972908974, -0.02221674658358097, -0.04562591388821602, 0.016891641542315483, -0.026114894077181816, -0.01058817096054554, 0.02456718496978283, 0.02230936475098133, -0.006332926452159882, 0.019193075597286224, 0.040181901305913925, 0.07337866723537445, -0.03893741965293884, 0.0024801914114505053, 0.035969313234090805, 0.05009370669722557, 0.018489312380552292, 0.04408221319317818, -0.016219912096858025, 0.03358020260930061, -0.030017362907528877, 0.03901485726237297, -0.002624035347253084, -0.0027792155742645264, -0.01286907959729433, 0.005120711866766214, 0.010346190072596073, -0.005782044492661953, -0.008470294997096062, 0.015090906992554665, -0.012442361563444138, -0.010596131905913353, -0.020869841799139977, 0.012463036924600601, 0.002802572213113308, 0.03474412485957146, -0.01565101370215416, -0.009296522475779057, 0.009072890505194664, 0.10598877817392349, 0.046440303325653076, 0.008535876870155334, 0.0017351571004837751, 0.04243765398859978, -0.04174134507775307, 0.0377207025885582, -0.07925278693437576, -0.0036218143068253994, 0.015176897868514061, 0.01060293149203062, -0.012787283398211002, -0.017076801508665085, 0.04702678322792053, -0.013916308991611004, -0.027082234621047974, 0.038664188235998154, -0.025904692709445953, -0.012829599902033806, 0.005935605615377426, 0.03784154728055, -0.022056618705391884, -0.03600596264004707, -0.0198980700224638, -0.01411646232008934, -0.0331166535615921, 0.02900455892086029, 0.03076421283185482, 0.01786298118531704, 0.010141907259821892, -0.03565031662583351, -0.00303688389249146, -0.013698919676244259, 0.02046162262558937, 0.030376724898815155, -0.027424398809671402, -0.01205900777131319, 0.039391521364450455, -0.026833372190594673, 0.010539243929088116, -0.007138475775718689, -0.031573645770549774, 0.010300083085894585, -0.03225630149245262, -0.048422250896692276, -0.0038776772562414408, 0.01900053396821022, -0.03517504036426544, 0.019412895664572716, -0.018982432782649994, -0.028295723721385002, 0.03593100234866142, -0.013508463278412819, 0.004531151615083218, -0.04540940746665001, -0.033257920295000076, -0.14715619385242462, 0.002470269799232483, -0.015581193380057812, 0.022939784452319145, -0.02934766560792923, -0.006343217566609383, -0.01305617019534111, -0.03570639342069626, 0.0077986144460737705, -0.048582423478364944, 0.009365019388496876, -0.04020825773477554, -0.024113770574331284, -0.018022049218416214, -0.02209332585334778, 0.005497161764651537, -0.013113690540194511, -0.027307340875267982, -0.023218339309096336, 0.025619281455874443, 0.02132287248969078, 0.014657298102974892, 0.08434826880693436, -0.021981146186590195, -0.03458608686923981, 0.007547846529632807, -0.006446580868214369, 0.043516308069229126, -0.007206915877759457, -0.04346533492207527, 0.03185455873608589, 0.0024779692757874727, 0.0178280770778656, 0.038393862545490265, 0.015976976603269577, 0.049443259835243225, 0.015178374014794827, 0.008104408159852028, 0.0005454862839542329, 0.042248014360666275, 0.026580749079585075, -0.0012381538981571794, -0.04285012185573578, 0.009541777893900871, 0.008885093033313751, 0.02453441731631756, 0.032882776111364365, 0.0005719226901419461, -0.038064539432525635, 0.005624282639473677, 0.014622688293457031, 0.02437329851090908, -0.023613469675183296, 0.03101816400885582, 0.005045500583946705, -0.03021572157740593, 0.015787512063980103, -0.015780480578541756, -0.04462142661213875, 0.025760279968380928, -0.06777247041463852, -0.011069403029978275, -0.04636716470122337, -0.0787852481007576, 0.015135293826460838, 0.018927672877907753, -0.04937347024679184, 0.0012387773022055626, 0.027395281940698624, 0.04046609252691269, -0.017051491886377335, 0.008161500096321106, -0.018581269308924675, -0.015319631434977055, 0.014529755339026451, 0.012073938734829426, 0.05347246676683426, -0.009438862092792988, -0.03866342082619667, -0.0049586184322834015, -0.014534817077219486, -0.0485805869102478, -0.029094820842146873, 0.014671729877591133, 0.02702399343252182, 0.03351730480790138, -0.028906580060720444, 0.03140074759721756, -0.006800138391554356, 0.00761806033551693, -0.0398094579577446, -0.0002951195347122848, 0.01334457565099001, -0.014113357290625572, -0.02414923906326294, 0.02337903343141079, -0.03779679164290428, 0.020748460665345192, 0.018570249900221825, -0.032654568552970886, 0.02059290185570717, -0.054401200264692307, 0.013126135803759098, 0.015339772216975689, -0.022203383967280388, 0.023919299244880676, 0.011540559120476246, 0.008478588424623013, -0.0011716880835592747, 0.0040968554094433784, -0.04006228223443031, 0.0029542839620262384, -0.026959842070937157, 0.017031967639923096, -9.682007657829672e-05, 0.016039585694670677, 0.028147192671895027, 0.03143441677093506, -0.04777640849351883, -0.0039984905160963535, 0.0033935129176825285, 0.010796818882226944, 0.008937912061810493, -0.03506829962134361, -0.0124098751693964, 0.027279088273644447, 0.030647797510027885, 0.0066423737443983555, -0.018880315124988556, 0.05114661157131195, 0.028073206543922424, -0.04822322353720665, -0.0030188336968421936, 0.06486672908067703, 0.07636308670043945, -0.005473630502820015, -0.05627996474504471, 0.03937084600329399, -0.03720506653189659, -0.018096767365932465, 0.0010733327362686396, -0.017316564917564392, 0.03440350666642189, -0.02205054461956024, 0.018579021096229553, -0.033631421625614166, 0.021086260676383972, 0.030048014596104622, 0.026965992525219917, -0.026682931929826736, 0.034752167761325836, -0.0050036171451210976, -0.03436676040291786, 0.08186803758144379, 0.011144962161779404, 0.006361061241477728, -0.012388062663376331, -0.01337469182908535, 0.004093371797353029, 0.02786508947610855, 0.02226932719349861, -0.039491381496191025, -0.01930662989616394, 0.0027888964395970106, 0.016400808468461037, -0.029753273352980614, -0.012706704437732697, 0.025594724342226982, 0.010648996569216251, 0.01182897575199604, -0.01038071047514677, -0.0005536176031455398, -0.014887620694935322, -0.026302088052034378, 0.025369804352521896, -0.027005193755030632, 0.028932087123394012, -0.008520944975316525, 0.015484855510294437, 0.02676737681031227, 0.02295641042292118, 0.006484596058726311, 0.01412661001086235, 0.06443413347005844, 0.030325554311275482, 0.037707339972257614, 0.023621877655386925, 0.0579197034239769, -0.013224942609667778, -0.021644461899995804, -0.03770994767546654, -0.0249791219830513, -0.009440467692911625, 0.018453892320394516, 0.04725285619497299, -0.04270168021321297, -0.0008502835407853127, 0.01900877058506012, -0.02318594604730606, 0.04854981228709221, -0.024775246158242226, 0.04814550653100014, -0.04367447644472122, -0.023521844297647476, -0.03125670552253723, -0.001316511887125671, -0.007830259390175343, 0.025519732385873795, -0.01528514176607132, -0.007482221350073814, 0.03191831335425377, -0.006201696116477251, -0.01950812339782715, 0.043621744960546494, 0.007005076855421066, -0.043217796832323074, -0.018782489001750946, 0.026178600266575813, 0.07161878049373627, 0.030199138447642326, 0.029216360300779343, -0.0065289391204714775, -0.025150224566459656, -0.034095264971256256, -0.054354358464479446, 0.02642389014363289, 0.0027785790152847767, -0.007482356391847134, -0.030535345897078514, -0.006096205674111843, -0.0194218922406435, -0.0393327996134758, 0.017972825095057487, 0.015450551174581051, -0.029573827981948853, 0.039910104125738144, -0.03117118962109089, 0.03241262957453728, -0.0018046104814857244, 0.0344330295920372, 0.010994802229106426, 0.019899051636457443, 0.02258152887225151, -0.014324955642223358]",,
15_1_0_docs_01_app_03_api_reference_03_file_conventions_01_metadata_sitemap_mdx_section_8_code_1,code_snippet,15_1_0_docs_01_app_03_api_reference_03_file_conventions_01_metadata_sitemap_mdx_section_8,Returns - code_1,,"{'programming_language': 'tsx', 'filename': None, 'switcher': False}",15.1.0,,"type Sitemap = Array<{
  url: string
  lastModified?: string | Date
  changeFrequency?:
    | 'always'
    | 'hourly'
    | 'daily'
    | 'weekly'
    | 'monthly'
    | 'yearly'
    | 'never'
  priority?: number
  alternates?: {
    languages?: Languages<string>
  }
}>
","[(np.int64(86), np.float64(0.15468767285346985)), (np.int64(425), np.float64(0.2405059039592743)), (np.int64(438), np.float64(0.13860206305980682)), (np.int64(61636), np.float64(0.17054207623004913))]",,"[-0.05044659599661827, -0.04030820354819298, 0.022499969229102135, 0.05573908984661102, -0.006589745171368122, -0.03523329272866249, 0.07389283925294876, 0.00958553422242403, -0.030145766213536263, 0.022476481273770332, 0.034357715398073196, 0.004347966518253088, -0.006129911169409752, -0.001249501365236938, -0.008356958627700806, 0.015135079622268677, -0.01749887689948082, 0.020947210490703583, -0.0038333332631736994, -0.026080679148435593, -0.02922392636537552, 0.029560357332229614, 0.024908924475312233, -0.02696196921169758, 0.005979639478027821, 0.016739873215556145, 0.005659935995936394, 0.012989700771868229, -0.02400355413556099, 0.025210250169038773, -0.00196516839787364, 0.028316238895058632, 0.06746701151132584, -0.04170295596122742, -0.04818251356482506, -0.03853114694356918, -0.011070982553064823, -0.03952277824282646, -0.04592850059270859, 0.04718102142214775, 0.00994988065212965, -0.018733380362391472, -0.04031197354197502, 0.0016909235855564475, 0.05114108324050903, -0.01654406078159809, 0.027494171634316444, -0.017489256337285042, -0.0036192242987453938, -0.05685105547308922, 0.008055957034230232, -0.024662936106324196, 0.025017976760864258, -0.05030282214283943, 0.022020159289240837, 0.0034002596512436867, -0.028917700052261353, 0.01402937714010477, -0.058881476521492004, -0.019015567377209663, -0.019899193197488785, -0.022997500374913216, 0.020246783271431923, 0.03825998306274414, 0.017387118190526962, 0.03164206072688103, 0.0024961705785244703, 0.0019480263581499457, -0.0063439831137657166, -0.004165176302194595, 0.012053659185767174, 0.02652386762201786, -0.009662394411861897, -0.018012624233961105, -0.0449821874499321, 0.004556421656161547, 0.009412527084350586, -0.015782268717885017, -0.05459165945649147, 0.006350820418447256, 0.01406517717987299, 0.010484281927347183, 0.05406300351023674, 0.004549742676317692, 0.006866499315947294, -0.00790730956941843, 0.026339499279856682, 0.025308936834335327, 0.010510838590562344, 0.05177905037999153, -0.014513791538774967, -0.014955230057239532, 0.039138808846473694, -0.04188600182533264, -0.005272171460092068, -0.018230458721518517, 0.04722969979047775, 0.0028243125416338444, 0.04586275666952133, 0.0015086723724380136, -0.019498668611049652, -0.023580092936754227, 0.012896272353827953, 0.028798237442970276, 0.054953962564468384, -0.03743105009198189, -0.0019006965449079871, -0.0023543755523860455, 0.0018321386305615306, -0.001489359186962247, 0.004463139921426773, 0.010328642092645168, 0.021939203143119812, -0.010924376547336578, -0.0011645191116258502, -0.0009056853596121073, 0.008497788570821285, -0.016009606420993805, 0.020675722509622574, 0.00862229336053133, 0.003939164336770773, 0.037269044667482376, 0.06530759483575821, -0.021068822592496872, -0.009475943632423878, 0.04514892399311066, -0.00330152059905231, 0.014192578382790089, 0.003604766447097063, -0.0054573602974414825, 0.02733725495636463, 0.05492153763771057, 0.0038163799326866865, -0.007025883067399263, -0.03564250469207764, -0.008000241592526436, 0.01104764360934496, 0.01814655028283596, -0.005554161965847015, -0.04241996631026268, 0.04178790748119354, -0.0012674061581492424, -0.04107430949807167, -0.033414922654628754, 0.024809008464217186, -0.04894021898508072, 0.031703826040029526, 0.01647454872727394, 0.016522889956831932, -0.03658153861761093, 0.03312452882528305, 0.007906618528068066, 0.06764049082994461, 0.012655559927225113, 0.0150912469252944, -0.04457588866353035, -0.005866366438567638, -0.02738451398909092, -0.027693983167409897, -0.004274148494005203, 0.015388453379273415, 0.04555699974298477, -0.020070426166057587, -0.0031178961507976055, 0.029914570972323418, -0.019299909472465515, 0.05978048965334892, -0.013086284510791302, -0.04045466333627701, -0.016294484958052635, 0.03703650087118149, -0.05424382910132408, -0.00548606738448143, 0.0403553731739521, 0.00902716163545847, 0.011264273896813393, 0.1204027310013771, 0.018944690003991127, 0.03454192727804184, -0.030149776488542557, -0.05574657395482063, -0.01893828809261322, -0.010951181873679161, -0.04101024940609932, -0.03632814809679985, 0.017606807872653008, -0.05759648233652115, -0.01862166076898575, -0.010882851667702198, -0.0011833497555926442, -0.02775922231376171, -0.02067836932837963, -0.03013431839644909, 0.01987144537270069, 0.011649850755929947, -0.015065468847751617, -0.020291639491915703, 0.027762437239289284, -0.003735349979251623, -0.010406364686787128, 0.02198731154203415, 0.023629019036889076, -0.020533038303256035, 0.03457527235150337, -0.005375274922698736, -0.03415142744779587, -0.03767074644565582, -0.036752138286828995, 0.006586690898984671, -0.04071728140115738, 0.029229719191789627, 9.272930765291676e-05, -0.031081875786185265, -0.07318175584077835, -0.04797247052192688, -0.05350901931524277, 0.0008356124744750559, 0.036016467958688736, -0.01572253182530403, 0.008450633846223354, -0.0033527216874063015, 0.030196957290172577, 0.04823360592126846, -0.016548261046409607, 0.005732022691518068, -0.03573155775666237, 0.029757793992757797, 0.0332791805267334, -0.02003101445734501, 0.010973880998790264, -0.020295467227697372, 0.03249131143093109, 0.013821805827319622, 0.01809946820139885, 0.03627621382474899, -0.028191272169351578, -0.02482987381517887, -0.016281787306070328, 0.04578461870551109, 0.009389849379658699, 0.007109151687473059, -0.023304201662540436, 0.0023538873065263033, 0.017936009913682938, -0.017135830596089363, -0.018909573554992676, -0.014041845686733723, 0.036616001278162, -0.017806420102715492, -0.029281670227646828, 0.005105216521769762, 0.0031018892768770456, -0.021126724779605865, 0.01582246460020542, 0.008050281554460526, -0.010404297150671482, 0.016390644013881683, -0.029498867690563202, -0.05859404057264328, -0.04627024009823799, 0.00971393845975399, 0.05258512124419212, -0.006514059845358133, 0.023036716505885124, 0.03211881220340729, -0.017619477584958076, 0.009781231172382832, -0.04077964276075363, 0.024979257956147194, 0.03989509865641594, -0.020272064954042435, -0.03271116688847542, 0.051522787660360336, -0.02017856203019619, -0.0027298603672534227, 0.024530790746212006, -0.04850389435887337, -0.002467687474563718, 0.03764184191823006, 0.012321547605097294, -0.03784960135817528, -0.013766164891421795, 0.05579600855708122, -0.013455860316753387, 0.043358780443668365, -0.010757021605968475, -0.010704019106924534, -0.033969271928071976, 0.03855404257774353, -0.03479291498661041, 0.006964892614632845, 0.015041971579194069, 0.05471145361661911, -0.03197405859827995, -0.01943289302289486, -0.013828634284436703, -0.0056960731744766235, -0.1728743314743042, -0.02469809725880623, 0.0050719729624688625, -0.0025705767329782248, 0.014559691771864891, -0.013894516043365002, -0.012920783832669258, -0.03326484188437462, -0.018718909472227097, 0.02851978689432144, -0.005670816171914339, -0.054449692368507385, -0.014797622337937355, -0.025610677897930145, 0.0022706103045493364, -0.01501455157995224, -0.02939036302268505, 0.02312317118048668, -0.042635880410671234, -0.02900252863764763, -0.0488961823284626, -0.05338360369205475, 0.054276008158922195, 0.01366954855620861, -0.01096763089299202, -0.021195925772190094, 0.034005820751190186, -0.030599188059568405, -0.02621571347117424, 0.01475602574646473, 0.0020979742985218763, 0.04918106645345688, -0.00015351196634583175, 0.009859546087682247, 0.050906721502542496, 0.04100291430950165, 0.013569519855082035, 0.02659578248858452, -0.015270323492586613, -0.013244823552668095, 0.03814608231186867, -0.016410762444138527, 0.006390376482158899, 0.010302812792360783, -0.005311701912432909, -0.020157985389232635, -0.016146913170814514, -0.03099229373037815, -0.01840176060795784, 0.0002024876157520339, -0.03549226373434067, -0.018625078722834587, 0.009442702867090702, -0.013935871422290802, -0.07212982326745987, 0.0009881401201710105, 0.017941493541002274, 0.07320819795131683, 0.009529219940304756, -0.01501558069139719, -0.015177159570157528, 0.04404565319418907, 0.003406501142308116, -0.026260094717144966, 0.01802133023738861, -0.006836440414190292, 0.03251654654741287, -0.02129306085407734, -0.001048348261974752, -0.029434673488140106, -0.014871512539684772, -0.02905314788222313, 0.01751856319606304, -0.0023059749510139227, -0.014046276919543743, 0.04363241046667099, -0.025196505710482597, -0.021953387185931206, 0.02951384149491787, -0.11985087394714355, -0.0202261321246624, 0.02052692510187626, -0.0030718857888132334, -0.016224179416894913, -0.01762370578944683, -0.02629431150853634, 0.020140189677476883, -0.0006491595413535833, 0.05560407415032387, 0.2851633131504059, 0.013511987403035164, -0.004578095860779285, 0.03433896601200104, 0.054278187453746796, 0.018746299669146538, -0.021005410701036453, 0.049592919647693634, -0.011810426600277424, -0.03081723488867283, -0.0023424869868904352, 0.034713976085186005, -0.02253737673163414, -0.022252967581152916, 0.0440216101706028, 0.017419256269931793, -0.0172896608710289, 0.03077414073050022, 0.045586999505758286, 0.0016548698768019676, 0.040837690234184265, -0.03399854525923729, 0.028040599077939987, 0.004714030306786299, -0.060134902596473694, -0.0041763740591704845, 0.05861685052514076, -0.01800725981593132, -0.024520905688405037, 0.04392663389444351, -0.035594359040260315, 0.009578511118888855, 0.03917061164975166, 0.026692571118474007, -0.01169812586158514, -0.031116947531700134, 0.034883763641119, -0.050033193081617355, -0.019382240250706673, 0.05113091692328453, -0.010436533950269222, -0.007761064916849136, 0.016212359070777893, -0.0040421984158456326, -0.03312843665480614, -0.023877324536442757, -0.009213441982865334, -0.030321432277560234, -0.012837295420467854, -0.028377020731568336, -0.0020108295138925314, 0.0021593926940113306, 0.004242155235260725, 0.003084799973294139, 0.02081429958343506, -0.0365719273686409, 0.00034758594119921327, -0.0034545280504971743, 0.0089433453977108, 0.0494396947324276, 0.012690757401287556, -0.004216464702039957, -0.03740027919411659, -0.0002700067707337439, -0.006622144486755133, 0.03239287808537483, 0.04224807396531105, 0.007773933932185173, -0.00016219796088989824, 0.06288523226976395, -0.033611834049224854, -0.007899921387434006, 0.03186984732747078, -0.030140453949570656, 0.000952483678702265, 0.005304391495883465, 0.010844153352081776, -0.007131905294954777, 0.01816461980342865, 0.06102931872010231, -0.014051034115254879, -0.03338709473609924, -0.0447581522166729, 0.01635105349123478, 0.03146418184041977, -0.026708390563726425, 0.013743792660534382, 0.06239385902881622, -0.03685929253697395, -0.027022959664463997, -0.029827918857336044, 0.03253743052482605, -0.016639674082398415, 0.013174629770219326, -0.023855330422520638, -0.012603300623595715, 0.05327248573303223, -0.002276417100802064, -0.049353957176208496, 0.013770384714007378, -0.018356716260313988, 0.005453492980450392, -0.026832615956664085, -0.016928864642977715, 0.04673532769083977, 0.03558064252138138, 0.014038167893886566, 0.01111698616296053, -0.037217579782009125, 0.03546447679400444, -0.019241534173488617, 0.008274724707007408, 0.017290567979216576, -0.008027153089642525, -0.015346205793321133, 0.0639745220541954, 0.024256186559796333, -0.0029223591554909945, 0.02471925877034664, 0.05446081981062889, -0.05035031586885452, -0.006459571421146393, 0.012877676635980606, -0.0035282375756651163, -0.00525018572807312, -0.012884109281003475, -0.027753476053476334, -0.0001939009816851467, -0.02613184228539467, 0.019052797928452492, 0.03989106044173241, -0.042409539222717285, -0.03497884050011635, 0.034000176936388016, 0.02242737077176571, 0.003036841284483671, -0.002082137856632471, 0.021342847496271133, -0.0012202233774587512, 0.017723966389894485, -0.022420914843678474, 0.012930047698318958, 0.017478903755545616, -0.0662032812833786, 0.03312625735998154, 0.013947805389761925, 0.023393655195832253, -0.03909733146429062, -0.01631232164800167, 0.02920936420559883, 0.07100150734186172, 0.033418841660022736, 0.01772434636950493, -0.0319710373878479, 0.001595592824742198, -0.025284335017204285, -0.03141099214553833, 0.0047568087466061115, -0.03022633120417595, -0.019347727298736572, 0.0062114703468978405, 0.0005585805629380047, 0.021188978105783463, 0.05262790620326996, -0.0052253250032663345, -0.00013115708134137094, 0.00022422820620704442, 0.03284226730465889, -0.0362175814807415, -0.006407571025192738, -0.030212286859750748, -0.03789498656988144, -0.037175100296735764, 0.017282763496041298, 0.0036424044519662857, -0.00261297938413918, 0.0036866699811071157, -0.008434022776782513, -0.04427293315529823, -0.025456376373767853, -0.005493704229593277, -0.002525844145566225, -0.014904969371855259, -0.014196950942277908, 0.007239979691803455, 0.013168377801775932, 0.007636979687958956, -0.013455431908369064, 0.03405526280403137, -0.02115441858768463, 0.002118776785209775, 0.11915015429258347, -0.0338398702442646, -0.027430208399891853, -0.011762116104364395, 0.02042042836546898, 0.023783225566148758, 0.02238704264163971, -0.005653423257172108, -0.035036299377679825, -0.03621453791856766, -0.029600894078612328, -0.02894403599202633, 0.024681588634848595, 0.0007440393092110753, 0.01533560547977686, -0.038236353546381, 0.023370761424303055, 0.018106529489159584, 0.005608076229691505, 0.036761488765478134, 0.00843364093452692, -0.007970437407493591, -0.008596623316407204, -0.008465588092803955, -0.05503096431493759, 0.028017396107316017, 0.04261114075779915, -0.012001578696072102, -0.0009120962349697948, -0.03406777232885361, 0.001900903065688908, 0.05873622000217438, 0.004779198206961155, -0.031214019283652306, 0.0102552380412817, 0.0026378638576716185, -0.02009439468383789, -0.03301595523953438, 0.0005236114957369864, -0.008185100741684437, 0.03234259411692619, 0.003697170875966549, 0.018518900498747826, 0.00041570584289729595, -0.006340743973851204, 0.03992138057947159, 0.028194192796945572, 0.009516150690615177, -0.03194703906774521, 0.013785358518362045, -0.008777189068496227, 0.016823813319206238, -0.012627840973436832, 0.015787508338689804, 0.029055558145046234, -0.029456978663802147, -0.03137585148215294, 0.045060522854328156, -0.01583506353199482, -0.05348021164536476, -0.022170746698975563, 0.0009461228037253022, -0.030620118603110313, 0.003554627764970064, -0.0006190906278789043, -0.005633140914142132, 0.03331548720598221, -0.051592037081718445, -0.007846187800168991, -0.014366024173796177, 0.0749020054936409, 0.017555611208081245, 0.0035393182188272476, 0.00043458992149680853, -0.052844371646642685, -0.01298067532479763, -0.044453755021095276, -0.055403921753168106, -0.04562345892190933, -0.0013143906835466623, 0.003456392092630267, -0.015000803396105766, -0.03355161100625992, -0.023511525243520737, 0.0026983569841831923, -0.027763618156313896, -0.0197956133633852, 0.012310643680393696, -0.006738224532455206, -0.00998017843812704, 0.04502137377858162, 0.0038673188537359238, -0.0029151486232876778, -0.026836181059479713, 0.021851796656847, -0.03563568368554115, -0.04595506563782692, 0.027508171275258064, -0.051176778972148895, -0.020840272307395935, -0.008146333508193493, -0.011991086415946484, 0.057327065616846085, 0.021687446162104607, 0.005651707295328379, -0.02076851949095726, 0.04135296866297722, -0.03051980584859848, -0.0388556644320488, -0.0016966020921245217, 0.02324908785521984, 0.01219324953854084, -0.010635976679623127, -0.01028982549905777, 0.009379284456372261, 0.006209292449057102, -0.011973382905125618, 0.08219490945339203, -0.0040709106251597404, -0.03726084530353546, -0.045472320169210434, 0.002827271819114685, 0.06361818313598633, 0.026531891897320747, -0.05263219028711319, 0.07487276941537857, -0.011584054678678513, -0.01027248427271843, -0.012003458105027676, -0.003480890765786171, -0.02383936196565628, -0.05291251838207245, -0.031432539224624634, 0.0035742465406656265, -0.0034713023342192173, 0.021862218156456947, -0.027125269174575806, -0.10520592331886292, -0.018012575805187225, -0.029315754771232605, -0.00819514412432909, 0.017280718311667442, -0.04996989294886589, 0.013006632216274738, -0.010971366427838802, 0.012907962314784527, 0.023601587861776352, 0.011737092398107052, -0.04290080815553665, 0.02550092525780201, 0.013505274429917336, 0.04616450518369675, -0.051503926515579224, 0.028339950367808342, -0.05278973653912544, 0.027394266799092293, -0.0023169361520558596, -0.0372222438454628, -0.013936369679868221, -0.01711898297071457, 0.010034864768385887, -0.03559379652142525, -0.037680987268686295, 0.04958261922001839, 0.024732641875743866, -0.00011824320972664282, 0.015135645866394043, 0.007370765786617994, 0.009798914194107056, -0.044578276574611664, 0.02667335607111454, -0.02680537849664688, -0.02012142539024353, 0.04254879429936409, 0.011627131141722202, -0.01472088135778904, -0.013590451329946518, -0.021925773471593857, 0.018841611221432686, -0.01924746483564377, 0.05621875450015068, 0.004225905053317547, 0.006563353817909956, -0.03298075124621391, 0.06838645786046982, -0.0013161955866962671, 0.010991537012159824, 0.0268825963139534, -0.020424945279955864, 0.009186758659780025, -0.014120579697191715, -0.03394799679517746, -0.012968005612492561, 0.010416679084300995, -0.007124273106455803, -0.01754259131848812, 0.006072549149394035, -0.0016111921286210418, 0.029476223513484, 0.007992026396095753, -0.01506875641644001, 1.6614887499599718e-05, 0.01857859641313553, -0.1530802696943283, 0.04426707699894905, -0.019862156361341476, 0.0018589288229122758, -0.03609933704137802, -0.003489134134724736, -0.034619372338056564, -0.048883888870477676, 0.0060382988303899765, -0.04333345219492912, -0.003043047385290265, -0.03984843194484711, 0.024080965667963028, -0.03973284363746643, 0.00035895081236958504, 0.0384327657520771, 0.0046359640546143055, -0.00472439406439662, -0.04087322950363159, 0.06492237001657486, 0.01196447852998972, -0.008249377831816673, 0.03192606195807457, -0.005400502122938633, 0.014652454294264317, 0.007756062317639589, 0.0018880508141592145, 0.0026870945002883673, -0.007301488425582647, -0.015518142841756344, -0.007039500866085291, -0.018031800165772438, 0.03278017416596413, 0.04398737847805023, 0.019906599074602127, 0.027912108227610588, 0.011743536219000816, -0.03857732564210892, -0.006665218621492386, 0.03455081582069397, -0.041752759367227554, 0.012070337310433388, -0.026545263826847076, 0.005000907462090254, 0.005717156454920769, 0.02663315087556839, -0.006381878163665533, -0.026339583098888397, -0.011997208930552006, 0.033016640692949295, 0.02835044078528881, 0.020565539598464966, 0.007721404545009136, -0.014484334737062454, -0.02482728101313114, -0.007578328251838684, -0.017411377280950546, -0.019444430246949196, 0.0157400444149971, 0.025922181084752083, -0.007236477918922901, 0.049152277410030365, -0.03325188532471657, -0.053542234003543854, -0.03628530725836754, 0.0337195098400116, -0.032997652888298035, 0.016239333897829056, 0.029131365939974785, 0.02827943116426468, -0.03838954120874405, -0.02982267551124096, -0.031121106818318367, -0.02195144258439541, 0.00046718624071218073, 0.01564125157892704, -0.025213023647665977, -0.0084726857021451, -0.06518014520406723, 0.0011637990828603506, 0.004752286709845066, -0.006680029444396496, -0.006686002481728792, 0.062186967581510544, 0.02742186188697815, 0.0102407680824399, -0.01578260213136673, 0.011323424056172371, -0.032739244401454926, 0.02354278415441513, -0.005247077904641628, -0.029627110809087753, 0.010366497561335564, 0.05688074976205826, 0.011985374614596367, 0.03923795372247696, -0.02820623107254505, -0.018160637468099594, 0.019228490069508553, 0.00039940763963386416, -0.02274145744740963, -0.03446013480424881, 0.009490713477134705, 0.02951233834028244, -0.012628313153982162, 0.03556888923048973, -0.0014486216241493821, 4.781076859217137e-05, -0.015802007168531418, -0.047609519213438034, -0.03485116362571716, -0.025846125558018684, -0.012451499700546265, 0.02494003064930439, -0.041143305599689484, -0.0073128342628479, -0.013145108707249165, 0.043795544654130936, 0.01625513657927513, -0.013408975675702095, 0.013085737824440002, -0.0010890454286709428, 0.0478258952498436, -0.035065632313489914, 0.010470008477568626, 0.025125112384557724, 0.02111976221203804, 0.03893342241644859, -0.013721294701099396, -0.04733377322554588, -0.012038434855639935, 0.011817564256489277, 0.05675974488258362, 0.016899429261684418, 0.06188590079545975, -0.040327101945877075, -0.046851564198732376, 0.04031439870595932, -0.04645036160945892, -0.00791084673255682, -0.053360916674137115, 0.010498733259737492, -0.011940286494791508, -0.03524906933307648, -0.011054474860429764, 0.006591029930859804, 0.04249319061636925, -0.020774438977241516, 0.01263914629817009, -0.025307107716798782, -0.022340409457683563, -0.004881411790847778, -0.03322046995162964, 0.005881628021597862, -0.010539459064602852, 0.03405391052365303, -0.03382675722241402, -0.022635452449321747, -0.021479561924934387, 0.056797873228788376, -0.04378903657197952, -0.02971351519227028, -0.023016255348920822, -0.017154449597001076, 0.032406650483608246, 0.016041982918977737, 0.00436637457460165, 0.0028852149844169617, -0.008761848323047161, 0.005716589745134115, 0.0035226158797740936, 0.01998021826148033, -0.024165751412510872, -0.023297153413295746, 0.04753224924206734, 0.003371079219505191, 0.012844868004322052, 0.00830832403153181, 0.03732208162546158, 0.012455989606678486, 0.017706166952848434, -0.01076149009168148, 0.0571596696972847, 0.026918139308691025, 0.05397084355354309, 0.05031552538275719, -0.009391711093485355, -0.01308664120733738, 0.044858966022729874, -0.020721573382616043, -0.017491502687335014, -0.017127975821495056, 0.0233698058873415, 0.020223844796419144, -0.003984314389526844, 0.00635118642821908, 0.009073124267160892, 0.02935958467423916, 9.459436114411801e-05, 0.02312326617538929, -0.021900510415434837, -0.02606937848031521, -0.0012961714528501034, -0.0008873807964846492, -0.011331766843795776, 0.0020381102804094553, -0.04153582826256752, -0.009963059797883034, 0.05285609886050224, 0.022996222600340843, -0.0007572745671495795, 0.040016405284404755, -0.01830553635954857, -0.004701127298176289, -0.029741646721959114, -0.035115547478199005, 0.048335716128349304, 0.026617463678121567, 0.018292883411049843, 0.04374907165765762, 0.029755139723420143, 0.030737170949578285, -0.001484770211391151, 0.00520876282826066, -0.08403470367193222, -0.053139250725507736, -0.009711850434541702, -0.008386682718992233, -0.05485866963863373, 0.003276573261246085, -0.04022351652383804, -0.018124714493751526, -0.0019862768240273, 0.013455141335725784, 0.023038474842905998, -0.014039591886103153, 0.017409665510058403, 0.022139621898531914, 0.011661330237984657, -0.020331157371401787, -0.0015730609884485602, -0.003075442975386977, -0.005634328816086054, -0.04078366607427597]",
15_1_0_docs_01_app_03_api_reference_03_file_conventions_01_metadata_sitemap_mdx_section_9,section,15_1_0_docs_01_app_03_api_reference_03_file_conventions_01_metadata_sitemap_mdx,sitemap.xml - Version History,,{},15.1.0,"``Add localizations support.``Add `` and `` attributes to sitemaps.```` introduced.
",,"[(np.int64(5), np.float64(0.05086119472980499)), (np.int64(1764), np.float64(0.16785982251167297)), (np.int64(40647), np.float64(0.29510948061943054)), (np.int64(62346), np.float64(0.2718470096588135)), (np.int64(65786), np.float64(0.19482320547103882)), (np.int64(131492), np.float64(0.2681717872619629))]","[-0.004680739250034094, -0.014942502602934837, -0.015233354642987251, 0.05157246068120003, -0.0182008258998394, -0.028628164902329445, 0.05543404445052147, 0.013415236957371235, 0.02080504409968853, -0.0005441501270979643, 0.02967682294547558, -0.011201594956219196, -0.007411540951579809, 0.005373298656195402, 0.012628703378140926, 0.020606961101293564, 0.030514439567923546, -0.0016607261495664716, 0.024534231051802635, -0.026019005104899406, -0.029954195022583008, -0.0248110368847847, 0.00962041039019823, -0.003468576120212674, 0.004471087362617254, -0.001988934352993965, -0.020462026819586754, -0.010368585586547852, 0.03165900707244873, 0.023914040997624397, 0.008870349265635014, 0.00038794800639152527, 0.03628237545490265, -0.00041553942719474435, -0.0629340186715126, -0.07125494629144669, -0.02264288254082203, -0.0045222011394798756, -0.05251605436205864, 0.004271807614713907, -0.03137059882283211, -0.009556949138641357, -0.009210259653627872, -0.012335319072008133, -0.0061269840225577354, -0.04141814261674881, -0.025084931403398514, -0.02246084064245224, -0.018468113616108894, 0.010367942042648792, 0.0024818379897624254, 0.00012584490468725562, 0.017888527363538742, -0.025495752692222595, -0.026662077754735947, 0.021407997235655785, -0.08284392207860947, -0.01521357148885727, -0.0527762696146965, -0.007475777063518763, -0.08087208867073059, 0.03756595775485039, -0.042828984558582306, -0.0015909443609416485, -0.013462861068546772, 0.07215237617492676, -0.004064320586621761, -0.001410074532032013, -0.038160573691129684, -0.03764680027961731, 0.02274395525455475, 0.02839157171547413, -0.05302548408508301, -0.017092028632760048, -0.025029156357049942, 0.01909692957997322, 0.008287646807730198, -0.005116297863423824, -0.02036263234913349, 0.01871432736515999, -0.027449630200862885, 0.007024540100246668, 0.028797125443816185, -0.008638548664748669, 0.0063788373954594135, 0.02422124519944191, 0.0002943268045783043, 0.028976114466786385, -0.0063748592510819435, 0.02532106079161167, -0.004789310973137617, 5.7355136959813535e-05, 0.07434004545211792, -0.04492688551545143, -0.027131235226988792, -0.023732522502541542, -0.018024666234850883, 0.052433937788009644, 0.04071657732129097, -0.002681091194972396, 0.014209989458322525, 0.02059011161327362, 0.017232034355401993, 0.021891526877880096, 0.045693639665842056, -0.010485726408660412, -0.02096066065132618, 0.02701243758201599, 0.020144587382674217, -0.015436368063092232, 0.002201944123953581, 0.012464194558560848, 0.03548721596598625, 0.007174293510615826, -0.004697524476796389, -0.04358785226941109, 0.008901992812752724, -0.003404963295906782, -0.03720083832740784, 0.03141710162162781, 0.05855740234255791, 0.03467509150505066, 0.04454660788178444, -0.007932748645544052, 0.03882259130477905, 0.07316069304943085, 0.012083417735993862, 0.024769047275185585, 0.004364681895822287, -0.01985563337802887, 0.0010297778062522411, 0.0075448499992489815, -0.008511432446539402, -0.03274156525731087, -0.02603393979370594, 0.0013682016870006919, 0.01066046953201294, 0.028439538553357124, -0.009409716352820396, -0.0526687353849411, -0.01951906457543373, 0.032845307141542435, 0.0019919835031032562, -0.07130178809165955, 0.05899796634912491, 0.006289374548941851, -0.005089655052870512, 0.016979951411485672, -0.014963218942284584, -0.03836887329816818, -0.022260932251811028, -0.011091304942965508, 0.014528256841003895, -0.004672682844102383, 0.011636384762823582, -0.03220316767692566, -0.012108590453863144, 0.023803988471627235, -0.0035333200357854366, -0.04164120554924011, -0.06360598653554916, -0.06371620297431946, -0.025544699281454086, -0.007955306209623814, 0.03185417503118515, -0.00376992579549551, -1.0083673259941861e-05, 0.030317867174744606, -0.015926392748951912, -0.033411528915166855, 0.009863569401204586, -0.019259754568338394, -0.015377882868051529, 0.016838999465107918, 0.028251275420188904, 0.030945315957069397, 0.08453620970249176, 0.029094940051436424, 0.027048557996749878, -0.04248499497771263, -0.027777623385190964, -0.02021212689578533, 0.02572391740977764, -0.003463166067376733, -0.0180700421333313, -0.007556939963251352, -0.005511112045496702, -0.034628722816705704, 0.0035488137509673834, 0.03397774323821068, -0.004515910521149635, -0.013418362475931644, 0.021807370707392693, -0.020556608214974403, 0.017461072653532028, -0.007445208728313446, 0.020783303305506706, 0.017484910786151886, 0.02829219587147236, -0.00011336777970427647, 0.0007215500809252262, 0.0452253632247448, 0.05404817312955856, -0.049185626208782196, -0.01775384321808815, 0.0057259174063801765, -0.006369861774146557, -0.04896746575832367, 0.007648618891835213, -0.06698442250490189, 0.01657904125750065, 0.06082921847701073, -0.00707879988476634, -0.011370882391929626, -0.018567776307463646, -0.010572421364486217, 0.010932061821222305, 0.021749969571828842, -0.032432183623313904, -0.030048195272684097, -0.04406270384788513, 0.0067235627211630344, 0.0196099653840065, 0.030415350571274757, 0.004013989120721817, 0.005561116151511669, 0.02985154464840889, 0.02401157096028328, -0.004158319905400276, -0.008290999568998814, -0.016129517927765846, 0.02475822903215885, -0.025027908384799957, -0.02469448558986187, 0.016437839716672897, -0.06933121383190155, -0.03772271052002907, 0.002167830942198634, 0.011603239923715591, -0.0034928384702652693, -0.032917000353336334, 0.004487123806029558, -0.0014563591685146093, -0.02530098892748356, -0.025131206959486008, -0.00031023379415273666, -0.032112814486026764, 0.04049930348992348, -0.013914606533944607, -0.003963785711675882, 0.01921054534614086, -0.0012921649031341076, -0.013004093430936337, -0.006553978659212589, 0.010547948069870472, 0.009661284275352955, 0.04563848674297333, 0.005972933489829302, -0.02610873617231846, -0.01549089327454567, 0.02161790058016777, -0.025346789509058, -0.01227802224457264, 0.029128873720765114, 0.035218484699726105, -0.02185880020260811, -0.014239590615034103, -0.05680094659328461, 0.03323537856340408, 0.015212330035865307, 0.0073580690659582615, -0.009523101150989532, 0.01862899586558342, 0.01728224568068981, 0.040481485426425934, 0.028644200414419174, -0.03337755426764488, -0.022183366119861603, 0.0613594613969326, 0.006280004512518644, -0.04845356196165085, 0.010600408539175987, 0.049726858735084534, 0.04188363626599312, 0.02761470153927803, 0.04629339650273323, 0.028096431866288185, 0.033416204154491425, 2.230603786301799e-05, -0.09986192733049393, 0.015661301091313362, -0.0011499738320708275, 0.05304748937487602, -0.012960631400346756, -0.022887594997882843, -0.005368260201066732, -0.013637004420161247, -0.1642434000968933, -0.04797063395380974, -0.0253987405449152, 0.0397387333214283, -0.0001263086887774989, -0.001091522048227489, -0.03661997988820076, 0.015623451210558414, -0.002298567909747362, 0.011385459452867508, -0.022344162687659264, -0.053217798471450806, 0.011911975219845772, -0.012300042435526848, -0.02268722653388977, 0.011812846176326275, -0.01716221123933792, 0.006678648293018341, -0.0364011786878109, -0.024766435846686363, -0.014039430767297745, -0.018067901954054832, 0.04454786702990532, -0.029806964099407196, 0.03803684934973717, -0.06260623782873154, 0.04133680835366249, 0.033085718750953674, -0.009194628335535526, 0.03592324256896973, 0.02700815349817276, 0.020144673064351082, 0.003865889273583889, 0.009686337783932686, -0.00349696003831923, -0.00976759847253561, 0.019059600308537483, -0.03739229589700699, -0.01121286116540432, -0.04290720447897911, 0.007552166935056448, -0.009045597165822983, -0.03469454497098923, -0.003010587999597192, 0.006344018969684839, -0.041541580110788345, -0.01545982901006937, -0.018527677282691002, -0.03950461745262146, 0.0011013211915269494, -0.02720620296895504, -0.031770989298820496, -0.024971075356006622, 0.023847246542572975, -0.060672271996736526, 0.005842254497110844, -0.04302321374416351, 0.023991310968995094, 0.04912076145410538, 0.02015509456396103, 0.02239748276770115, -0.02971600741147995, 0.05298007279634476, -0.027839984744787216, -0.022017790004611015, -0.015267935581505299, 0.03434362635016441, -0.008230363018810749, 0.015487296506762505, -0.034956201910972595, 0.026289569213986397, -0.04993388429284096, 0.01969141885638237, -0.003429139032959938, 0.02876337058842182, 0.043344270437955856, 0.02267361991107464, -0.046680748462677, -0.017256952822208405, -0.08337068557739258, -0.020626936107873917, 0.024967094883322716, 0.005887825507670641, -0.013894100673496723, -0.04255504161119461, -0.05166592821478844, 0.040420789271593094, -0.037374407052993774, 0.03746699541807175, 0.2732234001159668, 0.04856150969862938, 0.0036372507456690073, -0.006682674400508404, 0.05832575261592865, -0.0036406302824616432, -0.02283114567399025, 0.04774507135152817, 0.010082496330142021, -0.03330165892839432, -0.015851454809308052, 0.04550536349415779, 0.0032066632993519306, -0.027374235913157463, 0.034516237676143646, 0.02029934898018837, -0.043299268931150436, 0.006797240115702152, 0.052518561482429504, -0.01451526302844286, -0.0023405333049595356, -0.025238145142793655, 0.020173536613583565, 0.04918219894170761, -0.043425679206848145, 0.019211862236261368, 0.01868676207959652, -0.006762940902262926, 0.003625856712460518, 0.01923965848982334, -0.022097332403063774, 0.05450263246893883, 0.03142518922686577, -0.0021366423461586237, -0.0274333618581295, -0.020912310108542442, 0.008585692383348942, -0.02728758193552494, 0.0114437909796834, 0.07031568884849548, -0.01511898823082447, -0.011789431795477867, -0.03632019832730293, -0.00894074235111475, -0.048697613179683685, -0.03120831586420536, 0.04850521311163902, -0.004138968884944916, -0.012621510773897171, -0.020253432914614677, -0.01505568902939558, -0.023483678698539734, -0.005508568603545427, -0.01617218740284443, 0.014029189944267273, -0.0028678858652710915, -0.01156957633793354, 0.010396338067948818, 0.029453860595822334, 0.03125980123877525, 0.014853963628411293, -0.007127904798835516, -0.021640300750732422, 0.024018684402108192, -0.025711558759212494, 0.015009771101176739, -0.009251386858522892, -0.01395415049046278, 0.05755860358476639, 0.043223004788160324, -0.0005275868461467326, 0.005118730943650007, 0.009222067892551422, 0.01879684254527092, -0.004478114657104015, 0.029622523114085197, 0.04195260629057884, 0.019754448905587196, -0.005176651757210493, 0.0002559250860940665, -0.04403071478009224, -0.016498714685440063, -0.009634695947170258, 0.03754919767379761, 0.019933070987462997, -0.040082164108753204, 0.010734575800597668, 0.0826772078871727, 0.01418711245059967, -0.04320697486400604, -0.004734799265861511, 0.000390904227970168, 0.0007287827902473509, 0.03811730444431305, 0.005299361422657967, 0.013492699712514877, 0.022010251879692078, -0.018164360895752907, -0.030107606202363968, -0.01872161217033863, -0.02839403972029686, 0.0010184379061684012, -0.051271118223667145, -0.0023294282145798206, 0.03941819444298744, 0.00010339995060348883, -0.004988914355635643, 0.02004009485244751, -0.01074180006980896, 0.02531508356332779, 0.010795564390718937, 0.026291800662875175, 0.008997072465717793, 0.025397727265954018, 0.007589065469801426, 0.034927498549222946, 0.021158087998628616, 0.041005078703165054, 0.009546319954097271, -0.0050467452965676785, 0.018681518733501434, 0.022080473601818085, -0.01624692976474762, 0.0009279808145947754, -0.011766580864787102, -0.0016593844629824162, -0.002864021109417081, 0.03836308419704437, -0.053364116698503494, 0.009296472184360027, 0.0381387434899807, -0.0303836427628994, 0.024059126153588295, 0.025193948298692703, 0.018741527572274208, 0.002927700988948345, -0.027339991182088852, 0.021450230851769447, -0.01108274981379509, -0.004466751124709845, -0.012028039433062077, -0.018434468656778336, 0.006563963368535042, 0.003994773142039776, 0.010643724352121353, -0.026715828105807304, -0.03526865690946579, 0.001051969826221466, -0.003947380930185318, 0.04232179746031761, 0.07710156589746475, 0.07118821144104004, 0.035367242991924286, -9.926212078426033e-05, 0.008039512671530247, 0.006052689626812935, -0.02778390608727932, 0.014408311806619167, -0.004560114350169897, -0.01694461703300476, -0.002340704668313265, -0.0010035557206720114, 0.0576774924993515, 0.030819809064269066, -0.004893434699624777, -0.003923995420336723, -0.06050705909729004, 0.027802318334579468, -0.07674964517354965, -0.011651470325887203, -0.0025489511899650097, -0.062209323048591614, -0.056741826236248016, 0.045769792050123215, 0.024453729391098022, 0.022004321217536926, -0.005825248546898365, 0.04420033469796181, -0.017642250284552574, 0.01744995452463627, 0.007943356409668922, -0.007902729324996471, -0.06194893643260002, -0.046729713678359985, 0.040749602019786835, -0.021425889804959297, -0.015396274626255035, -0.0030553326942026615, 0.038004662841558456, -0.010282110422849655, -0.028185198083519936, 0.11836124211549759, -0.01604584790766239, -0.026255715638399124, -0.024518633261322975, 0.0017373634036630392, 0.0519273467361927, 0.007952326908707619, -0.016949884593486786, 0.000490007281769067, -0.06867209076881409, -0.005998138803988695, -0.0021552913822233677, 0.02044600434601307, 0.009393597953021526, -0.003338446607813239, -0.056989964097738266, 0.026559539139270782, -0.00597316725179553, -0.03524487465620041, -0.024488545954227448, -0.013360448181629181, -0.042879603803157806, 0.027705678716301918, -0.0006082215113565326, -0.011579908430576324, 0.020255200564861298, 0.019944265484809875, -0.03468196094036102, 0.008352244272828102, -0.02301017940044403, -0.010554643347859383, -0.007446086499840021, -0.008115754462778568, -0.013860253617167473, -0.017374025657773018, 0.02309819683432579, -0.019495341926813126, -0.0014063515700399876, 0.007148235570639372, 0.0006668415735475719, -0.030169576406478882, -0.01699991710484028, 0.010590407997369766, 0.012258668430149555, -0.01837415061891079, 0.03771234676241875, 0.024061720818281174, -0.00582099100574851, -0.0938241258263588, 0.01828913763165474, -0.036297012120485306, -0.0016350888181477785, 0.06299509108066559, 0.028626766055822372, 0.014448916539549828, -0.0546288825571537, -0.031051289290189743, 0.012002749368548393, -0.018941393122076988, -0.03025536611676216, -0.03354397043585777, -0.010424720123410225, -0.023226097226142883, 0.053764086216688156, -0.009214862249791622, -0.023315314203500748, -0.009416104294359684, -0.09463414549827576, -0.04749859869480133, 0.0022636030334979296, 0.022730151191353798, 0.02404264733195305, -0.0065964264795184135, 0.06105171889066696, -0.04858492687344551, 0.02159908413887024, -0.05398504436016083, -0.048113878816366196, 0.015803445130586624, 1.8110002201865427e-05, -0.003928445745259523, -0.01697542518377304, -0.011330385692417622, 0.046855196356773376, 0.019093751907348633, -0.014075575396418571, 0.00213075359351933, -0.008396854624152184, 0.01787269115447998, -0.06651458144187927, 0.029100438579916954, -0.02354516088962555, -0.009245751425623894, -0.03327081725001335, 0.016132352873682976, 0.026631182059645653, -0.019976884126663208, 0.02640530653297901, -0.06142439320683479, 0.043677378445863724, -0.008918256498873234, -0.04226834326982498, 0.018470581620931625, -0.03369254618883133, -0.022275038063526154, 0.00965141411870718, 0.022294849157333374, -0.028206536546349525, 0.00035474856849759817, 0.0038441785145550966, 0.009768117219209671, -0.012004914693534374, -0.039994318038225174, 0.009037013165652752, 0.022705430164933205, -0.02318902686238289, -0.009215949103236198, 0.034205708652734756, -0.010196609422564507, -0.019612524658441544, -0.027535567060112953, -0.033693570643663406, 0.058741096407175064, -0.00594174861907959, -0.015219396911561489, 0.06405490636825562, 0.024060044437646866, 0.02229853719472885, -0.013753280974924564, -0.03566059097647667, 0.023315774276852608, -0.07120603322982788, -0.011315434239804745, -0.012597230263054371, 0.03153540939092636, -0.008574382402002811, 0.00039591966196894646, -0.015589098446071148, 0.041257526725530624, -0.020151857286691666, -0.007182353176176548, -0.009582673199474812, 0.019630806520581245, 0.04453989863395691, -0.0023583846632391214, 0.027676239609718323, -0.012684235349297523, 0.019856907427310944, 0.02628997154533863, -0.0036820154637098312, 0.009308824315667152, 0.04784424602985382, -0.013802304863929749, 0.011322195641696453, -0.0853741317987442, -0.019054826349020004, 0.005154481623321772, 0.015169668942689896, -0.0003431345394346863, -0.016556333750486374, 0.011801568791270256, -0.017093390226364136, -0.04312611371278763, 0.012902792543172836, -0.03312654793262482, -0.011235849931836128, 0.002746455604210496, 0.044277623295784, 0.0343051515519619, -0.009029323235154152, 0.004201551433652639, -0.0023468376602977514, -0.022118277847766876, -0.010149408131837845, 0.009546094574034214, -0.005740067455917597, -0.020390216261148453, -0.02644665166735649, 0.016206195577979088, -0.0020878640934824944, 0.0368800163269043, -0.016411930322647095, 0.006281435023993254, -0.04161893576383591, -0.0024649850092828274, -0.017951132729649544, 0.0006788225728087127, 0.027325725182890892, 0.009616509079933167, -0.016751302406191826, 0.004179185256361961, -0.0036547398194670677, -0.020674431696534157, -0.05619502067565918, 0.019339067861437798, -0.001887462567538023, 0.03192906454205513, 0.017385801300406456, 0.092179074883461, -0.004923996515572071, -0.0007663951837457716, -0.011266250163316727, -0.004602340515702963, -0.15557390451431274, 0.01801721379160881, -0.03422579541802406, 0.0061643305234611034, -0.023031268268823624, 0.043359916657209396, -0.035088106989860535, -0.04251262918114662, -0.00388894765637815, -0.049251899123191833, -0.04561251774430275, 0.007598377298563719, 0.010063815861940384, 0.005627864506095648, -0.0022854311391711235, 0.003351498395204544, 0.001313667744398117, -0.005042264703661203, -0.011113690212368965, 0.08120286464691162, 0.011182049289345741, -0.017832398414611816, 0.06641363352537155, 0.0019283461151644588, 0.0052300551906228065, -0.01003724243491888, -0.04492039233446121, -0.007888601161539555, -0.027182521298527718, 0.03599394112825394, -0.013048487715423107, -0.02663591131567955, 0.044072963297367096, 0.04265637695789337, -0.01810721680521965, 0.007245080079883337, 0.03255961090326309, -0.0028802421875298023, -0.005147018004208803, 0.019567975774407387, -0.003715894417837262, 0.013676152564585209, -0.040612123906612396, 0.04057640954852104, -0.0028624667320400476, 0.06715075671672821, 0.03051905892789364, -0.04135185852646828, -0.06365182250738144, 0.016770290210843086, -0.004092743620276451, -0.014428974129259586, -0.00977593194693327, 0.06828945875167847, 0.009886810556054115, -0.014160859398543835, -0.008497725240886211, -0.010144706815481186, -0.044408801943063736, 0.04898785799741745, 0.002719215815886855, -0.0011111404746770859, -0.012133426032960415, -0.02380557544529438, -0.0381157249212265, 0.030820675194263458, -0.031798653304576874, -0.004861435852944851, -0.007353341672569513, -0.0034589546266943216, -0.03555025905370712, -0.011655726470053196, 0.00592500064522028, -0.002207086654379964, -0.008607950992882252, -0.011318059638142586, 0.004306245129555464, 0.020121779292821884, -0.041998378932476044, -0.0125115429982543, -0.009648310020565987, -0.0012130691902711987, -0.030779996886849403, -0.008775117807090282, 0.03314397856593132, 0.01658664457499981, -0.018992029130458832, -0.008115120232105255, -0.04352548345923424, -0.0002609119692351669, -0.02884230948984623, -0.03420133888721466, 0.006865429691970348, 0.013605177402496338, -0.022729817777872086, 0.025284048169851303, 0.010530802421271801, 0.005133713595569134, 0.027970092371106148, -0.04065541550517082, 0.024550266563892365, -0.009974836371839046, 0.0317484475672245, 0.024325070902705193, -0.03037242777645588, 0.016323784366250038, -0.03335629776120186, 0.024730244651436806, 0.036585427820682526, -0.033538274466991425, -0.05490710586309433, 0.006662372965365648, 0.005315567832440138, -0.0031195895280689, 0.0036235270090401173, -0.0007437367457896471, 0.03974241018295288, 0.036797188222408295, -0.03859194740653038, -0.008295917883515358, -0.013587714172899723, -0.003766766283661127, 0.036505136638879776, -0.03991099074482918, 0.0138662438839674, 0.06622825562953949, 0.02479352056980133, 0.03383749723434448, -0.0011246229987591505, -0.02314133010804653, 0.057023897767066956, -0.017704563215374947, 0.03588610142469406, 0.030570542439818382, 0.036818500608205795, -0.04906528443098068, -0.01362071093171835, 0.03808661922812462, -0.07355641573667526, -0.03198765963315964, 0.029185151681303978, -0.04523168504238129, 0.022310294210910797, -0.01916242018342018, -0.014782348647713661, 0.006934204138815403, -0.007961004972457886, 0.01181623712182045, 0.027754273265600204, -0.05525007098913193, -0.0119072450324893, -0.0476389154791832, -0.0295649953186512, 0.08030425012111664, -0.014093127101659775, 0.00868823379278183, -0.01267059426754713, 0.011773224920034409, -0.037448540329933167, 0.00429212860763073, 0.018754124641418457, -0.06746136397123337, -0.011177467182278633, -0.02786843851208687, -0.022694885730743408, 0.017850657925009727, -0.0016058124601840973, -0.01614687219262123, -0.007952534593641758, 0.012896783649921417, 0.013134733773767948, 0.048018679022789, 0.0005385247641243041, -0.010719064623117447, 0.05892390012741089, -0.05217108875513077, -0.004352082498371601, 0.005448395851999521, 0.04423878341913223, 0.009173146449029446, 0.030923105776309967, -0.00899530854076147, 0.06048612296581268, 0.03898913040757179, -0.032035838812589645, 0.032949890941381454, -0.019800884649157524, -0.015763508155941963, 0.0004238930996507406, -0.025151798501610756, -0.007096283137798309, 0.027815531939268112, -0.007244808133691549, 0.011031187139451504, 0.023213451728224754, 0.003775786142796278, 0.0008514917572028935, 0.00984951201826334, -0.013402878306806087, 0.03690526634454727, -0.047313250601291656, -0.011138449423015118, 0.0014060607645660639, -0.028020920231938362, -0.006798979826271534, 0.0022957634646445513, -0.033640917390584946, -0.011001884937286377, -0.0005863156984560192, 0.03257297724485397, -0.010968072339892387, 0.016366563737392426, -0.02322528325021267, 0.044810544699430466, 0.018250934779644012, -0.011183308437466621, 0.005201342515647411, -0.013236491940915585, 0.010582822374999523, 0.03928983956575394, 0.02721039392054081, 4.97132059535943e-05, -0.0003345860168337822, 0.008724105544388294, -0.07425783574581146, -0.0049402425065636635, -0.008030329830944538, 0.027569960802793503, 0.026079639792442322, 0.019689146429300308, -0.02440826967358589, -0.006288481876254082, -0.006732876878231764, 0.008478229865431786, 0.02437995746731758, 0.003153512254357338, 0.018259672448039055, 0.003608877304941416, -0.016233395785093307, 0.0015659946948289871, 0.0176653191447258, -0.004542621783912182, 0.01511122565716505, -0.01254517026245594]",,
