entry_id,entry_type,parent_id,title,description,metadata,version,text_content,code_content,sparse_title_description,dense_text_content,dense_code_snippet,tag
15_1_0_errors_invalid_use_server_value_mdx,document,,"Invalid ""use server"" Value",,{'related_links': []},15.1.0,"## Why This Error Occurred

This error occurs when a `""use server""` file exports a value that is not an async function. It might happen when you unintentionally export something like a configuration object, an arbitrary value, or missed the `async` keyword in the exported function declaration.

These functions are required to be defined as async, because `""use server""` marks them as [Server Actions](/docs/app/building-your-application/data-fetching/server-actions-and-mutations) and they can be invoked directly from the client through a network request.

Examples of incorrect code:

```js
'use server'

// ❌ This is incorrect: only async functions are allowed.
export const value = 1

// ❌ This is incorrect: missed the `async` keyword.
export function getServerData() {
  return '...'
}
```

Correct code:

```js
'use server'

// ✅ This is correct: an async function is exported.
export async function getServerData() {
  return '...'
}
```

## Possible Ways to Fix It

Check all exported values in the `""use server""` file (including `export *`) and make sure that they are all defined as async functions.

## Useful Links

- [Server Actions and Mutations - Next.js](/docs/app/building-your-application/data-fetching/server-actions-and-mutations)
- ['use server' directive - React](https://react.dev/reference/react/use-server)",,"[(np.int64(71), np.float64(0.009813562035560608)), (np.int64(4032), np.float64(0.21705672144889832)), (np.int64(7013), np.float64(0.16828203201293945)), (np.int64(10723), np.float64(0.2494446039199829)), (np.int64(190060), np.float64(0.24599839746952057))]","[-0.004063967615365982, 0.018552273511886597, -0.06492636352777481, 0.041375886648893356, -0.0193723626434803, -0.008860048837959766, -0.031002625823020935, 0.03681143373250961, -0.020703239366412163, 0.007380477152764797, 0.02472071722149849, 0.007372464518994093, -0.010408512316644192, 0.0025487022940069437, -0.0005375860491767526, 0.018000302836298943, 0.007827450521290302, 0.03293103352189064, 0.0305685643106699, 0.04952603578567505, -0.015066706575453281, 0.006591965910047293, 0.046064022928476334, -0.01688576675951481, 0.004557344131171703, 0.026370657607913017, 0.008227085694670677, -0.007350053638219833, 0.0214588213711977, 0.007605646271258593, 0.029110480099916458, 0.011972061358392239, -0.00691292155534029, -0.021703727543354034, -0.051247864961624146, -0.00970891397446394, -0.01752951554954052, 0.03314667567610741, -0.00918029248714447, 0.052267253398895264, -0.028235318139195442, 0.008028036914765835, -0.010223178192973137, -0.06392311304807663, 0.02455928921699524, -0.04601680859923363, 0.021362222731113434, -0.023356715217232704, -0.05353621393442154, -0.012544757686555386, -0.037510666996240616, -0.0026287573855370283, 0.059254031628370285, -0.054377131164073944, 0.06733435392379761, 0.011681025847792625, -0.04106255993247032, 0.01581934094429016, -0.03649892285466194, 0.024409007281064987, -0.019180241972208023, -0.04729529842734337, -0.02231847681105137, 0.0055288346484303474, -0.021933505311608315, 0.0415830984711647, 0.006639081984758377, 0.013331172987818718, -0.027832528576254845, -0.03135622292757034, 0.00716034509241581, 0.05883469432592392, -0.03493581339716911, -0.02196899615228176, -0.03721919655799866, 0.011464886367321014, 0.027787579223513603, -0.008883340284228325, 0.01978074200451374, 0.02068514935672283, 0.0008590483921580017, -0.02751937322318554, -0.024552850052714348, -0.00048198498552665114, 0.023852242156863213, -0.010301445610821247, -0.07551805675029755, 0.038703203201293945, 0.011317266151309013, 0.007955636829137802, -0.006494609173387289, -0.019192468374967575, 0.04664614051580429, -0.008463231846690178, 0.019141826778650284, 0.01477764267474413, -0.02215297520160675, 0.017656119540333748, 0.07345929741859436, 0.006181628908962011, 0.014035148546099663, 0.003378299530595541, -0.05213011056184769, -0.059048235416412354, 0.07483149319887161, 0.018444379791617393, 0.0506802573800087, -0.02648727223277092, -0.01219190750271082, -0.025366805493831635, 0.005308947991579771, 0.005348981823772192, 0.007906242273747921, -0.018438594415783882, -0.006298068445175886, -0.013452964834868908, 0.028735745698213577, 0.02350742742419243, 0.06438538432121277, 0.01927180029451847, 0.007531160954385996, 0.041570305824279785, 0.01762331649661064, -0.0015110514359548688, -0.026945102959871292, 0.0188877172768116, -0.05881103500723839, 0.035245150327682495, -0.0016660549445077777, 0.04720347374677658, 0.03008618950843811, 0.018529340624809265, -0.011441373266279697, -0.04054117575287819, -0.04888186976313591, 0.042895350605249405, -0.027134770527482033, 0.02508249506354332, 0.023169945925474167, -0.05782004073262215, -0.004430337343364954, -0.026156974956393242, -0.019564131274819374, -0.0030992019455879927, 0.033672675490379333, -0.017203399911522865, 0.06419553607702255, 0.00613795593380928, -0.010227668099105358, -0.02722335234284401, 0.006833943072706461, -0.008780413307249546, -0.00012966479698661715, -0.06262670457363129, 0.017731787636876106, -0.05050291866064072, -0.009384306147694588, -0.006481146905571222, -0.01078786514699459, -0.0017335152952000499, 0.00879369955509901, 0.031060360372066498, -0.04373222962021828, 0.031417302787303925, 0.04851425439119339, -0.020703857764601707, -0.021918976679444313, 0.024384330958127975, -0.030222563073039055, -0.06936545670032501, -0.002201286843046546, -0.00965614803135395, 0.03638032078742981, -0.04837176948785782, 0.009833297692239285, 0.04812559857964516, 0.06087760999798775, -0.011189265176653862, 0.02974201738834381, -0.03490019589662552, -0.019132470712065697, 0.029108121991157532, -0.0013251099735498428, -0.02796449139714241, -0.010501313023269176, -0.045110199600458145, 0.006725203711539507, -0.028623882681131363, -0.026280105113983154, -0.003064150223508477, -0.03398805856704712, -0.015757868066430092, 0.07319752871990204, 0.07497837394475937, -0.01831466145813465, -0.005016237497329712, 0.0033318758942186832, -0.027736563235521317, 0.027536490932106972, 0.023637909442186356, -0.043555427342653275, 0.007160531356930733, 0.022941522300243378, 0.01603587344288826, -0.0012106264475733042, -0.006083894055336714, -0.0015623335493728518, -0.03359144926071167, 0.01573660969734192, -0.02471074089407921, 0.007664830423891544, -0.013728686608374119, -0.03164709731936455, -0.041733477264642715, -0.04014425724744797, 0.02381812408566475, -0.002984169637784362, 0.026115814223885536, -0.025466781109571457, -0.025456706061959267, -0.04674365371465683, 0.038033436983823776, -0.021674323827028275, 0.03348531946539879, 0.0034676624927669764, 0.038236040621995926, 0.06832966953516006, 0.009883254766464233, 0.01454067137092352, -0.003624318167567253, 0.012195618823170662, -0.007006361614912748, 0.03665842115879059, -0.018581537529826164, 0.10116187483072281, -0.018825484439730644, -0.02112656459212303, -0.00011463563714642078, -0.02933092787861824, 0.02422119304537773, -0.01841920241713524, -0.03685828298330307, 0.013677306473255157, 0.004010394215583801, -0.02210073359310627, -0.00730641046538949, 0.025710534304380417, -0.014643033966422081, -0.05544242635369301, -0.05989528447389603, 0.010343429632484913, 0.03205912560224533, 0.017286043614149094, -0.01380728930234909, 0.03319995850324631, -0.008529876358807087, 0.03861483559012413, -0.0014608027413487434, 0.013069115579128265, -0.02283225581049919, 0.014603821560740471, 0.014095923863351345, -0.008734975010156631, 0.01092234905809164, -0.010189257562160492, -0.006161494180560112, -0.05413452163338661, 0.002858459483832121, -0.0057168761268258095, -0.01531551405787468, -0.033060409128665924, 0.013948790729045868, 0.030285419896245003, 0.01251900102943182, 0.02139870636165142, 0.030501991510391235, -0.00819848757237196, -0.03551337867975235, 0.05990074574947357, 0.004178372677415609, -0.009344613179564476, 0.016393538564443588, 0.05541522428393364, -0.005388696677982807, 0.024836456403136253, -0.004468407016247511, -0.017921268939971924, -0.0635053887963295, -0.0031936164014041424, 0.01522907055914402, -0.007083856035023928, -0.026538709178566933, 0.04193621501326561, -0.001959902700036764, -0.03574087843298912, 0.03790606930851936, 0.04199717193841934, -0.14931268990039825, -0.017222417518496513, 0.01600322686135769, -0.0057379924692213535, 0.009700261056423187, 0.03034595400094986, -0.02175101824104786, -0.008384245447814465, -0.0494786761701107, 0.028755320236086845, -0.055755555629730225, -0.04350887984037399, -0.06299982219934464, -0.03307284414768219, 0.004210005514323711, -0.008793016895651817, 0.010605420917272568, 0.0018551863031461835, 0.037980251014232635, -0.011563378386199474, 0.007771258242428303, -0.004703948274254799, 0.01202428713440895, -0.012446122244000435, -0.038430310785770416, 0.003986690193414688, 0.027653763070702553, 0.025688154622912407, -0.016665782779455185, -0.025512859225273132, -0.04606500267982483, 0.011159878224134445, -0.0064116124995052814, -0.004603116307407618, 0.028913531452417374, 0.023813912644982338, 0.0592285618185997, -0.01946476846933365, 0.04220673069357872, 0.005753690376877785, 0.025814885273575783, 0.07429472357034683, -0.048727039247751236, 0.006477620452642441, 0.013599162921309471, -0.012635435909032822, -0.012650975957512856, -0.017618920654058456, -0.0192926786839962, -0.0010561547242105007, -0.009137445129454136, -0.014151740819215775, -0.002772401086986065, -0.010809412226080894, -0.012411109171807766, 0.017519507557153702, -0.009937283582985401, 0.04569035768508911, -0.02408323995769024, 0.008181647397577763, 0.010489100590348244, 0.01569582149386406, 0.0037883645854890347, -0.03118322230875492, -0.062009893357753754, 0.0018506834749132395, 0.04734724760055542, 0.026957210153341293, 0.010811612010002136, -0.04115264117717743, 0.05786916986107826, -0.007755128666758537, 0.024822628125548363, 0.046369899064302444, -0.03262525424361229, 0.02338688261806965, 0.03744925186038017, -0.0021203116048127413, -0.011479118838906288, -0.10919017344713211, -0.01210031472146511, 0.008089183829724789, 0.006970730610191822, 0.023105397820472717, -0.0124657666310668, -0.02080756239593029, 0.010049767792224884, 0.02578805387020111, 0.018462330102920532, 0.2351132333278656, 0.018512332811951637, -0.005198781378567219, 0.0287078395485878, 0.05245823413133621, -0.04631134495139122, -0.007187733426690102, -0.014494030736386776, 0.04847927764058113, -0.023908153176307678, 0.0076910206116735935, 0.036044687032699585, -0.0028115897439420223, -0.017071634531021118, -0.03653626888990402, 0.041633184999227524, -0.07092111557722092, 0.02569681964814663, 0.0482652448117733, -0.026134144514799118, 0.02990550734102726, -0.012698793783783913, 0.01783478632569313, 0.0612349659204483, -0.0719805434346199, -0.024091236293315887, -0.03704192861914635, -0.015775978565216064, -0.049331847578287125, 0.03481163829565048, -0.034877944737672806, 0.015566372312605381, 0.06754589825868607, -0.04623313993215561, -0.03243830427527428, -0.025831855833530426, 0.017178358510136604, -0.03111233562231064, -0.027516191825270653, 0.014677826315164566, 0.03613799065351486, 0.004438827279955149, 0.010003151372075081, 0.022130949422717094, -0.006695415358990431, -0.05032135918736458, -0.05046330764889717, -0.029949994757771492, 0.01782040484249592, -0.02682064101099968, -0.04006504267454147, -0.06353503465652466, 0.0004958844510838389, -0.01621568202972412, -0.04705242067575455, 0.0018815691582858562, 0.03734029084444046, 0.011670743115246296, 0.0039390986785292625, 0.033892691135406494, 0.028702296316623688, 0.02187271974980831, -0.05166085064411163, 0.05519774928689003, -0.04118909314274788, 0.01663733460009098, -0.033568933606147766, -0.049520768225193024, -0.011211267672479153, 0.041098497807979584, 0.013284514658153057, 0.0163281187415123, 0.026971226558089256, 0.030851567164063454, 0.00803912803530693, -0.028476042672991753, 0.0044797188602387905, 0.011754629202187061, -0.04848824813961983, 0.03890296444296837, -0.008022275753319263, -0.015907302498817444, -0.04077529534697533, -7.697968248976395e-05, 0.009006540291011333, -0.013769167475402355, 0.018637772649526596, 0.056950151920318604, -0.0009548533707857132, -6.071300958865322e-06, -0.008696528151631355, -0.005103734787553549, -0.03177998587489128, 0.03169550374150276, 0.000452242762548849, 0.033849820494651794, -0.0021354639902710915, 0.013607488945126534, 0.05013304576277733, -0.017716603353619576, 0.0029827281832695007, -0.02350418083369732, 0.012723252177238464, -0.021827222779393196, 0.002491583814844489, -0.054301146417856216, 0.00582532724365592, 0.005808697082102299, -0.008084647357463837, 0.03979390487074852, -0.06671393662691116, 0.017878534272313118, 0.010251500643789768, -0.028970791026949883, -0.012198125943541527, 0.045043401420116425, -0.01454981230199337, 0.012529396452009678, 0.04657871276140213, 0.019337283447384834, -0.031632281839847565, 0.00274469843134284, -0.0055015478283166885, 0.010765645653009415, 0.017766747623682022, -0.05052086338400841, -0.033157188445329666, -0.016149383038282394, 0.017126398161053658, 0.03056553564965725, 0.032478779554367065, -0.037738848477602005, 0.006263025104999542, 0.044424496591091156, 0.020936118438839912, 0.004440451040863991, -0.0068351756781339645, 0.04052535071969032, 0.00028812765958718956, 0.05287811905145645, -0.0192678514868021, -0.008419595658779144, -0.006571675185114145, 0.05163256824016571, 0.004875860642641783, 0.05406077578663826, -0.008172458037734032, 0.013488391414284706, -0.02894613705575466, 0.010897047817707062, 0.06652423739433289, 0.04079480841755867, -0.013031566515564919, -0.02224080078303814, -0.016912085935473442, -0.06328549981117249, -0.017553208395838737, -0.023912930861115456, 0.02359391748905182, 0.012280317954719067, -0.02012307196855545, -0.007692641578614712, 0.010916761122643948, 0.04012637585401535, 0.037666890770196915, 0.012596264481544495, -0.009483138099312782, -0.013790814206004143, -0.023993197828531265, -0.009918912313878536, 0.046204518526792526, -0.03257933631539345, -0.02240869030356407, 0.009352689608931541, -0.047898419201374054, -0.03564368933439255, -0.06154336407780647, 0.0010502464137971401, -0.038367860019207, -0.03980576992034912, -0.01908959448337555, -0.02762632444500923, -0.04951186850667, -0.03998924419283867, 0.029559053480625153, 0.026124190539121628, 0.03058534860610962, -0.00819479301571846, 0.014894251711666584, -0.06625442951917648, -0.004717524629086256, 0.09978364408016205, 0.022901242598891258, 0.02221992239356041, 0.030589304864406586, -0.009345653466880322, 0.05951474979519844, 0.04597709700465202, 0.0025707066524773836, -0.01753244176506996, 0.03220558539032936, -0.01518214214593172, 0.02903665602207184, 0.002599358791485429, 0.016741206869482994, -0.020164240151643753, 0.007116889115422964, -0.020885419100522995, -0.022700777277350426, 0.033695828169584274, -0.038707803934812546, 0.021297508850693703, -0.08606952428817749, 0.0068522184155881405, 0.04495300352573395, -0.051152732223272324, 0.07134419679641724, 0.024551434442400932, -0.005459167528897524, -0.00299450452439487, -0.056362252682447433, 0.004139256197959185, 0.040387995541095734, 0.011537199839949608, 0.03417889401316643, -0.004223649390041828, -0.0002228418452432379, -0.02461164817214012, 0.0009007643093355, -0.0001110968878492713, -0.01399463415145874, 0.014822902157902718, 0.0216988492757082, -0.028295427560806274, -0.023399977013468742, -0.010300667025148869, 0.003115974133834243, 0.03142784908413887, 8.919229003367946e-06, 0.005993938539177179, -0.022186294198036194, 0.026287268847227097, 0.04853320121765137, 0.030454054474830627, -0.01876845955848694, -0.027756018564105034, -0.05807673931121826, -0.03763897344470024, 0.0014540835982188582, 0.054429564625024796, 0.014891626313328743, 0.03448938950896263, 0.001130977994762361, -0.023973578587174416, 0.00018227449618279934, 0.04587245732545853, 0.012593480758368969, 0.021578604355454445, -0.020684661343693733, -0.02898106537759304, -0.025093715637922287, -0.030717886984348297, 0.014077512547373772, 0.02309448830783367, 0.022093655541539192, -0.06924541294574738, 0.007304632104933262, -0.03418221324682236, 0.009087725542485714, -0.01162966713309288, 0.005019487347453833, 0.025677500292658806, 0.004471892490983009, -0.03571224585175514, 0.023208502680063248, 0.008886781521141529, 0.03257341682910919, -0.030978823080658913, 0.035622209310531616, 0.0016321759903803468, 0.0027248284313827753, -0.03144793584942818, -0.005602719262242317, 0.03993406891822815, 0.015053576789796352, 0.04640638083219528, 0.03200013190507889, 0.014664093032479286, 0.02390960231423378, -0.036313481628894806, -0.008513747714459896, -0.008991492912173271, -0.02558261714875698, -0.02561947889626026, -0.015317707322537899, -0.017251983284950256, -0.010911407880485058, 0.01667766273021698, 0.037199921905994415, 0.021020514890551567, -0.0047028143890202045, -0.05166551470756531, -0.009504636749625206, 0.012205792590975761, -0.010956699028611183, 0.047780659049749374, -0.011379807256162167, 0.002282295376062393, 0.006602680776268244, 0.012972322292625904, 0.02377810887992382, -0.04881672188639641, 0.038001976907253265, 0.051497284322977066, 0.0331278070807457, -0.012195075862109661, 0.045462027192115784, -0.005047711078077555, 0.010336214676499367, -0.026279203593730927, 0.003728915937244892, 0.013923557475209236, -0.009316406212747097, 0.054025955498218536, -0.0147158307954669, -0.02661495842039585, 0.005379091016948223, -0.026075758039951324, -0.02098945900797844, -0.00378048955462873, -0.03410972282290459, -0.010269662365317345, -0.010748561471700668, -0.029106656089425087, 0.034942224621772766, 0.01696256920695305, -0.013308294117450714, -0.028510598465800285, 0.029849587008357048, -0.007836630567908287, -0.02041887678205967, 0.022720392793416977, 0.06182774528861046, -0.030333898961544037, -0.02186497673392296, -0.006195396184921265, -0.0015328156296163797, 0.0017745594959706068, -0.001901786308735609, -0.01326286606490612, -0.024930967018008232, 0.0031937668099999428, -0.015357225202023983, -0.04255730286240578, -0.01222628727555275, 0.0117736104875803, 0.007278645411133766, 0.06692828238010406, 0.020237896591424942, 0.0385189950466156, 0.004841831047087908, 0.05859794840216637, -0.015901489183306694, -0.020570410415530205, 0.029758097603917122, -0.006623188033699989, 0.025444699451327324, 0.018165968358516693, -0.00801487173885107, -0.0044117155484855175, -0.010910009033977985, 0.04746072366833687, 0.01782885566353798, -0.019766271114349365, 0.004318555351346731, 0.017642414197325706, -0.060624830424785614, 0.0053367032669484615, -0.01608368195593357, -0.017762603238224983, -0.0370124951004982, -0.06502681225538254, -0.03992288559675217, -0.003170825308188796, -0.0453263521194458, 0.00132509577088058, -0.011822434142231941, -0.05633072555065155, -0.025654159486293793, 0.026646075770258904, -0.008357502520084381, -0.0005551784415729344, -0.03307163715362549, 0.021199174225330353, -0.13962121307849884, 0.013253696262836456, 0.015093802474439144, 0.03645056113600731, -0.02141435071825981, -0.011933060362935066, 0.013082015328109264, -0.06161840260028839, 0.015343908220529556, -0.0462627112865448, -0.022377291694283485, 6.17895057075657e-05, 0.03322438895702362, -0.030097533017396927, 0.005818936508148909, 0.027125023305416107, 0.01353728398680687, -0.021891256794333458, -0.028219258412718773, -0.02983989007771015, 0.004572454374283552, -0.005443279631435871, 0.030195562168955803, -0.033210113644599915, -0.036307841539382935, -0.024240873754024506, 0.003864464582875371, 0.02312135137617588, -0.014044036157429218, -0.028763163834810257, 0.00996840838342905, -0.03614933416247368, 0.013811105862259865, -0.010062012821435928, 0.008896014653146267, 0.004172527231276035, 0.0010717927943915129, 0.03691054880619049, -0.024468716233968735, 0.010212928056716919, -0.009830458089709282, 0.019990703091025352, -0.060969166457653046, -0.01368727721273899, 0.03967788442969322, 0.026843717321753502, -0.03183605894446373, -0.03353499621152878, 0.0006331959739327431, -0.008544011041522026, -0.010494662448763847, 0.06061091646552086, -0.002264613751322031, -0.0009464211761951447, -0.008219171315431595, 0.035973403602838516, -0.0012187593383714557, 0.0038088334258645773, -0.019378410652279854, 0.015461166389286518, -0.028670238330960274, 0.03973006829619408, -0.03265625610947609, -0.04836581274867058, 0.03009508177638054, 0.02029632031917572, -0.059403859078884125, 0.05671115219593048, 0.004593003075569868, 0.008808575570583344, 0.0001004912774078548, -0.01882854476571083, -0.005845973733812571, -0.02712448500096798, 0.004419495817273855, 0.015665849670767784, 0.06429979205131531, -0.031506530940532684, -0.01350114680826664, 0.004646106623113155, -0.01739819534122944, -0.0413980558514595, -0.06156536564230919, 0.018851500004529953, 0.04283246397972107, 0.002483848249539733, -0.014611120335757732, 0.00041964297997765243, 0.030141359195113182, -0.05001330375671387, -0.04337065666913986, -0.010720720514655113, 0.04185269773006439, 0.02725064940750599, 0.022864850237965584, 0.02429676614701748, -0.02695208042860031, -0.012768538668751717, -0.00028088613180443645, -0.04991169273853302, 0.003986142575740814, -0.022386739030480385, 0.02318771369755268, -0.00954346638172865, -0.027190081775188446, 0.012562964111566544, 0.009850004687905312, 0.009817611426115036, 0.00583425909280777, -0.007867103442549706, -0.018117573112249374, -0.003813620423898101, -0.03976992145180702, -0.0024726451374590397, -0.06458001583814621, 0.007288677152246237, 0.0015865324530750513, 0.03285590559244156, -0.0336267426609993, -0.012807035818696022, 0.007213630713522434, -0.029633324593305588, 0.003484653076156974, -0.03395702689886093, 0.0037245131097733974, 0.032705433666706085, 0.07000719010829926, 0.01624378189444542, 0.032096583396196365, -0.020994490012526512, 0.0047120507806539536, -0.02325424551963806, -0.04616091772913933, 0.050237514078617096, 0.013139179907739162, -0.004422219004482031, -0.05117907375097275, 0.019062714651226997, -0.04745044931769371, -0.013126896694302559, 0.0007235358934849501, -0.021908894181251526, 0.02200803905725479, -0.04536047577857971, 0.005839720834046602, -0.026574401184916496, 0.03591417521238327, -0.022365594282746315, 0.00504670012742281, -0.03987579420208931, -0.00448418827727437, -0.0001454233715776354, -0.029324734583497047, 0.05145806819200516, 0.003571782261133194, 0.010690249502658844, -0.0781741663813591, 0.0019883185159415007, -0.039246492087841034, 0.010435566306114197, -0.026819489896297455, -0.006991847418248653, -0.01639394648373127, -0.019023828208446503, -0.007751441560685635, 0.009382504969835281, -0.0011287699453532696, 0.022661004215478897, 0.009895733557641506, -0.005554547067731619, 0.0028369573410600424, 0.05133841559290886, -0.0282256118953228, -0.0414828322827816, 0.018776511773467064, -0.04385501891374588, 0.013298585079610348, 0.015563787892460823, 0.027220778167247772, -0.020711001008749008, 0.01043127104640007, 0.040170084685087204, 0.04702802374958992, -0.019050896167755127, -0.006816479843109846, -0.023187587037682533, -0.02397078461945057, 0.0009036693372763693, 0.001733799697831273, -0.03103453665971756, -0.031524524092674255, -0.018045838922262192, 0.0076964437030255795, 0.01525559090077877, 0.00941430777311325, -0.029031818732619286, -0.011973975226283073, 0.024383394047617912, 0.012262696400284767, 0.05624275654554367, 0.0024663580115884542, -0.006150924600660801, 0.035545170307159424, -0.0310543030500412, 0.005693807732313871, 0.024584351107478142, -0.0012490869266912341, 0.028728419914841652, -0.03118686005473137, 0.09920003265142441, -0.02329898625612259, 0.01190356444567442, -0.0014383126981556416, 0.010095935314893723, -0.03781866654753685, -0.047317132353782654, -0.01605147495865822, 0.014255201444029808, -0.010315034538507462, 0.01227081660181284, 0.021493829786777496, -0.028974177315831184, 0.04493328556418419, -0.04299081489443779, -0.027213547378778458, 0.012788379564881325, -0.026738395914435387, -0.006489795166999102, -0.01326198410242796, -0.01104620099067688, -0.013460743241012096, -0.01123562827706337, -0.01788005232810974, 0.03486161306500435, -0.04936044663190842, 0.007823607884347439, 0.020087048411369324, 0.011126691475510597, -0.004839420318603516, 0.008973447605967522, -0.007320113014429808, -0.0013051411369815469, -0.0052202604711055756, -0.0057524326257407665]",,
15_1_0_errors_invalid_use_server_value_mdx_section_1,section,15_1_0_errors_invalid_use_server_value_mdx,"Invalid ""use server"" Value - Why This Error Occurred",,{},15.1.0,"This error occurs when a `` file exports a value that is not an async function. It might happen when you unintentionally export something like a configuration object, an arbitrary value, or missed the `` keyword in the exported function declaration.
These functions are required to be defined as async, because `` marks them as [/docs/app/building-your-application/data-fetching/server-actions-and-mutations](/docs/app/building-your-application/data-fetching/server-actions-and-mutations) and they can be invoked directly from the client through a network request.
Examples of incorrect code:
Correct code:
",,"[(np.int64(71), np.float64(0.0021144747734069824)), (np.int64(360), np.float64(0.0008976534008979797)), (np.int64(3293), np.float64(0.09536639600992203)), (np.int64(4032), np.float64(0.2520902156829834)), (np.int64(7013), np.float64(0.17871905863285065)), (np.int64(10723), np.float64(0.27063971757888794)), (np.int64(44084), np.float64(0.07570803910493851)), (np.int64(64240), np.float64(0.0671175941824913)), (np.int64(190060), np.float64(0.23038765788078308)), (np.int64(212059), np.float64(0.1977003812789917))]","[-0.013141997158527374, 0.013737530447542667, -0.028160033747553825, 0.05810556560754776, -0.032991353422403336, -0.02416028268635273, -0.031016845256090164, 0.05522971227765083, -0.022601699456572533, 0.003034133929759264, 0.02153937704861164, -0.014865742065012455, -0.005001384764909744, -0.015103880316019058, 0.011255531571805477, 0.02511722408235073, 0.019854318350553513, 0.031516097486019135, 0.0261904988437891, 0.04547189921140671, -0.01948896050453186, -0.0001757292920956388, 0.04191482812166214, -0.020059820264577866, -0.008895117789506912, 0.04554358869791031, 0.026835117489099503, -0.0036225789226591587, 0.02556365728378296, 0.010730801150202751, 0.021039366722106934, -0.0030999346636235714, -0.002907895017415285, -0.042836226522922516, -0.0398927703499794, -0.017100946977734566, -0.02434241771697998, 0.036708008497953415, -0.028102651238441467, 0.024763640016317368, -0.028519200161099434, -0.002372564049437642, -0.002057835692539811, -0.07010132074356079, 0.026776280254125595, -0.04113103821873665, 0.01670902967453003, -0.04578087106347084, -0.02054588310420513, -0.021967241540551186, -0.026681583374738693, -0.008528717793524265, 0.019259493798017502, -0.046647679060697556, 0.04914326220750809, 0.026733893901109695, -0.025859203189611435, 0.010487771593034267, -0.03857201337814331, 0.02151392586529255, -0.020074930042028427, -0.06157584488391876, -0.008329845033586025, 0.004070770461112261, -0.05345563217997551, 0.04487447813153267, 0.016550660133361816, -0.004001953639090061, -0.012038739398121834, -0.03863287717103958, 0.022927042096853256, 0.05262978747487068, -0.06771059334278107, -0.02367406338453293, -0.05414653569459915, 0.024612031877040863, 0.019118083640933037, -0.0012868475168943405, 0.032795730978250504, 0.035945918411016464, 0.027841778472065926, -0.03832387924194336, -0.021038584411144257, -0.004923190921545029, 0.014317028224468231, -0.016712496057152748, -0.0639130175113678, 0.0382009893655777, 0.024626348167657852, 0.011290807276964188, 0.004239948000758886, -0.03002300299704075, 0.040796153247356415, -0.01736028492450714, 0.01369424443691969, 0.011989017017185688, -0.03791129216551781, 0.009552785195410252, 0.03193328529596329, 0.0046285828575491905, 0.028394872322678566, 0.014612310566008091, -0.042107488960027695, -0.04251209646463394, 0.0425558015704155, 0.012858695350587368, 0.03290070593357086, -0.03608112409710884, -0.03306271880865097, -0.027837369590997696, 0.010088828392326832, 0.012656868435442448, 0.016240743920207024, -0.0006536658620461822, -0.011356472969055176, 0.0021664847154170275, 0.0024026595056056976, 0.02179841510951519, 0.047932326793670654, 0.03351704776287079, 0.009463047608733177, 0.023738354444503784, 0.04269295185804367, -0.01081536989659071, -0.04494650661945343, 0.00779442535713315, -0.029560286551713943, 0.02230878360569477, -0.022692054510116577, 0.05626944452524185, 0.029292874038219452, 0.02726045250892639, 0.008471036329865456, -0.06745722889900208, -0.048346687108278275, 0.032388895750045776, -0.007074515800923109, 0.015382034704089165, 0.036999303847551346, -0.04970622807741165, 0.003189963987097144, -0.041418205946683884, -0.020078027620911598, -0.00025914685102179646, 0.03471279516816139, -0.03043988160789013, 0.07479196041822433, 0.013313664123415947, -0.024703150615096092, -0.031157121062278748, 0.016229115426540375, -0.001346637960523367, -0.011277476325631142, -0.041318055242300034, 0.019256798550486565, -0.06626200675964355, -0.0029697022400796413, -0.013617456890642643, -0.0007872619898989797, 0.028241293504834175, -0.029259901493787766, 0.019858043640851974, -0.02668592520058155, 0.020270904526114464, 0.008851851336658001, -0.01155981607735157, -0.02241823635995388, 0.041686251759529114, -0.042949095368385315, -0.07398921996355057, 0.03823688253760338, -0.016129283234477043, 0.043652333319187164, -0.030445540323853493, 0.012228032574057579, 0.05665990337729454, 0.09480810165405273, -0.012132038362324238, 0.0016505516832694411, -0.028645645827054977, -0.03288855403661728, 0.020616384223103523, -0.016237732023000717, 0.0005811575683765113, -0.007050492335110903, -0.02707681618630886, -0.0009468536009080708, 0.006635514087975025, -0.035027600824832916, -0.00394172640517354, -0.019098201766610146, 0.002101056044921279, 0.0551581047475338, 0.07707540690898895, -0.032104961574077606, -0.017099132761359215, -0.001658582012169063, 0.011686155572533607, 0.016779383644461632, 0.01801438443362713, -0.02425827644765377, 0.003633176675066352, 0.037411317229270935, -0.014240696094930172, 0.020234087482094765, 0.008393936790525913, -0.013583903200924397, -0.04209040850400925, 0.010823587886989117, -0.017429126426577568, 0.008997294120490551, -0.014463389292359352, -0.04225754365324974, -0.012236970476806164, -0.05317261815071106, -0.014299144968390465, -0.010189102962613106, 0.023324649780988693, -0.024435460567474365, -0.037475064396858215, -0.04428373649716377, 0.0023475689813494682, 0.006071561947464943, 0.04795355722308159, 0.008852104656398296, 0.02703949250280857, 0.0506492480635643, 0.021966956555843353, 0.036630935966968536, -0.04062506929039955, 0.002387855900451541, -0.015737373381853104, 0.031636688858270645, -0.021703649312257767, 0.10281407833099365, -0.03568336367607117, 0.0001669890625635162, 0.025577964261174202, -0.018307330086827278, -0.01046752743422985, -0.04041007161140442, -0.010694936849176884, 0.01821589283645153, 0.006113764364272356, -0.0013850752729922533, 0.002830555196851492, -0.004904436878859997, -0.01858999952673912, -0.04096478596329689, -0.07152187824249268, 0.03569325432181358, 0.005427302792668343, 0.037221942096948624, -0.004663043189793825, 0.004500945098698139, 0.00024268993001896888, 0.025160223245620728, 0.0344250351190567, -0.010677911341190338, -0.033896103501319885, 0.015299774706363678, 0.020620854571461678, -0.013370837084949017, 0.013895470649003983, -0.006153963040560484, -0.006162814795970917, -0.04762562736868858, -0.026064960286021233, 0.03044961579144001, -0.03903885930776596, -0.03284561634063721, -0.013945729471743107, 0.012995920144021511, 0.003910643979907036, 0.028516143560409546, 0.027441509068012238, -0.017203181982040405, -0.04407600313425064, 0.05570776388049126, 0.015314266085624695, 0.003926984965801239, 0.044166333973407745, 0.0642721876502037, -9.682021482149139e-05, 0.006397560238838196, 0.004750928375869989, -0.04451734945178032, -0.07350392639636993, -0.009333567693829536, -0.009257303550839424, -0.014258882030844688, -0.026967620477080345, 0.044032324105501175, -0.010945599526166916, -0.05700046196579933, 0.0113808773458004, 0.030178196728229523, -0.1562638133764267, -0.0026462001260370016, 0.022882698103785515, 0.011625544168055058, 0.017826292663812637, 0.04410974681377411, -0.017254965379834175, -0.02453664131462574, -0.0290786512196064, 0.028123261407017708, -0.0327683761715889, -0.04943425580859184, -0.04617796838283539, -0.03516145050525665, 0.04396405816078186, 0.002640986815094948, 0.01191862765699625, 0.03544047102332115, 0.031083445996046066, -0.0033625077921897173, 0.006750152911990881, -0.015564346686005592, 0.005636417306959629, -0.017748817801475525, 0.010599344037473202, 0.02241029590368271, 0.046576619148254395, 0.004063183907419443, 0.0022088761907070875, -0.027250420302152634, -0.05071045830845833, 0.05593094602227211, -0.005061998497694731, -0.005719290114939213, 0.014093466103076935, 0.03333352506160736, 0.06269524246454239, -0.007394279818981886, 0.02062593214213848, 0.016106048598885536, 0.009086204692721367, 0.05084311217069626, -0.03305266797542572, 0.03336896374821663, -0.0018892450025305152, -0.001709310687147081, 0.004220549017190933, -0.04710881784558296, -0.0209322702139616, 0.022510584443807602, 0.00502684386447072, -0.03610498458147049, 0.0060574086382985115, -0.03290342912077904, -0.03481990471482277, 0.015967518091201782, 0.00700732646510005, 0.04466293007135391, -0.04630240052938461, 0.027653899043798447, 0.006294595077633858, 0.006542070768773556, -0.003525473875924945, 0.0020936422515660524, -0.05862202122807503, 0.016780227422714233, 0.06286410242319107, 0.032389044761657715, -0.005228056572377682, -0.026161542162299156, 0.03726614639163017, 0.006733679678291082, 0.01793045923113823, 0.02982686087489128, -0.05117693915963173, -0.0007639575633220375, 0.024195294827222824, 0.03760765120387077, -0.03604050353169441, -0.09895703196525574, -0.0430569089949131, -0.01695340871810913, -0.011926470324397087, 0.02730404958128929, -0.014839445240795612, -0.023704851046204567, 0.0292713213711977, 0.026497291401028633, -0.004773295484483242, 0.22972092032432556, 0.013539979234337807, 0.0031498344615101814, 0.024841053411364555, 0.06483501195907593, -0.012894040904939175, -0.017693428322672844, 0.012177699245512486, 0.02742495760321617, -0.036121852695941925, 0.010960761457681656, 0.012336351908743382, -0.027317004278302193, -0.04031111299991608, -0.025348396971821785, 0.007765427231788635, -0.07404281944036484, 0.002787084085866809, 0.05662354454398155, -0.014142464846372604, 0.012026779353618622, -0.04160280525684357, 0.04936948046088219, 0.04415089637041092, -0.07654395699501038, -0.030112339183688164, -0.03627629578113556, -0.013481157831847668, -0.04615430533885956, 0.05513285472989082, -0.039684440940618515, -0.0015414385125041008, 0.06706489622592926, -0.044148560613393784, -0.00897559616714716, -0.009240481071174145, 0.01799599453806877, -0.011504488997161388, -0.052039239555597305, 0.0043858932331204414, 0.030574459582567215, 0.0038529401645064354, 0.01504526287317276, 0.01064214762300253, -0.0422418974339962, -0.04838979244232178, -0.028814444318413734, -0.015547496266663074, -0.0008069586474448442, -0.02464008517563343, -0.010211474262177944, -0.0357564352452755, -0.016414493322372437, -0.011285985819995403, -0.029284946620464325, 0.025808338075876236, 0.01625514030456543, 0.033404916524887085, -0.007193550001829863, 0.03622787445783615, 0.041943419724702835, 0.018783316016197205, -0.04412296041846275, 0.060801323503255844, -0.05013500154018402, 0.015623657032847404, -0.030886780470609665, -0.07358074933290482, -0.022617453709244728, 0.045320335775613785, 0.023519987240433693, 0.005500230006873608, 0.02340526692569256, 0.019444657489657402, 0.02779361419379711, -0.035265542566776276, 0.025735270231962204, 0.029202045872807503, -0.04799606278538704, 0.025431305170059204, -0.01772899180650711, -0.027842465788125992, -0.02961772494018078, 0.015376848168671131, 0.0029910949524492025, -0.01027467381209135, -0.001878003473393619, 0.04351401329040527, -0.029669785872101784, 0.00650296313688159, -0.02334924228489399, 0.00419164914637804, -0.036627233028411865, 0.010020324029028416, -0.0036518832203000784, 0.01584535650908947, -0.0007686144090257585, 0.014380048960447311, 0.0284318458288908, -0.01888149231672287, -0.021077511832118034, -0.014874736778438091, 0.023086315020918846, -0.005709538701921701, 0.016026571393013, -0.0191800594329834, 0.005922136828303337, -0.018151232972741127, -0.022843310609459877, 0.02449142001569271, -0.06325451284646988, 0.011611930094659328, -0.0114935003221035, -0.048424892127513885, 0.008358888328075409, 0.0827474370598793, 0.011897820979356766, 0.011485238559544086, 0.05443985015153885, 0.0015081462915986776, -0.026164187118411064, -0.026433151215314865, 0.016425790265202522, 0.025097837671637535, -0.011247648857533932, -0.0470210425555706, -0.04440818727016449, 0.006004053633660078, -0.0006244180840440094, 0.02443884313106537, 0.029487624764442444, -0.035848382860422134, -0.024938881397247314, 0.043396323919296265, 0.025883225724101067, 0.03766462579369545, 0.025919044390320778, 0.03631803020834923, -0.015690533444285393, 0.050266534090042114, -0.012200463563203812, 0.009176202118396759, -0.024445559829473495, 0.05502498522400856, 0.0018025925382971764, 0.022305581718683243, -0.00907221157103777, 0.020155230537056923, -0.007890405133366585, 0.0008521542185917497, 0.059683479368686676, 0.015308807604014874, -0.017801882699131966, -0.027513645589351654, 0.004479280672967434, -0.07425054907798767, -0.028451036661863327, -0.006865379400551319, 0.03383193910121918, 0.0019235332729294896, -0.006400723941624165, -0.017438465729355812, 0.0395783856511116, 0.05795811116695404, 0.038513313978910446, -0.0008929236209951341, -0.016764270141720772, -5.896899529034272e-05, -0.038189034909009933, -0.02561151050031185, 0.009253274649381638, -0.015991801396012306, -0.01743285544216633, 0.024423275142908096, -0.038059964776039124, -0.016859274357557297, -0.03564021363854408, -0.0026080396492034197, -0.046430349349975586, -0.009324218146502972, -0.02008131332695484, 0.0001640968257561326, -0.055917270481586456, -0.003038696013391018, 0.027478588744997978, 0.0012508443323895335, -0.0024064991157501936, -0.017214739695191383, 0.015187276527285576, -0.052681904286146164, -0.024003712460398674, 0.11971977353096008, -0.003881170181557536, 0.00892963632941246, 0.03485115244984627, 0.03370332345366478, 0.03185565769672394, 0.03886888176202774, 0.008363353088498116, -0.0004917500773444772, 0.037409570068120956, -0.009153001010417938, 0.01637405902147293, -0.01871415041387081, -0.00243029254488647, -0.024562254548072815, -0.035847559571266174, -0.0018720789812505245, -0.016271311789751053, 0.05684731900691986, -0.018526509404182434, 0.031384166330099106, -0.07282751053571701, -0.006886138580739498, 0.029716430231928825, -0.02231183834373951, 0.04254107177257538, 0.046002328395843506, 0.0292190071195364, -0.02111990749835968, -0.05621859058737755, 0.0013792392564937472, 0.032584454864263535, 0.008121923543512821, 0.03679424896836281, 0.02908044494688511, 0.016498403623700142, -0.03667436167597771, 0.010347547009587288, 0.012862792238593102, -0.007862640544772148, 0.018200427293777466, 0.00556529127061367, -0.02378455363214016, -0.014956659637391567, 0.0055590127594769, -0.01504114642739296, 0.010106269270181656, -0.023111753165721893, -0.013338369317352772, -0.018541458994150162, 0.040340714156627655, 0.04381675645709038, 0.054896797984838486, -0.009397719986736774, -0.014238853007555008, -0.051012374460697174, -0.07050810009241104, -0.027333376929163933, 0.0495169572532177, -0.0007423089700751007, 0.04075383022427559, -0.014376891776919365, -0.02879469469189644, 0.012945679016411304, 0.01741381734609604, 0.0018428693292662501, 0.0011590705253183842, -0.03493903577327728, -0.017846262082457542, -0.023148754611611366, -0.01926189847290516, 0.005692212842404842, 0.007110854145139456, 0.02913649193942547, -0.05651616305112839, 0.021720705553889275, -0.04961129277944565, -0.009985363110899925, -0.011052129790186882, -0.012056862004101276, 0.010566802695393562, -0.0027031826321035624, -0.033406298607587814, 0.011574896983802319, 0.004304057918488979, 0.00457495404407382, -0.021274391561746597, 0.02533646486699581, -0.016287175938487053, 0.00932734552770853, -0.004018908832222223, -0.011582178063690662, 0.023962603881955147, 0.016234690323472023, 0.04914010316133499, 0.03114241175353527, 0.009862210601568222, 0.04820707067847252, -0.059956278651952744, -0.010411163792014122, -0.029096653684973717, -0.033324163407087326, -0.022019699215888977, -0.029598603025078773, -0.006216792855411768, -0.010224188677966595, 0.013549910858273506, 0.016501344740390778, 0.02811380848288536, -0.0032099520321935415, -0.035898178815841675, -0.006910087540745735, 0.002688837703317404, -0.00015991645341273397, 0.03702189400792122, -0.009456253610551357, -0.011407319456338882, 0.010883990675210953, 0.03383173421025276, 0.041386678814888, -0.04127734526991844, 0.0045441072434186935, 0.058023806661367416, 0.014321901835501194, -0.024215592071413994, 0.03344244509935379, 0.016519317403435707, 0.02355189062654972, -0.053802818059921265, 0.011012955568730831, 0.02545759454369545, 0.011143607087433338, 0.03715080767869949, -0.002459172857925296, -0.021734340116381645, 0.00848826952278614, 0.001974706305190921, -0.0223820973187685, -0.035933565348386765, -0.053964998573064804, -0.020912325009703636, 0.00649046478793025, -0.010473242029547691, 0.04113084822893143, -0.0017917241202667356, -0.018644733354449272, -0.040079932659864426, 0.04001346603035927, 0.0025062267668545246, 4.223218638799153e-06, 0.016140514984726906, 0.05716485157608986, -0.012359979562461376, -0.0027736162301152945, -0.051133494824171066, 0.0038734034169465303, 0.007836337201297283, 0.021437985822558403, -0.012546894140541553, -0.04190007224678993, -0.011253231205046177, -0.004440985154360533, -0.01901685819029808, -0.010526281781494617, -0.0028975922614336014, 0.017509082332253456, 0.05246010795235634, -0.0019034905126318336, 0.041856005787849426, 0.014433852396905422, 0.047170087695121765, -0.010317092761397362, -0.03759904205799103, 0.040201760828495026, -0.024834491312503815, 0.020648334175348282, 0.012399529106914997, -0.017773937433958054, 0.01903957687318325, -0.020952152088284492, 0.04688518866896629, 0.028233427554368973, 0.0063806879334151745, -0.0049129207618534565, 0.021846836432814598, -0.027121374383568764, 0.010687530040740967, -0.005488469265401363, -0.022659655660390854, -0.022929424419999123, -0.046520624309778214, -0.02701198309659958, 0.0010569349396973848, -0.04967397823929787, -0.010116278193891048, 0.0008035469218157232, -0.060214731842279434, -0.03573158383369446, 0.02384440414607525, -0.013273793272674084, -0.0006188540137372911, -0.03243745118379593, 0.004776365589350462, -0.14896415174007416, 0.018019309267401695, -0.01059853658080101, 0.03100626729428768, -0.001577866612933576, -0.006262595299631357, 0.013140317052602768, -0.059411611407995224, 0.02744026482105255, -0.038268081843853, -0.005258872173726559, -0.0011016076896339655, 0.03837676718831062, -0.016671163961291313, -0.025188565254211426, 0.04319525510072708, 0.009624900296330452, -0.02385108545422554, 0.005002512130886316, -0.03415093943476677, 0.004498292692005634, -0.010490655899047852, 0.02389235980808735, -0.02725757099688053, -0.011028667911887169, -0.014804324135184288, -0.021459924057126045, -0.00503592798486352, -0.006167703308165073, -0.022115280851721764, -0.004198845475912094, -0.02569224126636982, 0.01757105253636837, -0.013614119961857796, -0.0051116072572767735, 0.0107012540102005, 0.0035717985592782497, 0.025007467716932297, -0.022898757830262184, 0.0007911118445917964, -0.014706303365528584, 0.016874389722943306, -0.026976894587278366, 0.007126680575311184, 0.06074480339884758, 0.008138859644532204, -0.002070819027721882, -0.02376381866633892, -0.009237892925739288, -0.005410469602793455, -0.044065479189157486, 0.038415566086769104, -0.02456686645746231, 0.0052916319109499454, -0.012249287217855453, 0.02606780081987381, -0.02131797932088375, 0.00262079737149179, -0.042279113084077835, 0.008164859376847744, -0.054150089621543884, 0.041425157338380814, -0.03041536547243595, -0.043037641793489456, 0.033815428614616394, 0.029813185334205627, -0.03696753457188606, 0.02571777254343033, -0.013697119429707527, 0.019570859149098396, -0.021705305203795433, -0.015024912543594837, -0.001656242529861629, -0.016884492710232735, 0.00910649448633194, 0.02053544670343399, 0.07060642540454865, -0.004076635465025902, 0.009098456241190434, -0.0033463044092059135, -0.04505335912108421, -0.013872289098799229, -0.0458623543381691, 0.010907641611993313, 0.03747983276844025, -0.014474768191576004, -0.020833730697631836, 0.03804563358426094, 0.03656081110239029, -0.02624552883207798, -0.058740437030792236, -0.012623941525816917, 0.037965286523103714, 0.014093278907239437, 0.012968751601874828, 0.02463657595217228, -0.03500336408615112, -0.021522054448723793, 0.0062140715308487415, -0.0321735255420208, 0.009132272563874722, 0.010142747312784195, 0.0074439519084990025, 0.007241168059408665, -0.026260729879140854, 0.030654918402433395, 0.015418515540659428, 0.004069778136909008, -0.010608430951833725, -0.0038605567533522844, 0.001939891604706645, -0.0016775012481957674, -0.03142072260379791, -0.013207266107201576, -0.05224377661943436, 0.013955682516098022, 0.03285779803991318, 0.010070513933897018, -0.01795100048184395, -0.0037116222083568573, 0.015255178324878216, -0.03756369650363922, -0.012521117925643921, -0.04111070930957794, 0.023048240691423416, 0.010346678085625172, 0.04921041801571846, 0.026943668723106384, 0.021679546684026718, -0.024294091388583183, 0.011322015896439552, -0.029840653762221336, -0.04336255043745041, 0.058080144226551056, 0.043790534138679504, -0.006606122013181448, -0.021308567374944687, 0.04667622596025467, -0.07826416194438934, -0.021935710683465004, 0.025574184954166412, -0.02398374117910862, 0.025533149018883705, -0.0409671887755394, 0.027386106550693512, -0.06208331882953644, 0.039901912212371826, -0.03623523563146591, 0.009597526863217354, -0.026024963706731796, -0.001271833200007677, 0.0020873036701232195, -0.008977603167295456, 0.03630545362830162, 0.005482085514813662, 0.011132595129311085, -0.05466872453689575, -0.002577893203124404, -0.0595872662961483, 0.03119887039065361, -0.007302095182240009, -0.0347193144261837, -0.012960145249962807, -0.0021229851990938187, -0.0043872338719666, 0.020329946652054787, 0.003230683272704482, 0.030947310850024223, 0.028105877339839935, 0.02828807942569256, -0.0160348042845726, 0.030062904581427574, -0.014562675729393959, -0.029351558536291122, 0.032082539051771164, -0.04295589029788971, 0.019922928884625435, 0.019654972478747368, 0.005285513121634722, -0.01043695118278265, 0.005954618565738201, 0.04181725159287453, 0.054068852216005325, -0.013003818690776825, -0.005265898071229458, 0.0026306817308068275, -0.007177702151238918, 0.032111313194036484, -0.018827345222234726, -0.03854722902178764, -0.049461282789707184, 0.010145068168640137, -0.0009881887817755342, 0.03405667841434479, 0.005247731227427721, -0.016439329832792282, -0.0030198872555047274, 0.03884296491742134, -0.005036391783505678, 0.0541582927107811, -0.0003459920408204198, 0.033979497849941254, 0.036555398255586624, -0.03302875906229019, -0.0007812859839759767, -0.0036340486258268356, -0.018555868417024612, 0.02393152564764023, -0.04116465523838997, 0.08009066432714462, 0.0006190864369273186, 0.02209584228694439, -0.006914997007697821, -0.0007509899442084134, -0.022915665060281754, -0.05919919162988663, -0.016707206144928932, -0.005356209352612495, 0.0032462459057569504, 0.002244030125439167, 0.026377933099865913, -0.015953941270709038, 0.025300243869423866, -0.031790778040885925, -0.03809802606701851, 0.0207880437374115, -0.06125521659851074, -0.0037142166402190924, -0.010248120874166489, -0.0005132638616487384, -0.021234193816781044, -0.037259481847286224, 0.008345501497387886, 0.013597408309578896, -0.03304949775338173, 0.0017648609355092049, 0.007881361991167068, 0.037096213549375534, 0.023932436481118202, 0.007344172336161137, 0.005808827932924032, 0.02098897658288479, 0.01312283705919981, 0.004540004301816225]",,
15_1_0_errors_invalid_use_server_value_mdx_section_1_code_1,code_snippet,15_1_0_errors_invalid_use_server_value_mdx_section_1,Why This Error Occurred - code_1,,"{'programming_language': 'js', 'filename': None, 'switcher': False}",15.1.0,,"'use server'

// ❌ This is incorrect: only async functions are allowed.
export const value = 1

// ❌ This is incorrect: missed the `async` keyword.
export function getServerData() {
  return '...'
}
","[(np.int64(7), np.float64(0.14090503752231598)), (np.int64(86), np.float64(0.2150748074054718)), (np.int64(438), np.float64(0.17161288857460022)), (np.int64(1647), np.float64(0.22756026685237885))]",,"[-0.003062991425395012, 0.011118793860077858, -0.04557614400982857, 0.030264180153608322, -0.010847239755094051, -0.013110410422086716, -0.028492486104369164, 0.028643973171710968, -0.02607775665819645, 0.005237598903477192, 0.015005511231720448, 0.02494649589061737, 0.0037273282650858164, -0.0018121470930054784, 0.005540809128433466, 0.043897416442632675, -0.01539384201169014, 0.03898375481367111, 0.01617129147052765, 0.020713789388537407, -0.017684735357761383, 0.03644226863980293, 0.03810266777873039, -0.0011335426243022084, 0.03500550240278244, 0.013785052113234997, 0.0130073307082057, -0.0122151430696249, 0.00873187929391861, 0.017413821071386337, 0.0009099830640479922, -0.005711899138987064, 0.013322713784873486, -0.024607207626104355, -0.04828102886676788, -0.023984385654330254, 0.002455041976645589, -0.010420890524983406, -0.022207248955965042, 0.04605000466108322, -0.03385942429304123, -0.008184010162949562, -0.012808802537620068, -0.06520281732082367, 0.026378747075796127, -0.024364551529288292, 0.024278076365590096, -0.02251478284597397, -0.0753059834241867, 0.014334425330162048, -0.034756582230329514, 0.015900740399956703, 0.05483468621969223, -0.030855493620038033, 0.06205104663968086, 0.033026136457920074, -0.034699808806180954, 0.014856976456940174, -0.046232860535383224, 0.037974484264850616, -0.01752016693353653, -0.03221752494573593, -0.03831354156136513, 0.03338698670268059, -0.01291380263864994, 0.03735170140862465, 0.020975511521100998, 0.03260353207588196, -0.02894621528685093, -0.009404430165886879, 0.007911542430520058, 0.058881767094135284, -0.046213094145059586, -0.012714541517198086, -0.058157406747341156, 0.02395252138376236, 0.00587583240121603, 0.0038565818686038256, 0.014812052249908447, 0.02641320787370205, 0.011321707628667355, -0.03251942992210388, 0.005502506159245968, -0.006045056506991386, 0.03573857992887497, -0.011050651781260967, -0.07930632680654526, 0.05676489323377609, -0.026392996311187744, 0.04755936190485954, -0.026008782908320427, -0.03452271968126297, 0.051081426441669464, -0.011749640107154846, -0.007142604794353247, -0.019020363688468933, -0.004580258391797543, 0.04324215278029442, 0.05579037964344025, 0.022701749578118324, 0.03004404902458191, 0.0107000432908535, -0.035799961537122726, -0.04459312558174133, 0.06957554072141647, 0.01875286176800728, 0.049410630017519, -0.03276156634092331, -0.03659945726394653, -0.013140898197889328, 0.011773333884775639, 0.01578802801668644, 0.004508728627115488, -0.01524779386818409, 0.002138810930773616, -0.018539905548095703, 0.010524695739150047, 0.013600591570138931, 0.03858904540538788, 0.010632763616740704, 0.008951956406235695, 0.03797817602753639, 0.03275786712765694, 0.003496671561151743, -0.029811743646860123, -0.00944029726088047, -0.06437664479017258, 0.03404572978615761, 0.017880013212561607, 0.06825704872608185, 0.019876791164278984, 0.032460808753967285, -0.017501400783658028, -0.04518800973892212, -0.0373460128903389, 0.016454672440886497, -0.015404565259814262, 0.011333039961755276, -0.004466895014047623, -0.0481204129755497, -0.014967556111514568, -0.0007697123801335692, -0.029909906908869743, -0.025995668023824692, 0.018907245248556137, -0.03226996213197708, 0.03749370574951172, -0.0034030932001769543, -0.04580577462911606, -0.012365426868200302, 0.01223255880177021, 0.011065836995840073, -0.011403250508010387, -0.04936912655830383, 0.007899384014308453, -0.03715532645583153, -0.013922898098826408, -0.0035516105126589537, -0.03519658371806145, -0.003937683533877134, 0.007001575548201799, 0.052547842264175415, -0.03354119136929512, 0.015188421122729778, 0.03552134707570076, -0.04790778458118439, -0.013057377189397812, 0.028680119663476944, -0.026029027998447418, -0.06842563301324844, 0.012133417651057243, -0.015837861225008965, 0.020898573100566864, -0.023996055126190186, -0.009958731010556221, 0.051683757454156876, 0.07254407554864883, 0.003949031233787537, 0.03016415238380432, -0.04567241296172142, -0.001522854552604258, 0.040387947112321854, 0.005952519364655018, -0.02783064916729927, -0.010609469376504421, -0.0126210767775774, 0.01921478845179081, -0.028817959129810333, -0.029392967000603676, -0.0014651739038527012, -0.04020997881889343, -0.005099758040159941, 0.06392915546894073, 0.06977022439241409, -0.02540547028183937, 0.0215848870575428, -0.004370408598333597, -0.022727899253368378, 0.013577527366578579, 0.023880712687969208, -0.038980040699243546, 0.007721103727817535, 0.03147397190332413, 0.01839914359152317, 0.013358674943447113, 0.006030764430761337, 0.006404353771358728, -0.029489759355783463, -0.003281855722889304, -0.012770825996994972, -0.005514752119779587, -0.017603958025574684, -0.036955177783966064, -0.02781810238957405, -0.020119046792387962, 0.007570385467261076, 0.008057842962443829, 0.018340276554226875, 0.002302308799698949, -0.03243669494986534, -0.02244071662425995, 0.0850549042224884, -0.003445443930104375, 0.02528802864253521, -0.01772385463118553, 0.008336680009961128, 0.04419517517089844, 0.02271386608481407, 0.00428913626819849, -0.00799355749040842, 0.012233596295118332, -0.020632484927773476, 0.02259964868426323, -0.017000826075673103, 0.0648028627038002, -0.02570440247654915, -0.016494954004883766, 0.0023033113684505224, -0.02120271511375904, 0.027433210983872414, -0.029792839661240578, -0.014958623796701431, -0.004836388863623142, -0.006970767863094807, -0.011700565926730633, 0.01615842431783676, 0.04172283038496971, -0.03132646158337593, -0.0426996685564518, -0.0637301579117775, 0.010559762828052044, 0.026292851194739342, 0.0028755557723343372, -0.001787917222827673, 0.029384907335042953, 0.007802783977240324, 0.035138752311468124, 0.027362586930394173, -0.016450971364974976, -0.0014215203700587153, 0.012396871112287045, 0.028110435232520103, -0.0027676408644765615, 0.020338857546448708, -0.02727927453815937, 0.00837918370962143, -0.05940007418394089, 0.010242899879813194, -0.0026749386452138424, 0.0036324115935713053, -0.008053211495280266, 0.003516168799251318, 0.039933208376169205, 0.008824901655316353, 0.033863089978694916, 0.02541596256196499, -0.03263316676020622, -0.024436455219984055, 0.08868663012981415, -0.006241247057914734, -0.00472603365778923, 0.011706373654305935, 0.042028091847896576, 0.012951499782502651, 0.040715426206588745, -0.023635486140847206, -0.02862509898841381, -0.04362759739160538, -0.03629568591713905, 0.0059492941945791245, -0.024371258914470673, -0.0026088347658514977, 0.04448222741484642, -0.006455323193222284, -0.0012929916847497225, 0.011887581087648869, 0.04253043979406357, -0.15451088547706604, 0.018782921135425568, 0.009146996773779392, -0.007470208685845137, -0.003128716954961419, 0.017051244154572487, 0.002993200207129121, -0.007059072609990835, -0.0735529437661171, 0.036476727575063705, -0.06138079985976219, -0.039593517780303955, -0.04981685429811478, -0.04547176882624626, -0.007556338794529438, -0.0024487790651619434, 0.017363406717777252, -0.0009978681337088346, 0.01811072789132595, -0.02117355726659298, 0.012483609840273857, -0.02572413720190525, 0.019634805619716644, -0.043178070336580276, -0.054524533450603485, 0.009101241827011108, 0.016316790133714676, -0.01945711113512516, -0.04285489022731781, -0.005289674736559391, -0.026459522545337677, 0.040123093873262405, -0.00022323793382383883, -0.019808059558272362, 0.015061701647937298, 0.017785068601369858, 0.06836416572332382, -0.0029047587886452675, 0.029786977916955948, 0.009894060902297497, 0.030763663351535797, 0.06400520354509354, -0.04557780548930168, 0.0098568145185709, 0.0174399446696043, 0.01002881582826376, -0.016605013981461525, -0.028270943090319633, -0.015392632223665714, 0.012990712188184261, 0.02090943045914173, -0.05521296337246895, -0.01128386240452528, -0.006581922527402639, -0.03473718836903572, 0.041152022778987885, -0.006595313549041748, 0.04563150927424431, -0.024330632761120796, -0.0011087433667853475, 0.004701422061771154, 0.0353417731821537, -0.006012533325701952, -0.028939763084053993, -0.03941592946648598, -0.012855205684900284, 0.07683970779180527, 0.021924739703536034, 0.006279075052589178, -0.013199260458350182, 0.040044091641902924, -0.005556077696382999, 0.004818820860236883, 0.03407396748661995, -0.0364624485373497, 0.0035025349352508783, -0.002670825691893697, -0.0032148559112101793, 0.002279189182445407, -0.12498681992292404, -0.00843014381825924, -0.01265962515026331, 0.010825919918715954, 0.01101891789585352, -0.01407720148563385, -0.027490023523569107, -0.00513112498447299, 0.04174300655722618, 0.025107046589255333, 0.24965709447860718, 0.03488675504922867, -0.025630317628383636, 0.05440051481127739, 0.032343193888664246, -0.03916994482278824, 0.005296232178807259, 0.00878963153809309, 0.0386456735432148, -0.011111466214060783, -0.023733530193567276, 0.025133857503533363, -0.01129355002194643, -0.02705339342355728, -0.020969154313206673, 0.04811329394578934, -0.07081637531518936, 0.0040517705492675304, 0.03817153349518776, -0.0313321016728878, 0.02964390628039837, -0.010186487808823586, 0.01093584205955267, 0.03335763141512871, -0.08327536284923553, -0.021656081080436707, -0.019988814368844032, -0.02554907836019993, -0.010083001106977463, 0.00842243805527687, -0.038675516843795776, 0.024364963173866272, 0.04964560642838478, -0.07131842523813248, -0.023120542988181114, -0.036214105784893036, 0.031593963503837585, -0.00042116103577427566, -0.015792936086654663, -0.0017989019397646189, 0.04843470826745033, 0.0005239148158580065, -0.019652867689728737, -0.013370903208851814, -0.027645278722047806, -0.0601213201880455, -0.026927998289465904, -0.028554832562804222, 0.022682538256049156, -0.027894362807273865, -0.03474844992160797, -0.07026901096105576, 0.013577885925769806, -0.00624676002189517, -0.006313404068350792, -0.004707297310233116, 0.023405777290463448, 0.024972783401608467, 0.026929842308163643, 0.04842088371515274, 0.03408007696270943, 0.01271891500800848, -0.04873685538768768, 0.03577468916773796, -0.05538715794682503, 0.011038931086659431, -0.02252909541130066, -0.034651074558496475, 0.01519770734012127, 0.029467744752764702, -0.009251333773136139, 0.00670248968526721, 0.007677864283323288, 0.017196709290146828, 0.021584251895546913, -0.03656116873025894, 0.02636944316327572, 0.012157723307609558, -0.04664608836174011, 0.034455616027116776, -0.00034992254222743213, -0.021303633227944374, -0.06249992176890373, 0.020109286531805992, -0.00338557455688715, -0.02992224507033825, 0.023313969373703003, 0.0639977753162384, -0.003234890289604664, -0.007032053079456091, -0.002289898693561554, -0.014646799303591251, -0.022100048139691353, 0.01180583517998457, 0.007255018688738346, 0.013872590847313404, -0.023189829662442207, -0.008949460461735725, 0.03547083958983421, -0.015185443684458733, -0.0014149592025205493, -0.015172100625932217, -0.0074892910197377205, -0.02223912999033928, -0.011575480923056602, -0.034166865050792694, -0.002874249592423439, -0.009443511255085468, 0.00838523730635643, 0.03939145430922508, -0.07097181677818298, 0.014877786859869957, 0.005699894391000271, -0.02478332817554474, 0.010411352850496769, 0.027500372380018234, 0.004962661303579807, 0.014245714992284775, 0.057266514748334885, 0.02564154751598835, -0.03216845169663429, -0.005417928099632263, 0.005964993964880705, -0.010114911943674088, -0.008524531498551369, -0.047818273305892944, -0.021067533642053604, -0.00684696901589632, 0.032407648861408234, 0.004188260063529015, 0.050622038543224335, -0.0289488285779953, 0.02000470645725727, 0.018049489706754684, 0.01329155545681715, 0.0050510684959590435, -0.0009656627662479877, 0.0168939009308815, 0.00320889288559556, 0.053716592490673065, -0.030233517289161682, -0.014660278335213661, 0.012404296547174454, 0.013631569221615791, 0.008208955638110638, 0.04035709798336029, -0.01704682968556881, 0.03621317073702812, -0.03903554007411003, 0.007799545302987099, 0.04477998986840248, 0.04158459231257439, 0.015642685815691948, -0.009713607840240002, 0.004339592531323433, -0.08679146319627762, -0.03548182547092438, -0.0004758290888275951, 0.027015961706638336, 0.006858888082206249, -0.011351046152412891, -0.005261458456516266, 0.021532833576202393, 0.05708662420511246, 0.04911202937364578, 0.03638160228729248, -0.0329071506857872, 0.00772933941334486, -0.022567179054021835, 0.01020203996449709, 0.05538506433367729, -0.020067397505044937, -0.018699275329709053, 0.004773744381964207, -0.03116854652762413, -0.04806649684906006, -0.06454939395189285, -0.011058937758207321, -0.008502469398081303, -0.04267990216612816, -0.015467186458408833, -0.013073163107037544, -0.028784673660993576, -0.030965641140937805, 0.024874845519661903, 0.023657826706767082, 0.03735888749361038, 0.006943657994270325, 0.01904713548719883, -0.05859409272670746, -0.016294918954372406, 0.119449183344841, 0.016885997727513313, 0.007292552851140499, 0.007068662438541651, 0.03721323236823082, 0.0466933399438858, 0.043321993201971054, 0.0035792221315205097, -0.04274298623204231, 0.04812123626470566, 0.004493640270084143, 0.04223834350705147, -0.011416608467698097, -0.01607704721391201, -0.020980553701519966, 0.004040833096951246, -0.008396209217607975, -0.032425012439489365, 0.04247749596834183, -0.036196716129779816, 0.022058453410863876, -0.0452701561152935, 0.008440217934548855, 0.062324535101652145, -0.06183506175875664, 0.03450232371687889, 0.02299010194838047, 0.004584730137139559, -0.019333040341734886, -0.0077710687182843685, -0.00264762039296329, 0.037776149809360504, 0.00729085598140955, 0.03448725491762161, -0.004789796192198992, 0.0009540554601699114, -0.027571212500333786, -0.016382552683353424, -0.0108834533020854, -0.01107045542448759, 0.0075421701185405254, 0.03601166233420372, 0.0033901960123330355, -0.017764296382665634, -0.05668314918875694, 0.008310144767165184, 0.046685971319675446, -0.018989143893122673, -0.009509236551821232, -0.003073988016694784, 0.041318610310554504, 0.053721655160188675, -0.0025431469548493624, -0.013874064199626446, -0.02808855101466179, -0.06506261229515076, -0.018275294452905655, 0.0016247113235294819, 0.04738020896911621, -0.015357357449829578, 0.01656760461628437, -0.00992041826248169, -0.013512970879673958, 0.002072671428322792, 0.05060221627354622, 0.016559405252337456, 0.01814201846718788, -0.01881241798400879, -1.663168404775206e-05, 0.002483752556145191, -0.034219689667224884, 0.009302066639065742, 0.0033251489512622356, 0.050634440034627914, -0.06174961104989052, 0.007289259694516659, -0.04657233878970146, -0.013790466822683811, 0.022256214171648026, 0.015083788894116879, 0.022176356986165047, -0.010792478919029236, -0.03034587949514389, 0.02555973269045353, 0.02777770347893238, 0.01000524777919054, -0.05509166419506073, 0.015974702313542366, 0.0017668565269559622, 0.003753583412617445, -0.04891333356499672, 0.004277116619050503, 0.005629812367260456, 0.011711432598531246, 0.058447182178497314, 0.009246849454939365, -0.013371472246944904, 0.02358384244143963, -0.046312350779771805, 0.003522316226735711, -0.005599823780357838, -0.03120964579284191, 0.02700471319258213, -0.06144154816865921, -0.016539549455046654, 0.005936719942837954, 0.00803123228251934, 0.0015676557086408138, 0.008518986403942108, -0.00041376889566890895, -0.04496969282627106, -0.009617699310183525, 0.006964321713894606, 0.0008611154626123607, 0.04940572753548622, -0.023895328864455223, 0.033197954297065735, 0.004774824250489473, 0.005137700121849775, 0.05345427617430687, -0.0567622184753418, 0.032885532826185226, 0.03419410064816475, 0.04362262040376663, -0.021641897037625313, 0.03519561514258385, -0.016405390575528145, 0.0071565271355211735, -0.024053754284977913, 0.0058000460267066956, -0.009720069356262684, -0.009602384641766548, 0.024853982031345367, -0.0047123064287006855, -0.009173517115414143, -0.008473740890622139, -0.015327964909374714, -0.01555740274488926, -0.009798615239560604, -0.02795989066362381, 0.012196872383356094, -0.0026029800064861774, -0.027825988829135895, 0.0036160952877253294, -0.0018771898467093706, -0.010803875513374805, -0.04707663133740425, 0.03398944437503815, -0.0012712577590718865, 0.003294889349490404, -0.003252142108976841, 0.08246803283691406, -0.030000517144799232, -0.021959349513053894, 0.018705163151025772, 0.02499285154044628, -0.01235133595764637, -0.040725227445364, -0.016858819872140884, -0.029793130233883858, 0.00846985261887312, -0.0153023237362504, -0.03747760131955147, -0.022997329011559486, -0.036288075149059296, 0.007646743208169937, 0.0797179564833641, 0.059566713869571686, 0.012733843177556992, -0.013356019742786884, 0.035981934517621994, -0.0255020409822464, -0.04478602111339569, 0.015944035723805428, 0.0115728210657835, 0.005754228215664625, 0.01730390638113022, -0.010386460460722446, 0.015106075443327427, -0.0029322162736207247, 0.05143357068300247, 0.013922124169766903, -0.024131689220666885, -0.007259012665599585, 0.04469475895166397, -0.02946808747947216, 0.011780844070017338, -0.03765362128615379, -0.012583439238369465, -0.012068171985447407, -0.059591177850961685, -0.04293161630630493, -0.020534036681056023, -0.04141658544540405, -0.02015441283583641, -0.002701669465750456, -0.042172323912382126, 0.0070435963571071625, -0.013043062761425972, -0.023998623713850975, -0.030410178005695343, -0.0403396375477314, 0.0026655630208551884, -0.13624465465545654, 0.020297236740589142, 0.019145650789141655, 0.039479732513427734, -0.03329646959900856, -0.002299404004588723, 0.003339154878631234, -0.05980753153562546, 0.016737347468733788, -0.048624321818351746, -0.02761504054069519, -0.012883615680038929, 0.03161998838186264, -0.018148060888051987, -0.0023233264219015837, 0.0034206288401037455, 0.012660705484449863, -0.03571026027202606, -0.015817569568753242, 0.023801138624548912, 0.003789083333685994, -0.03316037356853485, 0.055687204003334045, -0.0048457179218530655, -0.02763875387609005, -0.015050944872200489, -0.013167133554816246, 0.030790850520133972, -0.011143147945404053, -0.044872596859931946, 0.026359373703598976, -0.02166060544550419, 0.014818020164966583, -0.0034848921932280064, 0.02365948259830475, 0.034755557775497437, 0.007738173473626375, 0.03390025720000267, -0.0027143072802573442, 0.017904166132211685, -0.015238981693983078, 0.023092282935976982, -0.0530109703540802, -0.009193634614348412, -0.002165872137993574, 0.015966791659593582, -0.027662787586450577, -0.035752955824136734, 0.001495738746598363, -0.02086743712425232, -0.02011983096599579, 0.030883874744176865, -0.01592709682881832, 0.02236403338611126, -0.005985183175653219, 0.01931978203356266, -0.022571323439478874, 0.0021835847292095423, 0.017808085307478905, 0.023510213941335678, -0.034583818167448044, 0.044849932193756104, -0.03568921983242035, -0.051970478147268295, 0.006602650973945856, 0.015207162126898766, -0.062302812933921814, 0.047888126224279404, 0.03432129696011543, -0.009592767804861069, -0.0032293028198182583, 0.019437547773122787, -0.0012872215593233705, -0.0010773452231660485, -0.02783268503844738, -0.0006560125038959086, 0.054715391248464584, 0.0019191207829862833, -0.021483125165104866, 0.01203948725014925, -0.03247366100549698, -0.00251022563315928, -0.051134493201971054, 0.027689697220921516, 0.019947510212659836, 0.008816156536340714, -0.005653316155076027, 0.0010203904239460826, 0.005704808980226517, -0.029199330136179924, -0.03753046318888664, -0.0017892725300043821, 0.03038731776177883, -0.0042760660871863365, 0.005301174242049456, 0.010277794674038887, -0.04151417315006256, -0.00486267963424325, 0.009264275431632996, -0.03109324350953102, 0.025261156260967255, -0.029786068946123123, 0.02333728037774563, -0.006300646346062422, -0.020963655784726143, -0.007682488765567541, 0.027789250016212463, 0.001289554056711495, -0.011015670374035835, -0.007182864472270012, -0.007353133987635374, 0.0003985985822509974, -0.034789666533470154, 0.014597110450267792, -0.056707099080085754, -0.03407405689358711, -0.0018729828298091888, 0.01052577793598175, -0.030598411336541176, -0.003374149790033698, -0.002712888875976205, -0.02947622537612915, 0.0227973610162735, -0.02942671999335289, -0.007572665810585022, 0.0458817221224308, 0.029433542862534523, 0.0060001760721206665, 0.018769491463899612, -0.012858591973781586, -0.010928768664598465, 0.0018728357972577214, -0.009336993098258972, 0.03490900248289108, 0.04062290117144585, -0.016700679436326027, -0.05682923644781113, 0.032067663967609406, -0.06203994154930115, -0.02030768431723118, 0.009232396259903908, -0.01761443540453911, 0.011866104789078236, -0.058929476886987686, 0.01199932862073183, -0.0010952865704894066, 0.03701053932309151, -0.01700361631810665, 0.02891264483332634, -0.04808471351861954, 0.006456862203776836, 0.011444376781582832, -0.014971453696489334, 0.07291137427091599, -0.014010912738740444, -0.02938786894083023, -0.09458505362272263, -0.003204523818567395, -0.01778435707092285, 0.02180294878780842, -0.03633943200111389, -0.0018920466536656022, -0.017598316073417664, -0.0187042485922575, 0.0023361523635685444, 0.018181905150413513, -0.009967007674276829, 0.02312200888991356, 0.02307767979800701, -0.016088293865323067, -0.016930026933550835, 0.029135722666978836, -0.04087619483470917, -0.050334397703409195, 0.031359609216451645, -0.028661396354436874, 0.011969543993473053, 0.00592140993103385, 0.04543262720108032, 0.023411858826875687, 0.014137678779661655, 0.033806633204221725, 0.050110720098018646, -0.01822669431567192, 0.0015658806078135967, 0.01198466494679451, 0.009047760628163815, 0.004392960108816624, -0.016407610848546028, -0.0013824959751218557, -0.01729755848646164, 0.014567618258297443, -0.002644565189257264, 0.022192159667611122, 0.05404967814683914, -0.0320233479142189, -0.007930334657430649, 0.027109086513519287, 0.010587337426841259, 0.04141879454255104, -0.013614735566079617, -0.005674183368682861, 0.004683786071836948, -0.0325498953461647, 0.010875958949327469, 0.01573626510798931, 0.048960041254758835, 0.03126097470521927, -0.009634706191718578, 0.0746888816356659, -0.0057716998271644115, 0.015140584670007229, -0.0077599454671144485, 0.01745455339550972, -0.02653713896870613, -0.04181433469057083, -0.021498069167137146, 0.03193613886833191, -0.016367334872484207, 0.022817501798272133, 0.018591977655887604, -0.03154073655605316, 0.041467852890491486, -0.027240123599767685, -0.04451257362961769, -0.0016603104304522276, -0.0009321662946604192, -0.03434840217232704, 0.006813384592533112, -0.01368111465126276, -0.050234291702508926, -0.01681659370660782, -0.010017506778240204, 0.03884190320968628, -0.06229056790471077, 0.022466912865638733, 0.03307386487722397, 0.008147649466991425, -0.006429388653486967, -0.010155413299798965, -0.010234389454126358, 0.00045284893712960184, -0.01747717708349228, -0.016740666702389717]",
15_1_0_errors_invalid_use_server_value_mdx_section_1_code_2,code_snippet,15_1_0_errors_invalid_use_server_value_mdx_section_1,Why This Error Occurred - code_2,,"{'programming_language': 'js', 'filename': None, 'switcher': False}",15.1.0,,"'use server'

// ✅ This is correct: an async function is exported.
export async function getServerData() {
  return '...'
}
","[(np.int64(7), np.float64(0.14090503752231598)), (np.int64(86), np.float64(0.2150748074054718)), (np.int64(438), np.float64(0.17161288857460022)), (np.int64(1647), np.float64(0.22756026685237885))]",,"[-0.022981230169534683, 0.014160585589706898, -0.056980058550834656, 0.032049838453531265, -0.01977067068219185, -0.01680159755051136, -0.019087692722678185, 0.04515259712934494, -0.00940880086272955, 0.0028083703946322203, 0.02532453089952469, 0.03439199924468994, -0.01738797128200531, 0.02718908153474331, 0.015285927802324295, 0.06278220564126968, 0.0060010007582604885, 0.02896478958427906, 0.02645045891404152, 0.01109450776129961, 0.009436115622520447, 0.02377391792833805, 0.04164578765630722, 0.0017452406464144588, 0.030837299302220345, 0.007158463820815086, 0.04673158377408981, 0.0048102098517119884, 0.0009910917142406106, 0.0187503844499588, 0.04077868163585663, -0.017315944656729698, -0.007693555671721697, -0.013695111498236656, -0.05838663503527641, -0.003196717705577612, -0.006211855448782444, -0.0038441703654825687, -0.03369159623980522, 0.040094006806612015, -0.02121865563094616, 0.023287318646907806, 0.0037101232446730137, -0.06184278428554535, 0.02494240552186966, -0.035565335303545, 0.008078224025666714, -0.024295751005411148, -0.08918188512325287, 0.016439253464341164, -0.03464420512318611, 0.023691898211836815, 0.049407958984375, -0.02444927580654621, 0.04380737990140915, 0.025345835834741592, -0.03617088496685028, 0.006052473559975624, -0.0383017361164093, 0.04492325335741043, -0.022981982678174973, -0.004167831037193537, -0.05269717425107956, 0.019218893721699715, -0.022456834092736244, 0.05292637273669243, 0.015090483240783215, 0.025144217535853386, -0.029357340186834335, -0.0013280943967401981, -0.005075529683381319, 0.04359692707657814, -0.05694916471838951, -0.020321715623140335, -0.046195562928915024, 0.01475093699991703, 0.010609795339405537, -0.006724745966494083, 0.031291887164115906, 0.02360393851995468, 0.013242313638329506, -0.0486338809132576, -0.005424972157925367, 0.008572183549404144, -0.019488928839564323, -0.016888367012143135, -0.07173629105091095, 0.05074483901262283, -0.028590677306056023, 0.047982364892959595, -0.024991342797875404, -0.04655200242996216, 0.04099828004837036, -0.023840127512812614, 0.001403821399435401, -0.02311909757554531, -0.005079824943095446, 0.044172320514917374, 0.07314637303352356, -0.002097577787935734, 0.04639813303947449, -0.022654883563518524, -0.045974090695381165, -0.059904199093580246, 0.05774776265025139, 0.011459717527031898, 0.059258248656988144, -0.020151324570178986, -0.03355003520846367, -0.008930277079343796, 0.03786279261112213, 0.027618050575256348, 0.0002359136997256428, 0.019965501502156258, 0.006134020164608955, -0.01282617449760437, 0.015019985847175121, 0.009601572528481483, 0.03467707708477974, 0.009435647167265415, 0.0002974198432639241, 0.027112867683172226, 0.016655808314681053, 0.00844919215887785, -0.04408460855484009, -0.016189968213438988, -0.03301067650318146, 0.022122923284769058, 0.04776917025446892, 0.03837204352021217, 0.01316283643245697, 0.056914396584033966, -0.003574235597625375, -0.027897989377379417, -0.02654886618256569, 0.02102012187242508, -0.003392751095816493, 0.026985488831996918, -0.011470179073512554, -0.02330879494547844, -0.0002491078630555421, 0.008991912007331848, -0.04269358888268471, -0.016616301611065865, 0.037853267043828964, -0.041351936757564545, 0.04316674917936325, -0.0066865961998701096, -0.05133872106671333, 0.0023409947752952576, -0.00908580981194973, -0.011527705937623978, -0.020389223471283913, -0.05162166804075241, -0.014732143841683865, -0.011791054159402847, -0.025259265676140785, -0.011083604767918587, -0.05115865170955658, 0.01797870174050331, -0.03036366030573845, 0.03757695481181145, 0.0014053756603971124, 0.012837046757340431, 0.03526695817708969, -0.03734337165951729, -0.006785129196941853, 0.024641389027237892, -0.015729127451777458, -0.0825280174612999, 0.00529502471908927, -0.01898142322897911, 0.03543001413345337, 0.007876311428844929, 0.002485809614881873, 0.05306708812713623, 0.07859896123409271, -0.01450029481202364, 0.03309596702456474, -0.03784641623497009, -0.022388026118278503, 0.012757031247019768, -0.008314182981848717, -0.009355805814266205, -0.015167114324867725, -0.019320599734783173, -0.005688775796443224, -0.006151041015982628, -0.02174684964120388, 0.0031006315257400274, -0.03781156241893768, -0.017970263957977295, 0.07587892562150955, 0.07867869734764099, -0.021650971844792366, 0.0012245228281244636, -0.005497145000845194, -0.007439142093062401, 0.015058857388794422, 0.019709192216396332, -0.006367663852870464, 0.030313502997159958, 0.03392375633120537, 0.03515131026506424, -0.00910603441298008, -0.004405750893056393, -0.0012957212748005986, -0.018662303686141968, -0.015676019713282585, -0.019353032112121582, -0.0078700240701437, -0.035228487104177475, -0.034542266279459, -0.03746788948774338, -0.023825058713555336, -0.006765798199921846, 0.017657997086644173, 0.02385845221579075, 0.007528935093432665, -0.04934101179242134, -0.025433940812945366, 0.07174808531999588, 0.007765144109725952, 0.06746605038642883, -0.021542390808463097, -0.00928830448538065, 0.048979438841342926, 0.03152544051408768, 0.01590842567384243, -0.010645882226526737, 0.01907394453883171, -0.0036609277594834566, 0.013173960149288177, -0.01285683736205101, 0.08965690433979034, -0.05502462014555931, -0.037118129432201385, 0.016054432839155197, -0.0192126352339983, 0.022167516872286797, -0.04077163338661194, 0.01545935869216919, -0.005354547407478094, -0.027260927483439445, -0.011204317212104797, 0.004091162234544754, 0.0394793264567852, -0.02880699560046196, -0.04608391970396042, -0.06797437369823456, 0.020271306857466698, 0.04430260509252548, -0.019472584128379822, 0.011441786773502827, 0.01624452881515026, 0.009049816988408566, 0.04447055980563164, 0.02884189784526825, -0.0016137788770720363, -0.01656814105808735, 0.0022289312910288572, 0.030572284013032913, -0.004442574921995401, 0.022942591458559036, -0.011313154362142086, -0.003496646648272872, -0.048994243144989014, 0.011244263499975204, 0.022372620180249214, 0.0028681682888418436, -0.014762402512133121, 0.006551191210746765, 0.018305208534002304, 0.018308080732822418, 0.008278992958366871, 0.019032245501875877, -0.01339465007185936, -0.02918517217040062, 0.06248006224632263, 0.009623950347304344, -0.022077009081840515, -0.026708830147981644, 0.02877245470881462, 0.015877990052103996, 0.027287371456623077, -0.035092636942863464, -0.014872046187520027, -0.030118698254227638, -0.03594682365655899, 0.011829567141830921, -0.017105944454669952, 0.007346678990870714, 0.04054336994886398, 0.0017276584403589368, -0.01213159877806902, 0.015651220455765724, 0.03573975712060928, -0.1454823613166809, 0.011981694027781487, 0.006724355276674032, -0.02302977256476879, -0.015191501006484032, 0.007348512765020132, 0.02575067989528179, -0.00802675262093544, -0.0669117420911789, 0.039934784173965454, -0.05493202432990074, -0.049123410135507584, -0.06437355279922485, -0.06881127506494522, -0.015277676284313202, 0.002576281549409032, 0.0163442213088274, -0.006044476758688688, 0.02428971417248249, -0.025009332224726677, 0.03424675762653351, -0.0056964629329741, 0.02608044259250164, -0.017542488873004913, -0.05732118710875511, 0.011897431686520576, 0.0060596042312681675, -0.017834842205047607, -0.04917750880122185, -0.01942756585776806, -0.008736221119761467, 0.027106672525405884, -0.006270892918109894, -0.020786620676517487, 0.0002131223154719919, 0.015735629945993423, 0.05241793394088745, -0.004951979033648968, 0.024166978895664215, 0.021234462037682533, 0.01649797335267067, 0.053350094705820084, -0.04383346438407898, 0.032430797815322876, 0.014487924985587597, 0.0024992083199322224, -0.021870767697691917, -0.020261280238628387, -0.03394851088523865, 0.00531183835119009, 0.03322267904877663, -0.047198645770549774, -0.012010669335722923, -0.02657799981534481, -0.042326394468545914, 0.031851593405008316, -0.0009492848766967654, 0.059847548604011536, -0.010348796844482422, -0.0038677335251122713, -0.0011259238235652447, 0.022318953648209572, -0.0025264371652156115, -0.022730352357029915, -0.04920223727822304, 0.009979148395359516, 0.0909213051199913, 0.03927803784608841, 0.005605991929769516, -0.01739410124719143, 0.06332322210073471, -0.011145130731165409, 0.0064441435970366, 0.03362339735031128, -0.03422843664884567, 0.022098293527960777, -0.015223157592117786, -0.020426759496331215, 0.0007502217777073383, -0.09106854349374771, -0.029619626700878143, -0.0061257812194526196, 0.007054026238620281, 0.01631048507988453, -0.011708828620612621, -0.0315081886947155, 0.00425438117235899, 0.03936293348670006, 0.02024536393582821, 0.2400093674659729, 0.03366617485880852, -0.024873582646250725, 0.05751114338636398, 0.04209194704890251, -0.05671358108520508, -0.001290587242692709, -0.007019758224487305, 0.03358946740627289, -0.015267490409314632, 0.0035048809368163347, 0.009340091608464718, -0.0016930627170950174, -0.012506882660090923, -0.04181400313973427, 0.04371728003025055, -0.06624842435121536, -0.0069432309828698635, 0.042246486991643906, -0.005592990200966597, 0.036236315965652466, -0.006719151511788368, 0.02288900874555111, 0.013670692220330238, -0.07694322615861893, 0.0035887076519429684, -0.022485967725515366, -0.009573554620146751, -0.009394455701112747, 0.023510169237852097, -0.04635900631546974, 0.020203029736876488, 0.04820330813527107, -0.033946726471185684, -0.017870312556624413, -0.028580540791153908, 0.03255939856171608, -0.013640381395816803, -0.01274037640541792, 0.010312788188457489, 0.038663215935230255, -0.007695007137954235, 0.0057492186315357685, -0.0032050721347332, -0.026507165282964706, -0.07348652929067612, -0.020939627662301064, -0.024748029187321663, 0.012582664377987385, -0.04355502501130104, -0.019757436588406563, -0.07133491337299347, 0.02111453004181385, 0.0009337931405752897, 0.015639476478099823, -0.01750895008444786, 0.027308259159326553, 0.036230552941560745, 0.02161112241446972, 0.02155648171901703, 0.028640905395150185, 0.011649216525256634, -0.04341518506407738, 0.027201931923627853, -0.050987161695957184, -0.0014042682014405727, -0.008679963648319244, -0.043639350682497025, 0.017956867814064026, 0.023141752928495407, -0.00330700958147645, -0.014189179055392742, 0.01493199821561575, 0.01512869168072939, 0.012651316821575165, -0.04318554699420929, 0.02134934812784195, 0.009240672923624516, -0.05962684378027916, 0.050949826836586, 0.0007217689999379218, -0.036078158766031265, -0.04546836391091347, 0.05341009423136711, 0.0026973485946655273, 0.0027491734363138676, 0.0007658482645638287, 0.07559874653816223, 0.0024169553071260452, 0.020626751706004143, -0.017111996188759804, -0.005673218984156847, -0.00030789035372436047, 0.006438849959522486, 0.02217290550470352, 0.0016021350165829062, -0.026902543380856514, -0.005771329160779715, 0.020584067329764366, -0.002199716167524457, -0.022389410063624382, -0.01820274442434311, -0.025440705940127373, -0.016365941613912582, -0.024423036724328995, -0.025232678279280663, 0.019631054252386093, -0.01711614802479744, 0.016335774213075638, 0.06294139474630356, -0.05349653214216232, 0.03889591246843338, -0.006553953513503075, -0.030237264931201935, 0.01591026969254017, 0.03156393766403198, -0.002744579454883933, 0.012546045705676079, 0.04544219747185707, 0.0236246008425951, -0.043362248688936234, -0.01571640931069851, 0.018025143072009087, -0.006925858091562986, 0.0011169370263814926, -0.07213980704545975, -0.02272232435643673, -0.030780719593167305, 0.03282695263624191, 0.040331363677978516, 0.06140949949622154, -0.026896467432379723, 0.029072443023324013, 0.011840115301311016, 0.013048027642071247, 0.008403440937399864, 0.005981887225061655, 0.02508300542831421, 0.01878601685166359, 0.04731020703911781, -0.039901770651340485, 6.640779611188918e-05, 0.006992097478359938, 0.047561969608068466, 0.018185360357165337, 0.05112899839878082, -0.00836828164756298, 0.04964422062039375, -0.03310644254088402, -0.005533733870834112, 0.03741001710295677, 0.03557131811976433, 0.026762107387185097, -0.003130483441054821, 0.0013587925350293517, -0.06264782696962357, -0.02482002042233944, -0.03861439600586891, 0.03692888841032982, 0.01341864001005888, -0.027925565838813782, -0.01172258984297514, 0.017389707267284393, 0.05404512956738472, 0.024934785440564156, 0.015001993626356125, -0.04020534083247185, 0.0017181335715577006, -0.01188935898244381, -0.0017361289355903864, 0.04120231047272682, -0.02161223627626896, -0.032475270330905914, 0.011569528840482235, -0.04166700690984726, -0.04356599971652031, -0.07945169508457184, 0.011492363177239895, -0.009110929444432259, -0.04977462813258171, -0.015125079080462456, -0.007402172777801752, -0.02895410731434822, -0.02025989070534706, 0.032000064849853516, 0.024484509602189064, 0.028883973136544228, -0.00012147133384132758, -0.0049702925607562065, -0.0496237576007843, -0.012647687457501888, 0.11558223515748978, 0.03460591658949852, -0.010573928244411945, 0.016254384070634842, 0.034913793206214905, 0.05847686529159546, 0.05353551730513573, 0.020110607147216797, -0.04480559378862381, 0.039531152695417404, 0.030247800052165985, 0.03560261428356171, -0.022212635725736618, -0.016922052949666977, -0.009315332397818565, 0.009761839173734188, -0.008595967665314674, -0.03322862461209297, 0.06047171354293823, -0.0038872133009135723, 0.04580457881093025, -0.03615152835845947, -0.018474087119102478, 0.03332052752375603, -0.06944765150547028, 0.045797139406204224, 0.02383551187813282, 0.007269891444593668, -0.025210091844201088, -0.011426006443798542, 0.007853934541344643, 0.005810639820992947, 0.016752099618315697, 0.03230080008506775, 0.002028882037848234, -0.0036268753465265036, -0.03155502304434776, -0.025810066610574722, 0.020282117649912834, -0.01525766123086214, -0.012833014130592346, 0.0246109776198864, -0.01668773964047432, -0.016189245507121086, -0.03414800390601158, -0.01411981787532568, 0.036812491714954376, -0.019306818023324013, -0.01152245607227087, -0.027731500566005707, 0.04670780897140503, 0.05773959681391716, 0.02590607851743698, 0.002262940863147378, -0.0068567851558327675, -0.08473019301891327, -0.02543061599135399, -0.011333772912621498, 0.039108578115701675, -0.019526518881320953, 0.02015891671180725, -0.0011250230018049479, -0.029444145038723946, 0.006790613289922476, 0.0420818068087101, -0.0036239437758922577, 0.0008379844948649406, -0.006991989444941282, -0.022506583482027054, -0.0241511482745409, -0.01985834166407585, 0.0014920199755579233, 0.0018113070400431752, 0.06183896213769913, -0.05483360216021538, 0.01907888427376747, -0.06735259294509888, -0.01211321260780096, 0.004845932126045227, -0.0028815376572310925, 0.030517665669322014, 0.004131847061216831, -0.04198600724339485, 0.0305060725659132, 0.017344830557703972, 0.008056106977164745, -0.030538421124219894, -0.0047306520864367485, 0.023029621690511703, -0.016905400902032852, -0.02307402528822422, 0.011141607537865639, 0.01607838273048401, 0.024486323818564415, 0.017717313021421432, 0.011432369239628315, 0.006728770677000284, 0.012348483316600323, -0.05464744567871094, 0.010040272027254105, -0.005783802829682827, -0.0283456239849329, 0.020117055624723434, -0.03935448080301285, -0.03811708837747574, -0.004928085952997208, 0.0026993881911039352, -0.0006158896721899509, -0.009683079086244106, -0.023520853370428085, -0.03190682828426361, -0.01708376780152321, -0.004235769156366587, 0.011162669397890568, 0.027517979964613914, -0.027966830879449844, -0.032563045620918274, 0.009228816255927086, -0.013665478676557541, 0.060899510979652405, -0.03069430962204933, 0.010833043605089188, 0.05296451598405838, 0.04131193086504936, 0.0010610937606543303, 0.02423934079706669, -0.010150439105927944, 0.00828259252011776, -0.028958097100257874, -0.015080425888299942, 0.00716751255095005, 0.008353534154593945, 0.03800753131508827, -0.003031718311831355, -0.02071002870798111, 0.0077582355588674545, 0.004980860743671656, -0.022580204531550407, -0.01433506514877081, -0.002027275273576379, 0.004832785576581955, 0.014387610368430614, -0.005078902468085289, -0.005570278037339449, 0.013394867070019245, 0.017388714477419853, -0.048929356038570404, 0.05788188427686691, -0.006611578166484833, 0.0015768674202263355, 0.012689356692135334, 0.07407593727111816, -0.021397342905402184, 0.0009613402653485537, -0.0010584830306470394, 0.010420763865113258, -0.005676575005054474, 0.002080804668366909, -0.02455725707113743, -0.021116694435477257, 0.010121184401214123, -0.0020975314546376467, -0.048450734466314316, -0.013961665332317352, -0.03301890939474106, 0.01002862025052309, 0.04079735279083252, 0.07309771329164505, 0.007150616962462664, -0.00197607628069818, 0.05734876170754433, -0.02592293918132782, -0.04112672805786133, -0.0010765836341306567, 0.005896893795579672, 0.012541050091385841, 0.001821974408812821, -0.023711014539003372, 0.02249000407755375, 0.002253496553748846, 0.03915262967348099, 0.01955454610288143, -0.04395164176821709, -0.017031870782375336, 0.040045250207185745, -0.04278638958930969, 0.016193220391869545, -0.03046671859920025, -0.006182239390909672, 0.006078791338950396, -0.03699598088860512, -0.043165359646081924, -0.022596513852477074, -0.03834616765379906, -0.027031071484088898, -0.007834535092115402, -0.0399034358561039, 0.011529754847288132, 0.002025709953159094, -0.03862686827778816, -0.037282682955265045, -0.025006525218486786, 0.0057571884244680405, -0.1326659619808197, 0.02118365280330181, 0.010091591626405716, 0.025520429015159607, -0.03864161670207977, -0.01264827512204647, -0.0019931402057409286, -0.059868406504392624, 0.02643982507288456, -0.039382703602313995, -0.004658450372517109, -0.024634553119540215, 0.008985687978565693, -0.028637561947107315, -0.011177043430507183, -0.010150983929634094, -0.006389789283275604, -0.011984030716121197, -0.004679907578974962, 0.029247278347611427, 0.0025180450174957514, -0.019354650750756264, 0.07560645043849945, -0.005517777521163225, -0.03216812014579773, -0.01328977756202221, -0.009652771055698395, 0.030854858458042145, -0.009641362354159355, -0.025149261578917503, 0.02814195491373539, -0.031595077365636826, 0.01622898317873478, 0.017123548313975334, 0.01378291379660368, 0.02577046863734722, -0.0012014698004350066, 0.01609542779624462, -0.017471512779593468, 0.009135553613305092, -0.009703622199594975, 0.026239819824695587, -0.07101456820964813, -0.004792165011167526, 0.01707538217306137, 0.0020579020492732525, -0.01138185616582632, -0.02277592197060585, 0.00624953443184495, -0.02699493244290352, 0.010128767229616642, 0.03853273764252663, 0.012327458709478378, 0.019919130951166153, -0.012602239847183228, 0.006081236992031336, -0.023599211126565933, 0.006457961164414883, 0.014295238070189953, 0.006715983618050814, -0.0326487235724926, 0.05144304409623146, -0.031556155532598495, -0.05406488478183746, 0.009308570995926857, 0.007528884336352348, -0.05337527021765709, 0.04000375047326088, 0.03269800543785095, 0.012841673567891121, -0.004210656508803368, 0.0169232040643692, 0.008128460496664047, 0.0012750246096402407, -0.027754126116633415, 0.012370857410132885, 0.043834976851940155, 0.02280493825674057, -0.03958717733621597, 0.0035919605288654566, -0.025542235001921654, -0.026206912472844124, -0.06081276014447212, 0.013681869953870773, 0.009334072470664978, 0.011924076825380325, -0.0002673526178114116, -0.016094598919153214, -0.008266851305961609, -0.025681905448436737, -0.025912107899785042, -0.023234492167830467, 0.022922998294234276, -0.001240306068211794, -0.017767364159226418, 0.015853140503168106, -0.034290213137865067, -0.007476383354514837, 0.03216007724404335, -0.02467813529074192, 0.022868024185299873, -0.025934681296348572, 0.0011022683465853333, 0.02985329180955887, -0.028691671788692474, -0.001676645828410983, 0.028627725318074226, 0.005762570071965456, -0.028532646596431732, 0.001010788488201797, -0.020524974912405014, 0.021862495690584183, -0.0468236543238163, -0.01656273752450943, -0.07123620063066483, -0.03153860569000244, 0.017834670841693878, -0.004186809528619051, -0.017774125561118126, -0.022224538028240204, 0.011335965245962143, -0.002848224714398384, 0.006970809306949377, -0.03705852851271629, 0.025758391246199608, 0.06552030146121979, 0.038391150534152985, 0.0031583579257130623, -5.2465678891167045e-05, 0.012622713111341, -0.015660446137189865, -0.026510654017329216, -0.003656732849776745, 0.03511296212673187, 0.05153977498412132, 0.00040647879359312356, -0.050718870013952255, 0.03128765895962715, -0.06751836091279984, -0.028321808204054832, 0.025979192927479744, -0.009863235056400299, 0.011784457601606846, -0.05582008138298988, -0.0020154411904513836, -0.021358035504817963, 0.03774441406130791, -0.019065052270889282, 0.00510993180796504, -0.017337452620267868, -0.012995557859539986, 0.014719299040734768, -0.02766902931034565, 0.06866110116243362, -0.021338026970624924, -0.014940218068659306, -0.056519199162721634, -0.0013632647460326552, -0.024920960888266563, -0.008379681035876274, -0.015912910923361778, -0.004321151413023472, -0.011126300320029259, -0.029315605759620667, -0.0019506101962178946, 0.01359767559915781, -0.03250031918287277, 0.010745466686785221, 0.009962963871657848, 0.005834894720464945, 0.0027742991223931313, 0.0030534956604242325, -0.023317713290452957, -0.059525907039642334, 0.030415430665016174, -0.029388565570116043, 0.01675494946539402, 0.019023723900318146, 0.055235862731933594, 0.01028493419289589, 0.004198399372398853, 0.018831653520464897, 0.03992218151688576, -0.01736672967672348, 0.0055877408012747765, 0.007208154071122408, -0.0025060262996703386, 0.012461601756513119, -0.005215206649154425, -0.030363207682967186, -0.007164341863244772, 0.01894068531692028, 0.0034971872810274363, 0.014426188543438911, 0.02016906626522541, -0.027225231751799583, -0.0065884944051504135, 0.03962450101971626, 0.009166201576590538, 0.0362199991941452, -0.01724100112915039, 0.0032121099065989256, -0.013195318169891834, -0.03796307370066643, 0.0024737603962421417, 0.02233661338686943, -0.007793733384460211, 0.012153462506830692, -0.00901271216571331, 0.06106474623084068, -0.001697917701676488, 0.012937135063111782, -0.03244876489043236, 0.011735185980796814, -0.040086936205625534, -0.039322856813669205, -0.04879075288772583, 0.017957348376512527, -0.02661716192960739, 0.041287925094366074, 0.012179301120340824, -0.03107900731265545, 0.016506465151906013, -0.0251429732888937, -0.04155915230512619, 0.00440410990267992, -0.027822906151413918, -0.01813412457704544, -0.007229231763631105, -0.02165708690881729, -0.04260721057653427, 0.0012415609089657664, 0.0022513261064887047, 0.04165555164217949, -0.06444713473320007, 0.01355009712278843, 0.037408165633678436, 0.00047417436144314706, 0.015405800193548203, -0.005370563827455044, -0.019613118842244148, 0.017624355852603912, -0.027571527287364006, -0.01256327610462904]",
15_1_0_errors_invalid_use_server_value_mdx_section_2,section,15_1_0_errors_invalid_use_server_value_mdx,"Invalid ""use server"" Value - Possible Ways to Fix It",,{},15.1.0,"Check all exported values in the `` file (including ``) and make sure that they are all defined as async functions.
",,"[(np.int64(58), np.float64(0.008115187287330627)), (np.int64(71), np.float64(0.0714382603764534)), (np.int64(360), np.float64(0.051435686647892)), (np.int64(1650), np.float64(0.021310865879058838)), (np.int64(2661), np.float64(0.06988199055194855)), (np.int64(4032), np.float64(0.2651987671852112)), (np.int64(7013), np.float64(0.20690307021141052)), (np.int64(10723), np.float64(0.2837180495262146)), (np.int64(42261), np.float64(0.06271961331367493)), (np.int64(96746), np.float64(0.16110201179981232)), (np.int64(115861), np.float64(0.08013485372066498)), (np.int64(190060), np.float64(0.2620420455932617))]","[-0.0184232946485281, -0.010969461873173714, -0.05176660418510437, 0.05726098269224167, -0.026684505864977837, -0.004999246913939714, 0.029507674276828766, 0.014873365871608257, -0.011025022715330124, 0.01517144963145256, 0.003472063224762678, -0.006536752916872501, 0.012780603021383286, 0.037604715675115585, 0.03328097611665726, 0.017069252207875252, -0.0122755765914917, -0.0004608553135767579, 0.01921127550303936, 0.02471512369811535, -0.024646755307912827, 0.016139822080731392, 0.017802104353904724, -0.0262986421585083, 0.017662517726421356, 0.0663101077079773, 0.01215183176100254, -0.019023369997739792, 0.011593912728130817, -0.005223577842116356, 0.0048369658179581165, 0.004343561362475157, -0.0005092305364087224, -0.021261822432279587, -0.06780389696359634, 0.003433333244174719, -0.003456288482993841, 0.019511578604578972, -0.02532367967069149, 0.045514605939388275, -0.03964642062783241, -0.005088989157229662, -0.00840031262487173, -0.029274843633174896, 0.017898935824632645, -0.020376820117235184, 0.009826929308474064, -0.06547193974256516, -0.0648793876171112, -0.0184955857694149, -0.019666168838739395, -0.010680767707526684, -0.008537275716662407, -0.04508025571703911, 0.06863449513912201, 0.046804461628198624, -0.05373985320329666, 0.0078016784973442554, -0.03980385139584541, 0.013825424015522003, -0.0019515086896717548, -0.004775498528033495, -0.007428355980664492, 0.0179104246199131, -0.045124586671590805, 0.06916850060224533, 0.0038245224859565496, -0.010845131240785122, -0.006105030886828899, -0.010867933742702007, 0.0014035189524292946, 0.045221149921417236, -0.06636013090610504, -0.005753745790570974, -0.09888830780982971, 0.04129570350050926, 0.030382322147488594, -0.0133122019469738, 0.007546938490122557, 0.029597841203212738, -0.0201718732714653, -0.026971988379955292, -0.013584905304014683, 0.01650255359709263, -0.0010959773790091276, 0.020175611600279808, -0.03891245648264885, 0.04377645254135132, 0.021677890792489052, 0.03252694010734558, -0.018233416602015495, -0.010724605992436409, 0.022383829578757286, -0.034978702664375305, -0.013619613833725452, -0.015203326940536499, -0.04761934652924538, 0.017143284901976585, 0.07413677871227264, 0.00513899140059948, 0.036325544118881226, 0.006662030704319477, -0.0015278024366125464, -0.02724199742078781, 0.06705491244792938, 0.01835073158144951, 0.047246091067790985, -0.0016309591010212898, -0.02478380873799324, -0.0393030047416687, 0.023910479620099068, 0.0020140039268881083, -0.02359302155673504, 0.006201526615768671, 0.00803730171173811, 0.0017711713444441557, 0.006806152407079935, 0.017281346023082733, 0.028595784679055214, 0.04562067613005638, 0.07115595787763596, 0.01775120384991169, 0.013513927347958088, -0.0048208278603851795, -0.02699841931462288, 0.004729475360363722, 0.0039999159052968025, 0.009179025888442993, 0.027756163850426674, 0.0363302119076252, -0.006581039633601904, 0.09141893684864044, 0.011823992244899273, -0.0429113544523716, 0.01848687045276165, -0.017665516585111618, -0.03901993855834007, 0.0068253930658102036, -0.007291970308870077, -0.05558770149946213, 0.005714354105293751, -0.02448197640478611, -0.05589050427079201, -0.021798737347126007, 0.020934324711561203, -0.04372193291783333, 0.05903086066246033, -0.003351343795657158, -0.003038005903363228, -0.02045794576406479, 0.021275104954838753, 0.03668856620788574, 0.0026873236056417227, -0.014269779436290264, 0.0373474657535553, -0.03512158989906311, 0.01006961427628994, 0.007561206817626953, -0.019021959975361824, -0.018838590011000633, 0.0206935815513134, 0.023524191230535507, 0.03604413568973541, 0.0010836911387741566, 0.04832310602068901, -0.0075038401409983635, -0.0043925028294324875, 0.04644196480512619, -0.0191192626953125, -0.03800621256232262, 0.044314563274383545, -0.053176261484622955, 0.027305031195282936, -0.015513903461396694, 0.018821289762854576, 0.04496176913380623, 0.08084149658679962, -0.004278369713574648, 0.033778268843889236, -0.04878189414739609, -0.020124981179833412, 0.017491180449724197, -0.020247820764780045, 0.0003613909357227385, -0.0482180193066597, -0.013877635821700096, 0.016569089144468307, -0.0002784279640763998, -0.011846717447042465, -0.018348654732108116, -0.006732800509780645, -0.018898362293839455, 0.0541854165494442, 0.0807824656367302, 0.009373361244797707, -0.0051063126884400845, 0.00861093308776617, 0.014409568160772324, 0.010670033283531666, -0.031075602397322655, -0.021811941638588905, 0.006782277021557093, 0.04207451269030571, 0.003523553954437375, -0.0040338244289159775, -0.009693835861980915, -0.012527039274573326, -0.008239910937845707, 0.027987061068415642, 0.0059015885926783085, -0.0017311589326709509, -0.0013796505518257618, -0.028235800564289093, -0.026782117784023285, -0.009853501804172993, -0.014499194920063019, 0.0027376434300094843, 0.022932732477784157, -0.04046136140823364, -0.03960838541388512, -0.015742838382720947, 0.024563318118453026, 0.06993433833122253, 0.04075799882411957, 0.0008265922078862786, 0.0284433476626873, 0.016244005411863327, 0.03384228050708771, 0.03546256199479103, -0.015232106670737267, -0.03725595399737358, -0.0016132309101521969, 0.029933098703622818, -0.0121804503723979, 0.08272075653076172, 0.0015186653472483158, -0.006734676659107208, 0.03820328041911125, -0.010399522259831429, -0.020281996577978134, -0.023538745939731598, -0.0205327570438385, 0.02402772195637226, -0.02097960375249386, -0.016542501747608185, -0.05139666050672531, 0.015970204025506973, -0.05025337636470795, -0.05905361846089363, -0.0713503286242485, 0.015182518400251865, 0.026023823767900467, 0.00415863748639822, 0.023307260125875473, 0.013214943930506706, 0.03547162935137749, 0.04549701511859894, 0.0023204577155411243, -0.011061697266995907, -0.008295400999486446, 0.018026240170001984, -0.025855617597699165, 0.015890073031187057, 0.04899867624044418, 0.0075157154351472855, 0.008011285215616226, -0.03350445255637169, -0.0021906683687120676, 0.047520752996206284, -0.015704933553934097, -0.011822438798844814, -0.01822998747229576, 0.03558279946446419, -0.008559416979551315, 0.020059939473867416, 0.0873604416847229, -0.002653600415214896, -0.01864028163254261, 0.10346020758152008, -0.03129489719867706, 0.019962145015597343, -0.012391936965286732, 0.025694407522678375, -0.04882965609431267, 0.029557492583990097, -0.0163872130215168, -0.056162893772125244, -0.0291633028537035, 0.0018748394213616848, -0.02355056069791317, -0.003502768464386463, -0.009446447715163231, 0.052464522421360016, -0.015290540643036366, -0.03144759684801102, 0.03369420766830444, 0.014943291433155537, -0.14604133367538452, -0.017321564257144928, 0.002341237850487232, 0.001251300796866417, -0.019422190263867378, 0.03323817625641823, 0.009989266283810139, -0.007225652690976858, -0.037760309875011444, 0.04226844385266304, -0.058511536568403244, -0.06658055633306503, -0.01712697185575962, -0.05964374542236328, 0.051835961639881134, 0.007555847521871328, 0.0006602074718102813, 0.018452219665050507, 0.011702794581651688, 0.0033631722908467054, -0.004673086106777191, 1.346424483017472e-06, 0.011593039147555828, -0.012647618539631367, 0.018752174451947212, 0.01685200445353985, 0.017648080363869667, -0.0468875914812088, -0.011909819208085537, 0.004309683106839657, -0.029687177389860153, 0.03956930711865425, -0.014385637827217579, -0.008922296576201916, 0.00016351655358448625, 0.013512087985873222, 0.0619489848613739, -0.012861430644989014, 0.027666935697197914, 0.03827837109565735, 0.030927933752536774, 0.0178099125623703, -0.03273807466030121, 0.038349639624357224, -0.04697609692811966, -0.01452073734253645, 0.01780419424176216, -0.03386947140097618, -0.002670051995664835, 0.008161677047610283, -0.00644554803147912, 0.00043081259354949, 0.0008974049123935401, -0.027545742690563202, -0.06695355474948883, 0.03818058222532272, -0.009727406315505505, 0.0338519848883152, -0.01762985996901989, 0.012108052149415016, -0.026395445689558983, -0.062138594686985016, 0.02240798994898796, -0.0148279694840312, -0.054278865456581116, 0.009417036548256874, 0.005816071759909391, 0.03580774739384651, -0.0020074115600436926, -0.02374046854674816, 0.04872933775186539, -0.027041245251893997, -0.00943586602807045, 0.008854543790221214, -0.03650525584816933, 0.015030048787593842, 0.002735392889007926, 0.02973809465765953, -0.020874952897429466, -0.07781614363193512, -0.03966430947184563, -0.0005133158410899341, -0.008592480793595314, 0.024671627208590508, -0.007344620767980814, -0.0168679878115654, 0.020000405609607697, 0.025487616658210754, 0.006075851619243622, 0.23949956893920898, -0.004377828910946846, -0.04510004073381424, 0.017377324402332306, 0.04107780009508133, -0.022932006046175957, 0.0033075131941586733, 0.04329972341656685, 0.03451046347618103, -0.02413913793861866, 0.008899454027414322, 0.015510628931224346, 0.00248958682641387, -0.004882073029875755, -0.024309635162353516, 0.023338330909609795, -0.04782778024673462, 0.029290571808815002, 0.07365519553422928, -0.015704136341810226, 0.0642213448882103, -0.028223248198628426, -0.004005035851150751, 0.04306885972619057, -0.09039139002561569, -0.037720609456300735, -0.03652317076921463, -0.007274644915014505, -0.0012141220504418015, 0.009263849817216396, -0.010092981159687042, 0.01751604862511158, 0.06449836492538452, -0.05050197243690491, -0.03999539092183113, 0.008587787859141827, 0.03843558952212334, -0.007730096112936735, -0.025307897478342056, 0.035228949040174484, -0.01237527560442686, 0.010956638492643833, -0.02474004030227661, 0.006048617884516716, 0.008754542097449303, -0.053969115018844604, -0.007514646276831627, -0.00687481090426445, -0.00011383869423298165, -0.0028257910162210464, 0.006998652592301369, -0.05455956608057022, -0.009645462967455387, -0.01596793346107006, 0.014534465968608856, 0.05098975449800491, 0.005110403522849083, 0.015522314235568047, 0.012917724438011646, 0.05526037886738777, 0.036934271454811096, 0.006387725938111544, -0.020889582112431526, 0.041694462299346924, -0.028256865218281746, 0.04178490489721298, -0.04718365520238876, -0.06131761148571968, -0.010795729234814644, 0.04727296158671379, 0.06789513677358627, -0.013125828467309475, -0.018773283809423447, 0.018043680116534233, 0.013540691696107388, -0.020767591893672943, -0.0035510407760739326, 0.01367985550314188, 0.02291802316904068, 0.0015482562594115734, -0.04339243099093437, -0.03427864611148834, -0.049235377460718155, 0.02624993585050106, 0.00508020119741559, -0.027808936312794685, -0.03715302795171738, 0.06632616370916367, -0.025241700932383537, -0.01900351047515869, -0.02345791831612587, -0.0003243425162509084, -0.033522237092256546, 0.009784935042262077, 0.0011935691582038999, 0.012809201143682003, -0.0196043960750103, -0.003302962752059102, -0.0005146170151419938, -0.015120909549295902, -0.008677381090819836, -0.03975345939397812, 0.015747487545013428, 0.035597898066043854, -0.03214617818593979, 0.0060897101648151875, -0.010919908992946148, -0.004775722045451403, 0.004155343398451805, 0.05559806153178215, -0.055200040340423584, 0.023851851001381874, 0.019781125709414482, -0.004893138539046049, 0.02361491695046425, 0.05138913542032242, 0.03198305889964104, 0.012832753360271454, 0.04254670441150665, 0.000434492394560948, -0.05224701017141342, 0.0595826730132103, -0.0222720205783844, 0.004316359758377075, -0.019169606268405914, -0.04684906825423241, -0.022177506238222122, 0.01938873901963234, 0.02039920911192894, 0.024054434150457382, 0.023127863183617592, -0.04090030491352081, 0.003355922643095255, 0.05576037988066673, -0.020433224737644196, 0.0031728202011436224, 0.00021363979612942785, 0.028926556929945946, 0.006660414393991232, 0.04888968542218208, -0.04585772380232811, 0.01670583337545395, -0.031674016267061234, 0.018292289227247238, -0.019651323556900024, 0.051395781338214874, 0.03476861119270325, -0.01325262151658535, -0.028675632551312447, 0.004773636348545551, 0.02144729159772396, 0.03336431086063385, 0.016822615638375282, -0.04622460901737213, -0.003412210149690509, -0.026390288025140762, -0.024345451965928078, -0.03751946613192558, -0.0029057797510176897, -0.006144433747977018, -0.006794910877943039, -0.029937952756881714, 0.015522195026278496, 0.05992206558585167, 0.009867759421467781, 0.008680291473865509, -0.017642613500356674, 0.014653130434453487, -0.02324330434203148, -0.04462632164359093, -0.015659846365451813, -0.04923347011208534, -0.026797190308570862, -0.025656061246991158, -0.016556885093450546, -0.05654003843665123, -0.04509428143501282, -0.004413104150444269, -0.02762848511338234, -0.012827458791434765, 0.01063418947160244, -0.028058556839823723, -0.027639424428343773, -0.01615474559366703, 0.0327131412923336, -0.021396934986114502, 0.022968653589487076, -0.022724444046616554, 0.01360942330211401, -0.03043520636856556, 0.016270915046334267, 0.08993741124868393, 0.03975987434387207, -0.022731725126504898, -0.02404274046421051, -0.012023333460092545, 0.046294160187244415, 0.015580172650516033, 0.01151477824896574, -0.008942496962845325, 0.008347096852958202, -0.008620735257863998, 0.009762054309248924, -0.05491410195827484, 0.013400007970631123, 0.02035604789853096, -0.03573603183031082, -0.023101940751075745, -0.020233677700161934, 0.036371923983097076, -0.04632023721933365, -0.016064362600445747, -0.026339000090956688, 0.004476750269532204, -0.017877865582704544, -0.04573984816670418, 0.04490663483738899, 0.027484238147735596, 0.0023125153966248035, -0.032637812197208405, -0.01839502342045307, 0.022756114602088928, 0.031176019459962845, 0.013637038879096508, 0.040337689220905304, 0.0010665709851309657, 0.021488765254616737, -0.026118233799934387, -0.003174249082803726, -0.025810878723859787, -0.00498190289363265, -0.04791815206408501, 0.024435002356767654, -0.01632106676697731, 0.0017865747213363647, -0.014141409657895565, 0.006842083763331175, 0.03845237195491791, -0.01992432214319706, -0.0123762097209692, 0.0034584994427859783, 0.04056239873170853, 0.010824036784470081, 0.06550822407007217, 0.027426041662693024, 0.0033249412663280964, -0.0033821009565144777, -0.020456520840525627, 0.006466498598456383, 0.02701149880886078, 0.025910595431923866, 0.006775279529392719, 0.011073945090174675, -0.05081135407090187, -0.0012614665320143104, 0.049098581075668335, -0.014469768851995468, 0.020028535276651382, -0.016518650576472282, -0.013395816087722778, -0.034386489540338516, 0.00912327878177166, -0.0162843968719244, 0.004589035641402006, -0.024975204840302467, -0.05467027425765991, 0.016318129375576973, -0.042446982115507126, -0.017076365649700165, -0.0444926992058754, -0.022048210725188255, -0.002810242585837841, -0.0034374594688415527, -0.021167051047086716, 0.02084232307970524, 0.002650747075676918, -0.01854265294969082, -0.02950889803469181, -0.006377920508384705, 0.05413711071014404, 0.05220123007893562, 0.009306669235229492, 0.006654074881225824, 0.017886782065033913, 0.011322961188852787, -0.014654133468866348, -0.033192310482263565, 0.02486373670399189, 0.021526819095015526, -0.0418282188475132, -0.012045464478433132, 0.0006687569548375905, -0.03287532180547714, -0.02074292115867138, -0.020720483735203743, -0.02127109467983246, -0.0333792008459568, 0.03686915338039398, -0.021191196516156197, -0.010407738387584686, -0.004911188501864672, -0.04472843185067177, -0.00922359712421894, -0.021993476897478104, 0.06846322864294052, 0.03424011915922165, 0.008277998305857182, -0.0158432275056839, 0.049948494881391525, 0.018150772899389267, 0.01512886956334114, -0.029367497190833092, 0.042560189962387085, 0.06886404752731323, 0.009234617464244366, -0.0227672066539526, 0.016612589359283447, 0.02923738956451416, -0.008934948593378067, -0.029740987345576286, -0.006961402483284473, -0.007087769452482462, -0.010190430097281933, -0.02295774035155773, 0.010894621722400188, -0.003401948604732752, 0.008725878782570362, 0.006809699814766645, -0.04127342998981476, 0.007500737905502319, 0.008852734230458736, 0.006427928805351257, 0.01653379574418068, 0.012811423279345036, 0.009720775298774242, 0.004358247853815556, 0.013703208416700363, -0.022715099155902863, 0.0638638511300087, -0.0117943175137043, -0.03117026947438717, 0.015206290408968925, 0.07948872447013855, -0.02888573333621025, 0.042318928986787796, -0.030413109809160233, 0.03227601945400238, -0.01010990422219038, 0.0008743741782382131, -0.03377056494355202, -0.02556479722261429, 2.2388050638255663e-05, -0.007296225056052208, -0.04809094965457916, -0.0041272565722465515, 0.009594469331204891, 0.03179456666111946, 0.03400520235300064, 0.05979946255683899, 0.0020601365249603987, 0.022713785991072655, 0.03652067855000496, -0.019496316090226173, -0.030042098835110664, -0.01041086670011282, -0.004216180182993412, 0.04489467665553093, 0.015758488327264786, -0.033904507756233215, -0.011895126663148403, 0.002885827561840415, 0.049205515533685684, 0.0050639742985367775, -0.00059845473151654, -0.023728469386696815, 0.04823694005608559, -0.03532204031944275, -0.050564173609018326, -0.010848984122276306, -0.0032491288147866726, 0.010867062956094742, -0.054590318351984024, -0.052719198167324066, -0.019461480900645256, -0.01640484295785427, -0.02255004644393921, -0.008532720617949963, -0.027555570006370544, -0.029889604076743126, -0.02325945720076561, -8.318182517541572e-05, 0.02309020236134529, -0.015658538788557053, -0.03179831802845001, -0.16005055606365204, 0.030007068067789078, -0.005121496040374041, 0.017463844269514084, -0.03256295621395111, -0.021097594872117043, -0.006108550820499659, -0.032714858651161194, -0.007350738160312176, -0.00578277325257659, -0.01524433121085167, -0.043055661022663116, -0.007245826534926891, -0.0319710448384285, 0.008263635449111462, 0.04527268186211586, 0.01382546965032816, 0.015142722055315971, 0.013179541565477848, -0.004405579529702663, 0.028926055878400803, -0.03170913830399513, 0.009884207509458065, -0.0014243765035644174, 0.01743282377719879, -0.013334301300346851, -0.006254784297198057, 0.011731922626495361, -0.0035101838875561953, -0.04536204785108566, 0.019621137529611588, 0.010740043595433235, 0.012355013750493526, 0.012227117083966732, 0.02310328185558319, 0.009100687690079212, -0.015223697759211063, 0.036385428160429, -0.037058621644973755, -0.04613320901989937, -0.01820354163646698, 0.02112524025142193, -0.06567608565092087, -0.008588206022977829, 0.002777618123218417, 0.020374516025185585, 0.03334730491042137, -0.00889703631401062, -0.021463733166456223, -0.03100987896323204, -0.001034203334711492, -0.0072653647512197495, -0.029962418600916862, 0.06392907351255417, -0.0021939584985375404, 0.007869713008403778, 0.013380534015595913, -0.014766829088330269, -0.003569788997992873, 0.027884693816304207, -0.024270204827189445, 0.02024628221988678, -0.030279647558927536, -0.06834227591753006, 0.008265187032520771, 0.006138586439192295, -0.04790624603629112, 0.04096810519695282, 0.017660342156887054, 0.010716944001615047, -0.029232608154416084, 0.017397472634911537, 0.018495865166187286, -0.019971396774053574, -0.00538375461474061, -0.0035193951334804296, 0.05130539461970329, -0.001020503113977611, -0.010667851194739342, -0.02423187531530857, -0.03823976591229439, -0.03288910165429115, -0.03573896735906601, -0.001816094503737986, 0.02076095901429653, -0.009189213626086712, -0.0344405323266983, 0.04372779279947281, 0.019845031201839447, -0.009184923022985458, -0.03597502410411835, -0.009663069620728493, 0.03746381402015686, 0.009417344816029072, -0.017001615837216377, 0.021233242005109787, -0.03753480315208435, -0.028875457122921944, 0.003245120169594884, -0.003976841457188129, 0.02277819998562336, -0.010329961776733398, -0.006934790406376123, 0.0305041391402483, -0.014392953366041183, 0.033107440918684006, 0.024716544896364212, 0.0011107613099738955, 0.030641667544841766, -0.02951866388320923, 0.02832021564245224, 0.004412070382386446, -0.039291225373744965, -0.017648836597800255, -0.07557256519794464, -0.018084106966853142, 0.019418582320213318, 0.00719762546941638, -0.04361392557621002, -0.018705440685153008, 0.018780436366796494, -0.007442325819283724, -0.0049096038565039635, -0.03625350818037987, 0.02135332114994526, 0.021716047078371048, 0.04851570352911949, -0.015410293824970722, -0.007708756718784571, -0.010044148191809654, 0.031515706330537796, -0.07511070370674133, -0.02208903804421425, 0.045888494700193405, 0.04347560927271843, -0.0010840736795216799, -0.010673750191926956, 0.06022423878312111, -0.0872480720281601, -0.021438108757138252, 0.005011827684938908, -0.02352169342339039, 0.007867315784096718, -0.026457834988832474, -0.020566878840327263, -0.0703076496720314, 0.008587096817791462, -0.021466456353664398, 0.010508052073419094, -0.033373575657606125, 0.028452521190047264, 0.03452128544449806, -0.050406087189912796, 0.056981053203344345, 0.005112471524626017, -0.013901179656386375, -0.04108964651823044, 0.016713684424757957, 0.004060602281242609, 0.031226282939314842, -0.0016307946061715484, -0.03477931022644043, -0.004401795566082001, 0.006956815253943205, -0.02518726885318756, 0.004346150904893875, -0.026357019320130348, -0.023790035396814346, -0.024651218205690384, -0.004555016290396452, 0.01358806248754263, 0.023739738389849663, -0.0205409973859787, -0.06737155467271805, 0.00975288636982441, -0.04778819903731346, 0.015465469099581242, 0.03779752925038338, 0.021940596401691437, 0.0028928935062140226, 0.019235720857977867, 0.03796138986945152, 0.045384060591459274, 0.01433511171489954, -0.027382323518395424, 0.025199947878718376, -0.015743611380457878, -0.0012979251332581043, -0.007720061577856541, -0.025342978537082672, -0.009290807880461216, 0.014978076331317425, 0.017862342298030853, 0.015056727454066277, 0.013872334733605385, -0.013614273630082607, 0.004110014531761408, 0.02873327024281025, 0.03649866208434105, 0.03552653267979622, -0.05155077949166298, 0.01931149698793888, -0.042437843978405, 0.0015996211441233754, -0.02232726849615574, 0.011073630303144455, -0.0079967575147748, 0.008155591785907745, -0.0166503693908453, 0.02253885194659233, -0.019418692216277122, 0.04428888484835625, -0.029069572687149048, 0.03857670724391937, -0.05132560059428215, -0.02684618905186653, -0.03656347468495369, 0.0047544632107019424, -0.017199650406837463, 0.01894039660692215, -0.015074432827532291, 0.00250505399890244, 0.009747442789375782, -0.006030369084328413, -0.03541646525263786, 0.00400059437379241, -0.039877984672784805, -0.02395402267575264, 0.02638433873653412, -0.006144051905721426, -0.0014957902021706104, -0.001643781317397952, -0.023071885108947754, 0.02615194581449032, -0.05904162675142288, 0.005062231328338385, 0.006953528616577387, 0.012657765299081802, -0.004621555097401142, 0.02116481587290764, -0.029694421216845512, 0.016423892229795456, -0.005374659784138203, 0.02029826119542122]",,
15_1_0_errors_invalid_use_server_value_mdx_section_3,section,15_1_0_errors_invalid_use_server_value_mdx,"Invalid ""use server"" Value - Useful Links",,{},15.1.0,"[/docs/app/building-your-application/data-fetching/server-actions-and-mutations](/docs/app/building-your-application/data-fetching/server-actions-and-mutations)
[https://react.dev/reference/react/use-server](https://react.dev/reference/react/use-server)
",,"[(np.int64(71), np.float64(0.04005042463541031)), (np.int64(360), np.float64(0.02064395695924759)), (np.int64(4032), np.float64(0.21032430231571198)), (np.int64(7013), np.float64(0.1785164773464203)), (np.int64(7844), np.float64(0.11966370046138763)), (np.int64(10723), np.float64(0.24632540345191956)), (np.int64(36836), np.float64(0.14864757657051086)), (np.int64(57890), np.float64(0.23616451025009155)), (np.int64(190060), np.float64(0.2452978491783142))]","[-0.03404645249247551, -0.024723995476961136, -0.026254575699567795, 0.04353325441479683, -0.04477492719888687, -0.061755985021591187, -0.0021364239510148764, 0.04173791781067848, 0.003992983605712652, -0.014928340911865234, 0.006064811255782843, 0.009511872194707394, -0.0007386497454717755, -0.006082633510231972, -0.01035928726196289, -0.010013042017817497, -0.03647969663143158, -0.004969267640262842, 0.007556643802672625, -0.021719589829444885, 0.018264681100845337, -0.011129112914204597, 0.04402656480669975, -0.009988623671233654, 0.014019195921719074, 0.004466793034225702, -0.01989920809864998, -0.03915765881538391, 0.02878044731914997, 0.010081881657242775, 0.04659615084528923, -0.02568543143570423, 0.008507256396114826, -0.0006644921959377825, -0.045573193579912186, -0.020789798349142075, -0.02484213560819626, 0.005607619881629944, -0.03365611657500267, 0.0219854898750782, -0.0038070243317633867, 0.026405058801174164, 0.007276735734194517, -0.035327304154634476, 0.02222783863544464, -0.03999132663011551, 0.004347702022641897, -0.007728439290076494, -0.014988087117671967, 0.006612054537981749, -0.0496952123939991, 0.012739302590489388, 0.026272838935256004, -0.050914932042360306, 0.02490931749343872, 0.0364944264292717, 0.02655981108546257, -0.02612932026386261, -0.04264587163925171, 0.029961658641695976, -0.001750344061292708, -0.028164353221654892, -0.02585669979453087, -0.01695307344198227, 0.010067446157336235, 0.0499730110168457, 0.03269548341631889, 0.03132384270429611, -0.028174549341201782, -0.0731683000922203, 0.009102588519454002, 0.05588632449507713, -0.04023553431034088, -0.02965525910258293, -0.030851110816001892, -0.0023166744504123926, 0.012261580675840378, -0.013961554504930973, 0.0014137182151898742, 0.007217598147690296, -0.015284580178558826, -0.019270526245236397, 0.02894204668700695, -0.025857092812657356, -0.023364199325442314, -0.01514654140919447, -0.03313504159450531, 0.016196710988879204, 0.016941627487540245, -0.008092278614640236, -0.014124112203717232, -0.03508054092526436, 0.03524545580148697, -0.048071540892124176, -0.0449056513607502, 0.007678980939090252, -0.005095381755381823, 0.035146892070770264, 0.06264560669660568, -0.003932313062250614, 0.024747127667069435, -0.015427986159920692, -0.0481308251619339, -0.024646351113915443, 0.014188465662300587, 0.009253598749637604, 0.03916224092245102, 0.016125313937664032, -0.00985134206712246, -0.02565811015665531, 1.588472878211178e-05, -0.017841948196291924, 0.054000794887542725, 0.033213671296834946, 0.00539874704554677, -0.0304571520537138, 0.01762416400015354, 0.0012758979573845863, -0.005894312169402838, 0.015837036073207855, 0.0018591900588944554, 0.010971132665872574, 0.10178016871213913, -0.008036929182708263, -0.020552370697259903, 0.015306868590414524, -0.01604979857802391, 0.052400581538677216, 0.04544292390346527, 0.0020825874526053667, 0.01926008239388466, -0.006336152087897062, 0.004636725876480341, -0.014924971386790276, -0.05880391597747803, -0.013698367401957512, 0.006657330319285393, 0.02592991665005684, 0.007137211970984936, -0.051379211246967316, 0.0168214850127697, 0.01598493568599224, -0.007390857674181461, -0.003038726281374693, 0.04733657091856003, -0.02059788443148136, 0.07259901612997055, 0.042738910764455795, -0.03485298156738281, -0.0097686517983675, 0.025538697838783264, -0.028723405674099922, 0.03954342380166054, -0.021213337779045105, -0.007143998518586159, -0.02853255532681942, -0.010261555202305317, 0.0030544991604983807, 0.015531999990344048, 0.004481801297515631, -0.08325624465942383, -0.03723999112844467, -0.05777881667017937, 0.036955736577510834, 0.009359631687402725, -0.012673241086304188, -0.019613320007920265, 0.0008219004957936704, -0.02998626045882702, -0.05978887900710106, 0.013168644160032272, -0.006739413365721703, 0.022404111921787262, 0.008895399048924446, 0.007910911925137043, 0.028110690414905548, 0.06677298992872238, 0.021202344447374344, 0.01455646101385355, -0.014652950689196587, -0.05319127440452576, 0.005288734100759029, -0.03800830617547035, -0.030679596588015556, -0.005311013199388981, -0.013046279549598694, -0.059452492743730545, -0.0400228351354599, -0.02177463099360466, 0.01620684750378132, 0.005619114730507135, -0.004484021104872227, 0.03786283731460571, -0.017284005880355835, -0.03831935301423073, -0.02088324911892414, 0.022818682715296745, 0.039597660303115845, 0.023596541956067085, 0.040496859699487686, 0.016405122354626656, 0.04249581694602966, 0.04572312906384468, 0.02506702020764351, -0.012544075958430767, -0.00971646886318922, 0.0072932918556034565, -0.04187770187854767, -0.0012862056028097868, -0.06918445974588394, -0.017212804406881332, -0.012225502170622349, -0.026424717158079147, -0.011599124409258366, -0.04590369760990143, 0.012877970933914185, -0.008664014749228954, -0.003042754251509905, 0.008687319234013557, -0.053101371973752975, -0.04839262366294861, 0.03938775509595871, -0.004855176899582148, 0.040071599185466766, 0.030560042709112167, -0.0600043423473835, 0.043819766491651535, 0.04490676894783974, 0.008741796016693115, -0.010639388114213943, -0.0005749612464569509, 0.020816434174776077, 0.025198614224791527, -0.026874033734202385, 0.05223419517278671, -0.03225930035114288, -0.010198703035712242, 0.003506482345983386, -0.00932369939982891, -0.0011285197688266635, -0.018808482214808464, -0.032563675194978714, 0.004761236719787121, -0.00865086168050766, -0.0522444024682045, 0.02185656502842903, 0.0044088345021009445, 0.06521297991275787, -0.009465806186199188, -0.056346118450164795, 0.0024561076425015926, -0.009340615943074226, 0.003377489745616913, -0.025097113102674484, 0.031885966658592224, -0.02903151325881481, 0.04911413416266441, 0.028368346393108368, -0.002471023704856634, -0.012796508148312569, -0.01976451277732849, 0.051979225128889084, 0.007122447714209557, 0.0008254185086116195, -0.0049552773125469685, -0.000960579898674041, -0.0385809987783432, -0.048422008752822876, 0.02668139711022377, 0.01696012169122696, -0.008147242479026318, 0.014079911634325981, 0.029597174376249313, 0.03150905668735504, -0.02517852373421192, 0.009055041708052158, -0.026827305555343628, -0.02914614789187908, 0.05933840945363045, 0.05048408731818199, -0.02689989097416401, 0.07286461442708969, 0.03652188554406166, 0.04629569500684738, 0.03782433271408081, -0.022964121773838997, 0.011169441975653172, -0.02166934125125408, 0.03979507461190224, -0.03336456045508385, -0.043051328510046005, -0.053162138909101486, 0.059450212866067886, -0.004941311664879322, -0.02073865756392479, 0.026457596570253372, 0.010969755239784718, -0.1491607129573822, -0.009807941503822803, 0.023151777684688568, 0.02013896405696869, 0.014083394780755043, 0.03337873890995979, -0.042774248868227005, -0.006942806765437126, -0.030868662521243095, 0.009329188615083694, -0.007450014352798462, -0.06387268006801605, -0.032424744218587875, -0.007865012623369694, -0.005410092882812023, 0.01552716363221407, 0.01045224815607071, 0.00804780051112175, -0.015506614930927753, -0.02283327654004097, -0.012141761370003223, -0.018157487735152245, 0.030273020267486572, -0.0020249919034540653, -0.04348213970661163, -0.034124307334423065, 0.020792756229639053, 0.02766013704240322, 0.011503693647682667, -0.005561530590057373, -0.024318214505910873, 0.01906409114599228, 0.0017448659054934978, -0.009229562245309353, 0.019442731514573097, 0.012540494091808796, 0.010510765947401524, -0.0172650795429945, 0.009445030242204666, -0.0303890872746706, 0.016640417277812958, 0.08547507971525192, -0.020719312131404877, -0.0035907879937440157, 0.03045511618256569, 0.007452130317687988, -0.02302602492272854, 0.004610931966453791, -0.025491252541542053, -0.011175992898643017, 0.003097836161032319, -0.028106646612286568, 0.001290096784941852, 0.00713143777102232, -0.04617318883538246, 0.005226787645369768, 0.013615240342915058, 0.048656001687049866, 0.013896476477384567, 0.04283042997121811, 0.01956787332892418, -0.007910110056400299, 0.0658816248178482, 0.015880269929766655, -0.00559269217774272, 0.01498788595199585, 0.0851508378982544, -0.003474909346550703, 0.0027892349753528833, -0.026506034657359123, 0.04095502570271492, 0.002091978443786502, 0.00585290277376771, 0.02161654457449913, -0.02553664706647396, 0.017144611105322838, -0.0009121248149313033, 0.016982808709144592, -0.012919257394969463, -0.10778026282787323, -0.016772504895925522, 0.03565574437379837, 0.008546843193471432, 0.034128062427043915, -0.022108813747763634, -0.01631835289299488, -0.006490318104624748, -0.008025750517845154, 0.03256641700863838, 0.2573087513446808, 0.01163444947451353, -0.00521382549777627, 0.013172001577913761, 0.06481703370809555, 0.0010709897615015507, 0.008119504898786545, 0.031928762793540955, 0.03633405640721321, -0.020200934261083603, 0.008582636713981628, 0.0001618917303858325, -0.020418761298060417, -0.015402590855956078, -0.011645353399217129, 0.007852030918002129, -0.04815802723169327, -0.030324311926960945, 0.07304243743419647, -0.015541275031864643, 0.012937856838107109, -0.06421462446451187, 0.00852222926914692, 0.040302760899066925, -0.07055644690990448, -0.006535924505442381, 0.010525722056627274, 0.009483538568019867, -0.039011672139167786, 0.028471654281020164, -0.028387930244207382, 0.007518456783145666, 0.025805963203310966, 0.03927101194858551, -0.03213196620345116, -0.018553411588072777, 0.029378755018115044, -0.0192323699593544, -0.00022487311798613518, 0.012633929960429668, 0.0029656633269041777, -0.046547699719667435, -0.00516147818416357, 0.034468259662389755, -0.050441376864910126, -0.029580023139715195, -0.02378102019429207, -0.025273554027080536, -0.04886911064386368, -0.0465841107070446, -0.026148639619350433, -0.030670369043946266, 0.019103413447737694, 0.005615211091935635, 0.012544034980237484, -0.008202297613024712, -0.0023719763848930597, 0.013703698292374611, 0.0040008993819355965, 0.03553805127739906, 0.03907957300543785, -0.013250932097434998, -0.05722653120756149, 0.0208622757345438, -0.05962349846959114, -0.006730937864631414, 0.02487834542989731, -0.031145846471190453, 0.005118957720696926, 0.05491122603416443, -0.032146889716386795, -0.006291457451879978, 0.0200920682400465, -0.010807061567902565, 0.02784428931772709, 0.011776547878980637, 0.04363712668418884, 0.009502584114670753, -0.052578337490558624, 0.089071124792099, -0.026276923716068268, 0.014671092852950096, -0.010374565608799458, 0.039212360978126526, 0.022025082260370255, -0.00153289083391428, 0.0038911255542188883, 0.04992072284221649, 0.017876310274004936, -0.002354226540774107, -0.04784600809216499, -0.005169291980564594, -0.03330293297767639, 0.0024199069011956453, -0.003906822297722101, 0.0028442135080695152, 0.03097471594810486, 0.0068512167781591415, -0.04764721915125847, 0.004216493107378483, 0.004057245794683695, -0.020037183538079262, 0.003152532037347555, -0.03624879941344261, 0.06424456834793091, -0.038278430700302124, -0.006891011726111174, 0.03314229100942612, 0.0030317390337586403, 0.03834381699562073, -0.048167578876018524, 0.04734227433800697, -0.01733260601758957, -0.040341831743717194, -0.02274109423160553, 0.058094322681427, 0.0402798131108284, 0.0385250523686409, 0.00782580953091383, 0.050749827176332474, -0.011225517839193344, -0.011501592583954334, 0.023188404738903046, 0.007939829491078854, 0.012069358490407467, -0.04088553413748741, -0.01603599824011326, 0.015234620310366154, -0.03349592164158821, 0.05975736677646637, 0.04132572188973427, -0.02167746052145958, -0.012308362871408463, 0.019536664709448814, 0.027137327939271927, 0.0006504749762825668, 0.04863359406590462, 0.06429490447044373, 0.04176017642021179, 0.008597955107688904, -0.050482187420129776, 0.0012554785935208201, -0.03628654032945633, 0.05144302919507027, 0.03537518158555031, 0.01680523157119751, -0.037502698600292206, 0.035254158079624176, 0.016130706295371056, 0.012672195211052895, 0.0519951768219471, 0.028217202052474022, -0.020578043535351753, 0.010287070646882057, 0.008470510132610798, -0.03764669597148895, -0.015127182006835938, -0.014820912852883339, -0.020355984568595886, -0.004537377506494522, -0.01192338764667511, -0.003481244668364525, 0.04606642201542854, 0.02436329610645771, 0.015804115682840347, -0.037941209971904755, 5.8412835642229766e-05, 0.046314213424921036, 0.02055671252310276, -0.028395798057317734, 0.01195166539400816, -0.008519553579390049, -0.07817365974187851, 0.041960231959819794, -0.04559250921010971, -0.02076672948896885, -0.060206495225429535, -0.03234272822737694, -0.007576560601592064, -0.02810586616396904, 0.012895279563963413, -0.010070114396512508, -0.015177921392023563, -0.01861931011080742, 0.04848058894276619, 0.013185692019760609, -0.014234162867069244, -0.0009432029328309, 0.03960222005844116, -0.026371058076620102, 0.02408427745103836, 0.14058339595794678, 0.024785086512565613, -0.005734156351536512, 0.06370031088590622, 0.007665093056857586, 0.05263681337237358, 0.02874639444053173, -0.006075759418308735, -0.009604516439139843, -0.017191188409924507, -0.00909069087356329, 0.016103053465485573, -0.007601045537739992, -0.010641160421073437, -0.03471635282039642, -0.05692799389362335, 0.021770324558019638, -0.01970614492893219, 0.0335208885371685, 0.0010791467502713203, 0.043957311660051346, -0.04402661696076393, 0.010229997336864471, 0.00021951293456368148, -0.05327736213803291, 0.07033417373895645, 0.06975128501653671, 0.014984741806983948, 0.04395562782883644, -0.06926711648702621, -0.03513128310441971, 0.024120740592479706, -0.0024790605530142784, -0.014170296490192413, 0.021092956885695457, 0.016367819160223007, -0.03774501010775566, -0.00726417126134038, 0.023812858387827873, -0.01972232572734356, 0.009255251847207546, 0.0032206804025918245, -0.014840522781014442, 0.0044051529839634895, -0.003473663004115224, 0.014842788688838482, 0.020322857424616814, -0.003146404167637229, -0.043882668018341064, -0.03602607548236847, 0.04131908714771271, 0.04473968967795372, 0.05029767006635666, 0.0015974717680364847, -0.006303695030510426, -0.02794164977967739, -0.014591856859624386, 0.018715595826506615, 0.03542117401957512, -0.01147860661149025, -0.030209772288799286, 0.016881130635738373, -0.03244757279753685, -0.011640334501862526, 0.022810181602835655, 0.0009155701845884323, -0.018124844878911972, -0.058348555117845535, -0.041328705847263336, -0.019763460382819176, 0.00547782750800252, 0.008964136242866516, -0.010863754898309708, 0.027494793757796288, -0.034447044134140015, 0.010265982709825039, -0.037671178579330444, -0.03397030010819435, -0.03898148611187935, -0.002847496187314391, 0.01667817309498787, -0.02224806137382984, -0.01652730442583561, 0.01890985481441021, 0.003078342182561755, -0.006554559338837862, -0.02031513676047325, -0.057561855763196945, -0.045356519520282745, -0.05741759017109871, 0.00419865595176816, 0.004051113501191139, 0.0269301850348711, -0.0019444078207015991, 0.007054223213344812, 0.07705691456794739, -0.0038224931340664625, 0.0027450111228972673, -0.04503137245774269, 0.004529989790171385, -0.005451550241559744, -0.04520362988114357, -0.010110792703926563, 0.009201513603329659, -0.01006225124001503, 0.0030522935558110476, 0.0484442263841629, 0.01036045327782631, 0.013143911957740784, -0.011008662171661854, -0.00578682916238904, 0.001979833235964179, -0.019588585942983627, -0.02126189135015011, 0.04522698000073433, -0.045623913407325745, -0.054575055837631226, 0.010804661549627781, -0.013978920876979828, 0.012461861595511436, -0.0464886911213398, 0.012244218960404396, 0.043853744864463806, 0.020329881459474564, -0.02127574197947979, 0.025751439854502678, 0.011622120626270771, -0.03124498948454857, -0.031552962958812714, 0.017310962080955505, 0.008691386319696903, 0.006815957371145487, 0.016362274065613747, -0.01474671345204115, -0.004164267797023058, -0.011027304455637932, -0.01917080394923687, -0.01684151217341423, -0.008499633520841599, -0.059330809861421585, -0.011940035037696362, -0.013276700861752033, -0.029670562595129013, -0.00200065178796649, 0.00012481985322665423, 0.041867151856422424, -0.01718449965119362, -0.006823210045695305, 0.00542103499174118, 0.001965669449418783, -0.01637883298099041, 0.05845807492733002, -0.00900735892355442, -0.02600240334868431, -0.0269318874925375, -0.025288237258791924, -0.005296370014548302, -0.026164880022406578, -0.005305223632603884, 0.0058813015930354595, -0.04193105921149254, -0.008718757890164852, -0.04493320733308792, 0.017668098211288452, -0.02806864120066166, -0.033936236053705215, 0.014205539599061012, 0.024998359382152557, 0.06800837814807892, -0.0022051623091101646, 0.02467586286365986, 0.009580164216458797, -0.02281690016388893, 0.021731829270720482, -0.0049193426966667175, 0.0133472615852952, -0.016215668991208076, -0.01854049786925316, -0.013457474298775196, -0.014805035665631294, 0.06722668558359146, 0.008665280416607857, -0.01607310026884079, -0.06204628571867943, 0.040126949548721313, -0.03861679881811142, 0.006548086181282997, 0.020942429080605507, 0.010021858848631382, -0.014542126096785069, -0.033881157636642456, -0.019121970981359482, -0.012380441650748253, -0.05903416872024536, 0.008694145828485489, -0.005045367870479822, -0.02159181237220764, -0.013965106569230556, 0.08542266488075256, -0.03389917314052582, -0.025719748809933662, 0.017277628183364868, 0.026976533234119415, -0.1589999496936798, 0.0074918498285114765, -0.018587106838822365, 0.00972743984311819, -0.0021370353642851114, 0.0016720348503440619, -0.020015347748994827, -0.05651113763451576, 0.0168729517608881, -0.032851848751306534, -0.026267901062965393, -0.0018122211331501603, 0.046900637447834015, -0.03453969582915306, 0.016196394339203835, 0.01855718530714512, -0.0011606060434132814, -0.026918526738882065, 0.01361840683966875, 0.00341126904822886, 9.469316137256101e-05, 0.022569000720977783, 0.03202870115637779, -0.02187579870223999, 0.016353989019989967, -0.0066675846464931965, 0.002475970657542348, 0.006700931582599878, -0.013960218988358974, -0.005479122046381235, 0.015237118117511272, -0.0009109320235438645, 0.016515454277396202, 0.03901797533035278, -0.013630579225718975, 0.00038956617936491966, -0.008552572689950466, -0.02225537598133087, -0.01770799420773983, 0.029703620821237564, -0.031547240912914276, 0.029413551092147827, -0.02707277238368988, -0.010197624564170837, 0.045788753777742386, 0.02915550209581852, -0.03258118778467178, 0.00024324163678102195, -0.011972149834036827, 0.01261089276522398, -0.009085718542337418, 0.07873668521642685, -0.0023639886640012264, 0.001294657471589744, 0.0008434391929768026, 0.000445314944954589, 0.01522037759423256, 0.008103634230792522, -0.03401891887187958, 0.02030862122774124, -0.01794014684855938, 0.048116106539964676, -0.004249478690326214, -0.027616217732429504, 0.015973862260580063, 0.02530425786972046, -0.010878460481762886, 0.030436178669333458, 0.007216402795165777, -0.03484523296356201, -0.03182268515229225, -0.030506556853652, 0.010609769262373447, 0.0031979884952306747, 0.010912592522799969, 0.017645232379436493, -0.0027683184016495943, -0.03031795099377632, -0.05612235888838768, -0.010748641565442085, -0.03212432563304901, -0.03637119382619858, -0.05903930962085724, 0.045672398060560226, 0.028708552941679955, -0.01822935976088047, -0.011130952276289463, -0.012238697148859501, 0.011656970717012882, -0.02400691993534565, -0.042300716042518616, -0.04862038418650627, 0.017317036166787148, 0.005642682779580355, -0.002605865942314267, 0.020271021872758865, -0.0003875113616231829, -0.03006317839026451, 0.021376026794314384, -0.009432644583284855, -0.002057703211903572, -0.01165486965328455, 0.02370326966047287, -0.013092687353491783, -0.022294890135526657, 0.03007926419377327, 0.025716228410601616, -0.011506055481731892, 0.011871839873492718, 0.01378240529447794, -0.010370107367634773, -0.010141590610146523, -0.022166555747389793, 0.000351024471456185, -0.050655297935009, -0.007771068252623081, -0.028996571898460388, 0.009223627857863903, 0.012988591566681862, 0.0031260766554623842, 0.025517089292407036, 0.017512300983071327, -0.0355251245200634, -0.027710003778338432, 0.02920224517583847, 0.05676434934139252, 0.049824003130197525, 0.0266826581209898, -0.005519385449588299, -0.009271557442843914, -0.014459247700870037, 0.0037539585027843714, -0.018967365846037865, 0.022220078855752945, 0.026644837111234665, -0.028986046090722084, -0.03334825485944748, 0.048342760652303696, -0.042704466730356216, -0.040441375225782394, 0.0022710298653692007, 0.014749192632734776, 0.013372374698519707, -0.05806522071361542, -0.007513329852372408, -0.030285438522696495, 0.026795532554388046, -0.02227492444217205, -0.00992276705801487, -0.011020963080227375, -0.019461967051029205, 0.0035160330589860678, -0.03201184794306755, 0.033888597041368484, -0.009791836142539978, 0.0579497255384922, -0.021043112501502037, -0.018544970080256462, -0.09591470658779144, 0.006775963585823774, -0.0063868360593914986, -0.02615649811923504, -0.018447881564497948, -0.01865091733634472, 0.011337872594594955, 0.014211280271410942, 0.006275566294789314, -0.014092881232500076, -0.035465583205223083, 0.027278106659650803, -0.03267446905374527, 0.04686543345451355, -0.015179174020886421, -0.04626676067709923, 0.051729898899793625, -0.053605545312166214, 0.017356086522340775, 0.00982572790235281, 0.03470801189541817, 0.007926937192678452, -0.004582254681736231, 0.031711380928754807, 0.06340470910072327, -0.02912030555307865, 0.008402863517403603, 0.018108757212758064, -0.027224715799093246, 0.022081291303038597, 0.00544120604172349, -0.00948625709861517, -0.021744629368185997, 0.0072570559568703175, -0.010908427648246288, -0.0003866549814119935, 0.031195862218737602, -0.028434501960873604, 0.002725426573306322, 0.006940036080777645, -0.004966506268829107, 0.049440816044807434, -0.029507214203476906, -0.008857720531523228, -0.015489927493035793, -0.01142133679240942, 0.013760753907263279, -0.03126118704676628, -0.019179673865437508, 0.004570415243506432, -0.009149354882538319, 0.02378246560692787, -0.0004046111716888845, 0.0006544944480992854, -0.04239416494965553, 0.032905980944633484, 0.014764833264052868, -0.029233276844024658, 0.02087857946753502, -0.0159098282456398, 0.0026878516655415297, 0.002033921889960766, 0.04460008814930916, 0.015439096838235855, 0.0035265611950308084, -0.011677027679979801, -0.023862486705183983, -0.0031256009824573994, -0.00046425286564044654, 0.0013714450178667903, -0.01476886123418808, -0.0034771037753671408, -0.030478306114673615, 0.01026388444006443, 0.007127372082322836, 0.027349146082997322, 0.016747010871767998, -0.01810074970126152, 0.01441200915724039, 0.01721649058163166, 0.02206653542816639, 0.012499314732849598, -0.012024817056953907, 0.010212639346718788, -0.022608743980526924, 0.01961059868335724]",,
15_1_0_errors_invalid_webpack_5_version_mdx,document,,Invalid webpack 5 version,,{'related_links': []},15.1.0,"## Why This Error Occurred

While leveraging webpack 5 support in Next.js the minimum required version of `v5.15.0` was not met. This version is needed while leveraging webpack 5 support with Next.js as early versions are missing patches that cause unexpected behavior.

## Possible Ways to Fix It

Upgrade the version of webpack 5 being used with Next.js to at least `v5.15.0` by updating your resolutions field for `webpack` in your `package.json`.

## Useful Links

- [Yarn Selective Dependency Resolutions Documentation](https://classic.yarnpkg.com/en/docs/selective-version-resolutions/)",,"[(np.int64(71), np.float64(0.08963529765605927)), (np.int64(190), np.float64(0.19388727843761444)), (np.int64(360), np.float64(0.05390166491270065)), (np.int64(1467), np.float64(0.16931003332138062)), (np.int64(7013), np.float64(0.19442729651927948)), (np.int64(11389), np.float64(0.18926012516021729)), (np.int64(29102), np.float64(0.2975417673587799))]","[-0.036383580416440964, 0.013263091444969177, -0.0069902981631457806, 0.03171740472316742, -0.036631375551223755, 0.002769088139757514, 0.028256790712475777, 0.009139022789895535, -0.025372009724378586, 0.00011196454579476267, 0.009101347997784615, -0.029145481064915657, -0.02320145256817341, 0.033451974391937256, -0.0481552854180336, 0.01933526061475277, -0.0240157563239336, 0.01740441657602787, 0.0066054449416697025, 0.019378822296857834, -0.017649803310632706, -0.004115396179258823, 0.04296689108014107, 0.059331610798835754, -0.018915735185146332, 0.031326424330472946, -0.05475219711661339, -0.024991370737552643, 0.035462211817502975, 0.02278691716492176, -0.007777857128530741, -0.047837648540735245, 0.04569423198699951, -0.021707026287913322, -0.016540253534913063, -0.05557512491941452, -0.04694611579179764, -0.013121474534273148, -0.015596756711602211, 0.04090999811887741, 0.014604756608605385, -0.008014677092432976, -0.006759603042155504, 0.0092870332300663, 0.01442145649343729, -0.018808476626873016, 0.00927047897130251, -0.004118434153497219, 0.00891354214400053, -0.02495948225259781, 0.008488507010042667, 0.00970448087900877, 0.07182105630636215, -0.040961854159832, 0.0010189583990722895, -0.010986506938934326, 0.044186677783727646, -0.02200665883719921, -0.04083815589547157, -0.021757856011390686, -0.0424393005669117, 0.008860103785991669, -0.016640162095427513, 0.02100459299981594, 0.006916977930814028, 0.022294126451015472, 0.008164642378687859, -0.008602277375757694, -0.03619988635182381, -0.03143015131354332, 0.00900705810636282, -0.02087610401213169, -0.03246388956904411, 0.0035673638340085745, -0.059920717030763626, -0.008380439132452011, 0.033680494874715805, -0.02456427551805973, 0.03505851328372955, -0.010545464232563972, 0.024401327595114708, -0.0007612220360897481, 0.036341648548841476, -0.023942627012729645, 0.03307773172855377, 0.014627299271523952, -0.05859750509262085, -0.014426532201468945, 0.04526588320732117, 0.007110659498721361, -0.01934131793677807, 0.00853373110294342, 0.02260902151465416, -0.025490235537290573, -0.016726870089769363, 0.0341036394238472, -0.060921262949705124, -0.006738187745213509, 0.09272392839193344, -0.005747862625867128, -0.03929421678185463, 0.013684898614883423, -0.011880815960466862, -0.006125335581600666, 0.006655539385974407, 0.010007855482399464, 0.0014454920310527086, 0.00907959882169962, -0.017279263585805893, -0.016746332868933678, -0.004663750063627958, -3.948940957343439e-06, 0.03417102247476578, -0.0036150370724499226, -0.00845255609601736, -0.053254324942827225, 0.002352889394387603, -0.010191126726567745, 0.044251829385757446, -0.02256505750119686, 0.014382908120751381, -0.033337268978357315, 0.05200229585170746, -0.04821193218231201, -0.015340402722358704, -0.01987728849053383, -0.024776408448815346, 0.06053980812430382, 0.01646256260573864, 0.027484217658638954, 0.029583178460597992, -0.019705601036548615, -0.0026147542521357536, 0.004144193604588509, -0.02153395116329193, 0.03349120914936066, -0.007843154482543468, 0.0005019126692786813, 0.04328225925564766, -0.02506844699382782, 0.030750291422009468, -0.031412240117788315, -0.008985569700598717, -0.007898733951151371, 0.055256087332963943, -0.008806809782981873, 0.05593271926045418, -0.026116512715816498, 0.03261407092213631, -0.06294633448123932, -0.004287356976419687, -0.018303466960787773, 0.017016220837831497, -0.03340988606214523, 0.011778178624808788, -0.024121500551700592, 0.031739842146635056, -0.022802993655204773, -0.01270115002989769, 0.041071269661188126, -0.056843068450689316, -0.0006378346588462591, -0.04883497953414917, -0.020016681402921677, 0.02957623079419136, 0.008768643252551556, 0.008324699476361275, 0.027565784752368927, -0.055597610771656036, -0.026842696592211723, -0.01757017895579338, -0.045015983283519745, 0.016713352873921394, -0.015076219104230404, 0.029080705717206, 0.03614727035164833, 0.040985796600580215, 0.012521154247224331, 0.01891540363430977, -0.03679449483752251, -0.011313932947814465, 0.029210597276687622, 0.01641119085252285, -0.02438925765454769, -0.012976066209375858, -0.014084557071328163, 0.03667823225259781, -0.021886877715587616, 0.00146127725020051, 0.01069623976945877, -0.05147641897201538, 0.008845774456858635, 0.05800401046872139, 0.03635541349649429, 0.0012875780230388045, -0.010023786686360836, -0.031061867251992226, -0.03261081874370575, 0.018588298931717873, -0.016652291640639305, -0.03562631085515022, 0.00648026168346405, -0.0011585828615352511, -0.00030771607998758554, -0.02734052576124668, 0.013072637841105461, -0.015389543026685715, -0.04166724160313606, 0.002364672254770994, -0.032762251794338226, -0.011456165462732315, 0.001454224344342947, 0.015477515757083893, 0.03351239487528801, -0.046777430921792984, -0.013647111132740974, -0.024286974221467972, 0.03536210581660271, -0.0365573987364769, -0.011236878111958504, -0.025949418544769287, 0.017448341473937035, -0.00061946822097525, -0.040486935526132584, -0.00030475156381726265, -0.008547761477530003, 0.035741403698921204, 0.031618766486644745, -0.00920644961297512, -0.025706609711050987, 0.017722979187965393, -0.026453152298927307, 0.02838941104710102, -0.005878004245460033, 0.08093678206205368, -0.04724264517426491, -0.011271825060248375, -0.031788624823093414, -0.026400025933980942, 0.020937805995345116, 0.017039524391293526, -0.06042317673563957, 0.015605200082063675, 0.023469332605600357, -0.020715860649943352, -0.0044425902888178825, 0.002299191663041711, 0.003083462594076991, -0.037376489490270615, -0.048226431012153625, -0.0030933525413274765, 0.015355635434389114, -0.022009123116731644, -0.013606429100036621, -0.01136742066591978, -0.011796480976045132, 0.009576345793902874, -0.01275591365993023, -0.05002683028578758, -0.03989733010530472, 0.031185362488031387, 0.07658841460943222, -0.014873879961669445, 0.009503033943474293, -0.017045561224222183, 0.005594119429588318, 0.011934134177863598, -0.008332204073667526, -0.013210553675889969, -0.0301959328353405, 0.0002014072088059038, 0.03629319369792938, 0.017101190984249115, 0.01256534457206726, -0.015468922443687916, 0.03799822926521301, -0.008640320971608162, -0.03364920616149902, 0.061042420566082, 0.038966018706560135, -0.051053740084171295, 0.07204741984605789, 0.04447439685463905, 0.00841828528791666, -0.004573948215693235, -0.002785337856039405, -0.030568193644285202, -0.036416180431842804, -0.006518891546875238, -0.00020926626166328788, 0.04299597069621086, 0.030660783872008324, 0.05242956802248955, -0.015889856964349747, -0.0022798203863203526, 0.005268908571451902, 0.02273649349808693, -0.15713559091091156, -0.0289007518440485, 0.057500217109918594, -0.004222128540277481, -0.004534569103270769, 0.006722098682075739, 0.013866659253835678, 0.02754257060587406, -0.04844682663679123, 0.03001776710152626, -0.0005521225975826383, -0.045673951506614685, 0.022113243117928505, 0.027345556765794754, -0.01146099902689457, 0.021428536623716354, -0.01752384565770626, 0.017131568863987923, 0.023959165439009666, -0.04792631417512894, 0.013674279674887657, -0.03195556253194809, 0.005178193561732769, -0.04082033410668373, 0.01680334284901619, -0.04324946179986, 0.06949881464242935, -7.868330430937931e-05, -0.04165136069059372, -0.003995594568550587, -0.042213693261146545, 0.01325560174882412, -0.00034276273800060153, 0.010608821175992489, 0.0017729031387716532, 0.013612482696771622, 0.053034424781799316, -0.011719058267772198, -0.0043708160519599915, -0.030207794159650803, 0.021885529160499573, 0.044557083398103714, -0.018180115148425102, 0.030452359467744827, 0.0006156275048851967, -0.027921494096517563, -0.01849331147968769, 0.004352593328803778, 0.004019276704639196, -0.02027507871389389, 0.00836985930800438, -0.02621268667280674, -0.01207613293081522, -0.005720212589949369, -0.013982866890728474, -0.014177771285176277, 0.0060728914104402065, 0.02390451543033123, -0.016209321096539497, -0.03098856844007969, -0.003600616939365864, -0.02379242330789566, 0.059923868626356125, 0.013632749207317829, -0.044247105717659, 0.0034740387927740812, 0.059522129595279694, -0.019937705248594284, 0.02151377871632576, -0.04204212501645088, 0.00919672753661871, -0.016099510714411736, 0.0009237685007974505, -0.011958342045545578, 0.007204203400760889, 0.022908223792910576, 0.014880891889333725, -0.020312737673521042, 0.018186161294579506, -0.09004780650138855, 0.056327756494283676, 0.005982502363622189, -0.023470109328627586, 0.034105002880096436, -0.028688237071037292, -0.008965245448052883, 0.013167212717235088, -0.028007419779896736, 0.04477723687887192, 0.22504083812236786, 0.025204377248883247, -0.003027271246537566, 0.01283904816955328, -0.0011565308086574078, -0.02567182667553425, 0.046938393265008926, 0.0217788964509964, 0.003234054194763303, -0.03897383436560631, -0.027875054627656937, 0.002592658158391714, 0.008299104869365692, -0.009707007557153702, -0.008813804015517235, 0.046934060752391815, -0.041146066039800644, 0.02946283668279648, 0.07263723760843277, -0.0438399501144886, 0.003445618087425828, -0.007172747515141964, 0.04782749339938164, 0.06919389218091965, -0.08297813683748245, -0.015520568937063217, -0.04988563805818558, -0.020052090287208557, -0.018454741686582565, -0.004650292918086052, -0.04562180116772652, 0.02725302428007126, 0.04695127531886101, -0.05879521369934082, 0.011126181110739708, -0.013769292272627354, -0.01366841048002243, -0.010681790299713612, 0.039157431572675705, 0.04070974141359329, -0.019046984612941742, 0.008668005466461182, -0.011814665980637074, 0.03585305064916611, 0.0097438869997859, -0.058329660445451736, -0.0483747236430645, -0.027897285297513008, -0.022369330748915672, -0.030145997181534767, -0.014576061628758907, -0.05687333643436432, -0.026874568313360214, 0.027505354955792427, 0.009942975826561451, -0.023788977414369583, 0.00832359865307808, -0.0011443567927926779, -0.00714074308052659, 0.015295982360839844, 0.00785643421113491, 0.012386290356516838, -0.0643806904554367, -0.0047743539325892925, -0.04568447917699814, 0.041958898305892944, -0.018027694895863533, -0.0008757799514569342, 0.04603886976838112, 0.025202080607414246, -0.033720582723617554, 0.012368664145469666, 0.033017560839653015, -0.012752020731568336, 0.024506019428372383, -0.023996494710445404, 0.034136828035116196, 0.05306881293654442, 0.00538445170968771, 0.002296322025358677, -0.03469773754477501, 0.02989368699491024, -0.02554646134376526, 0.005932122468948364, 0.03646982088685036, -0.015933793038129807, 0.06777612864971161, 0.06034411862492561, -0.024361612275242805, -0.04774744063615799, -0.004433123394846916, 0.00871440302580595, 0.02340368740260601, 0.02400090917944908, -0.008986198343336582, 0.020968634635210037, 0.02550208941102028, -0.019305186346173286, 0.0032772656995803118, 0.04492602497339249, -0.04234038665890694, -0.005043585319072008, 0.015948062762618065, -0.04558740556240082, -0.005161734763532877, -0.03989432007074356, 0.0399836003780365, -0.010883399285376072, 0.02358609437942505, 0.003933808766305447, -0.03559861332178116, 0.02220160700380802, 0.023887446150183678, -0.03311228007078171, -0.023572200909256935, 0.03357440233230591, 0.02020881511271, 0.012680399231612682, 0.016045859083533287, 0.013104269281029701, 0.007858299650251865, -0.026141347363591194, -0.035216398537158966, -0.02013317309319973, 0.015110657550394535, -0.004294264130294323, 0.004323870409280062, -0.030052058398723602, -0.06794153898954391, -0.034552764147520065, 0.05332964286208153, -0.023304197937250137, 0.02418750710785389, 0.03465850278735161, 0.02149583213031292, 0.03054286539554596, 0.00811033695936203, 0.00880789291113615, -0.00044259210699237883, 0.025341227650642395, -0.05190781131386757, -0.07066135853528976, 0.02430834248661995, -0.03673429414629936, 0.008152465336024761, 0.06792839616537094, -0.0015623243525624275, -0.03579195216298103, 0.008250908926129341, 0.020863883197307587, 0.036848437041044235, 0.08297942578792572, 0.009344598278403282, 0.0014478745870292187, -0.02237508073449135, -0.03976690396666527, 0.02853960357606411, 0.009255348704755306, -0.043494436889886856, -0.02796381339430809, -0.0039714304730296135, 0.011467866599559784, 0.007792873773723841, 0.027822183445096016, 0.017456499859690666, 0.03445233777165413, 0.006626235321164131, 0.012827388942241669, -0.027810344472527504, 0.0049319216050207615, 0.018574288114905357, -0.0132967010140419, -0.027945879846811295, 0.0460769347846508, -0.003757219761610031, -0.021669797599315643, -0.06333526968955994, 0.004605910275131464, -0.0256500206887722, 0.016382038593292236, -0.017285991460084915, -0.006173974834382534, -0.043640755116939545, -0.018609635531902313, 0.023894943296909332, -0.017450625076889992, -0.015468497760593891, -0.023090653121471405, 0.0224432535469532, -0.05166267603635788, -0.022273888811469078, 0.10861752182245255, -0.0008668003720231354, 0.0059059360064566135, 0.032707758247852325, 0.005389017518609762, 0.032306138426065445, 0.029583929106593132, 0.001524719875305891, 0.023439574986696243, 0.030035242438316345, -0.03369329869747162, -0.001160498009994626, 0.006070959381759167, 0.032320745289325714, -0.03332233801484108, -0.03175589069724083, -0.0031208163127303123, -0.03896043822169304, -0.019969090819358826, 0.012129281647503376, -0.00864159595221281, -0.036630358546972275, -0.019433237612247467, 0.02924942970275879, -0.028011905029416084, 0.0736650824546814, 0.04077566787600517, 0.02609895169734955, 0.011259886436164379, -0.028218884021043777, -0.023890363052487373, 0.027414735406637192, -0.018751703202724457, -0.027031922712922096, -0.005806975997984409, 0.02293502725660801, -0.030499959364533424, 0.08121302723884583, 0.004425221588462591, -0.00014688757073599845, 0.026730570942163467, -0.015258369967341423, -0.03964686393737793, 0.00427544629201293, 0.037725355476140976, 0.013089999556541443, 0.025197090581059456, -0.037751127034425735, -0.005799294449388981, -0.03208937123417854, -0.052341196686029434, 0.01782827079296112, -0.011128122918307781, -0.023650268092751503, 0.006048277020454407, -0.01601714827120304, -0.00850292481482029, 0.04590874910354614, 0.053071316331624985, 0.008218958973884583, 0.00308618089184165, 0.015831058844923973, -0.008723767474293709, 0.049054406583309174, 0.008718383498489857, -0.01444748230278492, -0.01028650812804699, -0.051155440509319305, -0.015282629057765007, -0.019189823418855667, -0.006903847213834524, -0.002266630530357361, 0.007003400940448046, 0.022048786282539368, -0.07543587684631348, 0.033549465239048004, -0.03862179443240166, 0.013497263193130493, -0.04869348928332329, -0.004893200006335974, 0.013834936544299126, -0.019719015806913376, -0.020364485681056976, 0.016052357852458954, -0.036829132586717606, -0.00633616978302598, -0.0019353653769940138, 0.01795610971748829, -0.02052900940179825, -0.052054859697818756, -0.016191964969038963, -0.009246714413166046, 0.0006935219280421734, 0.0012521740281954408, -0.013524635694921017, 0.038934748619794846, -0.007370864972472191, -0.00889089610427618, -0.046789154410362244, 0.0037591164000332355, -0.018930481746792793, -0.054141562432050705, 0.01160792913287878, -0.0009927413193508983, 0.004360165912657976, -0.007125465665012598, -0.02640756592154503, -0.008473505266010761, 0.04232762008905411, -0.01271230261772871, -0.008738573640584946, 6.589386612176895e-05, -0.02757236920297146, -0.03429202735424042, 0.019024785608053207, -0.010676760226488113, -0.006258937995880842, 0.03280412778258324, 0.03683196008205414, -0.026916304603219032, -0.05348007753491402, 0.009067261591553688, 0.017062487080693245, 0.030947305262088776, -0.014300397597253323, 0.05779417231678963, 0.003509711241349578, -0.004466828424483538, -0.020412329584360123, -0.020654944702982903, 0.016485176980495453, -0.012934401631355286, 0.02482682466506958, 0.006915113423019648, 0.037110596895217896, 0.07528241723775864, -0.0035048495046794415, -0.03709568455815315, -0.01780809834599495, -0.04335020110011101, -0.0029967050068080425, 0.023988686501979828, -0.02478676848113537, 0.026723874732851982, -0.006428273860365152, -0.026213742792606354, -0.04264979436993599, 0.06546316295862198, 0.018820572644472122, 0.011766697280108929, -0.03370973840355873, 0.02555939555168152, -0.009098428301513195, -0.011228960938751698, -0.030126186087727547, -0.01012414414435625, -0.027612900361418724, -0.041252657771110535, 0.0014512581983581185, 0.009608330205082893, 0.007964417338371277, -0.0034908601082861423, -0.026266256347298622, 0.01658722385764122, 0.058610621839761734, -0.017375444993376732, 0.0774594247341156, -0.015150945633649826, 0.03405676409602165, -0.057272832840681076, 0.025927070528268814, 0.005843628663569689, -0.005700971465557814, 0.016269095242023468, 0.029482655227184296, 0.04397911578416824, -0.009790889918804169, 0.009024603292346, 0.017147770151495934, 0.012474499642848969, 0.009455567225813866, 0.024491865187883377, 0.024777980521321297, 0.0027248538099229336, 0.04602469131350517, -0.03196202591061592, 0.04807578772306442, 0.022392570972442627, 0.036947112530469894, -0.037964921444654465, -0.004190262407064438, -0.020617453381419182, -0.01297005545347929, -0.015328011475503445, 0.03514207899570465, -0.013188637793064117, 0.0009649363928474486, -0.04519614577293396, 0.04444975405931473, 0.0028538841288536787, 0.04269025847315788, -0.03692779317498207, 0.014550006948411465, -0.1293722540140152, 0.003890478052198887, 0.004025157541036606, 0.03966791182756424, -0.02008514292538166, 0.0017783805960789323, 0.030401278287172318, -0.018211448565125465, 0.010988397523760796, -0.05917267128825188, -0.0355222262442112, -0.009614280425012112, 0.0332212895154953, -0.023493630811572075, 0.030797597020864487, 0.025726186111569405, 0.012910140678286552, -0.016985349357128143, -0.005720126908272505, 0.011440608650445938, -0.02090207114815712, 0.0011773745063692331, 0.023366883397102356, -0.0029669716022908688, -0.044055789709091187, -0.020469065755605698, 0.007274906616657972, -0.026065224781632423, -0.0051056575030088425, -0.0010061569046229124, -0.038228847086429596, -0.02500459924340248, 0.014180534519255161, 0.05369159206748009, -0.018544672057032585, -0.03773452714085579, -0.016120469197630882, 0.026354163885116577, -0.03046570159494877, 0.023616446182131767, -0.005678242538124323, 0.026230977848172188, -0.013314148411154747, 0.008648986928164959, 0.042367979884147644, 0.03952966630458832, -0.042409565299749374, -0.021801309660077095, -0.07461101561784744, 0.04518963024020195, -0.01394801028072834, 0.032386958599090576, -0.004096643067896366, 0.02083771303296089, 0.028573907911777496, 0.013408401049673557, -0.039003245532512665, -0.028890132904052734, -0.018706128001213074, 0.045275598764419556, -0.008032679557800293, 0.019321758300065994, -0.031788136810064316, -0.023318199440836906, -0.014221569523215294, 0.03423022851347923, -0.039247699081897736, 0.024043383076786995, -0.013203111477196217, -0.006742611527442932, -0.05513591319322586, -0.04146794229745865, -0.03282805532217026, -0.04870932549238205, -0.0025934407021850348, -0.03342662751674652, 0.03370317071676254, -0.05417048558592796, 0.014755367301404476, 0.0207396037876606, -0.04294396564364433, -0.035741209983825684, -0.04528472572565079, 0.00588850025087595, 0.13170544803142548, -0.009621529839932919, 0.014927749522030354, -0.016160784289240837, 0.001676887390203774, -0.02553015947341919, -0.05946458876132965, -0.0017405453836545348, 0.006947660818696022, -0.004322150256484747, 0.0024339582305401564, -0.0077766976319253445, -0.009702412411570549, 0.03094666264951229, -0.014893020503222942, -0.03368770703673363, -0.04304395616054535, -0.017170092090964317, 0.018564390018582344, 0.007816488854587078, 0.027082031592726707, -0.01711498573422432, 0.027033502236008644, 0.012645522132515907, -0.03293105959892273, -0.021283874288201332, -0.02985880896449089, -0.032142169773578644, -0.01833508536219597, 0.0020934436470270157, -0.03941294923424721, 0.028011150658130646, -0.012162396684288979, 0.027859479188919067, -0.045383233577013016, -0.029005475342273712, 0.040724799036979675, -0.006665893830358982, 0.01023621391505003, -0.028687242418527603, 0.016747960820794106, -0.030475301668047905, 0.09158012270927429, 0.011002332903444767, -0.010874494910240173, -0.0230118241161108, 0.020761553198099136, -0.04006011784076691, -0.05661900341510773, 0.06053212285041809, 0.01793181709945202, 0.021043790504336357, -0.01414121501147747, 0.034514542669057846, -0.012385680340230465, -0.0070848651230335236, -0.0007885711384005845, -0.013290459290146828, 0.01463351771235466, -0.0391601026058197, -0.01606074720621109, -0.04878393933176994, 0.04878620803356171, -0.00819873996078968, -0.02213560789823532, -0.009445982053875923, -0.022079605609178543, 0.008854462765157223, 0.02938265912234783, 0.03376961499452591, -0.00807397160679102, 0.03472721576690674, -0.037502434104681015, -0.037615079432725906, -0.0391460545361042, 0.051889609545469284, -0.027147673070430756, -0.040658123791217804, -0.006323723122477531, -0.002576178638264537, 0.02096998132765293, 0.040430858731269836, 0.007020162884145975, -0.015209805220365524, 0.03496316075325012, 0.0051459358073771, -0.03447464480996132, 0.05913982540369034, -0.0322003997862339, 0.00644783116877079, -0.0038845089729875326, -0.03388042747974396, 0.006378316320478916, -0.03446093574166298, 0.017539063468575478, -0.02701495587825775, 0.02379997819662094, 0.006432724185287952, 0.029431814327836037, 0.018626743927598, 0.009440169669687748, -0.004517220426350832, 0.002000850159674883, -0.00555540481582284, 0.01129398588091135, 0.00023179262643679976, -0.02099919132888317, -0.02789192460477352, 0.016848841682076454, -0.014520453289151192, 0.007332934066653252, -0.039656974375247955, -0.009040654636919498, -0.016793062910437584, 0.021807819604873657, 0.08035475015640259, 0.0420663058757782, 0.00293635088019073, 0.05324426665902138, 0.025178460404276848, -0.017635561525821686, -0.040869832038879395, -0.03646623343229294, -0.019366798922419548, 0.037662483751773834, 0.0626058503985405, 0.01746407523751259, -0.011663882061839104, -0.004323428496718407, 0.03396203741431236, -0.0008053515921346843, -0.000598203216213733, 0.02432348020374775, 0.03701223060488701, 0.07637690007686615, 0.0187528058886528, 0.030957506969571114, 0.01756257563829422, -0.0005284755607135594, 0.00859025213867426, 0.011650790460407734, -0.004444613121449947, -0.04230940714478493, 0.005579366348683834, -0.02242681384086609, 0.03531166538596153, -0.004887910559773445, -0.010604795068502426, -0.00932939350605011, 0.02531789056956768, -0.01861816830933094, 0.011868162080645561, -0.0036992006935179234, 0.04444773867726326, -0.042757339775562286, 0.04130237177014351, -0.012270412407815456, 0.00011140661808894947, -0.02274150587618351, 0.025454694405198097]",,
15_1_0_errors_invalid_webpack_5_version_mdx_section_1,section,15_1_0_errors_invalid_webpack_5_version_mdx,Invalid webpack 5 version - Why This Error Occurred,,{},15.1.0,"While leveraging webpack 5 support in Next.js the minimum required version of `` was not met. This version is needed while leveraging webpack 5 support with Next.js as early versions are missing patches that cause unexpected behavior.
",,"[(np.int64(71), np.float64(0.04491685330867767)), (np.int64(180), np.float64(0.0004642270505428314)), (np.int64(190), np.float64(0.21678775548934937)), (np.int64(297), np.float64(0.007639050483703613)), (np.int64(360), np.float64(0.05095739662647247)), (np.int64(1467), np.float64(0.16802406311035156)), (np.int64(3293), np.float64(0.12796954810619354)), (np.int64(7013), np.float64(0.17863810062408447)), (np.int64(11389), np.float64(0.20748604834079742)), (np.int64(29102), np.float64(0.30547529458999634)), (np.int64(44084), np.float64(0.11688971519470215)), (np.int64(64240), np.float64(0.08216410875320435)), (np.int64(212059), np.float64(0.20431330800056458))]","[-0.020874254405498505, 0.005457249470055103, -0.01846129074692726, 0.023918062448501587, -0.030110150575637817, -0.00766967935487628, 0.03319987282156944, 0.03527800366282463, -0.025911392644047737, -0.0008354258607141674, 0.009892047382891178, -0.03921009972691536, -0.024198057129979134, 0.026118909940123558, -0.04462851211428642, 0.0372886136174202, -0.006016438361257315, 0.004503694828599691, 0.010623951442539692, 0.009017190895974636, -0.011455564759671688, -0.005708971526473761, 0.03585644066333771, 0.0609634630382061, 0.007662201300263405, 0.00749825919046998, -0.07593889534473419, -0.0165739506483078, 0.044546570628881454, 0.02251247875392437, -0.012189622968435287, -0.021885108202695847, 0.04746738821268082, 0.014035329222679138, -0.037376560270786285, -0.04050833359360695, -0.05914580449461937, -0.001581914140842855, -0.0037201105151325464, 0.02262110635638237, 0.024365141987800598, -0.011169391684234142, -0.0037606926634907722, 0.03525817021727562, 0.002174580469727516, 0.0019189200829714537, 0.0044630044139921665, -0.009958376176655293, -0.005878082010895014, -0.015273751690983772, 0.015327530913054943, -0.001217251643538475, 0.03351182863116264, -0.05226832255721092, 0.02576432004570961, 0.006085715256631374, 0.016123367473483086, -0.011506237089633942, -0.03214987367391586, -0.00656798155978322, -0.04313334450125694, -0.0005404483526945114, -0.018816035240888596, 0.009664134122431278, 0.006662910804152489, 0.029747826978564262, -0.004878814797848463, -0.04355727508664131, -0.024621589109301567, -0.016120603308081627, 0.011149648576974869, 0.005189907271414995, -0.03543069586157799, -0.00014666248171124607, -0.02328190580010414, 0.00301289651542902, 0.01927032880485058, -0.020315436646342278, -0.0031538093462586403, 0.023551788181066513, 0.03419400006532669, -0.0013522900408133864, 0.04999655857682228, -0.003747711656615138, 0.022450149059295654, -0.006457031704485416, -0.027902401983737946, -0.01053609885275364, 0.041227880865335464, 0.004531357903033495, 0.004041178617626429, -0.01634601689875126, 0.05705112963914871, -0.04433373734354973, -0.024461528286337852, 0.021138736978173256, -0.03449824079871178, -0.011959372088313103, 0.10788829624652863, -0.022483061999082565, -0.027260523289442062, 0.018970681354403496, -0.001520468620583415, -0.004206750076264143, 0.02757810242474079, 0.00018439228006172925, 0.016136063262820244, 0.01711505651473999, 0.020184097811579704, -0.007774373982101679, 0.013271665200591087, -0.0011206060880795121, 0.01883339323103428, -0.007463093847036362, -0.019439401105046272, -0.050979144871234894, 0.0170485507696867, -0.01790621131658554, 0.030261998996138573, -0.020987680181860924, 0.02341538667678833, -0.01643446274101734, 0.04401550069451332, -0.031452588737010956, -0.015587016940116882, -0.00816845428198576, -0.04560013860464096, 0.031075607985258102, -0.0013028597459197044, 0.020806463435292244, 0.020253365859389305, -0.035490650683641434, 0.002256362698972225, -0.014270470477640629, -0.020807722583413124, 0.04347481578588486, 0.011956908740103245, -0.005902744829654694, 0.03558031842112541, -0.01734296977519989, 0.030592963099479675, -0.029932130128145218, -0.013847396709024906, -0.03679434582591057, 0.03523717075586319, -0.022907132282853127, 0.0620596744120121, -0.01126938872039318, 0.01065837126225233, -0.047497499734163284, 0.02160177193582058, -0.017761025577783585, 0.02351696789264679, -0.040157392621040344, -0.004000759683549404, -0.02507959119975567, 0.029436936601996422, -0.04848237335681915, -0.007268765941262245, 0.04280855134129524, -0.0493331216275692, -0.018748372793197632, -0.028649820014834404, -0.0050225513987243176, 0.0485277883708477, 0.016653571277856827, 0.03827043995261192, 0.005831030663102865, -0.07396776974201202, -0.018383659422397614, -0.010748781263828278, -0.03445058315992355, 0.03842717781662941, -0.027374207973480225, 0.02993198297917843, 0.04688649997115135, 0.051634568721055984, 0.011722593568265438, 0.004885148257017136, -0.025852840393781662, -0.021962862461805344, -0.00034515390871092677, 0.014834320172667503, -0.015675248578190804, -0.010710388422012329, -0.014809119515120983, 0.05239161476492882, -0.03169412538409233, -0.01612527295947075, 0.015633223578333855, -0.03289930522441864, -0.011924052610993385, 0.03441474586725235, 0.03558913245797157, 0.004683986771851778, 0.011470782570540905, -0.0111726438626647, -0.037911307066679, 0.018373550847172737, -0.01725970394909382, -0.030857764184474945, -0.007741555105894804, 0.024605412036180496, -0.01247613038867712, -0.0035489769652485847, 0.022324485704302788, -0.04760270565748215, -0.03222740441560745, -0.005520535167306662, -0.04152980074286461, 0.012171297334134579, 0.0004953080206178129, 0.005173389334231615, 0.028318801894783974, -0.05753447860479355, 0.00017815909814089537, -0.01726347953081131, 0.03601638227701187, -0.035074252635240555, -0.01245200913399458, -0.015728505328297615, 0.012733258306980133, 0.01561354473233223, -0.0458260215818882, -0.002770591527223587, -0.01965046487748623, 0.018425757065415382, 0.06371378153562546, -0.02815556526184082, -0.01705467328429222, 0.01767675019800663, -0.01542300172150135, 0.007582365535199642, -0.010253856889903545, 0.05623628944158554, -0.05132094770669937, -0.05332497879862785, -0.00293122511357069, -0.018581660464406013, 0.02991708368062973, 0.023031942546367645, -0.043341778218746185, 0.02176579087972641, 0.04413395747542381, -0.010165256448090076, 0.0008781830547377467, -0.011656558141112328, 0.021019328385591507, -0.027177883312106133, -0.03273667022585869, 0.0013896917225793004, 0.017233364284038544, -0.02327895350754261, -0.009127381257712841, -0.02613592892885208, -0.006915926001966, 0.0037975714076310396, -0.017910610884428024, -0.0343138761818409, -0.037849731743335724, 0.03596825897693634, 0.06342219561338425, -0.011879276484251022, 0.01402751449495554, -0.004699897952377796, 0.01347784698009491, 0.0019107642583549023, -0.037596672773361206, 0.00888961274176836, -0.029731959104537964, -0.011642868630588055, -0.013212043792009354, 0.022209439426660538, 0.01776248961687088, -0.015116901136934757, 0.036605171859264374, -0.01623574271798134, -0.036182042211294174, 0.037772372364997864, 0.046021610498428345, -0.04295925423502922, 0.06824909895658493, 0.036457836627960205, 0.009535486809909344, 0.011844398453831673, -0.008138252422213554, -0.004564049653708935, -0.029410269111394882, -0.006531238090246916, -0.0038761415053159, 0.020613567903637886, 0.03743446618318558, 0.0569901317358017, -0.01616232469677925, -0.02526918053627014, 0.009329056367278099, 0.04968066141009331, -0.15301421284675598, -0.052981361746788025, 0.028393199667334557, -0.0117989182472229, 0.0059145069681108, 0.022721588611602783, 0.019164692610502243, 0.03392033278942108, -0.04601109400391579, 0.044172052294015884, -0.007281473837792873, -0.03808785602450371, 0.04008600860834122, 0.035411637276411057, -0.009162487462162971, 0.021282557398080826, -0.033345047384500504, 0.013207294046878815, 0.01993461139500141, -0.05460366606712341, 0.02831835299730301, -0.04672722518444061, -0.000881059153471142, -0.04132084548473358, 0.04533136263489723, -0.04935075342655182, 0.08359280228614807, 0.007260179612785578, -0.06209806352853775, 0.022537942975759506, -0.038993172347545624, 0.04226706176996231, -0.0020890901796519756, 0.02083335630595684, 0.0002932111965492368, 0.01926165260374546, 0.05322827771306038, 0.0047119129449129105, -0.019805410876870155, -0.029503174126148224, 0.03304891288280487, 0.04047887399792671, -0.01716856099665165, 0.023920418694615364, 0.012580628506839275, -0.036897238343954086, -0.014944405294954777, -0.010672720149159431, -0.011934608221054077, -0.008367618545889854, 0.047880928963422775, -0.02632025256752968, -0.021097153425216675, 0.011470119468867779, -0.029049834236502647, -0.013269376009702682, 0.02659607119858265, -0.011075140908360481, 0.000388483633287251, 0.01239987276494503, -0.012689124792814255, -0.040692370384931564, 0.06331456452608109, 0.003337116213515401, -0.06053159013390541, 0.0025117178447544575, 0.0402241051197052, -0.0189253780990839, 0.017850453034043312, -0.06170304864645004, 0.014902647584676743, 0.014868886210024357, 0.03723767772316933, 0.00730149494484067, -0.035991452634334564, 0.01538126077502966, 0.02300034463405609, -0.02233363315463066, -0.00039119369466789067, -0.08770465850830078, 0.03358104079961777, -0.004055648110806942, -0.014591056853532791, 0.03668546304106712, -0.024567754939198494, -0.017272377386689186, 0.0170404352247715, -0.03217057138681412, 0.028598731383681297, 0.23151999711990356, 0.02239587903022766, 0.011973731219768524, 0.02032477594912052, 0.01110099721699953, -0.009162047877907753, 0.02273811213672161, 0.03335588425397873, -0.006014496088027954, -0.068570576608181, -0.04819077253341675, -0.0112751554697752, 0.007920963689684868, -0.014097411185503006, 0.01391832809895277, 0.000771127815824002, -0.04426737129688263, 0.019890841096639633, 0.06276192516088486, -0.03095817193388939, 0.002414221642538905, -0.018117697909474373, 0.0392560139298439, 0.07147452980279922, -0.09493883699178696, 0.00933853816241026, -0.02109074965119362, -0.020011011511087418, -0.0046872650273144245, -0.015859955921769142, -0.021063698455691338, 0.00026166121824644506, 0.023926081135869026, -0.0703105479478836, 0.005723205860704184, -0.02422102354466915, -0.009146573953330517, -0.018904296681284904, -0.0038366641383618116, 0.02312547340989113, -0.020447729155421257, 0.011890304274857044, 0.02212485671043396, 0.02036561816930771, -0.01752527989447117, -0.04955136403441429, -0.03771325573325157, -0.0426936037838459, -0.05061297118663788, -0.006447815801948309, -0.01339417789131403, -0.03986763581633568, -0.03108871541917324, 0.008202603086829185, 0.0061634681187570095, -0.04030490294098854, 0.025045009329915047, 0.009433883242309093, 0.002076544100418687, 0.0032714204862713814, -0.018503203988075256, 0.020538950338959694, -0.031354669481515884, 0.011630705557763577, -0.03293413668870926, 0.05158473551273346, -0.016895223408937454, -0.02306036651134491, 0.05166235938668251, 0.04526932165026665, -0.05037975683808327, 0.00380970467813313, -0.0018784181447699666, -0.030864231288433075, 0.01996784657239914, -0.03753582760691643, 0.023179756477475166, 0.06804898381233215, -0.039866071194410324, 0.01025296375155449, -0.042403798550367355, -0.026475626975297928, -0.028026623651385307, 0.03118634968996048, 0.02494669146835804, -0.0004029052215628326, 0.0324280746281147, 0.054594166576862335, -0.018260957673192024, -0.06193810701370239, -0.013206958770751953, -0.007268116343766451, 0.028380587697029114, -0.005991929676383734, -0.03420743718743324, 0.034833136945962906, 0.009295572526752949, -0.04144677892327309, -0.010821434669196606, 0.03112846612930298, -0.043786317110061646, -0.00259250751696527, 0.0018111696699634194, -0.02267998456954956, 0.005621563643217087, -0.02127297781407833, 0.04680606350302696, -0.010811175219714642, 0.019984053447842598, 0.02041977271437645, -0.026261668652296066, 0.015219555236399174, 0.03634019196033478, -0.03412254899740219, -0.029457395896315575, 0.035841576755046844, 0.021197285503149033, 0.008097628131508827, 0.045603010803461075, 0.01579028181731701, -0.0034215718042105436, -0.016225013881921768, -0.0336114801466465, -0.02210118994116783, -0.004090337082743645, 0.007597405929118395, -0.00040350205381400883, -0.037123389542102814, -0.04243092983961105, -0.017593979835510254, 0.038821302354335785, -0.022999729961156845, -0.021582845598459244, 0.042730480432510376, 0.044703323394060135, 0.0059535810723900795, 0.013739746063947678, -0.0042530447244644165, 0.026090094819664955, 0.011669665575027466, -0.04410271346569061, -0.05918101593852043, 0.02302844449877739, -0.008634395897388458, 0.0034880954772233963, 0.05936557054519653, -0.02698654867708683, -0.015142331831157207, 0.005936996079981327, 0.03548925742506981, 0.038237325847148895, 0.10456658154726028, 0.013237467966973782, -0.02196185663342476, -0.021381543949246407, -0.041676271706819534, 0.01671423390507698, 0.017586225643754005, -0.024832066148519516, -0.011538699269294739, -0.011252393946051598, 0.008913211524486542, 0.02044663205742836, 0.02584286965429783, 0.030306890606880188, 0.03558247536420822, -0.016122102737426758, 0.02580760233104229, -0.044165678322315216, -0.02982262708246708, 0.029071209952235222, -0.010803528130054474, -0.03138427808880806, 0.0656563863158226, -0.0011503160931169987, -0.02530744858086109, -0.07705361396074295, 0.029333533719182014, -0.004315517842769623, 0.014353537000715733, -0.005329080391675234, 0.016312764957547188, -0.013701622374355793, -0.03506834805011749, 0.002485319972038269, -0.04919907823204994, 0.00022571331646759063, -0.030255377292633057, 0.041751258075237274, -0.035559892654418945, -0.02542075328528881, 0.11676778644323349, -0.02042495459318161, -0.011592768132686615, 0.03758733719587326, -0.008500734344124794, 0.04369658604264259, 0.006458998192101717, -0.015136619098484516, 0.011538372375071049, -0.0007162254769355059, -0.04573451727628708, 0.002580576343461871, 0.021360667422413826, 0.020771879702806473, -0.03576820343732834, -0.02666913904249668, -0.013748188503086567, -0.03688773885369301, 0.007386235520243645, 0.013388417661190033, 0.004924674518406391, -0.038929831236600876, -0.02568647637963295, 0.059479646384716034, -0.029109127819538116, 0.05404815077781677, 0.03353136032819748, 0.046215273439884186, 0.012865384109318256, -0.0353572778403759, -0.03617441654205322, 0.07557303458452225, 0.0028790298383682966, 0.015531441196799278, 0.011205514892935753, 0.04129698872566223, -0.030310744419693947, 0.050740212202072144, -0.012388315983116627, -0.009730623103678226, 0.03494808077812195, 0.008094774559140205, -0.0447661466896534, 0.007001630030572414, 0.024828338995575905, 0.032957639545202255, 0.006397300865501165, -0.03063156269490719, -0.020350748673081398, -0.02276814542710781, -0.0157774630934, 0.01994665525853634, -0.0013547732960432768, -0.024789543822407722, -0.012184488587081432, 0.01174787525087595, 0.008090179413557053, 0.033097829669713974, 0.03382422402501106, -0.007793977856636047, -0.009531727060675621, 0.006848408840596676, 0.004894448909908533, 0.05308740213513374, -0.00922942440956831, -0.005984558258205652, -0.013810173608362675, -0.08244029432535172, -0.009599950164556503, -0.023594388738274574, -0.010159264318645, 0.0027644785586744547, -0.0008144561434164643, 0.007404973264783621, -0.050783317536115646, 0.01834763213992119, -0.036309774965047836, 0.002414414193481207, -0.06751034408807755, 0.007745135575532913, 0.024010641500353813, -0.013125008903443813, -0.02670121379196644, 0.0237303264439106, -0.02943248674273491, -0.012455693446099758, 0.0014901182148605585, -0.0009741145186126232, -0.029358090832829475, -0.05765150859951973, 0.003523258026689291, -0.00994107872247696, 0.008174686692655087, -0.0016472848365083337, -0.021295763552188873, 0.032385170459747314, 0.005624047480523586, 0.018499867990612984, -0.04581106826663017, 0.0017483100527897477, -0.01337259542196989, -0.042363595217466354, 0.012560050003230572, -0.005955573171377182, 0.015664376318454742, -0.0012370235053822398, -0.024853495880961418, -0.03409046679735184, 0.030659522861242294, -0.02785312756896019, 0.010330126620829105, -0.0008077470120042562, -0.04174308478832245, -0.037079595029354095, 0.02908390201628208, -0.006439204793423414, -0.021770689636468887, 0.03326890617609024, 0.021400654688477516, -0.01260355394333601, -0.05860516056418419, -0.0019641246180981398, 0.024027042090892792, 0.021044300869107246, -0.008338751271367073, 0.062422651797533035, -0.006518161855638027, 0.004086160100996494, -0.028376368805766106, -0.011407631449401379, 0.024534208700060844, -0.019060876220464706, 0.010818753391504288, -0.010364809073507786, 0.03403238579630852, 0.06555422395467758, -0.01831876114010811, -0.045422036200761795, 0.020175565034151077, -0.00934178289026022, -0.02294667810201645, 0.025000901892781258, -0.03471072390675545, 0.03849637508392334, -0.017464622855186462, -0.015544257126748562, -0.05423056706786156, 0.07254492491483688, 0.03303731605410576, 0.00970399845391512, -0.03162877634167671, 0.03809031471610069, 0.00641200365498662, 0.005310969427227974, -0.03870902210474014, -0.017063451930880547, -0.01573239266872406, -0.023738035932183266, -0.017096392810344696, 0.011775460094213486, 0.00438320217654109, -0.016246343031525612, -0.022288179025053978, 0.008012546226382256, 0.02915141172707081, -0.023301947861909866, 0.06651360541582108, 0.003792905481532216, 0.026451800018548965, -0.056453634053468704, 0.042098965495824814, -0.021891536191105843, -0.017981670796871185, 0.029747413471341133, 0.032097335904836655, 0.03731837123632431, -0.019191421568393707, 0.0264247115701437, 0.00815645419061184, -0.00477432319894433, 0.018827198073267937, 0.01806320622563362, 0.008206846192479134, -0.007616214454174042, 0.02919675223529339, -0.030560245737433434, 0.057473305612802505, 0.03119795396924019, 0.01605778932571411, -0.03650754317641258, 0.013023127801716328, -0.001125013455748558, -0.010445999912917614, -0.0008423379622399807, 0.04896420240402222, -0.019177312031388283, 0.024210084229707718, -0.035225559026002884, 0.04722340777516365, 0.005050836130976677, 0.010849854908883572, -0.020089618861675262, 0.005713969469070435, -0.12079028785228729, -0.0003226460248697549, -0.012184196151793003, 0.03797810524702072, -0.01463967002928257, 0.005490930285304785, 0.02170082926750183, 0.0027595669962465763, 0.008918322622776031, -0.061771947890520096, -0.028157569468021393, -0.010722588747739792, 0.04428853839635849, -0.04413261264562607, -0.003954287618398666, 0.022949259728193283, -0.02755557931959629, -0.004055736120790243, -0.023667283356189728, -0.0013577267527580261, 0.0007324787438847125, 0.0014132363721728325, -0.0036069259513169527, -0.0030152376275509596, -0.05392894521355629, -0.003727637929841876, -0.016529155895113945, -0.034230560064315796, 0.005738802254199982, 0.022783473134040833, -0.040486522018909454, -0.010198405012488365, 0.0037115304730832577, 0.03999493643641472, -0.04453939199447632, -0.043467212468385696, -0.0023725852370262146, 0.01646406017243862, -0.03220028430223465, 0.041445594280958176, 0.005650808569043875, 0.0243865754455328, -0.03148778900504112, -0.008102933876216412, 0.0351751334965229, 0.03048056922852993, -0.024796100333333015, -0.009268914349377155, -0.10633250325918198, 0.04973621666431427, -0.034436069428920746, 0.01290842518210411, 0.013489166274666786, 0.011153331957757473, 0.01592155359685421, 0.018416380509734154, -0.03620503842830658, -0.024943804368376732, -0.033790990710258484, 0.06528978049755096, -0.0079925786703825, 0.010485753417015076, -0.02367250621318817, 0.021418074145913124, -0.020778490230441093, 0.04683125019073486, -0.029977574944496155, 0.014652128331363201, -0.004086025059223175, -0.02118341065943241, -0.04514508321881294, -0.048128724098205566, -0.05838558450341225, -0.05194577947258949, -0.002422640798613429, -0.010782552883028984, 0.020971789956092834, -0.008426579646766186, 0.02819076180458069, 0.025617312639951706, -0.015532299876213074, -0.015870559960603714, -0.06804411858320236, -0.001783361891284585, 0.11078089475631714, -0.0058424705639481544, 0.0009318861993961036, 0.012037081643939018, -0.034219808876514435, -0.029193682596087456, -0.05534789711236954, -0.0013049275148659945, 0.005291599314659834, 0.002224173629656434, -0.010993548668920994, 0.010262475349009037, -0.006596850696951151, 0.02624678984284401, -0.0024139671586453915, -0.013112404383718967, -0.05599723383784294, -0.00655358424410224, 0.008744821883738041, -0.008507519960403442, -0.0020333374850451946, -0.01532170083373785, 0.003673394676297903, 0.00395160261541605, -0.03551226109266281, -0.015000008046627045, -0.019199321046471596, -0.004444958176463842, -0.019473442807793617, -0.0007574129849672318, -0.043873488903045654, 0.017201272770762444, 0.013859383761882782, 0.021550515666604042, -0.03760776296257973, -0.0009466729243285954, 0.02245640568435192, 0.009502701461315155, 0.03450706973671913, -0.053642187267541885, 0.024455618113279343, -0.043161503970623016, 0.048152755945920944, 0.026576608419418335, -0.0091702314093709, -0.033160250633955, 0.013600539416074753, -0.033102668821811676, -0.05331190302968025, 0.037200864404439926, 0.008398416452109814, 0.023265281692147255, -0.02172457054257393, 0.030865926295518875, -0.03511176258325577, -0.023419879376888275, -0.0059360056184232235, -0.031121423467993736, 0.011101936921477318, -0.021767128258943558, -0.009108866564929485, -0.04633830860257149, 0.049769286066293716, 0.01975701004266739, -0.01631450094282627, -0.041636642068624496, -0.016774965450167656, -0.0006538298912346363, 0.026335349306464195, 0.04030289128422737, -0.021524712443351746, 0.04111369699239731, -0.004078131169080734, 0.0038959402590990067, -0.04718742519617081, 0.06463270634412766, 0.00022220230312086642, -0.037128858268260956, 0.012077082879841328, -0.004396491218358278, 0.02525140531361103, 0.025781184434890747, 0.0003272995527368039, -0.02094910480082035, 0.0393734835088253, 0.01645607315003872, -0.03426945209503174, 0.05392686277627945, -0.01979069784283638, 0.022292694076895714, -0.00142357824370265, -0.02427070215344429, 0.007854746654629707, -0.046813178807497025, 0.027598237618803978, -0.023398270830512047, 0.0247818436473608, -0.014348582364618778, 0.06066782400012016, 0.01494965236634016, -0.004231262486428022, 0.015519521199166775, -0.019063418731093407, 0.007495698984712362, -0.010983522981405258, -0.009699973277747631, -0.04681961238384247, 0.017340876162052155, 0.012439277954399586, 0.008507408201694489, -0.018982496112585068, -0.011134951375424862, -0.006260659545660019, -0.018343590199947357, 0.006835090462118387, 0.07719946652650833, 0.020547769963741302, 0.00289087719283998, 0.06776628643274307, 0.03543780744075775, -0.023123040795326233, -0.03869703784584999, -0.019076243042945862, -0.04281790554523468, 0.03125660493969917, 0.05371185764670372, 0.02470562607049942, -0.0029870904982089996, 0.004472262691706419, 0.018209731206297874, -0.023258082568645477, -0.007004283834248781, 0.0026793028227984905, 0.04221494123339653, 0.07646173983812332, 0.014621291309595108, 0.04813888669013977, 0.014226664789021015, 0.0005914842477068305, 0.006010950542986393, -0.004949208348989487, 0.004456795752048492, -0.022409647703170776, 0.01775338500738144, -0.007243508473038673, 0.04851924628019333, -0.013984794728457928, -0.0013984979595988989, 0.00715260487049818, 0.02919071540236473, -0.0004917133483104408, -0.0011780321365222335, -0.01706652343273163, 0.03393029421567917, 0.0009529105736874044, 0.028494998812675476, 0.02362734079360962, 0.010235017165541649, -0.04598033428192139, -0.005639839917421341]",,
15_1_0_errors_invalid_webpack_5_version_mdx_section_2,section,15_1_0_errors_invalid_webpack_5_version_mdx,Invalid webpack 5 version - Possible Ways to Fix It,,{},15.1.0,"Upgrade the version of webpack 5 being used with Next.js to at least `` by updating your resolutions field for `` in your ``.
",,"[(np.int64(71), np.float64(0.09945698082447052)), (np.int64(190), np.float64(0.21108022332191467)), (np.int64(360), np.float64(0.07953684777021408)), (np.int64(1467), np.float64(0.18019329011440277)), (np.int64(1650), np.float64(0.06589536368846893)), (np.int64(2661), np.float64(0.0336935892701149)), (np.int64(7013), np.float64(0.2191418558359146)), (np.int64(11389), np.float64(0.22340193390846252)), (np.int64(29102), np.float64(0.3272883892059326)), (np.int64(42261), np.float64(0.06941463053226471)), (np.int64(96746), np.float64(0.14375996589660645)), (np.int64(115861), np.float64(0.08858216553926468))]","[-0.03381509706377983, -0.01277970988303423, 0.02641494758427143, 0.01830848678946495, -0.024281006306409836, -0.002149328589439392, 0.04233529791235924, 0.01257697120308876, -0.02632790245115757, 0.0006216749898158014, 0.03486135974526405, -0.00992932915687561, -0.018467631191015244, 0.018635664135217667, -0.0042350334115326405, 0.016244636848568916, -0.015055657364428043, -0.013818928971886635, 0.02787942998111248, -0.014424366876482964, -0.010262085124850273, 0.013214301317930222, 0.010505063459277153, 0.06594403088092804, -0.0038066026754677296, -0.011864176020026207, -0.042830940335989, -0.0077596185728907585, 0.038927219808101654, 0.04384240880608559, -0.0003445079200901091, -0.04896686598658562, 0.02000909298658371, -0.024438908323645592, -0.032822202891111374, -0.05790716037154198, -0.020158035680651665, -0.01490219309926033, -0.040018681436777115, 0.027075743302702904, 0.010969332419335842, -0.0328037291765213, -0.013173968531191349, 0.027103981003165245, 0.031105471774935722, -0.016854414716362953, 0.002184094162657857, -0.015824517235159874, -0.016472505405545235, 0.0007569320150651038, 0.009316674433648586, 0.0002977200201712549, 0.04788512364029884, -0.02181856893002987, 0.0024200077168643475, 0.029471226036548615, 0.008272476494312286, -0.029395390301942825, -0.046462059020996094, -0.031074872240424156, -0.03215403109788895, 0.002644582884386182, -0.02403259091079235, 0.0016883938806131482, 0.0035381074994802475, 0.04952194541692734, 0.03839709237217903, -0.016142413020133972, -0.027989359572529793, -0.03198027238249779, -0.03702574968338013, 0.0019952282309532166, -0.05652530491352081, -0.02127685956656933, -0.043154772371053696, 0.00266194436699152, 0.045685458928346634, -0.031516123563051224, 0.0247079748660326, 0.007494442630559206, 0.022620804607868195, -0.009974682703614235, 0.03791719302535057, -0.011088824830949306, 0.01587766222655773, 0.015821093693375587, -0.05994347110390663, -0.008855115622282028, 0.05139746889472008, 0.010556647554039955, 0.005254481919109821, -0.0049961344338953495, 0.021624479442834854, -0.021463381126523018, -0.021471118554472923, 0.019420117139816284, -0.0260852612555027, -0.015789570286870003, 0.07692856341600418, -0.03999319672584534, -0.009748768992722034, 0.00699676712974906, -0.0009749325108714402, 0.008799683302640915, 0.022531485185027122, 0.027811598032712936, -0.005021573975682259, 0.031062070280313492, 0.02501349151134491, -0.013841965235769749, 0.0034971009008586407, 0.016434764489531517, 0.02399701438844204, 0.000996110145933926, 0.004920997191220522, -0.07018174976110458, -0.009044887498021126, -0.022045841440558434, 0.08792827278375626, -0.027549846097826958, 0.0579419881105423, -0.014864221215248108, 0.028154052793979645, -0.04274121671915054, -0.029803350567817688, 0.024795079603791237, -0.017334919422864914, 0.04381979629397392, 0.011668684892356396, 0.029533986002206802, 0.0248410701751709, -0.02794923633337021, -0.0015199835179373622, -0.0024247446563094854, -0.004899001680314541, 0.02181622013449669, -0.05331692844629288, 0.00023248027719091624, 0.03442119061946869, -0.058410219848155975, 0.0032173823565244675, -0.029885726049542427, 0.00936635211110115, -0.021581845358014107, 0.03675471991300583, 0.003922209143638611, 0.06327587366104126, -0.0011876776115968823, 0.03173908218741417, -0.014977466315031052, -0.032693441957235336, 0.01591806858778, 0.005173962097615004, -0.01741679385304451, 0.013839947059750557, -0.041058700531721115, 0.015237431041896343, -0.011916015297174454, -0.024874649941921234, -0.009509015828371048, -0.04497713968157768, -0.0009165002848021686, -0.04584506154060364, -0.020206237211823463, 0.025710368528962135, -0.0020965791773051023, 0.014538890682160854, 0.04175981879234314, -0.015214266255497932, -0.01996571570634842, 0.004713316913694143, -0.03321560099720955, 0.017752615734934807, -0.014840535819530487, 0.015752768144011497, 0.04624832049012184, 0.07687392830848694, 0.027499200776219368, 0.040974315255880356, -0.03858214244246483, -0.009005989879369736, -0.002103858394548297, 0.008232366293668747, 0.004237893037497997, -0.01286969892680645, -0.0030127931386232376, 0.019588060677051544, -0.00870606116950512, -0.0033376479987055063, 0.011515340767800808, -0.04312892630696297, 0.019976401701569557, 0.03094656579196453, 0.0051528820767998695, 0.02764114923775196, -0.01697516068816185, -0.012124731205403805, -0.00942271202802658, -0.013069592416286469, -0.026793332770466805, -0.00974317453801632, -0.0014211273519322276, 0.012788179330527782, -0.023982858285307884, -0.01514745969325304, 0.016360173001885414, -0.029592737555503845, -0.04175009950995445, -0.0063022137619555, -0.00036474590888246894, -0.05429423972964287, 0.0010107565904036164, 0.024476736783981323, 0.05602020025253296, -0.035585787147283554, 0.005466531962156296, -0.02373325452208519, 0.05104104056954384, -0.054997123777866364, -0.006799858063459396, -0.02083381451666355, 0.028796805068850517, 0.025328414514660835, -0.06575348228216171, -0.03122064843773842, 0.01988931931555271, 0.002791309729218483, 0.01713978312909603, -0.038304656744003296, -0.0036912932991981506, 0.003389388555660844, -0.03615562990307808, 0.02928066812455654, -0.004719255957752466, 0.07409244030714035, -0.041595496237277985, -0.0068541476503014565, -0.01634843647480011, -0.03453800082206726, 0.01689719781279564, 0.018140191212296486, -0.0728037878870964, 0.008648636750876904, 0.03834330290555954, -0.026526613160967827, 0.015751155093312263, -0.013104568235576153, 0.024397503584623337, -0.028571002185344696, -0.029183929786086082, 0.020742041990160942, 0.018204573541879654, -0.03617781400680542, -0.018703050911426544, -0.013298205099999905, 0.004516068380326033, 0.010358264669775963, -0.004203655757009983, -0.034568142145872116, -0.025564514100551605, 0.05865679308772087, 0.03379370644688606, -0.02261119708418846, 0.020015355199575424, -0.010770194232463837, -0.003306306665763259, -0.015506553463637829, 0.011017626151442528, 0.002800354966893792, -0.02609007991850376, -0.007603684905916452, 0.005528309382498264, 0.02720535546541214, 0.03421756625175476, -0.006395387928932905, 0.020412733778357506, -0.001952422666363418, -0.04067567363381386, 0.058325860649347305, 0.04060433804988861, -0.01968565210700035, 0.03295724838972092, 0.033342838287353516, -0.00918310135602951, 0.0037061739712953568, 0.009416747838258743, -0.013075764290988445, -0.01416553370654583, -0.005292351357638836, -0.0228201225399971, -0.004528822842985392, 0.008081389591097832, 0.04610103368759155, 0.0024913824163377285, -0.004798045847564936, 0.005843888036906719, 0.02112177200615406, -0.17157286405563354, -0.012947563081979752, 0.03761531785130501, 0.02881006896495819, -0.01916772872209549, -0.02226167917251587, 0.0035363645292818546, 0.03462602198123932, -0.03334813565015793, 0.039286527782678604, -0.03964851796627045, -0.04703810065984726, 0.05496758967638016, -0.013180340640246868, -0.03653993457555771, 0.025236057117581367, -0.010377032682299614, 0.02023887075483799, 0.0012814794899895787, -0.03860683739185333, 0.014916167594492435, -0.04875348508358002, -0.02060176618397236, -0.030011840164661407, 0.014930066652595997, -0.051753051578998566, 0.03443128615617752, -0.042959652841091156, -0.056394077837467194, 0.016183966770768166, -0.04426039382815361, 0.025256846100091934, -0.011365199461579323, 0.00873631052672863, -0.03914421796798706, -0.0017159921117126942, 0.050124432891607285, -0.00601144740357995, -0.04312042146921158, -0.046207964420318604, 0.03389633819460869, 0.03277672827243805, -0.003358420915901661, 0.018041856586933136, 0.04927113652229309, -0.03734438121318817, -0.025145668536424637, -0.004931907169520855, -0.02911151386797428, -0.017701562494039536, 0.029195722192525864, -0.014103394001722336, -0.0017692544497549534, 0.027262667194008827, -0.028556613251566887, 0.003026957856491208, 0.02136263996362686, 0.017095671966671944, -3.3155673008877784e-05, -0.00030759532819502056, -0.013769889250397682, -0.01936347782611847, 0.044693585485219955, 0.015635177493095398, -0.055146411061286926, 0.0003840296412818134, 0.049255210906267166, -0.02950175292789936, 0.008176339790225029, -0.024879027158021927, 0.039177048951387405, 0.02629568800330162, 0.006392617244273424, 0.008780157193541527, -0.03090980090200901, 0.025650810450315475, -0.0022582821547985077, -0.009234889410436153, 0.012913627550005913, -0.09853106737136841, 0.026115814223885536, 0.029471706598997116, -0.02879045531153679, 0.04831481724977493, -0.029646899551153183, 0.013109056279063225, -0.01088031381368637, -0.02702905796468258, 0.04746796935796738, 0.22924505174160004, 0.042761966586112976, 0.00902266800403595, -0.004744505509734154, 0.009973022155463696, -0.010062453337013721, 0.05183267593383789, 0.05027513578534126, 0.015894828364253044, -0.03879116475582123, -0.013968945480883121, 0.035902585834264755, 0.023663833737373352, -0.016116470098495483, 0.005382734350860119, 0.037157412618398666, -0.041763439774513245, 0.021685626357793808, 0.05940193682909012, -0.04098570719361305, -0.011063436046242714, -0.025957033038139343, 0.022123366594314575, 0.042155031114816666, -0.08273054659366608, 0.001665459480136633, -0.0282154381275177, -0.0034211608581244946, 0.009385504759848118, -0.017956189811229706, -0.025148853659629822, 0.03243956342339516, 0.03268512338399887, -0.05056804418563843, -0.0031193692702800035, -0.006700675468891859, -0.0015879645943641663, -0.011079618707299232, 0.02813301794230938, 0.05044713616371155, -0.03912247344851494, -0.008607393130660057, -0.020605983212590218, 0.03457433357834816, -0.022454675287008286, -0.06237432360649109, -0.0021214939188212156, -0.013293299823999405, -0.047038983553647995, -0.030001675710082054, 0.003916717134416103, -0.06900253146886826, -0.027727210894227028, 0.007916766218841076, 0.02528800442814827, -0.07092967629432678, -0.01349694561213255, -0.00158163090236485, -0.027508394792675972, -0.0018508315552026033, 0.03751670941710472, 0.019160106778144836, -0.03146706148982048, -0.0024080167058855295, -0.006748105399310589, 0.05768275633454323, -0.014201427809894085, -0.009035030379891396, 0.027924148365855217, 0.01685059256851673, -0.04741900786757469, 0.025089768692851067, 0.018392296507954597, -0.021533573046326637, 0.010286497883498669, -0.033286262303590775, 0.009497851133346558, 0.03346054628491402, -0.0028039340395480394, -0.0005153956008143723, -0.02577447146177292, 0.032155923545360565, -0.027403201907873154, 0.04213320091366768, 0.049112819135189056, -0.03853834047913551, 0.06510845571756363, 0.024713438004255295, -0.01885984279215336, -0.04784512519836426, -0.02187185548245907, 0.01877887360751629, 0.018988821655511856, 0.010513254441320896, -0.015588453970849514, -0.006558710243552923, 0.031741347163915634, -0.010558263398706913, -0.011732538230717182, 0.02666890248656273, -0.037981510162353516, 0.005716932006180286, -0.006355908699333668, -0.05928226560354233, 0.015571988187730312, -0.044202301651239395, 0.03979599475860596, -0.004963187500834465, 0.013884220272302628, -0.010276124812662601, -0.032289519906044006, 0.02115985006093979, 0.032387252897024155, -0.02901594154536724, -0.00951125007122755, 0.029113689437508583, 0.038817476481199265, 0.020137421786785126, 0.032728247344493866, 0.023274164646863937, 0.0030714075546711683, -0.010235877707600594, -0.02754463069140911, -0.016675898805260658, -0.03180449828505516, -0.006958644837141037, 0.0017165802419185638, 0.009441245347261429, -0.062346309423446655, -0.007547303568571806, 0.032312698662281036, -0.017473440617322922, -0.006249079015105963, 0.03992722928524017, 0.017813919112086296, 0.01422320306301117, -0.0003979570174124092, 0.007970617152750492, 0.0019978436175733805, 0.03198983147740364, -0.04376881569623947, -0.0965961292386055, 0.019504019990563393, -0.04179002717137337, 0.00094394147163257, 0.05687593296170235, 0.0018205957021564245, -0.0331808440387249, 0.02253655344247818, 0.00794401578605175, 0.02225593291223049, 0.07555380463600159, 0.02521234191954136, -0.008746054954826832, -0.032492514699697495, -0.03162240609526634, 0.014994108118116856, 0.007787400856614113, -0.07596684247255325, -0.030361726880073547, -0.018719157204031944, 0.05316535383462906, 0.00454090628772974, 0.05503740534186363, 0.006225913763046265, 0.006518606562167406, -0.03564702719449997, 0.01764839142560959, -0.0421978197991848, 0.013222213834524155, 0.021509410813450813, -0.013804683461785316, -0.04405203089118004, 0.031517818570137024, -0.0013948711566627026, -0.02560270018875599, -0.03860670328140259, 0.013613049872219563, -0.026765236631035805, -0.016178393736481667, -0.0357898473739624, 0.012435727752745152, -0.05645746737718582, -0.03034166619181633, 0.01697847805917263, -0.07827083766460419, -0.016561808064579964, -0.022141387686133385, 0.05462983623147011, -0.05777469277381897, 0.0009149755351245403, 0.10932060331106186, 0.020237348973751068, -0.0067860884591937065, 0.010028749704360962, 0.005084084812551737, 0.044486600905656815, 0.05492077395319939, -0.005902414210140705, 0.009463640861213207, 0.04168723151087761, -0.004915762227028608, 0.00412492360919714, -0.011518174782395363, 0.03344639390707016, -0.038324665278196335, -0.052471891045570374, 0.015552664175629616, -0.021644731983542442, -0.01855163276195526, -0.013187797740101814, -0.008487431332468987, -0.024850182235240936, -0.009792080149054527, -0.00926385447382927, -0.01571565866470337, 0.06914208084344864, 0.04964052885770798, 0.05698384717106819, 0.047631531953811646, -0.033188462257385254, -0.02309339866042137, 0.03136764094233513, -0.01677756942808628, -0.018759287893772125, 0.0029916944913566113, 0.029229076579213142, -0.042961061000823975, 0.02456723339855671, 0.0037041159812361, -0.005440588109195232, 0.060832343995571136, -0.012836415320634842, -0.02416040375828743, -0.0009126195218414068, 0.002862965688109398, 0.023474721238017082, 0.03186028078198433, -0.008431239053606987, -0.01878364197909832, -0.0021053943783044815, -0.03128603845834732, 0.029133204370737076, 0.04509177431464195, 0.004651765339076519, -0.002034372417256236, 0.0013934705639258027, -0.025667434558272362, 0.051118940114974976, 0.011716063134372234, -0.006216243375092745, -0.0116844167932868, 0.027904579415917397, 0.00790892168879509, 0.024838769808411598, -0.013534491881728172, -0.022284623235464096, -0.01105083804577589, -0.04172160103917122, -0.03509967029094696, 0.0014049888122826815, -0.02448185905814171, -0.027601556852459908, -0.0156293623149395, 0.026183083653450012, -0.06989458203315735, 0.020526140928268433, -0.03851804509758949, -0.017158515751361847, -0.0496508926153183, 0.021366413682699203, 0.004554918501526117, -0.015482377260923386, -0.016573220491409302, 0.00937410444021225, 0.005350419785827398, -0.026248201727867126, 0.015529409050941467, 0.030113518238067627, -0.0002464174758642912, -0.03261895850300789, -0.0379667654633522, -0.022960668429732323, 0.005252871196717024, -0.023276789113879204, -0.017600493505597115, 0.0761520266532898, -0.010198699310421944, -0.005337894428521395, -0.05683927983045578, -0.002806845586746931, -0.04264790564775467, -0.0502021461725235, 0.02205379121005535, -0.021128980442881584, 0.005312499590218067, 0.006630160845816135, -0.03023199923336506, 0.005805840715765953, 0.024815503507852554, -0.01673635095357895, -0.05214230343699455, -0.0018731160089373589, -0.046108245849609375, -0.014532272703945637, 0.03335125371813774, -0.020367302000522614, 0.01545003056526184, 0.0472552552819252, 0.031115666031837463, -0.03306199237704277, -0.08767183125019073, 0.03610451519489288, 0.031451690942049026, 0.031103787943720818, -0.02716272883117199, 0.06449203193187714, 0.001670871744863689, -0.026898816227912903, -0.02213699370622635, -0.013345062732696533, 0.030134744942188263, -0.02280760370194912, -0.002464310498908162, 0.026335759088397026, 0.02824045903980732, 0.05299617722630501, -0.022477371618151665, -0.044680189341306686, 0.007124601397663355, -0.02849355712532997, -0.03009386919438839, 0.017477605491876602, -0.02361821010708809, 0.0021942658349871635, -0.018473010510206223, 0.004665322136133909, -0.014029872603714466, 0.03996085375547409, 0.033216413110494614, -0.011002781800925732, -0.016564689576625824, -0.001357092522084713, -0.008121892809867859, 0.002773407381027937, -0.026117583736777306, -0.003599428106099367, -0.0302741639316082, -0.03670555353164673, -0.019137103110551834, 0.02319977805018425, 0.02186489850282669, -0.009936793707311153, -0.027979757636785507, 0.039337366819381714, 0.0683455839753151, -0.008635192178189754, 0.04566548019647598, -0.017492912709712982, 0.022449692711234093, -0.06957952678203583, 0.027573255822062492, -0.02083108015358448, 0.027120206505060196, -0.009071811102330685, 0.03349647298455238, 0.05053699016571045, -0.016062689945101738, 0.021867843344807625, 0.004632987547665834, 0.0011273877462372184, -0.0037147433031350374, 0.0064318822696805, 0.047158680856227875, -0.017966454848647118, 0.029407694935798645, -0.017316190525889397, 0.04579729214310646, 0.032324980944395065, 0.02193279005587101, -0.03234631195664406, 0.009002111852169037, -0.0067159575410187244, -0.024650799110531807, -0.018789460882544518, 0.013709982857108116, -0.005446108058094978, 0.014709316194057465, 0.02548292651772499, 0.06723742932081223, 0.003818428609520197, -0.01880049705505371, -0.015380115248262882, 0.004312865901738405, -0.1428280770778656, 0.009257543832063675, -0.02419581077992916, 0.04191715270280838, 0.0003243183600716293, 0.010059822350740433, 0.01376345194876194, -0.009939576499164104, 0.003926013130694628, -0.030103690922260284, -0.026849331334233284, -0.03575466200709343, 0.0215744785964489, -0.05445074290037155, 0.008438092656433582, 0.008665499277412891, -0.0007533575408160686, -0.011740091256797314, 0.0013264254666864872, 0.0281657874584198, -0.00496204337105155, -0.014107633382081985, 0.005598933435976505, 0.0035587544552981853, 0.005130738019943237, 0.004300253000110388, 0.025210417807102203, -0.004240188281983137, 0.0003294391499366611, 0.01391934510320425, -0.025985464453697205, -0.005405706819146872, 0.02234986238181591, 0.06267184764146805, -0.0178573839366436, -0.022201701998710632, 3.109412136836909e-05, 0.038566842675209045, -0.03632942587137222, 0.03087136521935463, 0.02271377481520176, 0.01709623821079731, -0.019099807366728783, 0.02873132936656475, 0.06226598098874092, 0.044247817248106, -0.018801787868142128, -0.012039321474730968, -0.07487226277589798, 0.025484740734100342, -0.009106812067329884, 0.03524170070886612, 0.019386177882552147, 0.0049951705150306225, 0.042072903364896774, 0.0007922866498120129, -0.030588248744606972, -0.02017725072801113, -0.05747722461819649, 0.05245828256011009, -0.014602427370846272, 0.0006010044016875327, -0.03734460100531578, -0.03956584259867668, -0.03611375764012337, 0.0038213375955820084, -0.032966747879981995, 0.007104667369276285, -0.03737576678395271, 0.0010796961141750216, -0.02937464974820614, -0.06348998099565506, -0.02612544409930706, -0.06392896175384521, -0.002852866193279624, -0.04218040034174919, 0.043982237577438354, -0.01805415377020836, -0.023521797731518745, 0.023568302392959595, -0.0060812425799667835, -0.01673777587711811, -0.026527980342507362, -0.01864822581410408, 0.11385338753461838, -0.020297681912779808, 0.0038278307765722275, 0.006816810462623835, -0.026898708194494247, 0.005601883865892887, -0.030996819958090782, -0.011656471528112888, -0.017655469477176666, 0.01850534789264202, 0.006951993331313133, -0.006739430129528046, -0.004637441132217646, 0.03634820878505707, 0.010795344598591328, -0.020626885816454887, -0.02960040606558323, -0.016315460205078125, -0.0010157473152503371, -0.0011769500561058521, 0.01082419790327549, 0.025293925777077675, 0.022466203197836876, 0.01876167766749859, -0.03179743513464928, -0.026973308995366096, 0.0013001153711229563, 0.008943090215325356, -0.002166125690564513, 0.0008795871399343014, -0.03303181007504463, 0.019536620005965233, -0.01376078650355339, 0.023090785369277, 0.008145077154040337, -0.012201858684420586, 0.02078702487051487, 0.017853930592536926, 0.04428061842918396, -0.04961717501282692, 0.009191932156682014, -0.06661360710859299, 0.07010076940059662, 0.013822227716445923, -0.037377387285232544, -0.00784315075725317, 0.009472387842833996, -0.018958179280161858, -0.022467227652668953, 0.05468232184648514, 0.02317119389772415, 0.0479988195002079, 0.026200728490948677, 0.043071720749139786, -0.022098487243056297, -0.037296004593372345, 0.0008515515946783125, -0.026889804750680923, 0.008378571830689907, -0.027485128492116928, -0.026356998831033707, -0.02560521475970745, -0.011284161359071732, 0.03409770131111145, -0.005152090452611446, -0.003920653834939003, 0.017605790868401527, 0.017327304929494858, 0.030873222276568413, -0.00650414964184165, -0.033143673092126846, 0.00961205642670393, -0.055294737219810486, -0.02269134856760502, -0.044113218784332275, 0.04966309666633606, -0.0257000420242548, -0.012313646264374256, -0.020515477284789085, 0.005633106455206871, 0.037147220224142075, 0.02270149253308773, 0.0033098163548856974, -0.013706411235034466, 0.007850036956369877, -0.026305798441171646, -0.022541482001543045, 0.04528028145432472, -0.03406462445855141, -0.02647414430975914, 0.011804183013737202, -0.01677306927740574, 0.0029685404151678085, -0.03243833780288696, 0.05839790403842926, 0.002602961612865329, 0.013634138740599155, -0.016315503045916557, 0.06446734815835953, 0.026586171239614487, -0.03533071652054787, 0.016987433657050133, -0.024172216653823853, 0.029556894674897194, 0.007522536441683769, 0.007359471637755632, -0.02750467322766781, -0.013349968940019608, -0.006210848223417997, -0.02317744679749012, 0.04108210280537605, -0.015539880841970444, -0.0026469328440725803, -0.012435787357389927, -0.0008993528317660093, 0.06528808176517487, 0.02663039229810238, 0.0051545798778533936, 0.03343241289258003, 0.014287681318819523, -0.010257870890200138, -0.013668346218764782, -0.015846438705921173, -0.012102416716516018, 0.02979603409767151, 0.06625102460384369, 0.0312894843518734, -0.028738882392644882, -0.021269114688038826, 0.03889710083603859, -0.004442678298801184, 0.027972567826509476, 0.0053559052757918835, 0.009580130688846111, 0.06121857091784477, 0.013092524372041225, 0.03899477422237396, 0.013163507916033268, -0.015195490792393684, -0.006856500171124935, 0.0038772986736148596, -0.024212537333369255, -0.026138432323932648, 0.007158583961427212, -0.017095791175961494, 0.03957332298159599, 0.0021574345882982016, -0.03273485600948334, -0.00237664463929832, 0.04583295062184334, -0.012775551527738571, -0.027388516813516617, -0.010648086667060852, 0.010988632217049599, -0.050057198852300644, 0.0349750891327858, 0.003836020827293396, -0.008614450693130493, -0.007667484227567911, 0.007534469477832317]",,
15_1_0_errors_invalid_webpack_5_version_mdx_section_3,section,15_1_0_errors_invalid_webpack_5_version_mdx,Invalid webpack 5 version - Useful Links,,{},15.1.0,"[https://classic.yarnpkg.com/en/docs/selective-version-resolutions/](https://classic.yarnpkg.com/en/docs/selective-version-resolutions/)
",,"[(np.int64(71), np.float64(0.07271690666675568)), (np.int64(190), np.float64(0.19515623152256012)), (np.int64(360), np.float64(0.052154168486595154)), (np.int64(1467), np.float64(0.13042739033699036)), (np.int64(7013), np.float64(0.18739351630210876)), (np.int64(7844), np.float64(0.14250412583351135)), (np.int64(11389), np.float64(0.16537640988826752)), (np.int64(29102), np.float64(0.26955121755599976)), (np.int64(36836), np.float64(0.1711869239807129)), (np.int64(57890), np.float64(0.2598018944263458))]","[-0.04469738528132439, -0.030139116570353508, -0.02620464190840721, 0.006714456714689732, -0.022208115085959435, -0.03427928313612938, 0.06601475179195404, 0.01019512303173542, -0.031707558780908585, -0.00079226033994928, 0.018082408234477043, 0.00024356775975320488, -0.02441510371863842, 0.04516329988837242, -0.0064922356978058815, -0.014610613696277142, -0.020469587296247482, 0.0204776618629694, 0.036504510790109634, -0.005189003888517618, -0.0011582862352952361, -0.03040650114417076, 0.028802910819649696, 0.019346632063388824, -0.02445596642792225, 0.03675113990902901, -0.01676727831363678, -0.026406604796648026, 0.030491948127746582, -0.01743587851524353, -0.006504842545837164, -0.020725058391690254, 0.05594632774591446, -0.008127685636281967, -0.02588747628033161, -0.03537783771753311, -0.017477277666330338, -0.018351176753640175, -0.03622525557875633, 0.026584772393107414, -0.004470405168831348, 0.037743743509054184, 0.014640172943472862, -0.021992098540067673, 0.009224136359989643, -0.04226616397500038, 0.011842907406389713, -0.026020050048828125, 0.030254177749156952, -0.051962919533252716, -0.006381631828844547, 0.009841769002377987, 0.047174837440252304, -0.03383228927850723, 0.012278534471988678, 0.04986930638551712, 0.02359042689204216, -0.049287401139736176, -0.020232727751135826, 0.0014835977926850319, -0.02002875879406929, 0.004667314235121012, -0.016204949468374252, 0.01994103007018566, 0.03564947471022606, 0.040570180863142014, -0.011787607334554195, 0.034715451300144196, -0.030404027551412582, -0.04433240368962288, -0.010247461497783661, 0.029815437272191048, -0.04419894888997078, -0.02463139034807682, -0.07177624851465225, -0.00010110632865689695, 0.023837868124246597, -0.006497138645499945, -0.003262999700382352, 0.01793520525097847, -0.02166610024869442, 0.008925534784793854, 0.043129924684762955, -0.029564589262008667, 0.005400581751018763, 0.01424262672662735, -0.03511404991149902, -0.00292412843555212, 0.039303358644247055, 0.00025269074831157923, -0.048457708209753036, 0.008059554733335972, -0.016980472952127457, -0.05646011605858803, -0.012100900523364544, -0.005058566574007273, -0.02934425137937069, -0.002753455424681306, 0.03702671825885773, 0.02751859463751316, -0.0023293886333703995, 0.016007691621780396, -0.011590149253606796, 0.0030787987634539604, -0.00769380759447813, -0.020167315378785133, -0.0015077808639034629, 0.01780412532389164, -0.020114406943321228, -0.03626018762588501, 0.023273324593901634, 0.03790859878063202, 0.03349491208791733, -0.006746560335159302, 0.013403335586190224, -0.036977916955947876, -0.04928972199559212, -0.03742724657058716, 0.02370758354663849, 0.000674765498843044, -0.019141310825943947, -0.027791159227490425, 0.08213702589273453, -0.033940039575099945, 0.0797785297036171, 0.008712182752788067, 0.02208380401134491, 0.04307616502046585, 0.055423859506845474, 0.025613905861973763, 0.01788509264588356, 0.0536324605345726, -0.016414275392889977, -0.0060173277743160725, -0.022937286645174026, -0.03653401881456375, -0.005519856233149767, 0.023505646735429764, 0.0015682654920965433, -0.04149407148361206, 0.00048139714635908604, 0.0028990686405450106, 0.007724440656602383, -0.013435384258627892, 0.05278398096561432, -0.018243705853819847, 0.03922368586063385, 0.006867212243378162, 0.0033801819663494825, -0.06511188298463821, -0.020389527082443237, 0.0009287265711463988, 0.04804873466491699, 0.031192243099212646, 0.029694046825170517, -0.05319977551698685, -0.013789132237434387, 0.06898313760757446, -0.018022751435637474, 0.007979304529726505, -0.06852280348539352, 0.008347670547664165, -0.03220715373754501, -0.004317696206271648, 0.026478640735149384, -0.03419143334031105, 0.025781182572245598, 0.03829962760210037, -0.04558153077960014, -0.03029218316078186, -0.023655235767364502, -0.03617895022034645, 0.0012718669604510069, 0.03245546668767929, 0.03436829149723053, 0.012809881940484047, 0.04406106472015381, 0.015714405104517937, 0.054467108100652695, -0.020826976746320724, -0.0024420972913503647, 0.034887585788965225, -0.014671402983367443, -0.0035031673032790422, -0.0202240701764822, 0.03534677252173424, -0.03415178135037422, -0.008730929344892502, 0.021555427461862564, 0.017176253721117973, -0.015637634322047234, -0.0038916589692234993, 0.031247729435563087, -0.0009558585588820279, 0.02490304410457611, 0.014145361259579659, -0.00791576411575079, 0.018606971949338913, -0.012303460389375687, -0.04158461466431618, -0.010620993562042713, 0.010768042877316475, -0.016439372673630714, -0.006507079117000103, -0.017692137509584427, -0.0620494969189167, 0.005860434379428625, -0.0631164088845253, 0.008411441929638386, -0.026905609294772148, -0.026578327640891075, 0.02554432861506939, -0.006889233365654945, 0.029632922261953354, -0.04856109991669655, -0.012815476395189762, -0.0318244993686676, 0.006236488465219736, 0.016076436266303062, -0.02625112608075142, -0.05522117391228676, 0.01898598112165928, 0.015057878568768501, 0.009514709003269672, 0.023782121017575264, -0.00034634076291695237, 0.02014310285449028, 0.023805543780326843, 0.028658851981163025, -0.015873311087489128, -0.06169738620519638, 0.010058402083814144, 0.05360837280750275, -0.04146968573331833, 0.05783774331212044, -0.004106887616217136, 0.029720783233642578, 0.0074429260566830635, -0.0033695849124342203, 0.00452302023768425, -0.01592189259827137, -0.01250472478568554, 0.06413884460926056, -0.016565769910812378, -0.04311187565326691, 0.034516651183366776, 0.00226494949311018, 0.009741226211190224, -0.022053193300962448, -0.08584940433502197, -0.008708673529326916, 0.018136601895093918, 0.015761805698275566, 0.003515452379360795, 0.04922177270054817, 0.006520385388284922, 0.052203234285116196, -0.011185006238520145, -0.05419159308075905, -0.021976938471198082, 0.00601543765515089, 0.03597709909081459, 0.01220090314745903, 0.032593224197626114, 0.027912437915802002, -0.014950918033719063, -0.001265713362954557, -0.010419530794024467, -0.00080421770690009, -0.009820052422583103, 0.0012257149210199714, 0.034938257187604904, 0.015504281967878342, -0.014058653265237808, 0.0049898368306458, 0.02915814518928528, 0.003037701128050685, -0.028855713084340096, 0.10545328259468079, 0.008303540758788586, -0.018003635108470917, 0.01614995114505291, 0.044053081423044205, -0.018930302932858467, 0.013265841640532017, -0.05074705556035042, -0.0519680492579937, -0.019831594079732895, 0.019446924328804016, 0.003261945676058531, -0.015574300661683083, -0.009216340258717537, 0.05226228013634682, 0.007201542146503925, 0.010257715359330177, 0.021254166960716248, -0.009574799798429012, -0.20967604219913483, -0.04333321377635002, 0.04823650047183037, 0.018375761806964874, -0.012209967710077763, 0.0291734728962183, -0.0596272349357605, -0.009887143038213253, -0.04049825668334961, -0.0005509862676262856, -0.0047617279924452305, -0.05570656433701515, -0.005883820354938507, 0.006961609236896038, 0.016206825152039528, 0.04719429090619087, 0.002709157532081008, 0.020881088450551033, 0.00038544737617485225, -0.025051044300198555, -0.0177887212485075, -0.011442629620432854, 0.0004913905286230147, -0.017941413447260857, -0.019117295742034912, -0.014056389220058918, 0.05246428772807121, -0.0048658777959644794, 0.013172514736652374, -0.012135365046560764, -0.003813592018559575, 0.01015171967446804, 0.0015236929757520556, 0.03471318632364273, -0.006139399949461222, 0.011213229969143867, 0.018190784379839897, -0.007957680150866508, 0.037294819951057434, -0.04458020627498627, 0.03973107039928436, 0.04296969622373581, 0.0006550290272571146, 0.02738661877810955, -0.0315198078751564, -0.01974426582455635, -0.0002522155118640512, 0.0061811176128685474, -0.0024160249158740044, -0.048599231988191605, -0.030539600178599358, -0.02568957209587097, -0.004993824288249016, 0.01881900243461132, -0.07135038822889328, 0.021746043115854263, -0.01804833859205246, 0.05935542285442352, -0.010284553281962872, 0.011195114813745022, -0.0044658128172159195, -0.02643495984375477, 0.011097580194473267, -0.03942548856139183, -0.025430893525481224, 0.030203305184841156, 0.05613970384001732, -0.032365214079618454, 0.02996201626956463, 0.018737055361270905, 0.005781706888228655, -0.033130351454019547, -0.013901024125516415, -0.04694623500108719, 0.002208801219239831, 0.010453545488417149, -0.019838722422719002, 0.01967436634004116, 0.014013363048434258, -0.12474817037582397, 0.05245618522167206, 0.04269281402230263, 0.019300563260912895, 0.01747370883822441, -0.010675578378140926, -0.023481179028749466, -0.008506745100021362, 0.009257996454834938, 0.0021976495627313852, 0.2661801874637604, 0.035754118114709854, 0.016745373606681824, -0.01230577565729618, 0.036724817007780075, -0.022360121831297874, 0.026226120069622993, 0.0075707221403717995, 0.01754990592598915, -0.010875128209590912, 0.019494086503982544, 0.018321840092539787, -0.015198374167084694, -0.011612585745751858, -9.453827078687027e-05, 0.024520406499505043, -0.030364874750375748, -0.006732824258506298, 0.11728167533874512, -0.013477743603289127, 0.011680281721055508, -0.019202539697289467, -0.004289676435291767, 0.03496585413813591, -0.07952047884464264, -0.03962400183081627, -0.0394507572054863, 0.014402150176465511, -0.021515602245926857, 0.03628760576248169, -0.03524600341916084, 0.052192166447639465, 0.04537077993154526, -0.003938882611691952, -0.002680164761841297, -0.013107012957334518, -0.00022639533563051373, 0.005565507337450981, 0.01575525850057602, 0.03882671892642975, -0.036335330456495285, -0.02652951516211033, -0.019016051664948463, 0.030283786356449127, 0.008159486576914787, -0.0358031764626503, -0.020891286432743073, -0.002553828526288271, 0.004742189776152372, -0.015226720832288265, 0.005941516719758511, -0.08175753802061081, -0.023208854719996452, -0.027880491688847542, 0.026111764833331108, 0.007408834062516689, -0.01832754909992218, -0.013034594245254993, 0.03286290913820267, 0.04280472919344902, -0.0019625434651970863, -0.018890632316470146, -0.05671844258904457, -0.023375503718852997, -0.03597260266542435, 0.061428651213645935, 0.016696747392416, -0.020102517679333687, 0.037387847900390625, 0.025255918502807617, 9.273975592805073e-05, 0.04310516640543938, 0.04017220810055733, 0.021101003512740135, 0.04668614640831947, 0.04712384194135666, 0.09017086774110794, -0.01424180343747139, 0.009194004349410534, 0.008702349849045277, -0.04893340542912483, 0.025924066081643105, -0.008706902153789997, 0.008223052136600018, -0.0022201528772711754, -0.04039059579372406, 0.0420936681330204, -4.1017508920049295e-05, 0.009914005175232887, -0.03554240241646767, 0.0008124193409457803, 0.004618937149643898, -0.00861447025090456, -0.007364202290773392, -0.011131515726447105, 0.002734716050326824, -0.00641996506601572, -0.021781079471111298, -0.04856554791331291, 0.024441711604595184, 0.007365785539150238, -0.02323213405907154, 6.179473712109029e-05, -0.06870010495185852, 0.03511067479848862, -0.04550616443157196, 0.02309270016849041, -0.007323409430682659, -0.0028252105694264174, 0.013932455331087112, -0.031508516520261765, 0.02660144679248333, 0.01794387586414814, 0.006861159577965736, 0.021149860695004463, 0.06273293495178223, 0.03335966169834137, 0.01569703035056591, -0.013078812509775162, 0.04248075187206268, -0.029816167429089546, -0.03460948169231415, 0.008977554738521576, 0.019233260303735733, 0.007099469192326069, -0.03619706630706787, 0.003383567091077566, 0.02639557048678398, -0.0693761482834816, 0.013466635718941689, 0.02285108156502247, -0.027867691591382027, -0.011954870074987411, 0.029207449406385422, 0.0304989255964756, 0.017565254122018814, 0.009851564653217793, 0.06517298519611359, 0.003726927563548088, -0.024072667583823204, -0.032887231558561325, -0.045501209795475006, 0.012284332886338234, -0.0448051318526268, 0.008885987102985382, 0.007146203890442848, -0.017970319837331772, 0.005449444055557251, 0.008700731210410595, 0.010538109578192234, 0.03878944739699364, 0.04507199302315712, 0.004787493962794542, 0.0004249393823556602, 0.01589428260922432, -0.024976879358291626, 0.0013976378832012415, 0.004457597620785236, -0.03374609351158142, -0.016110822558403015, -0.012729780748486519, 0.033498939126729965, -0.0035194316878914833, 0.08782809227705002, -0.04342413321137428, 0.015822846442461014, 0.04018249362707138, 0.04962116852402687, -0.023826109245419502, -0.009010180830955505, 0.012618239969015121, -0.0002351783332414925, -0.06704875081777573, 0.03895098343491554, 0.02863994613289833, -0.019835513085126877, -0.007632037624716759, -0.03219309076666832, -0.006816340610384941, 0.004506842698901892, 0.004727386403828859, -0.012067151255905628, -0.014082887209951878, -0.020443402230739594, 0.039291221648454666, 0.026449844241142273, -0.0564127042889595, -0.03577394783496857, 0.006984341889619827, -0.029595214873552322, -0.03974831849336624, 0.1346374899148941, 0.006552209611982107, -0.013952251523733139, 0.029473386704921722, -0.00440889922901988, 0.0020075328648090363, 0.01975194178521633, 0.013108636252582073, -0.0203754473477602, 0.000598648504819721, -0.008806807920336723, 0.016200803220272064, 0.0044437493197619915, -0.03543512150645256, -0.01082897000014782, -0.0241758581250906, 0.01699831709265709, -0.01173346396535635, -0.05115965008735657, -0.018494660034775734, -0.013272699899971485, -0.04205069690942764, -0.02664666436612606, 0.006001681555062532, 0.004428989253938198, 0.03696977347135544, 0.022840281948447227, 0.021738262847065926, -0.007130731362849474, -0.0004793770203832537, -0.01845138520002365, -0.005464810878038406, -0.01953805610537529, -0.005962911993265152, 0.016480499878525734, 0.028031928464770317, 0.0009705133270472288, 0.0018188032554462552, -0.002820646157488227, -0.007664345670491457, 0.025898154824972153, -0.04391901567578316, -0.009770593605935574, -0.028179366141557693, 0.010693760588765144, 0.011703710071742535, 0.04910760372877121, -0.05226695165038109, -0.0283511932939291, -0.02420727349817753, -0.012596995569765568, 0.005023255944252014, 0.0029138096142560244, 0.0009456065599806607, -0.0026841391809284687, -0.04696440324187279, -0.03151250258088112, 0.055376164615154266, 0.018014131113886833, -0.029425986111164093, 0.015565451234579086, 0.02034193091094494, -0.055039145052433014, 0.0027733021415770054, 0.008154058828949928, -0.043034628033638, 0.006378016900271177, 0.007944432087242603, -0.026921479031443596, -0.01380448043346405, 0.023941710591316223, 0.010856213048100471, -0.012137404642999172, 0.04185665771365166, -0.040973883122205734, 0.032455138862133026, -0.018061384558677673, -0.014881406910717487, -0.02125713601708412, -0.035315725952386856, -0.008341834880411625, -0.021562715992331505, 0.006252940744161606, 0.022949008271098137, 0.001557617331854999, 0.020142849534749985, -0.00928000919520855, 0.007752461824566126, -0.02188926935195923, -0.04326529800891876, -0.0058518326841294765, -0.008032005280256271, -0.0027033700607717037, -0.01868654228746891, 0.01277218945324421, 0.036228518933057785, -0.020539669319987297, -0.00046433237730525434, -0.017883412539958954, 0.04343804717063904, 0.007563249673694372, -0.03597402200102806, 0.013094992376863956, -0.010521390475332737, -0.015358883887529373, -0.03711457550525665, 0.038413796573877335, -0.001738275052048266, 0.0008545227465219796, -0.009308229200541973, -0.04526978358626366, 0.006946798413991928, -0.03573255240917206, -0.03441663831472397, 0.051118720322847366, -0.005163105670362711, 0.011858218349516392, 0.009188896045088768, 0.006456652656197548, -0.005128760356456041, -0.058983027935028076, 0.017312491312623024, 0.03344578295946121, 0.02914704941213131, -0.01110063400119543, 0.031340260058641434, 0.012300130911171436, -0.018239950761198997, -0.02134634181857109, 2.6307230655220337e-05, -0.008397557772696018, -0.051416218280792236, -0.009982692077755928, 0.010654066689312458, 0.0031410919036716223, 0.04984740912914276, -0.01813209243118763, -0.029034387320280075, 0.016085214912891388, -0.06604629755020142, 0.010566516779363155, 0.002563284710049629, -0.00026867634733207524, 0.04648413509130478, 0.00012712801981251687, 0.026068037375807762, -0.01012001559138298, 0.03328579291701317, 0.01006343960762024, 0.04433425888419151, 0.0074147069826722145, 0.003267294028773904, -0.019000258296728134, -0.0008514173678122461, -0.0021433087531477213, 0.010870813392102718, -0.013722124509513378, -0.05903129652142525, 0.0030482287984341383, 0.003455239348113537, 0.0172867551445961, -0.014012668281793594, -0.013164767995476723, 0.02576814778149128, -0.007862583734095097, -0.012970499694347382, 0.043206486850976944, -0.029532358050346375, 0.04719173163175583, -0.030756071209907532, -0.011014267802238464, -0.01724867895245552, 0.013875448144972324, 0.016430500894784927, 0.02312259003520012, 0.0023574302904307842, 0.017390726134181023, -0.030998671427369118, 0.0006320387474261224, -0.02147301472723484, 0.032073233276605606, 0.0157430749386549, 0.03991832956671715, 0.007172709796577692, 0.027570126578211784, -0.029314151033759117, 0.005881080869585276, 0.0090264193713665, 0.010152062401175499, -0.014228500425815582, -0.037306126207113266, -0.06201668828725815, -0.024501970037817955, -0.006639723200351, -0.007277394644916058, -0.030435597524046898, -0.01953364908695221, -0.03939202427864075, 0.005678971763700247, -0.03165465220808983, 0.03290698677301407, -0.0231988113373518, -0.026165330782532692, -0.1721549928188324, 0.010078702121973038, -0.022752203047275543, 0.023824136704206467, -0.03816193342208862, -0.019100476056337357, -0.023697802796959877, -0.042373474687337875, 0.015780575573444366, -0.06463523954153061, 8.089707392855416e-08, -0.02704380266368389, 0.06663423031568527, -0.002525496995076537, 0.03585447743535042, 0.019332239404320717, 0.022262543439865112, -0.006614102050662041, 0.03356645256280899, 0.04363555833697319, -0.001525022671557963, 0.024843795225024223, 0.027414262294769287, 0.03340686485171318, 0.0019158667419105768, 0.012010565958917141, 0.00036903872387483716, 0.0019206953002139926, -0.03404981642961502, -0.006374238058924675, 0.03738340735435486, -0.005049182567745447, 0.00039404124254360795, 0.03967364504933357, -0.0035025193355977535, -0.021433621644973755, -0.0019210168393328786, 0.006207425147294998, -0.007991314865648746, 0.017028678208589554, -0.02796783111989498, 0.037750329822301865, -0.0442994199693203, 0.013864823617041111, 0.008882181718945503, 0.02141055464744568, -0.020974475890398026, -0.023574715480208397, -0.02210395783185959, 0.013248690403997898, 0.019946934655308723, 0.025347251445055008, -0.027924250811338425, 0.012846131809055805, -0.027894869446754456, 0.0368570014834404, -0.0531378798186779, 0.0031287861056625843, -0.013198787346482277, 0.0442199781537056, -0.01564827375113964, 0.03386811539530754, -0.03918556869029999, -0.01550120860338211, -0.027792802080512047, 0.028537163510918617, 0.001291808090172708, 0.02151358313858509, -0.00848015584051609, 0.00029243112658150494, -0.03514183685183525, -0.014226303435862064, -0.0031457061413675547, -0.040144775062799454, 0.004593065474182367, 0.003144504502415657, 0.020749157294631004, -0.02648262493312359, -0.02142137475311756, -0.01921348087489605, 0.013857471756637096, -0.0730937048792839, -0.01105574332177639, 0.035318631678819656, 0.06210079416632652, -0.023742441087961197, 0.03058420494198799, 0.01200221385806799, -0.03148817643523216, -0.019437013193964958, -0.055701471865177155, -0.03640594333410263, -0.0227961502969265, -0.04399747774004936, -0.00047412829007953405, -0.02095775306224823, -0.041754841804504395, 0.023743273690342903, -0.009331570006906986, -0.03672541305422783, -0.018616557121276855, -0.05302853137254715, -0.007742416579276323, 0.023342367261648178, -0.0006589475087821484, 0.029441777616739273, 0.05298103764653206, 0.014265807345509529, 0.002564157359302044, -0.010417476296424866, -0.0635308250784874, -0.01537335105240345, -0.023938197642564774, -0.0008251011604443192, 0.005683723371475935, 0.00892334058880806, 0.00024455899256281555, 0.016144834458827972, -0.011738037690520287, 0.014310200698673725, 0.013601862825453281, -0.03303059935569763, -0.02354400046169758, -0.003337269416078925, 0.014382054097950459, -0.027178967371582985, 0.09052775055170059, 0.011262288317084312, 0.008925612084567547, 0.010049081407487392, -0.006250375881791115, -0.019324641674757004, 0.0028479285538196564, 0.03759296238422394, 0.008678535930812359, -0.00786353275179863, 0.0026572206988930702, 0.06280038505792618, -0.005661779083311558, 0.008301994763314724, -0.023250864818692207, -0.0002467015874572098, -0.02935473434627056, -0.0292122233659029, -0.01474278699606657, -0.018974749371409416, -0.0026997681707143784, -0.0048873089253902435, -0.01600070297718048, 0.013520666398108006, 0.01703554391860962, 0.00346548343077302, -0.013618522323668003, 0.005046740174293518, -0.012265477329492569, -0.004341916646808386, -0.0487155020236969, -0.03201037645339966, -0.02343388833105564, 0.05975095555186272, 0.009496203623712063, -0.019610989838838577, -0.022770361974835396, 0.02362854778766632, 0.0036860378459095955, 0.03543825447559357, -0.003461588639765978, -0.010110690258443356, 0.0026887645944952965, 0.02193785272538662, -0.012817422859370708, 0.01590374857187271, -0.04560460150241852, -0.01799183338880539, 0.0323895663022995, 0.001356476335786283, 0.019647834822535515, -0.025525549426674843, -0.016521494835615158, -0.022079383954405785, 0.021115370094776154, 0.03177078440785408, 0.021596837788820267, 0.011752810329198837, -0.009106370620429516, -0.01398991048336029, -0.03858760744333267, 0.010152945294976234, 0.03681517764925957, 0.031918980181217194, -0.06711196899414062, -0.03731036186218262, -0.014276772737503052, -0.034418243914842606, 0.0379985049366951, -0.011641839519143105, 0.005818479228764772, 0.009839852340519428, 0.010804535821080208, 0.028386779129505157, 0.01814444363117218, 0.024994121864438057, -0.03281323239207268, 0.003809037385508418, -0.009566237218677998, -0.02900254726409912, -0.003524024272337556, -0.031927987933158875, 0.05524256452918053, 0.006997434888035059, 0.012277116999030113, 0.024350851774215698, -0.05145792290568352, 0.0408683717250824, 0.009243299253284931, -0.03477868437767029, 0.061731815338134766, 0.024803584441542625, 0.010104390792548656, -0.011933401226997375, 0.062344856560230255, 0.01729726977646351, -0.03067541867494583, -0.026435034349560738, 0.019359370693564415, -0.010355792939662933, -0.03429197892546654, 0.001997248502448201, 0.0024326236452907324, -0.014562339521944523, -0.0025502019561827183, 0.029944350942969322, -0.006677402649074793, 0.007338038180023432, -0.017910927534103394, -0.01080306526273489, 0.006526260171085596, 0.021503321826457977, -0.03328170254826546, 0.011498162522912025, 0.024642424657940865, -0.01763841323554516, 0.017441868782043457, -0.014951962046325207]",,
