entry_id,entry_type,parent_id,title,description,metadata,version,text_content,code_content,sparse_title_description,dense_text_content,dense_code_snippet,tag
15_1_0_docs_01_app_03_api_reference_08_turbopack_mdx,document,,Turbopack,"Turbopack is an incremental bundler optimized for JavaScript and TypeScript, written in Rust, and built into Next.js.",{'related_links': []},15.1.0,"{/* The content of this doc is shared between the app and pages router. You can use the `<PagesOnly>Content</PagesOnly>` component to add content that is specific to the Pages Router. Any shared content should not be wrapped in a component. */}

[Turbopack](https://turbo.build/pack) is an incremental bundler optimized for JavaScript and TypeScript, written in Rust, and built into Next.js. Turbopack can be used in Next.js in both the `pages` and `app` directories for faster local development.

To enable Turbopack, use the `--turbopack` flag when running the Next.js development server.

```json filename=""package.json"" highlight={3}
{
  ""scripts"": {
    ""dev"": ""next dev --turbopack"",
    ""build"": ""next build"",
    ""start"": ""next start"",
    ""lint"": ""next lint""
  }
}
```

## Reference

### Supported features

Turbopack in Next.js requires zero-configuration for most users and can be extended for more advanced use cases. To learn more about the currently supported features for Turbopack, view the [API Reference](/docs/app/api-reference/config/next-config-js/turbo).

### Unsupported features

Turbopack currently only supports `next dev` and does not support `next build`. We are currently working on support for builds as we move closer towards stability.

These features are currently not supported:

- Turbopack leverages [Lightning CSS](https://lightningcss.dev/) which doesn't support some low usage CSS Modules features
  - `:local` and `:global` as standalone pseudo classes. Only the function variant is supported, for example: `:global(a)`.
  - The @value rule which has been superseded by CSS variables.
  - `:import` and `:export` ICSS rules.
- [Invalid CSS comment syntax](https://stackoverflow.com/questions/51843506/are-double-slash-comments-valid-in-css) such as `//`
  - CSS comments should be written as `/* comment */` per the specification.
  - Preprocessors such as Sass do support this alternative syntax for comments.
- [`webpack()`](/docs/app/api-reference/config/next-config-js/webpack) configuration in `next.config.js`
  - Turbopack replaces Webpack, this means that webpack configuration is not supported.
  - To configure Turbopack, [see the documentation](/docs/app/api-reference/config/next-config-js/turbo).
  - A subset of [Webpack loaders](/docs/app/api-reference/config/next-config-js/turbo#configuring-webpack-loaders) are supported in Turbopack.
- Babel (`.babelrc`)
  - Turbopack leverages the [SWC](/docs/architecture/nextjs-compiler#why-swc) compiler for all transpilation and optimizations. This means that Babel is not included by default.
  - If you have a `.babelrc` file, you might no longer need it because Next.js includes common Babel plugins as SWC transforms that can be enabled. You can read more about this in the [compiler documentation](/docs/architecture/nextjs-compiler#supported-features).
  - If you still need to use Babel after verifying your particular use case is not covered, you can leverage Turbopack's [support for custom webpack loaders](/docs/app/api-reference/config/next-config-js/turbo#configuring-webpack-loaders) to include `babel-loader`.
- Creating a root layout automatically in App Router.
  - This behavior is currently not supported since it changes input files, instead, an error will be shown for you to manually add a root layout in the desired location.
- `@next/font` (legacy font support).
  - `@next/font` is deprecated in favor of `next/font`. [`next/font`](/docs/app/building-your-application/optimizing/fonts) is fully supported with Turbopack.
- [Relay transforms](/docs/architecture/nextjs-compiler#relay)
  - We are planning to implement this in the future.
- Blocking `.css` imports in `pages/_document.tsx`
  - Currently with webpack Next.js blocks importing `.css` files in `pages/_document.tsx`
  - We are planning to implement this warning in the future.
- [`experimental.typedRoutes`](/docs/app/api-reference/config/next-config-js/typedRoutes)
  - We are planning to implement this in the future.
- `experimental.nextScriptWorkers`
  - We are planning to implement this in the future.
- `experimental.sri.algorithm`
  - We are planning to implement this in the future.
- `experimental.fallbackNodePolyfills`
  - We are planning to implement this in the future.
- `experimental.esmExternals`
  - We are currently not planning to support the legacy esmExternals configuration in Next.js with Turbopack.
- [AMP](/docs/pages/building-your-application/configuring/amp).
  - We are currently not planning to support AMP in Next.js with Turbopack.
- Yarn PnP
  - We are currently not planning to support Yarn PnP in Next.js with Turbopack.
- [`experimental.urlImports`](/docs/app/api-reference/config/next-config-js/urlImports)
  - We are currently not planning to support `experimental.urlImports` in Next.js with Turbopack.
- [`:import` and `:export` ICSS rules](https://github.com/css-modules/icss)
  - We are currently not planning to support `:import` and `:export` ICSS rules in Next.js with Turbopack as [Lightning CSS](https://lightningcss.dev/css-modules.html) the CSS parser Turbopack uses does not support these rules.
- `unstable_allowDynamic` configuration in edge runtime

## Examples

### Generating Trace Files

Trace files allow the Next.js team to investigate and improve performance metrics and memory usage. To generate a trace file, append `NEXT_TURBOPACK_TRACING=1` to the `next dev --turbopack` command, this will generate a `.next/trace.log` file.

When reporting issues related to Turbopack performance and memory usage, please include the trace file in your [GitHub](https://github.com/vercel/next.js) issue.{/* The content of this doc is shared between the app and pages router. You can use the `` component to add content that is specific to the Pages Router. Any shared content should not be wrapped in a component. */}
[https://turbo.build/pack](https://turbo.build/pack) is an incremental bundler optimized for JavaScript and TypeScript, written in Rust, and built into Next.js. Turbopack can be used in Next.js in both the `` and `` directories for faster local development.
To enable Turbopack, use the `` flag when running the Next.js development server.
",,"[(np.int64(5), np.float64(0.053794071078300476)), (np.int64(23), np.float64(0.04987664520740509)), (np.int64(83), np.float64(0.12064558267593384)), (np.int64(100), np.float64(0.04521496221423149)), (np.int64(136), np.float64(0.0663154125213623)), (np.int64(141), np.float64(0.12749557197093964)), (np.int64(142), np.float64(0.066230408847332)), (np.int64(603), np.float64(0.22179529070854187)), (np.int64(3934), np.float64(0.04838312417268753)), (np.int64(4997), np.float64(0.23609070479869843)), (np.int64(15572), np.float64(0.16068024933338165)), (np.int64(17925), np.float64(0.20176857709884644)), (np.int64(28175), np.float64(0.196584552526474)), (np.int64(29102), np.float64(0.3777184784412384)), (np.int64(29367), np.float64(0.06808706372976303)), (np.int64(57134), np.float64(0.19336657226085663)), (np.int64(59121), np.float64(0.09174776077270508)), (np.int64(60457), np.float64(0.17966771125793457)), (np.int64(88303), np.float64(0.1366833746433258)), (np.int64(102228), np.float64(0.3132396638393402)), (np.int64(144222), np.float64(0.24729344248771667)), (np.int64(145322), np.float64(0.21077662706375122)), (np.int64(147845), np.float64(0.21259275078773499))]","[-0.04770125076174736, 0.03528748080134392, 0.002563923830166459, 0.0600748173892498, -0.010082597844302654, 0.017852792516350746, 0.05246264487504959, 0.008599876426160336, -0.01864282414317131, 0.04226262867450714, -0.013039114885032177, 0.021993819624185562, -0.005666644312441349, -0.005857359152287245, 0.0026118785608559847, 0.012415969744324684, -0.02108263038098812, 0.0037492536939680576, -0.005960182752460241, -0.02968544140458107, -0.01908537559211254, 0.019808931276202202, 0.004037744365632534, 0.04774666205048561, 0.011516961269080639, 0.012870974838733673, -0.0280473455786705, -0.013753801584243774, 0.005905756726861, 0.030496871098876, 0.020251307636499405, -0.017377976328134537, 0.013246220536530018, -0.028709562495350838, -0.04525454714894295, -0.08166888356208801, -0.012208488769829273, -0.03580396622419357, -0.029851309955120087, 0.005529576446861029, -0.02703421376645565, -0.01085604541003704, -0.021850960329174995, -0.04370719566941261, 0.021748222410678864, -0.011295733042061329, 0.03522035479545593, -0.0216890387237072, 0.005726638250052929, -0.027352023869752884, -0.01616651751101017, -0.007096561603248119, 0.007933580316603184, -0.09196720272302628, -0.013501903973519802, 0.02535219117999077, 0.0026779379695653915, -0.016827579587697983, -0.05356544256210327, 0.022278646007180214, -0.04107388108968735, 0.0023750595282763243, -0.00029715397977270186, 0.013264142908155918, 0.023778101429343224, 0.03631967306137085, -0.015193711034953594, -0.022261368110775948, -0.031032446771860123, -0.05068626627326012, 0.0064667584374547005, -0.001323104603216052, -0.03847779706120491, -0.03603426739573479, -0.04405509680509567, -2.1666586690116674e-05, 0.01944948360323906, -0.06617794185876846, -0.02044636756181717, -0.005657583009451628, 0.014498922042548656, 0.032203346490859985, 0.02149454690515995, -0.008571131154894829, 0.03630036115646362, -0.016804803162813187, -0.039766352623701096, -0.014095734804868698, 0.03778804838657379, -0.03572424128651619, -0.014633295126259327, -0.0019749251659959555, 0.0502844899892807, -0.042156532406806946, -0.02568088471889496, 0.008084678091108799, -0.0154579384252429, 0.0070210956037044525, 0.05641522631049156, -0.020311547443270683, -0.0150614557787776, 0.030150357633829117, 0.02429395355284214, -0.010898836888372898, 0.031020890921354294, 0.007269101217389107, 0.035363584756851196, 0.005424008704721928, -0.00539929885417223, -0.03300326317548752, 0.007765281014144421, -0.015416285954415798, -0.023035913705825806, 0.0095552122220397, -0.012876464985311031, -0.02901105396449566, 0.007794387638568878, -0.029646340757608414, -0.0005724781658500433, -0.01378729846328497, 0.022648319602012634, -0.025951752439141273, 0.04389242082834244, -0.002045733155682683, 0.023783870041370392, 0.0038681088481098413, -0.01668659597635269, 0.08029546588659286, 0.007506574969738722, 0.009815108962357044, 0.03482265770435333, 0.022726785391569138, 0.01847490854561329, 0.007843824103474617, -0.058357276022434235, 0.02472943812608719, 9.92116765701212e-05, -0.029284493997693062, 0.02806473895907402, -0.03783957660198212, 0.04624743014574051, 0.021884744986891747, 0.0012422482250258327, -0.043471336364746094, 0.0224683228880167, -0.0540352500975132, 0.05214516818523407, -0.00515089463442564, 0.010311657562851906, -0.02262936532497406, 0.0047795879654586315, 0.04924306645989418, 0.034013960510492325, -0.0392829030752182, -0.011524411849677563, -0.017251180484890938, 0.022012341767549515, -0.004610925447195768, -0.012698986567556858, 0.08105619996786118, -0.013778837397694588, 0.007702938746660948, -0.005062779411673546, 0.01462752465158701, 0.03874177113175392, -0.00015615222218912095, 0.0012575024738907814, 0.002418598160147667, -0.04929891601204872, 0.000708947132807225, -0.02021053247153759, 0.019379135221242905, 0.024171873927116394, 0.013660496100783348, 0.027388695627450943, 0.012410923838615417, 0.07410413026809692, 0.030048871412873268, -0.024352166801691055, -0.017660891637206078, -0.05779982730746269, 0.027713119983673096, -0.00048597296699881554, -0.04087596759200096, -0.02425745315849781, 0.007900113239884377, 0.01800318993628025, -0.036591965705156326, -0.01957717165350914, 0.019727757200598717, -0.05095478892326355, -0.02042704075574875, 0.04546155408024788, -0.0107774268835783, 0.02865150198340416, -0.026094969362020493, 0.01980053260922432, -0.013423819094896317, 0.014971516095101833, -0.030627595260739326, -0.028709758073091507, 0.035037074238061905, 0.051809001713991165, 0.030615990981459618, -0.017346743494272232, -0.0019493052968755364, -0.024791821837425232, -0.04898995906114578, 0.017938604578375816, -0.03190057724714279, 0.005521593149751425, -0.028924748301506042, 0.003576564835384488, 0.00924771185964346, -0.015265499241650105, 0.042930975556373596, -0.03305920213460922, 0.003875227179378271, 0.03452420234680176, -0.05454276502132416, -0.0346929095685482, 0.0283800158649683, 0.022951923310756683, -0.043689485639333725, 0.025325873866677284, 0.002268041716888547, 0.036003097891807556, 0.02983531355857849, -0.036283232271671295, -0.0027615444269031286, -0.013295209966599941, 0.01650724560022354, 0.006804650649428368, -0.04914010316133499, 0.03781649470329285, -0.0387849360704422, -0.028136810287833214, -0.01738072745501995, -0.0025166089180856943, 0.013417243957519531, 0.04198325425386429, -0.009025988169014454, 0.003557979129254818, 0.009234759025275707, -0.045618779957294464, 0.02132268063724041, 0.04314902424812317, 0.05815568193793297, -0.04645092040300369, -0.026873329654335976, -0.018365509808063507, 0.03967681899666786, -0.013901284895837307, 0.03273491561412811, 0.02104313299059868, 0.04853283241391182, 0.017924686893820763, 0.0043950690887868404, -0.021984001621603966, -0.01330272015184164, 0.01672784611582756, 0.0565800741314888, 0.005273895338177681, 0.012800374999642372, -0.01547562051564455, -0.006827375385910273, -0.01189696229994297, -0.05717930570244789, -0.010239696130156517, -0.011384204961359501, -0.021062467247247696, 0.0402347594499588, 0.04717046022415161, -0.012711551040410995, -0.012367959134280682, 0.033005792647600174, -0.009638534858822823, -0.006493656430393457, 0.08759147673845291, 0.001654661726206541, 0.00828288309276104, 0.04859590530395508, 0.02649593912065029, 0.023917781189084053, 0.03336743637919426, 0.0010125135304406285, 0.032226379960775375, -0.01398781780153513, 0.05921976640820503, -0.008130091242492199, 0.00019560892542358488, 0.014569951221346855, 0.05919239670038223, -0.043677520006895065, -0.021533437073230743, 0.017377344891428947, 0.024506505578756332, -0.15555790066719055, -0.043365467339754105, 0.05842187628149986, -0.014969753101468086, 0.003100655972957611, 0.014990419149398804, -0.002491312101483345, 0.02377444878220558, 0.012226974591612816, 0.0665721744298935, -0.0030081176664680243, -0.055077992379665375, -0.029460664838552475, -0.0076094684191048145, 0.0049707917496562, 0.025607053190469742, -0.026512369513511658, 0.013447665609419346, 0.035118382424116135, -0.013277209363877773, -0.025035718455910683, 0.0076305135153234005, -0.0071431421674788, -0.02499142475426197, -0.0007664948352612555, -0.007615259382873774, 0.04096579924225807, 0.02930927649140358, -0.02920069918036461, 0.025330353528261185, -0.001684780465438962, -0.008329586125910282, 0.002719590673223138, -0.0049279374070465565, 0.022216401994228363, -0.011769873090088367, -0.009563636034727097, -0.02897675335407257, -0.01700855977833271, -0.04208819195628166, 0.006457986310124397, 0.051313094794750214, -0.009378801099956036, -0.022564522922039032, 0.023421233519911766, -0.03458795323967934, 0.010632554069161415, -0.028959039598703384, 0.0011700175236910582, -0.0554642453789711, 0.0009092771215364337, 0.0045303720980882645, -0.03215464949607849, -0.018361272290349007, -0.05572938919067383, -0.0027320380322635174, 0.021905547007918358, 0.02408301644027233, 0.03605908155441284, -0.026631448417901993, -0.0131758451461792, 0.015335937961935997, 0.06413158029317856, 0.001812232076190412, 0.01258821226656437, 0.011956929229199886, 0.04810957983136177, -0.003938877023756504, 0.022408662363886833, -0.05140381678938866, 0.01328021939843893, -0.03959592059254646, 0.01636209711432457, -0.00477758189663291, 0.019753962755203247, 0.015255664475262165, 0.022104160860180855, -0.0596969872713089, 0.013420277275145054, -0.1115773394703865, 0.05799117684364319, 0.019565224647521973, -0.000744301883969456, -0.00041639150003902614, -0.03603575751185417, -0.03796873614192009, -0.003945338074117899, -0.05521751567721367, 0.018074974417686462, 0.2528461217880249, 0.006723245605826378, -0.012667239643633366, 0.02552180550992489, 0.02408202365040779, -0.025387579575181007, 0.01777791418135166, 0.002710015047341585, 0.029820414260029793, -0.027550771832466125, -0.015585929155349731, 0.03989613801240921, 0.016736051067709923, -0.003148664254695177, 0.01787029206752777, 0.03643675148487091, -0.036402732133865356, 0.03255370259284973, 0.051135044544935226, -0.027906283736228943, 0.01422424241900444, -0.04254673793911934, 0.027660273015499115, 0.032828059047460556, -0.055876873433589935, -0.0034981435164809227, 0.021194543689489365, -0.004826060030609369, 0.010302737355232239, 0.005656988825649023, -0.03901291266083717, 0.0015597013989463449, 0.01424119807779789, -0.08230966329574585, -0.06197468563914299, -0.04980231449007988, 0.008224235847592354, -0.01130848377943039, -0.012694369070231915, 0.041492950171232224, -0.03615749254822731, -0.00450320215895772, 0.03181174397468567, 0.02982248365879059, 2.36733667406952e-05, -0.0287141352891922, -0.009076740592718124, -0.0169537290930748, -0.04046963155269623, -0.044409312307834625, -0.002056450815871358, -0.02161061018705368, -0.02957085892558098, 0.02349548600614071, -0.0025150086730718613, -0.027711985632777214, 0.0074200923554599285, -0.005246580578386784, -0.0015686322003602982, 0.03590850904583931, -0.0010219173273071647, 0.008530070073902607, -0.036360759288072586, 0.011092155240476131, -0.027442486956715584, 0.045679934322834015, -0.012563425116240978, -0.030525729060173035, 0.04913803189992905, 0.06090886518359184, -0.014139837585389614, 0.01441729161888361, 0.02801205776631832, -0.0036324632819741964, 0.01927024871110916, -0.006819301750510931, 0.033121541142463684, 0.058867890387773514, -0.023071598261594772, 0.040441758930683136, -0.03991835191845894, 0.0033312176819890738, -0.008160561323165894, -0.020976681262254715, 0.027272535488009453, -0.03755319118499756, 0.022871559485793114, 0.05404195934534073, 0.006073393393307924, -0.05718398466706276, -0.017289547249674797, -0.02475026249885559, 0.031573738902807236, 0.016293566673994064, -0.006710846442729235, 0.05192616581916809, -0.018273888155817986, -0.009554615244269371, -0.0050484854727983475, -0.005066395737230778, 0.01091333944350481, -0.012334407307207584, -0.02615540474653244, -0.008607246913015842, 0.015022501349449158, 0.02353021688759327, 0.02918216399848461, 0.002128458581864834, -0.012141197919845581, -0.006985112559050322, -0.029447242617607117, 0.03213205933570862, 0.018601203337311745, 0.0009032450034283102, -0.030297543853521347, -0.007040532771497965, -0.005603421479463577, 0.0439436212182045, 0.04131602495908737, 0.016121096909046173, -0.04079427942633629, 0.01052816677838564, -0.0026040615048259497, 0.0020671223755925894, -0.016095444560050964, -0.05367249250411987, 0.005495397374033928, -0.002563267247751355, -0.03904213756322861, -0.0014315297594293952, 0.018042346462607384, -0.02744411490857601, -0.011201225221157074, 0.02435966208577156, 0.0006199858617037535, -0.020208178088068962, -0.010009773075580597, 0.06651515513658524, -0.006685019005089998, 0.013094201683998108, -0.035983577370643616, -0.05190866068005562, 0.004157412331551313, -0.016445422545075417, 0.018876174464821815, 0.06161388009786606, -0.006934225559234619, -0.0032690491061657667, 0.00482252798974514, 0.03791934624314308, 0.0708349347114563, 0.09639009088277817, 0.021631108596920967, -0.04490441083908081, -0.011131947860121727, -0.04060913249850273, -0.01680498570203781, 0.008205544203519821, -0.023227471858263016, -0.025187397375702858, -0.009027370251715183, 0.019139006733894348, 0.020900413393974304, 0.030402816832065582, 0.012225291691720486, 0.02690102718770504, -0.05917844921350479, 0.021370967850089073, -0.02891634963452816, 0.0020443459507077932, 0.009492732584476471, -0.07786478102207184, -0.08558125048875809, 0.03980521112680435, 0.02386130578815937, 0.01189756765961647, -0.06925253570079803, 0.009997614659368992, -0.0158084686845541, -0.027989165857434273, 0.006983459461480379, 0.021874329075217247, -0.06639164686203003, -0.04090939089655876, 0.01823282614350319, -0.02257099188864231, 0.011173544451594353, 0.0012930399971082807, 0.028614433482289314, -0.04663946107029915, -0.045928020030260086, 0.09692524373531342, -0.03512275218963623, -0.0007241732091642916, 0.06915160268545151, 0.00010281562572345138, 0.04423657804727554, 0.012823984958231449, -0.02903561480343342, 0.011255154386162758, -0.016564728692173958, 0.036067575216293335, -0.01934638060629368, 0.047413527965545654, 0.007499195635318756, -0.057887207716703415, -0.01157485693693161, 0.008043570443987846, -0.03680869936943054, -0.005178201477974653, -0.012518390081822872, -0.021228494122624397, -0.0018703568493947387, -0.02101123332977295, 0.04771639406681061, -0.045034125447273254, 0.0153540363535285, 0.05512799322605133, 0.0005629951483570039, -0.0250592902302742, -0.08369258791208267, -0.009096711874008179, -0.0056688059121370316, -0.01631966233253479, 0.015541264787316322, -0.00562609126791358, -0.027338117361068726, -0.003018585266545415, 0.027501434087753296, 0.0031064297072589397, -0.004405726213008165, 0.0433199368417263, -0.016051245853304863, -0.0280343908816576, 0.01969490572810173, -0.019607553258538246, 0.02988726831972599, 0.0331604927778244, 0.013291795738041401, -0.018139105290174484, -0.018307292833924294, 0.019110390916466713, 0.03017917461693287, 0.00582899060100317, -0.005688388831913471, 0.025192860513925552, -0.021807467564940453, 0.007736906409263611, 0.050628893077373505, 0.038483764976263046, 0.009375981986522675, -0.02209787257015705, 0.04376234486699104, -0.03476667404174805, 0.028645828366279602, 0.04343734309077263, 0.011130642145872116, -0.00681640300899744, -0.053758710622787476, -0.023173755034804344, -0.005222358740866184, 0.004144515376538038, -0.020365621894598007, 0.03739020228385925, -0.01858367584645748, -0.029671110212802887, 0.026566220447421074, -0.02802341617643833, -0.026539089158177376, -0.07048085331916809, -0.025174764916300774, 0.02323503978550434, -0.022253742441534996, -0.022577792406082153, 0.07380340248346329, 0.002059756778180599, -0.01932666264474392, 0.006512596737593412, 0.04271586611866951, 0.024727782234549522, -0.08190721273422241, -0.00712184701114893, -0.025830239057540894, 0.0243025291711092, 3.8221081922529265e-05, -0.020092710852622986, 0.031132878735661507, -0.014360278844833374, -0.022025374695658684, -0.06386025995016098, 0.001131499302573502, -0.00472733099013567, -0.00819335225969553, -0.02439761534333229, -0.011243528686463833, 0.026185989379882812, -0.002486635698005557, 0.03389155492186546, -0.006559263914823532, -0.010075482539832592, -0.02625233493745327, -0.007315877825021744, -0.026017211377620697, -0.026671210303902626, -0.05045577883720398, 0.05972788855433464, -0.026182932779192924, -0.006133850663900375, 0.04730738699436188, -0.014282098971307278, -0.02586950547993183, -0.06727135926485062, 0.02115563116967678, 0.0004038666666019708, 0.010263659991323948, -0.002274960046634078, 0.066047802567482, -0.0411105751991272, -0.0047689080238342285, -0.011385714635252953, 0.00024803009000606835, 0.027965646237134933, -0.016495397314429283, 0.022739144042134285, 0.006591011304408312, 0.033558182418346405, 0.024599574506282806, -0.03439881280064583, -0.023128315806388855, 0.03828716650605202, -0.026688534766435623, -0.007685776334255934, 0.011303963139653206, -0.015234115533530712, -0.0031673191115260124, -0.01963847316801548, 0.027408529072999954, -0.021868262439966202, -0.00726669654250145, 0.014578319154679775, 0.025235744193196297, -0.0026262993924319744, 0.05671907588839531, -0.012387341819703579, 0.0041377549059689045, -0.03030278906226158, -0.01402503252029419, 0.013424231670796871, 0.0066017769277095795, -0.005340730305761099, 0.008951091207563877, -0.03107430785894394, -0.028652574867010117, -0.05991093069314957, 0.0046178256161510944, -0.026038581505417824, -0.01438106968998909, 0.004453749395906925, -0.0036041296552866697, 0.0078054554760456085, -0.02564341202378273, 0.03536489978432655, -0.012645323760807514, 0.017440978437662125, 0.034774187952280045, -0.008067007176578045, 0.033612072467803955, -0.04082506522536278, 0.008566485717892647, 0.013722030445933342, 0.015672149136662483, -0.025721313431859016, 0.028845787048339844, 0.010537106543779373, 0.010834388434886932, -0.00036761880619451404, -0.043447475880384445, 0.008077932521700859, 0.026375187560915947, 0.02640325389802456, -0.05015220493078232, -0.021975060924887657, -0.02481202408671379, -0.010302046313881874, 0.012572215870022774, 0.0023492679465562105, -0.005604613106697798, 0.004601344466209412, 0.01035253331065178, 0.049476876854896545, -0.028395652770996094, 0.018924469128251076, -0.01022802572697401, 0.04153209552168846, -0.1337651014328003, 0.008294434286653996, 0.01070591900497675, 0.007033038884401321, -0.02082587219774723, 0.002409760607406497, 0.015702182427048683, -0.022617420181632042, 0.034304067492485046, -0.04806263744831085, -0.00803458783775568, -0.050419341772794724, 0.03560018539428711, -0.03511596843600273, 0.03806975856423378, -0.01653367467224598, -0.0026012796442955732, -0.02930287830531597, 0.014854262582957745, -0.0019302070140838623, -0.010493798181414604, -0.024610795080661774, 0.00040100893238559365, -0.03697945177555084, -0.009546498768031597, -0.018245788291096687, -0.0020951274782419205, 0.01918168179690838, -0.02709871158003807, 0.023765677586197853, 0.01580878533422947, -0.003602975746616721, 0.018843308091163635, 0.01839418150484562, -0.045202478766441345, 0.01481977291405201, 0.006825960706919432, 0.012129992246627808, 0.016732381656765938, -0.022942889481782913, -0.011852908879518509, 0.02073080651462078, -0.01606062799692154, 0.0005858326912857592, 0.021175935864448547, 0.06405334919691086, 0.023718062788248062, -0.03428959101438522, -0.07577427476644516, 0.01187929231673479, 0.021221205592155457, -0.007780661806464195, 0.046637486666440964, -0.013483856804668903, -0.02159595489501953, 0.016105886548757553, -0.023020433261990547, -0.02200618013739586, -0.0344487801194191, 0.0317675955593586, -0.007390690967440605, 0.01785927265882492, -0.029269738122820854, -0.0006553008570335805, -0.07328692078590393, 0.013746697455644608, -0.035482052713632584, 0.06555821746587753, 0.013274087570607662, -0.029668640345335007, -0.05639692768454552, -0.02648855932056904, -0.042496297508478165, -0.027866559103131294, 0.024839874356985092, -0.016827953979372978, 0.007718177512288094, -0.00912491325289011, -0.04151974245905876, -0.00678196270018816, -0.02920837514102459, -0.005053854081779718, -0.04881778359413147, 0.04872756451368332, 0.07669809460639954, -0.006939341779798269, 0.033906999975442886, -0.015584108419716358, -0.033224206417798996, -0.028633203357458115, -0.01251904759556055, -0.032279957085847855, -0.01850108429789543, 0.010992221534252167, 0.017453167587518692, 0.0053586955182254314, 0.03846609964966774, 0.02225893922150135, 0.009403945878148079, -0.03414228558540344, -0.030310578644275665, 0.009647522121667862, 0.04348297417163849, 0.027367999777197838, -0.0373438261449337, -0.00018434308003634214, 0.04592539742588997, 0.015434186905622482, 0.005229367408901453, -0.02122335508465767, -0.03049353137612343, -0.0007627439917996526, -0.042607683688402176, 0.006944757886230946, -0.06936109811067581, 0.010973419062793255, 0.010251706466078758, 0.0033226823434233665, -0.02355288900434971, -0.013909634202718735, 0.005539963487535715, 0.0013680696720257401, 0.011989531107246876, -0.036376018077135086, -0.025227583944797516, -0.0019896214362233877, 0.05421563982963562, 0.03841404244303703, 0.013514591380953789, -0.06156323477625847, 0.010941771790385246, -0.04810912534594536, -0.0008364985696971416, 0.017760688439011574, -0.00963070522993803, 0.009347338229417801, -0.03516354784369469, 0.04643159732222557, -0.029933743178844452, -0.011754445731639862, -0.06445400416851044, -0.02075195498764515, -0.0015197511529549956, -0.03576334938406944, 0.014704495668411255, -0.039542894810438156, -0.004930952098220587, -0.00022337933478411287, -0.017168626189231873, -0.04843080788850784, -0.015829240903258324, -0.018169155344367027, -0.006974079646170139, 0.030971385538578033, -0.05139143019914627, 0.032519515603780746, -0.009324677288532257, 0.046745747327804565, -0.05910271406173706, 0.03457631170749664, -0.007578449323773384, -0.0011617374839261174, -0.008219564333558083, -0.004541133996099234, 0.020616190508008003, 0.0054798913188278675, -0.009094872511923313, 0.02011452428996563, -0.016718795523047447, 0.049781862646341324, -0.004908282309770584, 0.05726535618305206, -0.015491490252315998, 0.016576578840613365, 0.018351487815380096, -0.03787655383348465, 0.016042184084653854, 0.031574796885252, 0.042827505618333817, 0.003783957799896598, 0.03828145191073418, -0.001345973927527666, 0.06312646716833115, 0.015975739806890488, -0.00420862203463912, 0.010173712857067585, -0.006092270370572805, 0.00870802253484726, 0.02532663382589817, -0.0028469772078096867, -0.014992891810834408, 0.0008239505696110427, 0.018857106566429138, -0.010875404812395573, 0.04327542707324028, 0.019608458504080772, -0.022520560771226883, -0.037492841482162476, 0.006756323855370283, 0.06303559988737106, 0.030431056395173073, -0.01557804923504591, 0.03767641633749008, -0.022927477955818176, -0.03228003904223442, -0.0029590968042612076, -0.024765662848949432, -0.026513388380408287, -0.01615082286298275, 0.03652764856815338, -0.025004252791404724, -0.006123969331383705, -0.005232210271060467, 0.011585034430027008, 0.016856659203767776, -0.010892832651734352, 0.03909695893526077, 0.04481182619929314, -0.0015119598247110844, 0.004398438148200512, 0.016340672969818115, 0.021434089168906212, 0.003103462513536215, -0.008508882485330105, -0.013678516261279583, -0.011355873197317123, -0.019637739285826683, 0.0296139195561409, -0.005859054625034332, 0.009989213198423386, -0.034318335354328156, -0.03417782858014107, 0.009950680658221245, 0.016814298927783966, 0.04199878126382828, -0.02141725644469261, 0.050827354192733765, 0.012052800506353378, -0.019506370648741722, -0.031841378659009933, 0.00710549158975482, 0.01700083166360855, -0.009854471310973167, -0.01564767025411129]",,
15_1_0_docs_01_app_03_api_reference_08_turbopack_mdx_section_2,section,15_1_0_docs_01_app_03_api_reference_08_turbopack_mdx,Turbopack - Reference,,{},15.1.0,,,"[(np.int64(29102), np.float64(0.267554372549057)), (np.int64(102228), np.float64(0.1560935080051422)), (np.int64(215996), np.float64(0.1438608467578888))]",,,
15_1_0_docs_01_app_03_api_reference_08_turbopack_mdx_section_3,section,15_1_0_docs_01_app_03_api_reference_08_turbopack_mdx,Turbopack - Supported features,,{},15.1.0,"Turbopack in Next.js requires zero-configuration for most users and can be extended for more advanced use cases. To learn more about the currently supported features for Turbopack, view the [/docs/app/api-reference/config/next-config-js/turbo](/docs/app/api-reference/config/next-config-js/turbo).
",,"[(np.int64(297), np.float64(0.09080208837985992)), (np.int64(29102), np.float64(0.3001782298088074)), (np.int64(58832), np.float64(0.25712263584136963)), (np.int64(66139), np.float64(0.25774914026260376)), (np.int64(102228), np.float64(0.20908384025096893))]","[-0.04097604751586914, -0.011387912556529045, -0.01898619346320629, 0.07900144904851913, -0.021820317953824997, -0.003261332167312503, 0.057603754103183746, 0.01134948618710041, -0.005124162882566452, 0.016504768282175064, -0.006259823217988014, -0.0555737167596817, 0.011799776926636696, -0.006906335707753897, -0.02167668379843235, 0.0046996609307825565, -0.0035970329772681, 0.0018392500933259726, 0.0038444725796580315, 0.0019094410818070173, 0.014798075892031193, 0.03601876273751259, 0.011211948469281197, -0.001327240257523954, 0.01702560856938362, 0.00019236044317949563, -0.048777125775814056, 0.004698878154158592, -0.004541198723018169, 0.017618441954255104, -0.0004109763540327549, -0.026636622846126556, -0.026677820831537247, 0.001549767330288887, -0.014036326669156551, -0.05788286402821541, 0.002685407642275095, -0.0563381090760231, -0.008694999851286411, 0.02593485452234745, 0.022643867880105972, -0.02496587485074997, 0.00012930222146678716, -0.01403955277055502, 0.019872387871146202, 0.01063547469675541, 0.011607753112912178, -0.001260756398551166, -0.019488515332341194, -0.013456842862069607, 0.01631610095500946, -0.013779185712337494, -0.005452555138617754, -0.023349741473793983, -0.007134313695132732, 0.04330306127667427, 0.022456545382738113, -0.02567940764129162, -0.036750201135873795, 0.009460567496716976, -0.08088298887014389, 0.015554298646748066, 0.008165795356035233, 0.029034201055765152, 0.006196490488946438, 0.03182388097047806, -0.03095153160393238, -0.033453650772571564, -0.014828929677605629, -0.0504152812063694, 0.018968921154737473, -0.012192098423838615, -0.03361303359270096, 0.0018733012257143855, -0.03841231390833855, 0.02919222228229046, 0.013079633004963398, -0.05930791795253754, -0.01612347736954689, -0.011878473684191704, 0.0011927707819268107, -0.0020113633945584297, 0.04592164233326912, -0.023352527990937233, 0.024082139134407043, -0.012165470980107784, -0.030783792957663536, 0.019959554076194763, 0.03145802766084671, 0.008027886040508747, 0.004226461052894592, -0.025421757251024246, 0.06350422650575638, -0.03453594073653221, -0.026391148567199707, -0.013324009254574776, -0.04217635840177536, 0.0006803353899158537, 0.05916384607553482, -0.040926482528448105, -0.011859234422445297, -0.02382899820804596, 0.032201141119003296, -0.006629811599850655, 0.00909191183745861, -0.013279722072184086, 0.06318242847919464, 0.023097557947039604, 0.01755743846297264, -0.043426744639873505, 0.016272028908133507, -0.0076309251599013805, 0.028103964403271675, 0.031592242419719696, -0.009395199827849865, -0.042822208255529404, 0.0074160220101475716, -0.027927806600928307, 0.00451495498418808, -0.03905722498893738, 0.02152843028306961, -0.005662313662469387, 0.06357624381780624, -0.020807450637221336, 0.018358618021011353, 0.0008038601372390985, -0.04299432039260864, 0.049901094287633896, -0.00714024156332016, -0.002572430297732353, 0.03273288533091545, 0.016848357394337654, -0.0017545117298141122, 0.011255861259996891, -0.038601893931627274, -0.013320699334144592, 0.0055869570933282375, 0.03043959103524685, 0.02113504707813263, -0.03996231034398079, 0.010715575888752937, 0.019455237314105034, 0.03630443662405014, -0.058351896703243256, 0.027523206546902657, 0.0018909216159954667, 0.023414291441440582, -0.008926324546337128, 0.02358868718147278, -0.05335119366645813, 0.01772320456802845, 0.030003445222973824, 0.03521755710244179, -0.017873674631118774, -0.022642452269792557, 0.004459471441805363, -0.020602857694029808, 0.008038897998631, -0.005811606999486685, 0.060582056641578674, -0.05134027823805809, 0.03155546262860298, -0.012899944558739662, 0.013089295476675034, 0.01020736899226904, -0.02152065746486187, -0.005504396744072437, -0.036391522735357285, -0.04534410312771797, -0.01172031182795763, -0.027199637144804, -0.009344388730823994, 0.0007046792889013886, -0.012673262506723404, 0.008814464323222637, 0.035898301750421524, 0.1003703847527504, 0.03884488344192505, -0.005670975893735886, -0.03868771716952324, -0.047681521624326706, 0.01775544136762619, -0.012542139738798141, -0.029393404722213745, -0.010034697130322456, -0.007755724247545004, 0.04646909981966019, -0.038060251623392105, -0.025594230741262436, 0.0020510531030595303, -0.0275708120316267, -0.005725822877138853, 0.036739982664585114, -0.030634082853794098, 0.04625479131937027, 0.019574791193008423, 0.050094954669475555, -0.016027262434363365, 0.005030864849686623, -0.02495078183710575, -0.026054622605443, 0.013199222274124622, 0.0445638932287693, 0.010866631753742695, 0.013559898361563683, -0.010182470083236694, -0.01634671911597252, -0.03308955207467079, 0.000536470499355346, -0.021368028596043587, -0.03133120387792587, -0.04171191528439522, 0.014940849505364895, 0.02649780921638012, -0.04546504095196724, 0.028349516913294792, 0.005926399026066065, 0.0056413705460727215, 0.01978062279522419, -0.013655392453074455, -0.016885733231902122, 0.020154081284999847, 0.047989144921302795, -0.04507835954427719, 0.004466525744646788, 0.007900944910943508, -0.0014721262268722057, 0.0395510233938694, -0.04562768712639809, -0.026312831789255142, -0.011383858509361744, 0.012169013731181622, 0.0037568900734186172, -0.04491635784506798, 0.02802814543247223, -0.03700175881385803, -0.041854605078697205, -0.024567827582359314, 0.00754181481897831, 0.0033398116938769817, 0.04331204295158386, -0.0009081175085157156, 0.002467614132910967, 0.017076341435313225, -0.04017157480120659, 0.009178253822028637, -0.013054496608674526, 0.0476551279425621, -0.038216523826122284, -0.008278862573206425, 0.010328959673643112, 0.006522857118397951, -0.02891046740114689, 0.03421161323785782, 0.031617164611816406, 0.012403004802763462, 0.004244125913828611, 0.0015682474477216601, -0.027850328013300896, -0.06001346930861473, 0.02538861520588398, 0.024423735216259956, 0.0019231297774240375, 0.005955365486443043, -0.013200090266764164, 0.008176710456609726, 0.009049768559634686, -0.02665647305548191, -0.01206206064671278, 0.04071146249771118, 0.004634710494428873, -0.014447194524109364, 0.02845677174627781, 0.007288788445293903, -0.02091703563928604, 0.02886298857629299, -0.008190088905394077, 0.005077597685158253, 0.09369251132011414, 0.011612986214458942, -0.01878747157752514, 0.06951586157083511, 0.01944032870233059, -0.004519722890108824, 0.02919970639050007, -0.014855695888400078, -0.010477577336132526, 0.0027900892309844494, 0.00124003691598773, 0.009336290881037712, -0.023655083030462265, 0.03613542020320892, 0.061029911041259766, -0.034939929842948914, -0.018761513754725456, -0.014272278174757957, 0.026456477120518684, -0.15317793190479279, -0.005991073325276375, 0.053460218012332916, -0.019808802753686905, -0.02004857361316681, 0.05077706277370453, -0.0039661237969994545, 0.026257285848259926, -0.004898956976830959, 0.03630780801177025, 0.014060022309422493, -0.04145209118723869, 0.026436245068907738, 0.0001667242613621056, -0.004587866365909576, 0.011443361639976501, -0.034413598477840424, 0.010542072355747223, 0.020510099828243256, -0.035962190479040146, 0.002911655232310295, -0.003090040758252144, -0.010301151312887669, -0.0396006815135479, -0.005124029237776995, -0.01431877538561821, 0.023860400542616844, 0.017601197585463524, -0.04948429763317108, 0.025262832641601562, -0.022612446919083595, 0.01299558486789465, 0.005570221692323685, -0.017311185598373413, 0.04139139875769615, -0.008179254829883575, 0.0059422692283988, -0.01575494557619095, -0.03491523489356041, -0.03077269159257412, 0.03466356545686722, 0.034032922238111496, -0.006839550565928221, 0.025237808004021645, 0.024161458015441895, -0.005946381948888302, 0.004333557095378637, 0.0004555975319817662, -0.009344805032014847, -0.03133619204163551, 0.02055830880999565, 0.011443921364843845, -0.023430224508047104, -0.005831744056195021, -0.047289714217185974, -0.012024370022118092, 0.02198663353919983, 0.00874184537678957, 0.04508059844374657, -0.014808700419962406, -0.015364543534815311, -0.03918604180216789, 0.08041728287935257, -0.01644693873822689, -0.03856403008103371, 0.04012347757816315, 0.03619348630309105, 0.014623133465647697, 0.020541822537779808, -0.023891396820545197, 0.006312794517725706, -0.043483152985572815, 0.031801868230104446, -9.304118430009112e-05, -0.02345440909266472, 0.030879097059369087, -0.012332756072282791, -0.03325727954506874, 0.004512111656367779, -0.10307613015174866, 0.06538642197847366, 0.021871251985430717, -0.001567453145980835, -0.023106323555111885, -0.0321991965174675, -0.029435286298394203, -0.0051467097364366055, -0.0167398639023304, 0.029046712443232536, 0.23744307458400726, 0.020216766744852066, -0.0008015030762180686, 0.053231168538331985, -0.005318650975823402, -0.012547411024570465, 0.005467659793794155, 0.012365445494651794, 0.023174716159701347, -0.02896095998585224, -0.027849139645695686, 0.0216121356934309, 0.017983941361308098, 0.02376001887023449, -0.011865159496665001, -0.026091381907463074, -0.031503450125455856, 0.04816945269703865, 0.02195867709815502, -0.025212733075022697, 0.029756952077150345, 0.00026123609859496355, 0.04828890785574913, 0.01556195318698883, -0.09069906175136566, -0.012630057521164417, 0.004412340931594372, -0.01415321510285139, -0.020530641078948975, 0.001998587278649211, -0.04126209765672684, -0.001929304446093738, 0.013732090592384338, -0.044764626771211624, -0.059378910809755325, -0.02563120611011982, 0.003406896023079753, 0.004859337583184242, 0.019628876820206642, 0.026304151862859726, -0.023072047159075737, 0.013189878314733505, -0.0007134402403607965, 0.025014590471982956, -0.031976066529750824, -0.0033162368927150965, -0.038180798292160034, -0.020758748054504395, -0.06308728456497192, -0.03679385036230087, 0.0006282365648075938, -0.015407519415020943, -0.04707719385623932, 0.0013135576155036688, 0.012769387103617191, -0.03135443106293678, 0.013176594860851765, -0.008698688820004463, 0.0033294949680566788, 0.05383997783064842, -0.00461769662797451, 0.005519724916666746, -0.02504733018577099, 0.017751719802618027, -0.043534278869628906, 0.03723178058862686, 0.003909450490027666, 0.002080401871353388, 0.05344300717115402, 0.04343997687101364, -0.004149822983890772, 0.0434727780520916, 0.02643768861889839, -0.017931921407580376, -0.011150998063385487, 0.0009332206682302058, 0.022681811824440956, 0.07484237104654312, -0.004239051602780819, -0.0012536324793472886, -0.02481311559677124, -0.00481721106916666, -0.041958440095186234, -0.013656577095389366, 0.02068290114402771, -0.04841814562678337, 0.026696275919675827, 0.05349838733673096, -0.004345681983977556, -0.04485129565000534, -0.011480676010251045, 0.0019004676723852754, 0.037375520914793015, 0.009450750425457954, 0.0049726408906280994, 0.0553988441824913, 0.02937418222427368, -0.014617815613746643, -0.04030349478125572, 0.032011084258556366, -0.016703998669981956, 0.015257691964507103, -0.03325285762548447, 0.0029379865154623985, -0.005967018194496632, -0.026828156784176826, 0.029513683170080185, -0.0035743885673582554, 0.01083125825971365, -0.00354848918505013, -0.012741653248667717, -0.0005796632613055408, -0.00825944822281599, -0.06570296734571457, -0.048596225678920746, 0.0023120969999581575, 0.0503409206867218, 0.04467516019940376, 0.05436152592301369, 0.03588253632187843, -0.023604877293109894, 0.004309686832129955, -0.012416772544384003, -0.0027227154932916164, -0.025607237592339516, -0.06545505672693253, 0.004642500542104244, 0.0038173419889062643, -0.021421384066343307, -0.036545973271131516, 0.0446481853723526, -0.019870219752192497, 0.00020114269864279777, 0.060142964124679565, -0.013902724720537663, -0.030900927260518074, 0.027307530865073204, 0.028666380792856216, 0.027193181216716766, 0.012769056484103203, -0.06901722401380539, -0.0574384480714798, 0.006983315106481314, -0.019917331635951996, 0.040277015417814255, 0.04416922107338905, -0.008280706591904163, -0.0016774235991761088, 0.02459152601659298, 0.013392110355198383, 0.009678145870566368, 0.10546588897705078, 0.029552200809121132, -0.025539042428135872, -0.02532711811363697, -0.09803900867700577, 0.005365658085793257, 0.02430577576160431, -0.05440159887075424, -0.0024383061099797487, -0.011789488606154919, 0.009683272801339626, 0.006574730854481459, 0.05033700168132782, 0.024700909852981567, 0.03605859726667404, -0.03915432468056679, 0.02233174256980419, -0.04010768607258797, 0.0074764820747077465, 0.0243716798722744, -0.06331027299165726, -0.04044736549258232, 0.021154142916202545, 0.028920574113726616, -0.015899520367383957, -0.08539965003728867, 0.03511299565434456, -0.02274213545024395, -0.024532275274395943, -0.005757139064371586, 0.01046796515583992, -0.040762968361377716, -0.025200024247169495, 0.030307626351714134, -0.07034145295619965, 0.0003457187267486006, 0.00018384850409347564, 0.036293648183345795, -0.050812020897865295, -0.015751486644148827, 0.09058615565299988, -0.010410204529762268, 0.002481473609805107, 0.02600826881825924, 0.039849087595939636, 0.08561304956674576, 0.0024063580203801394, -0.030838659033179283, 0.037975262850522995, -0.02474595606327057, -0.005667582619935274, -0.026793397963047028, 0.019782209768891335, 0.035160135477781296, -0.029801566153764725, -0.014615504071116447, 0.012931006960570812, -0.017655253410339355, 0.01783445104956627, -0.013272706419229507, 0.0037580756470561028, 0.010109235532581806, -0.01320646982640028, 0.04272318258881569, -0.03829072788357735, 0.027104809880256653, 0.011244445107877254, 0.03203946724534035, -0.0023508667945861816, -0.0366685688495636, -0.008741670288145542, -0.008075930178165436, -0.0007168867159634829, 0.01307457871735096, 0.007682222872972488, -0.042691297829151154, -0.02257954329252243, 0.02710861712694168, -0.007652485743165016, -0.006834863685071468, 0.043082091957330704, 0.010126033797860146, -0.030228978022933006, -0.007279678247869015, -0.027254968881607056, -0.016779061406850815, 0.043241433799266815, 0.003907352685928345, -0.018790842965245247, -0.0321674607694149, 0.010279466398060322, 0.03366886079311371, 0.016999123618006706, -0.007140348665416241, -0.0038396946620196104, -0.03065847046673298, 0.027893591672182083, 0.025719646364450455, 0.04037192463874817, -0.012746995314955711, -0.04997747391462326, 0.015400238335132599, -0.027059543877840042, 0.018464935943484306, 0.022205892950296402, 0.02709810435771942, -0.021387578919529915, -0.03463367000222206, -0.035383984446525574, -0.023884829133749008, 0.01354844868183136, 0.00569993956014514, 0.0060066948644816875, -0.0011901510879397392, -0.05627475678920746, 0.020274661481380463, -0.020603183656930923, -0.02387911081314087, -0.06499625742435455, -0.034004103392362595, 0.015892934054136276, -0.020784350112080574, -0.0217240322381258, 0.03213141858577728, -0.0295390821993351, -0.011800384148955345, -0.007318099960684776, 0.0241521205753088, -0.02643429860472679, -0.07866509258747101, -0.00854046456515789, 0.0008408895810134709, 0.013097736984491348, -0.015458264388144016, -0.020732033997774124, 0.040980588644742966, 0.008461276069283485, -0.0333772711455822, -0.041415780782699585, 0.00975572969764471, -4.339272436482133e-06, -0.06283207982778549, -0.020263776183128357, 0.015145855024456978, 0.04322105646133423, -0.002507740631699562, 0.006261649075895548, -0.037039030343294144, -0.008319929242134094, -0.022786539047956467, -0.003365081734955311, -0.030781172215938568, -0.03608120605349541, -0.06283996254205704, 0.026848847046494484, -0.004373888485133648, -0.024914223700761795, 0.07731009274721146, 0.00038237959961406887, -0.014185518957674503, -0.04903872683644295, -0.008836212567985058, 0.0052453079260885715, 0.008095908910036087, -0.0013645375147461891, 0.08390992879867554, -0.033926356583833694, 0.01242114044725895, -0.006552130449563265, -0.02340121567249298, 0.03537651151418686, -0.03201088309288025, 0.029054125770926476, -0.011893486604094505, 0.029887724667787552, 0.009267283603549004, -0.04013067111372948, -0.013081547804176807, 0.03334144875407219, -0.044680289924144745, -0.016740014776587486, 0.012177529744803905, -0.033440783619880676, -0.017772415652871132, -0.03055380843579769, 0.013273377902805805, -0.033499933779239655, 0.01990446448326111, 0.02046613022685051, 0.017175858840346336, -0.05602765083312988, 0.03889442980289459, 0.006391959264874458, 0.005657122936099768, -0.016690488904714584, -0.0011169026838615537, -0.04563911259174347, -0.025471176952123642, 0.014406125992536545, 0.027240116149187088, -0.04015825688838959, -0.01792728714644909, -0.046615585684776306, 0.01638747565448284, -0.03623166307806969, -0.02315632253885269, 0.026866653934121132, -0.003974472172558308, 0.03356898948550224, -0.020701328292489052, 0.045032817870378494, -0.004296087194234133, 0.007453111000359058, 0.01891322061419487, 0.005422193557024002, 0.02176223136484623, -0.020592350512742996, 0.026375675573945045, -0.004942314699292183, 0.03834483027458191, 0.01124158501625061, 0.025941990315914154, 0.0038592598866671324, 0.02405126579105854, 0.009629707783460617, 0.002750446554273367, 0.00447450578212738, 0.03641711547970772, 0.013733122497797012, -0.04895654693245888, 0.0028314592782408, -0.00023528245219495147, -0.012528058141469955, 0.030541151762008667, -0.007184784393757582, -0.00449204770848155, 0.00878053903579712, 0.026449622586369514, 0.03961692750453949, -0.017705954611301422, -0.02819661982357502, -0.005235818214714527, 0.03966182470321655, -0.13011156022548676, 0.01380691584199667, 0.0046300278045237064, 0.021081972867250443, -0.024285918101668358, 0.0035925498232245445, 0.019936708733439445, -0.017597762867808342, 0.022551704198122025, -0.04090072214603424, -0.019714688882231712, -0.009004038758575916, 0.022845612838864326, -0.04716986417770386, 0.0392092689871788, 0.0172811821103096, -0.032616809010505676, -0.009156085550785065, 0.00740378862246871, 0.0035665612667798996, -0.018438592553138733, -0.04063119366765022, 0.02364630438387394, -0.019620027393102646, -0.02549317106604576, -0.009303062222898006, 0.007230461575090885, 0.02139570377767086, 0.0035670341458171606, -0.005420309491455555, 0.007830646820366383, -0.005324763711541891, 0.028411947190761566, 0.05028920620679855, -0.039917610585689545, -0.0065772030502557755, 0.008044073358178139, 0.02994537353515625, -0.01752004772424698, -0.002224799245595932, 0.0005948033067397773, 0.027593599632382393, -0.028047015890479088, -0.016461970284581184, 0.019953858107328415, 0.09930513799190521, 0.01143883541226387, -0.046912290155887604, -0.07505884021520615, -0.015028382651507854, -0.005386952310800552, -0.0030634086579084396, 0.02503952570259571, 0.011627458967268467, -0.001884971745312214, 0.0056198155507445335, -0.011314847506582737, -0.0197732113301754, -0.04770372435450554, 0.052976060658693314, 0.018545446917414665, 0.0107585983350873, -0.06189027428627014, 0.02091163955628872, -0.057801179587841034, 0.026123542338609695, -0.05332726612687111, 0.04909911006689072, 0.004246532451361418, -0.015187260694801807, -0.04985634982585907, -0.0314999558031559, -0.052560266107320786, -0.004959176294505596, -0.009864525869488716, -0.0029469849541783333, 0.023474685847759247, -0.020923195406794548, -0.04225056990981102, 0.023431628942489624, -0.009967039339244366, 0.008309142664074898, -0.04413274675607681, 0.029824305325746536, 0.04931310564279556, 0.00268872850574553, 0.03770780563354492, -0.013446100987493992, -0.05857127904891968, -0.06199335679411888, -0.011878193356096745, -0.030682647600769997, -0.015506287105381489, 0.008676835335791111, 0.006000321824103594, 0.010117091238498688, 0.0062573314644396305, -0.012537242844700813, 0.014631487429141998, -0.039990540593862534, -0.02234644815325737, -0.005847156047821045, 0.02251567505300045, -0.0024218352045863867, -0.024678191170096397, 0.011665592901408672, 0.02404964156448841, 0.032852038741111755, -0.02337966300547123, -0.029843568801879883, -0.013855302706360817, 0.0036405257415026426, -0.04155938699841499, 0.00899480003863573, -0.07022738456726074, -0.012367650866508484, 0.03280651569366455, 0.009273368865251541, -0.04142141714692116, -0.04014768451452255, -0.018339794129133224, 0.01637672446668148, 0.02118613012135029, -0.02659604139626026, -0.02015676163136959, -0.020255019888281822, 0.01699920929968357, 0.053850993514060974, -0.004947920795530081, -0.04406551644206047, -0.013856000266969204, -0.009022821672260761, -0.0459962897002697, 0.043849825859069824, 0.00832513440400362, 0.03508042171597481, -0.028209561482071877, 0.05657142773270607, -0.005756097380071878, -0.00849964190274477, -0.026151014491915703, -0.01026105135679245, 0.03799685463309288, -0.05439789593219757, 0.017905203625559807, -0.043198782950639725, 0.003765217261388898, 0.012357803992927074, 0.014354062266647816, -0.028601136058568954, 0.002419921802356839, 0.00018691130389925092, 0.03503348305821419, 0.08035504072904587, -0.04437161237001419, 0.036909837275743484, -0.0036604159977287054, 0.02965918742120266, -0.05492434650659561, 0.04721267521381378, 0.003488703165203333, -0.03624344989657402, -0.021387875080108643, -0.012804306112229824, 0.045930661261081696, 0.029366767033934593, -0.024360662326216698, -0.013826526701450348, -0.029642147943377495, 0.051607947796583176, -0.017669284716248512, 0.04730045050382614, -0.017866702750325203, 0.026182107627391815, 0.03598567470908165, -0.014876533299684525, 0.0342501662671566, -0.012637503445148468, 0.06977827847003937, 0.004998444579541683, 0.04520446062088013, 0.001789599540643394, 0.0807313397526741, 0.02222069725394249, -0.009742356836795807, -0.014348769560456276, 0.018227387219667435, 0.03617357835173607, 0.023922810330986977, 0.0007416638545691967, -0.023102281615138054, -0.00240519386716187, 0.045545950531959534, -0.028560148552060127, 0.020814159885048866, -0.008664852008223534, 0.002005615271627903, -0.038462862372398376, 0.013297302648425102, 0.04081907495856285, 0.006926749832928181, -0.00022457970771938562, 0.1003059446811676, -0.0316406674683094, 0.005659069400280714, -0.016485262662172318, 0.005496245808899403, -0.012404944747686386, -0.0037073756102472544, 0.03629571199417114, -0.03267956152558327, -0.007017902564257383, 0.014380724169313908, 0.026834873482584953, 0.010787948034703732, 0.007125571370124817, 0.00865092407912016, 0.026118388399481773, 0.01637219451367855, -0.015684448182582855, 0.008655798621475697, 0.03515630587935448, 0.015387892723083496, 0.0019522057846188545, -0.01728813163936138, 0.008755719289183617, -0.020767830312252045, 0.036655399948358536, 0.006531514693051577, 0.018863050267100334, -0.03417012467980385, -0.0359913595020771, -0.017068495973944664, 0.00808181706815958, 0.016818856820464134, 0.00896480493247509, 0.05374163016676903, -0.007812098599970341, -0.019510280340909958, -0.010231448337435722, 0.023677658289670944, -0.005643943324685097, -0.01533990353345871, -0.01820283569395542]",,
15_1_0_docs_01_app_03_api_reference_08_turbopack_mdx_section_4,section,15_1_0_docs_01_app_03_api_reference_08_turbopack_mdx,Turbopack - Unsupported features,,{},15.1.0,"Turbopack currently only supports `` and does not support ``. We are currently working on support for builds as we move closer towards stability.
These features are currently not supported:
Turbopack leverages [https://lightningcss.dev/](https://lightningcss.dev/) which doesn't support some low usage CSS Modules features`` and `` as standalone pseudo classes. Only the function variant is supported, for example: ``.The @value rule which has been superseded by CSS variables.`` and `` ICSS rules.
[https://stackoverflow.com/questions/51843506/are-double-slash-comments-valid-in-css](https://stackoverflow.com/questions/51843506/are-double-slash-comments-valid-in-css) such as ``CSS comments should be written as `` per the specification.Preprocessors such as Sass do support this alternative syntax for comments.
[/docs/app/api-reference/config/next-config-js/webpack](/docs/app/api-reference/config/next-config-js/webpack) configuration in ``Turbopack replaces Webpack, this means that webpack configuration is not supported.To configure Turbopack, [/docs/app/api-reference/config/next-config-js/turbo](/docs/app/api-reference/config/next-config-js/turbo).A subset of [/docs/app/api-reference/config/next-config-js/turbo#configuring-webpack-loaders](/docs/app/api-reference/config/next-config-js/turbo#configuring-webpack-loaders) are supported in Turbopack.
Babel (``)Turbopack leverages the [/docs/architecture/nextjs-compiler#why-swc](/docs/architecture/nextjs-compiler#why-swc) compiler for all transpilation and optimizations. This means that Babel is not included by default.If you have a `` file, you might no longer need it because Next.js includes common Babel plugins as SWC transforms that can be enabled. You can read more about this in the [/docs/architecture/nextjs-compiler#supported-features](/docs/architecture/nextjs-compiler#supported-features).If you still need to use Babel after verifying your particular use case is not covered, you can leverage Turbopack's [/docs/app/api-reference/config/next-config-js/turbo#configuring-webpack-loaders](/docs/app/api-reference/config/next-config-js/turbo#configuring-webpack-loaders) to include ``.
Creating a root layout automatically in App Router.This behavior is currently not supported since it changes input files, instead, an error will be shown for you to manually add a root layout in the desired location.
`` (legacy font support).`` is deprecated in favor of ``. [/docs/app/building-your-application/optimizing/fonts](/docs/app/building-your-application/optimizing/fonts) is fully supported with Turbopack.
[/docs/architecture/nextjs-compiler#relay](/docs/architecture/nextjs-compiler#relay)We are planning to implement this in the future.
Blocking `` imports in ``Currently with webpack Next.js blocks importing `` files in ``We are planning to implement this warning in the future.
[/docs/app/api-reference/config/next-config-js/typedRoutes](/docs/app/api-reference/config/next-config-js/typedRoutes)We are planning to implement this in the future.
``We are planning to implement this in the future.
``We are planning to implement this in the future.
``We are planning to implement this in the future.
``We are currently not planning to support the legacy esmExternals configuration in Next.js with Turbopack.
[/docs/pages/building-your-application/configuring/amp](/docs/pages/building-your-application/configuring/amp).We are currently not planning to support AMP in Next.js with Turbopack.
Yarn PnPWe are currently not planning to support Yarn PnP in Next.js with Turbopack.
[/docs/app/api-reference/config/next-config-js/urlImports](/docs/app/api-reference/config/next-config-js/urlImports)We are currently not planning to support `` in Next.js with Turbopack.
[https://github.com/css-modules/icss](https://github.com/css-modules/icss)We are currently not planning to support `` and `` ICSS rules in Next.js with Turbopack as [https://lightningcss.dev/css-modules.html](https://lightningcss.dev/css-modules.html) the CSS parser Turbopack uses does not support these rules.
`` configuration in edge runtime
",,"[(np.int64(297), np.float64(0.03438685089349747)), (np.int64(992), np.float64(0.12357968091964722)), (np.int64(29102), np.float64(0.30899739265441895)), (np.int64(66139), np.float64(0.2652933597564697)), (np.int64(102228), np.float64(0.21425974369049072)), (np.int64(105363), np.float64(0.2755460739135742))]","[-0.04562385752797127, 0.02684962935745716, -0.014817770570516586, 0.03252020850777626, -0.025009725242853165, -0.027376733720302582, 0.05922051519155502, 0.045321084558963776, -0.024134747684001923, 0.0336211696267128, 0.0047081285156309605, -0.027016323059797287, 0.03235597535967827, 0.007632048334926367, -0.02694387175142765, -0.014272608794271946, -0.00637400196865201, 0.003274298505857587, 0.020851368084549904, -0.03214932605624199, -0.054477933794260025, 0.031231457367539406, 0.0018301039235666394, 0.040062833577394485, 0.010405762121081352, -0.004561673384159803, -0.04340483993291855, -0.03303686901926994, -0.008652293123304844, 0.037136249244213104, -0.00932212546467781, -0.017024973407387733, 0.000249817268922925, -0.02323257178068161, -0.009282576851546764, -0.07143484801054001, -0.034063033759593964, 0.0007295471732504666, -0.013622350990772247, 0.02422942966222763, -0.02160596288740635, -0.01242850162088871, 0.008622860535979271, -0.0361081063747406, 0.03159768134355545, 0.010552706196904182, 0.021105829626321793, -0.023346643894910812, 0.025993861258029938, -0.022229742258787155, 0.003430027049034834, 0.0001525325351394713, -0.006073954049497843, -0.045607369393110275, -0.0012738893274217844, 0.01619858667254448, -0.001549455919303, -0.014654858037829399, -0.07937781512737274, 0.01879715733230114, -0.062033116817474365, -0.042609237134456635, -0.00900285504758358, 0.024476803839206696, 0.0013271457282826304, 0.03687405213713646, -0.007223910186439753, -0.018683206290006638, -0.021897494792938232, -0.05523090437054634, 0.03420432284474373, 0.013077533803880215, -0.06355910748243332, -0.0322086326777935, -0.04918040707707405, 0.024894915521144867, -0.02128419652581215, -0.047781653702259064, -0.036297719925642014, -0.004835219122469425, 0.029576485976576805, -0.009631982073187828, 0.02644008956849575, -0.019825899973511696, 0.024735093116760254, 0.007126783020794392, -0.02080382965505123, 0.01303713396191597, 0.028555387631058693, -0.009990307502448559, -0.007276717573404312, 0.0011861077509820461, 0.04465264827013016, -0.03230646252632141, -0.0221073217689991, -0.022699398919939995, -0.02166805788874626, 0.01011959183961153, 0.052815090864896774, 0.003598512150347233, -0.008043231442570686, 0.021412409842014313, 0.01251558680087328, -0.021168645471334457, 0.022779490798711777, 0.0270830187946558, 0.04231025651097298, 0.023391664028167725, 0.005401110742241144, -0.017104631289839745, 0.009164606221020222, 0.0022018137387931347, -0.007358929608017206, 0.03306437283754349, -0.015700293704867363, -0.03818117827177048, 0.0022175342310220003, -0.059769418090581894, 0.03456510603427887, 0.009559132158756256, 0.05712830275297165, -0.029997803270816803, 0.03314174711704254, -0.004417435731738806, 0.003697427688166499, -0.016952505335211754, -0.032619040459394455, 0.05500664934515953, -0.015723882243037224, 0.005443226080387831, 0.029774265363812447, 0.01940840296447277, 0.017780302092432976, -0.007945041172206402, -0.058466650545597076, 0.00793823879212141, -0.00934787280857563, -0.026074789464473724, 0.025294803082942963, -0.03061254508793354, 0.02201841212809086, 0.008007509633898735, 0.02320004440844059, -0.07581112533807755, 0.030276475474238396, -0.05034774914383888, 0.06488749384880066, 0.0008364574168808758, 0.026023712009191513, -0.04987393692135811, 0.031550224870443344, 0.005202186293900013, 0.02112535946071148, -0.03326880931854248, -0.01068781316280365, -0.05125053972005844, 0.020322170108556747, -0.014474569819867611, -0.025133175775408745, 0.0528753399848938, -0.03809325397014618, 0.029205312952399254, -0.025645308196544647, 0.05360860377550125, 0.026301424950361252, 0.01448240876197815, 0.022107582539319992, -0.002493995474651456, -0.030033761635422707, -0.006120393052697182, -0.031111856922507286, -0.0005739349289797246, 0.022035900503396988, 0.005868084263056517, 0.030962182208895683, 0.027046678587794304, 0.09581941366195679, 0.03964448347687721, -0.004406323656439781, -0.04104316234588623, -0.05676820129156113, 0.018247021362185478, 0.0034275378566235304, -0.04260322451591492, -0.017123695462942123, 0.0031583087984472513, 0.0452473945915699, -0.05786621943116188, -0.03349146991968155, 0.026723716408014297, -0.02025148645043373, -0.0033978286664932966, 0.03466159105300903, 0.005491646006703377, 0.026463815942406654, 0.0011953497305512428, 0.007620836608111858, -0.0393427237868309, -0.01756606251001358, -0.008991633541882038, -0.01767767034471035, 0.033247172832489014, 0.008359024301171303, -0.022138502448797226, 0.002698124386370182, 0.0027795997448265553, -0.015785837545990944, -0.053984351456165314, 0.022347798570990562, -0.006058037281036377, 0.014715230092406273, -0.00955124106258154, 0.01196968648582697, 0.04273342341184616, -0.05874037742614746, 0.010018040426075459, -0.040825195610523224, 0.029052335768938065, -0.0021037838887423277, -0.03776311129331589, -0.011366846039891243, -0.0005990614299662411, -0.002053038915619254, -0.008623535744845867, 0.008443459868431091, -0.025808060541749, 0.020947223529219627, 0.06398317217826843, -0.03024383820593357, 0.01762380450963974, -0.01455834973603487, -0.00904911756515503, -0.017449043691158295, -0.019565261900424957, 0.018044793978333473, -0.01681440696120262, -0.037724677473306656, -0.003264629514887929, 0.02503947727382183, -0.02707378938794136, 0.0376310758292675, 0.009115812368690968, 0.02115866169333458, 0.0035903926473110914, -0.05195654556155205, 0.014869273640215397, 0.058519307523965836, 0.03368441388010979, -0.008143658749759197, -0.04871036484837532, 0.0207622479647398, 0.025828786194324493, -0.016845712438225746, -0.013195226900279522, 0.018139295279979706, 0.04619390890002251, 0.020568514242768288, 0.011824661865830421, -0.044942598789930344, -0.020119471475481987, 0.029653256759047508, 0.0286935493350029, -0.002658060286194086, 0.017804810777306557, -0.019605597481131554, 0.004586216993629932, 0.00543465418741107, -0.07367917150259018, -0.025716762989759445, -0.03601968288421631, -0.0017009411239996552, -0.009499352425336838, 0.018480606377124786, 0.003571524517610669, -0.012061857618391514, 0.0031183569226413965, -0.003978681284934282, -0.005169698968529701, 0.10169843584299088, 0.0009135816944763064, 0.03528152406215668, 0.07176416367292404, 0.015494032762944698, 0.015000768005847931, 0.002293509664013982, 0.0061023361049592495, 0.03279394283890724, -0.0174583587795496, 0.03505270928144455, -0.023682182654738426, -0.0021465292666107416, 0.024191025644540787, 0.07081829756498337, -0.003285253420472145, -0.02304908260703087, 0.009463299997150898, 0.022674597799777985, -0.1493101865053177, -0.02963518537580967, 0.04127616807818413, -0.013679543510079384, 0.009653362445533276, 0.023067794740200043, 0.0070114159025251865, 0.03061593696475029, 0.005717500578612089, 0.06208426505327225, 0.0058066886849701405, -0.04479902982711792, -0.017198054119944572, -0.003328075399622321, 0.01204841211438179, 0.017907215282320976, -0.02806761860847473, 0.020822672173380852, 0.06257201731204987, -0.026732435449957848, -0.012167512439191341, -0.004319621250033379, -0.0012717342469841242, -0.0327836312353611, 0.021539583802223206, -0.03412680700421333, 0.04316267743706703, -0.004741785582154989, -0.05195973441004753, 0.04564760997891426, -0.015340441837906837, 0.040398649871349335, -0.008573310449719429, 0.038649581372737885, 0.0329279787838459, 0.022717449814081192, 0.023340176790952682, -0.03920845314860344, -0.01549003180116415, -0.03251148760318756, 0.014119564555585384, 0.0415770560503006, -0.0082595469430089, 0.026760907843708992, 0.017983507364988327, -0.011851339600980282, 0.03097432851791382, -0.036131128668785095, 0.03367738798260689, -0.030897529795765877, -0.005880970042198896, -0.00034656308707781136, -0.002574022626504302, -0.03301360458135605, -0.04053895175457001, -0.01136667188256979, 0.01859157532453537, 0.006206602323800325, 0.02711290493607521, -0.008507320657372475, 0.0027853017672896385, -0.026250051334500313, 0.068778857588768, -0.029415633529424667, -0.006568650249391794, 0.036786869168281555, 0.03660110384225845, 0.03348764032125473, 0.012776062823832035, -0.027840398252010345, -0.0014067146694287658, -0.042321935296058655, 0.03899439796805382, 0.014406893402338028, -0.023689359426498413, -0.015028294175863266, 0.017085157334804535, -0.0290024746209383, -0.008357937447726727, -0.12214162945747375, 0.046680595725774765, -0.003393695689737797, -0.0007844840292818844, 0.008302856236696243, -0.013306982815265656, -0.038293078541755676, -0.0014616964617744088, -0.03193090111017227, 0.04848397523164749, 0.2315770834684372, 0.03524171933531761, -0.028984399512410164, 0.0256390068680048, 0.035419732332229614, 0.004286007955670357, 0.025032995268702507, -0.010816593654453754, 0.012255167588591576, -0.023124810308218002, -0.043135665357112885, 0.02853344939649105, -0.004680258687585592, 0.024291448295116425, -0.013514290563762188, -0.026740018278360367, -0.034104689955711365, 0.006604600232094526, 0.031549178063869476, -0.0012107257498428226, 0.006981242913752794, -0.04725200682878494, 0.07336673140525818, 0.03275676444172859, -0.06810086220502853, 0.013118118979036808, -0.008622709661722183, -0.016829663887619972, 0.0014683076879009604, -0.0018432686338201165, -0.074580118060112, -0.009962916374206543, 0.025481078773736954, -0.08065927028656006, -0.032902251929044724, -0.05529081076383591, -0.020554298534989357, -0.002298984443768859, -0.010975274257361889, 0.05115610733628273, -0.03686300292611122, -0.015665406361222267, -0.011006040498614311, 0.027556614950299263, -0.028214607387781143, -0.005805061664432287, -0.011270408518612385, -0.02399635687470436, -0.04653487354516983, -0.05049614608287811, -0.015572914853692055, -0.061616454273462296, -0.047469500452280045, 0.029403120279312134, -0.03599962219595909, -0.01854981668293476, 0.010238231159746647, -0.02836957387626171, 0.01927955448627472, 0.032062649726867676, -0.012736053206026554, 0.007860169745981693, -0.040904879570007324, 0.058298513293266296, -0.035565026104450226, 0.06288915127515793, -0.02634134516119957, -0.01299936044961214, 0.03745153918862343, 0.0391119085252285, 0.02405998669564724, 0.03926663100719452, 0.018700188025832176, -0.012576531618833542, 0.01926044002175331, 0.00698311161249876, 0.01662421226501465, 0.04728947579860687, -0.008755126036703587, 0.005191721487790346, -0.056369535624980927, -0.01274190191179514, -0.030281221494078636, -0.04313081502914429, -0.0015755478525534272, -0.004208800382912159, 0.025938622653484344, 0.03769438713788986, 0.01646267995238304, -0.09803470224142075, -0.0172117967158556, 0.001527925138361752, 0.018416782841086388, -0.005460102576762438, 0.005785684566944838, 0.06722098588943481, -0.009801015257835388, -0.023464679718017578, -0.0009382442804053426, -0.019364377483725548, 0.012648082338273525, -0.02331974171102047, -0.008969840593636036, 0.0054892897605896, 0.053116295486688614, 0.020805494859814644, 0.04557307809591293, -0.017923925071954727, -0.01389853935688734, 0.001138212624937296, -0.004946624860167503, 0.008231314830482006, 0.019374322146177292, -0.009911625646054745, -0.032533854246139526, 0.0014360809000208974, -0.001230802503414452, 0.018091799691319466, 0.0453597828745842, 0.03037504106760025, -0.04166068136692047, -0.008405239321291447, -0.009045171551406384, -0.00585460988804698, -0.035078227519989014, -0.031530365347862244, 0.025005333125591278, 0.00036044069565832615, -0.059236109256744385, -0.011189086362719536, 0.013505237177014351, -0.02924754098057747, -0.03791569918394089, 0.06645379960536957, 0.007688035257160664, -0.03643927350640297, 0.02071242779493332, 0.04640888795256615, 0.03984001651406288, 0.003354447428137064, -0.043772343546152115, -0.057443857192993164, -0.011685069650411606, -0.017427625134587288, 0.018821628764271736, 0.04799078032374382, -0.005613173823803663, -0.007652034983038902, 0.011277519166469574, -0.0007762652239762247, 0.061015576124191284, 0.0923852026462555, 0.0032566168811172247, -0.025801576673984528, -0.021536758169531822, -0.06997007876634598, -0.010632929392158985, 0.01196424663066864, -0.025228695943951607, -0.018862610682845116, -0.027126412838697433, 0.025851275771856308, 0.0009154458530247211, 0.022002387791872025, 0.00744881434366107, 0.026783429086208344, -0.05531151965260506, 0.03163444623351097, -0.0240506362169981, -0.01461565587669611, 0.025631148368120193, -0.0475221648812294, -0.04687107726931572, 0.04698103293776512, -0.0008244176278822124, 0.007533153519034386, -0.03635270521044731, 0.006935525685548782, -0.020414438098669052, -0.018757041543722153, -0.0002670985704753548, -0.005425270181149244, -0.05291726440191269, 0.0037977960892021656, 0.03617263212800026, -0.057408228516578674, 0.008586849085986614, -0.01749628596007824, 0.016957364976406097, -0.049373604357242584, -0.03838730603456497, 0.09257689118385315, -0.019083267077803612, 0.014187796972692013, 0.027678273618221283, 0.02532225474715233, 0.0598919540643692, -0.030258189886808395, -0.027886684983968735, -0.04002087935805321, -0.03659246489405632, 0.02065965346992016, 0.01334661990404129, 0.028586070984601974, 0.03175743669271469, -0.03231088072061539, -0.0028925940860062838, 0.018206175416707993, -0.006549678277224302, 0.009233154356479645, -0.006067774258553982, -0.0079890051856637, -0.0169855784624815, -0.01055364590138197, 0.039177995175123215, -0.031123116612434387, 0.012099029496312141, 0.03363415226340294, -0.0009042772580869496, -0.020741591230034828, -0.0564652755856514, -0.02375548705458641, -0.0020116642117500305, -0.0319068506360054, 0.014797008596360683, 0.04174375161528587, -0.014739088714122772, -0.005685043521225452, 0.022379925474524498, -0.009380360133945942, -0.0030109272338449955, 0.04559531807899475, -0.002665383042767644, -0.020356105640530586, 0.00878224428743124, -0.01379416324198246, 0.01856216974556446, 0.026413990184664726, 0.012724941596388817, -0.005234223790466785, 0.01517721451818943, 0.016484973952174187, -0.00636268500238657, -0.0029482238460332155, -0.04363613575696945, -0.013288485817611217, -0.030620064586400986, 0.024554042145609856, 0.042243849486112595, 0.006246591918170452, -0.025962436571717262, -0.012649194337427616, 0.030189262703061104, -0.020401230081915855, 0.03432215750217438, 0.03895187005400658, 0.020923787727952003, -0.025707704946398735, -0.057998377829790115, -0.02315099537372589, 0.0005326839745976031, 0.01346562709659338, 0.007866664789617062, 0.03515595570206642, -0.0029291703831404448, -0.008920032531023026, 0.018077485263347626, -0.022831877693533897, -0.005486697889864445, -0.0699344351887703, 0.0006702182581648231, 0.027267945930361748, -0.02821316011250019, -0.023236695677042007, 0.029115861281752586, 0.02059234119951725, -0.008121305145323277, -0.011493619531393051, 0.030918415635824203, -0.03569478914141655, -0.0646606907248497, -0.000536985753569752, 0.009863292798399925, 0.054224107414484024, -0.020206334069371223, 0.005044017918407917, 0.042137496173381805, 0.031803570687770844, 0.016929354518651962, -0.02613522671163082, -0.01998629979789257, 0.008690920658409595, -0.04573292285203934, -0.010569450445473194, -0.015726445242762566, 0.016236623749136925, -0.00522231450304389, -0.013082899153232574, -0.018508367240428925, -0.003323656041175127, -0.009712373837828636, -0.01263895072042942, -0.032786980271339417, -0.008218187838792801, -0.04929010197520256, 0.03884106129407883, -0.0175862368196249, -0.005982225760817528, 0.044765617698431015, 0.0024062853772193193, -0.02174345776438713, -0.02260790765285492, -0.0189314316958189, 0.03440847247838974, -0.026717761531472206, -0.010764101520180702, 0.04742645099759102, -0.03619246184825897, -0.017515012994408607, -0.03453921154141426, -0.04141034185886383, 0.02629116177558899, -0.009025451727211475, 0.030412251129746437, -0.014697277918457985, 0.030171144753694534, -0.01360310334712267, -0.048146046698093414, -0.013069197535514832, 0.014392162673175335, -0.05196696147322655, -0.023036330938339233, 0.03983089700341225, -0.03585166856646538, 0.0020655584521591663, 0.02248135395348072, 0.012887147255241871, -0.02063787542283535, -0.014662349596619606, 0.026347506791353226, 0.013470031321048737, -0.04225108399987221, 0.05243086442351341, -0.013317280448973179, 0.010528202168643475, -0.03025958128273487, 0.010380654595792294, -0.023896021768450737, 0.017280779778957367, -0.00849329773336649, -0.009423591196537018, -0.039667531847953796, -0.021630708128213882, -0.001849355292506516, -0.02676006779074669, 0.007074317894876003, -0.01668247953057289, 0.052787330001592636, -0.022939378395676613, 0.03413752093911171, -0.030938925221562386, 0.04062392935156822, 0.0006890316726639867, -0.0017870148876681924, 0.0399174802005291, -0.006797900423407555, 0.023861762136220932, -0.031781069934368134, 0.032181743532419205, 0.06163240969181061, -0.0009794551879167557, 0.02804689295589924, 0.037211377173662186, 0.004591304808855057, 0.024363785982131958, 0.005120949819684029, -0.04205908998847008, 0.007879608310759068, 0.035849183797836304, 0.03292863443493843, -0.04050403833389282, -0.010346529074013233, -0.010109353810548782, -0.021002110093832016, 0.0451318733394146, 0.002490957034751773, -0.0073698642663657665, 0.009976212866604328, 0.01944492943584919, 0.061237312853336334, -0.04651622474193573, 0.037132471799850464, -0.023520100861787796, 0.011545900255441666, -0.11005411297082901, -0.004371949937194586, 0.008425861597061157, -0.014132857322692871, -0.03475263714790344, 0.023914484307169914, 0.013142464682459831, -0.03299686685204506, 0.01333064865320921, -0.07743680477142334, -0.011070429347455502, -0.013771413825452328, 0.027017047628760338, -0.026920260861516, -0.008985183201730251, 0.019585812464356422, -0.04011346772313118, -0.025580478832125664, 0.01865105703473091, -0.0023255138657987118, -0.0074204071424901485, -0.00968900602310896, 0.002983533078804612, -0.027216579765081406, -0.02822561375796795, 0.0055227275006473064, -0.009763441979885101, 0.012271199375391006, -0.010614185594022274, 0.014984565787017345, 0.02587072178721428, -0.016030166298151016, 0.023941099643707275, 0.013796583749353886, -0.050081707537174225, 0.00745095731690526, 0.021195102483034134, 0.037103332579135895, -0.017222974449396133, -0.013568642549216747, -0.025419361889362335, 0.025106806308031082, -0.02529091201722622, -0.02695380710065365, 0.05512194335460663, 0.07152165472507477, 0.016114160418510437, -0.04112948849797249, -0.05138729140162468, -0.0023011453449726105, -0.02167731523513794, 0.006106128916144371, -0.0013760271249338984, 0.012095872312784195, 0.021203793585300446, 0.009069247171282768, 0.0027345509734004736, -0.01468319445848465, -0.014086746610701084, 0.052257899194955826, -0.01043366827070713, 0.029072191566228867, -0.025404028594493866, -0.01589820347726345, -0.020661218091845512, -0.010184166021645069, -0.03382531926035881, 0.04346901550889015, -0.0018311279127374291, -0.0024162810295820236, -0.037631724029779434, -0.025737931951880455, -0.04460851848125458, -0.0154843395575881, -0.00817806925624609, -0.00790244247764349, 0.050759535282850266, -0.02962229587137699, 0.004085371736437082, -0.010617434978485107, -0.013897599652409554, 0.008153345435857773, -0.04670754447579384, 0.011141627095639706, 0.08565613627433777, -0.03963468596339226, 0.01240530051290989, -0.019745463505387306, -0.02465282753109932, -0.053118567913770676, -0.010926145128905773, -0.023973373696208, -0.030289189890027046, 0.015878716483712196, 0.007123005576431751, -0.00550576439127326, -0.0011262232437729836, 0.022911522537469864, 0.0026686983183026314, -0.03441546484827995, -0.01875462383031845, -0.002875726204365492, 0.007215771358460188, 0.018140660598874092, -0.02352164499461651, -0.007195476442575455, 0.015238247811794281, 0.022349195554852486, -0.00417752843350172, -0.018569212406873703, -0.06536123156547546, -0.02237304300069809, -0.03151150047779083, -0.01743452623486519, -0.01986522413790226, 0.01706763543188572, 0.013201402500271797, 0.03378860652446747, -0.033257629722356796, -0.03518996387720108, -0.004761515185236931, 0.02369975857436657, 0.01116857584565878, -0.02367396466434002, -0.02275565266609192, -0.00810525007545948, 0.04817875847220421, 0.044270336627960205, -0.01157345063984394, -0.056336771696805954, 0.03705602139234543, -0.00897139497101307, -0.027476996183395386, 0.04002809897065163, -0.001881680334918201, -0.0005014588823541999, -0.07666270434856415, 0.036738548427820206, -0.04051679000258446, 0.00620373897254467, -0.021303623914718628, -0.048504121601581573, 0.02087118849158287, -0.025442980229854584, 0.011482465080916882, -0.038696642965078354, 0.015039131976664066, 0.018907621502876282, 0.009700305759906769, -0.05780135467648506, -0.007449873257428408, -0.001586329541169107, -0.012166330590844154, 0.05846518278121948, -0.053739964962005615, 0.021109387278556824, -0.0011208605719730258, 0.02377401851117611, -0.029027100652456284, 0.061441294848918915, 0.037681423127651215, -0.010261999443173409, 0.00038663242594338953, 0.004132500849664211, 0.03670477494597435, 0.019856281578540802, 0.007372716907411814, -0.0007333627436310053, 0.018718114122748375, 0.03651044890284538, -0.023787466809153557, 0.06109810248017311, -0.020389242097735405, 0.03526958078145981, 0.03771781548857689, -0.07186530530452728, 0.026587266474962234, -0.004027508199214935, 0.021418647840619087, 0.01671532168984413, 0.018278449773788452, 0.019772687926888466, 0.030005747452378273, 0.0031991256400942802, -0.025966715067625046, 0.024870434775948524, -0.03669833391904831, 0.020429132506251335, 0.010388013906776905, -0.006945161148905754, 0.004073054995387793, -0.020132282748818398, 0.05430746451020241, -0.0011414441978558898, 0.037721142172813416, -0.004955395590513945, -0.00031196343479678035, -0.0074537042528390884, 0.009763699024915695, 0.05087784305214882, 0.03042631968855858, -0.004886448848992586, 0.03618516027927399, -0.013812582939863205, -0.014744109474122524, -0.03725404292345047, -0.0004800930619239807, -0.0346359983086586, -0.01001940667629242, 0.06458522379398346, -0.0021407767198979855, -0.009117127396166325, -0.011231129989027977, -0.0006874485407024622, 0.00819855835288763, -0.005062405485659838, -0.002238576766103506, 0.038519181311130524, 0.04256928339600563, -0.009625304490327835, 0.04856577515602112, 0.03257010132074356, 0.016140148043632507, -0.023113567382097244, -0.04841321334242821, -0.006187630817294121, -0.03559073805809021, 0.035090140998363495, 0.0351027250289917, -0.0072885421104729176, 0.045780397951602936, -0.023630287498235703, -0.002074872376397252, -0.03228243440389633, 0.03749958798289299, 0.032515574246644974, 0.02083609625697136, 0.018793314695358276, -0.005483062006533146, -0.024691356346011162, 0.06092778593301773, 0.015115564689040184, 0.0048128170892596245, 0.016252681612968445]",,
15_1_0_docs_01_app_03_api_reference_08_turbopack_mdx_section_5,section,15_1_0_docs_01_app_03_api_reference_08_turbopack_mdx,Turbopack - Examples,,{},15.1.0,,,"[(np.int64(29102), np.float64(0.3079575300216675)), (np.int64(89536), np.float64(0.1627340316772461)), (np.int64(99726), np.float64(0.12458132952451706)), (np.int64(102228), np.float64(0.21361909806728363))]",,,
15_1_0_docs_01_app_03_api_reference_08_turbopack_mdx_section_6,section,15_1_0_docs_01_app_03_api_reference_08_turbopack_mdx,Turbopack - Generating Trace Files,,{},15.1.0,"Trace files allow the Next.js team to investigate and improve performance metrics and memory usage. To generate a trace file, append `` to the `` command, this will generate a `` file.
When reporting issues related to Turbopack performance and memory usage, please include the trace file in your [https://github.com/vercel/next.js](https://github.com/vercel/next.js) issue.
",,"[(np.int64(7), np.float64(0.013735204935073853)), (np.int64(329), np.float64(0.12514282763004303)), (np.int64(1916), np.float64(0.05630095303058624)), (np.int64(4937), np.float64(0.23868772387504578)), (np.int64(29102), np.float64(0.2795448899269104)), (np.int64(42724), np.float64(0.2265627235174179)), (np.int64(102228), np.float64(0.19878247380256653)), (np.int64(155370), np.float64(0.15732482075691223))]","[-0.06006266176700592, -0.016383906826376915, -0.03527649864554405, 0.036393363028764725, -0.013905578292906284, -0.007144020404666662, 0.01060081459581852, 0.007464383263140917, 0.0003994526050519198, 0.017497871071100235, 0.01057208701968193, -0.020206959918141365, -0.004046089481562376, 0.013164050877094269, 0.014380940236151218, 0.0014900448732078075, -0.0021465790923684835, 0.00912943109869957, 0.021290704607963562, -0.04278802126646042, 0.039658885449171066, 0.0075391558930277824, 0.05059000104665756, 0.018584616482257843, 0.022423867136240005, 0.007710600271821022, -0.006182535085827112, 0.009099889546632767, 0.03971218317747116, 0.05518946051597595, 0.0353359580039978, 0.003309988882392645, 0.02789737842977047, 0.013403072953224182, -0.06933242827653885, -0.006655461620539427, -0.018859319388866425, -0.031001340597867966, 0.0013559802900999784, 0.031898751854896545, 0.006040720269083977, 0.022032903507351875, 0.024096088483929634, -0.03291802480816841, -0.0062205116264522076, 0.005949412006884813, 0.013477490283548832, -0.001353367348201573, -0.027139028534293175, -0.009394233115017414, -0.0031382557936012745, 0.008182034827768803, 0.031328827142715454, -0.05712202191352844, -0.014938983134925365, 0.04274201765656471, -0.01516510546207428, -0.008648746646940708, -0.031780339777469635, 0.03130481392145157, -0.023757347837090492, 0.012895399704575539, -0.0480780154466629, 0.017133932560682297, 0.0006532013067044318, 0.06489341706037521, -0.01345724519342184, 0.006800760980695486, -0.00774003379046917, -0.042149025946855545, 0.006083047483116388, -0.026400918141007423, -0.04872715845704079, -0.03991956636309624, -0.025024516507983208, 0.04244929552078247, 0.01195464376360178, -0.055013835430145264, -0.027659785002470016, 0.010797733440995216, 0.004402202554047108, -0.02120511420071125, 0.029732417315244675, -0.016384920105338097, 0.0464070662856102, -0.008344577625393867, -0.028520507737994194, 0.03636318817734718, 0.04601622745394707, 0.028518998995423317, 0.013400048948824406, -0.051033779978752136, 0.00954132154583931, -0.052602995187044144, 0.001972839469090104, 0.007215016987174749, -0.045857783406972885, 0.02743762731552124, 0.05616360530257225, -0.03422272950410843, 0.02010069042444229, -0.02684042416512966, -0.007754514925181866, -0.010988977737724781, 0.013331981375813484, -0.02228635549545288, 0.055665042251348495, 0.022594556212425232, -0.016080481931567192, -0.028660135343670845, 0.012062509544193745, 0.0006226661498658359, -0.06019539758563042, 0.011952702887356281, 0.022660885006189346, -0.027598313987255096, 0.011674471199512482, -0.031186752021312714, 0.020439431071281433, -0.02741449698805809, 0.04129143804311752, 0.0031101738568395376, 0.043247148394584656, -0.010641255415976048, -0.014241069555282593, -0.023996498435735703, 0.015934836119413376, 0.023823929950594902, 0.026630006730556488, -0.012321890331804752, 0.012551375664770603, 0.051170967519283295, 0.028345176950097084, 0.020995033904910088, -0.024062059819698334, 0.004119883757084608, -0.0024893309455364943, 0.025637133046984673, -0.001880012103356421, -0.05991004779934883, 0.0670042335987091, 0.004072156734764576, -0.0019411552930250764, -0.0638657659292221, 0.03365866094827652, -0.03411263972520828, 0.044628143310546875, -0.017842574045062065, 0.04102673381567001, -0.048443932086229324, -0.000812417478300631, 0.039921458810567856, 0.0228265468031168, -0.020021647214889526, -0.020711930468678474, 0.021827880293130875, 0.02241496928036213, 0.008256707340478897, -0.010450695641338825, 0.031022779643535614, -0.035755738615989685, -0.027868129312992096, -0.017656398937106133, 0.017218895256519318, 0.05216898024082184, -0.0035106607247143984, 0.005170995835214853, -0.018029630184173584, -0.033656150102615356, -0.014443364925682545, -0.008874204941093922, -0.02577546052634716, 0.018182436004281044, -0.0005842689424753189, 0.02987748570740223, 0.03042025677859783, 0.06687924265861511, 0.026938877999782562, 0.013109169900417328, -0.02691996470093727, -0.03276656195521355, 0.003937701229006052, 0.022757815197110176, -0.05235559493303299, -0.026845648884773254, -0.0013863086933270097, 0.022761620581150055, -0.0019062920473515987, -0.0018773055635392666, 0.022671006619930267, -0.02682446874678135, 0.01099990215152502, 0.05811944231390953, 0.005164447706192732, 0.03802819550037384, -0.008618595078587532, 0.005647928453981876, -0.02808946929872036, -0.018478021025657654, -0.03598208725452423, -0.010602620430290699, 0.027452604845166206, 0.018766481429338455, 0.034384649246931076, -0.02493819035589695, -0.014775545336306095, 0.007608219515532255, -0.019479405134916306, 0.009985607117414474, -0.07143723964691162, -0.00656049745157361, -0.011296686716377735, -0.02090035192668438, 0.010971590876579285, -0.019782880321145058, 0.04918248951435089, -0.01446838490664959, 0.019953077659010887, 0.016306642442941666, -0.04704230651259422, -0.006433491129428148, 0.0008678485755808651, 0.01521501038223505, -0.06610668450593948, 0.01885274611413479, -0.015051741153001785, 0.005991569720208645, 0.04625583067536354, -0.009384519420564175, -0.04488443210721016, -0.03183906897902489, -0.001926241209730506, 0.017913373187184334, -0.037845712155103683, 0.03256693109869957, -0.03915028274059296, -0.028243063017725945, 0.011260258965194225, 0.012110519222915173, 0.019374528899788857, 0.034712567925453186, -0.03616980090737343, 0.02004079706966877, -0.02220591902732849, -0.04451724514365196, -0.03096991591155529, 0.03004417195916176, 0.04298616573214531, -0.017026176676154137, 0.02303759753704071, 0.026580391451716423, 0.018382729962468147, -0.025333460420370102, 0.011745259165763855, 0.03451158106327057, 0.02148190140724182, 0.03224141523241997, -0.009972862899303436, -0.03361335024237633, -0.010942288674414158, 0.05685396492481232, 0.05525226891040802, -0.002905826549977064, 0.005578080657869577, -0.00783670786768198, 0.008345254696905613, 0.008078156970441341, -0.043324679136276245, 0.0027234579902142286, -0.03736426681280136, -0.025601960718631744, -0.003909810446202755, 0.01084646675735712, 0.025330370292067528, -0.07759080082178116, 0.02465996704995632, -0.035638805478811264, 0.0138587960973382, 0.06177728623151779, 0.0029584686271846294, -0.010465973056852818, 0.052358392626047134, 0.04495946690440178, -0.00726918363943696, 0.03615951910614967, -0.00643762806430459, 0.0008980953134596348, -0.07445620745420456, 0.03733466938138008, 0.007544571999460459, 0.00832374207675457, 0.033259037882089615, 0.04159645363688469, -0.02039458602666855, -0.03728435933589935, 0.0701468363404274, 0.019171403720974922, -0.14887993037700653, -0.0361945815384388, 0.018576378002762794, 0.012772886082530022, 0.007422496099025011, 0.03751690313220024, -0.0185039471834898, 0.006061331368982792, -0.010092848911881447, 0.0639285072684288, -0.01794998161494732, -0.05524700880050659, 0.004660774953663349, 0.013307738117873669, -0.02360423281788826, 0.03223414719104767, -0.03896626830101013, 0.010793991386890411, -0.012186148203909397, -0.04724521562457085, 0.010110190138220787, -0.020904196426272392, -0.010393218137323856, -0.015825694426894188, 0.017274903133511543, -0.03874713554978371, 0.06061333045363426, 0.05429075285792351, -0.010591266676783562, 0.04738049581646919, -0.015366900712251663, 0.013178810477256775, 0.005665899720042944, -0.0021654688753187656, 0.012359758839011192, 0.03202357888221741, -0.002529636723920703, -0.017495663836598396, -0.004579175263643265, -0.042637672275304794, 0.03746677190065384, 0.05243240296840668, -0.007886589504778385, 0.009968590922653675, 0.012320810928940773, -0.014843139797449112, 0.016654787585139275, -0.027031563222408295, -0.05336896702647209, -0.04205517843365669, 0.02219288982450962, 0.00662871403619647, -0.0006971109542064369, -0.03493785485625267, -0.032453373074531555, 0.004738640505820513, 0.005363189149647951, -0.028111426159739494, -0.041622430086135864, -0.003548371372744441, 0.00041688274359330535, -0.03185725584626198, 0.05339084938168526, -0.009810245595872402, -0.016023989766836166, -0.010804414749145508, 0.04202606528997421, 0.02389252372086048, 0.01886717975139618, -0.019784633070230484, 0.0410960428416729, -0.03532862663269043, 0.025856640189886093, 0.025904957205057144, 0.0256833303719759, 0.03983776643872261, -0.012293398380279541, -0.03367441147565842, -0.003233577124774456, -0.0827927216887474, 0.0035335556603968143, 0.017849382013082504, -0.0038976152427494526, -0.04369013011455536, -0.04345230385661125, 0.0035894799511879683, -0.014377398416399956, -0.0010914040030911565, 0.010031505487859249, 0.2361975759267807, 0.005028392653912306, -0.005651602987200022, 0.00962884072214365, 0.031146910041570663, -0.0032146726734936237, 0.022165954113006592, 0.06450563669204712, -0.0038304657209664583, -0.030681321397423744, 0.015537947416305542, -0.0015004597371444106, 0.014813984744250774, -0.003967097960412502, 0.028781801462173462, 0.007191012147814035, -0.025762034580111504, 0.04617305472493172, 0.04433527588844299, -0.005879289470613003, 0.05354046821594238, 0.003191314870491624, 0.03498055413365364, 0.04099491238594055, -0.06200705096125603, -0.02969023957848549, -0.043534502387046814, -0.01353489700704813, -0.012767388485372066, 0.007329961284995079, -0.022042017430067062, 0.03013274446129799, 0.022663023322820663, -0.040303438901901245, -0.05753267556428909, -0.01785249635577202, 0.007418063003569841, -0.052167586982250214, -0.00015279196668416262, -0.022198129445314407, -0.010064231231808662, 0.011256461963057518, -0.030397696420550346, 0.016330284997820854, -0.026715340092778206, -0.04143692925572395, 0.0011024880222976208, -0.027110422030091286, -0.00914857815951109, -0.056478582322597504, 0.00879491027444601, -0.03173307329416275, -0.021909087896347046, -0.042999397963285446, 0.05073642358183861, -0.02499437890946865, 0.02524353377521038, -0.007525453809648752, -0.0012845533201470971, 0.04514861851930618, 0.04304736480116844, -0.004160312004387379, -0.048506975173950195, 0.006997959688305855, -0.026996441185474396, 0.013558623380959034, 0.0021289968863129616, -0.016641218215227127, 0.059284597635269165, 0.06319504231214523, -0.005997350439429283, 0.035866085439920425, 0.021909531205892563, -0.028919043019413948, 0.0018051802180707455, -0.01954750530421734, 0.014281158335506916, 0.05056465417146683, -0.004247067961841822, 0.02590380609035492, -0.038328416645526886, 0.008330813609063625, -0.03992665559053421, 0.002366310218349099, 0.01240521389991045, -0.0030638198368251324, -0.0020798970945179462, 0.040112875401973724, -0.03545111417770386, 0.0016338364221155643, -0.023391958326101303, 0.02357255294919014, 0.010703954845666885, 0.009828602895140648, 0.01551036722958088, 0.026598449796438217, -0.0050079310312867165, -0.0521710067987442, -0.01859012246131897, 0.004205747973173857, -0.011950954794883728, -0.03871661424636841, -0.02990018017590046, 0.0017872379394248128, 0.007222460117191076, -0.00784863531589508, 0.003907779697328806, -0.013146979734301567, 0.03476579859852791, -0.013240286149084568, -0.03553169593214989, 0.0026386992540210485, -0.0024273470044136047, -0.018606580793857574, -0.008773519657552242, 0.04906472936272621, 0.03704381734132767, 0.00014803389785811305, 0.020558010786771774, 0.032347772270441055, -0.02452993020415306, 0.020379938185214996, -0.012181702069938183, 0.0026576435193419456, 0.0017475560307502747, -0.044577453285455704, -0.0015018321573734283, -0.011572317220270634, -0.004131761845201254, -0.003298494964838028, 0.050914280116558075, -0.022381508722901344, 0.0015519742155447602, 0.01721087098121643, -0.011684112250804901, 0.025294708088040352, 0.04089666157960892, 0.006834726314991713, -0.05275378003716469, 0.0143447769805789, -0.05342232435941696, -0.030374005436897278, -0.013023301027715206, -0.013692490756511688, 0.015061063691973686, 0.06681313365697861, -0.005303160287439823, -0.0316985659301281, -0.003296514041721821, -0.0023591371718794107, 0.04761677607893944, 0.05717592313885689, 0.032039884477853775, -0.04584439471364021, -0.026801427826285362, -0.06269317120313644, -0.018649498000741005, 0.005221689585596323, -0.028899887576699257, -0.004419916309416294, -0.023127716034650803, 0.03301570564508438, -0.014289713464677334, 0.041961248964071274, 0.013909051194787025, -0.01625872403383255, -0.026050401851534843, 0.035272300243377686, 0.015108572319149971, -0.011219529435038567, 0.006713480222970247, -0.04613836482167244, -0.04465357959270477, 0.04193829372525215, 0.012021618895232677, -0.022039735689759254, -0.07413901388645172, 0.013692090287804604, -0.017303090542554855, -0.0440148189663887, 0.023164046928286552, 0.013577359728515148, -0.05842165648937225, -0.0090765580534935, 0.005189740099012852, -0.019489556550979614, -0.0103981988504529, -0.027403106912970543, 0.0073211295530200005, -0.04023830592632294, -0.007020223420113325, 0.1070755273103714, 0.017844220623373985, -0.019021086394786835, 0.013065612874925137, -0.037695448845624924, 0.09760654717683792, 0.017553558573126793, -0.016670718789100647, 0.002290711970999837, 0.016062777489423752, -0.0052062636241316795, -0.01712082140147686, 0.031898073852062225, 0.009187349118292332, 0.010843615047633648, -0.026754559949040413, 0.0028305791784077883, -0.026614051312208176, 0.0033407120499759912, 0.009925021789968014, 0.006960469763725996, -0.020593080669641495, -0.019611557945609093, 0.011604166589677334, -0.03657684102654457, 0.04643888771533966, -0.012173918075859547, -0.014171288348734379, -0.03677768260240555, -0.06466618925333023, -0.010330102406442165, 0.01683126948773861, 0.0006877316627651453, 0.007674792781472206, 0.004468607250601053, -0.02173476852476597, -0.027105173096060753, 0.063356913626194, 0.003922011703252792, -0.006664511747658253, 0.05635629966855049, 0.011777657084167004, -0.02168695256114006, -0.0062749385833740234, -0.014635120518505573, 0.0027679316699504852, 0.0012069463264197111, -0.0027518144343048334, -0.024968696758151054, -0.014630449004471302, 0.05314929038286209, 0.035598449409008026, 0.010938446968793869, 0.015426218509674072, 0.023008326068520546, 0.021744845435023308, -0.010261616669595242, -0.008871972560882568, 0.02165529690682888, 0.03878175839781761, -0.024664882570505142, 0.027589112520217896, 0.0026659152936190367, 0.02745715156197548, 0.036837801337242126, -0.01863083802163601, -0.02947395108640194, -0.012537063099443913, -0.02719801291823387, -0.014279951341450214, 0.0003001897130161524, 0.0043783546425402164, 0.009501135908067226, -0.015486789867281914, 0.0011938229436054826, 0.03231532871723175, -0.016683390364050865, -0.009653703309595585, -0.09830059856176376, -0.04114159196615219, 0.013536190614104271, -0.01624910905957222, 0.0012731085298582911, 0.040260884910821915, -0.03572344034910202, -0.042762137949466705, 0.035652004182338715, -0.0008488337625749409, -0.028131017461419106, -0.030976207926869392, 0.010560041293501854, 0.025092221796512604, 0.038063857704401016, -0.022788558155298233, 0.013034493662416935, 0.006798908114433289, 0.030447667464613914, -0.02387949265539646, -0.036477942019701004, -0.027225641533732414, 0.014776128344237804, -0.052623677998781204, -0.018738236278295517, 0.00417929096147418, 0.006649812683463097, -0.03164311870932579, 0.04413767531514168, -0.04764094948768616, -0.012523764744400978, -0.021918153390288353, 0.021721472963690758, -0.014696084894239902, -0.04043202102184296, -0.03184716776013374, 0.03938787057995796, -0.030477412045001984, 0.017911722883582115, 0.06366883218288422, -0.02094229683279991, -0.01039949432015419, -0.04712705314159393, 0.003291352652013302, 0.004121887031942606, 0.03638704866170883, 0.0018220613710582256, 0.05967966094613075, -0.032241370528936386, 0.011862416751682758, -0.03786987438797951, -0.02571171522140503, 0.020249007269740105, -0.028969785198569298, 0.012395491823554039, -0.04818150773644447, -0.007121097296476364, 0.03356413170695305, -0.04839354008436203, -0.02001705951988697, -0.004816605243831873, -0.032800544053316116, -0.011359507218003273, 0.017464522272348404, -0.03390407934784889, 0.009256910532712936, -0.024373985826969147, 0.028656231239438057, -0.04244953766465187, 0.0493728406727314, -0.022701004520058632, 0.029902350157499313, -0.008887514472007751, 0.04163533076643944, -0.01089700311422348, 0.01923929527401924, -0.06199777498841286, 0.011930353008210659, -0.014204380102455616, -0.009214951656758785, -0.0007063497323542833, 0.039865683764219284, 0.04098046198487282, -0.022542938590049744, -0.0340304896235466, 0.00918471161276102, -0.031529586762189865, 0.006410335656255484, -0.015259603969752789, 0.02468935400247574, 0.04768862947821617, -0.022167818620800972, 0.06604151427745819, -0.04752277955412865, 0.004316176753491163, 0.0105392225086689, -0.02064277045428753, 0.056007884442806244, -0.02607099339365959, -0.04107591509819031, 0.00039462369750253856, 0.01872451789677143, -0.004478510469198227, 0.0069299726746976376, -0.0007284863386303186, 0.018272995948791504, 0.03408920019865036, -0.004533580970019102, -0.014526983723044395, 0.049599725753068924, 0.022641919553279877, -0.04975317418575287, 0.0028645365964621305, -0.018216583877801895, -0.03840672969818115, -0.004499063827097416, -0.010072764940559864, -0.01996704563498497, -0.018301842734217644, 0.012400656938552856, 0.021525399759411812, -0.0010306878248229623, 0.023895567283034325, -0.04281742498278618, 0.03464901074767113, -0.12807682156562805, -0.0020720597822219133, 0.010106331668794155, 0.0007913481676951051, -0.022382551804184914, -0.01563323475420475, 0.052728407084941864, -0.028848974034190178, 0.01564359851181507, -0.017999378964304924, 0.018122287467122078, -0.036166705191135406, -0.01754927821457386, -0.05506008863449097, -0.015878235921263695, 0.025569267570972443, -0.01224778313189745, 0.0153996292501688, 0.014803213067352772, 0.012638064101338387, 0.023569582030177116, -0.03902123495936394, -0.026622507721185684, -0.024583440274000168, -0.050207968801259995, 0.014815199188888073, 0.01265412475913763, -0.01956362836062908, 0.004383378196507692, 0.009929566644132137, 0.005810408387333155, -0.02374183014035225, 0.024469703435897827, 0.045628324151039124, -0.003904464188963175, 0.008489220403134823, -0.01807284727692604, -0.02801104635000229, -0.015390842221677303, -0.023465024307370186, 0.0047008884139359, 0.014582247473299503, -0.052742768079042435, -0.04046632722020149, 0.030572837218642235, 0.06955055147409439, -0.018876317888498306, -0.03132425621151924, -0.04902764782309532, -0.011111844331026077, 0.00815180130302906, 0.0207503791898489, -0.0023522914852946997, -0.0242900587618351, 0.01105672400444746, -0.017563244327902794, -0.019054370000958443, -0.05898920074105263, -0.04171430319547653, 0.03349947929382324, -0.0004543198738247156, -0.013926404528319836, -0.03357566148042679, -0.028770307078957558, 0.01358402892947197, 0.03214041516184807, -0.02248595841228962, 0.06181679666042328, 0.024985549971461296, -0.004384371917694807, -0.048427943140268326, 0.0009147047530859709, -0.05001420900225639, -0.04274454712867737, -0.009771489538252354, 0.006077067460864782, 0.01428145170211792, -0.025865349918603897, -0.008498339913785458, 0.0008260205504484475, -0.00043694794294424355, -0.010784613899886608, -0.05745646357536316, 0.045152194797992706, 0.07485826313495636, -0.01404451485723257, 0.01637071743607521, -0.015113207511603832, -0.06513310223817825, -0.06868672370910645, -0.0198114812374115, -0.039590343832969666, -0.00035089554148726165, 0.006472771987318993, -0.022810574620962143, 0.005495365709066391, -0.005540275480598211, 0.0021651179995387793, 0.006767704617232084, -0.027529805898666382, -0.016416599974036217, -0.017673522233963013, 0.024363135918974876, -6.311359175015241e-05, -0.019382428377866745, 0.0009692233288660645, 0.03840506076812744, 0.0194063913077116, -0.02250499650835991, -0.01880311779677868, -0.007908935658633709, -0.027241814881563187, -0.04649445042014122, -0.002506696153432131, -0.08030249923467636, -0.013480337336659431, 0.007327256724238396, 0.007875319570302963, -0.011832012794911861, -0.028808586299419403, 0.030810130760073662, 0.027740327641367912, -0.022666841745376587, -0.029934488236904144, 0.019616425037384033, -0.020648151636123657, 0.034690480679273605, 0.028324255719780922, -0.04213811457157135, -0.006874531973153353, 5.496631274581887e-05, -0.03884948790073395, -0.020211054012179375, 0.02757830172777176, 0.009898023679852486, 0.0465107187628746, -0.03183538839221001, 0.041294295340776443, -0.0734492838382721, -0.017291607335209846, -0.037425074726343155, 0.014028145931661129, 0.06384462118148804, -0.03986947983503342, 0.03138958662748337, -0.023535799235105515, 0.06948021799325943, 0.007111236918717623, -0.023550553247332573, -0.047081515192985535, -0.01534221787005663, 0.0029591021593660116, 0.0017424904508516192, 0.07124421745538712, -0.033038198947906494, 0.035457976162433624, -0.021855849772691727, 0.062327053397893906, -0.03616412729024887, 0.023237720131874084, -0.0017641573213040829, -0.0602637343108654, -0.00555851636454463, -0.01505325734615326, 0.023265687748789787, 0.03691716492176056, -0.011432074010372162, -0.03199344128370285, -0.010822223499417305, 0.004432139918208122, 0.001884784665890038, 0.050988733768463135, -0.025108519941568375, 0.02627451717853546, 0.016185658052563667, -0.04774719849228859, 0.013990870676934719, 0.011183949187397957, 0.053629644215106964, -0.008724982850253582, 0.0400673970580101, -0.03699232265353203, 0.051232341676950455, 0.039832521229982376, 0.020560206845402718, 0.020993756130337715, -0.014156040735542774, 0.04754627123475075, 0.019646067172288895, -0.009267481043934822, -0.02533765509724617, -0.01080798078328371, -0.012594026513397694, -0.032045457512140274, 0.021098965778946877, 0.01860828697681427, 0.012729384005069733, 0.035300277173519135, 0.025878820568323135, 0.08375715464353561, -0.043213702738285065, -0.013937215320765972, 0.05586438626050949, -0.052567269653081894, -0.03167087584733963, 0.003429447766393423, -0.007280296646058559, 0.011518508195877075, 0.02876378782093525, 0.011863485909998417, -0.03759832680225372, 0.025088606402277946, 0.02677849307656288, 0.0007320877630263567, -0.029688013717532158, -0.028944768011569977, -0.02791084535419941, 0.04469440132379532, 0.022331509739160538, 0.0008537502726539969, 0.03767732158303261, 0.026061465963721275, 0.0028729336336255074, -0.026558857411146164, -0.05045585706830025, 0.01051359809935093, -0.020741242915391922, 0.05249166861176491, 0.0150527935475111, 0.05594630166888237, -0.007704257965087891, 0.005814847070723772, -0.03223260119557381, 0.04201686382293701, 0.010036741383373737, -0.010385802015662193, 0.02551955357193947, 0.02152102068066597, 0.00924909021705389, 0.04454164206981659, 0.008641507476568222, -0.0004142857505939901, -0.03433236852288246, -0.0035362080670893192]",,
15_1_0_docs_01_app_03_api_reference_index_mdx,document,,API Reference,Next.js API Reference for the App Router.,{'related_links': []},15.1.0,"The Next.js API reference is divided into the following sections:The Next.js API reference is divided into the following sections:
",,"[(np.int64(5), np.float64(0.07521601021289825)), (np.int64(42), np.float64(0.17229336500167847)), (np.int64(100), np.float64(0.071528360247612)), (np.int64(4997), np.float64(0.2647828161716461)), (np.int64(5659), np.float64(0.1853448748588562)), (np.int64(28175), np.float64(0.2074129581451416)), (np.int64(61687), np.float64(0.24177294969558716)), (np.int64(106015), np.float64(0.23591963946819305)), (np.int64(215996), np.float64(0.22281047701835632))]","[-0.030874568969011307, 0.007895930670201778, -0.008710221387445927, 0.05589199811220169, -0.02586985006928444, 0.003995984327048063, 0.023878958076238632, -0.025944795459508896, -0.011887378059327602, 0.03620505705475807, 0.003661739407107234, -0.02429231069982052, 0.015545873902738094, 0.006386752240359783, -0.022621631622314453, 0.03512312099337578, -0.018676206469535828, -0.001543136197142303, 0.0025636814534664154, -0.03901382163167, 0.020663417875766754, 0.04971301555633545, -0.007271959446370602, 0.04743622988462448, -0.014190052635967731, 0.02192559652030468, -0.02120017260313034, -0.024904882535338402, -0.014585723169147968, 0.040377937257289886, 0.03671931475400925, -0.03750462457537651, 0.04429428651928902, 0.04826977103948593, -0.006534003186970949, -0.05663611739873886, -0.01431521587073803, -0.048044510185718536, -0.023976536467671394, 0.041477952152490616, 0.009348364546895027, -0.046055905520915985, 0.02089347131550312, -0.01362118124961853, 0.021282602101564407, 0.005413716658949852, -0.013483707793056965, -0.018642757087945938, -0.024208076298236847, 0.004091162234544754, 0.0035022657830268145, 0.0034190735314041376, 0.0537848137319088, 0.004199220333248377, -0.03450534865260124, 0.02138618193566799, -0.021782560274004936, -0.038335781544446945, -0.0633484274148941, 0.06367673724889755, -0.03249276429414749, -0.006904385518282652, -0.052742619067430496, 0.02031664177775383, 0.011340335011482239, 0.028807880356907845, -0.01921461895108223, -0.009115012362599373, -0.034258391708135605, 0.0031252189073711634, 0.010654202662408352, 0.049583759158849716, -0.02410009503364563, -0.04995978996157646, -0.0253166351467371, 0.028110194951295853, 0.02610737830400467, -0.06387192755937576, 0.02790508046746254, 0.012558572925627232, 0.011912381276488304, -0.05716506391763687, 0.025318793952465057, -0.05103031173348427, -0.019671780988574028, 0.014811797067523003, -0.01710859127342701, -0.0009341867407783866, 0.059688787907361984, 0.0057780989445745945, -0.009094933047890663, -0.03255075961351395, 0.046751443296670914, -0.027184661477804184, 0.03038315288722515, -0.0062936036847531796, -0.0382038913667202, 0.006081822793930769, 0.07613027095794678, -0.029780352488160133, -0.018821103498339653, -0.04242220148444176, 0.0077655129134655, 0.007463742047548294, 0.01836332120001316, 0.003918515518307686, 0.07025202363729477, -0.002450327854603529, 0.004844361916184425, -0.00921611301600933, 0.015146984718739986, 0.01554851420223713, 0.015800897032022476, 0.05665330961346626, 5.859494558535516e-05, -0.00196151458658278, -0.04281400144100189, -0.001680862158536911, 0.0030541792511940002, -0.04090074822306633, 0.06125621870160103, -0.002448627958074212, 0.010133383795619011, -0.0306814294308424, 0.05768527463078499, -0.05679935961961746, -0.005726444534957409, 0.055988211184740067, -0.015728048980236053, 0.015066713094711304, 0.008687389083206654, 0.008072423748672009, 0.010604259558022022, 0.029881417751312256, -0.02904035709798336, 0.036008164286613464, 0.01346005778759718, -0.03582796826958656, 0.026549402624368668, -0.028971921652555466, 0.04197650030255318, -0.022511502727866173, -0.009710865095257759, -0.019104281440377235, 0.04417277127504349, -0.03291308507323265, 0.046980153769254684, 0.02525617927312851, 0.028607798740267754, -0.010584804229438305, 0.0037405246403068304, -0.013453871943056583, 0.05216075852513313, -0.05296705663204193, 0.040844641625881195, 0.0038349940441548824, -0.006512969732284546, -0.015265585854649544, 0.034818802028894424, 0.010178391821682453, 0.0025116000324487686, -0.013986023142933846, -0.015249291434884071, 0.008073218166828156, 0.05621767044067383, 0.017404228448867798, 0.011099235154688358, 0.014709163457155228, -0.0401969738304615, -0.0658264011144638, -0.034732572734355927, 0.006575407925993204, 0.021634967997670174, -0.03013983741402626, 0.013865848071873188, 0.03820405155420303, 0.020861385390162468, 0.007094135042279959, 0.003227849258109927, -0.02286349982023239, -0.023579631000757217, 0.03196941316127777, -0.002998417941853404, -0.017797285690903664, -0.01440504938364029, 0.004968506749719381, -0.02128666266798973, 0.007983236573636532, 0.01055897120386362, -0.00900624506175518, -0.03960290178656578, -0.0010999402729794383, 0.0396321676671505, -0.008874724619090557, 0.011479029431939125, -0.0017625991022214293, 0.04870142415165901, -0.028653521090745926, -0.024885017424821854, -0.01910782977938652, -0.036728207021951675, 0.005157882813364267, 0.023059340193867683, -0.01103763747960329, -0.03670673444867134, -0.013905864208936691, -0.015543391928076744, -0.009443269111216068, -0.01627541519701481, 0.0025211209431290627, -0.026839304715394974, -0.022648030892014503, -0.059974007308483124, 0.0011452280450612307, -0.05270431563258171, -0.004315609112381935, 0.01568286120891571, 0.027303289622068405, 0.03206769376993179, -0.010934087447822094, 0.017027636989951134, 0.011131739243865013, -0.004917359910905361, -0.00021016890241298825, 0.014366790652275085, 0.0073650372214615345, 0.002920015249401331, 0.0007838197634555399, 0.02305527590215206, -0.022137803956866264, -0.03162742033600807, -0.0038849133998155594, 0.011760756373405457, -0.03987372666597366, 0.054487232118844986, -0.04335421323776245, -0.02759186550974846, 0.022479355335235596, 0.014897901564836502, 0.004980857018381357, 0.007847918197512627, -0.060490045696496964, 0.0015261549269780517, 0.0064072334207594395, -0.03475551679730415, -0.038195669651031494, -0.017056331038475037, 0.011028974317014217, -0.03022688999772072, 0.013852945528924465, 0.017404763028025627, 0.01107410155236721, -0.016832521185278893, 0.02199031226336956, 9.707913704914972e-05, 0.0031411685049533844, -0.03284970298409462, -0.027848996222019196, 0.011211367323994637, -0.03822015970945358, 0.021837089210748672, 0.04378509148955345, 0.005311311222612858, 0.009160526096820831, -0.009517690166831017, 0.01708240993320942, 0.0017249201191589236, 0.009378436952829361, 0.017724059522151947, 0.011106139980256557, -0.007241983897984028, 0.026919957250356674, 0.030595015734434128, -0.053635504096746445, -0.01933317631483078, 0.0572320781648159, -0.023935731500387192, -0.017565613612532616, 0.0983540341258049, 0.03211318328976631, -0.004406963940709829, 0.023262253031134605, 0.042267534881830215, -0.01946372352540493, 0.08534391224384308, -0.038638029247522354, 0.007627441547811031, 0.000669134664349258, -0.008844118565320969, 0.010903209447860718, 0.005986778065562248, 0.021710649132728577, 0.04717167839407921, -0.06028401851654053, -0.037081584334373474, 0.01926429569721222, -0.006926159840077162, -0.13714487850666046, -0.03965503349900246, 0.033465202897787094, -0.02213013544678688, -0.006514790002256632, 0.022672254592180252, -0.0715487152338028, 0.060168247669935226, 0.016626961529254913, 0.057856813073158264, 0.03131717070937157, -0.05798152834177017, 0.010233856737613678, 0.017484253272414207, 0.018617145717144012, 0.02383020706474781, -0.03572783246636391, 0.008054553531110287, -0.00405079172924161, -0.03313848003745079, -0.0005213558906689286, -0.024073775857686996, 0.01663319766521454, -0.016700703650712967, -0.009937114082276821, 0.004347455687820911, 0.0723402351140976, 0.05788325518369675, -0.06890825182199478, 0.015450657345354557, -0.02787507139146328, 0.0066481358371675014, 0.0033859857358038425, 0.013245923444628716, 0.031026151031255722, 0.03146759420633316, 0.007114752661436796, 0.002211147453635931, -0.03766578063368797, -0.04264714941382408, 0.023298198357224464, 0.008241008967161179, -0.023433862254023552, -0.015249338932335377, 0.04015577211976051, -0.038817860186100006, 0.0026849645655602217, -0.014712315052747726, -0.012112410739064217, -0.03226897493004799, -0.02624029479920864, -0.02277369797229767, -0.018263284116983414, -0.003447995986789465, -0.04713689908385277, 0.009665606543421745, -0.02031152881681919, -0.0034109593834728003, 0.022973880171775818, -0.013085559941828251, -0.02214774675667286, -0.047836292535066605, 0.021627184003591537, -0.001257278141565621, -0.05684768036007881, -0.0013568346621468663, 0.06399669498205185, -0.027699977159500122, 0.013305466622114182, -0.04192531481385231, 0.03138327598571777, -0.052614618092775345, 0.010604466311633587, -0.04076659679412842, -0.05152495950460434, 0.020878508687019348, -0.02059466578066349, -0.04335945099592209, 0.009265199303627014, -0.10550323128700256, -0.017444808036088943, 0.00022265607549343258, -0.034761227667331696, 0.03415605425834656, -0.042943112552165985, -0.00012513535330072045, -0.014990204945206642, -0.04268437251448631, 0.007843033410608768, 0.18568244576454163, 0.001237843302078545, 0.018996629863977432, 0.022900326177477837, 0.043534331023693085, -0.02112555503845215, 0.018737616017460823, 0.044401559978723526, 0.05460643768310547, -0.042124152183532715, -0.034770138561725616, -0.04261600971221924, 0.005426173564046621, -0.0033662174828350544, 0.014561043120920658, 0.05324804410338402, -0.030915552750229836, 0.05143003910779953, 0.018795225769281387, -0.03425419330596924, 0.05660873278975487, 0.023591024801135063, 0.03871103376150131, -0.015877200290560722, -0.08281250298023224, -0.018713153898715973, 0.011564856395125389, -0.0011466965079307556, -0.027450473979115486, 0.019345782697200775, -0.017538143321871758, 0.033398568630218506, 0.019962826743721962, -0.028418615460395813, -0.02475534938275814, -0.06952498853206635, 0.0073457034304738045, -0.014356967061758041, 0.028724299743771553, 0.020837178453803062, -0.019381659105420113, 0.0051492201164364815, 0.00565606914460659, 0.0077643743716180325, 0.027978776022791862, -0.021287826821208, 0.018808258697390556, -0.0585542693734169, -0.001432006130926311, -0.03945137560367584, 0.0013185077114030719, -0.036550432443618774, -0.01025351695716381, -0.003929506056010723, 0.009785148315131664, -0.053915735334157944, -0.0011579988058656454, 0.034447334706783295, 0.023234939202666283, 0.03931007534265518, -0.0046593318693339825, -0.006490604020655155, -0.010273600928485394, 0.0369398407638073, 0.008978895843029022, -0.022065283730626106, 0.02221253700554371, -0.02847694605588913, 0.060004256665706635, 0.035826217383146286, -0.016943275928497314, -0.0039250897243618965, -0.003980287350714207, -0.05916554480791092, 0.006030283868312836, -0.06591019034385681, 0.017107831314206123, 0.034587107598781586, -0.026646412909030914, 0.017289552837610245, 0.01979958824813366, -0.006768703926354647, -0.014918571338057518, 0.06272178888320923, 0.028229396790266037, -0.03693031892180443, 0.03697725757956505, 0.03287214785814285, -0.018697576597332954, 0.00015057914424687624, -0.0345039963722229, -0.021453548222780228, 0.016765611246228218, 0.04229065030813217, -0.023041777312755585, -0.022804467007517815, 0.01392389740794897, -0.005412657279521227, -0.03450857102870941, 0.05182352289557457, -0.05965116620063782, 0.0031465033534914255, -0.003798810066655278, -0.060166239738464355, 0.011606904678046703, -0.08060581237077713, 0.028764454647898674, 0.005003339610993862, 0.0021617801394313574, 0.011474257335066795, -0.010792812332510948, -0.003338938346132636, 0.03080831840634346, -0.051974788308143616, -0.01304482389241457, 0.025931797921657562, 0.04663318023085594, 0.0031632171012461185, 0.01676059328019619, 0.00561214704066515, 0.025356465950608253, 0.010666154325008392, -0.006255165208131075, -0.05139569565653801, -0.00704715633764863, -0.020953120663762093, 0.006949400529265404, -0.022147346287965775, -0.020329438149929047, -0.01670224405825138, 0.041869282722473145, -0.027430379763245583, -0.06398943066596985, 0.014315205626189709, -0.009126667864620686, -0.01195257343351841, 0.0007963692187331617, -0.004660412203520536, -0.01582753099501133, 0.0001950380828930065, -0.027915261685848236, -0.036991991102695465, 0.02576695755124092, -0.05438303202390671, 0.010575830936431885, 0.06329745799303055, 0.011367415077984333, -0.025139478966593742, 0.024881204590201378, 0.0021429818589240313, 0.0022920561023056507, 0.025184039026498795, 0.0290581863373518, -0.08160676807165146, -0.010085790418088436, -0.05520268902182579, -0.009674211032688618, 0.017715133726596832, -0.008665627799928188, -0.015168840065598488, -0.01204554084688425, 0.025432655587792397, -0.0009666841942816973, -0.006023244466632605, 0.007447339128702879, 0.020011859014630318, 0.011884613893926144, 0.03409664332866669, -0.0014038300141692162, -0.012648331932723522, -0.02064753882586956, -0.029813790693879128, -0.038043487817049026, 0.022626003250479698, 0.008978172205388546, -0.07299690693616867, -0.0670270249247551, -0.025244837626814842, 0.0035751042887568474, -0.01205494161695242, 0.026145966723561287, 0.005755036603659391, -0.007004358805716038, 0.015017090365290642, 0.016344798728823662, -0.01742534525692463, 0.03528323024511337, -0.02415885403752327, 0.029857482761144638, -0.01153138093650341, -0.046543367207050323, 0.11023694276809692, 0.00917757861316204, -0.020668156445026398, 0.024587400257587433, -0.04558698460459709, 0.06721962243318558, 0.06553813815116882, 0.019186533987522125, 0.014981056563556194, -0.000838175998069346, 0.024159397929906845, 0.0170906912535429, 0.01659459061920643, -0.007466086186468601, -0.013307178393006325, 0.016423525288701057, -0.0007528938003815711, -0.02143195830285549, 0.007955613546073437, 0.01053640991449356, -0.007341303862631321, -0.035468690097332, -0.009723139926791191, 0.020975593477487564, -0.03444647043943405, 0.05568030849099159, 0.015564771369099617, -0.01760309934616089, 8.53100573294796e-05, -0.03426023945212364, -0.01339271292090416, 0.012749080546200275, -0.03476623818278313, -0.004455418325960636, 0.01327196042984724, 0.02019549533724785, -0.006611855700612068, 0.025295088067650795, 0.0245667714625597, -0.0203710850328207, 0.007913628593087196, -0.01849392056465149, -0.030940460041165352, 0.00701837008818984, 0.011465837247669697, 0.021866878494620323, 0.03126600384712219, -0.03931616619229317, -0.007582405582070351, -0.014953287318348885, -0.02111600525677204, 0.04708576947450638, 0.02233240008354187, 0.0314670205116272, 0.021122053265571594, -0.007130883634090424, -0.0036212680861353874, 0.026850586757063866, 0.031750693917274475, -0.005811839364469051, -0.05822140723466873, 0.013916917145252228, -0.0008989825728349388, 0.041771892458200455, -0.0836314707994461, 0.005556123331189156, 0.013980227522552013, -0.00976533442735672, -0.03117658942937851, -0.01829860545694828, -0.005353257525712252, 0.008184405975043774, -0.02119157649576664, 0.011622166261076927, -0.025556230917572975, 0.030126526951789856, -0.0575256422162056, -0.06304112076759338, -0.03190784156322479, -0.016030259430408478, 0.0020869718864560127, -0.004004303365945816, -0.029041917994618416, 0.04539291933178902, -0.01958337239921093, -0.03411242365837097, -0.00406467542052269, 0.0018660539062693715, -0.036498427391052246, -0.07768137753009796, 0.003973047714680433, 0.004565328359603882, 0.03923960030078888, 0.006839188281446695, 0.015728820115327835, 0.01583762653172016, 0.03544224053621292, -0.003138794796541333, -0.031293049454689026, 0.03869063779711723, -0.011846274137496948, -0.058478277176618576, 0.002429790096357465, -0.017081741243600845, -0.017063384875655174, -0.008911160752177238, -0.006608292926102877, -0.023504605516791344, 0.0018476414261385798, 0.011545615270733833, -0.04207907244563103, 0.006100858561694622, -0.026487627997994423, -0.015637431293725967, 0.04031628742814064, 0.052698101848363876, -0.06263791024684906, 0.035642821341753006, -0.04278681054711342, -0.013637807220220566, -0.04075879231095314, 0.027608664706349373, 0.05794338509440422, 0.03797494247555733, 0.027600158005952835, 0.07692175358533859, -0.037778060883283615, 0.0015511300880461931, -0.001734118559397757, -0.02415037527680397, 0.013622970320284367, -0.06749968975782394, 0.023596156388521194, -0.031241336837410927, 0.020332500338554382, 0.040711428970098495, -0.021092843264341354, -0.027140019461512566, 0.016575638204813004, -0.0059342896565794945, -0.04469415172934532, -0.018173186108469963, 0.041170570999383926, -0.0125754838809371, 0.013507461175322533, -0.009477578103542328, -0.027508504688739777, 0.0015544301131740212, 0.003268006257712841, 0.0008461137767881155, -0.03975334018468857, 0.008287767879664898, 0.003512604860588908, 0.022765180096030235, 0.013639607466757298, 0.009690294042229652, 0.008405460976064205, -0.0745064988732338, -0.027487818151712418, 0.0070488592609763145, 0.024732517078518867, -0.007839122787117958, -0.06322647631168365, 0.012648897245526314, 0.03306122496724129, -0.0011041952529922128, 0.010542867705225945, 0.06382276862859726, 0.039513006806373596, -0.0397338792681694, -0.004776863381266594, -0.024849791079759598, 0.0009837019024416804, -0.013101191259920597, 0.01864403858780861, 0.010811842046678066, -0.02159677818417549, -0.0013200913090258837, 3.156453021802008e-05, -0.02003859542310238, 0.02253599651157856, 0.05218883976340294, -0.04532361403107643, 0.008972195908427238, 0.028752028942108154, -0.01014093030244112, 0.03406745195388794, 0.04915022477507591, 0.012624490074813366, -0.03841734677553177, 0.005204169545322657, 0.0008783997036516666, -0.025616176426410675, -0.03672439232468605, -0.04168057069182396, -0.00988750159740448, -0.015262460336089134, 0.006790876388549805, 0.045179352164268494, 0.01094184722751379, 0.023336656391620636, -0.003705602837726474, -0.019011620432138443, -0.09333964437246323, 0.01661813072860241, -0.02640310302376747, 0.0003150052798446268, -0.025618402287364006, 0.013111025094985962, 0.012286975048482418, -0.03768623247742653, 0.018829340115189552, -0.026538962498307228, -0.033824555575847626, 0.012278178706765175, -0.015166593715548515, -0.027425456792116165, 0.02147303707897663, 0.008816064335405827, -0.0107412189245224, 0.020164232701063156, 0.01088149007409811, 0.052753008902072906, 0.021650278940796852, 0.005375964101403952, 0.0702059268951416, 0.021331949159502983, -0.047434184700250626, -0.0001985396957024932, 0.03414107859134674, -0.020923791453242302, -0.016824647784233093, 0.02251526340842247, 0.010248562321066856, -0.04825715348124504, 0.00965742114931345, 0.047072432935237885, 0.02109532803297043, 0.047897838056087494, -0.01561925932765007, -0.010215846821665764, 0.008543699979782104, 0.05495978146791458, 0.02433597855269909, 0.006863314658403397, -0.0018619700567796826, -0.01048350427299738, 0.03157907351851463, 0.03760167583823204, 0.010296760126948357, -0.048010069876909256, 0.0006675255135633051, 0.021684344857931137, 0.013760081492364407, 0.019820010289549828, 0.048716384917497635, 0.03010338544845581, -0.015502761118113995, -0.02232341282069683, -0.07023496180772781, -0.01925567537546158, 0.007733564358204603, 0.04228806495666504, -0.05220339447259903, 0.0316895991563797, -0.02598588541150093, -0.018272245302796364, 0.017184987664222717, 0.05366518720984459, -0.01210759300738573, 0.02921578474342823, 0.03847135603427887, -0.011504721827805042, -0.013504046015441418, -0.01883840374648571, -0.01936138980090618, -0.008281407877802849, -0.0326601080596447, 0.0049079847522079945, -0.0032984961289912462, 0.020832479000091553, 0.03727681562304497, 0.0252277459949255, -0.08950943499803543, 0.005568950902670622, -0.051509905606508255, 0.06199587881565094, 0.06048208847641945, 0.04249054938554764, -0.02952572889626026, 0.00827077217400074, -0.061834197491407394, -0.043872177600860596, -0.0009310751338489354, -0.0287365410476923, -0.010733513161540031, 0.02961198426783085, -0.017388032749295235, 0.04702847823500633, 0.020291341468691826, 0.0220069270581007, 0.03404443711042404, -0.0038990830071270466, 0.0018308147555217147, 0.017042269930243492, -0.0024537956342101097, -0.01605677418410778, 0.0077946861274540424, 0.01647256128489971, -0.009658407419919968, 0.02688652276992798, -0.017714889720082283, -0.044546324759721756, -0.010399440303444862, -0.027141449972987175, -0.03981558978557587, 0.010200249031186104, -0.06979316473007202, 0.007209375966340303, -0.003594909096136689, 0.028104806318879128, 0.003447717521339655, 0.017854513600468636, 0.01743496209383011, -0.03255150467157364, 0.03165196627378464, -0.04103560373187065, 0.008703486062586308, -0.019922588020563126, -0.016247231513261795, 0.06820286810398102, 0.015036962926387787, -0.0077193318866193295, -0.004393761977553368, -0.016500385478138924, 0.009742915630340576, 0.020260894671082497, 0.02295725792646408, 0.019479850307106972, -0.038210850208997726, 0.012609376572072506, -0.05785660818219185, 0.025266923010349274, -0.057747792452573776, -0.005448814015835524, 0.0017586133908480406, -0.061579614877700806, -0.006113872863352299, -0.038113128393888474, -0.00010627901065163314, -0.03982481360435486, -0.026216981932520866, 0.008190643973648548, -0.03714675083756447, 0.00809223111718893, -0.0009445229079574347, 0.08170020580291748, -0.04676566645503044, 0.061579085886478424, -0.022979041561484337, 0.013339689932763577, -0.06517981737852097, 0.005042454227805138, -0.04426969960331917, 0.023276004940271378, -0.0391051210463047, -0.02267557755112648, 0.001551824389025569, -0.0011261120671406388, 0.002763219177722931, 0.0009468784555792809, -0.01818608120083809, 0.034322019666433334, -0.021599503234028816, 0.02784186787903309, 0.010760366916656494, -0.007876606658101082, 0.04419700428843498, -0.012181189842522144, -0.001795925316400826, 0.0044211456552147865, 0.03504706546664238, 0.033065315335989, 0.04970300570130348, -0.01623954251408577, 0.07655017822980881, 0.010171858593821526, 0.025454482063651085, -0.03745939955115318, 0.004923389293253422, 0.015602064318954945, -0.006317818537354469, -0.058123134076595306, -0.020656917244195938, -0.0023132595233619213, 0.0020937297958880663, 0.028560472652316093, 0.006843948271125555, -0.001431838609278202, -0.010075770318508148, -0.017983943223953247, 0.03327962011098862, 0.03906283900141716, -0.0020637765992432833, -0.008334370329976082, 0.020567400380969048, 0.0212191604077816, -0.03013955056667328, 0.03643360733985901, -0.0040708077140152454, -0.03556239232420921, -0.030039310455322266, 0.03257233649492264, -0.013360224664211273, -0.00745959160849452, -0.0034878833685070276, 0.018300630152225494, -0.013755298219621181, -0.04767777770757675, -0.014633276499807835, 0.028966499492526054, 0.02090362086892128, 0.007661591283977032, 0.04321518540382385, 0.015752548351883888, 0.03575656935572624, -0.009973729960620403, -0.03480295464396477, -0.02673477865755558, -0.01789780706167221, 0.023706922307610512, 2.8821737942053005e-05, -0.008708808571100235, -0.01876755990087986, 0.008930684998631477, 0.006882776971906424, 0.044805895537137985, 0.016560425981879234, 0.03278195485472679, -0.043730590492486954, -0.016376066952943802, -0.0023761121556162834, -0.01937452144920826, -0.014433460310101509, 0.043307144194841385, 0.027191054075956345, 0.0005344454548321664]",,
15_1_0_docs_01_app_03_api_reference_01_directives_index_mdx,document,,Directives,Directives are used to modify the behavior of your Next.js application.,{'related_links': []},15.1.0,"The following directives are available:The following directives are available:
",,"[(np.int64(5), np.float64(0.04444742575287819)), (np.int64(47), np.float64(0.08608496934175491)), (np.int64(621), np.float64(0.08829967677593231)), (np.int64(935), np.float64(0.0341828316450119)), (np.int64(2811), np.float64(0.18693757057189941)), (np.int64(4997), np.float64(0.2612742781639099)), (np.int64(11814), np.float64(0.18181392550468445)), (np.int64(28175), np.float64(0.21227245032787323)), (np.int64(38415), np.float64(0.14566431939601898)), (np.int64(40383), np.float64(0.1654672473669052)), (np.int64(42666), np.float64(0.2969033420085907)), (np.int64(60877), np.float64(0.3035331964492798)), (np.int64(123166), np.float64(0.19257083535194397))]","[-0.019823620095849037, 0.005246026441454887, -0.0484674908220768, 0.0036817719228565693, -0.04807645082473755, -0.038020987063646317, 0.03745824843645096, 0.012295042164623737, 0.03457120805978775, 0.008042964152991772, 0.0026836255565285683, -0.04088339954614639, 0.008876373991370201, -0.0037595760077238083, 0.00978093035519123, 0.057014357298612595, 0.03359071910381317, -0.007134879007935524, -0.016149166971445084, -0.02282935008406639, 0.0006381093990057707, 0.014216250739991665, 0.030642449855804443, -0.0027568796649575233, -0.058530665934085846, 0.016943374648690224, 0.010900095105171204, -0.03204428777098656, -0.018884876742959023, 0.010641423985362053, 0.02128830924630165, -0.04044799879193306, 0.04218258336186409, 0.016985934227705002, -0.0010968210408464074, -0.014440885744988918, -0.02175559289753437, -0.027907593175768852, -0.049247004091739655, 0.02019215188920498, -0.030047591775655746, -0.005221967119723558, 0.03383243829011917, 0.008317118510603905, 0.014356151223182678, 0.009333036839962006, -0.018565140664577484, -0.01688287779688835, -0.03403479605913162, -0.01698889024555683, -0.00364825502038002, 0.021535392850637436, 0.047441866248846054, -0.02339613065123558, -0.017682623118162155, 0.03407914936542511, -0.028271062299609184, -0.02792537398636341, -0.10128267854452133, 0.031351085752248764, -0.04954678565263748, 0.007846091873943806, -0.06697628647089005, 0.02423488348722458, 0.024898016825318336, 0.023257948458194733, 0.004901111591607332, -0.008481848984956741, -0.02454433962702751, -0.016343947499990463, -0.02144283428788185, 0.004574598744511604, -0.0358663871884346, 0.011117563582956791, -0.07782935351133347, 0.019764920696616173, 0.009037261828780174, -0.04387283697724342, 0.023955082520842552, 0.05220772698521614, -0.03441743925213814, -0.0189516581594944, 0.016780411824584007, -0.0006838098051957786, -0.01911655068397522, -0.01147510576993227, -0.058349866420030594, 0.02969694696366787, 0.007507831323891878, 0.004935856442898512, -0.0195059422403574, -0.024469375610351562, 0.00855776946991682, -0.05729721486568451, 0.018231183290481567, 0.00592355290427804, -0.015566813759505749, 0.0035278010182082653, 0.042927227914333344, -0.0006548934616148472, -0.03036636672914028, 0.046638794243335724, 0.018918856978416443, 0.06702438741922379, 0.0014333243016153574, -0.019488297402858734, 0.028062449768185616, -0.006160380318760872, 0.0007278619450516999, -0.0009574539726600051, 0.0019560696091502905, 0.003597803646698594, -0.0173701960593462, 0.05423998460173607, 0.020454348996281624, -0.02134816162288189, -0.012499617412686348, -0.04009966924786568, 0.028845280408859253, -0.014709552749991417, 0.015488180331885815, -0.0023286191280931234, 0.03072870336472988, -0.029616499319672585, 0.031638942658901215, 0.003983607050031424, 0.02474815398454666, 0.031242644414305687, 0.01262324582785368, 0.0048230052925646305, 0.043224651366472244, 0.05082736536860466, -0.005603210534900427, 0.01478706393390894, -0.01460462436079979, -0.030312731862068176, -0.04265200346708298, 0.020461253821849823, -0.029982494190335274, -0.04445815086364746, -0.0036545449402183294, 0.015767859295010567, -0.003567649982869625, -0.028956390917301178, 0.075081467628479, -0.07282621413469315, 0.02731453813612461, -0.0018610332626849413, 0.014612886123359203, -0.051246874034404755, 0.018654679879546165, 0.03710032254457474, 0.04071200639009476, -0.011161825619637966, 0.03788004443049431, -0.027560466900467873, -0.036972202360630035, -0.02779417857527733, 0.03765910118818283, -0.01880542002618313, -0.07418965548276901, 0.015597959980368614, -0.0013141073286533356, -0.008159483782947063, 0.04974963888525963, -0.01660037599503994, 0.0022804017644375563, 0.021182212978601456, -0.007725225295871496, -0.03040693886578083, -0.007826746441423893, -0.0305153951048851, -0.014367564581334591, 0.009211268275976181, -0.011048611253499985, 0.015024448744952679, 0.046054743230342865, 0.015161918476223946, 0.04365292936563492, -0.056222110986709595, -0.02194729819893837, 0.003768748603761196, -0.033757053315639496, 0.016594547778367996, -0.031036091968417168, 0.02208932489156723, -0.0013689323095604777, -0.035147227346897125, 0.0009025393519550562, 0.007552914321422577, 0.014804642647504807, 0.0005683697527274489, 0.04919755458831787, 0.01875179074704647, 0.02819770947098732, -0.002985989674925804, 0.009956146590411663, -0.03352884203195572, -0.016288165003061295, -0.0758797824382782, 0.0081190699711442, 0.013646059669554234, 0.028049733489751816, -0.05774398148059845, -0.0030206916853785515, 0.011075987480580807, 0.019465360790491104, -0.02991940639913082, 0.010369036346673965, -0.04072197154164314, 0.012016492895781994, -0.005971681326627731, -0.02964584156870842, 0.0024236778263002634, -0.03539092093706131, -0.029997898265719414, 0.012115703895688057, 0.007466556504368782, 0.006829382851719856, -0.05152216926217079, -0.02034711092710495, 0.044949501752853394, 0.003206794150173664, 0.005207803566008806, 0.009050168097019196, -0.04324379935860634, 0.04500535875558853, 0.03023005835711956, 0.0282917357981205, 0.01944124512374401, -0.039483729749917984, 0.012882214039564133, 0.011206218041479588, 0.0076189544051885605, -0.012190423905849457, -0.02464110031723976, -0.025898760184645653, 0.03739488497376442, 0.043175723403692245, -0.0024380458053201437, -0.007262404076755047, -0.05983620882034302, 0.056445568799972534, -0.015498983673751354, -0.061442747712135315, 0.004579800646752119, 0.010551491752266884, -0.021810762584209442, -0.004795500542968512, -0.014552552253007889, 0.027911588549613953, -0.006169692613184452, -0.019870491698384285, 0.030528556555509567, 0.010124399326741695, -0.024314342066645622, 0.026097731664776802, -0.023732168599963188, -0.049109768122434616, -0.0003308575542178005, 0.020242132246494293, 0.030769186094403267, 0.025833791121840477, 0.01154436357319355, 0.010788731276988983, -0.012685487046837807, -0.007979816757142544, -0.015442882664501667, -0.0006335912621580064, -0.05411963537335396, 0.02064126543700695, 0.007207442075014114, 0.004523024428635836, 0.015807149931788445, -0.02438265085220337, 0.04946889728307724, -0.06152962148189545, -0.029599756002426147, 0.07172531634569168, 0.006102342624217272, -0.008033093065023422, 0.034407928586006165, 0.02852131612598896, -0.034168656915426254, 0.061878450214862823, -0.0358322337269783, -0.05551433190703392, 0.0025582965463399887, -0.02390909567475319, -0.0019673241768032312, -0.02995111048221588, 0.03838531672954559, 0.06565052270889282, -0.026515690609812737, -0.020378850400447845, 0.007494622841477394, 0.01673491671681404, -0.15711018443107605, -0.014819467440247536, 0.0031507383100688457, 0.045521147549152374, -0.02485790103673935, -0.0012081337627023458, -0.03069821372628212, 0.04392489045858383, -0.025132445618510246, -0.03383815288543701, 0.0646892637014389, -0.07066680490970612, 0.03280749171972275, 0.028188619762659073, 0.01732003316283226, 0.026886485517024994, -0.0249322522431612, 0.024461636319756508, -0.030843092128634453, -0.01775038242340088, -0.03477729484438896, -0.03270475193858147, 0.05393317714333534, 0.03014385886490345, -0.044720523059368134, -0.023028269410133362, 0.06807807832956314, 0.014201624318957329, -0.01931699737906456, -0.006264840718358755, -0.004206045065075159, -0.007190836127847433, 0.0002776888431981206, 0.024579744786024094, 0.0013135031331330538, -0.008378913626074791, 0.028530573472380638, -0.0009603627840988338, 0.03813417628407478, -0.007877619937062263, 0.06078353151679039, 0.059701427817344666, -0.0035804645158350468, 0.01949913613498211, 0.000417390838265419, 0.04092390462756157, -0.0029585477896034718, 0.017535673454403877, -0.04993295297026634, -0.02149648219347, -0.0018576903967186809, -0.0563318133354187, -0.031024156138300896, -0.022951800376176834, -0.07828500121831894, 0.00019035401055589318, -0.0385197252035141, -0.0039023039862513542, 0.030243901535868645, 0.016741737723350525, -0.04867104813456535, -0.004734850022941828, -0.010017731226980686, -0.04292972385883331, -0.02932143583893776, -0.011312739923596382, 0.07025963813066483, -0.0017271233955398202, 0.05154500529170036, -0.012842144817113876, 0.009194768965244293, -0.055569592863321304, 0.024483852088451385, -0.012839792296290398, -0.02007974311709404, 0.016562258824706078, 0.006930562201887369, -0.02276691421866417, -0.016722630709409714, -0.08787045627832413, -0.004623501095920801, 0.009844103828072548, -0.024609124287962914, 0.003523782594129443, -0.02516186237335205, -0.0563216432929039, 0.009305695071816444, -0.013820146210491657, 0.042333364486694336, 0.20960737764835358, -0.004231601487845182, 0.005712868645787239, 0.042123764753341675, 0.043083555996418, -0.044693928211927414, -0.005588664673268795, 0.027101881802082062, 0.021748818457126617, -0.020870350301265717, 0.035340119153261185, -0.032893192023038864, 0.004603000823408365, 0.006228550337255001, 0.03673151135444641, 0.010326944291591644, -0.04686892032623291, 0.00227131019346416, 0.045158788561820984, 0.00089922861661762, 0.04959192872047424, 0.0032048437278717756, -0.008096384815871716, 0.004243259318172932, -0.05166395381093025, 0.010895293205976486, 0.011994603089988232, -0.02068927139043808, 0.017677316442131996, 0.03127755969762802, -0.05240647867321968, 0.007196702063083649, 0.015805549919605255, -0.006909270770847797, -0.055399712175130844, -0.0317179299890995, 0.004343371372669935, -0.03500503674149513, -0.005361955612897873, 0.007351146079599857, -0.028336426243185997, -0.03735426440834999, 0.010149593465030193, 0.0005233772099018097, 0.01013969350606203, -0.01580909825861454, -0.0003385334857739508, -0.017632313072681427, 0.04535049572587013, -0.059222735464572906, 0.030906017869710922, -0.07995887100696564, -0.025262480601668358, -0.020476162433624268, -0.011852466501295567, -0.02015831135213375, 0.016636861488223076, -0.05156412720680237, 0.01809130422770977, 0.06514832377433777, -0.0017041860846802592, -0.015780113637447357, -0.012410786934196949, 0.035316359251737595, -0.04184919595718384, -0.01576230116188526, 0.0223117396235466, -0.052606649696826935, 0.022121433168649673, 0.04036795347929001, 0.008149698376655579, 0.02706785872578621, -0.03505844250321388, 0.03271295875310898, 0.04141095280647278, 0.0009113198611885309, 0.02864358387887478, 0.04017838463187218, -0.022335143759846687, 0.031058287248015404, -0.002674541901797056, 0.013124680146574974, -0.015915298834443092, 0.05511811748147011, 0.05451615899801254, -0.014097191393375397, 0.04521239921450615, 0.05870248004794121, -0.0028104207012802362, 0.019426172599196434, -0.0029597869142889977, 0.015900224447250366, -0.011567930690944195, 0.053574081510305405, -0.018390392884612083, -0.011158420704305172, 0.050902947783470154, -0.036140717566013336, -0.01689259335398674, 0.01839376427233219, -0.01600603386759758, -0.0430152527987957, -0.051551371812820435, -0.02597733959555626, 0.043675485998392105, -0.01835731789469719, -0.019117357209324837, -0.005979121197015047, 0.005701975431293249, 0.022243211045861244, -0.01674305833876133, 0.036810487508773804, 0.0038717796560376883, -0.060265544801950455, -0.007534848526120186, 0.05483648553490639, 0.039653122425079346, 0.005014213267713785, 0.030055996030569077, -0.0010923435911536217, 0.013822264969348907, 0.034901801496744156, -0.03076808527112007, 0.03333527222275734, -0.02062355913221836, -0.04297582060098648, -0.021161185577511787, 0.04038265347480774, 0.017236020416021347, 0.013220195658504963, 0.037107180804014206, -0.013277048245072365, -0.04401545226573944, -0.001774442382156849, -0.02415177971124649, 0.018701372668147087, 0.030258463695645332, -0.03023034706711769, -0.02965696156024933, 0.024340447038412094, -0.022378500550985336, 0.032298337668180466, -0.011409223079681396, -0.041418664157390594, 0.020937474444508553, 0.03432098776102066, 0.004500489216297865, -0.0049103605560958385, 0.0017802577931433916, 0.05671609565615654, 0.018136514350771904, 0.04767106845974922, 0.07187628746032715, -0.033887263387441635, 0.0250998567789793, -0.04952193424105644, -0.04891488328576088, 0.007959483191370964, 0.04865986108779907, -0.022699708119034767, -0.018892625346779823, 0.03678812086582184, 0.005189340561628342, 0.004836278967559338, 0.02826998569071293, 0.026254218071699142, -0.0136332418769598, 0.051026877015829086, 0.009386439807713032, -0.009301026351749897, 0.014601262286305428, -0.030271636322140694, -0.054816581308841705, 0.024371881037950516, 0.019594643265008926, -0.05523885414004326, -0.026907343417406082, -0.08091606944799423, 0.012642273679375648, -0.01035858690738678, 0.0345650240778923, -0.02222311869263649, 0.0021329226437956095, 0.01267196238040924, 0.02666335180401802, -0.01594853401184082, -0.01493130810558796, -0.0014162410516291857, 0.021293697878718376, -0.023026373237371445, -0.02686123363673687, 0.08219696581363678, -0.0038326126523315907, -0.0324733592569828, -0.004220779985189438, 0.012310745194554329, 0.0704880803823471, 0.006027472671121359, 0.025538017973303795, -0.04723212495446205, -0.00625977898016572, -0.036648403853178024, 0.008458114229142666, -0.006024068687111139, -0.03678606078028679, -0.00839395821094513, -0.018882110714912415, 0.01828698068857193, -0.0037769488990306854, -0.02449754625558853, 0.025081736966967583, -0.009876922704279423, -0.015740199014544487, 0.013291316106915474, 0.03243212774395943, -0.051821205765008926, 0.06262561678886414, 0.024266695603728294, 0.009508517570793629, -0.02587687224149704, -0.00366473151370883, -0.010410494171082973, -0.02455168217420578, -0.0223673265427351, -0.03333429992198944, 0.04088883474469185, 0.049691155552864075, -0.011521239764988422, -0.008352091535925865, -0.012768848799169064, -0.011216440238058567, 0.018465204164385796, 0.04905392974615097, 0.019760748371481895, 0.02041606232523918, 0.009102840907871723, 0.04011286422610283, 0.014826123602688313, -0.06390220671892166, -0.012699286453425884, 0.007679228205233812, 0.011426188983023167, 0.0011263882042840123, 0.025117959827184677, 0.03943448141217232, 0.014878405258059502, 0.002077049808576703, -0.023408150300383568, 0.07320379465818405, 0.0019893457647413015, -0.07512833178043365, -0.047688283026218414, -0.005358159076422453, -0.03182700276374817, -0.004703881684690714, -0.03845538944005966, -0.016759291291236877, -0.010036710649728775, -0.03407033905386925, 0.007162834517657757, -0.0008998693665489554, 0.02383529767394066, 0.031246239319443703, -0.016950590535998344, 0.017880165949463844, -0.031235026195645332, 0.024259429425001144, 0.01751122809946537, -0.01624579355120659, -0.042786601930856705, -0.0010632246267050505, -0.0025135616306215525, 0.003945703152567148, -0.037447646260261536, 0.03149683400988579, -0.004365954548120499, 0.002059304853901267, 0.006401058752089739, 0.002879066625609994, -0.007509150076657534, -0.08280738443136215, -0.039592940360307693, 0.014201055280864239, 0.005539120640605688, -0.01149669662117958, -0.014581173658370972, 0.01846747286617756, 0.02120099402964115, 0.01370568759739399, -0.048036787658929825, 0.015513090416789055, 0.018074605613946915, -0.02989041619002819, 0.008735156618058681, -0.007128794211894274, -0.04902941361069679, -0.014959902502596378, 0.009919008240103722, -0.05576174333691597, -0.001840804936364293, 0.013794854283332825, -0.04783539101481438, 0.013536919839680195, -0.03364868834614754, 0.03303094580769539, 0.01634451188147068, 0.012476738542318344, -0.008961004205048084, 0.017857566475868225, -0.02945130318403244, 0.009827929548919201, -0.019472576677799225, 0.005417980719357729, 0.0209659356623888, 0.042248405516147614, -0.002133456524461508, 0.016755305230617523, -0.0029882786329835653, -0.000661273137666285, -0.03133055940270424, -0.009207618422806263, 0.019639581441879272, -0.039898090064525604, 0.022319715470075607, -0.01907976344227791, 0.003994740080088377, -0.019835500046610832, -0.013823023065924644, -0.02497856505215168, 0.024675477296113968, -0.027129972353577614, -0.021958166733384132, -0.021426433697342873, 0.04331148415803909, -0.02774468995630741, -0.02426314167678356, 0.033604949712753296, 0.01683647558093071, 0.03660399466753006, -0.0035762011539191008, -0.004785485100001097, -0.050266288220882416, 0.03885174170136452, -0.026270512491464615, 0.006456015631556511, -0.02772011049091816, -0.012933027930557728, 0.020020565018057823, 0.0034971388522535563, -0.008412578143179417, 0.004910014104098082, -0.0015514343976974487, -0.016852572560310364, -0.02173277549445629, 0.024072708562016487, 0.013011152856051922, -0.002881300635635853, -0.015255945734679699, 0.03301283344626427, 0.032512154430150986, -0.054342858493328094, -0.013767537660896778, -0.010647514835000038, 0.028411800041794777, -0.011657241731882095, -0.010338794440031052, 0.02400236204266548, -0.038973014801740646, 0.04127505421638489, 0.0034228614531457424, -0.006871846504509449, 0.01780962198972702, 0.05713297799229622, 0.028615226969122887, -0.03835683688521385, 0.0626227930188179, -0.032802049070596695, -0.02517201565206051, 0.06572438031435013, -0.019666288048028946, -0.00012045517360093072, -0.020923443138599396, -0.014488470740616322, -0.02723044715821743, -0.027821365743875504, -0.026563400402665138, -0.008839303627610207, -0.027798952534794807, -0.01902635022997856, 0.029253395274281502, -0.019030114635825157, 0.005613787565380335, -0.021750202402472496, -0.017432013526558876, -0.11737216264009476, -0.007441205438226461, -0.025096222758293152, 0.02286098524928093, -0.009348474442958832, 0.011879709549248219, -0.035050857812166214, -0.009273039177060127, -0.04964425414800644, -0.05299815163016319, -0.023233789950609207, -0.008966376073658466, 0.04466364532709122, -0.016188837587833405, 0.004680979531258345, 0.023774974048137665, -0.01327671017497778, 0.025631822645664215, -0.0253993459045887, 0.04575571045279503, 0.014048920944333076, -0.021231630817055702, 0.07181229442358017, 0.027200499549508095, -0.02466443181037903, 0.0038689072243869305, 0.06267978250980377, -0.008362359367311, -0.019378602504730225, -0.03567267209291458, 0.031647905707359314, -0.037306562066078186, 0.019082212820649147, 0.06107683107256889, 0.017388837411999702, 0.025056615471839905, -0.02093992382287979, -0.011647394858300686, -0.024421218782663345, 0.017404498532414436, 0.02756207250058651, 0.010305003263056278, -0.03133419528603554, -0.006509560160338879, -0.00341830519028008, 0.008504536002874374, 0.015914427116513252, -0.028840627521276474, -0.010708147659897804, 0.013476518914103508, -0.010849184356629848, 0.07260924577713013, 0.001328865997493267, 0.06720223277807236, 0.015374038368463516, 0.020300693809986115, -0.041006267070770264, -0.027973756194114685, 0.006256983615458012, 0.019438691437244415, -0.020341238006949425, 0.031942714005708694, -0.043037544935941696, -0.023268243297934532, 0.008844667114317417, 0.03277010843157768, -0.013040457852184772, 0.011851172894239426, 0.016396787017583847, -0.014352554455399513, 0.00876737292855978, 0.030549190938472748, 0.0127145666629076, -0.013358953408896923, -0.009289242327213287, -0.024575259536504745, 0.03314661979675293, -0.019879646599292755, 0.014096432365477085, -0.009810980409383774, -0.08110728859901428, -0.07004059851169586, -0.0012807517778128386, 0.031198564916849136, 0.03164262697100639, 0.01066620647907257, -0.0032194743398576975, -0.03614656627178192, -0.06620468199253082, -0.0028610974550247192, -0.0369255430996418, -0.028880318626761436, 0.005982589907944202, 0.004087733570486307, -0.04867788031697273, 0.025241978466510773, -0.008733573369681835, -0.011166875250637531, 0.00047048594569787383, -0.016084102913737297, -0.016194431111216545, -0.013322655111551285, -0.022527117282152176, -0.034754715859889984, -0.022028546780347824, 0.021947769448161125, 0.00970490649342537, 0.009911482222378254, 0.03181523457169533, -0.015827558934688568, -0.03570679947733879, -0.03745287284255028, -0.03917669132351875, 0.022694772109389305, -0.03210727497935295, 0.007752247154712677, 0.01428445428609848, 0.040474411100149155, 0.020970849320292473, -0.040889639407396317, 0.03570998087525368, -0.009488878771662712, 0.031401507556438446, -0.033351607620716095, 0.008564002811908722, 0.013408566825091839, 0.026306459680199623, 0.017877792939543724, 0.009436573833227158, 0.006172298453748226, 0.01707608997821808, -0.049752943217754364, -0.0013266506139189005, 0.011749720200896263, 0.03464215248823166, 0.0008759634220041335, -0.05008666217327118, 0.0487346351146698, -0.031531382352113724, -0.025434596464037895, -0.025800861418247223, 0.0006057894788682461, 0.00907711498439312, -0.03976854309439659, -0.0033629415556788445, -0.002692990005016327, -0.010886253789067268, 0.0112404003739357, 0.00921022891998291, -0.009433714672923088, -0.0029069252777844667, -0.0011475965147837996, 0.02910606563091278, 0.10637316852807999, 0.0036996854469180107, 0.03488330915570259, -0.03766791895031929, -0.0398227758705616, -0.023282894864678383, 0.03979393467307091, 0.04146123677492142, 0.017447439953684807, -0.0771205872297287, -0.03291533887386322, 0.010121830739080906, 0.04259640723466873, 0.014615279622375965, -0.012065500020980835, -0.009311388246715069, 0.0005380529910326004, 0.0013120498042553663, -3.077821247643442e-06, -0.018107682466506958, -0.0351744070649147, 0.036704909056425095, -0.03082769177854061, -0.005814549513161182, -0.008918830193579197, 0.019870247691869736, 0.0018210426205769181, 0.06011471897363663, 0.02968863770365715, 0.08122763782739639, 0.042965006083250046, 0.009609592147171497, 0.004877664614468813, -0.00790240615606308, -0.01033931877464056, -0.028392048552632332, -0.008558751083910465, 0.01643325388431549, -0.003442866960540414, 0.008456465788185596, 0.02375795505940914, 0.03246840089559555, 0.03710528835654259, 0.01077998522669077, 0.009383187629282475, 0.019329877570271492, 0.004699579905718565, -0.030062559992074966, 0.007300311233848333, -0.026458127424120903, -0.032928284257650375, -0.05619483068585396, 0.007309331092983484, 0.0481099858880043, 0.013211578130722046, -0.0009848186746239662, 0.022519977763295174, 0.014598721638321877, -0.013885542750358582, -0.019493184983730316, 0.01419274415820837, -0.015247738920152187, -0.05252084508538246, -0.0029239675495773554, -0.006608739960938692, 0.03438438102602959, 0.03802483156323433, 0.042025793343782425, 0.007375862915068865, -0.023829277604818344, 0.014357252977788448, -0.030966833233833313, 0.02163623832166195, 0.03924820199608803, 0.001203100080601871, -0.01221336331218481, 0.005928187631070614, 0.01911753974854946, 0.026122400537133217, 0.02649461105465889, 0.023556247353553772, -0.016651371493935585, 0.019854187965393066, -0.06682237237691879, -0.03527553007006645, -0.04506188631057739, -0.014670216478407383, 0.04911525920033455, 0.014612098224461079, 0.027768373489379883, -0.013852741569280624]",,
15_1_0_docs_01_app_03_api_reference_01_directives_use_cache_mdx,document,,use cache,Learn how to use the use cache directive to cache data in your Next.js application.,"{'related_links': ['app/api-reference/config/next-config-js/dynamicIO', 'app/api-reference/config/next-config-js/cacheLife', 'app/api-reference/functions/cacheTag', 'app/api-reference/functions/cacheLife', 'app/api-reference/functions/revalidateTag']}",15.1.0,"The `use cache` directive designates a component and/or a function to be cached. It can be used at the top of a file to indicate that all exports in the file are cacheable, or inline at the top of a function or component to inform Next.js the return value should be cached and reused for subsequent requests. This is an experimental Next.js feature, and not a native React feature like [`use client`](/docs/app/api-reference/directives/use-client) or [`use server`](/docs/app/api-reference/directives/use-server).

## Usage

Enable support for the `use cache` directive with the [`dynamicIO`](/docs/app/api-reference/config/next-config-js/dynamicIO) flag in your `next.config.ts` file:

```ts filename=""next.config.ts""
import type { NextConfig } from 'next'

const nextConfig: NextConfig = {
  experimental: {
    dynamicIO: true,
  },
}

export default nextConfig
```

Then, you can use the `use cache` directive at the file, component, or function level:

```tsx
// File level
'use cache'

export default async function Page() {
  // ...
}

// Component level
export async function MyComponent() {
  'use cache'
  return <></>
}

// Function level
export async function getData() {
  'use cache'
  const data = await fetch('/api/data')
  return data
}
```

## Good to know

- `use cache` is an experimental Next.js feature, and not a native React feature like [`use client`](/docs/app/api-reference/directives/use-client) or [`use server`](/docs/app/api-reference/directives/use-server).
- Any [serializable](https://react.dev/reference/rsc/use-server#serializable-parameters-and-return-values) arguments (or props) passed to the cached function, as well as any serializable values it reads from the parent scope, will be converted to a format like JSON and automatically become a part of the cache key.
- Any non-serializable arguments, props, or closed-over values will turn into opaque references inside the cached function, and can be only passed through and not inspected nor modified. These non-serializable values will be filled in at the request time and won't become a part of the cache key.
  - For example, a cached function can take in JSX as a `children` prop and return `<div>{children}</div>`, but it won't be able to introspect the actual `children` object.
- The return value of the cacheable function must also be serializable. This ensures that the cached data can be stored and retrieved correctly.
- Functions that use the `use cache` directive must not have any side-effects, such as modifying state, directly manipulating the DOM, or setting timers to execute code at intervals.
- If used alongside [Partial Prerendering](/docs/app/building-your-application/rendering/partial-prerendering), segments that have `use cache` will be prerendered as part of the static HTML shell.
- The `use cache` directive will be available separately from the [`dynamicIO`](/docs/app/api-reference/config/next-config-js/dynamicIO) flag in the future.
- Unlike [`unstable_cache`](/docs/app/api-reference/functions/unstable_cache) which only supports JSON data, `use cache` can cache any serializable data React can render, including the render output of components.

## Examples

### Caching entire routes with `use cache`

To prerender an entire route, add `use cache` to the top **both** the `layout` and `page` files. Each of these segments are treated as separate entry points in your application, and will be cached independently.

```tsx filename=""app/layout.tsx"" switcher
'use cache'
import { unstable_cacheLife as cacheLife } from 'next/cache'

export default function Layout({ children }: { children: ReactNode }) {
  return <div>{children}</div>
}
```

```jsx filename=""app/page.tsx"" switcher
'use cache'
import { unstable_cacheLife as cacheLife } from 'next/cache'

export default function Layout({ children }) {
  return <div>{children}</div>
}
```

Any components imported and nested in `page` file will inherit the cache behavior of `page`.

```tsx filename=""app/page.tsx"" switcher
'use cache'
import { unstable_cacheLife as cacheLife } from 'next/cache'

async function Users() {
  const users = await fetch('/api/users')
  // loop through users
}

export default function Page() {
  return (
    <main>
      <Users />
    </main>
  )
}
```

```jsx filename=""app/page.js"" switcher
'use cache'
import { unstable_cacheLife as cacheLife } from 'next/cache'

async function Users() {
  const users = await fetch('/api/users')
  // loop through users
}

export default function Page() {
  return (
    <main>
      <Users />
    </main>
  )
}
```

> This is recommended for applications that previously used the [`export const dynamic = ""force-static""`](/docs/app/api-reference/file-conventions/route-segment-config#dynamic) option, and will ensure the entire route is prerendered.

### Caching component output with `use cache`

You can use `use cache` at the component level to cache any fetches or computations performed within that component. When you reuse the component throughout your application it can share the same cache entry as long as the props maintain the same structure.

The props are serialized and form part of the cache key, and the cache entry will be reused as long as the serialized props produce the same value in each instance.

```tsx filename=""app/components/bookings.tsx"" highlight={2}
export async function Bookings({ type = 'haircut' }: BookingsProps) {
  'use cache'
  async function getBookingsData() {
    const data = await fetch(`/api/bookings?type=${encodeURIComponent(type)}`)
    return data
  }
  return //...
}

interface BookingsProps {
  type: string
}
```

```jsx filename=""app/components/bookings.js"" highlight={2}
export async function Bookings({ type = 'haircut' }) {
  'use cache'
  async function getBookingsData() {
    const data = await fetch(`/api/bookings?type=${encodeURIComponent(type)}`)
    return data
  }
  return //...
}
```

### Caching function output with `use cache`

Since you can add `use cache` to any asynchronous function, you aren't limited to caching components or routes only. You might want to cache a network request or database query or compute something that is very slow. By adding `use cache` to a function containing this type of work it becomes cacheable, and when reused, will share the same cache entry.

```tsx filename=""app/actions.ts"" highlight={2} switcher
export async function getData() {
  'use cache'

  const data = await fetch('/api/data')
  return data
}
```

```jsx filename=""app/actions.js"" highlight={2} switcher
export async function getData() {
  'use cache'

  const data = await fetch('/api/data')
  return data
}
```

### Revalidating

By default, Next.js sets a **[revalidation period](/docs/app/building-your-application/data-fetching/fetching#revalidating-cached-data) of 15 minutes** when you use the `use cache` directive. Next.js sets a near-infinite expiration duration, meaning it's suitable for content that doesn't need frequent updates.

While this revalidation period may be useful for content you don't expect to change often, you can use the `cacheLife` and `cacheTag` APIs to configure the cache behavior:

- [`cacheLife`](/docs/app/api-reference/functions/cacheLife): For time-based revalidation periods.
- [`cacheTag`](/docs/app/api-reference/functions/cacheTag): For on-demand revalidation.

Both of these APIs integrate across the client and server caching layers, meaning you can configure your caching semantics in one place and have them apply everywhere.

See the [`cacheLife`](/docs/app/api-reference/functions/cacheLife) and [`cacheTag`](/docs/app/api-reference/functions/cacheTag) docs for more information.

### Interleaving

If you need to pass non-serializable arguments to a cacheable function, you can pass them as `children`. This means the `children` reference can change without affecting the cache entry.

```tsx filename=""app/page.tsx"" switcher
export default async function Page() {
  const uncachedData = await getData()
  return (
    <CacheComponent>
      <DynamicComponent data={uncachedData} />
    </CacheComponent>
  )
}

async function CacheComponent({ children }) {
  'use cache'
  const cachedData = await fetch('/api/cached-data')
  return (
    <div>
      <PrerenderedComponent data={cachedData} />
      {children}
    </div>
  )
}
```

You can also pass Server Actions through cached components to Client Components without invoking them inside the cacheable function.

```tsx filename=""app/page.tsx"" switcher
import ClientComponent from './ClientComponent';

export default async function Page() {
  const performUpdate = async () => {
    ""use server""
    // Perform some server-side update
    await db.update(...);
  };

  return <CacheComponent performUpdate={performUpdate} />;
}

async function CachedComponent({ performUpdate }) {
  ""use cache""
  // Do not call performUpdate here
  return <ClientComponent action={performUpdate} />;
}
```

```jsx filename=""app/page.js"" switcher
import ClientComponent from './ClientComponent';

export default async function Page() {
  const performUpdate = async () => {
    ""use server""
    // Perform some server-side update
    await db.update(...);
  };

  return <CacheComponent performUpdate={performUpdate} />;
}

async function CachedComponent({ performUpdate }) {
  ""use cache""
  // Do not call performUpdate here
  return <ClientComponent action={performUpdate} />;
}
```

```tsx filename=""app/ClientComponent.tsx"" switcher
'use client'

export default function ClientComponent({ action }) {
  return <button onClick={action}>Update</button>
}
```

```jsx filename=""app/ClientComponent.js"" switcher
'use client'

export default function ClientComponent({ action }) {
  return <button onClick={action}>Update</button>
}
```The `` directive designates a component and/or a function to be cached. It can be used at the top of a file to indicate that all exports in the file are cacheable, or inline at the top of a function or component to inform Next.js the return value should be cached and reused for subsequent requests. This is an experimental Next.js feature, and not a native React feature like [/docs/app/api-reference/directives/use-client](/docs/app/api-reference/directives/use-client) or [/docs/app/api-reference/directives/use-server](/docs/app/api-reference/directives/use-server).
",,"[(np.int64(5), np.float64(0.03026755526661873)), (np.int64(47), np.float64(0.05071644484996796)), (np.int64(70), np.float64(0.00849960744380951)), (np.int64(2053), np.float64(0.1229536235332489)), (np.int64(3642), np.float64(0.05729170888662338)), (np.int64(4527), np.float64(0.14043274521827698)), (np.int64(4997), np.float64(0.24359555542469025)), (np.int64(5844), np.float64(0.13890403509140015)), (np.int64(8951), np.float64(0.16787342727184296)), (np.int64(28175), np.float64(0.1911218762397766)), (np.int64(38415), np.float64(0.0770680233836174)), (np.int64(82365), np.float64(0.29727181792259216)), (np.int64(134031), np.float64(0.10519984364509583))]","[-0.0024673857260495424, -0.018941912800073624, -0.04899075627326965, 0.04776482284069061, -0.029115457087755203, -0.022804202511906624, 0.0074768359772861, 0.015521545894443989, -0.01968083344399929, 0.015631552785634995, -0.004790494218468666, -0.022095318883657455, 0.012676116079092026, 0.0381033755838871, -0.01572149060666561, 0.032099805772304535, -0.01781601272523403, 0.030131207779049873, 0.0037939907051622868, 0.018466820940375328, -0.004261047579348087, -0.01333820540457964, 0.01845627650618553, 0.026807565242052078, -0.02228662371635437, 0.01925363577902317, -0.01413215883076191, -0.014157555066049099, 0.003305751131847501, 0.04529479146003723, 0.047825299203395844, -0.022676313295960426, 0.0008370927534997463, 0.030404668301343918, -0.03555058315396309, -0.024128472432494164, -0.018117224797606468, 0.014039397239685059, -0.02055533602833748, -0.0070084151811897755, 0.0111397011205554, 0.00740084471181035, 0.023992864415049553, -0.011282178573310375, -0.00046410440700128675, -0.013166126795113087, 0.00934117566794157, -0.018948853015899658, -0.04507695138454437, -0.035304583609104156, -0.053892653435468674, -0.009487193077802658, 0.050222910940647125, -0.02433239109814167, 0.012979925610125065, 0.04994386434555054, 0.002387000946328044, -0.06883973628282547, -0.08571551740169525, 0.027393579483032227, -0.003705092240124941, -0.04962945729494095, -0.016118939965963364, 0.007270278874784708, -0.031581636518239975, 0.014234154485166073, -0.006409707013517618, -0.0022065062075853348, -0.023282919079065323, -0.0737880989909172, -0.0038204665761440992, 0.009432031773030758, -0.04995755851268768, -0.04203338176012039, -0.01649542711675167, 0.03514821454882622, 0.06583103537559509, -0.0568331703543663, 0.004441284108906984, -0.023791568353772163, -0.013568185269832611, -0.019826339557766914, 0.011930210515856743, -0.0011530230985954404, 0.025941843166947365, -0.011553401127457619, -0.06589214503765106, 0.009869572706520557, 0.0246820580214262, -0.004243119154125452, 0.00013894533913116902, -0.01791839487850666, 0.043234217911958694, -0.03225349262356758, -0.012619389221072197, 0.025944747030735016, -0.03195110335946083, 0.012034416198730469, 0.04667719826102257, -0.01524687372148037, -0.006039055995643139, -0.03351690620183945, -0.03940984979271889, -0.009269661270081997, 0.06936106085777283, 0.01081883069127798, 0.012286326847970486, 0.022450052201747894, -0.028376970440149307, -0.02032712660729885, 0.0059177749790251255, -0.021026385948061943, -0.02161254547536373, 0.013863184489309788, 0.015259478241205215, -0.03866754099726677, 0.03427177667617798, -0.02496575191617012, 0.013788475655019283, -0.019218211993575096, 0.009676286950707436, 0.008660340681672096, 0.011002914980053902, -0.008633069694042206, 0.022979214787483215, 0.010648531839251518, -0.0034438609145581722, 0.04594840481877327, 0.01760300248861313, 0.031567078083753586, 0.023205585777759552, 0.06147462874650955, -0.008461385034024715, -0.03389199078083038, -0.052489373832941055, 0.018641842529177666, 0.004031690768897533, 0.02158118598163128, 0.02470284327864647, -0.07360389083623886, 0.029437683522701263, 0.04610787704586983, -0.05399933457374573, -0.03148576244711876, 0.06692780554294586, 0.01493727695196867, 0.030613696202635765, 0.006879838183522224, 0.006537071894854307, 0.005554307252168655, -0.004107977729290724, 0.005069366656243801, 0.01715942658483982, -0.05547664314508438, 0.02575272135436535, -3.464919373641351e-08, 0.01740507408976555, 0.02426193095743656, 0.04181646928191185, 0.004063207656145096, -0.029780682176351547, -0.003204826731234789, -0.03032936342060566, 0.04067722335457802, 0.060127899050712585, -0.01790238730609417, -0.01567525416612625, 0.016710452735424042, -0.019266890361905098, -0.04644547030329704, 0.0031723182182759047, -0.01815430074930191, 0.02414415031671524, 0.007804110646247864, 0.04314682260155678, 0.024779682978987694, 0.044178467243909836, 0.015345053747296333, 0.006811547093093395, -0.03842366486787796, -0.058264609426259995, 0.022763816639780998, -0.009798532351851463, -0.02757960930466652, -0.04956570267677307, 0.0011327547254040837, -0.012849340215325356, -0.029824525117874146, -0.018176935613155365, 0.02345884032547474, -0.027443287894129753, -0.030844567343592644, 0.056751422584056854, 0.03747957944869995, 0.004881087224930525, -0.009352566674351692, 0.022696690633893013, -0.0350843109190464, 0.005960416980087757, -0.0030426564626395702, 0.0010373970726504922, 0.04185926541686058, 0.013540372252464294, 0.0038558205123990774, -0.04286649450659752, -0.0199461430311203, -0.012659418396651745, -0.045823194086551666, 0.027804473415017128, -0.049234405159950256, 0.020474392920732498, -0.045675698667764664, 0.01796793006360531, -0.02378925308585167, -0.040730737149715424, 0.0018063827883452177, -0.006704238709062338, 0.0023375560995191336, -0.016724657267332077, -0.05718855559825897, -0.028633667156100273, 0.024570101872086525, -0.008256045170128345, -0.006337452679872513, 0.006491381209343672, 0.012163887731730938, 0.05968884378671646, 0.011647433042526245, 0.018146894872188568, 0.009847721084952354, 0.03590194880962372, 0.027922524139285088, 0.038159552961587906, -0.01492214109748602, 0.035225167870521545, -0.07051996886730194, -0.04889289662241936, 0.0009179090848192573, 0.012593855150043964, -0.02463040128350258, -0.022630563005805016, -0.025191375985741615, 0.049744028598070145, 0.010910487733781338, -0.03650355711579323, -0.030954163521528244, 0.012902714312076569, 0.012734062038362026, -0.010232177563011646, -0.031759534031152725, -0.01457264181226492, 0.041156068444252014, -0.04953736066818237, -0.0073563335463404655, 0.03079833835363388, -0.022653689607977867, 0.01728779450058937, 0.010012059472501278, 0.002931619994342327, 0.0029722026083618402, 0.009659224189817905, 0.0264664925634861, 0.003932888153940439, 0.015112719498574734, -0.0470251739025116, -0.01840544119477272, -0.033646564930677414, -0.031831808388233185, -0.006932388991117477, -0.009553713724017143, -0.012767113745212555, 0.04536693915724754, 0.02009238675236702, 0.0002372040180489421, -0.021910715848207474, 0.00910619180649519, -0.0347217321395874, 0.01885879412293434, 0.09834615141153336, -0.025998447090387344, -0.04217581823468208, 0.024675894528627396, 0.05152859166264534, 0.017807766795158386, 0.036154404282569885, -0.026346441358327866, -0.017018219456076622, 0.03643478825688362, 0.01567988283932209, 0.000982868717983365, -0.003069925820454955, 0.021565010771155357, 0.06933245062828064, -0.02397756651043892, -0.01154226902872324, 0.011341714300215244, 0.020388450473546982, -0.12752747535705566, -0.02326374128460884, 0.038206860423088074, -0.0011249135714024305, 0.020182209089398384, 0.028287945315241814, -0.06645768135786057, -0.006601529195904732, -0.016758788377046585, 0.05617953836917877, 0.022715041413903236, -0.05774694308638573, -0.022793617099523544, 0.0027510742656886578, -0.02805773727595806, 0.01136801578104496, -0.015121206641197205, 0.00200397870503366, 0.045618075877428055, -0.03256893903017044, -0.025075726211071014, -0.018206380307674408, 0.022357305511832237, -0.0038309660740196705, -0.03333920240402222, 0.0064031025394797325, 0.06541051715612411, 0.009719008579850197, -0.05612839013338089, -0.015912573784589767, -0.023386036977171898, -0.02385615184903145, -0.011254613287746906, 0.01021207682788372, -0.001327895442955196, -0.00948336161673069, 0.01069739367812872, -0.02237536944448948, 0.001356819411739707, -0.04173903539776802, 0.03899297118186951, 0.06471139937639236, -0.034029509872198105, 0.011573879048228264, 0.02866382710635662, -0.028509555384516716, 0.00896291434764862, -0.016302762553095818, -0.016652487218379974, -0.03112982213497162, 0.015802651643753052, -0.006489049177616835, -0.03812197595834732, -0.011049024760723114, -0.038180865347385406, -0.020300328731536865, 0.013028613291680813, 0.012524238787591457, -0.00587410619482398, 0.03415524214506149, 0.016278771683573723, -0.009863100945949554, 0.05008615925908089, 0.005473381839692593, -0.05458340048789978, -0.016966555267572403, 0.051588281989097595, 0.024891909211874008, 0.04328883811831474, -0.022654341533780098, 0.019386304542422295, -0.027719806879758835, 0.014833281747996807, 0.014142228290438652, -0.005067470017820597, 0.03707896173000336, 0.0222912710160017, -0.012609463185071945, -0.012876031920313835, -0.10546042025089264, 0.020392008125782013, -0.001179062994197011, 0.0039500645361840725, 0.027163464576005936, -0.014824917539954185, -0.041137080639600754, -0.020692043006420135, -0.003847916843369603, 0.010384253226220608, 0.22591939568519592, 0.05878182500600815, 0.013230985961854458, 0.015142221935093403, 0.056121692061424255, -0.015343517065048218, -0.020313672721385956, 0.033117588609457016, 0.0363037995994091, -0.011472830548882484, -0.008155299350619316, -0.004213305190205574, 0.019745059311389923, -0.002326890593394637, -0.00827074609696865, 0.013217742554843426, -0.037663109600543976, 0.025416942313313484, 0.05985509976744652, -0.023064380511641502, 0.04981927201151848, 0.014845452271401882, 0.03255969658493996, 0.0334898978471756, -0.047870296984910965, 0.013413106091320515, -0.0191607978194952, 0.003794246818870306, -0.03742262348532677, -0.0059381937608122826, -0.03721369057893753, 0.049948032945394516, 0.04001547768712044, -0.04185270890593529, -0.035918623208999634, -0.03183461353182793, -0.023971950635313988, -0.01881028153002262, -0.008205787278711796, 0.03197276219725609, -0.01521756686270237, -0.017585601657629013, 0.01338986773043871, -0.0033625473733991385, -0.020133724436163902, -0.03690614923834801, -0.03609104081988335, -0.03977165371179581, 0.00045232943375594914, -0.07302255928516388, -0.061229150742292404, -0.03059566207230091, -0.042108166962862015, -0.013267728500068188, -0.011753184720873833, -0.04387643560767174, -0.005362676922231913, 0.0066230446100234985, 0.027025239542126656, 0.03821173310279846, 0.02147732488811016, -0.005658822134137154, -0.019749825820326805, 0.07223281264305115, -0.04325970634818077, 0.008640442043542862, 0.005191825795918703, -0.030395278707146645, 0.023908443748950958, 0.05055367201566696, -0.00632832758128643, 0.05390146002173424, 0.003096173983067274, -0.015599153004586697, 0.013927699998021126, -0.011177735403180122, 0.011685463599860668, 0.03864966705441475, -0.02627796307206154, 0.05001309514045715, 0.003237853990867734, -0.011277458630502224, -0.02050337754189968, 0.017622895538806915, 0.005100112408399582, 0.002089101355522871, 0.017593596130609512, 0.047603994607925415, -0.02792365476489067, -0.01325682271271944, -0.04270123317837715, -0.008208020590245724, -0.004834137856960297, 0.05716060847043991, 0.02118850313127041, 0.022886859253048897, 0.03333435207605362, -0.013608012348413467, 0.0012547440128400922, 0.007991147227585316, 0.017814554274082184, -0.03173847869038582, -0.010605964809656143, -0.014745202846825123, 0.04903619363903999, -0.03355853632092476, 0.003412125166505575, 0.002925079083070159, 0.013825194910168648, 0.022233914583921432, -0.023468725383281708, 0.041802361607551575, 0.005443597212433815, -0.027772942557930946, -0.028560776263475418, 0.0568847693502903, 0.015248831361532211, 0.032401733100414276, 0.022150591015815735, 0.07140301913022995, -0.00921142753213644, 0.01157359965145588, -0.005799821577966213, 0.02971869334578514, 0.002805310068652034, -0.04054836183786392, -0.03336195647716522, -0.03741508349776268, -0.03429839387536049, 0.021487688645720482, 0.045636098831892014, -0.02876301296055317, -0.008640378713607788, 0.03128433972597122, -0.019587373360991478, -0.03318249434232712, 0.04968525096774101, 0.025110451504588127, -0.01525399461388588, 0.02502775378525257, -0.021407006308436394, -0.04052291437983513, -0.01791110821068287, 0.03976460173726082, 0.0005923265707679093, 0.04447518661618233, 0.0032638446427881718, 0.014390860684216022, 0.00482930475845933, 0.030534356832504272, 0.04902339354157448, 0.05831309035420418, 0.0033787041902542114, -0.050191670656204224, -0.015550635755062103, -0.09675266593694687, -0.02041499875485897, 0.005385556258261204, 0.0009384997538290918, 0.019633224233984947, -0.03638824075460434, 0.006932200398296118, -0.004400807432830334, -0.033964451402425766, 0.03707806020975113, 0.021055089309811592, -0.010525939986109734, 0.023295791819691658, 0.02662549540400505, -0.0063403272069990635, 0.04434533789753914, -0.04592922329902649, -0.04696102812886238, 0.01653912290930748, -0.030266862362623215, -0.018229901790618896, -0.07089263200759888, 0.010975760407745838, -0.01272828970104456, -0.03531525284051895, 0.02944062650203705, -0.01019261498004198, -0.015126713551580906, 0.0017181653529405594, 0.02557707577943802, 0.033862512558698654, 0.021725662052631378, -0.01153112668544054, 0.04864885285496712, -0.05184854194521904, -0.017295753583312035, 0.1022290512919426, -0.007853573188185692, -0.017118699848651886, 0.03110966458916664, -0.044275399297475815, 0.06650074571371078, 0.03178838640451431, -0.016709325835108757, -0.01172187551856041, -0.03559846058487892, -0.017930293455719948, -0.009424745105206966, 0.028845999389886856, 0.005121655762195587, 0.014967627823352814, 0.0016972774174064398, -0.014206877909600735, -0.07269223034381866, 0.013791841454803944, -0.004735654219985008, 0.01617923006415367, -0.033590491861104965, 0.022747404873371124, 0.02716808393597603, -0.03997570648789406, 0.06605987250804901, 0.016616802662611008, 0.009149194695055485, -0.052234914153814316, -0.05120358243584633, -0.015802927315235138, -0.0006330293836072087, -0.018620740622282028, -0.011482170782983303, -0.004663774278014898, -0.0020783510990440845, -0.011080966331064701, -0.015548769384622574, -0.02040851302444935, -0.010744640603661537, 0.007933435961604118, 0.007221442647278309, -0.0344526469707489, -4.942776740790578e-06, -0.022149087861180305, 0.015339088626205921, 0.03358158469200134, -0.010022202506661415, -0.018445337191224098, -0.005457289516925812, 0.014969881623983383, 0.03426727280020714, 0.025168249383568764, 0.03232688084244728, -0.013880942948162556, 0.009149374440312386, -0.02100459113717079, 0.03924454376101494, -0.010621726512908936, -0.00023255485575646162, -0.0063451137393713, -0.013263870030641556, -0.004625711590051651, 0.016105135902762413, 0.01663905382156372, 0.01843474805355072, -0.013257320038974285, -0.04266443848609924, -0.022308796644210815, -0.014843282289803028, -0.021753987297415733, 0.01645006611943245, 0.01566154882311821, 0.01687588170170784, -0.014213514514267445, 0.060276199132204056, -0.014928831718862057, -0.020885642617940903, -0.07508081197738647, -0.015849851071834564, 0.008711465634405613, -0.007201506290584803, -0.03038644604384899, 0.04409947618842125, -0.05155027285218239, -0.008116534911096096, -0.018026847392320633, 0.002217890927568078, 0.015818020328879356, -0.008951680734753609, -0.02470286935567856, 0.032139673829078674, 0.043972548097372055, -0.00548287108540535, 0.013993938453495502, 0.03898283466696739, 0.03853561729192734, -0.005656346678733826, -0.04600708559155464, 0.008317305706441402, 0.010866057127714157, -0.05066204071044922, -0.047281648963689804, -0.011017409153282642, -0.026854200288653374, 0.0007855182630009949, -0.008769914507865906, 0.00912010669708252, 0.045823171734809875, -0.009570522233843803, 0.011930827051401138, -0.03155635669827461, 0.0008114505908451974, -0.010884741321206093, 0.05862787738442421, 0.035242073237895966, -0.03240291774272919, 0.013045611791312695, -0.00751736294478178, 0.01511733140796423, -0.015662433579564095, 0.03325510397553444, 0.014290377497673035, 0.07548247277736664, 0.008904026821255684, 0.019904593005776405, -0.006061622407287359, -0.006174618378281593, -0.01762204058468342, -0.032029520720243454, 0.033106349408626556, -0.03438613563776016, 0.010933534242212772, -0.01934552751481533, 0.00019594409968703985, 0.013001656159758568, -0.038672152906656265, -0.009669316932559013, -0.004615675192326307, -0.02024797722697258, -0.012745349667966366, -0.013940288685262203, -0.013688630424439907, 0.01992730423808098, 0.04063840210437775, -0.00024307081184815615, -0.0208321213722229, 0.03567101061344147, -0.00961426179856062, 0.028895530849695206, -0.03829120099544525, 0.019037550315260887, 0.002809654688462615, 0.0031301274430006742, -0.05794291943311691, 0.018920673057436943, -0.02569408342242241, -0.03079231269657612, -0.01016484946012497, 0.010816263034939766, 0.00013114276225678623, 0.0015234471065923572, -0.0512167252600193, 0.0013953263405710459, -0.01554374024271965, -0.0034416262060403824, 0.015571776777505875, -0.0019113242160528898, 0.03706835210323334, -0.03432710841298103, 0.055072978138923645, -0.0048748827539384365, 0.006461624056100845, 0.02269911766052246, -0.0005512289353646338, 0.05069609358906746, -0.0244258102029562, -0.010235571302473545, -0.01755641959607601, -0.010821542702615261, 0.02663169801235199, 0.01526210829615593, -0.061358559876680374, 0.01611289195716381, -0.004731349181383848, -0.03415960818529129, -0.017349492758512497, 0.022947536781430244, -0.002839059103280306, -0.03160344064235687, -0.02696358598768711, -0.03927547112107277, 0.01894073560833931, -0.037413351237773895, -0.00962876807898283, -0.0059933955781161785, 0.0012439277488738298, -0.009550982154905796, 0.006657357793301344, -0.003458868945017457, 0.03757486864924431, -0.021224429830908775, 0.022135259583592415, -0.13739842176437378, 0.015087848529219627, 0.0009015804389491677, 0.014534501358866692, -0.02857026271522045, 0.006033931393176317, -0.013842020183801651, -0.005060160532593727, 0.019242500886321068, -0.04148608446121216, -0.05267653614282608, -0.02927958406507969, 0.013987278565764427, -0.05230042710900307, 0.025908051058650017, 0.04343676194548607, -0.02185719460248947, -0.029119251295924187, 0.002620193175971508, -0.0008269253885373473, 0.017820879817008972, -0.012729075737297535, 0.027190981432795525, -0.04827451705932617, -0.0228568147867918, -0.020269397646188736, 0.01222311519086361, 0.047459978610277176, -0.008595174178481102, -0.05306250602006912, 0.042103640735149384, -0.0019439620664343238, -0.0029383553192019463, 0.040980882942676544, -0.007245676126331091, 0.01826474629342556, 0.004590223543345928, -0.008856777101755142, -0.03050953336060047, -0.00911891832947731, 0.0008608043426647782, 0.02456572838127613, -0.043494101613759995, -0.041015010327100754, 0.020922470837831497, 0.049633026123046875, -0.05008227005600929, -0.020073752850294113, -0.028750130906701088, -0.016982510685920715, 0.02402360551059246, 0.02734169363975525, 0.03532545641064644, 0.006699792575091124, -0.0036268900148570538, 0.040599286556243896, 0.0014434598851948977, -0.03373100981116295, -0.05052972212433815, 0.021637139841914177, 0.001765041728504002, 0.027094613760709763, -0.031156115233898163, -0.010208196006715298, 0.008740308694541454, 0.020371660590171814, -0.06698928773403168, 0.043845850974321365, 0.018427176401019096, 0.020201047882437706, -0.02237694337964058, -0.02256728708744049, -0.04517851769924164, -0.03139827772974968, -0.0022873098496347666, -0.0024737128987908363, 0.0004215126973576844, -0.02729298360645771, 0.009203633293509483, 0.018443996086716652, -0.05643305554986, -0.0369466096162796, -0.04982937499880791, 0.03419375419616699, 0.05776582285761833, 0.005347987171262503, 0.013420556671917439, -0.03391270712018013, 0.004976917989552021, -0.06765898317098618, -0.043375249952077866, -0.03498101606965065, 0.031283628195524216, 0.002549786353483796, -0.012620574794709682, 0.06012379005551338, 0.047754351049661636, 0.0016427276423200965, 0.03164738789200783, -0.04852788895368576, -0.009937180206179619, -0.016779381781816483, 0.04435484856367111, 0.0330846905708313, -0.021390845999121666, 0.005417696665972471, 0.027301723137497902, 0.023839257657527924, -8.045112917898223e-05, 0.015831297263503075, -0.001560870325192809, 0.000364675564924255, -0.06412481516599655, 0.0033264770172536373, -0.08583986014127731, -0.006132414564490318, 0.024096282199025154, 0.029009925201535225, 0.003062585135921836, -0.026942923665046692, 0.017387377098202705, 0.03179961442947388, -0.005138185806572437, -0.04408472403883934, -0.002388236578553915, -0.009006795473396778, 0.05528911203145981, 0.020028356462717056, 0.019162330776453018, -0.02407781034708023, 0.020328929647803307, -0.041345831006765366, -0.061815373599529266, 0.03403099998831749, 0.04692155495285988, -0.008543241769075394, -0.04002805054187775, 0.03999289870262146, -0.029331639409065247, 0.006227320525795221, -0.0408189594745636, 0.010598492808640003, 0.06489183753728867, -0.034964971244335175, -0.004319663159549236, -0.02345523051917553, 0.04672394320368767, 0.004719742573797703, -0.010836422443389893, 0.026037978008389473, -0.03952084109187126, -0.020493146032094955, 0.021220866590738297, 0.053913768380880356, -0.044891804456710815, 0.04870693385601044, -0.02571447193622589, 0.030065255239605904, -0.044753093272447586, 0.0033152883406728506, 0.01845979131758213, -0.023620054125785828, -0.006781729869544506, -0.028203977271914482, -0.008674019016325474, -0.004307388793677092, 0.0004372525727376342, -0.00032068853033706546, -0.0019396309508010745, 0.030739175155758858, -0.004419131204485893, 0.0794048011302948, -0.01261173840612173, 0.010012073442339897, 0.025422610342502594, -0.07653579860925674, 0.029539795592427254, -0.0021114633418619633, 0.040260735899209976, -0.010201534256339073, 0.06637190282344818, -0.05534520745277405, 0.05298200249671936, 0.004876710940152407, 0.04351102188229561, -0.015327713452279568, -0.01742679998278618, 0.05192413553595543, 0.008523511700332165, -0.03648250177502632, -0.030480999499559402, -0.013271731324493885, 0.0351254902780056, -0.0396299846470356, 0.028739776462316513, -0.01081133633852005, -0.032204464077949524, -0.0012588161043822765, -0.0004749569343402982, 0.031450673937797546, -0.01592867076396942, 0.010610141791403294, -0.004820992238819599, -0.043000467121601105, 0.009329479187726974, 0.018745025619864464, -0.005152805242687464, 0.008621593937277794, -0.010567987337708473, 0.05674254894256592, -0.04147104173898697, -0.015110231935977936, -0.004457032307982445, 0.021845055744051933, -0.024426689371466637, -0.06802516430616379, -0.026391150429844856, 0.014141547493636608, 0.0095391646027565, 0.012538603506982327, 0.01769876293838024, 0.02507186122238636, 0.02564808912575245, -0.05477815493941307, -0.0410655215382576, -0.017015164718031883, -0.0074523938819766045, -0.008132200688123703, 0.023752449080348015, 0.027660075575113297, -0.010803017765283585, 0.021526280790567398, 0.010516919195652008, 0.05973997339606285, 0.00353785278275609, 0.019345084205269814, 0.017457660287618637, 0.00930139608681202, -0.030868366360664368, 0.028682634234428406, 0.029606379568576813, -1.857231472968124e-05, -0.0004139609227422625, 0.0280013270676136]",,
15_1_0_docs_01_app_03_api_reference_01_directives_use_cache_mdx_section_2,section,15_1_0_docs_01_app_03_api_reference_01_directives_use_cache_mdx,use cache - Usage,,{},15.1.0,"Enable support for the `` directive with the [/docs/app/api-reference/config/next-config-js/dynamicIO](/docs/app/api-reference/config/next-config-js/dynamicIO) flag in your `` file:
Then, you can use the `` directive at the file, component, or function level:
",,"[(np.int64(429), np.float64(0.1371328979730606)), (np.int64(4527), np.float64(0.19253841042518616)), (np.int64(70166), np.float64(0.21510286629199982)), (np.int64(82365), np.float64(0.3063046932220459))]","[-0.033529434353113174, -0.03021647036075592, -0.030382396653294563, 0.0405285470187664, -0.04937022551894188, -0.06479054689407349, 0.013382557779550552, 0.023145638406276703, -0.016453931108117104, 0.0032038697972893715, 0.03523402661085129, -0.04092574492096901, 0.0383545383810997, 0.008422616869211197, 0.024408575147390366, 0.019507547840476036, 0.006148878484964371, 0.017890293151140213, 0.027871590107679367, 0.0003364082076586783, -0.011767447926104069, 0.005195779260247946, 0.0016603574622422457, 0.061724964529275894, -0.039992112666368484, -0.004818751942366362, 0.01916435733437538, -0.005209524184465408, 0.03021097742021084, 0.06488059461116791, 0.02553395740687847, -0.030905716121196747, -0.03873859718441963, 0.014014169573783875, -0.018640737980604172, 0.012359356507658958, -0.025610527023673058, 0.007807890884578228, -0.0491572804749012, 0.012299937196075916, -0.021413279697299004, -0.03382845222949982, 0.022034110501408577, 0.012636085972189903, 0.011304033920168877, 0.00713249109685421, -0.0033053478691726923, -0.01506073772907257, -0.02179696224629879, -0.03461865335702896, -0.03192603960633278, -0.018597496673464775, 0.030482584610581398, -0.039522744715213776, 0.009216520003974438, 0.032841067761182785, -0.015652528032660484, -0.027975957840681076, -0.06526324898004532, 0.01772732101380825, -0.05261918157339096, -0.03959782049059868, -0.022575944662094116, 0.01639624312520027, -0.03546330705285072, 0.02623424120247364, 0.0019452646374702454, -0.036193136125802994, -0.00023366122331935912, -0.03386657312512398, -0.0007387325167655945, 0.01222672313451767, -0.05570399388670921, -0.017369097098708153, -0.05205593630671501, 0.0468328483402729, 0.06845872849225998, -0.02276039496064186, 0.016049429774284363, 0.018046965822577477, -0.014638673514127731, -0.06433980166912079, -0.004907977767288685, -0.022484485059976578, 0.049259915947914124, 0.012590775266289711, -0.029971644282341003, 0.020613251253962517, 0.0346260592341423, 0.05916747823357582, -0.02678307518362999, -0.020597340539097786, 0.007842517457902431, -0.042397450655698776, -0.014356205239892006, 0.008029215969145298, -0.008739407174289227, 0.01523573324084282, 0.027248403057456017, -0.024671241641044617, -0.004699623677879572, -0.01785535365343094, 0.011633702553808689, -0.013910805806517601, 0.0271096620708704, 0.05160270631313324, 0.0233933012932539, 0.018663115799427032, 0.004935126751661301, -0.0210402961820364, -0.0038199506234377623, -0.005103427916765213, 0.005820140708237886, 0.010612599551677704, 0.018175674602389336, -0.05466190725564957, 0.0015500378794968128, -0.037249501794576645, 0.04090919345617294, 0.0010497566545382142, 0.06078348308801651, 0.0008885700954124331, 0.00421892898157239, -0.036361511796712875, 0.010017100721597672, 0.030293507501482964, 0.03147171065211296, 0.05649184435606003, -0.040258582681417465, 0.04189017042517662, 0.028203563764691353, 0.03310321643948555, -0.004468465223908424, -0.03576585277915001, -0.034749872982501984, 0.00981980562210083, -0.004551295656710863, 0.024562302976846695, 0.0066568865440785885, -0.07939903438091278, 0.011745773255825043, 0.02641236037015915, 0.02255619503557682, -0.016646122559905052, 0.06144906207919121, -0.055118855088949203, 0.05822306126356125, 0.02851894311606884, 0.006981059443205595, -0.03156714513897896, -0.027294043451547623, 0.022350924089550972, 0.034207768738269806, -0.015181919559836388, -0.0049291737377643585, -0.012877016328275204, -0.002926955930888653, 0.016797760501503944, 0.04802786558866501, 0.02710220403969288, -0.027749396860599518, 0.017727313563227654, -0.017003590241074562, 0.033440373837947845, 0.03722758591175079, -0.018077174201607704, 0.03687470778822899, -0.0011471007019281387, 0.012084651738405228, -0.019718049094080925, 0.009137199260294437, -0.019166849553585052, 0.006862790323793888, 0.026183079928159714, 0.022488273680210114, 0.04835224151611328, 0.052014391869306564, 0.019706157967448235, -0.03223031759262085, -0.020794250071048737, -0.07407211512327194, 0.003854484297335148, -0.035511087626218796, 0.022412117570638657, -0.03214608132839203, -0.011768228374421597, -0.0015534339472651482, -0.0040062288753688335, -0.021020660176873207, 0.02984032593667507, -0.011881026439368725, 0.014868540689349174, 0.04018257558345795, 0.031714361160993576, 0.05615565925836563, -0.012474056333303452, 0.0495779775083065, -0.011204727925360203, -0.014144831337034702, -0.020351694896817207, 0.01223045401275158, 0.01804446615278721, 0.018587658181786537, -0.060686878859996796, -0.028522105887532234, -0.012159601785242558, -0.006963391322642565, -0.04649583250284195, 0.026673104614019394, -0.036844223737716675, -0.0013671796768903732, 0.004543978255242109, -0.028437763452529907, 0.0007369060767814517, -0.08049482107162476, 0.009498009458184242, 0.013628040440380573, -0.039644841104745865, -0.02835005149245262, -0.05921051651239395, -0.018021462485194206, 0.03481746092438698, 0.010594484396278858, -0.016761168837547302, -0.011835897341370583, 0.0025419702287763357, 0.046582240611314774, -0.009018171578645706, 0.012515656650066376, -0.013459069654345512, -0.0031186509877443314, 0.0061929007060825825, 0.011227154172956944, -0.023852424696087837, 0.04984422028064728, -0.04420958459377289, -0.00537300668656826, 0.011805376969277859, 0.041807886213064194, -0.025285771116614342, -0.018793553113937378, -0.014386474154889584, 0.05856998637318611, 0.01556611992418766, -0.013347051106393337, -0.04314035922288895, 0.006826529745012522, 0.007719678804278374, -0.006495120003819466, -0.025468846783041954, 0.010367706418037415, -0.0032821435015648603, -0.04209911450743675, -0.01327618770301342, 0.004248852375894785, -0.012949354015290737, 0.003789451438933611, -0.0032905833795666695, -0.055446892976760864, 0.009085176512598991, 0.021483926102519035, 0.014867480844259262, -0.008069001138210297, 0.018086278811097145, -0.03080706298351288, -0.014770649373531342, -0.020793063566088676, -0.01017184741795063, -0.022304022684693336, 0.0008209859952330589, -0.020610865205526352, -0.0007867054082453251, 0.005310235545039177, -0.002462580567225814, 0.016664495691657066, 0.023145519196987152, -0.04722381755709648, -0.03507507964968681, 0.11042805016040802, 0.009496098384261131, -0.0324816033244133, 0.07148879021406174, 0.052791982889175415, 0.005505294539034367, 0.03953937813639641, -0.005443919915705919, -0.030943483114242554, 0.029883606359362602, -0.013879059813916683, -0.006582953501492739, -0.018999896943569183, 0.03022301383316517, 0.07599568367004395, -0.033556897193193436, -0.010772252455353737, -0.005032435059547424, 0.007126536685973406, -0.13634750247001648, -0.00858567375689745, 0.025962524116039276, -0.00036015050136484206, 0.027611033990979195, 0.03184032812714577, -0.026790276169776917, 0.0072813136503100395, -0.01590719074010849, 0.014649366959929466, 0.009305971674621105, -0.04431653395295143, 0.03398490324616432, -0.0009242176311090589, -0.009991531260311604, 0.0528627410531044, -0.0055424124002456665, 0.004899173509329557, 0.014192411676049232, -0.04269171506166458, -0.03525601327419281, -0.036335259675979614, 0.031058121472597122, -0.0014407668495550752, 0.013959509320557117, 0.003387167351320386, 0.06568600237369537, 0.0008485920261591673, -0.04980776458978653, 0.02199607342481613, -0.02960028499364853, -0.010642148554325104, 0.00024002026475500315, 0.046882208436727524, -0.007484105881303549, 0.019664477556943893, 0.022707615047693253, 0.010525370948016644, -0.013150258921086788, -0.03495612367987633, 0.046008892357349396, 0.011491591110825539, -0.0201265886425972, -0.007646007928997278, 0.01421079970896244, -0.04499481990933418, -0.013417279347777367, -0.04777145758271217, -0.005697725340723991, -0.014971060678362846, 0.05115525424480438, -0.01776156947016716, -0.016306346282362938, 0.009011531248688698, -0.0444728247821331, 0.0006347096059471369, 0.022774770855903625, 0.030094822868704796, -0.012750993482768536, 0.042539436370134354, -0.013065961189568043, 0.008429079316556454, 0.054200440645217896, 0.0022245245054364204, -0.048645637929439545, 0.012170173227787018, 0.05364140868186951, 0.011152442544698715, 0.043215133249759674, -0.013411766849458218, 0.006425770930945873, -0.03455168753862381, 0.017508095130324364, 0.011146008037030697, -0.021105904132127762, 0.013974567875266075, 0.015946606174111366, -0.00566724082455039, -0.007345676422119141, -0.1136566773056984, 0.01916925236582756, -0.0021187514066696167, -0.013767486438155174, 0.04080470651388168, -0.02732481248676777, -0.03902708366513252, -0.019908670336008072, -0.0027858291286975145, 0.021425124257802963, 0.2170330435037613, 0.06687332689762115, 0.014796677976846695, 0.05550765618681908, 0.06812255084514618, -0.029075605794787407, -0.02347133867442608, 0.04820104315876961, 0.04254062473773956, -0.004958023317158222, -0.00808547530323267, 0.0027637421153485775, 0.01052016019821167, -0.021419407799839973, 0.029084553942084312, -0.03143848851323128, -0.06706177443265915, 0.03353580832481384, 0.02992817386984825, 0.002642958890646696, 0.05096789449453354, 1.9924877051380463e-05, 0.029575290158391, -0.01523484755307436, -0.0717257484793663, -0.012046769261360168, -0.019400328397750854, -0.014962253160774708, -0.02237914502620697, 0.007278836332261562, -0.04009662941098213, 0.07681989669799805, 0.012047416530549526, -0.05467946454882622, -0.022825583815574646, -0.022159269079566002, 0.0067927660420536995, -0.02632853575050831, 0.00515985069796443, -0.002499194350093603, -0.01825304515659809, -0.02865123748779297, 0.00578182702884078, -0.009269174188375473, -3.282956458861008e-05, -0.029195992276072502, -0.006781087722629309, -0.0382034033536911, -0.0029243691824376583, -0.0727538913488388, -0.013344108127057552, -0.0458686426281929, -0.061403922736644745, -0.018654316663742065, -0.030235594138503075, -0.0027776360511779785, 0.008814023807644844, -0.007182116620242596, 0.019031718373298645, 0.030530307441949844, 0.004259567242115736, 0.0021161537151783705, -0.045950997620821, 0.05660455301403999, -0.04315278306603432, -0.015105495229363441, 0.060811106115579605, -0.026213278993964195, 0.016114240512251854, 0.03615333512425423, -0.020701918751001358, 0.04600121080875397, 0.016840819269418716, 0.004107525572180748, 0.027661489322781563, -0.004922055173665285, 0.002515609608963132, 0.0540325902402401, -0.0370851568877697, 0.015850907191634178, -0.02810053341090679, 0.007179010659456253, -0.046253155916929245, 0.04028092324733734, 0.0093468576669693, -0.03212358057498932, -0.008206729777157307, 0.02847634069621563, -0.03747798129916191, 0.01097899116575718, -0.0062237572856247425, 0.015835491940379143, -0.004642389714717865, 0.044526346027851105, -7.67230085330084e-05, 0.011606072075664997, 0.055701844394207, -0.009303362108767033, -0.008800668641924858, -0.0003923516196664423, -0.03031304106116295, -0.012339824810624123, -0.034726597368717194, -0.007498941849917173, 0.043415237218141556, -0.04595756530761719, 0.0407511405646801, -0.031195638701319695, 0.0041449666023254395, 0.015922807157039642, -0.017612973228096962, 0.005376315210014582, 0.02517535723745823, -0.02775869518518448, -0.019217167049646378, 0.06961119174957275, 0.05008626729249954, 0.004755446687340736, 0.028820311650633812, 0.033186282962560654, 0.007985715754330158, 0.008584432303905487, -0.010979453101754189, 0.04321591928601265, -0.05858633294701576, -0.04926585406064987, 0.0022226066794246435, 0.006311086472123861, -0.027020864188671112, -0.0017759772017598152, 0.038326721638441086, -0.02458297647535801, -0.02687554433941841, 0.061735089868307114, 0.005054103676229715, -0.03266281634569168, 0.052729710936546326, 0.01195535808801651, 0.003219641512259841, 0.021858029067516327, -0.026014508679509163, -0.07097680121660233, 0.0004894008161500096, 0.0166315920650959, -0.0018146397778764367, -0.01100127212703228, 0.008920018561184406, 0.00032049158471636474, 0.028014352545142174, 0.007313662674278021, 0.05588686838746071, 0.07373589277267456, 0.007409276906400919, -0.032828189432621, -0.005174368619918823, -0.11425210535526276, -0.000453726330306381, 0.008168390020728111, 0.003837352618575096, -0.009773281402885914, -0.03380744159221649, -0.0072515602223575115, 0.021114524453878403, 0.013454016298055649, 0.0027835119981318712, 0.0158414077013731, 0.0013619840610772371, 0.0411541722714901, 0.011894597671926022, -0.0032980504911392927, 0.022308126091957092, -0.0674029290676117, -0.06343448907136917, 0.008436484262347221, -0.0395624041557312, -0.029844224452972412, -0.054308515042066574, -0.003846441861242056, 0.01752452366054058, -0.03228320926427841, 0.03562752157449722, 0.0026449430733919144, -0.015054847113788128, -0.012816413305699825, 0.037397969514131546, -0.009316087700426579, -0.005959546659141779, -0.011970768682658672, 0.0014105464797466993, -0.04554600641131401, -0.028986375778913498, 0.09734256565570831, 0.03889939934015274, -0.00445973826572299, 0.02876671962440014, 0.006879313383251429, 0.05621739849448204, 0.012488742358982563, -0.019231731072068214, 0.013183758594095707, -0.017635907977819443, 0.004764188081026077, -0.0024289945140480995, -0.009961246512830257, -0.020806634798645973, -0.008032474666833878, -0.03589694947004318, 0.00854407250881195, -0.00883494596928358, 0.04313202202320099, 0.0009843847947195172, 0.058158136904239655, -0.06472836434841156, 0.016891157254576683, 0.04995229095220566, -0.014441922307014465, 0.044253792613744736, 0.03083634562790394, 0.02623705565929413, -0.034842994064092636, -0.027838122099637985, -0.02877681516110897, -0.014494139701128006, -0.01671072468161583, 0.015525862574577332, 0.03138085827231407, 0.014474828727543354, -0.03996332362294197, 0.02779991924762726, -0.04363144561648369, -0.007930897176265717, 0.028735535219311714, 0.011918315663933754, -0.013872568495571613, 0.008261578157544136, -0.014906263910233974, 0.02176819182932377, 0.029997538775205612, 0.014371821656823158, -0.04109976068139076, -0.0030284845270216465, -0.0321086049079895, 0.019877832382917404, 0.013765964657068253, 0.00956353172659874, -0.03455931320786476, -0.002369076246395707, -0.03463239222764969, 0.048372533172369, 0.00393700459972024, -0.052457310259342194, -0.043586838990449905, -0.030035462230443954, -0.027232171967625618, 0.010495685040950775, -0.01638219691812992, 0.012651314958930016, 0.008290004916489124, -0.034305837005376816, -0.01815127767622471, -0.004105637781322002, 0.0138251893222332, 0.01007917895913124, -0.0012100323801860213, -0.011086293496191502, 0.006512064952403307, 0.040691401809453964, -0.019802460446953773, -0.025792671367526054, -0.04110487923026085, -0.002794889500364661, 0.005146243143826723, -0.009079093113541603, -0.01641708053648472, 0.03585101291537285, -0.03177689388394356, -0.009207233786582947, 0.021702399477362633, 0.0078061954118311405, -0.0405578650534153, -0.050538379698991776, -0.033244695514440536, -0.006747192703187466, 0.011616249568760395, -0.0037145738024264574, 0.04155334457755089, 0.049212533980607986, 0.039752282202243805, -0.0011348358821123838, -0.06056129187345505, 0.009906166233122349, -0.022873613983392715, -0.06238742545247078, 0.016813231632113457, -0.020385922864079475, -0.04280932992696762, -0.012816942296922207, -0.009026293642818928, -0.007845367304980755, 0.038064662367105484, -0.004632828291505575, 0.014525205828249454, -0.007284087128937244, -0.03920571133494377, -0.02487127110362053, 0.05110809952020645, 0.01607724279165268, -0.005833031609654427, 0.024775395169854164, -0.0020036818459630013, 0.02156699262559414, -0.03440195694565773, 0.009530776180326939, 0.047323454171419144, 0.05799851194024086, -0.02604726515710354, 0.026626495644450188, -0.008707694709300995, -0.004034343641251326, -0.007238626480102539, 0.00021394244686234742, 0.010367998853325844, -0.01797526143491268, -0.0190469641238451, -0.00630351435393095, 0.007419715169817209, 0.0062366267666220665, -0.03543543443083763, -0.037227507680654526, 0.01897445134818554, -0.07038456201553345, 0.011978095397353172, -0.033597737550735474, -0.011259565129876137, 0.02670290321111679, -0.011454761028289795, 0.01965693011879921, -0.03716735541820526, -0.0015048605855554342, -0.0009547724039293826, 0.02226364053785801, -0.0405564159154892, 0.01833498291671276, 0.027713822200894356, -0.019563453271985054, -0.00823204591870308, 0.0271429605782032, -0.013487451709806919, 0.007940733805298805, -0.015535485930740833, 0.028896544128656387, -0.02365361899137497, -0.00042555780964903533, -0.016820605844259262, -0.009528541006147861, -0.0031584929674863815, 0.007339834235608578, 0.009834944270551205, -0.020671924576163292, 0.012070531956851482, -0.043807946145534515, 0.005158434621989727, -0.02307072840631008, -0.010491747409105301, -0.0049378289841115475, 0.014927888289093971, 0.022235842421650887, -0.013200325891375542, 0.03800824657082558, -0.006277524400502443, 0.007952991873025894, 0.014094077982008457, 0.02366025000810623, -0.004336351063102484, 0.004911607131361961, -0.005650789476931095, 0.0017820268403738737, -0.02863621711730957, 0.024862157180905342, 0.02155272476375103, -0.05134236812591553, -0.015828507021069527, -0.024275444447994232, -0.02246968075633049, -0.04052518680691719, -0.021962763741612434, 0.011463155969977379, -0.018732011318206787, 0.03800682723522186, 0.034649886190891266, -0.003962301649153233, 0.011955532245337963, -0.028102580457925797, 0.006892186123877764, -0.13513325154781342, 0.013363233767449856, -0.04974367842078209, 0.02263903245329857, -0.022179333493113518, 0.0022415905259549618, -0.06374991685152054, 0.01595822349190712, 0.017962442710995674, -0.026005292311310768, -0.04317958280444145, -0.030428608879446983, -0.024264570325613022, -0.014688557013869286, 0.004550779704004526, 0.07210638374090195, 0.003544816980138421, -0.02461833879351616, -0.018882041797041893, -0.01718396507203579, -0.002286782255396247, -0.03453517705202103, 0.06406042724847794, -0.00514250760897994, 0.00655273487791419, -0.020672520622611046, 0.03573927655816078, 0.025182001292705536, -0.017738066613674164, -0.024432752281427383, -0.012531387619674206, -0.0037505801301449537, 0.0020272484980523586, 0.05647457763552666, -0.006440566387027502, 0.012167906388640404, 0.000646623142529279, 0.040229860693216324, -0.03084440715610981, 0.03728579357266426, 0.03890052065253258, 0.021896278485655785, -0.013484098948538303, 0.01464591920375824, -0.013656127266585827, 0.015009465627372265, -0.007885567843914032, -0.04502956196665764, -0.016229018568992615, -0.02236407995223999, -0.02230587974190712, 0.014363564550876617, 0.03631959855556488, 0.042368609458208084, -0.0034443691838532686, 0.03208933398127556, 0.0004907043185085058, 0.003379525151103735, -0.029124531894922256, 0.05198068544268608, -0.023542476817965508, -0.010522479191422462, -0.05286224186420441, -0.020780405029654503, -0.04037628322839737, 0.04569544643163681, -0.05530482158064842, 0.0398414246737957, 0.003293009474873543, -0.021726548671722412, -0.020294316112995148, -0.036062661558389664, -0.03690940514206886, -0.014241400174796581, -0.017819780856370926, 0.01572922244668007, -0.005275546107441187, -0.010521349497139454, -0.015743516385555267, 0.025816159322857857, -0.049490317702293396, 0.007340943906456232, -0.06759730726480484, 0.024435121566057205, 0.06052514910697937, -0.019318295642733574, 0.030620556324720383, -0.012979840859770775, -0.048769064247608185, -0.02058979868888855, -0.037906769663095474, -0.03945981711149216, 0.0008652813849039376, -0.010633869096636772, -0.01435280591249466, 0.02101820893585682, -0.0020083594135940075, -0.021605685353279114, 0.035719793289899826, -0.015176806598901749, -0.01584719866514206, 0.014271160587668419, -0.006373108364641666, -0.035757675766944885, -0.019420867785811424, -0.0054522291757166386, 0.03709866851568222, 0.026311658322811127, -0.011431854218244553, 0.002345654182136059, -0.04039373621344566, 0.0002553226368036121, -0.05703161656856537, -0.002747427672147751, -0.03709918633103371, 0.017074232921004295, 0.026100391522049904, 0.03984251990914345, 0.0049720085225999355, -0.012978197075426579, 0.0010341842425987124, -0.0006160091143101454, -0.0057462360709905624, -0.0286116860806942, -0.00747658172622323, -0.01787877455353737, 0.018344083800911903, 0.03532460331916809, 0.00536197517067194, -0.021585501730442047, 0.009823785163462162, -0.019807053729891777, -0.029890134930610657, 0.06107776239514351, 0.02652493491768837, -0.003941167611628771, -0.05862298235297203, 0.054349154233932495, -0.03456961736083031, 0.000549817574210465, -0.0072668129578232765, -0.00907620694488287, 0.06168521195650101, -0.039841022342443466, 0.03605029359459877, -0.046132028102874756, 0.03604462742805481, -0.00442378968000412, -0.03418496623635292, 0.004189352970570326, -0.046378862112760544, -0.003317686030641198, -0.0026850816793739796, 0.04692304879426956, -0.014089059084653854, 0.01774841919541359, -0.03907281160354614, 0.009034843184053898, -0.031992942094802856, -0.0006268335855565965, 0.018333079293370247, -0.024048982188105583, -0.018393348902463913, -0.018840929493308067, -0.015203911811113358, 0.006095536053180695, 0.006857302039861679, 0.005985511466860771, -0.0025984568055719137, 0.04329725354909897, 0.008295242674648762, 0.025935932993888855, -0.013415654189884663, -0.008211207576096058, 0.05948494002223015, -0.054134439677000046, 0.03512938320636749, -0.013074077665805817, 0.014106682501733303, -0.024438653141260147, 0.058303747326135635, -0.041053276509046555, 0.0673954114317894, 0.023779474198818207, -0.002842560177668929, -0.0061278268694877625, 0.007354414090514183, 0.04979874566197395, 0.048370640724897385, -0.0017197554698213935, -0.046186208724975586, 0.03225377947092056, 0.06027740612626076, -0.047060538083314896, 0.03007045015692711, 0.012121882289648056, -0.012106089852750301, -0.028009645640850067, 0.03154406324028969, -0.008056948892772198, 0.011994581669569016, 0.04030003398656845, 0.013579461723566055, -0.02016421966254711, -0.01600881665945053, -0.0006212528678588569, 0.005668384023010731, -0.016841014847159386, -0.004623965825885534, 0.06521452963352203, 0.00865488313138485, -0.03349234163761139, 0.011030755005776882, 0.0237955991178751, -0.02060629241168499, -0.04549747705459595, -0.0008478894014842808, 0.00355953024700284, -0.0017520214896649122, -0.010319984517991543, 0.03677121922373772, 0.01579269953072071, 0.051210980862379074, -0.05729692056775093, -0.05149584636092186, -0.03634893521666527, -0.015210599638521671, 0.019189445301890373, 0.01733916811645031, 0.030498355627059937, -0.06900841742753983, 0.006621031556278467, 0.007342993747442961, 0.012456046417355537, 0.03343084454536438, 0.06565620005130768, 0.023743538185954094, -0.013272621668875217, -0.01963365077972412, -0.006019515451043844, 0.04547657072544098, 0.02712291106581688, 0.004610627889633179, 0.019487813115119934]",,
15_1_0_docs_01_app_03_api_reference_01_directives_use_cache_mdx_section_2_code_1,code_snippet,15_1_0_docs_01_app_03_api_reference_01_directives_use_cache_mdx_section_2,Usage - code_1,,"{'programming_language': 'ts', 'filename': 'next.config.ts', 'switcher': False}",15.1.0,,"import type { NextConfig } from 'next'

const nextConfig: NextConfig = {
  experimental: {
    dynamicIO: true,
  },
}

export default nextConfig
","[(np.int64(5), np.float64(0.04869528487324715)), (np.int64(933), np.float64(0.247869074344635)), (np.int64(11737), np.float64(0.2684975266456604)), (np.int64(61636), np.float64(0.21231216192245483)), (np.int64(153837), np.float64(0.2554043233394623))]",,"[-0.03048161044716835, -0.03576027229428291, -0.013995050452649593, 0.036315906792879105, -0.041809603571891785, 0.038924213498830795, 0.02768874354660511, 0.013929776847362518, 0.008418439887464046, 0.017176419496536255, 0.005563371814787388, -0.022630957886576653, 0.01697632484138012, 0.008363842032849789, 0.004721102304756641, 0.023233871906995773, -0.0245591439306736, 0.006123855710029602, -0.02033189870417118, -0.022747689858078957, 0.018021907657384872, 0.005672559607774019, 0.024440884590148926, 0.06292913109064102, -0.03990015760064125, -0.025411495938897133, 0.02580220066010952, -0.021281296387314796, -0.02809075266122818, 0.058036286383867264, 0.00875094998627901, 0.01717602089047432, -0.055125538259744644, -0.013120222836732864, -0.008331118151545525, 0.02845563180744648, 0.014875786378979683, -0.024407092481851578, -0.06721645593643188, 0.026057612150907516, 0.023850837722420692, -0.039853181689977646, 0.03734028339385986, 0.006434051785618067, 0.022899311035871506, -0.0034640980884432793, 0.010806395672261715, -0.002341755200177431, -0.03409818932414055, -0.03567090630531311, -0.039884231984615326, 0.005085934419184923, 0.03725497052073479, -0.037487324327230453, 0.03641229122877121, 0.03172391653060913, 0.007833605632185936, -0.03092450462281704, -0.04589672386646271, 0.006358609534800053, -0.00787405576556921, 0.015336493961513042, 0.017240293323993683, 0.02534639462828636, -0.008741769939661026, 0.003486039349809289, 0.01725519262254238, -0.006692288443446159, -0.014066611416637897, -0.04929587244987488, -0.0006260917289182544, 0.005468661896884441, -0.02603807859122753, -0.02938224747776985, -0.05825309082865715, 0.015105808153748512, 0.04325054958462715, -0.010687334463000298, 0.02461596019566059, -0.0023729901295155287, -0.04006527364253998, -0.028362957760691643, -0.005166894756257534, -0.001049795071594417, 0.047730475664138794, 0.01267929282039404, -0.018571995198726654, 0.05349312350153923, 0.01932360976934433, -0.027215853333473206, -0.038616325706243515, -0.05516209080815315, 0.026400329545140266, -0.06095775589346886, -0.00801444984972477, -0.013811584562063217, 0.0062826224602758884, -0.012716740369796753, 0.02327672950923443, -0.02102842926979065, -0.031036004424095154, 0.012377377599477768, 0.021107427775859833, -0.009209501557052135, 0.027226267382502556, 0.050336625427007675, 0.02177843451499939, 1.1334928785800003e-05, -0.03950923681259155, -0.0003880340373143554, 0.02291753515601158, -0.023355571553111076, 0.016102805733680725, 0.00024253872106783092, 0.006178112700581551, -0.02850225754082203, -0.0060278503224253654, -0.013207638636231422, 0.026142442598938942, -0.030563032254576683, 0.0364680178463459, 0.025390272960066795, 0.05981893092393875, 0.025036465376615524, -0.02960539422929287, -0.0021811157930642366, -0.00904795527458191, 0.07746171206235886, -0.015251279808580875, 0.026537872850894928, 0.034942787140607834, 0.039267972111701965, 0.000979333184659481, -0.03389168158173561, -0.04195814207196236, -0.004763408564031124, -0.023297926411032677, 0.012348955497145653, -0.03364141657948494, -0.0429108701646328, -0.006592402700334787, 0.011734061874449253, 0.019951235502958298, -0.03331924229860306, 0.021555209532380104, -0.04324958473443985, 0.06863143295049667, -0.04064139351248741, 0.02637232281267643, -0.034904543310403824, 0.0022124373354017735, 0.05308108031749725, 0.04515598341822624, -0.004830578342080116, 0.022937484085559845, 0.010495913214981556, 0.03715811297297478, -0.014125966466963291, 0.04583793133497238, 0.0281973909586668, -0.036432623863220215, -0.0012922413880005479, -0.011193363927304745, -0.006874603219330311, 0.020946022123098373, -0.017295315861701965, 0.03129052743315697, 0.010467990301549435, -0.03832906484603882, -0.06380075961351395, 0.022999582812190056, -0.010325962677598, 0.007837057113647461, -0.010698768310248852, 0.00012752116890624166, 0.02863011322915554, 0.09144975990056992, 0.03073403798043728, 0.038239285349845886, -0.040783848613500595, -0.04209044203162193, 0.028174487873911858, -0.0038139941170811653, 0.01437332108616829, -0.03535030782222748, -0.03904762491583824, 0.02224581502377987, -0.004611925687640905, -0.024949831888079643, 0.05077790468931198, -0.005081139039248228, 0.017479894682765007, 0.05892767012119293, 0.0001433152356185019, 0.03697584569454193, 0.02703256905078888, -0.0006595192244276404, -0.015289843082427979, 0.0065895929001271725, -0.021272359415888786, 0.010591795668005943, -0.00664091669023037, 0.009939832612872124, -0.020157989114522934, 0.0006500377203337848, -0.01085455622524023, 0.006135611794888973, -0.03846769034862518, 0.006792140658944845, -0.021574515849351883, -0.016206979751586914, 0.0031910224352031946, -0.04181702062487602, -0.021464422345161438, -0.05786547437310219, 0.010917406529188156, 0.015274110250175, -0.02086452580988407, -0.010594341903924942, -0.025550734251737595, -0.011924211867153645, 0.04879969358444214, 0.045284729450941086, 0.0194136630743742, 0.0035008422564715147, -0.014090984128415585, 0.0831073597073555, -0.029010511934757233, -0.003593204775825143, 0.014749611727893353, 0.01396088395267725, -0.022568633779883385, 0.008137010037899017, -0.013016676530241966, 0.02900245413184166, -0.03605795279145241, 0.014837640337646008, -0.022038117051124573, 0.03292789310216904, -0.018919583410024643, -0.03937027230858803, 0.018927432596683502, 0.039417363703250885, 0.006927399430423975, -0.03672221675515175, -0.04052044078707695, -0.019720599055290222, -0.012400149367749691, 0.006647937465459108, -0.012425744906067848, -0.03456463664770126, 0.006848634220659733, -0.05829446017742157, 0.008083456195890903, 0.013356100767850876, -0.00478766392916441, -0.03384971618652344, -0.0006759024108760059, -0.019076431170105934, -0.01370032224804163, 0.004411664791405201, 0.030614353716373444, -0.021657079458236694, 0.011086240410804749, 0.0035631826613098383, 0.010623393580317497, -0.0031089161057025194, 0.038266152143478394, -0.01693153567612171, -0.0063582295551896095, 0.024239232763648033, 0.01777157001197338, 0.020786281675100327, -0.009833339601755142, 0.007536505814641714, 0.02707686461508274, -0.021229928359389305, -0.030589092522859573, 0.10059095919132233, 0.032316867262125015, -0.055452197790145874, -0.0154386255890131, 0.013896992430090904, -0.027848096564412117, 0.00560652744024992, -0.04431292042136192, -0.026765812188386917, 0.018424369394779205, 0.00472576217725873, -0.02184488996863365, -0.009848819114267826, 0.015344329178333282, 0.0754847526550293, -0.032685890793800354, -0.01614810712635517, 0.0019139028154313564, -0.0027498737908899784, -0.1571694165468216, 0.016414722427725792, 0.03682020679116249, -0.004976659547537565, -0.010406706482172012, 0.00012007731857011095, -0.027596473693847656, -0.012794422917068005, -0.009324231185019016, 0.049733761698007584, 0.03935844823718071, -0.05869566276669502, 0.016914842650294304, -0.02438190020620823, 0.0024413045030087233, 0.008315062150359154, 0.0077812341041862965, -0.014628015458583832, -0.007954465225338936, -0.04692015424370766, -0.028291519731283188, -0.043159954249858856, 0.02430112473666668, 0.02260538376867771, -0.022599702700972557, 0.004893957637250423, 0.07672732323408127, -0.05903761461377144, -0.04790925979614258, 0.041855305433273315, -0.0028575307223945856, -0.022296089679002762, 0.004545908886939287, 0.009933259338140488, 0.017695821821689606, 0.023890793323516846, 0.028361348435282707, 0.014387582428753376, 0.0019054331351071596, 0.023927168920636177, 0.026296965777873993, 0.037624653428792953, -0.011045420542359352, 0.0463339202105999, 0.003985513001680374, 0.030417244881391525, -0.002219603629782796, -0.0055436016991734505, -0.04386226832866669, -0.01623314805328846, 0.046826474368572235, -0.014325029216706753, -0.006807803176343441, -0.02606731466948986, -0.057653430849313736, 0.028085097670555115, 0.0006829375051893294, 0.02191922627389431, -0.02718079648911953, -0.00828912016004324, -0.029577163979411125, -0.01769293285906315, 0.030877139419317245, 0.008411260321736336, -0.019435828551650047, -0.01347481831908226, 0.05901585519313812, 0.0010628815507516265, 0.01589983142912388, -0.0007084727403707802, 0.02595895528793335, -0.04541131481528282, 0.029908232390880585, 0.0327896848320961, -0.010402509942650795, 0.018222928047180176, -0.03227275237441063, -0.013890504837036133, 0.03191159665584564, -0.08037054538726807, 0.008168944157660007, -0.0005463575362227857, 0.021350771188735962, 0.023155922070145607, -0.027021614834666252, -0.008881352841854095, -0.02628317102789879, -0.02545829862356186, 0.025195835158228874, 0.23254822194576263, 0.07760168612003326, -0.03375779464840889, 0.04316657781600952, 0.02979797124862671, -0.04770994558930397, -0.003880772041156888, 0.030948517844080925, 0.02526744455099106, 0.00253386702388525, -0.0488351546227932, -0.0013215733924880624, 0.014219949953258038, 0.017764579504728317, 0.005379744339734316, -0.009999405592679977, -0.03632175549864769, 0.018046723678708076, 0.029661471024155617, -0.028443895280361176, 0.04631320387125015, 0.0060156481340527534, 0.01674962230026722, -0.013698599301278591, -0.07833787053823471, -0.014438406564295292, 0.008014648221433163, -0.028429748490452766, -0.0009007819462567568, 0.003928385209292173, -0.03550191968679428, 0.1064838320016861, 0.011724503710865974, -0.016382206231355667, -0.012217693962156773, 0.0031499057076871395, -0.0017950102919712663, -0.0005296306917443871, 0.009005637839436531, 0.03162558749318123, -0.007698104716837406, 0.014161817729473114, -0.0066952393390238285, -0.0037747365422546864, -0.0013805411290377378, -0.0158555805683136, 0.0034849371295422316, -0.019689975306391716, 0.00973877776414156, -0.04318195581436157, -0.034827716648578644, -0.020174922421574593, -0.044716160744428635, 0.00656387023627758, 0.02220700867474079, -0.028480561450123787, -0.04085036367177963, -0.03191826492547989, 0.020572243258357048, 0.02480490319430828, 0.008281058631837368, 0.005201578605920076, -0.02480383589863777, 0.012758643366396427, 0.012542154639959335, -0.016374798491597176, 0.043401166796684265, -0.029019508510828018, 0.044709768146276474, 0.03082396276295185, -0.011626897379755974, 0.01652853563427925, 0.006329723633825779, -0.0230509415268898, -0.00939849577844143, -0.023402491584420204, 0.03584682568907738, 0.05734647810459137, 0.022492658346891403, 0.02846289798617363, -0.009581371210515499, -0.0285339392721653, -0.06592387706041336, 0.03816986456513405, 0.03244687244296074, -0.027149846777319908, 0.019817600026726723, 0.05204145610332489, -0.043999798595905304, -0.030044129118323326, -0.03631928190588951, -0.016096632927656174, 0.024183005094528198, 0.06648169457912445, 0.02217891626060009, 0.009720858186483383, 0.021624062210321426, -0.0038248130585998297, -0.014663049019873142, 0.052191074937582016, -0.040090084075927734, -0.027258461341261864, -0.03265818953514099, 0.014361401088535786, 0.017403624951839447, -0.04161333665251732, 0.04109814763069153, 0.007837495766580105, -0.007328684441745281, 0.010779168456792831, -0.04775045067071915, 0.009822595864534378, 0.009737992659211159, -0.0384475402534008, 0.016876406967639923, 0.01066107489168644, 0.0586211159825325, -0.01632923074066639, -0.005708292126655579, 0.023772940039634705, 0.013523603789508343, -0.009000602178275585, -0.009547973051667213, 0.008865849114954472, -0.032225754112005234, -0.04112722724676132, -0.04159246385097504, 0.004670176655054092, -0.03025924228131771, -0.012039574794471264, 0.061141934245824814, -0.006475189700722694, 0.0011399409268051386, 0.027106473222374916, -0.01433437317609787, 0.014357948675751686, 0.04825668781995773, 0.0126030957326293, 0.011402782052755356, 0.009511482901871204, -0.026373546570539474, -0.029787275940179825, -0.0074428473599255085, 0.01744563691318035, 0.00303075835108757, 0.00495811877772212, 0.054541654884815216, -0.004135581664741039, 0.006662942003458738, 0.02954605594277382, 0.031059304252266884, 0.036673251539468765, 0.005087688099592924, -0.024269625544548035, -0.0055328188464045525, -0.0624409019947052, -0.010178504511713982, 0.0034331714268773794, -0.030328288674354553, -0.0030302987433969975, 0.0058282483369112015, 0.002374638570472598, 0.06485502421855927, 0.04497986659407616, 0.031492240726947784, -0.0021307519637048244, -0.027012763544917107, 0.03370387852191925, 0.005402978975325823, -0.020226260647177696, 0.038571905344724655, -0.03271028399467468, -0.05445472523570061, 0.013037567026913166, 0.008598973043262959, -0.015112871304154396, -0.061686862260103226, -0.0208772923797369, -0.012143297120928764, -0.041981834918260574, 0.011005966924130917, -0.008879762142896652, -0.0016901148483157158, -0.0030393488705158234, 0.04317082092165947, -0.012327758595347404, 0.008320502005517483, -0.014284808188676834, 0.05532194301486015, -0.013196558691561222, -0.056247927248477936, 0.10029799491167068, 0.017543965950608253, -0.017777524888515472, 0.021981745958328247, 0.020572014153003693, 0.032492201775312424, 0.004548707511276007, 0.006490903906524181, 0.014840181916952133, -0.009855655953288078, 0.015570024028420448, -0.01773415133357048, 0.0017332520801573992, -0.03099925071001053, -0.037984203547239304, -0.03175479173660278, 0.014919061213731766, -0.028766442090272903, 0.027231499552726746, -0.04087918624281883, 0.01695939525961876, -0.01273721270263195, 0.008489987812936306, 0.005785124376416206, -0.010771199129521847, 0.04973229765892029, 0.027799313887953758, 0.025372132658958435, -0.08273257315158844, 0.011722942814230919, -0.014930889010429382, -0.03306357190012932, -0.0013743822928518057, -0.06140504032373428, 0.022677026689052582, 0.030422836542129517, -0.03227055445313454, 0.013744154945015907, -0.01266494207084179, -0.006629063282161951, 0.0006035470869392157, 0.0025459250900894403, -0.030419593676924706, 0.060244519263505936, -0.005270077381283045, -0.0039038558024913073, 0.02641117572784424, 0.023639915511012077, 0.00859398115426302, 0.018405916169285774, 0.0036556548438966274, 0.020612411201000214, 0.030315350741147995, 0.04557174816727638, 0.01461515761911869, -0.004695673007518053, -0.022244682535529137, 0.005001804791390896, 0.007940872572362423, -0.00187050667591393, 0.0020697289146482944, -0.028827907517552376, -0.009418786503374577, -0.012279871851205826, -0.00422223936766386, 0.009339576587080956, -0.01703658141195774, -0.04095998406410217, -0.018831470981240273, -0.009143039584159851, 0.015121622011065483, -0.024682756513357162, 0.002973246155306697, 0.015421878546476364, -0.0570148266851902, 0.051377102732658386, -0.04711597040295601, -0.00766462367027998, -0.036691293120384216, 0.009355790913105011, 0.0005407381686381996, -0.013360748067498207, -0.016357421875, 0.022252796217799187, 0.009597736410796642, -0.031455010175704956, -0.045198045670986176, 0.013347746804356575, 0.016277598217129707, -0.018408121541142464, -0.019649729132652283, -0.009782168082892895, -0.005120100919157267, 0.0025797421112656593, 0.03586110100150108, 0.03675536811351776, 0.039911601692438126, -0.00801117718219757, -0.0783686414361, -0.022179657593369484, -0.0026056920178234577, -0.05686931684613228, -0.016409430652856827, 0.006782518234103918, -0.0033683960791677237, 0.01814604550600052, 0.003575167153030634, -0.016928337514400482, 0.05037916079163551, -0.014185493811964989, -0.001801948994398117, -0.014809169806540012, -0.01704590767621994, -0.028414320200681686, 0.027035368606448174, 0.024797426536679268, 0.014528011903166771, 0.06305289268493652, 0.02898496761918068, 0.019310371950268745, -0.06292030215263367, 0.021801259368658066, 0.025529170408844948, 0.07574379444122314, -0.018867533653974533, 0.019802914932370186, -0.012463229708373547, 0.03423072397708893, -0.015940552577376366, 0.008001315407454967, -0.02900729887187481, -0.041981782764196396, -0.03321954235434532, 0.0024521034210920334, 0.029975881800055504, 0.009077614173293114, 0.010208879597485065, -0.008825602941215038, -0.006271954160183668, -0.027931353077292442, 0.03921196609735489, 0.012590644881129265, 0.019411420449614525, -0.019687524065375328, -0.005818352103233337, 0.005326201673597097, 9.988334932131693e-05, 0.03774675354361534, 0.018056068569421768, 0.02748231217265129, -0.048146918416023254, 0.05844608321785927, -0.02474653534591198, -0.016039973124861717, 0.014424800872802734, -0.01897093839943409, -0.0157686285674572, -0.008538107387721539, -0.01752687431871891, -0.004669697489589453, -0.022182632237672806, 0.005284190643578768, -0.06405658274888992, 0.034692320972681046, -0.01233713049441576, -0.03074832260608673, 0.04857147857546806, 0.028523528948426247, 0.001410184078849852, -0.020552201196551323, -0.045177578926086426, -0.018146660178899765, -0.019121672958135605, -0.032910361886024475, 0.014607885852456093, 0.046947333961725235, -0.005452556535601616, 0.042113296687603, -0.02802460268139839, -0.00048176443669945, 0.05362457036972046, 0.026508072391152382, -0.010400665923953056, -0.02601618319749832, 0.03728758171200752, 0.0006458130083046854, -0.05863851308822632, -0.00012573064304888248, 0.01974356919527054, -0.04883459582924843, -0.018298543989658356, -0.06259047240018845, 0.005236766301095486, -0.02605062909424305, -0.02210127003490925, -0.025302598252892494, -0.0035624539013952017, 0.027859995141625404, 0.019782206043601036, 0.024445928633213043, -0.032749004662036896, -0.012031187303364277, 0.009797782637178898, -0.14214804768562317, -0.008335800841450691, -0.015074644237756729, 0.013160690665245056, -0.03507000580430031, -0.021726643666625023, -0.03814563900232315, -0.03695375472307205, 0.039433225989341736, -0.01569242589175701, -0.05441590026021004, -0.013372501358389854, 0.0020830798894166946, -0.03309950232505798, 0.01750820316374302, 0.05146603658795357, -0.023945413529872894, -0.02034958265721798, -0.027700010687112808, 0.011588802561163902, -0.030848372727632523, -0.0190949235111475, 0.055039580911397934, 0.00040301575791090727, -0.0016014520078897476, -0.03233576565980911, 0.03622300922870636, 0.022973457351326942, -0.010688058100640774, -0.08614145964384079, 0.006063749548047781, -0.01604524441063404, 0.001300628064200282, 0.06181439757347107, -0.010304105468094349, 0.027822254225611687, -0.024411456659436226, 0.0002523732546251267, -0.029852742329239845, 0.030908482149243355, -0.017912190407514572, 0.020006095990538597, -0.015969764441251755, -0.02040706016123295, 0.0031004745978862047, 0.028784338384866714, -0.0016615078784525394, -0.028317345306277275, -0.004702279809862375, -0.0030018151737749577, -0.012541195377707481, 0.03091365657746792, -0.04477173462510109, 0.010356510989367962, 0.01305703166872263, 0.018013611435890198, -0.01576864719390869, -0.011670973151922226, -0.018022332340478897, 0.034712255001068115, -0.047353409230709076, -0.007839402183890343, -0.03395988419651985, -0.02133515104651451, -0.04522421211004257, 0.019829463213682175, -0.10462622344493866, 0.029790334403514862, 0.008619832806289196, -0.00674869678914547, -0.011259380728006363, 0.015528561547398567, -0.02779543213546276, -0.04266883805394173, -0.03160196915268898, -0.009300355799496174, -0.01395401917397976, -0.019141120836138725, -0.03479500487446785, 5.062250784249045e-05, -0.06455627828836441, -0.02677469328045845, -0.07540527731180191, 0.048066068440675735, 0.031070301309227943, 0.00038191035855561495, -0.009436084888875484, 0.008667116053402424, -0.037239961326122284, -0.010973845608532429, -0.01470647007226944, -0.046775903552770615, 0.017407424747943878, -0.010697762481868267, -0.015799112617969513, 0.019046688452363014, -0.025480203330516815, -0.0387079194188118, 0.026988497003912926, 0.004572845995426178, 9.582155144016724e-06, -0.022380653768777847, 0.023155177012085915, 0.05010275915265083, 0.011965250596404076, 0.011986108496785164, 0.05953308939933777, 0.01919456385076046, -0.023439012467861176, 0.01007881946861744, 0.0018125234637409449, 0.001894131419248879, -0.06535375118255615, -0.00955960527062416, -0.047967854887247086, -0.00851168017834425, -0.015809670090675354, 0.05033653602004051, -0.02398574724793434, -0.03432448208332062, 0.0015921846497803926, -0.0002706760133150965, -0.019404202699661255, -0.014734108932316303, -0.003888345556333661, -0.011080286465585232, -0.0036168184597045183, -0.015235219150781631, 0.04168855398893356, 0.019268883392214775, 0.00486762123182416, 0.030212966725230217, -0.012101283296942711, 0.03774452209472656, 0.06616829335689545, 0.003707211697474122, -0.09125621616840363, 0.038076430559158325, -0.004874281119555235, -0.013245252892374992, -0.0059138210490345955, -0.026530718430876732, 0.03744598850607872, -0.04014572128653526, 0.03243884816765785, 0.012304352596402168, 0.04628048464655876, -0.008230525068938732, -0.008074814453721046, -0.0010263894218951464, -0.019920527935028076, 0.030906889587640762, -0.0006706529529765248, 0.05386582016944885, -0.0481191985309124, 0.05489436909556389, -0.029729070141911507, 0.010805083438754082, 0.0039577847346663475, 0.020814938470721245, 0.0019701418932527304, 0.0104603823274374, -0.011032357811927795, -0.018206536769866943, 0.024829819798469543, -0.030970854684710503, 0.005215180106461048, 0.021141953766345978, -0.030427360907197, 0.02731959894299507, 0.024942636489868164, 0.015807824209332466, -0.018916906788945198, 0.00399111257866025, 0.06710920482873917, -0.055647917091846466, 0.03760979697108269, -0.03919259086251259, 0.04475883021950722, 0.005856615025550127, 0.03541910648345947, -0.02460700273513794, 0.04217541217803955, 0.020088568329811096, 0.02947172150015831, -0.012735927477478981, 0.03819717466831207, 0.06653480976819992, -0.015233127400279045, 0.01312720775604248, -0.04276908189058304, -0.016429124400019646, 0.04164623096585274, -0.05672002211213112, 0.046965353190898895, -0.0650823712348938, -0.008571954444050789, -0.03611085191369057, 0.007127019111067057, 0.024384429678320885, -0.037446580827236176, 0.005100690294057131, -0.0031212365720421076, -0.029002346098423004, 0.01362789236009121, -0.01278248243033886, -0.018637560307979584, 0.02157493121922016, -0.036206502467393875, 0.024120526388287544, 0.0013436293229460716, -0.04027768224477768, -0.03319264575839043, 0.05631992593407631, -0.029731547459959984, -0.011340854689478874, -0.04234975576400757, 0.003445973386988044, 0.027660299092531204, 0.03519395366311073, 0.0321907103061676, 0.03303207457065582, -0.005944170523434877, -0.02418644353747368, -0.0032048767898231745, -0.04703548178076744, -0.014816786162555218, 8.518097456544638e-05, 0.012914792634546757, -0.038271572440862656, -0.07216294854879379, -0.017276883125305176, -0.0035194233059883118, 0.03921687230467796, -0.003742398228496313, 0.050901927053928375, 0.05386558547616005, 0.022014107555150986, -0.03556714206933975, 0.019147716462612152, -0.010036875493824482, -0.015939360484480858, 0.013421199284493923, -0.022756338119506836]",
15_1_0_docs_01_app_03_api_reference_01_directives_use_cache_mdx_section_2_code_2,code_snippet,15_1_0_docs_01_app_03_api_reference_01_directives_use_cache_mdx_section_2,Usage - code_2,,"{'programming_language': 'tsx', 'filename': None, 'switcher': False}",15.1.0,,"// File level
'use cache'

export default async function Page() {
  // ...
}

// Component level
export async function MyComponent() {
  'use cache'
  return <></>
}

// Function level
export async function getData() {
  'use cache'
  const data = await fetch('/api/data')
  return data
}
","[(np.int64(86), np.float64(0.15468767285346985)), (np.int64(425), np.float64(0.2405059039592743)), (np.int64(438), np.float64(0.13860206305980682)), (np.int64(61636), np.float64(0.17054207623004913))]",,"[0.013549906201660633, -0.033031757920980453, -0.05400107800960541, 0.026684368029236794, -0.0154405003413558, -0.017370348796248436, -0.0063026463612914085, 0.041378747671842575, -0.0293731726706028, 0.000202639726921916, -0.026405470445752144, 0.024283837527036667, -0.01648646779358387, 0.06111813336610794, 2.4033737645368092e-05, 0.05081173777580261, -0.02706354483962059, 0.04466293752193451, 0.0012087497161701322, 0.05385759100317955, -0.006503217853605747, 0.03092828020453453, 0.048995304852724075, -0.005624629557132721, 0.009641165845096111, 0.0021914576645940542, -0.009904177859425545, -0.015513268299400806, -0.009317250922322273, 0.042643602937459946, 0.017980916425585747, 0.0031141010113060474, -0.008566445671021938, -0.008723395876586437, -0.051917608827352524, -0.015374179929494858, -0.006557741202414036, -0.016813376918435097, -0.04723372682929039, 0.04657517001032829, -0.02619100920855999, 0.01079037506133318, 0.018574150279164314, -0.022577723488211632, 0.0002622524043545127, -0.0352155826985836, 0.0037679122760891914, -0.032640911638736725, -0.059647273272275925, -0.027788717299699783, -0.03693776577711105, 0.008515813387930393, 0.008450459688901901, -0.04078385978937149, -0.007835893891751766, 0.03714092820882797, -0.02320847287774086, -0.00033383359550498426, -0.04902761057019234, 0.016855794936418533, 0.013800795190036297, -0.0032452393788844347, -0.0010552090825513005, 0.006651406176388264, -0.006907599978148937, 0.00664072809740901, 0.013371474109590054, 0.019263368099927902, -0.023925865069031715, -0.03384304791688919, -0.012744221836328506, 0.043758030980825424, -0.05261285603046417, -0.02601475641131401, -0.036225274205207825, 0.03311268985271454, 0.06631715595722198, -0.02789970487356186, -0.0019879525061696768, -0.019271982833743095, -0.005369697231799364, -0.017785457894206047, 0.016948344185948372, 0.017035653814673424, 0.013413508422672749, -0.026569634675979614, -0.055404406040906906, 0.02541038580238819, -0.018834777176380157, 0.019238706678152084, -0.02541009709239006, -0.02742343209683895, 0.059025853872299194, -0.04360921308398247, -0.012875004671514034, 0.0031168200075626373, -0.004644741769880056, 0.007916663773357868, 0.08338368684053421, -0.005719912704080343, 0.032890379428863525, -0.003999858163297176, -0.022274427115917206, -0.013432986102998257, 0.06253830343484879, 0.004011294338852167, -0.010400312952697277, -0.018725885078310966, -0.01606249064207077, -0.030587676912546158, 0.037501491606235504, -0.021791931241750717, 0.009503522887825966, 0.024794505909085274, 0.017414644360542297, -0.03624506667256355, 0.03110472857952118, -0.010833167470991611, 0.026248743757605553, 0.024041876196861267, -0.008652380667626858, 0.018446041271090508, 0.03167421743273735, 0.007939924485981464, 0.005594545975327492, -0.016907090321183205, -0.011032786220312119, 0.02199213206768036, 0.04253042861819267, 0.039884764701128006, 0.019052037969231606, 0.03785204142332077, 0.0014580184360966086, -0.03924380987882614, -0.029491519555449486, 0.009761279448866844, -0.005811420734971762, 0.026355592533946037, 0.010412433184683323, -0.05535529553890228, -0.009901341050863266, -0.026363592594861984, -0.09244213253259659, -0.005257869604974985, 0.0715627521276474, -0.028766900300979614, 0.08784867078065872, -0.0042428974993526936, -0.024697745218873024, 0.0020166803151369095, -0.0023137691896408796, 0.006803509779274464, 0.011254721321165562, -0.04415306821465492, 0.019174696877598763, -0.024819884449243546, 0.03458751365542412, 0.029805995523929596, 0.009648079052567482, -0.004568084143102169, 0.002417045645415783, 0.0062154983170330524, -0.05975958704948425, -0.0006898232386447489, 0.042773760855197906, -0.06011597812175751, 0.0107716154307127, 0.010460776276886463, -0.025524698197841644, -0.07201868295669556, 0.026825688779354095, -0.007204432971775532, 0.04303611069917679, -0.0098076481372118, 0.023473458364605904, 0.02602342516183853, 0.06665631383657455, 0.004556379280984402, 0.02551858499646187, -0.028860779479146004, -0.011275327764451504, 0.015951622277498245, -0.0003869772481266409, -0.058303236961364746, -0.019964419305324554, 0.012860413640737534, 0.01745256595313549, -0.005222621839493513, -0.016381826251745224, 0.023686906322836876, -0.03460221737623215, 9.350475011160597e-05, 0.08813799917697906, 0.05880794674158096, -0.03576444089412689, 0.005348260048776865, -0.005560097750276327, 0.024072328582406044, 0.010329431854188442, 0.0037892248947173357, 0.043735895305871964, 0.06001677364110947, -0.008261989802122116, 0.03511882573366165, 0.012191930785775185, -0.021183572709560394, 0.023480376228690147, -0.0496089868247509, 0.009703104384243488, 0.0004326488415244967, 0.005792190786451101, -0.02971665747463703, -0.05010010674595833, -0.017676470801234245, -0.013414228335022926, -0.011501288041472435, -0.00027020485140383244, 0.0279792919754982, -0.024838624522089958, -0.03558827564120293, -0.03152600675821304, 0.05681019276380539, -0.0007505423272959888, 0.0515337698161602, 0.0023541615810245275, -0.013710212893784046, 0.02560599148273468, -0.0010709265479817986, 0.034224845468997955, 0.01862882636487484, 0.01714828424155712, 0.009368617087602615, 0.053694289177656174, -0.007391432765871286, 0.04856022447347641, -0.07208707928657532, -0.016922997310757637, 0.016054345294833183, -0.020137345418334007, -0.027994858101010323, 0.0005140443681739271, -0.0027679093182086945, -0.02864909917116165, -0.004356365650892258, -0.020809663459658623, -0.021717263385653496, 0.01185300387442112, -0.008409583009779453, -0.03233564272522926, -0.07474670559167862, -0.02059932053089142, 0.02233077399432659, -0.04637768864631653, -0.0013390971580520272, 0.021557731553912163, -0.032646648585796356, 0.02114124782383442, 0.01462499424815178, -0.0040673459880054, 0.027095375582575798, 0.022772740572690964, 0.008481062948703766, -0.03136789798736572, 0.027348797768354416, -0.037322692573070526, -0.001708737574517727, -0.050623729825019836, -0.03503422066569328, 0.01992235891520977, 0.02413128688931465, -0.005727576557546854, 0.035117603838443756, -0.002869055373594165, -0.004163644276559353, 0.0043705361895263195, 0.04065429046750069, -0.028854405507445335, 0.001676391577348113, 0.08696158230304718, -0.008701460435986519, -0.0360846221446991, 0.006715463008731604, 0.046967051923274994, 0.02631671167910099, 0.03620575740933418, -0.02405543066561222, -0.04282854497432709, -0.008678864687681198, 0.008686799556016922, 0.01816634275019169, -0.04532698541879654, 0.04276268929243088, 0.06289856135845184, 0.0009126958902925253, 0.03952839970588684, 0.007197744678705931, 0.020111821591854095, -0.15147165954113007, -0.00305040180683136, 0.013967487029731274, -0.011610335670411587, 0.0036507118493318558, 0.011573481373488903, -0.010750439018011093, -0.012275799177587032, -0.04197729006409645, 0.057304102927446365, -0.02821711264550686, -0.05104042589664459, -0.05512143671512604, -0.036012496799230576, -0.02395028807222843, -0.015726886689662933, -0.009711256250739098, 0.018157582730054855, -0.004938013851642609, -0.02682582102715969, 0.005475603975355625, -0.022365055978298187, -0.010524475947022438, -0.024718817323446274, -0.036051925271749496, -0.0038658699486404657, 0.029917920008301735, -0.0013527243863791227, -0.03734397143125534, -0.022402169182896614, -0.012535261921584606, 0.004616680089384317, 0.0004776621935889125, 0.0006399248377420008, -0.016635794192552567, 0.023461980745196342, -0.007779218722134829, 0.030665680766105652, 0.02120600827038288, -0.006288914941251278, 0.031141120940446854, 0.03993471711874008, -0.04320920258760452, 0.03551054000854492, 0.001112471567466855, -0.022005228325724602, -0.009934886358678341, -0.025065487250685692, -0.03486494719982147, -0.01820281520485878, 0.06056217476725578, -0.055562086403369904, -0.0129605233669281, 0.005309340078383684, -0.04031692072749138, 0.029307901859283447, 0.00958001147955656, 0.04402333125472069, 0.004968341905623674, 0.02087351307272911, 0.03050750307738781, -0.01685364730656147, 0.007711171638220549, -0.03218128904700279, -0.030863871797919273, -0.015521161258220673, 0.0653243139386177, -0.0035688558127731085, 0.0069306292571127415, -0.06569626927375793, 0.06349287182092667, -0.023297598585486412, 0.00879606232047081, 0.014575010165572166, -0.011562314815819263, 0.04511537030339241, -0.0400087907910347, 0.01393166370689869, -0.0036631079856306314, -0.09603307396173477, -0.012359377928078175, -0.018777240067720413, 0.015120788477361202, -0.002591527532786131, -0.03201247379183769, -0.05935978516936302, 0.0006766140577383339, 0.012394574470818043, 0.004414330702275038, 0.2395019680261612, 0.03686055168509483, -0.004571156110614538, 0.07076965272426605, 0.05701180920004845, -0.035431452095508575, -0.006341228261590004, 0.04162750765681267, 0.022216318175196648, -0.009869013912975788, -0.020930640399456024, -0.0020057030487805605, -0.006776877213269472, -0.0069663324393332005, -0.0035852231085300446, 0.0365758091211319, -0.04800446331501007, 0.0071547143161296844, 0.06060582399368286, -0.021678408607840538, 0.013033238239586353, -0.04338802397251129, 0.005877177696675062, 0.024881280958652496, -0.06778625398874283, -0.006353222299367189, -0.03139883279800415, 0.021234067156910896, -0.005864216946065426, -0.018185673281550407, -0.03778371214866638, 0.035323984920978546, 0.024229269474744797, -0.06805417686700821, -0.05082155019044876, -0.012055737897753716, 0.005847168620675802, 0.00822427961975336, 0.011875102296471596, 0.014761633239686489, 0.029138799756765366, -0.011678590439260006, 0.0020792181603610516, -0.007629970088601112, -0.03720211610198021, -0.0787709504365921, -0.027609050273895264, -0.04635021090507507, 0.009221303276717663, -0.04156292974948883, -0.015157260932028294, -0.03806397691369057, -0.02941042371094227, -0.017060348764061928, 0.028070813044905663, -0.0032824689988046885, 0.018508948385715485, 0.05388343334197998, 0.014161192812025547, 0.02839869074523449, 0.028293531388044357, -0.010816004127264023, -0.030040020123124123, 0.006736074108630419, -0.05712662264704704, 0.0018332754261791706, -0.009551727212965488, -0.014242387376725674, -0.0028623284306377172, 0.03031368926167488, 0.007142394315451384, 0.03681248426437378, 0.01825452782213688, -0.01306195743381977, 0.014653892256319523, -0.04506469890475273, 0.05141551047563553, 0.01666196994483471, -0.04381273686885834, 0.04622691497206688, -0.009003616869449615, -0.024497272446751595, -0.05378938466310501, 0.040619321167469025, -0.011491958983242512, 0.0006136716692708433, 0.02442946471273899, 0.075189970433712, 0.00023795815650373697, -0.01940906047821045, -0.017334355041384697, -0.012064548209309578, -0.029549499973654747, 0.04613463580608368, -0.006199188996106386, 0.009621555916965008, -0.03355447202920914, -0.018946697935461998, 0.020592624321579933, 0.018923217430710793, -0.02763187699019909, -0.0346866101026535, -0.008869609795510769, -0.04504344239830971, 0.015478038229048252, 0.04177972301840782, 0.023277537897229195, -0.004619468003511429, 0.010488593019545078, 0.05954328924417496, -0.03848640248179436, 0.04314036667346954, -0.007859230041503906, -0.02873609960079193, -0.01934855431318283, 0.033456481993198395, 0.014135616831481457, 0.019615400582551956, 0.049751512706279755, 0.050948821008205414, -0.03717074543237686, 0.0012458892306312919, 0.014059236273169518, 0.0019088172120973468, 0.0008420381927862763, -0.050049033015966415, 0.004089951980859041, -0.056319210678339005, -0.02601221762597561, 0.030055511742830276, 0.022978460416197777, -0.02622455358505249, 0.013645818457007408, 0.014385892078280449, 0.003755407640710473, -0.02317400462925434, 0.024215273559093475, 0.02623843029141426, 0.0036675045266747475, 0.04182521998882294, -0.041297879070043564, 0.00443916255608201, -0.02748628705739975, 0.04038820415735245, 0.03619981184601784, 0.06325962394475937, 0.019444750621914864, 0.049890413880348206, 0.013197869062423706, 0.0016316813416779041, 0.03922572731971741, 0.03681407496333122, 0.034214768558740616, -0.025481564924120903, -0.01726653426885605, -0.09270031750202179, -0.011286657303571701, -0.04430517181754112, -3.5790129913948476e-05, 0.015636255964636803, -0.02209356427192688, 0.006502536125481129, 0.027343465015292168, 0.010910785757005215, -0.0025791011285036802, 0.036765165627002716, -0.03354857489466667, 0.014296364039182663, 0.0030807286966592073, -0.0011109191691502929, 0.022724324837327003, -0.007564407307654619, -0.03727109730243683, 0.021820269525051117, -0.031265851110219955, -0.007412359584122896, -0.07324182987213135, 0.008291724137961864, -0.030702074989676476, -0.017065972089767456, -0.0010397121077403426, 0.0017550581833347678, -0.017208026722073555, -0.03127110376954079, 0.006284487433731556, 0.012627167627215385, 0.004066877067089081, -0.0010961871594190598, -0.004613322671502829, -0.028649592772126198, -0.02245980128645897, 0.12622825801372528, 0.02971573732793331, -0.007791005074977875, 0.020909257233142853, -0.007045594509691, 0.052696116268634796, 0.021028747782111168, 0.023757945746183395, -0.0027747447602450848, -0.01204684004187584, 0.026196863502264023, 0.005173827521502972, 0.015164642594754696, -0.04620691016316414, -0.014749398455023766, 0.0021014686208218336, -0.010922113433480263, -0.05835333839058876, 0.038827430456876755, -0.010867752134799957, 0.012885026633739471, -0.04373342543840408, -0.011990654282271862, 0.03921118751168251, -0.026439841836690903, 0.056679338216781616, 0.034142207354307175, -0.03224969282746315, -0.02597464807331562, -0.0017977157840505242, 0.0024352995678782463, 0.007255155127495527, 5.297646566759795e-05, 0.03103915974497795, 0.029987769201397896, 0.029958173632621765, -0.029377562925219536, -0.06364746391773224, -0.01097455807030201, -0.017102329060435295, 0.021316131576895714, 0.017348013818264008, -0.047447774559259415, -0.01984412968158722, -0.06277847290039062, 0.014550402760505676, 0.05650343373417854, 0.011491629295051098, -0.006717910058796406, 0.004754999652504921, 0.019809026271104813, 0.01985718309879303, 0.04555559158325195, -0.002796907676383853, -0.013085328042507172, -0.023472528904676437, 0.02732100524008274, 0.017189301550388336, 0.0291904229670763, -0.023304006084799767, 0.015722200274467468, 0.0006838788976892829, -0.015200961381196976, 0.005585880950093269, 0.02195216715335846, 0.015241510234773159, 0.017527658492326736, -0.040650542825460434, 0.002636366058140993, 0.0046363514848053455, -0.004095419310033321, 0.015184554271399975, 0.013372853398323059, 0.0364493727684021, -0.04967029392719269, 0.043905504047870636, -0.09613929688930511, -0.03315943852066994, -0.023011844605207443, -0.015190592966973782, 0.005529655609279871, 0.00031707511516287923, -0.01894485205411911, 0.06907601654529572, -0.004751245025545359, 0.03216606378555298, -0.020322274416685104, 0.03200560808181763, -0.004427237901836634, -0.013546919450163841, -0.016762584447860718, 0.033077262341976166, 0.011520675383508205, 0.00622939970344305, -0.0007488045375794172, -0.00449161184951663, 0.03390476480126381, 0.02796388603746891, -0.03617718443274498, 0.000878012040629983, 0.017509032040834427, -0.049056001007556915, 0.011404089629650116, -0.014348780736327171, -0.0019485942320898175, -0.015358257107436657, 0.02759557031095028, -0.0016754905227571726, 0.008277366869151592, -0.0032043715473264456, -0.046421390026807785, -0.023840587586164474, 0.01916753500699997, -0.0024658776819705963, 0.03551496937870979, -0.00629239808768034, 0.002119350479915738, -0.020812125876545906, -0.01647065207362175, 0.04305555671453476, -0.010715886019170284, 0.0003930889652110636, 0.055498700588941574, 0.048698194324970245, -0.020115623250603676, 0.02899135835468769, -0.023506319150328636, -0.008110012859106064, -0.011587565764784813, 0.015477578155696392, -0.006491275038570166, -0.0030872561037540436, -0.017249347642064095, -0.01794031262397766, -0.005893531255424023, -0.015212470665574074, -0.02804155834019184, -0.026984527707099915, -0.020915815606713295, -0.007326795719563961, 0.004059268161654472, -0.0006968785310164094, -0.015443483367562294, 0.025747716426849365, 0.013777163811028004, 0.04751034453511238, -0.016478270292282104, 0.05599243566393852, -0.01647840440273285, -0.019807716831564903, -0.010554247535765171, 0.05578204244375229, -0.033598534762859344, 0.009635510854423046, -0.029376305639743805, 0.04245239868760109, -0.008851274847984314, -0.04473385214805603, -0.01675514690577984, -0.016157791018486023, 0.014603047631680965, -0.003552195616066456, -0.027567807585000992, 0.013550076633691788, -0.0751006007194519, 0.021431734785437584, 0.0161681417375803, 0.06722819805145264, -0.006533905863761902, -0.012380006723105907, 0.05968278646469116, -0.014287972822785378, -0.036080364137887955, -0.008790998719632626, 0.008590531535446644, 0.03222518041729927, 0.006982789840549231, -0.0003898476134054363, 0.012125130742788315, -0.02494376339018345, 0.020075282081961632, -0.013897748664021492, -0.027275023981928825, 0.01142228301614523, 0.0557120256125927, -0.022591805085539818, -0.003950882703065872, -0.0199049673974514, -0.03332774341106415, -0.026117483153939247, -0.05446220934391022, -0.05875837802886963, -0.012424496933817863, -0.04888291284441948, -0.01591337099671364, 0.010367916896939278, -0.0018181322375312448, -0.0017527717864140868, -0.0007404036587104201, -0.013138899579644203, -0.0413854718208313, -0.048439983278512955, -0.005353785119950771, -0.12804679572582245, 0.019962942227721214, -0.01285946648567915, 0.029746033251285553, -0.027212068438529968, -0.01375563908368349, -0.04470339044928551, -0.04411683976650238, 0.03820248693227768, -0.013392414897680283, -0.020191669464111328, -0.04472147300839424, 0.028548704460263252, -0.024525344371795654, -0.0026295832358300686, 0.011553624644875526, -0.007313679438084364, -0.02737824246287346, 0.014753519557416439, -0.021090848371386528, 0.020046552643179893, -0.015458418987691402, 0.03852003812789917, -0.018664009869098663, -0.006316865794360638, 0.010640020482242107, 0.013150195591151714, -0.0002614517288748175, 0.009226101450622082, -0.01342574879527092, 0.04606680944561958, -0.04088761657476425, -0.0086443480104208, 0.017901163548231125, 0.020784318447113037, 0.015587352216243744, 0.0014965797308832407, 0.028552226722240448, -0.0009353831992484629, 0.040355414152145386, -0.016481315717101097, -0.001245505060069263, -0.021466048434376717, -0.0059258113615214825, -0.00347922183573246, -0.0037170543801039457, -0.006616201251745224, -0.029037846252322197, 0.0002805955591611564, 0.0014332490973174572, 0.02640415169298649, 0.017072400078177452, 0.012299127876758575, 0.03374864533543587, 0.008674253709614277, 0.0029103090055286884, -0.007203785236924887, -0.02698909491300583, -0.012504598125815392, 0.01036170031875372, -0.04849106818437576, 0.04254993423819542, -0.00010079951607622206, -0.026309192180633545, 0.043074652552604675, 0.023360606282949448, -0.054599419236183167, 0.044243231415748596, 0.018381817266345024, 0.023356586694717407, -0.040135785937309265, 0.0001140974200097844, -0.03344198316335678, -0.0014836839400231838, -0.002240327186882496, -0.013609973713755608, 0.051099516451358795, -0.009290676563978195, -0.015835026279091835, 0.012960177846252918, -0.024954143911600113, 0.0036813628394156694, -0.04552401974797249, 0.019310086965560913, 0.03735209256410599, -0.001622533774934709, -0.012390434741973877, 0.01076112873852253, -0.030393289402127266, -0.03853198513388634, -0.0354207381606102, -0.0260908342897892, 0.03533363342285156, -0.00602187542244792, 0.0036003785207867622, 0.03149353712797165, -0.0027961621526628733, -0.01803996041417122, 0.00020101606787648052, -0.019999559968709946, 0.010551545768976212, -0.04687311127781868, 0.012854327447712421, 0.026220517233014107, -0.007684709969907999, 0.0036624777130782604, 0.0020252629183232784, -0.001007387414574623, -0.024522902444005013, -0.002911074785515666, -0.00809094775468111, 0.015800973400473595, -0.024875424802303314, 0.0007478660554625094, -0.08033913373947144, -0.030349085107445717, 0.019577736034989357, 0.015899376943707466, -0.01221536472439766, -0.034368302673101425, -0.0032966877333819866, -0.009393183514475822, 0.0005691517144441605, -0.039538171142339706, 0.030436323955655098, 0.042054541409015656, 0.05563153699040413, 0.01291731558740139, -0.0015786300646141171, 0.010554714128375053, -0.00712987594306469, -0.03811667487025261, -0.011935279704630375, 0.01528438925743103, 0.05153599753975868, -0.02326163463294506, -0.06188018620014191, 0.052610911428928375, -0.05478500947356224, -0.03460381180047989, -0.002322934567928314, -0.01850040815770626, 0.03568662703037262, -0.03883499652147293, -0.013446803204715252, -0.008736876770853996, 0.05848890170454979, -0.009694504551589489, 0.03259759023785591, -0.010259462520480156, -0.007352514658123255, -0.013334636576473713, -0.028477292507886887, 0.06024354696273804, -0.052764102816581726, 0.0033551191445440054, -0.05576099082827568, 0.03138964995741844, -0.06266558915376663, 0.02823137678205967, -0.0129857137799263, -0.03936547040939331, 0.019233286380767822, -0.0320100374519825, 0.010397452861070633, -0.023286502808332443, -0.022635728120803833, -0.009705102071166039, 0.0008344811503775418, 0.027577301487326622, -0.008348609320819378, 0.052450791001319885, -0.02427804097533226, -0.02775329351425171, 0.03497312590479851, -0.02498321235179901, 0.013770520687103271, 0.010676715523004532, 0.04232528805732727, 0.012457529082894325, 0.031184593215584755, -0.0015458599664270878, 0.03737670183181763, 0.03282869979739189, 0.04640469700098038, 0.012640394270420074, -0.00030645879451185465, 0.05138866975903511, -0.0058618453331291676, -0.05216881260275841, -0.026300203055143356, -0.014540850184857845, -0.0008045191643759608, -0.02957429736852646, 0.042531825602054596, -0.04053284972906113, -0.010317890904843807, -0.0001864811492851004, 0.012717684730887413, 0.05209861323237419, -0.031199051067233086, 0.007180124521255493, -0.007353523280471563, -0.01724824123084545, 0.02953116036951542, 0.001843603909946978, -0.03474448248744011, 0.00480140233412385, 0.0008278045570477843, 0.02591850981116295, 0.009375224821269512, 0.019985558465123177, -0.029064929112792015, 0.01885359175503254, -0.03892813250422478, -0.05539475008845329, 0.004650438204407692, 0.013319175690412521, 0.00856221467256546, 0.04143059626221657, 0.02049456723034382, -0.02691051922738552, 0.06032487004995346, -0.05619043856859207, -0.05805273726582527, -0.015879346057772636, -0.006140373647212982, 0.01493599358946085, 0.014959830790758133, -0.013652961701154709, -0.006252201274037361, -0.013560038059949875, 0.020744390785694122, 0.021477648988366127, -0.02935854159295559, -0.0026751570403575897, -0.011494072154164314, 0.02078227326273918, 0.01646634005010128, 0.0249886866658926, -0.03011876903474331, 0.024295873939990997, 0.005123861599713564, 0.009567800909280777]",
15_1_0_docs_01_app_03_api_reference_01_directives_use_cache_mdx_section_3,section,15_1_0_docs_01_app_03_api_reference_01_directives_use_cache_mdx,use cache - Good to know,,{},15.1.0,"`` is an experimental Next.js feature, and not a native React feature like [/docs/app/api-reference/directives/use-client](/docs/app/api-reference/directives/use-client) or [/docs/app/api-reference/directives/use-server](/docs/app/api-reference/directives/use-server).
Any [https://react.dev/reference/rsc/use-server#serializable-parameters-and-return-values](https://react.dev/reference/rsc/use-server#serializable-parameters-and-return-values) arguments (or props) passed to the cached function, as well as any serializable values it reads from the parent scope, will be converted to a format like JSON and automatically become a part of the cache key.
Any non-serializable arguments, props, or closed-over values will turn into opaque references inside the cached function, and can be only passed through and not inspected nor modified. These non-serializable values will be filled in at the request time and won't become a part of the cache key.For example, a cached function can take in JSX as a `` prop and return ``, but it won't be able to introspect the actual `` object.
The return value of the cacheable function must also be serializable. This ensures that the cached data can be stored and retrieved correctly.
Functions that use the `` directive must not have any side-effects, such as modifying state, directly manipulating the DOM, or setting timers to execute code at intervals.
If used alongside [/docs/app/building-your-application/rendering/partial-prerendering](/docs/app/building-your-application/rendering/partial-prerendering), segments that have `` will be prerendered as part of the static HTML shell.
The `` directive will be available separately from the [/docs/app/api-reference/config/next-config-js/dynamicIO](/docs/app/api-reference/config/next-config-js/dynamicIO) flag in the future.
Unlike [/docs/app/api-reference/functions/unstable_cache](/docs/app/api-reference/functions/unstable_cache) which only supports JSON data, `` can cache any serializable data React can render, including the render output of components.
",,"[(np.int64(47), np.float64(0.12725386023521423)), (np.int64(3714), np.float64(0.20286032557487488)), (np.int64(4527), np.float64(0.19155865907669067)), (np.int64(18621), np.float64(0.15806461870670319)), (np.int64(82365), np.float64(0.3180054724216461))]","[-0.02370702102780342, -0.010419321246445179, -0.03769981488585472, 0.011217381805181503, -0.033884789794683456, -0.030474621802568436, 0.008848538622260094, 0.043697237968444824, -0.003614637069404125, 0.01188918761909008, 0.028248384594917297, -0.016539759933948517, 0.012774135917425156, 0.017608964815735817, 0.004631331656128168, 0.03410286083817482, 0.022613337263464928, 0.008018266409635544, -0.0003797220706474036, 0.016202589496970177, -0.030695278197526932, 0.005380164831876755, -0.031520720571279526, 0.04628826677799225, 0.010166761465370655, 0.041123248636722565, -0.03103119134902954, -0.022726180031895638, -0.019741037860512733, 0.040859155356884, 0.04451063275337219, -0.007621003780514002, 0.011735033243894577, 0.03105207346379757, -0.04368177801370621, 0.0005559928831644356, -0.05438750982284546, 0.030544357374310493, -0.026174869388341904, -0.03563078120350838, 0.027693413197994232, -0.0037845661863684654, 0.012605223804712296, -0.018102305009961128, 0.033041633665561676, -0.03630794212222099, 0.015194290317595005, -0.035383544862270355, 0.014570637606084347, -0.0007633203640580177, -0.0658089816570282, 0.0018602210329845548, 0.034775178879499435, -0.030200358480215073, 0.015854785218834877, 0.019461780786514282, 0.0009173795115202665, -0.07105565071105957, -0.030064554885029793, 0.049523185938596725, -0.030562749132514, -0.029665928333997726, -0.04256555810570717, 0.03165314346551895, -0.027796557173132896, 0.031194845214486122, -0.006838866509497166, 0.003815834177657962, -0.02457800693809986, -0.03907565027475357, 0.002246927237138152, 0.00978834368288517, -0.05672009289264679, -0.04802808538079262, -0.03196481242775917, 0.021323036402463913, 0.045394111424684525, -0.012517338618636131, 0.009523451328277588, 0.005013577174395323, -0.012169432826340199, -0.035233933478593826, -0.018460121005773544, -0.01888546347618103, 0.01638929173350334, -0.0011588064953684807, -0.05687164142727852, 0.03639844059944153, 0.04683058708906174, 0.004793486092239618, 0.022783532738685608, 0.001035710098221898, 0.04248722270131111, -0.03590929135680199, -0.0247958991676569, -0.012250958941876888, -0.01631445810198784, 0.019948376342654228, 0.04841406270861626, -0.008643195964396, 0.012117545120418072, -0.04034942761063576, -0.040814246982336044, -0.03966710343956947, 0.0665162056684494, 0.014239201322197914, 0.016303744167089462, 0.023528432473540306, -0.00626351498067379, -0.023838631808757782, -0.010153323411941528, 0.021409036591649055, -0.009141728281974792, 0.050684623420238495, -0.007610584143549204, -0.013689100742340088, 0.02008504420518875, -0.0036435460206121206, -0.014148671180009842, 0.01998515985906124, 0.04013371840119362, 0.01651051454246044, -0.005097953602671623, -0.013593305833637714, 0.02970111183822155, -0.003349126083776355, -0.02040020376443863, 0.05766929313540459, -0.007210595067590475, 0.03609558939933777, -0.018534665927290916, 0.036878552287817, -0.014645730145275593, -0.0338139533996582, -0.06477827578783035, 0.015834325924515724, 0.01685819774866104, 0.026582317426800728, 0.029807638376951218, -0.05963016301393509, 0.035664480179548264, 0.04239880293607712, 0.013272900134325027, -0.014428475871682167, 0.05366580933332443, 0.018863651901483536, 0.03782455623149872, 0.01296144351363182, 0.0061539639718830585, -0.006017208565026522, -0.0007517159101553261, 0.004076085519045591, 0.0005843153339810669, -0.021135902032256126, 0.015013697557151318, -0.018516387790441513, 0.009524346329271793, 0.010072684846818447, 0.03157585486769676, 0.02444843202829361, -0.0061290934681892395, -0.015406152233481407, -0.015768827870488167, 0.051802217960357666, 0.05719941109418869, -0.014854202046990395, 0.029377829283475876, -0.0021190675906836987, -0.019938159734010696, -0.02168055810034275, 0.025642817839980125, -0.05735177546739578, 0.02754257619380951, -0.006927719339728355, 0.03869309276342392, 0.02148938924074173, 0.0797581821680069, 0.011648752726614475, -0.008654299192130566, -0.023324010893702507, -0.017664670944213867, 0.02303999476134777, 0.012210540473461151, -0.009996987879276276, -0.033193957060575485, -0.009049293585121632, -0.04665657505393028, -0.007228457368910313, -0.015905212610960007, 0.039826225489377975, -0.06807475537061691, -0.02241174504160881, 0.02379530668258667, 0.04726528748869896, 0.042103640735149384, -0.030599446967244148, 0.01176395546644926, -0.024388205260038376, 0.01897314004600048, 0.028118442744016647, 0.010882632806897163, 0.057156920433044434, 0.0038630133494734764, -0.010284997522830963, -0.03211723640561104, -0.02691665291786194, -0.05471126362681389, -0.0394895114004612, 0.021488545462489128, -0.035033244639635086, 0.00762665132060647, -0.0017834316240623593, 0.02172839269042015, 0.0027840640395879745, -0.03844881057739258, 0.005242660641670227, -0.021298537030816078, -0.0007759996806271374, -0.009946983307600021, -0.062473978847265244, 0.03288799896836281, 0.002934579271823168, 0.005293524824082851, 0.003589784260839224, 0.0017471013125032187, -0.0070927441120147705, 0.039083290845155716, 0.020483076572418213, 0.02081810124218464, -0.026019781827926636, 0.006107273977249861, 0.032001275569200516, 0.01944952830672264, -0.029355905950069427, 0.055191170424222946, -0.05000562593340874, -0.042189326137304306, 0.003190679242834449, 0.027496643364429474, -0.01534189935773611, -0.05294696241617203, -0.04866963252425194, 0.03888824209570885, 0.03969394043087959, -0.04138767719268799, -0.04769182205200195, 0.009950688108801842, 0.027456248179078102, 0.021338215097784996, -0.02272399142384529, 0.012671276926994324, 0.03431180119514465, -0.015630599111318588, -0.0026199205312877893, 0.0051259431056678295, -0.004330315627157688, 0.021228525787591934, -0.012326626107096672, -0.01613338105380535, -0.03383577615022659, 0.023886248469352722, 0.03279869630932808, 0.020576348528265953, 0.017246784642338753, 0.006101157050579786, -0.00032544208806939423, -0.037662334740161896, -0.0216252189129591, -0.0038149207830429077, -0.026854103431105614, -0.03138694539666176, 0.004299888852983713, 0.014243966899812222, -0.017885830253362656, -0.012861237861216068, 0.013927576132118702, -0.033382683992385864, -0.0014188457280397415, 0.11484701186418533, -0.008309857919812202, -0.04515011981129646, 0.03370070084929466, 0.053084637969732285, 0.028629383072257042, 0.029207827523350716, -0.032399434596300125, 0.012643246911466122, 0.042940203100442886, -0.014705538749694824, -0.03317506983876228, 0.011829884722828865, -0.010796040296554565, 0.060438692569732666, -0.00959800649434328, -0.02976829931139946, -0.026464106515049934, -0.013591453433036804, -0.14342071115970612, -0.043350182473659515, 0.021261656656861305, -0.03250160813331604, 0.03575436398386955, 0.03987336531281471, -0.043350059539079666, -0.03595650941133499, 0.009075804613530636, 0.04339366778731346, -0.00196578586474061, -0.059921443462371826, -0.029511628672480583, -0.007465607952326536, -0.023572448641061783, 0.010583021678030491, -0.01968236453831196, 0.006315017584711313, 0.056688208132982254, -0.02008482627570629, -0.005360093899071217, -0.02209056168794632, 0.03482615202665329, -0.021722326055169106, 0.006237891037017107, 0.002410414395853877, 0.058148372918367386, 0.010144193656742573, -0.019236678257584572, 0.0003490980016067624, 0.025474773719906807, 0.031597159802913666, -0.011684108525514603, 0.01716478168964386, 0.0028787406627088785, 0.020318515598773956, 0.028049154207110405, -0.013169944286346436, -0.004507695324718952, -0.040106214582920074, 0.03717135637998581, 0.039292510598897934, -0.045728884637355804, -0.000934402400162071, -0.0011152984807267785, -0.01245783269405365, -0.0015708418795838952, -0.0017638663994148374, 0.0011721184710040689, 0.028058620169758797, 0.043831732124090195, -0.03979216143488884, -0.04126989096403122, -0.009815990924835205, -0.05215317755937576, -0.026148857548832893, 0.022355373948812485, 0.004929899238049984, -0.01225950475782156, 0.03606259450316429, -0.0066831400617957115, -0.024561893194913864, 0.07344986498355865, 0.03211876377463341, -0.045679230242967606, 0.012701388448476791, 0.05548582226037979, -0.0021207036916166544, 0.046646423637866974, -0.014356167986989021, 0.01090154517441988, -0.035902172327041626, -0.006992867216467857, -0.003545313375070691, -0.03577743098139763, 0.0001281587319681421, 0.022359350696206093, -0.0010597598738968372, -0.003238168777897954, -0.075973279774189, -0.007448703516274691, -0.012873360887169838, -0.01581403985619545, 0.029582584276795387, -0.02562478370964527, -0.006527527701109648, 0.012266699224710464, -0.015122389420866966, 0.006351168733090162, 0.26418229937553406, 0.02694541960954666, 0.01717323623597622, 0.004732182249426842, 0.05079974979162216, 0.022669794037938118, -0.0065040187910199165, 0.04531343653798103, 0.034584175795316696, -0.01720159873366356, 0.001880018156953156, -0.02399410307407379, 0.023469967767596245, -0.04719642922282219, 0.010064390487968922, 0.023081745952367783, -0.04964489862322807, 0.02537369914352894, 0.06005276367068291, -0.040611013770103455, 0.07246164977550507, -0.013627894222736359, 0.012523840181529522, 0.020778903737664223, -0.032269977033138275, 0.05125010013580322, -0.014378436841070652, -0.007922414690256119, -0.01120012253522873, -0.0003727648581843823, -0.03574444726109505, 0.005622756667435169, 0.062105562537908554, -0.04502713307738304, 0.000582160777412355, -0.030675126239657402, 0.02509918063879013, -0.005164682865142822, -0.009622922167181969, -0.01389231625944376, -0.010882154107093811, 0.002435770584270358, 0.00874974112957716, 0.020776255056262016, -0.026169557124376297, -0.028222789987921715, -0.04846867173910141, -0.03994467854499817, -0.01594674587249756, -0.03407537564635277, -0.0410972535610199, -0.022292539477348328, -0.023714952170848846, -0.006271759048104286, -0.013556099496781826, -0.051796019077301025, -0.009685894474387169, 0.04460000619292259, 0.017293313518166542, 0.05224458873271942, -0.007145094219595194, 0.008010455407202244, -0.041074447333812714, 0.06655927747488022, -0.05172416940331459, 0.0046004909090697765, 0.025485239923000336, -0.06493356823921204, 0.029539404436945915, 0.04872782900929451, -0.02521330676972866, 0.036115653812885284, 0.0072758677415549755, -0.0464993380010128, 0.01521366834640503, 0.012133311480283737, -0.01956339180469513, 0.0694461390376091, -0.061873797327280045, 0.02747618779540062, -0.006850573234260082, -0.01754717528820038, -0.02141842246055603, 0.028229858726263046, 0.01720426231622696, 0.0061668045818805695, -0.011042492464184761, 0.03685175999999046, -0.016818726435303688, -0.010270124301314354, -0.01541404239833355, -0.006704732310026884, -0.035826362669467926, 0.029364360496401787, 0.04088883101940155, 0.01358204334974289, 0.0404374897480011, -0.009322160854935646, -0.028598951175808907, -0.0029549228493124247, -0.0012365542352199554, -0.0162108913064003, 0.008746298961341381, -0.024597730487585068, 0.04394739866256714, -0.05286648869514465, 0.0035122486297041178, 0.0013896868331357837, 0.0005300604389049113, -0.007201427593827248, -0.021840455010533333, 0.005749985110014677, -0.0016526131657883525, -0.033086564391851425, -0.005555987358093262, 0.0788068026304245, 0.022294841706752777, 0.03464342653751373, 0.03597477823495865, 0.0746469721198082, -0.016187045723199844, 0.018194129690527916, 0.009724972769618034, 0.016922669485211372, -0.011151663959026337, -0.03171541541814804, -0.04292130842804909, -0.0029277876019477844, -0.03720475733280182, 0.02884381078183651, 0.03926306962966919, -0.027819501236081123, -8.003016409929842e-05, 0.04052158445119858, -0.0029217929113656282, -0.04259835183620453, 0.06504932045936584, 0.01992371678352356, -0.013746950775384903, -0.004989231005311012, -0.009179018437862396, -0.036663591861724854, -0.011463208124041557, 0.037538859993219376, -0.001524621620774269, 0.011176886036992073, 0.0018311922904103994, -0.002165184123441577, -0.0038060713559389114, 0.010568850673735142, 0.04006136953830719, 0.04862076789140701, -0.00929679162800312, -0.033213719725608826, -0.0015583173371851444, -0.05874305218458176, -0.005878102034330368, -0.03177020326256752, -0.0192489605396986, -0.00742722861468792, -0.03493574634194374, -0.0012184380320832133, 0.014473947696387768, -0.014104262925684452, 0.043159183114767075, -0.0028563211672008038, 0.043814051896333694, 0.011285926215350628, 0.0008994963718578219, -0.040978316217660904, 0.03301709145307541, -0.04877899959683418, -0.05277455225586891, -0.01484979223459959, -0.023268824443221092, -0.022064251825213432, -0.04108622297644615, -0.002029353054240346, -0.009689467959105968, -0.04667673632502556, 0.030383549630641937, -0.03813493251800537, -2.9195141905802302e-05, -0.00313587486743927, 0.011036839336156845, 0.03780165687203407, 0.0058702765963971615, -0.019161805510520935, 0.04846169427037239, -0.04301018267869949, -0.03136323392391205, 0.10969439148902893, -0.04908756911754608, -0.007884201593697071, 0.0474400669336319, -0.027089446783065796, 0.05239200219511986, 0.01922517456114292, -0.021222848445177078, -0.03290841728448868, -0.002353337127715349, -0.024904636666178703, 0.007507744245231152, 0.018046272918581963, -0.010581113398075104, 0.008775225840508938, -0.026776738464832306, 0.004026091657578945, -0.05614436790347099, 0.02744561806321144, 0.004220239352434874, 0.009626752696931362, -0.029664138332009315, -0.0010691287461668253, 0.01595628634095192, -0.025221824645996094, 0.04298705235123634, 0.023858021944761276, 0.02753114327788353, -0.03713599964976311, -0.011770823039114475, -0.017411014065146446, 0.027199160307645798, -0.009171588346362114, -0.01666267216205597, 0.0206272192299366, -0.009442423470318317, -0.007640865631401539, 0.011675599962472916, -0.006693996489048004, -0.006365783978253603, -0.0021882522851228714, -0.026161640882492065, -0.02346692606806755, -0.009961814619600773, 0.016611266881227493, 0.015008416958153248, 0.010581390000879765, -0.004882382694631815, -0.03779328987002373, -0.018904386088252068, -0.010770506225526333, -0.0038784134667366743, 0.049325618892908096, 0.017029179260134697, 0.011919479817152023, -0.023773973807692528, -0.025535620748996735, 0.014766290783882141, -0.003414361970499158, -0.028748702257871628, 0.011282108724117279, 0.00041072876774705946, -0.02723008580505848, 0.0383308082818985, 0.029377857223153114, 0.00623325863853097, -0.005821756087243557, -0.04511507600545883, -0.007772020995616913, -0.0381525456905365, -0.00040360886487178504, 0.02436888962984085, 0.010129994712769985, -0.008724221959710121, -0.010677814483642578, 0.0710434764623642, -0.030742881819605827, -0.02467551827430725, -0.0517432875931263, 0.011465979740023613, -0.00450420705601573, -0.019191836938261986, -0.036224365234375, 0.01723310723900795, -0.06346078217029572, -0.03888440504670143, -0.01945299468934536, -0.0063727363012731075, 0.021962635219097137, 0.005459209438413382, -0.02088388241827488, -0.00016903788491617888, 0.01996828056871891, -0.004352214280515909, 0.030888332054018974, 0.02622676081955433, 0.007701518479734659, -0.001008051447570324, -0.05297883227467537, 0.03090447001159191, -0.021149620413780212, -0.04004287347197533, -0.01877683587372303, -0.014352569356560707, -0.033172596246004105, 0.035706110298633575, 0.017908168956637383, 0.005132046528160572, 0.05193087458610535, -0.024027762934565544, -0.0168916042894125, -0.03269285708665848, 0.012341027148067951, -0.045586246997117996, 0.04994512349367142, 0.016718758270144463, -0.08396556973457336, 0.03843257203698158, -0.021587571129202843, 0.017924482002854347, -0.032663494348526, 0.03730950504541397, -0.008103962056338787, 0.07642308622598648, 0.00243382528424263, 0.028828710317611694, 0.012186255306005478, 0.01995357871055603, -0.017411626875400543, -0.06743641197681427, 0.006330079864710569, -0.056681811809539795, 0.006578818429261446, 0.020466580986976624, 0.0024558936711400747, 0.03448483720421791, -0.013898505829274654, 1.3576091987488326e-05, 0.006632494740188122, -0.03224950283765793, -0.036487236618995667, -0.011754924431443214, 0.0009705610573291779, 0.020757148042321205, 0.052739907056093216, -0.012271699495613575, -0.012336439453065395, 0.02488446980714798, -0.0038014529272913933, 0.03688420355319977, -0.053161922842264175, 0.025026995688676834, -0.010807361453771591, 0.0010884336661547422, -0.03026639297604561, 0.004828449338674545, -0.005181741435080767, -0.03897159919142723, -0.025826122611761093, -0.012979144230484962, -0.02178884670138359, -0.01571541279554367, -0.04302617162466049, -0.011562121100723743, -0.028635894879698753, 0.014230779372155666, 0.00440886290743947, 0.011605238541960716, 0.015017794445157051, -0.022051075473427773, 0.011613772250711918, -0.030229588970541954, -0.024568336084485054, 0.017921043559908867, 0.00960633810609579, 0.006202010903507471, -0.0423596128821373, 0.009205450303852558, -0.03468606248497963, -0.015287309885025024, 0.0012720755767077208, 0.018732257187366486, -0.02080324850976467, 0.011148316785693169, 0.0019787985365837812, -0.02362298034131527, -0.0001953921018866822, 0.023587247356772423, -0.011877822689712048, -0.007092292420566082, -0.025042198598384857, -0.004491651430726051, -0.0008908127201721072, 0.004764017183333635, -0.017662353813648224, 0.02233012020587921, -0.02270948328077793, 0.010001616552472115, 0.048638101667165756, -0.007660585455596447, 0.03826335817575455, -0.011386285535991192, -0.0043434700928628445, -0.15150442719459534, 0.009070543572306633, -0.015233569778501987, 0.0057832906022667885, -0.035963024944067, 0.0029569005127996206, 0.02848215028643608, -0.02406788431107998, 0.01687612012028694, -0.06225137412548065, -0.019305607303977013, -0.03428090736269951, -0.018381493166089058, -0.027694765478372574, -0.014536375179886818, 0.008575964719057083, -0.008736842311918736, -0.011671180836856365, 0.015303494408726692, -0.010690131224691868, 0.000548629614058882, -0.0058701722882688046, 0.05902345851063728, -0.016515986993908882, 0.0036088768392801285, 0.0022811114322394133, -0.02452274225652218, 0.05540770664811134, -0.016022223979234695, -0.04288989305496216, 0.023017989471554756, 0.025794392451643944, 0.04596776142716408, 0.04317961260676384, -0.022361358627676964, 0.040781404823064804, 0.002099226927384734, 0.016822049394249916, -0.032212354242801666, -0.004678315948694944, 0.016332967206835747, 0.024864882230758667, -0.03092474490404129, -0.025349445641040802, 0.021148405969142914, 0.03248077630996704, -0.023093082010746002, -0.01244421862065792, -0.03557048365473747, 0.012750149704515934, 0.0036270548589527607, 0.02378804236650467, 0.03377256169915199, -0.011789473704993725, -0.01216423511505127, 0.010882280766963959, -0.009247470647096634, -0.008795385248959064, -0.06802325695753098, 0.04595012590289116, -0.03870509937405586, 0.013575755059719086, -0.051642339676618576, -0.04630487784743309, -0.01604994758963585, 0.03415871039032936, -0.027871672064065933, 0.03180505707859993, -0.019532686099410057, 0.0011713482672348619, -0.024170206859707832, -0.01672009564936161, -0.04641101136803627, -0.024502217769622803, 0.005290747620165348, 0.037457309663295746, -0.016422908753156662, -0.029148301109671593, 0.018218498677015305, -0.003600248135626316, -0.016186106950044632, -0.015458195470273495, -0.05823436379432678, 0.04153949022293091, 0.0698874443769455, 0.013431272469460964, -0.008910492062568665, 0.0005552675575017929, -0.012013198807835579, -0.06653304398059845, -0.06817040592432022, -0.03195686638355255, 0.004001214634627104, 0.01217617653310299, -0.007823384366929531, 0.04082911089062691, 0.01340469904243946, 0.01901097409427166, 0.06355682760477066, -0.030506258830428123, 0.02192312479019165, -0.0017991750501096249, 0.04541163146495819, 0.04878117889165878, -0.02268385700881481, -0.021216297522187233, 0.029449554160237312, 0.043540213257074356, -0.010759289376437664, 0.043480198830366135, -0.02147531509399414, -0.0001199151884065941, -0.04343411698937416, -0.003448217175900936, -0.037000253796577454, 0.004794197157025337, 0.04022853448987007, 0.032674890011548996, 0.00967001635581255, 0.023562975227832794, 0.012637011706829071, 0.0004231842758599669, -0.03767089173197746, -0.047242823988199234, 0.01913014054298401, 0.013060864061117172, 0.0419236421585083, 0.009134688414633274, 0.011046427302062511, -0.010594612918794155, 0.018534451723098755, -0.03874818980693817, -0.02702437713742256, 0.06409948319196701, 0.030101781710982323, -0.03657355159521103, -0.03106880746781826, 0.029933778569102287, -0.042253583669662476, -0.0003320392861496657, -0.01854735240340233, -0.02618570253252983, 0.057264432311058044, -0.027089916169643402, 0.019367802888154984, -0.020941611379384995, 0.014645937830209732, 0.012560771778225899, -0.01851421222090721, -0.026718439534306526, -0.011276395060122013, -0.01124343741685152, 0.01064108032733202, 0.03416481986641884, -0.01892303116619587, 0.0357712022960186, 0.029371166601777077, 0.012341632507741451, -0.05165399983525276, 0.013567378744482994, 0.02714717760682106, -0.053631410002708435, -0.01899348385632038, 0.014363535679876804, -0.01624915562570095, -0.018504519015550613, 0.004596465267241001, 0.009182319976389408, 0.011177301406860352, 0.033492449671030045, -0.0053947181440889835, 0.06598606705665588, -0.010808685794472694, 0.00933526735752821, 0.008743911050260067, -0.06678903102874756, 0.030973125249147415, 0.011378337629139423, 0.037899404764175415, -0.027280308306217194, 0.04712168127298355, -0.06202099472284317, 0.05066153034567833, -0.021193120628595352, 0.04051757603883743, 0.007502533961087465, -0.039820462465286255, 0.03819827362895012, 0.03149470314383507, -0.024440472945570946, -0.04175916686654091, -0.003930456005036831, 0.01715219020843506, -0.030479423701763153, 0.0409390814602375, -0.026482095941901207, -0.013964611105620861, -0.004900611937046051, 0.02598804607987404, 0.02106029912829399, -0.0458657406270504, 0.030338119715452194, -0.011528373695909977, -0.02826029434800148, -0.0177011638879776, -0.0010144240222871304, -0.007019033655524254, -0.0039034043438732624, -0.02580610103905201, 0.039819687604904175, -0.022907797247171402, -0.028395622968673706, -0.00687687611207366, 0.004193156957626343, -0.047715332359075546, -0.03886551782488823, 0.009576790034770966, 0.023359516635537148, 0.0010482335928827524, -0.024576187133789062, -0.00046749634202569723, 0.033580049872398376, 0.022657327353954315, -0.032386619597673416, -0.08282119780778885, -0.02519025281071663, -0.007571933791041374, 0.02960928902029991, 0.0032683671452105045, 0.016739249229431152, -0.028013786301016808, 0.005251499358564615, 0.022394193336367607, 0.024774961173534393, 0.021230613812804222, 0.029217740520834923, -0.0017027627909556031, -0.003605244215577841, -0.032377250492572784, 0.0027247394900768995, 0.03623398765921593, 0.017493348568677902, -0.023141078650951385, 0.03005153313279152]",,
15_1_0_docs_01_app_03_api_reference_01_directives_use_cache_mdx_section_4,section,15_1_0_docs_01_app_03_api_reference_01_directives_use_cache_mdx,use cache - Examples,,{},15.1.0,,,"[(np.int64(4527), np.float64(0.1984383463859558)), (np.int64(82365), np.float64(0.3178342878818512)), (np.int64(89536), np.float64(0.24523353576660156)), (np.int64(99726), np.float64(0.21746276319026947))]",,,
15_1_0_docs_01_app_03_api_reference_01_directives_use_cache_mdx_section_5,section,15_1_0_docs_01_app_03_api_reference_01_directives_use_cache_mdx,use cache - Caching entire routes with ,,{},15.1.0,"To prerender an entire route, add `` to the top both the `` and `` files. Each of these segments are treated as separate entry points in your application, and will be cached independently.
Any components imported and nested in `` file will inherit the cache behavior of ``.
This is recommended for applications that previously used the [/docs/app/api-reference/file-conventions/route-segment-config#dynamic](/docs/app/api-reference/file-conventions/route-segment-config#dynamic) option, and will ensure the entire route is prerendered.
",,"[(np.int64(7), np.float64(0.10362166166305542)), (np.int64(678), np.float64(0.11225315928459167)), (np.int64(2041), np.float64(0.18121524155139923)), (np.int64(4527), np.float64(0.13339251279830933)), (np.int64(36439), np.float64(0.2545267343521118)), (np.int64(59207), np.float64(0.18194767832756042)), (np.int64(64194), np.float64(0.20545151829719543)), (np.int64(82365), np.float64(0.2722699046134949))]","[-0.001440356019884348, -0.05666019022464752, -0.011205418966710567, 0.03907220438122749, -0.017685573548078537, -0.05132649466395378, 0.04115588217973709, 0.03735353797674179, -0.007266704924404621, 0.015170062892138958, -0.021139880642294884, -0.014771410264074802, 0.021596834063529968, 0.025578530505299568, -0.010336536914110184, 0.020693810656666756, -0.013513137586414814, 0.014492528513073921, -0.03177954629063606, 0.00835928414016962, 0.004147632513195276, 0.011643914505839348, -0.013194658793509007, -0.010849853977560997, 0.0014768847031518817, 0.013921672478318214, 0.0077429707162082195, -0.005221610888838768, 0.006211680825799704, 0.023410353809595108, 0.01332865934818983, -0.0062430063262581825, -0.013319221325218678, 0.013894349336624146, -0.035053059458732605, -0.012792671099305153, -0.020472068339586258, -0.03824909031391144, -0.01622948981821537, 0.0030513922683894634, -0.0434897355735302, -0.0263894721865654, -0.000994298025034368, -0.04465695470571518, -0.013548936694860458, -0.01607482321560383, 0.00019032260752283037, -0.03467521443963051, 0.0361797958612442, -0.030566498637199402, -0.05627255141735077, -0.021521806716918945, 0.005512648727744818, -0.07286598533391953, -0.017953159287571907, 0.05610472708940506, -0.011609137058258057, -0.05085533484816551, -0.03764958679676056, 0.03663688153028488, -0.02046394720673561, 0.014324875548481941, 0.013764002360403538, -0.008519606664776802, -0.01373512763530016, -0.006000995635986328, -0.003753582015633583, -0.008272353559732437, -0.007115373387932777, -0.023312607780098915, 0.013621963560581207, 0.026527125388383865, -0.0704665407538414, -0.061167292296886444, -0.06680206954479218, 0.029154853895306587, 0.048942748457193375, -0.02308046817779541, -0.04448547586798668, -0.019139915704727173, -0.008616898208856583, -0.062444623559713364, 0.0069643775932490826, 0.028111249208450317, 0.03748949617147446, -0.0007808463997207582, -0.03957820311188698, 0.09535880386829376, 0.02979041077196598, 0.01618378423154354, 0.018812797963619232, -0.015496286563575268, 0.04731100797653198, -0.04978980869054794, -0.020583096891641617, -0.012639184482395649, -0.012852639891207218, 0.0060349940322339535, 0.038147225975990295, -0.016602888703346252, 0.04309820011258125, -0.01216066349297762, -0.006243870593607426, 0.0007814752170816064, 0.05109146982431412, 0.01968475803732872, 0.02422603964805603, 0.04326185956597328, 0.006834661588072777, -0.030514389276504517, 0.011432576924562454, -0.010654797777533531, -0.01059992890805006, 0.02733689360320568, 0.011423507705330849, -0.01789303682744503, 0.008314941078424454, -0.02799556404352188, -0.010078868828713894, 0.038554973900318146, 0.028417304158210754, -0.012512780725955963, 0.02656748704612255, 0.0023410553112626076, 0.038909099996089935, -0.0023196227848529816, 0.024351738393306732, 0.05197307467460632, -0.006585780065506697, -0.003649250604212284, -0.004882678389549255, 0.04852702468633652, -0.019042624160647392, -0.009753686375916004, -0.06196984648704529, 0.01007029041647911, 0.009566075168550014, 0.01619647815823555, 0.014384729787707329, -0.09284133464097977, 0.040000736713409424, 0.05189858749508858, -0.022052744403481483, 0.0005939124384894967, 0.04072245955467224, -0.05078355595469475, 0.03756723552942276, 0.031379811465740204, 0.007682708092033863, -0.018084626644849777, -0.006347821559756994, 0.025128738954663277, -0.044667892158031464, -0.020840851590037346, 0.05827273055911064, -0.028699101880192757, 0.033556677401065826, 0.06423897296190262, 0.014129812829196453, 0.04926857352256775, -0.01441133487969637, 0.043185461312532425, -0.0363154262304306, 0.02522393688559532, 0.04365060478448868, -0.055576473474502563, 0.029428208246827126, -0.0035067114513367414, -0.014498443342745304, -0.059486497193574905, -0.0056909434497356415, 0.0404651015996933, 0.004136751871556044, -0.018656102940440178, 0.02389189414680004, 0.04294343292713165, 0.06666139513254166, 0.01740681380033493, -0.025322047993540764, -0.04534142091870308, -0.05397436395287514, -0.00063039839733392, 0.02420036308467388, -0.027313100174069405, -0.02231774665415287, 0.050057776272296906, 0.0011724424548447132, -0.006256420165300369, -0.004808300174772739, 0.026219258084893227, -0.02003069967031479, -0.0034666878636926413, 0.0767211839556694, 0.04230642691254616, -0.004850593861192465, -0.005508896429091692, 0.005053811240941286, 0.014760424382984638, 0.023210739716887474, -0.014205437153577805, 0.033294156193733215, 0.04255390167236328, 0.019101515412330627, 0.0293401088565588, -0.031713131815195084, 0.007557189557701349, -0.014214945957064629, -0.03396105021238327, 0.018913526087999344, -0.052735134959220886, 0.002788885496556759, -0.051713649183511734, -0.001400556298904121, -0.007875155657529831, 0.009812920354306698, 0.017253383994102478, 0.04162672907114029, 0.01365300826728344, 0.017628705129027367, -0.06029698997735977, -0.023719821125268936, -0.0023230495862662792, 0.007046583574265242, -0.00013553848839364946, 0.031247854232788086, 0.04268723726272583, -0.0039256783202290535, -0.004063264932483435, -0.0026845778338611126, -0.007739661727100611, -0.02373875491321087, 0.027193231508135796, 0.005608187057077885, -0.03546144440770149, 0.05797914043068886, -0.058598119765520096, 0.001761915860697627, 0.041379109025001526, 0.009231478907167912, -0.004263604525476694, -0.01565396972000599, -0.02643756940960884, 0.011337265372276306, -0.02657335065305233, -0.029700227081775665, -0.023232797160744667, -0.02264432981610298, 0.0282606054097414, -0.01644415594637394, -0.049209095537662506, 0.015142303891479969, -0.001956336898729205, -0.02882072702050209, 0.01263792347162962, -0.008611992932856083, -0.007602219935506582, 0.022584104910492897, -0.006426791660487652, -0.025031203404068947, -0.020534370094537735, 0.027814067900180817, 0.017439788207411766, 0.01190192997455597, 0.011566543020308018, -0.02344418130815029, -0.001548374886624515, -0.04075326770544052, -0.007435781881213188, -0.00995491910725832, 0.003834789153188467, -0.023228902369737625, 0.042594972997903824, 0.013894524425268173, -0.0026822101790457964, -0.027390768751502037, 0.02410144917666912, -0.05771678686141968, -0.010164870880544186, 0.10761291533708572, -0.008182717487215996, -0.021194303408265114, 0.032506510615348816, 0.05579836666584015, -0.03273322805762291, 0.06365688145160675, -0.019472256302833557, -0.032364267855882645, -0.006573759485036135, -0.008263139054179192, -0.007664412260055542, -0.019275454804301262, 0.03652355819940567, 0.06869077682495117, 0.012982453219592571, -0.011946109123528004, -0.026351874694228172, -0.0024439964909106493, -0.16677416861057281, -0.07719200849533081, 0.01971723698079586, -0.019800804555416107, 0.01669682376086712, 0.0521509125828743, -0.04351874813437462, -0.025093259289860725, 0.018365945667028427, 0.021917689591646194, 0.057987261563539505, -0.059351902455091476, 0.00210293335840106, -0.028934428468346596, 0.003671190934255719, -0.014053711667656898, -0.013429725542664528, 0.004081033170223236, -0.013763661496341228, -0.016010165214538574, -0.025556625798344612, -0.039059724658727646, 0.014710744842886925, 0.02356933243572712, -0.014159494079649448, -0.005951981991529465, 0.022983301430940628, 0.03119988925755024, -0.0274505615234375, 0.019735736772418022, -0.003973277285695076, 0.004988651257008314, 0.0014099364634603262, 0.0035771853290498257, -0.009495622478425503, 0.006970948539674282, -0.02412630058825016, 0.022428065538406372, 0.03259910270571709, -0.016460010781884193, -0.015248975716531277, 0.02439475618302822, -0.009846720844507217, -0.013916624709963799, -0.017332976683974266, -0.061833497136831284, 0.019383832812309265, -0.03153195604681969, -0.00526836421340704, 0.012121257372200489, 0.08213234692811966, -0.016521044075489044, -0.006804316770285368, 0.024494493380188942, -0.04156199470162392, 0.015183783136308193, 0.03035382740199566, 0.0459764339029789, -0.010853735730051994, 0.032692037522792816, -0.009495532140135765, 0.0023819711059331894, 0.01825924776494503, -0.0024436849635094404, -0.053769826889038086, 0.0335024818778038, 0.02231774665415287, -0.033998169004917145, 0.016207488253712654, -0.037549521774053574, 0.005405631382018328, -0.0436946339905262, 0.023187464103102684, 0.004593504127115011, -0.0566796138882637, 0.019263802096247673, -0.023067237809300423, -0.013921184465289116, -0.035508181899785995, -0.10553493350744247, -0.0054092868231236935, -0.004778104368597269, -0.015464010648429394, 0.003740997752174735, -0.015712356194853783, -0.011907978914678097, -0.01868859864771366, 0.01865386590361595, 0.026980917900800705, 0.2414567470550537, 0.06727544963359833, 0.011901331134140491, 0.006746259052306414, 0.07477347552776337, 0.0010572546161711216, 0.008889819495379925, 0.04892668500542641, 0.02271352708339691, -0.012774903327226639, -0.004374685697257519, 0.0003892016247846186, -0.002953846240416169, -0.012927551753818989, 0.023963995277881622, 0.027378490194678307, -0.03267675265669823, 0.02744739130139351, 0.04903692007064819, -0.014926102012395859, 0.007047614082694054, -0.020832525566220284, 0.025941628962755203, 0.030512860044836998, -0.05784129723906517, 0.007908089086413383, -0.019369788467884064, 0.008685674518346786, -0.000848302326630801, 0.022277217358350754, -0.036115530878305435, 0.001803136896342039, 0.03821884095668793, -0.04156230762600899, -0.08511194586753845, 0.014060188084840775, 0.05821995437145233, -0.0003058167640119791, -0.03431116044521332, -0.019193928688764572, 0.02653769962489605, -0.021860018372535706, -0.019757244735956192, -0.00805207621306181, 0.00790631677955389, -0.04860654100775719, -0.00786734838038683, -0.027134768664836884, -0.02190393954515457, -0.03165719285607338, -0.026653258129954338, -0.01736178807914257, -0.04807797446846962, -0.015574652701616287, 0.046164676547050476, -0.018346283584833145, -0.0069860913790762424, 0.034844882786273956, 0.019252531230449677, 0.05990343540906906, 0.012105442583560944, -0.02939707227051258, -0.02818327024579048, 0.039607834070920944, 0.010032537393271923, 0.02459501288831234, 0.0007659872644580901, -0.027893004938960075, -0.005498068872839212, 0.046480972319841385, 0.03930298238992691, 0.01796172745525837, 0.019076326861977577, -0.038210678845644, 0.038343776017427444, 0.01835527829825878, 0.01065770536661148, 0.021471435204148293, -0.025400688871741295, 0.03069792501628399, -0.014831813052296638, -0.0061987922526896, -0.029112914577126503, 0.03395279124379158, -0.010072019882500172, -0.020657097920775414, 0.005481456406414509, 0.07379697263240814, -0.014732743613421917, -0.023448770865797997, -0.01051230076700449, -0.021375861018896103, -0.023570852354168892, 0.01650804653763771, 0.015759050846099854, -0.03616710379719734, -0.010996847413480282, -0.00036330160219222307, -0.0043419538997113705, 0.009258879348635674, -0.013314386829733849, -0.009155092760920525, -0.008605342358350754, -0.030878882855176926, 0.051599934697151184, -0.0001968782307812944, -0.002204204211011529, -0.05292486399412155, 0.011887826956808567, -0.002017583465203643, 0.006593970116227865, -0.012356463819742203, -0.016793502494692802, 0.011934192851185799, -0.002808402990922332, 0.10253924131393433, 0.038454074412584305, 0.025438014417886734, 0.017712045460939407, 0.02595026046037674, -0.020545655861496925, -0.008537102490663528, 0.06467438489198685, 0.014283702708780766, 0.009711332619190216, -0.033262912184000015, -0.01719975657761097, -0.016582833603024483, -0.03266765549778938, 0.041207097470760345, 0.04798954352736473, -0.009675792418420315, -0.053976502269506454, 0.06435069441795349, 0.02499469369649887, -0.008658729493618011, 0.021749939769506454, 0.006952835246920586, -0.011043991893529892, -0.009635908529162407, -0.026159411296248436, 0.00831323117017746, -0.022273045033216476, -0.010237384587526321, 0.048813387751579285, 0.03672351315617561, 0.03743362054228783, 0.01156680192798376, 0.007596326991915703, -0.015140348114073277, 0.04827794060111046, 0.015792828053236008, 0.01990443840622902, -0.05752139538526535, -0.033708006143569946, -0.014050845988094807, 0.004681618884205818, 0.01340809091925621, -0.011521788313984871, -0.01173496339470148, 0.0011416393099352717, 0.01067480817437172, 0.05543890595436096, 0.012188587337732315, 0.029697854071855545, -0.02269277162849903, -0.032522596418857574, 0.0650571882724762, 0.0330798402428627, -0.008857588283717632, -0.011998704634606838, -0.010971314273774624, -0.031009133905172348, 0.01054286863654852, -0.003475707257166505, 0.00041555968346074224, -0.04682893678545952, 0.024194346740841866, -0.018300388008356094, -0.011955322697758675, 0.04295244440436363, 0.026190197095274925, -0.05038647726178169, 0.004013299476355314, 0.023062732070684433, -0.02426178939640522, -0.03948575630784035, -0.017530998215079308, 0.0328129343688488, -0.014675239101052284, -0.009826860390603542, 0.14223992824554443, -0.02377152629196644, -0.008943612687289715, 0.01171531155705452, 0.003074937267228961, 0.0636688619852066, 0.013445981778204441, -0.015207178890705109, 0.0018761022947728634, -0.010464602150022984, -0.02078973315656185, 0.016684595495462418, -0.009299412369728088, -0.003381834365427494, -0.0008817421039566398, -0.060840848833322525, 0.0035487969871610403, -0.0186446625739336, 0.006394681986421347, 0.0048864735290408134, 0.009327988140285015, -0.03131221979856491, 0.006026407703757286, -0.015888579189777374, -0.008879799395799637, 0.06376653164625168, 0.08213820308446884, -0.02179395593702793, -0.030670834705233574, -0.033090922981500626, -0.013161818496882915, 0.030273711308836937, -0.05472055450081825, -0.027266114950180054, 0.020161591470241547, -0.006304486189037561, 0.009737406857311726, 0.010179144330322742, -0.03429010510444641, -0.002501893322914839, 0.05841569975018501, -0.009497758001089096, 0.002548465970903635, 0.0013027875684201717, -0.017601413652300835, 0.0442107655107975, 0.017851054668426514, -0.01477714441716671, -0.032205093652009964, 0.012796595692634583, 0.011217706836760044, 0.026333307847380638, 0.040585070848464966, 0.025651803240180016, 0.0038702411111444235, -0.04233498126268387, -0.0285958144813776, 0.015390918590128422, 0.03348204120993614, 0.013437779620289803, -0.02143060974776745, -0.007783382665365934, -0.026811446994543076, 0.023057278245687485, -0.040236905217170715, -0.0007549790316261351, 0.003326419973745942, -0.018805110827088356, 0.03429234027862549, -0.015565333887934685, 0.023599816486239433, 0.010031096637248993, -0.03369791433215141, 0.026889968663454056, -0.06828118115663528, 0.044143833220005035, -0.03926309943199158, -0.008538980968296528, -0.04120751470327377, -0.008663998916745186, -0.02252066507935524, 0.015357539989054203, -0.03582169860601425, 0.015133281238377094, -0.05029677972197533, -0.024437779560685158, 0.013280753046274185, 8.338837506016716e-05, -0.025263668969273567, -0.04280249774456024, 0.025425326079130173, 0.03309877589344978, 0.012167529202997684, -0.005033588036894798, 0.020643385127186775, 0.028094422072172165, 0.010916383937001228, 0.015731502324342728, -0.04627805948257446, 0.0032477977219969034, 0.006286051589995623, -0.023113710805773735, 0.04110823571681976, -0.022046390920877457, 0.008478278294205666, -0.005996521096676588, 0.0254521481692791, -0.038866035640239716, 0.008576510474085808, -0.001509511610493064, -0.034713372588157654, -0.01437275018543005, 0.0009944833582267165, -0.001564463716931641, 0.03864812105894089, 0.015109105035662651, 0.010341052897274494, 0.029123088344931602, -0.0182214193046093, 0.011625135317444801, -0.05268415808677673, 0.026143793016672134, 0.019404757767915726, 0.0686233714222908, -0.015161710791289806, 0.017772454768419266, 0.011710790917277336, -0.0016257683746516705, -0.0029684032779186964, 0.012695536017417908, -0.03772382438182831, -0.025189656764268875, -0.040282413363456726, -0.024244317784905434, 0.01778993383049965, 0.02427341230213642, -0.028212929144501686, -0.021724233403801918, 0.01794295385479927, -0.0023177647963166237, -0.031175972893834114, 0.006409171968698502, -0.008964499458670616, 0.028349649161100388, 0.004660720471292734, 0.0399133674800396, -0.05523383244872093, 0.015226523391902447, -0.017188165336847305, -0.018692227080464363, -0.041976287961006165, 0.055103104561567307, -0.016052255406975746, 0.01809639483690262, -0.05735814943909645, 0.014081455767154694, 0.004118853714317083, -0.04700082540512085, 0.015097265131771564, -0.013053502887487411, -0.0072115580551326275, -0.008597441017627716, -0.04115118458867073, 0.013173609040677547, -0.08608639985322952, 0.04620250687003136, -0.018588712438941002, 0.026619361713528633, -0.01098825316876173, -0.04943426698446274, 0.035730279982089996, -0.008326580747961998, -0.02848787233233452, 0.004566374234855175, 0.021512260660529137, 0.016139637678861618, -0.03753538802266121, -0.01428306009620428, -0.023970918729901314, -0.02716663107275963, -0.00032478076172992587, -0.00904844980686903, -0.00023465775302611291, 0.015879759564995766, -0.004114032723009586, 0.021150443702936172, 0.02397526241838932, 0.037382837384939194, 0.0011817020131275058, -0.008647967129945755, -0.0292695090174675, -0.05294375494122505, 0.001717479433864355, -0.011280604638159275, -0.017606794834136963, -0.012389831244945526, 0.014451130293309689, -0.0114211430773139, 0.0314229317009449, -0.042028430849313736, 0.015776831656694412, -0.03814685717225075, 0.013374407775700092, -0.14612074196338654, 0.057598698884248734, -0.03946984186768532, 0.015704771503806114, -0.0017518592067062855, -0.020899733528494835, -0.04101257398724556, -0.04530547559261322, 0.0070669823326170444, -0.052370574325323105, -0.05104959383606911, -0.052548885345458984, 0.01289481669664383, 0.0036932192742824554, 0.018177522346377373, 0.009490196593105793, -0.0033560923766344786, -0.018468443304300308, -0.03769077733159065, -0.00501087075099349, 0.021544314920902252, -0.005047477316111326, 0.01475378405302763, -0.02766808681190014, -0.012652887962758541, 0.006751661188900471, -0.04923085868358612, -0.01089224498718977, -0.023282276466488838, 0.017898445948958397, -0.013398285023868084, -0.02104644849896431, 0.013874795287847519, 0.005889006890356541, -0.03420529514551163, 0.012417960911989212, -0.018823789432644844, -0.005833060014992952, -0.012630797922611237, -0.01221596822142601, -0.003887096419930458, 0.014597608707845211, -0.013594003394246101, 0.00359275471419096, -0.036428194493055344, 0.041228070855140686, -0.04424077644944191, -0.027027705684304237, -0.05494910106062889, -0.01725638657808304, -0.025345705449581146, 0.029686227440834045, 0.0241270549595356, 0.008192221634089947, 0.008568593300879002, 0.0018728823633864522, -0.00179121398832649, -0.014796814881265163, -0.06419351696968079, 0.0020311023108661175, -0.03645564988255501, 0.020528635010123253, -0.016806986182928085, -0.020204277709126472, 0.033438947051763535, 0.04947555437684059, 0.013708635233342648, 0.021087830886244774, 0.016536669805645943, 0.007247135043144226, 0.011271185241639614, 0.03283640742301941, -0.017015155404806137, 0.017714036628603935, 0.00858618225902319, 0.02028350532054901, -0.02340352162718773, -0.022387947887182236, 0.021567657589912415, 0.017297638580203056, -0.060866281390190125, 0.0009173541911877692, -0.060013387352228165, 0.05776841565966606, 0.06203306466341019, 0.005587730556726456, -0.03286979719996452, -0.009817525744438171, 0.03548739105463028, -0.012791860848665237, -0.04361211508512497, -0.029874665662646294, 0.01744530349969864, 0.037835706025362015, 0.01020450983196497, 0.01717856340110302, 0.014647724106907845, 0.005186340305954218, 0.022379759699106216, -0.030727552250027657, -0.02358263172209263, 0.01099320501089096, 0.010370834730565548, -0.004175638314336538, -0.013103908859193325, -0.002058761427178979, 0.005492157768458128, 0.0016500928904861212, -0.007159489206969738, -0.003655178239569068, -0.058935850858688354, -0.03802887350320816, -0.0324251614511013, 0.0017099374672397971, -0.014784679748117924, -0.019978005439043045, 0.015204036608338356, 0.014945442788302898, 0.04020410776138306, -0.0016964757815003395, 0.018946198746562004, -0.014016600325703621, -0.01542353630065918, -0.042404551059007645, 0.017515048384666443, 0.040422458201646805, 0.032252904027700424, -0.002255842322483659, 0.01262663584202528, -0.019558073952794075, -0.0010979893850162625, -0.0617964081466198, 0.009262111969292164, -0.0070465742610394955, 0.01433951873332262, -0.02154994010925293, -0.0315486416220665, 0.04370740428566933, -0.032983165234327316, -0.0018776453798636794, -0.0322115384042263, -0.03231092169880867, 0.018744904547929764, -0.0546814426779747, 0.0001980710367206484, -0.0268205925822258, 0.012614447623491287, 0.012852977961301804, 0.009151267819106579, -0.015017126686871052, 0.011782205663621426, 0.024408822879195213, -0.047286443412303925, 0.04567006602883339, -0.013714063912630081, 0.0006843679584562778, -0.013551432639360428, 0.04167824611067772, -0.04062626510858536, 0.01687956228852272, -0.006291131488978863, -0.034734878689050674, 0.04179735109210014, 0.031080791726708412, -0.004563309717923403, 0.022122325375676155, -0.0061493124812841415, -0.015269146300852299, 0.006288483738899231, 0.0051019927486777306, 0.008850720711052418, 0.061760228127241135, -0.005323431920260191, 0.013840450905263424, 0.035122957080602646, -0.023976145312190056, 0.00789306964725256, 0.060560669749975204, -0.008672285825014114, -0.02448056824505329, 0.04024743288755417, 0.0037727460730820894, 0.059914834797382355, 0.006313895806670189, 0.021603727713227272, 0.025139136239886284, 0.01718038134276867, 0.04879995062947273, -0.002099556615576148, -0.03164482116699219, 0.0023307381197810173, 0.008237002417445183, 0.011761963367462158, -0.009321287274360657, 0.03585268557071686, -0.010936159640550613, 0.01178616564720869, 0.0046873134560883045, 0.020210791379213333, 0.031177660450339317, 0.022564532235264778, -0.013840009458363056, -0.043555520474910736, 0.005788974929600954, -0.018228385597467422, 0.03264112398028374, -0.05114390328526497, 0.018301229923963547, -0.006812397390604019, -0.008249026723206043, -0.03332051634788513, 0.004532654769718647, -0.030065203085541725, 0.03949585184454918, -0.009628089144825935, -0.08612577617168427, 0.014994669705629349, 0.003381323302164674, -0.0036243414506316185, -0.02982345037162304, 0.015763502568006516, 0.016987444832921028, 0.01343044824898243, -0.013157791458070278, -0.07881134748458862, -0.020851697772741318, -0.005208535119891167, 0.005247976630926132, 0.020401177927851677, -0.015843862667679787, -0.055787887424230576, 0.0008815006585791707, 0.009583096019923687, 0.0077584488317370415, 0.036775246262550354, -0.017553675919771194, -0.016222091391682625, 0.035114746540784836, -0.010177849791944027, 0.038236115127801895, -0.0033268698025494814, -0.00954252015799284, -0.007809402886778116, 0.014861674048006535]",,
15_1_0_docs_01_app_03_api_reference_01_directives_use_cache_mdx_section_5_code_1,code_snippet,15_1_0_docs_01_app_03_api_reference_01_directives_use_cache_mdx_section_5,Caching entire routes with  - code_1,,"{'programming_language': 'tsx', 'filename': 'app/layout.tsx', 'switcher': True}",15.1.0,,"'use cache'
import { unstable_cacheLife as cacheLife } from 'next/cache'

export default function Layout({ children }: { children: ReactNode }) {
  return <div>{children}</div>
}
","[(np.int64(5), np.float64(0.06810346990823746)), (np.int64(64), np.float64(0.08916905522346497)), (np.int64(425), np.float64(0.2348327338695526)), (np.int64(933), np.float64(0.16697102785110474)), (np.int64(4027), np.float64(0.19329071044921875)), (np.int64(5259), np.float64(0.19959041476249695)), (np.int64(6056), np.float64(0.19286490976810455)), (np.int64(61636), np.float64(0.1774880439043045))]",,"[0.011330194771289825, -0.032481223344802856, -0.0445396862924099, 0.03824542462825775, -0.022661544382572174, 0.003211015835404396, 0.028890162706375122, 0.037149280309677124, -0.04140385240316391, 0.01540293637663126, 0.01644437201321125, 0.012646416202187538, -0.0504961796104908, 0.028391612693667412, 0.018686339259147644, 0.04245876893401146, -0.037154678255319595, 0.021227432414889336, -0.016318511217832565, -0.014727537520229816, -0.00594888161867857, -0.03969690576195717, -0.002197704976424575, 0.01157938688993454, 0.000987098435871303, -0.006218795198947191, -0.004308873787522316, -0.030800236389040947, -0.024991944432258606, 0.04384545236825943, 0.04766136407852173, 0.015077539719641209, -0.05628477782011032, -0.03702733665704727, -0.024750273674726486, -0.028291530907154083, -0.03982946649193764, 0.017552584409713745, -0.057867035269737244, 0.04556801915168762, -0.005572175607085228, 0.05953174829483032, 0.042997583746910095, 0.007018416188657284, 0.030735207721590996, -0.04417209327220917, 0.02866906113922596, -0.008385270833969116, -0.028926515951752663, -0.026275398209691048, -0.028068287298083305, 0.021876269951462746, 0.010589942336082458, -0.004504547920078039, -0.013444065116345882, -0.002401122357696295, -5.253333438304253e-05, -0.0559513196349144, -0.021012768149375916, 0.03562179580330849, -0.03570318594574928, 0.00015022094885353, 0.009975452907383442, 0.023120258003473282, 0.025283727794885635, 0.03859295696020126, 0.016135983169078827, 0.012075778096914291, -0.028327666223049164, -0.05202057957649231, -0.029330579563975334, 0.04752199724316597, -0.05391799286007881, -0.03367341309785843, -0.04282612353563309, -0.00227046525105834, 0.03594518080353737, -0.012345070950686932, 0.019167369231581688, -0.027138959616422653, -0.008190823718905449, -0.00942943524569273, 0.054111409932374954, 0.030002973973751068, -0.005596394184976816, 0.007244828622788191, -0.04262791574001312, 0.04397988319396973, 0.020548323169350624, -0.054122984409332275, -0.03970634937286377, -0.05220275744795799, 0.0803137794137001, -0.059915926307439804, -0.02653808519244194, 0.019686724990606308, 0.02716630883514881, 0.06151661276817322, 0.09933353215456009, 0.004235238768160343, 0.030824238434433937, -0.02524438686668873, -0.058297187089920044, -0.0008863441762514412, 0.0807093009352684, -0.01632074825465679, 0.03025077097117901, -0.0048234243877232075, -0.0022045071236789227, -0.0064521427266299725, 0.03553827106952667, -0.048812951892614365, -0.015629945322871208, 0.019172407686710358, 0.0005391272716224194, -0.008836488239467144, 0.007788335904479027, -0.05352633818984032, 0.007501696236431599, 0.010655853897333145, -0.02876148745417595, -0.012980272062122822, 0.05328227952122688, 0.023924198001623154, 0.013145278207957745, 0.00636207265779376, 0.017656346783041954, 0.006461891811341047, 0.011021816171705723, 0.030062250792980194, 0.02000162936747074, 0.08003086596727371, -0.04044449329376221, 0.00971108116209507, -0.016527855768799782, 0.025274375453591347, 0.003640388371422887, 0.027959315106272697, 0.007182609289884567, -0.04464561119675636, 0.02339589223265648, -0.005240273661911488, -0.04275865480303764, -0.015993846580386162, 0.04893955588340759, -0.0030927450861781836, 0.05309395492076874, -0.002678914228454232, 0.03123611770570278, -0.0016130476724356413, -0.04463859647512436, 0.028401926159858704, -0.005373554304242134, 0.003748070914298296, 0.053325701504945755, -0.05093144252896309, -0.030404450371861458, 0.02062133140861988, 0.02282172441482544, -0.007138072047382593, -0.015216116793453693, 0.019803715869784355, -0.03678160905838013, -0.012951279990375042, 0.03188885748386383, -0.009543409571051598, 0.0322699248790741, 0.013256438076496124, -0.004944681655615568, -0.023071657866239548, 0.002534743631258607, -0.0047288332134485245, 0.04112694412469864, 0.0203408170491457, 0.03792141377925873, 0.010652106255292892, 0.020175792276859283, 0.02203954942524433, 0.010314865037798882, -0.027950849384069443, -0.025846322998404503, 0.0038017325568944216, 0.011096011847257614, -0.04808385297656059, -0.027672944590449333, 0.025252293795347214, 0.007840093225240707, -0.010085010901093483, -0.009046152234077454, 0.03564513102173805, -0.04750344902276993, -0.02782047726213932, 0.04876052960753441, 0.02708877995610237, 0.012781469151377678, -0.02390161342918873, -0.019871193915605545, 0.003939599730074406, 0.017546726390719414, -0.004815870430320501, 0.03195483237504959, 0.013134563341736794, -0.047495998442173004, 0.005996713414788246, -0.003420311724767089, 0.01654789224267006, -0.0001660109992371872, -0.07905030250549316, 0.01901237852871418, 0.00981773529201746, -0.008334293030202389, -0.029396232217550278, -0.01742120087146759, -0.005588889587670565, -0.06666269898414612, -0.008865205571055412, -0.040441565215587616, 0.03465365245938301, 0.009614662267267704, -0.0012530264211818576, 0.013720471411943436, -0.003309444757178426, -0.015404258854687214, 0.005949865095317364, 0.024531150236725807, 0.018250375986099243, 0.06563959270715714, 0.024539627134799957, 0.056123942136764526, -0.01939580589532852, -0.0014953347854316235, 0.002674081129953265, 0.04741395264863968, 0.00945728737860918, 0.042552437633275986, -0.06447754800319672, 0.01088679675012827, -0.014227093197405338, -0.0029154035728424788, -0.06106320023536682, -0.005113664548844099, -0.0027797259390354156, 0.020672211423516273, -0.0025808780919760466, -0.02999401092529297, -0.03128347918391228, -0.014323273673653603, 0.009554450400173664, -0.011461473070085049, -0.019683951511979103, -0.014674664475023746, -0.013171648606657982, -0.04607347771525383, 0.01647399365901947, -0.007135867606848478, -0.015361386351287365, 0.010458739474415779, -0.0167818795889616, -0.02981874719262123, 0.016758305951952934, 0.01058653648942709, 0.007937386631965637, -0.042733870446681976, 0.0028382071759551764, -0.008795345202088356, 0.0017597619444131851, -0.02498638443648815, -0.019535884261131287, 0.015635564923286438, 0.04513655602931976, -0.00915957149118185, 0.05066531151533127, 0.013585668988525867, -0.014956959523260593, -0.013705795630812645, -0.041882310062646866, -0.06018533557653427, -0.020493274554610252, 0.06579100340604782, -0.03593502193689346, -0.06944229453802109, -0.01635219343006611, 0.00838051550090313, -0.008116449229419231, 0.01300776656717062, -0.03306138515472412, 0.008161069825291634, -0.0007302237208932638, -0.0005722532514482737, -0.007626284845173359, -0.025916287675499916, 0.02811124362051487, 0.07172560691833496, 0.011959726922214031, 0.03592884540557861, 0.04253653436899185, 0.01593724451959133, -0.16298231482505798, -0.007783327251672745, -0.0023537103552371264, 9.182661597151309e-05, 0.008083375170826912, -0.02077704854309559, -0.010399339720606804, -0.04296563193202019, -0.009552082046866417, 0.027637435123324394, 0.012340012937784195, -0.06264964491128922, 0.005090195685625076, -0.027812719345092773, -0.037158627063035965, -0.046498022973537445, 0.019667742773890495, 0.00493320357054472, -0.014056118205189705, -0.04036055505275726, -0.02572500891983509, -0.046474870294332504, 0.01572013460099697, 0.005605483893305063, -0.03536101430654526, -0.04262472316622734, 0.036121755838394165, -0.027521630749106407, -0.02938491851091385, -0.01622159220278263, -0.007483967579901218, 0.02050228789448738, 0.004167059436440468, -0.00394778698682785, 0.008254185318946838, 0.04304976388812065, 0.018062101677060127, 0.014905591495335102, 0.016057994216680527, -0.0015885139582678676, 0.03366868942975998, -0.003068877151235938, -0.026734167709946632, -0.029592225328087807, 0.03120155818760395, 0.0018591609550639987, 0.004449955187737942, 0.015465636737644672, -0.01046670414507389, -0.0225368682295084, 0.028385203331708908, -0.03424668312072754, -0.0018884801538661122, 0.001023491146042943, -0.033887483179569244, 0.02060157246887684, 0.0057730344124138355, 0.012489046901464462, -0.024098549038171768, 0.029934735968708992, 0.03157307952642441, -0.037213146686553955, 0.006529306527227163, -0.005131114274263382, -0.004682750906795263, -0.016694137826561928, 0.07174196094274521, -0.003428949508816004, 0.0268614012748003, -0.0432124026119709, 0.016647495329380035, -0.03984326496720314, 0.00011500395339680836, -0.008660875260829926, 0.012069670483469963, 0.05163751542568207, -0.021675104275345802, -0.01350932102650404, 0.03459978476166725, -0.11772049218416214, 0.026647988706827164, 0.046950094401836395, 0.01585124060511589, -0.024410540238022804, -0.018990276381373405, -0.03174097090959549, -0.012232384644448757, -0.0009762730333022773, 0.041363608092069626, 0.24563990533351898, 0.06687802821397781, 0.019622966647148132, 0.04522710293531418, 0.06304340064525604, -0.01142240222543478, 0.009495862759649754, 0.02167987823486328, -0.012816826812922955, -0.01872503012418747, -0.053872812539339066, -0.022538673132658005, 0.00944558810442686, -0.014763289131224155, 0.013066431507468224, 0.007656451780349016, 0.004267541225999594, 0.01807410456240177, 0.07601223886013031, -0.041657183319330215, -0.019009215757250786, -0.0012687081471085548, -0.007459327112883329, 0.04078436270356178, -0.08713822066783905, 0.016279764473438263, -0.008862623944878578, 0.02294459566473961, -0.027781829237937927, 0.017852745950222015, -0.06204582378268242, 0.029849421232938766, 0.004636329598724842, -0.010587063618004322, -0.025016792118549347, -0.03212039917707443, 0.0032560043036937714, -0.03593878075480461, -0.016298828646540642, 0.007671988569200039, -0.02863408625125885, -0.0015022270381450653, 0.040605396032333374, 0.04941495880484581, -0.03864247351884842, -0.043865613639354706, 0.001774582895450294, -0.008686017245054245, -0.005579414777457714, -0.04176631569862366, 0.023894449695944786, -0.03421618416905403, -0.01596877910196781, 0.01787915639579296, 0.019210439175367355, -0.0676802322268486, -0.015361497178673744, -0.022906512022018433, 0.012084867805242538, 0.01883428916335106, -0.011865775100886822, 0.017974087968468666, -0.01530096959322691, 0.03189641609787941, -0.04283958673477173, 0.02354801632463932, 0.004743980709463358, -0.015420257113873959, 0.03882497921586037, 0.03609853610396385, -0.02697419561445713, 0.01778048649430275, 0.014727314002811909, -0.04816458374261856, -0.014931876212358475, -0.0035160593688488007, 0.006091967225074768, 0.03229871392250061, -0.030487366020679474, 0.06414013355970383, -0.014357493259012699, 0.011484281159937382, -0.02225644700229168, -0.0025697248056530952, 0.021972903981804848, -0.0009206291288137436, 0.02088051289319992, 0.048210546374320984, -0.022893520072102547, -0.014919686131179333, -0.029795436188578606, 0.0013317050179466605, -0.02905411645770073, -0.014078864827752113, 0.018613485619425774, 0.014520172029733658, -0.012585816904902458, -0.03205430880188942, -0.0470532588660717, 0.0488567091524601, -0.0381062813103199, -0.03533940762281418, -0.0032262958120554686, -0.04288080707192421, 0.03800385072827339, -0.02045980468392372, 0.0046956585720181465, 0.0009581068879924715, 0.023389756679534912, 0.030700739473104477, -0.012058848515152931, 0.02930595725774765, 0.029295146465301514, -0.01228244137018919, -0.04003109037876129, -0.004732944071292877, 0.06827612966299057, 0.01790587604045868, 0.03575184941291809, 0.0316978357732296, -0.005285344086587429, -0.007266625761985779, 0.0032419480849057436, 0.030796507373452187, 0.0048528751358389854, -0.02589992806315422, -0.004035089164972305, -0.007538573816418648, -0.015469891019165516, 0.05685855820775032, 0.03402308374643326, -0.023046791553497314, -0.011778616346418858, 0.033726491034030914, -0.000879820843692869, -0.02511725202202797, 0.021598907187581062, 0.013776752166450024, 0.04130180925130844, 0.040024664252996445, -0.01683097332715988, -0.04773709923028946, -0.024961844086647034, 0.0032529239542782307, 0.027842197567224503, 0.05472339689731598, -0.004179434385150671, 0.00797352846711874, 0.020977264270186424, 0.0017443011747673154, 0.01805594190955162, -0.0058883847668766975, 0.0020420816726982594, -0.025039317086338997, -0.00035390813718549907, -0.057049281895160675, 0.006780269090086222, -0.009828310459852219, -0.04144471511244774, -0.020037543028593063, -0.011340695433318615, 0.02502726949751377, 0.05161383002996445, 0.03120495192706585, 0.031820327043533325, 0.0354316346347332, -0.0508243553340435, 0.032001279294490814, -0.009468271397054195, -0.029453493654727936, 0.033272065222263336, -0.012862153351306915, -0.0781187191605568, 0.01838485151529312, -0.036265622824430466, -0.01450113020837307, -0.0537601001560688, -0.010357551276683807, -0.011799616739153862, 0.0370357520878315, -0.0006264137336984277, -0.05264392867684364, 0.01935330033302307, -0.05083509534597397, 0.016767378896474838, 0.0036678132601082325, -0.012401650659739971, -0.037430956959724426, 0.05830475687980652, -0.03205979987978935, -0.03735220059752464, 0.11512990295886993, -0.025545936077833176, -0.00926923006772995, 0.015008105896413326, -0.045561112463474274, 0.03604326397180557, 0.04532118886709213, -0.0325942263007164, -0.018162477761507034, -0.007999567314982414, 0.03917156159877777, 0.002003265079110861, 0.039186425507068634, -0.025152314454317093, -0.0026846514083445072, -0.057467736303806305, 0.01352989487349987, -0.04451104998588562, 0.020443130284547806, -0.01722848229110241, 0.0038763685151934624, -0.015073440968990326, 0.004228388424962759, 0.00790067482739687, -0.030914323404431343, 0.037369538098573685, 0.051618583500385284, 0.02632191777229309, -0.0468364953994751, -0.030356314033269882, -0.01870048977434635, -0.015058014541864395, -0.011656803078949451, -0.0332612618803978, 0.022004902362823486, 0.028828537091612816, -0.04331836476922035, -0.018153900280594826, -0.01026239339262247, -0.0050543672405183315, 0.03932330384850502, -0.01684945821762085, -0.012760085985064507, 0.0031528733670711517, 0.0010299737332388759, 0.05119064822793007, 0.027149606496095657, 0.016382139176130295, -0.01171582005918026, 0.005873366259038448, -0.0022853959817439318, -0.00316576287150383, 0.04209590330719948, -0.01798427477478981, 0.001039244350977242, -0.01035268884152174, -0.00031808108906261623, 0.04136127606034279, -0.02031465247273445, 0.01355188898742199, 0.0018249021377414465, -0.01356101781129837, -0.01300420705229044, 0.02265954576432705, 0.026268815621733665, 0.03607475757598877, -0.02273288369178772, -0.0355430468916893, -0.037123143672943115, 0.009932396933436394, -0.004899011924862862, -0.0003673570172395557, 0.002282080240547657, -0.008193821646273136, -0.0816718190908432, 0.0672193095088005, -0.06476433575153351, -0.01019816193729639, 0.033096201717853546, -0.009315933100879192, 0.009012533351778984, -0.03195841237902641, 0.020733317360281944, 0.04209381714463234, -0.02927711419761181, -0.03121294640004635, -0.012444546446204185, -0.022093601524829865, 0.005282395053654909, -0.025221891701221466, -0.03596299886703491, 0.010054600425064564, 0.029848584905266762, -0.027446717023849487, 0.021557573229074478, 0.043169159442186356, 0.03442434221506119, 0.005943051539361477, -0.030410708859562874, -0.020925777032971382, -0.008796481415629387, -0.06726784259080887, 0.005295810755342245, -0.02124692127108574, -0.018041079863905907, -0.0021124952472746372, 0.06352929770946503, 0.005747962277382612, 0.040481507778167725, -0.0004415134317241609, 0.011505553498864174, 0.0018353956984356046, -0.023420969024300575, -0.02719096653163433, 0.027893051505088806, 0.009225311689078808, -0.0007044235244393349, 0.018671683967113495, -0.03903404623270035, 0.0320264995098114, -0.06327271461486816, -0.00018219230696558952, 0.03300057724118233, 0.03475884720683098, 0.01774366945028305, 0.03830859437584877, -0.016610151156783104, -0.0002564198221080005, -0.0056130108423531055, -0.016828667372465134, 0.013518843799829483, -0.0037476117722690105, -0.0029328162781894207, -0.013383692130446434, 0.005177590996026993, 0.016106482595205307, -0.012526307255029678, -0.018878158181905746, -0.024484433233737946, -0.009919687174260616, -0.003900593612343073, -0.01021441537886858, -0.02234644815325737, 0.047478415071964264, 0.016142291948199272, 0.03676288574934006, 0.012558856047689915, 0.0066542113199830055, -0.0008709445246495306, -0.006913406308740377, -0.026991814374923706, 0.01978328637778759, -0.018940815702080727, 0.00020168947230558842, -0.0031142428051680326, -0.00928068719804287, 0.012508158572018147, 0.007603731006383896, -0.010030543431639671, 0.010795244947075844, 0.025421373546123505, 0.020669810473918915, -0.02970411442220211, 0.007387240882962942, -0.025676986202597618, -0.015760142356157303, 0.015315431170165539, 0.0163341723382473, 0.03364149108529091, -0.007543043699115515, 0.021230343729257584, -0.015625545755028725, -0.03910400718450546, 0.001779048005118966, 0.01996103674173355, 0.03519276902079582, 0.0209216196089983, -0.012591484002768993, 0.013609016314148903, -0.006734718568623066, 0.00028233096236363053, 0.0044570015743374825, -0.02125737816095352, 0.0005781477666459978, 0.03683803603053093, -0.025036834180355072, 0.0001172726260847412, 0.03141302242875099, -0.009743177331984043, -0.018573524430394173, 0.0023581122513860464, -0.04711989685893059, 0.0009243251988664269, -0.051109641790390015, -0.016365936025977135, -0.05107059329748154, -0.007201679982244968, 0.017075292766094208, 0.02808871865272522, -0.009597248397767544, -0.0025308362673968077, -0.09104485809803009, -0.019257105886936188, -0.14758381247520447, 0.0033863852731883526, -0.03873850777745247, 0.03786533325910568, -0.04336488991975784, -0.011439966969192028, 0.0054483735002577305, -0.04488339647650719, 0.0014438953949138522, -0.00971396453678608, -0.025027386844158173, -0.03661033883690834, 0.032187625765800476, -0.015083512291312218, 0.0115779098123312, 0.029401836916804314, -0.01001428347080946, -0.025943107903003693, 0.0076890490017831326, -0.006145102437585592, -0.014568822458386421, -0.00467722536996007, 0.027093272656202316, -0.03682383522391319, -0.030080711469054222, -0.0221510399132967, 0.0062505281530320644, 0.03959405794739723, 0.0012212647125124931, -0.051299452781677246, 0.022222695872187614, -0.004308178089559078, 0.030376240611076355, 0.043350428342819214, -0.020647834986448288, 0.024321366101503372, -0.009931440465152264, 0.022968413308262825, -0.009041897021234035, -0.0003529757377691567, 0.02773367241024971, 0.0204351507127285, 0.011900692246854305, -0.012296339496970177, 0.030068134889006615, 0.021298909559845924, -0.031585052609443665, 0.0005348355625756085, 0.001388196600601077, -0.019147779792547226, 0.03155137598514557, 0.05709407106041908, 0.016373541206121445, 0.027449047192931175, 0.004235588945448399, 0.03074578568339348, 0.009307874366641045, -0.006186911836266518, -0.0455060750246048, -0.017892027273774147, -0.04835677891969681, 0.024669403210282326, -0.030413800850510597, -0.08007531613111496, 0.015093619003891945, 0.025513626635074615, -0.0733715072274208, 0.03854946419596672, 0.002987499348819256, 0.010883147828280926, -0.00017839690553955734, 0.0051050628535449505, -0.0022323497105389833, -0.01458167377859354, 0.03481210023164749, 0.005138265434652567, -0.027160441502928734, -0.013673309236764908, -0.03958430513739586, 0.010876619257032871, -0.023280080407857895, 0.0006115593714639544, -0.033339835703372955, -0.013837093487381935, 0.09247558563947678, 0.02297096885740757, -0.0033843875862658024, 0.02555503323674202, -0.007730188779532909, -0.014186698943376541, -0.050167687237262726, -0.017507219687104225, -0.004413983318954706, -0.028271524235606194, 0.002672202419489622, 0.022540796548128128, -0.004716622643172741, 0.028597168624401093, 0.01829008013010025, -0.026198148727416992, -0.010479208081960678, -0.05308333784341812, 0.026021894067525864, 0.021736053749918938, -0.008626948110759258, 0.024097571149468422, 0.021510284394025803, 0.005396465305238962, -0.03996814787387848, -0.009257262572646141, 0.01099132839590311, -0.006630065850913525, -0.07533438503742218, -0.0025717986281961203, -0.05895167216658592, 0.006724926643073559, 0.029784459620714188, 0.02370561845600605, -0.028408216312527657, -0.01317268144339323, -0.006912505254149437, 0.017109420150518417, -0.009278425946831703, -0.03575541079044342, -0.01747078448534012, -0.009824457578361034, 0.056570857763290405, 0.042693693190813065, 0.009687058627605438, 0.016705626621842384, -0.0012342245317995548, -0.030983785167336464, -0.010121230967342854, 0.055742036551237106, 0.021973606199026108, 0.01851302944123745, -0.06268303096294403, 0.056890733540058136, -0.02733464352786541, -0.0009246342815458775, -0.00910843163728714, -0.027363963425159454, 0.02425871044397354, -0.014044251292943954, 0.005678331479430199, -0.005531852599233389, 0.027912817895412445, -0.002096811542287469, 0.003685689065605402, 0.03727345913648605, -0.014966977760195732, 0.010045480914413929, -0.040965016931295395, 0.027807464823126793, -0.05638457462191582, 0.022398393601179123, 0.015098704025149345, 0.009071201086044312, -0.06148272380232811, 0.010588870383799076, 0.011268547736108303, -0.021801380440592766, 0.004381967708468437, 0.027472155168652534, 0.03798992931842804, 0.00011200345034012571, 3.5900997318094596e-05, -0.013785216026008129, -0.0009986218065023422, -0.010263826698064804, -0.0005658291047438979, 0.029835395514965057, -0.03134400397539139, -0.009151700884103775, 0.04764515161514282, -0.047220151871442795, 0.02225692756474018, 0.01800713501870632, 0.06044977158308029, 0.008098464459180832, 0.03604242205619812, -0.0015577973099425435, -0.00029795171576552093, 0.02581890858709812, 0.06011529266834259, 0.02601119875907898, -0.035363033413887024, 0.04895325005054474, -0.014564843848347664, -0.013522239401936531, -0.004856045823544264, -0.05039472132921219, -0.007102825678884983, -0.024922741577029228, 0.030582038685679436, -0.020137319341301918, -0.012410336174070835, 0.02259509265422821, -0.01619599387049675, 0.037229374051094055, -0.020784219726920128, -0.01979387365281582, -0.029242342337965965, -0.036436647176742554, 0.012106810696423054, -0.048784948885440826, 0.007615932263433933, 0.015199791640043259, 0.027057981118559837, 0.033506330102682114, -0.012391127645969391, -0.013882873579859734, -0.03342607989907265, 0.055495329201221466, -0.05324431508779526, -0.044475007802248, 0.005354065448045731, -0.03225566819310188, -0.005847278516739607, 0.022721407935023308, 0.03760351613163948, -0.03742336481809616, 0.008870663121342659, -0.006190288811922073, -0.03139711543917656, 0.0034688294399529696, -0.028055811300873756, -0.022984860464930534, -0.00991787202656269, 0.011593456380069256, -0.009232419542968273, 0.03318914398550987, 0.023451458662748337, 0.00838356651365757, 0.008686210960149765, 0.00632588192820549, -0.005151243414729834, 0.030587628483772278, 0.0016504419036209583, 0.03753658011555672, 0.013286841101944447, 0.024596082046628, 0.07138007879257202, -0.03337953984737396]",
15_1_0_docs_01_app_03_api_reference_01_directives_use_cache_mdx_section_5_code_2,code_snippet,15_1_0_docs_01_app_03_api_reference_01_directives_use_cache_mdx_section_5,Caching entire routes with  - code_2,,"{'programming_language': 'jsx', 'filename': 'app/page.tsx', 'switcher': True}",15.1.0,,"'use cache'
import { unstable_cacheLife as cacheLife } from 'next/cache'

export default function Layout({ children }) {
  return <div>{children}</div>
}
","[(np.int64(5), np.float64(0.04478134214878082)), (np.int64(7), np.float64(0.07080508023500443)), (np.int64(64), np.float64(0.07514782249927521)), (np.int64(425), np.float64(0.23778091371059418)), (np.int64(933), np.float64(0.1928672045469284)), (np.int64(1647), np.float64(0.1458928883075714)), (np.int64(4027), np.float64(0.1978508085012436)), (np.int64(22469), np.float64(0.2405356466770172))]",,"[0.01045130379498005, -0.0347774438560009, -0.05964631959795952, 0.034803811460733414, -0.026688827201724052, 0.010862410999834538, 0.03273582458496094, 0.04040795564651489, -0.04161977022886276, 0.011281749233603477, 0.010067739523947239, 0.0236814022064209, -0.03568200021982193, 0.021595222875475883, 0.025013502687215805, 0.022710604593157768, -0.03791990503668785, 0.020190225914120674, -0.02858017012476921, -0.018597053363919258, -0.013132086023688316, -0.03933320939540863, 0.005092905834317207, 0.01507855299860239, -0.023584075272083282, -0.019794873893260956, -0.002913637552410364, -0.024130670353770256, -0.018221812322735786, 0.03649543598294258, 0.044538602232933044, 0.021395277231931686, -0.04634751006960869, -0.03279031440615654, -0.012339112348854542, -0.031236259266734123, -0.03931647911667824, 0.014863421209156513, -0.06031123176217079, 0.022295989096164703, -0.00310934754088521, 0.06631691008806229, 0.03578467667102814, 0.018631216138601303, 0.03315330296754837, -0.03212390094995499, 0.027397552505135536, -0.007551230955868959, -0.023861559107899666, -0.02951020374894142, -0.023874441161751747, 0.015134544111788273, 0.020511435344815254, -0.016377544030547142, 0.0060159978456795216, 0.013023710809648037, -0.004311244469136, -0.059738900512456894, -0.023537475615739822, 0.028305625542998314, -0.03852688893675804, 0.0018201615894213319, 0.019733378663659096, 0.028780760243535042, 0.010310960933566093, 0.038826994597911835, 0.020188337191939354, 0.009768223389983177, -0.034857217222452164, -0.0419001430273056, -0.037478379905223846, 0.055856894701719284, -0.031837984919548035, -0.02826218120753765, -0.04271016642451286, 0.024258483201265335, 0.02950785867869854, -0.01814095675945282, 0.029335666447877884, -0.03561411425471306, 0.0021228843834251165, -0.011758820153772831, 0.039459191262722015, 0.0280525553971529, -0.006895794533193111, 0.02357429265975952, -0.04062770679593086, 0.043447207659482956, 0.018241584300994873, -0.03064238280057907, -0.03259262442588806, -0.04113571718335152, 0.08287513256072998, -0.0495663657784462, -0.02664167247712612, 0.019037632271647453, 0.028661241754889488, 0.06401897966861725, 0.09664510935544968, 0.009523371234536171, 0.027766436338424683, -0.007480856496840715, -0.05200240761041641, -0.00206767744384706, 0.08093252032995224, -0.010766176506876945, 0.024583574384450912, 0.0027926417533308268, 0.004691540729254484, -0.006533807143568993, 0.034057993441820145, -0.05082879960536957, -0.008478585630655289, 0.013501531444489956, -0.003090890822932124, -0.016281170770525932, -0.011767907999455929, -0.0662960484623909, 0.017064319923520088, 0.016117209568619728, -0.034911636263132095, 0.00936920940876007, 0.05681895464658737, 0.010767118073999882, 0.0026224548928439617, -0.0016875779256224632, 0.021770121529698372, 0.011181713081896305, 0.005329183768481016, 0.019508270546793938, 0.01608993113040924, 0.08038967102766037, -0.03303377702832222, -0.010865052230656147, -0.027672868221998215, 0.032273683696985245, 0.013567271642386913, 0.020332489162683487, -0.00971807911992073, -0.031053105369210243, 0.023173052817583084, -0.023722803220152855, -0.02761303074657917, -0.025150712579488754, 0.04380258545279503, -0.001898157992400229, 0.06970497220754623, -0.00015741356764920056, 0.024570612236857414, -0.0029370239935815334, -0.04689322039484978, 0.032172054052352905, -0.018852267414331436, -0.008727485314011574, 0.04307277500629425, -0.05611782521009445, -0.023391053080558777, 0.017660483717918396, 0.013370458967983723, -0.01312574464827776, 0.004021044354885817, 0.019687054678797722, -0.04107902571558952, -0.015185641124844551, 0.040020961314439774, -0.016148660331964493, 0.04541020840406418, 0.011358052492141724, -0.004513079766184092, -0.025295475497841835, 0.00015269345021806657, -0.03163452073931694, 0.0398712158203125, 0.017268819734454155, 0.03341425582766533, 0.014282692223787308, 0.035634614527225494, 0.015548907220363617, 0.02342464029788971, -0.02768518589437008, -0.010631044395267963, -0.00694661820307374, -0.008814896456897259, -0.04599627107381821, -0.01931082084774971, 0.03042738139629364, 0.015643693506717682, -0.012381787411868572, -0.0006354984361678362, 0.025238387286663055, -0.04673030227422714, -0.025520799681544304, 0.050622791051864624, 0.035773538053035736, 0.027490539476275444, -0.024384260177612305, -0.03783932328224182, 0.01992703229188919, 0.03326328098773956, -0.011883649043738842, 0.04727031663060188, 0.0287586972117424, -0.035257674753665924, -0.003142798086628318, 0.008974598720669746, 0.0012753279879689217, 0.017141910269856453, -0.0782322958111763, 0.0297138299793005, 0.015622374601662159, -0.00031686286092735827, -0.029336614534258842, -0.01874292455613613, -0.01655654050409794, -0.04782674461603165, -0.03130483999848366, -0.03468983247876167, 0.034925080835819244, 0.0016250311164185405, 0.022822868078947067, 0.015493667684495449, -0.012582325376570225, -0.0013748044148087502, -0.0012416456593200564, 0.025865521281957626, 0.029173769056797028, 0.060798563063144684, 0.015558397397398949, 0.06305484473705292, -0.023657452315092087, -0.0064453789964318275, 0.006103427615016699, 0.032430946826934814, 0.007454581093043089, 0.035015758126974106, -0.0519246906042099, 0.020305350422859192, -0.00732980202883482, 0.003827654756605625, -0.0723503902554512, 0.006571141071617603, 0.009326363913714886, 0.01204587984830141, -0.01814255490899086, -0.020788950845599174, -0.03449629992246628, -0.005011306144297123, 0.0029197626281529665, 0.0015937919961288571, -0.007601752877235413, -0.008273552171885967, -0.021166399121284485, -0.036698948591947556, 0.02208513207733631, 0.0041105495765805244, -0.016191262751817703, 0.010146909393370152, -0.013057829812169075, -0.03387485444545746, 0.014392840676009655, 0.005747932009398937, 0.015576808713376522, -0.05949103832244873, 0.002191237173974514, -0.0030774606857448816, 0.006645737681537867, -0.021839426830410957, -0.007409459445625544, 0.010501882061362267, 0.04326357692480087, -0.004709327127784491, 0.03332545608282089, -0.0011942192213609815, -0.0096910884603858, -0.008169620297849178, -0.04096119850873947, -0.05374149978160858, -0.03303420543670654, 0.0630415603518486, -0.04967691749334335, -0.07131925225257874, -0.007959598675370216, 0.00885713193565607, -0.012349358759820461, 0.009466269984841347, -0.025116370990872383, -0.007271054666489363, -0.031084910035133362, -0.007996585220098495, -0.022324133664369583, -0.0354640893638134, 0.04715084284543991, 0.06453686207532883, 0.006781562231481075, 0.014543430879712105, 0.043650709092617035, 0.017415305599570274, -0.16795587539672852, -0.004884815774857998, 0.003377960529178381, 0.01631583459675312, 0.014826538041234016, -0.020981570705771446, -0.010045905597507954, -0.04253732040524483, -0.022550633177161217, 0.01024861354380846, 0.016913678497076035, -0.06264718621969223, 0.0038877760525792837, -0.02942233718931675, -0.02052627131342888, -0.040047142654657364, 0.024462098255753517, 0.00027857808163389564, -0.01792297512292862, -0.03831611946225166, -0.023280424997210503, -0.038118500262498856, 0.024379253387451172, -0.0022912637796252966, -0.043500687927007675, -0.04797657951712608, 0.04422721266746521, -0.0305770430713892, -0.038485363125801086, -0.01674005575478077, 0.012324096634984016, 0.029087647795677185, -0.0017963789869099855, 0.008400020189583302, 0.0038168795872479677, 0.03726745396852493, 0.02007388509809971, 0.011745896190404892, 0.03156456723809242, 0.0053568268194794655, 0.019168538972735405, -0.0024974097032099962, -0.02892276644706726, -0.002898063277825713, 0.029506517574191093, -0.020687734708189964, 0.007500447798520327, 0.0068153273314237595, -0.01412212010473013, -0.013814731501042843, 0.030231688171625137, -0.04727562144398689, 0.006464452017098665, -0.00780035275965929, -0.03151756525039673, 0.03832779824733734, -0.004723131190985441, 0.013931221328675747, -0.035362932831048965, 0.030571747571229935, 0.03280021622776985, -0.0490526482462883, -0.0010972536401823163, 0.01622747629880905, -0.014419293031096458, -0.011075246147811413, 0.06015835702419281, -0.009863052517175674, 0.02686849795281887, -0.03532569855451584, 0.014194651506841183, -0.05500292405486107, 0.007441120687872171, 0.0025603941176086664, -0.001520149176940322, 0.041500337421894073, -0.020399268716573715, -0.01585475727915764, 0.029421847313642502, -0.12090795487165451, -0.0010488565312698483, 0.0433046892285347, 0.01650260202586651, -0.044457677751779556, -0.009436414577066898, -0.03573503717780113, -0.019958391785621643, 0.006741462275385857, 0.04800056666135788, 0.2429008185863495, 0.0875224769115448, 0.004878264851868153, 0.05118732899427414, 0.05937620624899864, 0.00590570829808712, -0.0016888726968318224, 0.026772772893309593, -0.02412540838122368, -0.0269608236849308, -0.06633749604225159, -0.024427300319075584, -4.163547055213712e-05, -0.011027364060282707, 0.01867244392633438, 0.011076266877353191, -0.005384261719882488, 0.023830853402614594, 0.06663686782121658, -0.04103034362196922, -0.022919652983546257, -0.00818182434886694, 0.0034332522191107273, 0.047931283712387085, -0.07809840887784958, 0.013514503836631775, -0.020493581891059875, 0.008936140686273575, -0.022382225841283798, 0.01702289655804634, -0.07354255020618439, 0.034199584275484085, 0.017863886430859566, -0.019930433481931686, -0.022343935444951057, -0.037939395755529404, 0.008198588155210018, -0.05052882805466652, -0.02836545556783676, 0.005238679703325033, -0.017722122371196747, -0.004291390534490347, 0.04503100365400314, 0.0543321929872036, -0.04880845174193382, -0.03123203106224537, 0.005971165373921394, -0.010253307409584522, 0.021374892443418503, -0.04697807878255844, 0.01496093813329935, -0.026537150144577026, -0.01667063683271408, 0.012594246305525303, 0.005465879570692778, -0.05231941491365433, -0.00865037739276886, -0.030723776668310165, 0.001613897387869656, 0.01894162967801094, 0.02308497577905655, 0.012026620097458363, -0.005482120905071497, 0.02585695870220661, -0.03521672636270523, 0.015234669670462608, 0.005489405710250139, -0.00878057349473238, 0.0401168130338192, 0.03267958015203476, -0.02941913716495037, 0.018598033115267754, 0.016615508124232292, -0.039240527898073196, -0.008714661933481693, -0.011649366468191147, 0.011671137064695358, 0.022228369489312172, -0.008447397500276566, 0.07359861582517624, -0.020263714715838432, -0.0006559834000654519, -0.03503456711769104, -0.008695595897734165, 0.025951605290174484, 0.002263749251142144, -0.00428641214966774, 0.04588577523827553, -0.03837001696228981, -0.012074559926986694, -0.015120988711714745, 0.01910928636789322, -0.0258951373398304, -0.011184883303940296, 0.01855499856173992, -0.01350584626197815, -0.013569129630923271, -0.03332458436489105, -0.04771061986684799, 0.04682782292366028, -0.048740360885858536, -0.04605651646852493, -0.013871167786419392, -0.047673217952251434, 0.0369681753218174, 0.002310075331479311, -0.008641242049634457, -0.014300729148089886, 0.028766151517629623, 0.02522212639451027, -0.011605923995375633, 0.018188003450632095, 0.009090733714401722, -0.01606290601193905, -0.03793378174304962, 0.0006557605811394751, 0.0463283471763134, 0.001573536079376936, 0.04230730980634689, 0.02603844925761223, -0.024323387071490288, 0.003955253399908543, 0.0008536389796063304, 0.030086997896432877, 0.006061607506126165, -0.030352354049682617, -0.008998550474643707, -0.0011294393334537745, -0.016613760963082314, 0.035629067569971085, 0.041565828025341034, -0.026784256100654602, -0.0051213824190199375, 0.030541917309165, -0.006773481145501137, -0.016897134482860565, 0.019757267087697983, 0.02173224277794361, 0.03867949917912483, 0.025138061493635178, -0.015208743512630463, -0.04412646219134331, -0.032025158405303955, -0.00675545958802104, 0.03346868231892586, 0.039528872817754745, 0.018155962228775024, 0.02179023064672947, 0.019091276451945305, -0.0009290846064686775, 0.01634049415588379, 0.0009515182464383543, 0.0153910331428051, -0.028777670115232468, -0.0003886963240802288, -0.05618635192513466, -0.0016918034525588155, -0.014550039544701576, -0.03196130692958832, -0.026005109772086143, -0.0037170846480876207, 0.01352151669561863, 0.04716736450791359, 0.03519197180867195, 0.03319227695465088, 0.01995750702917576, -0.03876294940710068, 0.03818128630518913, -0.019952546805143356, -0.017005635425448418, 0.051022566854953766, -0.01940063200891018, -0.06281158328056335, 0.022518666461110115, -0.029236499220132828, -0.0234010498970747, -0.050515588372945786, -0.020128341391682625, -0.0010380465537309647, 0.045557428151369095, -0.0052845655009150505, -0.033423129469156265, 0.010451705195009708, -0.0385613851249218, 0.0002875400532502681, -0.006147721782326698, -0.011305935680866241, -0.03626817464828491, 0.056561246514320374, -0.03509598225355148, -0.03915572166442871, 0.11668605357408524, 0.0038271788507699966, -0.012602982111275196, 0.005545126739889383, -0.03922050818800926, 0.031251486390829086, 0.048181865364313126, -0.027934571728110313, -0.014513375237584114, 0.024800581857562065, 0.03891593962907791, -0.006667656823992729, 0.028689807280898094, -0.029654420912265778, 0.015577169135212898, -0.04960884153842926, 0.011864148080348969, -0.03248205780982971, 0.03599190711975098, -0.022622937336564064, -0.0021879279520362616, -0.015663523226976395, 0.008500149473547935, 0.008486559614539146, -0.02741108648478985, 0.028300054371356964, 0.04935801029205322, 0.02783317305147648, -0.055097565054893494, -0.022072916850447655, -0.0070875599049031734, 0.004518010653555393, -0.015389906242489815, -0.04148120805621147, 0.022564640268683434, 0.03373630344867706, -0.029858769848942757, -0.040878791362047195, -0.005512745585292578, -0.005799364298582077, 0.032836247235536575, -0.014152446761727333, -0.01443636417388916, 0.012930131517350674, -0.003595775691792369, 0.05600850656628609, 0.025760117918252945, 0.046889305114746094, -0.005841230042278767, 0.006707059685140848, -0.0006781015545129776, -0.0062525332905352116, 0.04718572646379471, -0.012961156666278839, -0.0002371692389715463, -0.0066068400628864765, -0.00018480281869415194, 0.026107849553227425, -0.0035209825728088617, 0.012817014940083027, 0.004937304183840752, -0.012500149197876453, -0.014290360733866692, 0.021256305277347565, 0.005683407187461853, 0.04778183251619339, -0.023202331736683846, -0.04825343191623688, -0.005088813602924347, 0.020194651558995247, -0.00031096796737983823, -0.003130741883069277, 0.009350738488137722, -0.004188578575849533, -0.07963525503873825, 0.07581251114606857, -0.07060844451189041, -0.0187002494931221, 0.03557782247662544, -0.012200100347399712, 0.01224250253289938, -0.03282231092453003, 0.019693581387400627, 0.0343589261174202, -0.0226149782538414, -0.03725056350231171, -0.02298986166715622, -0.02055707387626171, -0.0036933920346200466, -0.014049784280359745, -0.03636302798986435, 0.017067793756723404, 0.033533595502376556, -0.01950341835618019, 0.02349965274333954, 0.04319068789482117, 0.039308272302150726, 0.0213414765894413, -0.018128372728824615, -0.03186791390180588, -0.011299205012619495, -0.06354805827140808, 0.0026651036459952593, -0.01868601329624653, -0.008635945618152618, -0.012628001160919666, 0.054265864193439484, 0.0014852503081783652, 0.028895141556859016, 0.0012080557644367218, -0.0014409658033400774, 0.012381254695355892, -0.02094252221286297, -0.013684021309018135, 0.02242659218609333, 0.023247532546520233, 0.0067518409341573715, 0.028066981583833694, -0.03224293887615204, 0.02787642553448677, -0.05825561285018921, -0.006095222197473049, 0.018835483118891716, 0.0350017175078392, 0.018971551209688187, 0.03864510357379913, -0.0060835895128548145, 0.00867388490587473, -0.006145111750811338, -0.009149452671408653, 0.006546827964484692, -0.0019500291673466563, -0.0025405173655599356, -0.016574224457144737, -0.0018533003749325871, 0.014333858154714108, -0.0020681426394730806, -0.03522063046693802, -0.02346711978316307, -0.017430990934371948, 0.007929030805826187, -0.006139601115137339, -0.012182671576738358, 0.0595804862678051, 0.019938983023166656, 0.04437052085995674, 0.00895789172500372, 0.0205110814422369, -0.015201875008642673, -0.015078525990247726, -0.023803073912858963, 0.009630781598389149, -0.008779693394899368, 0.02541995607316494, -0.007824581116437912, -0.005682575516402721, 0.022921282798051834, -0.0044171870686113834, -0.01242375560104847, -0.006981585640460253, 0.03625907748937607, 0.023383408784866333, -0.009244877845048904, 0.007152552250772715, -0.010305242612957954, -0.008651670999825, 0.03016754426062107, 0.01915377750992775, 0.015445935539901257, -0.007871117442846298, 0.011373705230653286, -0.02158563770353794, -0.043231334537267685, -0.008050479926168919, 0.0075553422793745995, 0.044149402529001236, 0.032239194959402084, -0.01677221804857254, 0.01137545146048069, -0.006803479976952076, -0.006824941374361515, 0.009322095662355423, -0.015533803030848503, 0.003374515799805522, 0.03175145387649536, -0.017569944262504578, -0.013007190078496933, 0.028546329587697983, -0.017937948927283287, -0.014982450753450394, 0.005947785917669535, -0.03991173952817917, 0.007375091779977083, -0.031012021005153656, -0.033944275230169296, -0.0516110323369503, -0.010243603028357029, 0.0014980260748416185, 0.020068775862455368, -0.002876500366255641, -0.016384420916438103, -0.08951600641012192, -0.020758289843797684, -0.15374687314033508, 0.001368328114040196, -0.027300728484988213, 0.03257074952125549, -0.04747812822461128, -0.010399643331766129, -0.007051597815006971, -0.030419768765568733, -0.0012501374585554004, -0.016101665794849396, 0.000567164272069931, -0.02266744151711464, 0.018430983647704124, -0.01867188699543476, -0.0027366061694920063, 0.041174545884132385, 0.0004279398126527667, -0.027839157730340958, -0.0005083067808300257, 0.023709362372756004, -0.007041145581752062, -0.004916245583444834, 0.016975875943899155, -0.03250439837574959, -0.034994937479496, -0.010056029073894024, 0.014212243258953094, 0.03368750214576721, -0.004186274949461222, -0.05243654549121857, 0.010849565267562866, -0.01940915174782276, 0.03315671160817146, 0.02600013092160225, -0.009932826273143291, 0.02960267849266529, -0.004894182551652193, 0.024243811145424843, -0.016843926161527634, -0.0071717314422130585, 0.018843716010451317, 0.016296345740556717, 0.008642392233014107, -0.009884159080684185, 0.01256780605763197, 0.021635467186570168, -0.03385848551988602, 0.001490792608819902, 0.00580270541831851, -0.015492262318730354, 0.0377451591193676, 0.03590746968984604, 0.02221665158867836, 0.014810848981142044, 0.012811251915991306, 0.0243618655949831, 0.014223050326108932, -0.02826039493083954, -0.019178612157702446, 0.00819697417318821, -0.039618488401174545, 0.01815425604581833, -0.0268090907484293, -0.07552237063646317, 0.017576420679688454, 0.01507662609219551, -0.08093110471963882, 0.03982003405690193, 0.01177819725126028, 0.022452333942055702, 0.00020414269238244742, 0.01953059434890747, -0.01924746297299862, -0.03251979872584343, 0.026186930015683174, 0.008858418092131615, -0.004224723670631647, -0.020383572205901146, -0.04427022859454155, 0.011773784644901752, -0.016333675011992455, 0.01110218558460474, -0.01864970102906227, -0.03316020220518112, 0.09203589707612991, 0.015023581683635712, -0.006391174625605345, 0.030330415815114975, -0.02557256445288658, -0.029777931049466133, -0.05054650083184242, -0.007597459480166435, 0.004293960053473711, -0.0442773811519146, -0.015657948330044746, 0.02353140339255333, -0.007409383542835712, 0.008437483571469784, 0.00194747734349221, -0.030259108170866966, -0.014247952029109001, -0.056584589183330536, 0.019054915755987167, 0.034872885793447495, -0.013518137857317924, 0.024694442749023438, 0.04077095538377762, 0.00380816706456244, -0.03911087289452553, -0.00855075940489769, 0.004977758042514324, -0.010053301230072975, -0.07803921401500702, 0.006462476681917906, -0.0563279427587986, 0.005868005566298962, 0.038016095757484436, 0.030485106632113457, -0.030205022543668747, -0.02739069052040577, -0.0031505844090133905, 0.009902913123369217, -0.005744428373873234, -0.041075631976127625, -0.013592698611319065, 0.004924678709357977, 0.0416792668402195, 0.041953686624765396, 0.003516063094139099, 0.006903965026140213, 0.005207274109125137, -0.051491398364305496, -0.005263961385935545, 0.05416129156947136, 0.03234817087650299, 0.003218477126210928, -0.07044515758752823, 0.050135042518377304, -0.03889229893684387, 0.0036715699825435877, -0.008667892776429653, -0.02218342013657093, 0.017551986500620842, -0.029485655948519707, 0.015266504138708115, -0.019297750666737556, 0.020753592252731323, 0.001671140780672431, 0.004255339037626982, 0.03340871259570122, -0.012164135463535786, 0.008365617133677006, -0.038995664566755295, 0.03882938623428345, -0.03154703602194786, 0.022212518379092216, -0.005628883372992277, 0.035721369087696075, -0.0700562372803688, 0.0056420802138745785, 0.01065188366919756, -0.01654425822198391, 0.012266108766198158, 0.01489297766238451, 0.038574155420064926, -0.01830865442752838, 0.0048825605772435665, -0.012247204780578613, 0.002021089429035783, -0.007564043626189232, 0.015553276054561138, 0.020203040912747383, -0.027548279613256454, 0.002922625979408622, 0.05208569020032883, -0.06952483206987381, -0.0005847651045769453, 0.005574030801653862, 0.050496239215135574, -0.0014127405593171716, 0.040643833577632904, -0.0014870474115014076, 0.010757324285805225, 0.034452885389328, 0.05803099647164345, 0.012805120088160038, -0.030210155993700027, 0.06719593703746796, -0.009389164857566357, -0.003435377962887287, 0.003177512437105179, -0.044308651238679886, -0.001799989608116448, -0.026025354862213135, 0.03615732863545418, -0.027273543179035187, -0.011505968868732452, 0.019744480028748512, -0.013469867408275604, 0.041094787418842316, -0.028244175016880035, -0.012310589663684368, -0.0351761095225811, -0.052671950310468674, 0.006960785016417503, -0.06438576430082321, 0.0025586625561118126, 0.022631460800766945, 0.03858138993382454, 0.03031010739505291, 0.0017242609756067395, -0.020427431911230087, -0.01381917204707861, 0.05301174521446228, -0.06126423552632332, -0.045097388327121735, 0.0017968469765037298, -0.0185940433293581, 0.0035249365027993917, 0.025466810911893845, 0.04505706578493118, -0.03108399733901024, 0.0157780684530735, -0.024792375043034554, -0.03601762652397156, 0.008806861005723476, -0.028297068551182747, -0.024912700057029724, -0.0008202201570384204, 0.004475181456655264, -0.01299000158905983, 0.015512351877987385, 0.02169920690357685, 0.015977391973137856, -0.005963980220258236, 0.003377531887963414, 0.0059234569780528545, 0.024506116285920143, -0.01133711077272892, 0.03560216352343559, 0.0071267858147621155, 0.03119448386132717, 0.07229739427566528, -0.0254068560898304]",
15_1_0_docs_01_app_03_api_reference_01_directives_use_cache_mdx_section_5_code_3,code_snippet,15_1_0_docs_01_app_03_api_reference_01_directives_use_cache_mdx_section_5,Caching entire routes with  - code_3,,"{'programming_language': 'tsx', 'filename': 'app/page.tsx', 'switcher': True}",15.1.0,,"'use cache'
import { unstable_cacheLife as cacheLife } from 'next/cache'

async function Users() {
  const users = await fetch('/api/users')
  // loop through users
}

export default function Page() {
  return (
    <main>
      <Users />
    </main>
  )
}
","[(np.int64(5), np.float64(0.07424977421760559)), (np.int64(64), np.float64(0.1193266212940216)), (np.int64(425), np.float64(0.24585981667041779)), (np.int64(933), np.float64(0.1734156459569931)), (np.int64(4027), np.float64(0.20948359370231628)), (np.int64(22469), np.float64(0.24810877442359924)), (np.int64(61636), np.float64(0.18791207671165466))]",,"[0.016107160598039627, -0.021526599302887917, -0.05843222141265869, 0.04905037209391594, -0.01562630943953991, 0.0014879279769957066, 0.016952622681856155, 0.01755596324801445, -0.023407340049743652, 0.02899271622300148, -0.014269039034843445, 0.011244681663811207, -0.0040403567254543304, 0.009990484453737736, -0.0010449481196701527, 0.02877185307443142, -0.05459801107645035, 0.033056315034627914, -0.03570471331477165, -0.020751575008034706, -0.00886500533670187, -0.013372532092034817, 0.020724836736917496, 0.008044528774917126, 0.004171537701040506, -0.004634905606508255, -0.02354114130139351, -0.017815591767430305, -0.0002723963698372245, 0.04365686699748039, 0.024147380143404007, -0.00033784128027036786, -0.05344904959201813, -0.02337321825325489, -0.04691731557250023, 0.01048196293413639, -0.051992323249578476, -0.021337466314435005, -0.050536490976810455, 0.03941711038351059, -0.00599531689658761, 0.02353588305413723, -0.009686664678156376, 0.006251994054764509, 0.02529671974480152, -0.03220003470778465, 0.021817542612552643, 0.0007279611891135573, -0.03243564814329147, -0.023920979350805283, -0.008859111927449703, 0.009265181608498096, 0.02241104654967785, -0.037969958037137985, 0.0161238182336092, 0.019876930862665176, -0.03995755687355995, -0.01784173771739006, -0.01143355667591095, 0.044899191707372665, -0.029351064935326576, 0.018711619079113007, -0.0028296776581555605, 0.032742939889431, 0.0010020678164437413, 0.03199631720781326, 0.004758600611239672, 0.0010208053281530738, -0.03192038834095001, -0.04983249306678772, -0.020679673179984093, 0.06499756127595901, -0.04713217914104462, -0.02821744978427887, -0.04248545691370964, 0.032618895173072815, 0.06084982305765152, -0.053973108530044556, 0.02904646098613739, -0.03701113164424896, -0.0035982723347842693, -0.01005550753325224, 0.019864466041326523, 0.021547455340623856, 0.002049593022093177, -0.009824724867939949, -0.041023287922143936, 0.040242042392492294, -0.006789021193981171, -0.023756718263030052, -0.02686244435608387, -0.040111519396305084, 0.07185886055231094, -0.017178284004330635, -0.011091009713709354, -0.001255622017197311, 0.01965210773050785, 0.0361224040389061, 0.07045653462409973, 0.001767983427271247, 0.020369715988636017, -0.017607007175683975, -0.017845917493104935, -0.007775277364999056, 0.07346943020820618, 0.021922634914517403, -0.00666329450905323, 0.0041742147877812386, -0.01509835384786129, -0.015243098139762878, 0.018324343487620354, -0.025163311511278152, 0.029959052801132202, 0.008882149122655392, 0.011392707005143166, -0.021451566368341446, 0.014906668104231358, -0.012292634695768356, -0.010713069699704647, 0.02389589697122574, -0.04201735928654671, 0.006186249665915966, 0.03661273419857025, -0.005592064931988716, 0.014782399870455265, 0.003263409249484539, -0.030131125822663307, 0.01457306370139122, 0.02883712574839592, 0.022440733388066292, 0.03213778883218765, 0.04874841496348381, -0.023300739005208015, -0.03716668859124184, -0.027236906811594963, 0.03997388482093811, 0.004081754945218563, 0.02518525905907154, 0.017348118126392365, -0.022396745160222054, 0.02080242522060871, 0.020647600293159485, -0.04496466740965843, -0.03012358769774437, 0.026744645088911057, -0.028673067688941956, 0.08863566815853119, -0.0028979270718991756, 0.009312037378549576, 0.03464217111468315, -0.009617267176508904, -0.0033661355264484882, -0.009208150207996368, 0.0037615320179611444, 0.04102642461657524, 0.0016944525996223092, -0.029057679697871208, -0.0047039613127708435, -0.0024444223381578922, -0.007902665063738823, 0.006708132568746805, 0.037201929837465286, -0.026673994958400726, 0.027375252917408943, 0.03770601376891136, -0.018419191241264343, 0.028644632548093796, -0.011997162364423275, -0.034864600747823715, -0.029394838958978653, -0.0047500659711658955, -0.019513191655278206, 0.01829221285879612, 0.015873750671744347, 0.034008003771305084, 0.02714407816529274, 0.06322044879198074, 0.021690700203180313, 0.011485688388347626, -0.0324619822204113, -0.03970254957675934, 0.006614720448851585, -0.014200586825609207, -0.04344387352466583, -0.008661639876663685, 0.007836602628231049, 0.0029386314563453197, -0.0381903275847435, -0.0014489613240584731, 0.011987672187387943, -0.0398128516972065, -0.021006911993026733, 0.04586417227983475, 0.038850851356983185, 0.005993120837956667, -0.044380560517311096, -0.033215850591659546, 0.015548634342849255, 0.03794170916080475, -0.01921791024506092, 0.033731743693351746, 0.02975950948894024, -0.046813562512397766, 0.023135405033826828, 0.012825737707316875, -0.038248054683208466, 0.05867406725883484, -0.053426679223775864, 0.02684551291167736, 0.004827132914215326, 0.01767353154718876, -0.023230789229273796, -0.022512085735797882, -0.015613327734172344, -0.06742329150438309, -0.007263556122779846, 0.006866577547043562, 0.04467471316456795, -0.001944329822435975, -0.031439654529094696, 0.012857974506914616, 0.00979907438158989, -0.021826617419719696, 0.03084813617169857, 0.034079376608133316, 0.00017694436246529222, 0.048852693289518356, 0.009209833107888699, 0.02619381994009018, -0.0060851238667964935, -0.012267428450286388, -0.011193609796464443, 0.03495064005255699, 0.0035423419903963804, 0.04757726937532425, -0.06519903242588043, -0.02085045538842678, -0.04234851524233818, 0.0077368211932480335, -0.02113214321434498, -0.00838325172662735, -0.011336535215377808, 0.03548160567879677, -0.006752940826117992, -0.00540752150118351, -0.02705085277557373, -0.0037590274587273598, 0.004108126275241375, -0.004026625771075487, 0.001742916414514184, -0.010985595174133778, -0.0002607829519547522, -0.04454294592142105, -0.002593177603557706, 0.008269132114946842, -0.032469380646944046, 0.010470938868820667, -0.006992753129452467, -0.029407229274511337, -0.005323959980159998, 0.006214554887264967, 0.0230467040091753, -0.05638953670859337, -0.008874953724443913, -0.011985423043370247, -0.012852049432694912, -0.028018707409501076, -0.02299186773598194, -0.010895367711782455, 0.0359417162835598, 0.0008115380769595504, 0.025633806362748146, 0.005250662099570036, -0.026566045358777046, -0.010958485305309296, -0.011535782366991043, -0.02489953488111496, -0.02283644489943981, 0.03555983304977417, -0.01338814664632082, -0.0288370531052351, 0.024584218859672546, 0.02683992311358452, -0.004643632099032402, 0.04109868407249451, -0.042802710086107254, 0.008359046652913094, -0.015606815926730633, 0.018916534259915352, -0.014686002396047115, -0.020675163716077805, 0.052463263273239136, 0.05483546108007431, -0.01013055257499218, 0.019825903698801994, 0.04119398444890976, 0.0019380009034648538, -0.17174187302589417, -0.015239057131111622, -0.016349393874406815, 0.011305544525384903, 0.001060163602232933, 0.01008268166333437, -0.010709848254919052, -0.034828465431928635, -0.043313782662153244, 0.026959223672747612, -0.007040530443191528, -0.05598294734954834, -0.019737334921956062, -0.044954776763916016, -0.0067013902589678764, -0.02168755792081356, -0.0035941139794886112, -0.02029053308069706, -0.016487935557961464, -0.03640071302652359, -0.028191152960062027, -0.033281899988651276, 0.05344837158918381, -0.029139241203665733, -0.05840429291129112, -0.03172513470053673, 0.028911322355270386, -0.035418152809143066, -0.05435740202665329, -0.011949645355343819, 0.0017277661245316267, -0.000358584919013083, -0.0044006104581058025, 0.013954189606010914, 0.016871316358447075, 0.06174768880009651, 0.051828738301992416, 0.017756562680006027, 0.05015433579683304, -0.025609279051423073, 0.016306888312101364, 0.021716851741075516, -0.01546300109475851, 0.021562669426202774, 0.0028940963093191385, -0.007051439490169287, 0.0017334088915959, -0.0004859971522819251, -0.022762291133403778, -0.019855240359902382, 0.05865497514605522, -0.03594858571887016, 0.016127480193972588, 0.013029176741838455, -0.037800487130880356, 0.02103959582746029, 0.016411686316132545, 0.014845764264464378, -0.029488980770111084, 0.02999788150191307, 0.006856619380414486, -0.0015386441955342889, 0.007204434368759394, 0.005902100820094347, -0.035290349274873734, 0.021718280389904976, 0.05616758391261101, 0.005601763259619474, 0.011803326196968555, -0.04863729700446129, 0.028818191960453987, -0.056541528552770615, -0.0011435387423262, 0.008275976404547691, 0.0010339359287172556, 0.0400056354701519, -0.030625587329268456, -0.009254234842956066, 0.006115640047937632, -0.11168164759874344, 0.01392875611782074, 0.03620816767215729, 0.00813014805316925, 0.002076580887660384, -0.018223250284790993, -0.02952287718653679, -0.03989296406507492, -0.008049304597079754, 0.033438727259635925, 0.24596604704856873, 0.06829040497541428, 4.683339284383692e-05, 0.0546954870223999, 0.03687012940645218, -0.007117112632840872, -0.011583926156163216, 0.027000805363059044, -0.003401316236704588, -0.01299027819186449, -0.05525587871670723, -0.05610554665327072, 0.005662137176841497, -0.013811004348099232, 0.023056210950016975, 0.03220319375395775, -0.024600431323051453, 0.008938725106418133, 0.07045730948448181, -0.03568924963474274, 0.007947925478219986, -0.03425872325897217, -0.027890987694263458, 0.02947678416967392, -0.0822141170501709, -0.00229250336997211, -0.04131416231393814, -0.002307254122570157, -0.036208733916282654, 0.038027968257665634, -0.05137983337044716, 0.04450969025492668, 0.03680996969342232, -0.023159639909863472, -0.04300892725586891, -0.0005016420618630946, 0.042217593640089035, -0.049507565796375275, -0.018264655023813248, 0.010586255230009556, 0.003421740373596549, -0.021867847070097923, 0.04242391884326935, 0.031668521463871, -0.026875708252191544, -0.0288525503128767, 0.006838547065854073, -0.034135159105062485, -0.00418518390506506, -0.055146556347608566, -0.013196251355111599, -0.01786625385284424, -0.00039410588215105236, 0.0052160704508423805, 0.03997690975666046, -0.022362323477864265, -0.0012979796156287193, -0.029525132849812508, 0.031556084752082825, 0.03159460797905922, 0.013975516892969608, -0.009488132782280445, -0.04779098182916641, 0.047129400074481964, -0.0612645260989666, 0.01763993687927723, -0.015837399289011955, -0.026169026270508766, 0.03199686482548714, 0.023250428959727287, -0.03479050472378731, 0.018993038684129715, 0.016327982768416405, -0.01981101743876934, -0.030885301530361176, 0.003848790656775236, 0.0027695856988430023, 0.0018608926329761744, -0.005686629097908735, 0.08300523459911346, -0.004692306276410818, 0.0078610610216856, -0.05701589211821556, -0.013052482157945633, 0.01593138836324215, 0.021330133080482483, -0.018258973956108093, 0.08302584290504456, 0.00044775218702852726, -0.020126115530729294, -0.02039988525211811, 0.010130087845027447, -0.04020264744758606, 0.03955487906932831, 0.01440561655908823, -0.01365707628428936, -0.006616226397454739, -0.01893046870827675, -0.0227973610162735, 0.03786953538656235, -0.01751057058572769, -0.023689154535531998, -0.02213355153799057, -0.027061687782406807, 0.01489737443625927, 0.03588424250483513, 0.010380535386502743, -0.01921863481402397, 0.029307834804058075, 0.03342120349407196, -0.00395108200609684, -0.00868444237858057, 0.0170578770339489, -0.041793566197156906, -0.0031201092060655355, 0.0003862899902742356, 0.0552469901740551, 0.03211383521556854, 0.02900845929980278, 0.04448103904724121, -0.017054570838809013, 0.01859990693628788, 0.007109049241989851, 0.012290864251554012, 0.032867759466171265, -0.03689536452293396, -0.04050524905323982, -0.026448842138051987, -0.030909491702914238, 0.03352908417582512, 0.024322524666786194, -0.03540559858083725, 0.00511896749958396, 0.018806103616952896, 0.013287365436553955, -0.03621935471892357, 0.05260935425758362, 0.002559289103373885, 0.04475795105099678, 0.03201109543442726, -0.037541791796684265, -0.039697472006082535, -0.01778705045580864, 0.019678760319948196, 0.036626290529966354, 0.0663541704416275, 0.02114809677004814, 0.03925362229347229, 0.02023332007229328, 0.029286310076713562, 0.044206973165273666, 0.015192462131381035, -0.005391670856624842, -0.0209059976041317, -0.016616135835647583, -0.06595407426357269, 0.0032291263341903687, -0.008972047828137875, -0.02309589274227619, -0.0079073840752244, 0.0032463069073855877, 0.03304564952850342, 0.032579828053712845, 0.04106862470507622, 0.02567688748240471, 0.021571148186922073, -0.03746892884373665, 0.024595962837338448, -0.033600371330976486, -0.0018446637550368905, 0.0707428902387619, -0.009211941622197628, -0.057819463312625885, 0.014942526817321777, -0.018969722092151642, -0.03917244076728821, -0.06933170557022095, 0.01798105798661709, 0.015853136777877808, -0.013650570996105671, 0.01848953403532505, 0.01497961301356554, 0.006288045551627874, -0.01539953425526619, 0.041183240711688995, 0.005409762263298035, 0.024643413722515106, -0.01912963204085827, 0.03895844146609306, -0.02632835879921913, -0.030790774151682854, 0.11784358322620392, -0.000866925111040473, -0.021316641941666603, 0.009575068950653076, -0.030449094250798225, 0.051702700555324554, 0.030551033094525337, -0.008616017177700996, 0.002217572182416916, 0.008721544407308102, 0.02303648367524147, 0.009952438063919544, 0.044934842735528946, -0.04611210152506828, -0.016714733093976974, -0.03435938060283661, 0.012776625342667103, -0.022259913384914398, 0.03638758137822151, 0.011236206628382206, 0.015058539807796478, -0.01951519399881363, 0.03285253047943115, 0.005125760100781918, -0.015016223303973675, 0.036454252898693085, 0.05831654742360115, 0.051221106201410294, -0.018131472170352936, -0.024357419461011887, -0.012641082517802715, -6.333876081043854e-05, 0.00027382539701648057, -0.0306021086871624, 0.03362966328859329, 0.012444434687495232, -0.021473681554198265, -0.037926167249679565, -0.0053618899546563625, -0.014504879713058472, -0.003136421088129282, -0.0072473096661269665, -0.022412685677409172, 0.017598828300833702, -0.05507688224315643, 0.036578986793756485, 0.012863889336585999, 0.03050270676612854, -0.005568907130509615, 0.014719727449119091, 0.017718356102705002, -0.01259020995348692, 0.03880729526281357, 0.02751750312745571, 0.01563604734838009, -0.020780112594366074, 0.0011832667514681816, 0.020829182118177414, 0.031478144228458405, 0.011413098312914371, 0.006254476495087147, 0.012275156565010548, -0.024220570921897888, 0.02275056391954422, 0.017707889899611473, 0.030993720516562462, 0.003040304174646735, -0.039416104555130005, -0.016357669606804848, 0.03064482845366001, 0.009041065350174904, -0.009664849378168583, 0.005640941672027111, -0.009263616986572742, -0.08193732053041458, 0.07383758574724197, -0.06854009628295898, -0.02004016935825348, -0.01195569895207882, -0.010983254760503769, -0.007470414508134127, -0.0025519798509776592, -0.007173587568104267, 0.012816132977604866, -0.017048679292201996, -0.00030390924075618386, -0.033228084444999695, -0.0033200650941580534, 0.0012576963054016232, -0.009592779912054539, -0.0450868234038353, 0.0032359545584768057, 0.008204911835491657, -0.04001382738351822, 0.0045121414586901665, 0.0191255584359169, 0.032477255910634995, 0.02942088060081005, -0.036553848534822464, -0.039836861193180084, -0.012716518715023994, -0.055748410522937775, 0.005007388070225716, 0.006532939150929451, -0.015379002317786217, -0.02464400604367256, 0.0673726350069046, -0.0006235322798602283, 0.03394857794046402, 0.0065087913535535336, -0.01733546145260334, -0.010864810086786747, -0.006525468546897173, -0.0542948916554451, 0.03451383858919144, -0.018865955993533134, 0.02693300135433674, 0.033940982073545456, 0.003470590803772211, 0.034075070172548294, -0.033573564141988754, 0.024655235931277275, 0.0169842429459095, 0.037754084914922714, -0.006531961727887392, 0.04242938756942749, 0.010041046887636185, 0.029333939775824547, -0.02940545231103897, 0.011902101337909698, 0.01742980256676674, 0.0014894672203809023, 0.010232868604362011, -0.022161440923810005, 0.0004060239589307457, -0.04400710389018059, -0.006683427840471268, -0.03799128532409668, -0.01834162510931492, -0.0033239456824958324, 0.0020562070421874523, -0.021659625694155693, -0.037100210785865784, 0.023071536794304848, 0.013499697670340538, 0.05134623870253563, -0.04113249480724335, 0.022556891664862633, -0.01450330950319767, -0.014895456843078136, -0.014805542305111885, 0.024939196184277534, -0.05194980278611183, 0.008164986968040466, -0.0034342834260314703, -0.013782167807221413, -0.005479802377521992, -0.03565941005945206, -0.013311516493558884, -0.005131970159709454, 0.03801837936043739, -0.011854295618832111, -0.02188113145530224, 0.0077325087040662766, -0.030275601893663406, -0.011956145986914635, 0.058143407106399536, 0.06360775977373123, 0.03238094225525856, -0.013565488159656525, 0.03713983669877052, -0.02412642352283001, -0.022402465343475342, 0.020610269159078598, 0.003343180287629366, 0.039133548736572266, -0.006151173729449511, -0.017630580812692642, -0.008049490861594677, -0.034297361969947815, 0.010060479864478111, 0.006436273455619812, -0.030216440558433533, 0.0002701337798498571, 0.03983055800199509, -0.034914590418338776, -0.018833203241229057, 0.005289263091981411, -0.011837760917842388, -0.03136708214879036, -0.033240724354982376, -0.03819316625595093, 0.00025143095990642905, -0.059693582355976105, -0.0011437947396188974, -0.05416695028543472, -0.016864122822880745, 0.013513346202671528, 0.0256514772772789, -0.011791225522756577, -0.04559797793626785, -0.06113632768392563, -0.006653138902038336, -0.1400652974843979, 0.010370300151407719, -0.02562316134572029, 0.01665598526597023, -0.035544659942388535, -0.005417147651314735, -0.015425422228872776, -0.05222038924694061, 0.017308497801423073, -0.01973893865942955, -0.01906048133969307, -0.05668734759092331, -0.01793280430138111, -0.025676190853118896, -0.00814175233244896, 0.017366459593176842, 0.004947940353304148, -0.00744739780202508, -0.018251024186611176, -0.05534974858164787, -0.00681511452421546, 0.0024708504788577557, 0.0278383307158947, -0.027836332097649574, -0.03642530366778374, -0.02434653788805008, 0.016981815919280052, 0.034651391208171844, -0.004354170989245176, -0.01940944604575634, 0.010584360919892788, -0.014739093370735645, 0.0037321941927075386, 0.029994633048772812, -0.0013079450000077486, 0.06163221597671509, -0.011601150967180729, 0.020652931183576584, 0.003000225406140089, 0.025119634345173836, -0.005173612851649523, 0.003916742280125618, 0.022021394222974777, -0.011176325380802155, 0.00538782449439168, 0.03776499629020691, -0.02635033056139946, -0.014371870085597038, 0.01843656599521637, -0.03840243071317673, 0.04848913848400116, 0.05114931985735893, 0.03758668899536133, 0.005572640802711248, 0.02871423028409481, 0.019980808719992638, -0.019445154815912247, 0.005893287714570761, -0.011886412277817726, 0.01458103209733963, -0.03060513734817505, 0.01798926666378975, -0.022240061312913895, -0.04725854471325874, 0.019067540764808655, 0.02718694508075714, -0.09088070690631866, 0.03213008493185043, 0.02216532453894615, 0.025887584313750267, -0.0055974251590669155, 0.0033343236427754164, -0.006207508035004139, -0.027417846024036407, -0.029299702495336533, 0.01119710598140955, -0.025725744664669037, 0.003126501804217696, -0.06431065499782562, 0.0210082046687603, -0.03782527893781662, 0.005490225274115801, -0.005667869001626968, 0.0069955578073859215, 0.05850273743271828, 0.0266435369849205, -0.01773657649755478, 0.014549284242093563, -0.02778353914618492, -0.04672776162624359, -0.05294455587863922, -0.018629077821969986, 0.021352607756853104, -0.00901062972843647, 0.015649298205971718, 0.0683135837316513, -0.0040359534323215485, -0.028202485293149948, 0.001228561159223318, -0.04465603083372116, -0.006138095632195473, -0.028677141293883324, 0.030992381274700165, 0.023099027574062347, -0.002902851440012455, -0.008554103784263134, 0.00655465479940176, -0.019746527075767517, -0.027604766190052032, 0.0034261844120919704, 0.03028981387615204, -0.0027733398601412773, -0.06449960917234421, 0.007991030812263489, -0.07247941195964813, -0.016232198104262352, 0.02716882899403572, 0.018690582364797592, -0.022698599845170975, -0.023550381883978844, -0.009554766118526459, -0.04788194224238396, -0.00430377759039402, -0.01862434856593609, 0.03798413649201393, 0.02277207002043724, 0.012705396860837936, 0.052882593125104904, 0.029778121039271355, 0.010231636464595795, -0.021442865952849388, -0.03189009055495262, 0.00551702082157135, 0.05417425557971001, 0.013623081147670746, 0.02242826297879219, -0.04853226989507675, 0.04219573363661766, -0.007654201239347458, -0.028382431715726852, -0.02100149728357792, 0.0015846019377931952, 0.04211776703596115, -0.041444480419158936, 0.0015598359750583768, -0.0017537110252305865, 0.038515184074640274, -0.03153965249657631, 0.0010351643431931734, 0.002263451926410198, -0.03419920802116394, 0.00782175362110138, -0.005882011726498604, 0.042047493159770966, -0.026565734297037125, 0.019610079005360603, -0.019750695675611496, 0.05549408867955208, -0.05553483963012695, 0.01364610344171524, 0.01898372173309326, -0.03048199787735939, -0.01361791044473648, -0.010308152996003628, 0.020473653450608253, 0.0024029379710555077, -0.0008132586372084916, -0.0005662759067490697, -0.012259569019079208, 0.005974494386464357, 0.005407675169408321, 0.051095716655254364, -0.0315183624625206, -0.007204632740467787, 0.09728782624006271, -0.045553699135780334, -0.0029196422547101974, -0.012735594063997269, 0.028581324964761734, 0.021684473380446434, 0.04080044850707054, 0.004838037770241499, 0.032913729548454285, 0.019463930279016495, 0.05088164284825325, 0.003908699378371239, -0.028770340606570244, 0.03422947973012924, 0.025371849536895752, -0.022025415673851967, -0.01811913214623928, -0.01355591882020235, -0.013094300404191017, 0.006481999531388283, 0.039936598390340805, -0.06621365994215012, -0.02321593090891838, 0.00327820866368711, -0.0019801573362201452, 0.04170539975166321, -0.04049579054117203, 0.002796017099171877, -0.03724566102027893, -0.024993615224957466, 0.02845880016684532, -0.039138760417699814, -0.0021091357339173555, 0.027962107211351395, 0.007541480474174023, 0.04669317230582237, -0.00801166146993637, -0.006655287463217974, -0.01434240024536848, 0.022545617073774338, -0.06565536558628082, -0.006784175522625446, 0.005627832841128111, -0.010525772348046303, -0.02822946012020111, 0.01575470343232155, 0.02284783124923706, -0.03820730373263359, 0.03566531836986542, -0.024045389145612717, -0.0658942312002182, -0.014860477298498154, -0.026915913447737694, 0.0050569199956953526, 0.014554616063833237, -0.004941404331475496, -0.037879426032304764, -0.02195919305086136, 0.01590964011847973, 0.03567613661289215, -0.023150639608502388, 0.01304066926240921, 0.03628702089190483, 0.015439325012266636, -0.027261529117822647, 0.042315516620874405, -0.00095217558555305, 0.04509468004107475, 0.02790452539920807, -0.04141044244170189]",
15_1_0_docs_01_app_03_api_reference_01_directives_use_cache_mdx_section_5_code_4,code_snippet,15_1_0_docs_01_app_03_api_reference_01_directives_use_cache_mdx_section_5,Caching entire routes with  - code_4,,"{'programming_language': 'jsx', 'filename': 'app/page.js', 'switcher': True}",15.1.0,,"'use cache'
import { unstable_cacheLife as cacheLife } from 'next/cache'

async function Users() {
  const users = await fetch('/api/users')
  // loop through users
}

export default function Page() {
  return (
    <main>
      <Users />
    </main>
  )
}
","[(np.int64(5), np.float64(0.07538703083992004)), (np.int64(7), np.float64(0.07741428911685944)), (np.int64(64), np.float64(0.08436857908964157)), (np.int64(425), np.float64(0.24043267965316772)), (np.int64(1647), np.float64(0.12406497448682785)), (np.int64(4027), np.float64(0.20528654754161835)), (np.int64(22469), np.float64(0.28152281045913696)), (np.int64(28175), np.float64(0.23501528799533844))]",,"[0.016107160598039627, -0.021526599302887917, -0.05843222141265869, 0.04905037209391594, -0.01562630943953991, 0.0014879279769957066, 0.016952622681856155, 0.01755596324801445, -0.023407340049743652, 0.02899271622300148, -0.014269039034843445, 0.011244681663811207, -0.0040403567254543304, 0.009990484453737736, -0.0010449481196701527, 0.02877185307443142, -0.05459801107645035, 0.033056315034627914, -0.03570471331477165, -0.020751575008034706, -0.00886500533670187, -0.013372532092034817, 0.020724836736917496, 0.008044528774917126, 0.004171537701040506, -0.004634905606508255, -0.02354114130139351, -0.017815591767430305, -0.0002723963698372245, 0.04365686699748039, 0.024147380143404007, -0.00033784128027036786, -0.05344904959201813, -0.02337321825325489, -0.04691731557250023, 0.01048196293413639, -0.051992323249578476, -0.021337466314435005, -0.050536490976810455, 0.03941711038351059, -0.00599531689658761, 0.02353588305413723, -0.009686664678156376, 0.006251994054764509, 0.02529671974480152, -0.03220003470778465, 0.021817542612552643, 0.0007279611891135573, -0.03243564814329147, -0.023920979350805283, -0.008859111927449703, 0.009265181608498096, 0.02241104654967785, -0.037969958037137985, 0.0161238182336092, 0.019876930862665176, -0.03995755687355995, -0.01784173771739006, -0.01143355667591095, 0.044899191707372665, -0.029351064935326576, 0.018711619079113007, -0.0028296776581555605, 0.032742939889431, 0.0010020678164437413, 0.03199631720781326, 0.004758600611239672, 0.0010208053281530738, -0.03192038834095001, -0.04983249306678772, -0.020679673179984093, 0.06499756127595901, -0.04713217914104462, -0.02821744978427887, -0.04248545691370964, 0.032618895173072815, 0.06084982305765152, -0.053973108530044556, 0.02904646098613739, -0.03701113164424896, -0.0035982723347842693, -0.01005550753325224, 0.019864466041326523, 0.021547455340623856, 0.002049593022093177, -0.009824724867939949, -0.041023287922143936, 0.040242042392492294, -0.006789021193981171, -0.023756718263030052, -0.02686244435608387, -0.040111519396305084, 0.07185886055231094, -0.017178284004330635, -0.011091009713709354, -0.001255622017197311, 0.01965210773050785, 0.0361224040389061, 0.07045653462409973, 0.001767983427271247, 0.020369715988636017, -0.017607007175683975, -0.017845917493104935, -0.007775277364999056, 0.07346943020820618, 0.021922634914517403, -0.00666329450905323, 0.0041742147877812386, -0.01509835384786129, -0.015243098139762878, 0.018324343487620354, -0.025163311511278152, 0.029959052801132202, 0.008882149122655392, 0.011392707005143166, -0.021451566368341446, 0.014906668104231358, -0.012292634695768356, -0.010713069699704647, 0.02389589697122574, -0.04201735928654671, 0.006186249665915966, 0.03661273419857025, -0.005592064931988716, 0.014782399870455265, 0.003263409249484539, -0.030131125822663307, 0.01457306370139122, 0.02883712574839592, 0.022440733388066292, 0.03213778883218765, 0.04874841496348381, -0.023300739005208015, -0.03716668859124184, -0.027236906811594963, 0.03997388482093811, 0.004081754945218563, 0.02518525905907154, 0.017348118126392365, -0.022396745160222054, 0.02080242522060871, 0.020647600293159485, -0.04496466740965843, -0.03012358769774437, 0.026744645088911057, -0.028673067688941956, 0.08863566815853119, -0.0028979270718991756, 0.009312037378549576, 0.03464217111468315, -0.009617267176508904, -0.0033661355264484882, -0.009208150207996368, 0.0037615320179611444, 0.04102642461657524, 0.0016944525996223092, -0.029057679697871208, -0.0047039613127708435, -0.0024444223381578922, -0.007902665063738823, 0.006708132568746805, 0.037201929837465286, -0.026673994958400726, 0.027375252917408943, 0.03770601376891136, -0.018419191241264343, 0.028644632548093796, -0.011997162364423275, -0.034864600747823715, -0.029394838958978653, -0.0047500659711658955, -0.019513191655278206, 0.01829221285879612, 0.015873750671744347, 0.034008003771305084, 0.02714407816529274, 0.06322044879198074, 0.021690700203180313, 0.011485688388347626, -0.0324619822204113, -0.03970254957675934, 0.006614720448851585, -0.014200586825609207, -0.04344387352466583, -0.008661639876663685, 0.007836602628231049, 0.0029386314563453197, -0.0381903275847435, -0.0014489613240584731, 0.011987672187387943, -0.0398128516972065, -0.021006911993026733, 0.04586417227983475, 0.038850851356983185, 0.005993120837956667, -0.044380560517311096, -0.033215850591659546, 0.015548634342849255, 0.03794170916080475, -0.01921791024506092, 0.033731743693351746, 0.02975950948894024, -0.046813562512397766, 0.023135405033826828, 0.012825737707316875, -0.038248054683208466, 0.05867406725883484, -0.053426679223775864, 0.02684551291167736, 0.004827132914215326, 0.01767353154718876, -0.023230789229273796, -0.022512085735797882, -0.015613327734172344, -0.06742329150438309, -0.007263556122779846, 0.006866577547043562, 0.04467471316456795, -0.001944329822435975, -0.031439654529094696, 0.012857974506914616, 0.00979907438158989, -0.021826617419719696, 0.03084813617169857, 0.034079376608133316, 0.00017694436246529222, 0.048852693289518356, 0.009209833107888699, 0.02619381994009018, -0.0060851238667964935, -0.012267428450286388, -0.011193609796464443, 0.03495064005255699, 0.0035423419903963804, 0.04757726937532425, -0.06519903242588043, -0.02085045538842678, -0.04234851524233818, 0.0077368211932480335, -0.02113214321434498, -0.00838325172662735, -0.011336535215377808, 0.03548160567879677, -0.006752940826117992, -0.00540752150118351, -0.02705085277557373, -0.0037590274587273598, 0.004108126275241375, -0.004026625771075487, 0.001742916414514184, -0.010985595174133778, -0.0002607829519547522, -0.04454294592142105, -0.002593177603557706, 0.008269132114946842, -0.032469380646944046, 0.010470938868820667, -0.006992753129452467, -0.029407229274511337, -0.005323959980159998, 0.006214554887264967, 0.0230467040091753, -0.05638953670859337, -0.008874953724443913, -0.011985423043370247, -0.012852049432694912, -0.028018707409501076, -0.02299186773598194, -0.010895367711782455, 0.0359417162835598, 0.0008115380769595504, 0.025633806362748146, 0.005250662099570036, -0.026566045358777046, -0.010958485305309296, -0.011535782366991043, -0.02489953488111496, -0.02283644489943981, 0.03555983304977417, -0.01338814664632082, -0.0288370531052351, 0.024584218859672546, 0.02683992311358452, -0.004643632099032402, 0.04109868407249451, -0.042802710086107254, 0.008359046652913094, -0.015606815926730633, 0.018916534259915352, -0.014686002396047115, -0.020675163716077805, 0.052463263273239136, 0.05483546108007431, -0.01013055257499218, 0.019825903698801994, 0.04119398444890976, 0.0019380009034648538, -0.17174187302589417, -0.015239057131111622, -0.016349393874406815, 0.011305544525384903, 0.001060163602232933, 0.01008268166333437, -0.010709848254919052, -0.034828465431928635, -0.043313782662153244, 0.026959223672747612, -0.007040530443191528, -0.05598294734954834, -0.019737334921956062, -0.044954776763916016, -0.0067013902589678764, -0.02168755792081356, -0.0035941139794886112, -0.02029053308069706, -0.016487935557961464, -0.03640071302652359, -0.028191152960062027, -0.033281899988651276, 0.05344837158918381, -0.029139241203665733, -0.05840429291129112, -0.03172513470053673, 0.028911322355270386, -0.035418152809143066, -0.05435740202665329, -0.011949645355343819, 0.0017277661245316267, -0.000358584919013083, -0.0044006104581058025, 0.013954189606010914, 0.016871316358447075, 0.06174768880009651, 0.051828738301992416, 0.017756562680006027, 0.05015433579683304, -0.025609279051423073, 0.016306888312101364, 0.021716851741075516, -0.01546300109475851, 0.021562669426202774, 0.0028940963093191385, -0.007051439490169287, 0.0017334088915959, -0.0004859971522819251, -0.022762291133403778, -0.019855240359902382, 0.05865497514605522, -0.03594858571887016, 0.016127480193972588, 0.013029176741838455, -0.037800487130880356, 0.02103959582746029, 0.016411686316132545, 0.014845764264464378, -0.029488980770111084, 0.02999788150191307, 0.006856619380414486, -0.0015386441955342889, 0.007204434368759394, 0.005902100820094347, -0.035290349274873734, 0.021718280389904976, 0.05616758391261101, 0.005601763259619474, 0.011803326196968555, -0.04863729700446129, 0.028818191960453987, -0.056541528552770615, -0.0011435387423262, 0.008275976404547691, 0.0010339359287172556, 0.0400056354701519, -0.030625587329268456, -0.009254234842956066, 0.006115640047937632, -0.11168164759874344, 0.01392875611782074, 0.03620816767215729, 0.00813014805316925, 0.002076580887660384, -0.018223250284790993, -0.02952287718653679, -0.03989296406507492, -0.008049304597079754, 0.033438727259635925, 0.24596604704856873, 0.06829040497541428, 4.683339284383692e-05, 0.0546954870223999, 0.03687012940645218, -0.007117112632840872, -0.011583926156163216, 0.027000805363059044, -0.003401316236704588, -0.01299027819186449, -0.05525587871670723, -0.05610554665327072, 0.005662137176841497, -0.013811004348099232, 0.023056210950016975, 0.03220319375395775, -0.024600431323051453, 0.008938725106418133, 0.07045730948448181, -0.03568924963474274, 0.007947925478219986, -0.03425872325897217, -0.027890987694263458, 0.02947678416967392, -0.0822141170501709, -0.00229250336997211, -0.04131416231393814, -0.002307254122570157, -0.036208733916282654, 0.038027968257665634, -0.05137983337044716, 0.04450969025492668, 0.03680996969342232, -0.023159639909863472, -0.04300892725586891, -0.0005016420618630946, 0.042217593640089035, -0.049507565796375275, -0.018264655023813248, 0.010586255230009556, 0.003421740373596549, -0.021867847070097923, 0.04242391884326935, 0.031668521463871, -0.026875708252191544, -0.0288525503128767, 0.006838547065854073, -0.034135159105062485, -0.00418518390506506, -0.055146556347608566, -0.013196251355111599, -0.01786625385284424, -0.00039410588215105236, 0.0052160704508423805, 0.03997690975666046, -0.022362323477864265, -0.0012979796156287193, -0.029525132849812508, 0.031556084752082825, 0.03159460797905922, 0.013975516892969608, -0.009488132782280445, -0.04779098182916641, 0.047129400074481964, -0.0612645260989666, 0.01763993687927723, -0.015837399289011955, -0.026169026270508766, 0.03199686482548714, 0.023250428959727287, -0.03479050472378731, 0.018993038684129715, 0.016327982768416405, -0.01981101743876934, -0.030885301530361176, 0.003848790656775236, 0.0027695856988430023, 0.0018608926329761744, -0.005686629097908735, 0.08300523459911346, -0.004692306276410818, 0.0078610610216856, -0.05701589211821556, -0.013052482157945633, 0.01593138836324215, 0.021330133080482483, -0.018258973956108093, 0.08302584290504456, 0.00044775218702852726, -0.020126115530729294, -0.02039988525211811, 0.010130087845027447, -0.04020264744758606, 0.03955487906932831, 0.01440561655908823, -0.01365707628428936, -0.006616226397454739, -0.01893046870827675, -0.0227973610162735, 0.03786953538656235, -0.01751057058572769, -0.023689154535531998, -0.02213355153799057, -0.027061687782406807, 0.01489737443625927, 0.03588424250483513, 0.010380535386502743, -0.01921863481402397, 0.029307834804058075, 0.03342120349407196, -0.00395108200609684, -0.00868444237858057, 0.0170578770339489, -0.041793566197156906, -0.0031201092060655355, 0.0003862899902742356, 0.0552469901740551, 0.03211383521556854, 0.02900845929980278, 0.04448103904724121, -0.017054570838809013, 0.01859990693628788, 0.007109049241989851, 0.012290864251554012, 0.032867759466171265, -0.03689536452293396, -0.04050524905323982, -0.026448842138051987, -0.030909491702914238, 0.03352908417582512, 0.024322524666786194, -0.03540559858083725, 0.00511896749958396, 0.018806103616952896, 0.013287365436553955, -0.03621935471892357, 0.05260935425758362, 0.002559289103373885, 0.04475795105099678, 0.03201109543442726, -0.037541791796684265, -0.039697472006082535, -0.01778705045580864, 0.019678760319948196, 0.036626290529966354, 0.0663541704416275, 0.02114809677004814, 0.03925362229347229, 0.02023332007229328, 0.029286310076713562, 0.044206973165273666, 0.015192462131381035, -0.005391670856624842, -0.0209059976041317, -0.016616135835647583, -0.06595407426357269, 0.0032291263341903687, -0.008972047828137875, -0.02309589274227619, -0.0079073840752244, 0.0032463069073855877, 0.03304564952850342, 0.032579828053712845, 0.04106862470507622, 0.02567688748240471, 0.021571148186922073, -0.03746892884373665, 0.024595962837338448, -0.033600371330976486, -0.0018446637550368905, 0.0707428902387619, -0.009211941622197628, -0.057819463312625885, 0.014942526817321777, -0.018969722092151642, -0.03917244076728821, -0.06933170557022095, 0.01798105798661709, 0.015853136777877808, -0.013650570996105671, 0.01848953403532505, 0.01497961301356554, 0.006288045551627874, -0.01539953425526619, 0.041183240711688995, 0.005409762263298035, 0.024643413722515106, -0.01912963204085827, 0.03895844146609306, -0.02632835879921913, -0.030790774151682854, 0.11784358322620392, -0.000866925111040473, -0.021316641941666603, 0.009575068950653076, -0.030449094250798225, 0.051702700555324554, 0.030551033094525337, -0.008616017177700996, 0.002217572182416916, 0.008721544407308102, 0.02303648367524147, 0.009952438063919544, 0.044934842735528946, -0.04611210152506828, -0.016714733093976974, -0.03435938060283661, 0.012776625342667103, -0.022259913384914398, 0.03638758137822151, 0.011236206628382206, 0.015058539807796478, -0.01951519399881363, 0.03285253047943115, 0.005125760100781918, -0.015016223303973675, 0.036454252898693085, 0.05831654742360115, 0.051221106201410294, -0.018131472170352936, -0.024357419461011887, -0.012641082517802715, -6.333876081043854e-05, 0.00027382539701648057, -0.0306021086871624, 0.03362966328859329, 0.012444434687495232, -0.021473681554198265, -0.037926167249679565, -0.0053618899546563625, -0.014504879713058472, -0.003136421088129282, -0.0072473096661269665, -0.022412685677409172, 0.017598828300833702, -0.05507688224315643, 0.036578986793756485, 0.012863889336585999, 0.03050270676612854, -0.005568907130509615, 0.014719727449119091, 0.017718356102705002, -0.01259020995348692, 0.03880729526281357, 0.02751750312745571, 0.01563604734838009, -0.020780112594366074, 0.0011832667514681816, 0.020829182118177414, 0.031478144228458405, 0.011413098312914371, 0.006254476495087147, 0.012275156565010548, -0.024220570921897888, 0.02275056391954422, 0.017707889899611473, 0.030993720516562462, 0.003040304174646735, -0.039416104555130005, -0.016357669606804848, 0.03064482845366001, 0.009041065350174904, -0.009664849378168583, 0.005640941672027111, -0.009263616986572742, -0.08193732053041458, 0.07383758574724197, -0.06854009628295898, -0.02004016935825348, -0.01195569895207882, -0.010983254760503769, -0.007470414508134127, -0.0025519798509776592, -0.007173587568104267, 0.012816132977604866, -0.017048679292201996, -0.00030390924075618386, -0.033228084444999695, -0.0033200650941580534, 0.0012576963054016232, -0.009592779912054539, -0.0450868234038353, 0.0032359545584768057, 0.008204911835491657, -0.04001382738351822, 0.0045121414586901665, 0.0191255584359169, 0.032477255910634995, 0.02942088060081005, -0.036553848534822464, -0.039836861193180084, -0.012716518715023994, -0.055748410522937775, 0.005007388070225716, 0.006532939150929451, -0.015379002317786217, -0.02464400604367256, 0.0673726350069046, -0.0006235322798602283, 0.03394857794046402, 0.0065087913535535336, -0.01733546145260334, -0.010864810086786747, -0.006525468546897173, -0.0542948916554451, 0.03451383858919144, -0.018865955993533134, 0.02693300135433674, 0.033940982073545456, 0.003470590803772211, 0.034075070172548294, -0.033573564141988754, 0.024655235931277275, 0.0169842429459095, 0.037754084914922714, -0.006531961727887392, 0.04242938756942749, 0.010041046887636185, 0.029333939775824547, -0.02940545231103897, 0.011902101337909698, 0.01742980256676674, 0.0014894672203809023, 0.010232868604362011, -0.022161440923810005, 0.0004060239589307457, -0.04400710389018059, -0.006683427840471268, -0.03799128532409668, -0.01834162510931492, -0.0033239456824958324, 0.0020562070421874523, -0.021659625694155693, -0.037100210785865784, 0.023071536794304848, 0.013499697670340538, 0.05134623870253563, -0.04113249480724335, 0.022556891664862633, -0.01450330950319767, -0.014895456843078136, -0.014805542305111885, 0.024939196184277534, -0.05194980278611183, 0.008164986968040466, -0.0034342834260314703, -0.013782167807221413, -0.005479802377521992, -0.03565941005945206, -0.013311516493558884, -0.005131970159709454, 0.03801837936043739, -0.011854295618832111, -0.02188113145530224, 0.0077325087040662766, -0.030275601893663406, -0.011956145986914635, 0.058143407106399536, 0.06360775977373123, 0.03238094225525856, -0.013565488159656525, 0.03713983669877052, -0.02412642352283001, -0.022402465343475342, 0.020610269159078598, 0.003343180287629366, 0.039133548736572266, -0.006151173729449511, -0.017630580812692642, -0.008049490861594677, -0.034297361969947815, 0.010060479864478111, 0.006436273455619812, -0.030216440558433533, 0.0002701337798498571, 0.03983055800199509, -0.034914590418338776, -0.018833203241229057, 0.005289263091981411, -0.011837760917842388, -0.03136708214879036, -0.033240724354982376, -0.03819316625595093, 0.00025143095990642905, -0.059693582355976105, -0.0011437947396188974, -0.05416695028543472, -0.016864122822880745, 0.013513346202671528, 0.0256514772772789, -0.011791225522756577, -0.04559797793626785, -0.06113632768392563, -0.006653138902038336, -0.1400652974843979, 0.010370300151407719, -0.02562316134572029, 0.01665598526597023, -0.035544659942388535, -0.005417147651314735, -0.015425422228872776, -0.05222038924694061, 0.017308497801423073, -0.01973893865942955, -0.01906048133969307, -0.05668734759092331, -0.01793280430138111, -0.025676190853118896, -0.00814175233244896, 0.017366459593176842, 0.004947940353304148, -0.00744739780202508, -0.018251024186611176, -0.05534974858164787, -0.00681511452421546, 0.0024708504788577557, 0.0278383307158947, -0.027836332097649574, -0.03642530366778374, -0.02434653788805008, 0.016981815919280052, 0.034651391208171844, -0.004354170989245176, -0.01940944604575634, 0.010584360919892788, -0.014739093370735645, 0.0037321941927075386, 0.029994633048772812, -0.0013079450000077486, 0.06163221597671509, -0.011601150967180729, 0.020652931183576584, 0.003000225406140089, 0.025119634345173836, -0.005173612851649523, 0.003916742280125618, 0.022021394222974777, -0.011176325380802155, 0.00538782449439168, 0.03776499629020691, -0.02635033056139946, -0.014371870085597038, 0.01843656599521637, -0.03840243071317673, 0.04848913848400116, 0.05114931985735893, 0.03758668899536133, 0.005572640802711248, 0.02871423028409481, 0.019980808719992638, -0.019445154815912247, 0.005893287714570761, -0.011886412277817726, 0.01458103209733963, -0.03060513734817505, 0.01798926666378975, -0.022240061312913895, -0.04725854471325874, 0.019067540764808655, 0.02718694508075714, -0.09088070690631866, 0.03213008493185043, 0.02216532453894615, 0.025887584313750267, -0.0055974251590669155, 0.0033343236427754164, -0.006207508035004139, -0.027417846024036407, -0.029299702495336533, 0.01119710598140955, -0.025725744664669037, 0.003126501804217696, -0.06431065499782562, 0.0210082046687603, -0.03782527893781662, 0.005490225274115801, -0.005667869001626968, 0.0069955578073859215, 0.05850273743271828, 0.0266435369849205, -0.01773657649755478, 0.014549284242093563, -0.02778353914618492, -0.04672776162624359, -0.05294455587863922, -0.018629077821969986, 0.021352607756853104, -0.00901062972843647, 0.015649298205971718, 0.0683135837316513, -0.0040359534323215485, -0.028202485293149948, 0.001228561159223318, -0.04465603083372116, -0.006138095632195473, -0.028677141293883324, 0.030992381274700165, 0.023099027574062347, -0.002902851440012455, -0.008554103784263134, 0.00655465479940176, -0.019746527075767517, -0.027604766190052032, 0.0034261844120919704, 0.03028981387615204, -0.0027733398601412773, -0.06449960917234421, 0.007991030812263489, -0.07247941195964813, -0.016232198104262352, 0.02716882899403572, 0.018690582364797592, -0.022698599845170975, -0.023550381883978844, -0.009554766118526459, -0.04788194224238396, -0.00430377759039402, -0.01862434856593609, 0.03798413649201393, 0.02277207002043724, 0.012705396860837936, 0.052882593125104904, 0.029778121039271355, 0.010231636464595795, -0.021442865952849388, -0.03189009055495262, 0.00551702082157135, 0.05417425557971001, 0.013623081147670746, 0.02242826297879219, -0.04853226989507675, 0.04219573363661766, -0.007654201239347458, -0.028382431715726852, -0.02100149728357792, 0.0015846019377931952, 0.04211776703596115, -0.041444480419158936, 0.0015598359750583768, -0.0017537110252305865, 0.038515184074640274, -0.03153965249657631, 0.0010351643431931734, 0.002263451926410198, -0.03419920802116394, 0.00782175362110138, -0.005882011726498604, 0.042047493159770966, -0.026565734297037125, 0.019610079005360603, -0.019750695675611496, 0.05549408867955208, -0.05553483963012695, 0.01364610344171524, 0.01898372173309326, -0.03048199787735939, -0.01361791044473648, -0.010308152996003628, 0.020473653450608253, 0.0024029379710555077, -0.0008132586372084916, -0.0005662759067490697, -0.012259569019079208, 0.005974494386464357, 0.005407675169408321, 0.051095716655254364, -0.0315183624625206, -0.007204632740467787, 0.09728782624006271, -0.045553699135780334, -0.0029196422547101974, -0.012735594063997269, 0.028581324964761734, 0.021684473380446434, 0.04080044850707054, 0.004838037770241499, 0.032913729548454285, 0.019463930279016495, 0.05088164284825325, 0.003908699378371239, -0.028770340606570244, 0.03422947973012924, 0.025371849536895752, -0.022025415673851967, -0.01811913214623928, -0.01355591882020235, -0.013094300404191017, 0.006481999531388283, 0.039936598390340805, -0.06621365994215012, -0.02321593090891838, 0.00327820866368711, -0.0019801573362201452, 0.04170539975166321, -0.04049579054117203, 0.002796017099171877, -0.03724566102027893, -0.024993615224957466, 0.02845880016684532, -0.039138760417699814, -0.0021091357339173555, 0.027962107211351395, 0.007541480474174023, 0.04669317230582237, -0.00801166146993637, -0.006655287463217974, -0.01434240024536848, 0.022545617073774338, -0.06565536558628082, -0.006784175522625446, 0.005627832841128111, -0.010525772348046303, -0.02822946012020111, 0.01575470343232155, 0.02284783124923706, -0.03820730373263359, 0.03566531836986542, -0.024045389145612717, -0.0658942312002182, -0.014860477298498154, -0.026915913447737694, 0.0050569199956953526, 0.014554616063833237, -0.004941404331475496, -0.037879426032304764, -0.02195919305086136, 0.01590964011847973, 0.03567613661289215, -0.023150639608502388, 0.01304066926240921, 0.03628702089190483, 0.015439325012266636, -0.027261529117822647, 0.042315516620874405, -0.00095217558555305, 0.04509468004107475, 0.02790452539920807, -0.04141044244170189]",
15_1_0_docs_01_app_03_api_reference_01_directives_use_cache_mdx_section_6,section,15_1_0_docs_01_app_03_api_reference_01_directives_use_cache_mdx,use cache - Caching component output with ,,{},15.1.0,"You can use `` at the component level to cache any fetches or computations performed within that component. When you reuse the component throughout your application it can share the same cache entry as long as the props maintain the same structure.
The props are serialized and form part of the cache key, and the cache entry will be reused as long as the serialized props produce the same value in each instance.
",,"[(np.int64(678), np.float64(0.08213170617818832)), (np.int64(2041), np.float64(0.17307496070861816)), (np.int64(4527), np.float64(0.13128367066383362)), (np.int64(59207), np.float64(0.19147124886512756)), (np.int64(82365), np.float64(0.2728569805622101)), (np.int64(82761), np.float64(0.2622326910495758)), (np.int64(140992), np.float64(0.27177560329437256))]","[0.01800750009715557, 0.003897261107340455, -0.03582603111863136, 0.056889742612838745, 0.0034084580838680267, -0.054392579942941666, 0.042109038680791855, 0.05462212860584259, -0.014975881204009056, 0.006160101853311062, -0.01053500734269619, 0.020779233425855637, 0.0021854820661246777, 0.03592003881931305, -0.00956006720662117, 0.026534222066402435, -0.022770652547478676, -0.00024061440490186214, 0.0014346654061228037, 0.0012653463054448366, -0.004318659193813801, -0.013494685292243958, 0.0271928571164608, -0.01604432798922062, 0.021273626014590263, 0.009614757262170315, -0.04462752491235733, 0.0032122470438480377, 0.0019573094323277473, 0.053331222385168076, 0.026993216946721077, 0.0180041640996933, -0.006761153694242239, -0.0034318387042731047, -0.05405268445611, -0.03454280272126198, -0.02420792728662491, 0.008996467106044292, -0.013555996119976044, -0.006305556744337082, -0.04465741291642189, 0.005972639657557011, 0.005118737928569317, -0.025509284809231758, -0.014977066777646542, -0.047576289623975754, -0.0035513972397893667, -0.02930288016796112, -0.0249196607619524, -0.010002339258790016, -0.04947757348418236, -0.0150155546143651, 0.026324674487113953, -0.05023239552974701, -0.013078783638775349, 0.07069790363311768, -0.0682065412402153, -0.017798608168959618, -0.0511956624686718, 0.01553712785243988, 0.013303140178322792, 0.0003085647476837039, 0.0038140201941132545, 0.017373384907841682, -0.024588409811258316, 0.046230290085077286, -0.0007519213831983507, 0.035739269107580185, -0.028322219848632812, -0.07204941660165787, -0.00865640863776207, 0.030707107856869698, -0.04231560230255127, -0.0324985608458519, -0.033302705734968185, 0.042254235595464706, 0.05183674767613411, -0.03443910926580429, -0.03600815311074257, -0.022137869149446487, -0.005975615698844194, -0.04501122236251831, -0.0009165882365778089, 0.014334349893033504, 0.01025238074362278, 0.047710876911878586, -0.054397910833358765, 0.04226025193929672, -0.0189477801322937, -0.02151850238442421, 0.001726156915538013, -0.007375895977020264, 0.027917562052607536, -0.017556343227624893, -0.007536794524639845, 0.02335817925632, -0.007971471175551414, 0.029393410310149193, 0.0630040168762207, -0.0056611280888319016, 0.01919458992779255, -0.05367395281791687, -0.04515116661787033, 0.04008093103766441, 0.03819562867283821, 0.007700135000050068, -0.014867878518998623, 0.013654430396854877, -0.012483877129852772, -0.0448969267308712, 0.027924025431275368, 0.010831882245838642, -0.014942467212677002, 0.037990693002939224, 0.007911930792033672, -0.045059069991111755, 0.03137564659118652, -0.01658155396580696, 0.01469446625560522, 0.017816483974456787, 0.008881364949047565, 0.04079816862940788, 0.003270427929237485, -0.0060890791937708855, -0.03028610721230507, -0.018408702686429024, -0.015651928260922432, 0.01580183021724224, -0.024068618193268776, -0.026630451902747154, 0.009783945977687836, 0.0396096371114254, 0.00521530956029892, -0.03001927025616169, -0.06874117255210876, 0.020190022885799408, -0.03018159791827202, 0.02596956491470337, 0.003075511660426855, -0.05149627476930618, 0.024557022377848625, -0.005382861476391554, -0.031898800283670425, -0.01332206092774868, 0.03509870544075966, -0.0008894421625882387, 0.05282056704163551, 0.03676850348711014, -0.0035261688753962517, -0.003062756033614278, 0.02441798895597458, 0.001302839256823063, -0.009924537502229214, -0.014278636313974857, 0.05622643977403641, -0.017745723947882652, 0.006541167851537466, 0.05019300803542137, 0.008398984558880329, 0.02639021910727024, -0.024843618273735046, -0.043263841420412064, -0.03897586464881897, 0.04790409654378891, 0.05063862353563309, -0.04507165774703026, -0.01778341829776764, 0.01576416753232479, -0.014335058629512787, -0.03720088675618172, 0.007482376415282488, 0.01814306527376175, 0.03498365357518196, 0.014424757100641727, 0.017809074372053146, 0.05999653786420822, 0.023061539977788925, 0.015449079684913158, -0.010790571570396423, -0.03929619491100311, -0.03235921263694763, -0.014086877927184105, 0.008173453621566296, -0.03101930394768715, -0.01326463371515274, 0.025558190420269966, 0.002433046465739608, -0.02602531760931015, -0.010438276454806328, 0.048719849437475204, -0.0538661926984787, -0.0007347064674831927, 0.032115187495946884, 0.032919224351644516, -0.01405379455536604, -0.051957227289676666, -0.008912308141589165, 0.005283248610794544, 0.029248056933283806, 0.013141371309757233, 0.02529345080256462, 0.04611419513821602, -0.005502885673195124, -0.0027519799768924713, -0.04470223933458328, -0.011295617558062077, 0.007057501003146172, -0.030358459800481796, 0.014836478047072887, -0.057516030967235565, 0.036478400230407715, -0.03317444398999214, 0.01066771149635315, 0.016674647107720375, -0.011132472194731236, 0.019686950370669365, -0.020209044218063354, 0.03757232427597046, -0.0014376048929989338, -0.06201070174574852, -0.03131081908941269, 0.008462890982627869, -0.015828069299459457, 0.03819103166460991, -0.006365898065268993, 0.012235640548169613, 0.022866347804665565, -0.010258697904646397, 0.027705661952495575, -0.004121598321944475, -0.015003147535026073, 0.046937670558691025, 0.024176321923732758, -0.011349919252097607, 0.014328302815556526, -0.08191506564617157, -0.041450779885053635, 0.0348515622317791, -0.011845388449728489, -0.02774760127067566, -0.002740107476711273, -0.0132511081174016, 0.05262201279401779, 0.0023535536602139473, -0.021017327904701233, -0.025453101843595505, -0.01808551885187626, 0.031342118978500366, 0.008680975995957851, -0.02514585666358471, 0.007249485235661268, -0.0059054335579276085, -0.031147006899118423, -0.0040311445482075214, -0.0031888436060398817, -0.035360150039196014, 0.02727549523115158, 0.002818408655002713, 0.006258902605623007, 0.008965717628598213, 0.02722267061471939, 0.03847562521696091, -0.0031820544973015785, 0.009144654497504234, 0.012047842144966125, 0.004677354823797941, -0.007390281651169062, -0.07781629264354706, 0.017648544162511826, 0.04264163225889206, -0.004160936921834946, 0.013472302816808224, 0.012783469632267952, 0.010177860036492348, -0.030086981132626534, 0.007820876315236092, -0.036931682378053665, -0.027360592037439346, 0.08907077461481094, 0.00045038427924737334, -0.0011608306085690856, 0.031051291152834892, 0.059936538338661194, 0.019794611260294914, 0.0454741008579731, -0.020300837233662605, -0.006352286785840988, -0.018012769520282745, -0.0013750140788033605, -0.06043330952525139, -0.014928358606994152, -0.003555967705324292, 0.05920541286468506, -0.007811786141246557, 0.006454384885728359, 0.033666763454675674, 0.03132524713873863, -0.15187056362628937, -0.02488759160041809, -0.010464517399668694, -0.004228570498526096, 0.038064248859882355, 0.013455941341817379, -0.05094018578529358, -0.007447257172316313, -0.0422845259308815, 0.0829823836684227, 0.019749345257878304, -0.057438433170318604, -0.006359052378684282, -0.002472345717251301, 0.018954232335090637, -0.006281951442360878, -0.012630929239094257, 0.007563713937997818, 0.0019755735993385315, -0.033017151057720184, 0.004809258040040731, -0.026390831917524338, 0.04300307482481003, -0.01096528023481369, -0.0070487214252352715, -0.014455625787377357, 0.04622483253479004, 0.03194177523255348, -0.02088039182126522, -0.032629650086164474, -0.013140912167727947, 0.04231803119182587, 0.0024315284099429846, 0.03964044153690338, 0.010569342412054539, 0.020963070914149284, -0.025694124400615692, 0.0187727902084589, 0.0029252837412059307, -0.028911594301462173, 0.023553797975182533, 0.014586010947823524, -0.041743263602256775, 0.03878987580537796, 0.03830999135971069, -0.037258412688970566, 0.005851604510098696, -0.050542302429676056, -0.04897886514663696, 0.005354259163141251, 0.011778384447097778, -0.025045694783329964, -0.02759052813053131, -0.03601575642824173, -0.039581723511219025, 0.0006729360902681947, -0.0009504200424998999, 0.04865720495581627, -0.012909062206745148, 0.06794800609350204, -0.0016289765480905771, -0.0024206689558923244, 0.030972614884376526, 0.04644497111439705, -0.043600354343652725, -0.009103993885219097, 0.015331907197833061, -0.005675936583429575, 0.026018843054771423, -0.03958761692047119, 0.02925839275121689, -0.02193041890859604, -0.015939703211188316, 0.01408341433852911, -0.02497861161828041, 0.023511210456490517, -0.028754740953445435, -0.005292137153446674, -0.007108902558684349, -0.08314748108386993, -0.012514178641140461, -0.021538615226745605, 0.00015746828285045922, 0.028684908524155617, -0.014071390964090824, 0.010759174823760986, 0.020780406892299652, 0.016827190294861794, 0.0018429673509672284, 0.22075609862804413, 0.019891634583473206, 0.0017551967175677419, -0.006136638578027487, 0.044036734849214554, -0.0003466470807325095, 0.02967926673591137, 0.06670746952295303, 0.029077840968966484, 0.0026952377520501614, -0.016502605751156807, -0.011481158435344696, -0.00015143556811381131, -0.008824829012155533, 0.03023093193769455, 0.030533917248249054, -0.05301349237561226, 0.012227335944771767, 0.07109007984399796, -0.032161690294742584, 0.008841357193887234, -0.004794203210622072, 0.04564105346798897, -0.008180927485227585, -0.04290859028697014, 0.02523055113852024, -0.02260960265994072, 0.016988202929496765, -0.005624969489872456, 0.0322626568377018, -0.030327633023262024, 0.03384898230433464, 0.007659443188458681, -0.060409534722566605, -0.021052313968539238, -0.012898717075586319, -0.014117278158664703, 0.024978652596473694, -0.03479062393307686, 0.006222200579941273, 0.012696240097284317, 0.003608581842854619, 0.03127959743142128, -0.019286662340164185, -0.008004707284271717, -0.034103017300367355, 0.004876445047557354, -0.006346109323203564, 0.0041090925224125385, -0.014737123623490334, -0.04424232244491577, -0.031083298847079277, -0.011737988330423832, -0.036547742784023285, 0.011094756424427032, -0.0449649877846241, -0.011900163255631924, 0.045624349266290665, 0.044516097754240036, 0.03560199961066246, 0.040547579526901245, -0.003451596014201641, -0.02467518113553524, 0.036795563995838165, -0.027227135375142097, -0.012168973684310913, 0.008883809670805931, -0.036880142986774445, 0.04132514446973801, 0.046139393001794815, 0.0291941836476326, 0.02090957574546337, -0.007357312366366386, -0.047721926122903824, 0.037244074046611786, -0.014240921474993229, 0.04199547693133354, 0.029155287891626358, -0.04405401647090912, 0.042718563228845596, -0.035028696060180664, -0.03865309804677963, -0.010907471179962158, 0.022921154275536537, -0.014399642124772072, -0.03629017248749733, -0.03994641453027725, 0.05029333010315895, -0.0319632813334465, -0.053981535136699677, -0.0529635027050972, -0.008813725784420967, -0.030565809458494186, 0.029761902987957, 0.003437227802351117, -0.011603238061070442, 0.018731165677309036, -0.024300668388605118, -0.007464286871254444, 0.02751975692808628, 0.001720838830806315, -0.05690314620733261, 0.031114712357521057, -0.025682324543595314, 0.03632722422480583, -0.02576807700097561, -0.001860904973000288, -0.03733821213245392, 0.02181471325457096, 0.025620263069868088, -0.007180711720138788, 0.03845563530921936, -0.011136124841868877, 0.019731847569346428, -0.008251449093222618, 0.04520641267299652, 0.04890324920415878, 0.0285939984023571, 0.023831568658351898, 0.06896346062421799, -0.021094344556331635, -0.016950789839029312, 0.0013208292657509446, 0.0023192577064037323, -0.027384933084249496, -0.04212624207139015, -0.03689423203468323, -0.016468798741698265, -0.021935975179076195, 0.04654693230986595, 0.03390946611762047, -0.032997649163007736, 0.014016278088092804, 0.033612821251153946, -0.009706500917673111, -0.03178058937191963, 0.033637333661317825, -0.0207039974629879, 0.005764303263276815, -0.003407634561881423, -0.05240464210510254, 0.006116808857768774, -0.05958004668354988, 0.018817812204360962, 0.004550090059638023, 0.04143813997507095, 0.0029852790758013725, 0.0510903038084507, 0.0017373155569657683, 0.007648117374628782, 0.037686582654714584, 0.06301383674144745, -0.01626681163907051, -0.03870862349867821, -0.017878832295536995, -0.05811000242829323, -0.027786191552877426, 0.02730298973619938, -0.03339545428752899, 0.0012217354960739613, -0.019265782088041306, 0.014869926497340202, 0.04295829311013222, 0.010257348418235779, -0.00358215463347733, -0.001236670301295817, 0.0227621141821146, 0.027062471956014633, -0.011283851228654385, -0.030773427337408066, 0.00886716227978468, -0.028063533827662468, -0.028033308684825897, -0.01235579326748848, -0.0184128787368536, -0.012750345282256603, -0.040354590862989426, 0.029089149087667465, -0.03605809807777405, -0.04984831437468529, 0.0051588439382612705, -0.014890632592141628, -0.020311160013079643, 0.006909852847456932, -0.01394355483353138, -0.04030812904238701, -0.012393304146826267, -0.005782052408903837, 0.01607443019747734, -0.006412710528820753, -0.0025401983875781298, 0.12506812810897827, -0.013223430141806602, -0.013782396912574768, 0.0090754060074687, 0.01679087243974209, 0.03889136761426926, -0.0018374877981841564, -0.0111096715554595, -0.05071866139769554, -0.059996459633111954, -0.032106392085552216, 0.009629321284592152, 0.01580769568681717, -0.04273673892021179, -0.013957970775663853, -0.013596929609775543, 0.014896278269588947, -0.03135862946510315, 0.013265648856759071, -0.0002794767788145691, 0.02296620048582554, -0.033458199352025986, 0.030995596200227737, 0.01670810766518116, 0.004070083610713482, 0.007466049399226904, 0.06951158493757248, -0.0021752435714006424, -0.02619808353483677, -0.0176587775349617, -0.01893707364797592, 0.04227906093001366, -0.014633553102612495, -0.00306452508084476, 0.008771245367825031, 0.045413970947265625, -0.032314643263816833, -0.011325855739414692, -0.021294454112648964, -0.011303823441267014, 0.014665085822343826, -0.047614604234695435, -0.03943774476647377, -0.00369927566498518, -0.046831175684928894, 0.029242977499961853, 0.019717220216989517, 0.003073731204494834, -0.03596829995512962, 0.013442112132906914, 0.01127730030566454, 0.009333177469670773, 0.08878429234027863, 0.0158274807035923, 0.010095613077282906, -0.01612166501581669, 0.0021582392510026693, -0.013492991216480732, 0.032977547496557236, -0.007394057232886553, 0.02515997551381588, 0.0012444942258298397, 0.009873740375041962, 0.03655044361948967, -0.006383487489074469, 0.01829567365348339, -0.006660105660557747, -0.07308764010667801, -0.0012016224209219217, -0.013285492546856403, -0.006248787045478821, 0.0022820369340479374, -0.004266579169780016, 0.002361707855015993, -0.006778031121939421, 0.03546413779258728, -0.054993946105241776, -0.02588089182972908, -0.06499427556991577, 0.0034584568347781897, -0.015956835821270943, -0.024905294179916382, -0.05188186094164848, 0.055607229471206665, -0.03976939618587494, -0.03053322434425354, -0.01550851110368967, -0.017734220251441002, 0.01854862831532955, -0.022557834163308144, -0.014550764113664627, 0.027910888195037842, 0.03637218847870827, -0.024900812655687332, -0.025541692972183228, 0.007431765086948872, 0.023044271394610405, 0.017502063885331154, -0.02401709370315075, 0.04162893071770668, 0.010357077233493328, -0.049059852957725525, 0.011813843622803688, -0.025141987949609756, -0.005643079522997141, -0.01769617386162281, 0.02656705677509308, -0.003666142001748085, -0.0010534082539379597, -0.004486579913645983, -0.058263540267944336, -0.046656832098960876, -0.0022426682990044355, -0.0081993592903018, 0.020949574187397957, 0.006659983657300472, -0.022645069286227226, 0.010951325297355652, 6.970441609155387e-05, 0.05054428428411484, -0.04768693074584007, 0.021549075841903687, 0.011104079894721508, 0.061669401824474335, 0.009327955543994904, 0.05638100206851959, -0.018409544602036476, 0.0320642814040184, -0.025397049263119698, -0.02500363253057003, 0.015888340771198273, -0.014735192060470581, -0.041558098047971725, 0.03413733094930649, -0.009910404682159424, -0.0063055758364498615, -0.007750932592898607, -0.01538895070552826, 0.013756555505096912, -0.004491346888244152, -0.03308847174048424, -0.03868206590414047, 0.016411691904067993, 0.029604822397232056, 0.0351393036544323, 0.03711234778165817, -0.034427620470523834, 0.026043958961963654, -0.01255841739475727, 0.012411979958415031, -0.037705566734075546, 0.04758743941783905, -0.029759341850876808, 0.023444004356861115, -0.03316662833094597, 0.0122799351811409, 0.0021902204025536776, -0.0240189079195261, -0.011217080987989902, -0.02980937249958515, 0.023341398686170578, -0.0308948066085577, -0.026431996375322342, 0.027574822306632996, -0.07747740298509598, 0.015077434480190277, -0.01871681585907936, 0.020705506205558777, 7.851605914765969e-05, -0.044603582471609116, 0.027327625080943108, -0.009396660141646862, -0.053377170115709305, 0.0042538996785879135, 0.051195889711380005, 0.04882723465561867, -0.02720659226179123, -0.007520201150327921, -0.0261982548981905, -0.027041781693696976, -0.016924908384680748, 0.0009617139585316181, -0.0544443354010582, 0.0112770339474082, 0.00033675189479254186, -0.0011253765551373363, 0.023508425801992416, 0.02149260975420475, 0.0011349654523655772, -0.03322218731045723, -0.053952619433403015, -0.018804805353283882, 0.008812555111944675, -0.029489269480109215, -0.026472629979252815, -0.002771210391074419, 0.002948079025372863, -0.009120697155594826, 0.034649498760700226, -0.006865076255053282, 0.020071839913725853, -0.011885063722729683, 0.020196156576275826, -0.15022240579128265, 0.04352407529950142, -0.026385288685560226, 0.043651893734931946, -0.032356034964323044, -0.0003723552217707038, -0.016993287950754166, -0.02466665208339691, 0.02304982580244541, -0.03750209882855415, -0.013194064609706402, -0.05573870241641998, 0.03339047729969025, -0.04309982433915138, -0.022570809349417686, 0.005335512571036816, -0.014113664627075195, -0.022189389914274216, 0.016797306016087532, 0.0009148695971816778, 0.033182356506586075, -0.018585411831736565, -0.0012903353199362755, -0.010714422911405563, 0.011103040538728237, -0.026064563542604446, 0.004392468836158514, 0.03102957457304001, -0.018350059166550636, 0.0015803964342921972, -0.0029301748145371675, -0.03229186683893204, 0.004905350971966982, -0.002483746502548456, 0.012883557938039303, 0.0007738386048004031, -0.018490901216864586, 0.0024482645094394684, 0.002728675492107868, 0.021696731448173523, 0.003708317643031478, -0.010514369234442711, -0.02896980009973049, -0.023045552894473076, -0.004142882768064737, 0.07390553504228592, 0.015551108866930008, -0.009933567605912685, -0.029398130252957344, 0.01162682194262743, 0.024330392479896545, -0.014647169038653374, 0.0008188567589968443, 0.026859235018491745, 0.010956738144159317, -0.0024769585579633713, -0.03949606046080589, -0.001754164113663137, -0.02710416354238987, 0.012664077803492546, -0.07399547100067139, 0.029687510803341866, -0.0036310029681771994, -0.03713272884488106, 0.04726105183362961, 0.04168897867202759, -0.019937336444854736, 0.008270888589322567, 0.0032073354814201593, 0.033403217792510986, 0.009946106933057308, 0.029553763568401337, -0.049089010804891586, -0.011590923182666302, 0.016350332647562027, 0.038031306117773056, 0.034593187272548676, 0.005152425263077021, 0.008895697072148323, 0.027621110901236534, -0.01852639950811863, -0.007822391577064991, 0.0017196282278746367, 0.032639842480421066, 0.021128887310624123, -0.03964048996567726, -0.03429702669382095, 0.01137330662459135, -0.008822599425911903, -0.03282586485147476, -0.05188726633787155, -0.013035283423960209, 0.021852213889360428, 0.024385882541537285, -0.015830526128411293, 0.04454514756798744, 0.026538265869021416, 0.014152401126921177, 0.028643688187003136, -0.013926091603934765, 0.02196582965552807, -0.03066343441605568, 0.028809811919927597, 0.058593593537807465, -0.020085465162992477, 0.011971455067396164, 0.03553897887468338, -0.0034671295434236526, -0.01184078399091959, 0.02485855296254158, 0.0278911329805851, -0.027652017772197723, -0.04864586889743805, -0.0021734144538640976, -0.0490855798125267, -0.025311904028058052, 0.0387897826731205, 0.045082349330186844, 0.01524963416159153, 0.009527198038995266, 0.012658286839723587, -0.00425760867074132, -0.04254169762134552, -0.044302549213171005, 0.031660255044698715, 0.01658281497657299, 0.03971610218286514, 0.011483040638267994, 0.012512502260506153, 0.035567451268434525, 0.0002725058002397418, -0.03491688147187233, -0.004793555475771427, 0.005035188514739275, 0.04761731997132301, -0.024479784071445465, -0.02556893602013588, 0.06644528359174728, -0.04894345998764038, -0.026697125285863876, -0.029793571680784225, -0.003935985267162323, 0.04938578978180885, -0.04523215442895889, 0.005007958505302668, -0.05074459686875343, 0.014285625889897346, -0.00022052621352486312, 0.004055514466017485, -0.0016675968654453754, -0.037349242717027664, 0.0018876476678997278, 0.012158935889601707, 0.0365162156522274, -0.04707217216491699, 0.05566200241446495, -0.04370862990617752, 0.03954349085688591, -0.0710555762052536, 0.008268557488918304, 0.02940993383526802, -0.034940771758556366, 0.012333225458860397, 0.002134423702955246, 0.005595301277935505, -0.04198344051837921, -0.004565321374684572, 0.004048336297273636, 0.014669380150735378, 0.012804931960999966, -0.03196054324507713, 0.07155804336071014, -0.005931764841079712, 0.019121065735816956, 0.01975926198065281, -0.029560955241322517, 0.03107692487537861, 0.03372436389327049, 0.058824095875024796, -0.009339340031147003, 0.03223123401403427, -0.006899106781929731, 0.06166147440671921, -0.002204528544098139, 0.06239837408065796, 0.015483633615076542, -0.028748108074069023, 0.058920968323946, 0.046148549765348434, -0.04924638569355011, -0.01675582490861416, -0.01518888957798481, 0.0037800713907927275, -0.026515789330005646, 0.036624204367399216, 0.029726969078183174, -0.006471996661275625, -0.03379731625318527, 0.016676846891641617, 0.001597292721271515, -0.05515870079398155, 0.013530697673559189, -0.016564441844820976, -0.0032467134296894073, 0.0038584908470511436, 0.0015385319711640477, -0.023374011740088463, 0.02653566375374794, -0.013953599147498608, 0.004862323869019747, -0.03864717110991478, 0.014143062755465508, -0.013355321250855923, -0.026198629289865494, -0.043369196355342865, -0.05983073636889458, 0.016454584896564484, 0.02792331762611866, 0.025153158232569695, 0.008905220776796341, 0.0035810244735330343, 0.010473274625837803, 0.01503941509872675, -0.07748149335384369, -0.07019863277673721, 0.004528629127889872, -0.009488862007856369, -0.006460790056735277, 0.01770453341305256, 0.02217862196266651, -0.04312775284051895, -0.026301641017198563, 0.016270631924271584, 0.047577328979969025, 0.008679602295160294, -0.021770361810922623, -0.0029182874131947756, 0.04950407147407532, -0.015972672030329704, 0.0013312958180904388, 0.046639904379844666, 0.016744645312428474, 0.012197807431221008, 0.05055100843310356]",,
15_1_0_docs_01_app_03_api_reference_01_directives_use_cache_mdx_section_6_code_1,code_snippet,15_1_0_docs_01_app_03_api_reference_01_directives_use_cache_mdx_section_6,Caching component output with  - code_1,,"{'programming_language': 'tsx', 'filename': 'app/components/bookings.tsx', 'switcher': False}",15.1.0,,"export async function Bookings({ type = 'haircut' }: BookingsProps) {
  'use cache'
  async function getBookingsData() {
    const data = await fetch(`/api/bookings?type=${encodeURIComponent(type)}`)
    return data
  }
  return //...
}

interface BookingsProps {
  type: string
}
","[(np.int64(5), np.float64(0.0557328462600708)), (np.int64(7), np.float64(0.04655402898788452)), (np.int64(64), np.float64(0.06837403774261475)), (np.int64(277), np.float64(0.07888820022344589)), (np.int64(425), np.float64(0.23098695278167725)), (np.int64(933), np.float64(0.16133445501327515)), (np.int64(4027), np.float64(0.18682613968849182)), (np.int64(5180), np.float64(0.2233666479587555)), (np.int64(14137), np.float64(0.23556627333164215)), (np.int64(54137), np.float64(0.20790080726146698)), (np.int64(61636), np.float64(0.17823514342308044))]",,"[-0.011344176717102528, -0.018738269805908203, -0.03476174548268318, 0.039451964199543, -0.02731418050825596, -0.02121603488922119, -0.0012827202444896102, 0.027996083721518517, -0.011218220926821232, 0.021617455407977104, -0.0030573527328670025, 0.032144587486982346, 0.0033696764148771763, 0.00538596510887146, 0.011745340190827847, 0.03841759264469147, -0.005550056230276823, -0.011050447821617126, -0.016064777970314026, -0.021901190280914307, -0.014962592162191868, 0.05334504321217537, 0.0024265239480882883, -0.004186354577541351, -0.015427272766828537, 0.00954711064696312, 0.007185469847172499, 0.013579781167209148, -0.0005523005966097116, 0.006671587470918894, 0.03497994318604469, 0.044536758214235306, 0.02827371098101139, -0.03808526694774628, -0.04801906272768974, -0.0248347669839859, -0.007997080683708191, 0.015574990771710873, -0.046352192759513855, 0.028884341940283775, -0.06279006600379944, 0.023859407752752304, -9.43093909882009e-05, -0.05124473199248314, 0.012704167515039444, -0.049472179263830185, 0.02324785850942135, -0.016584834083914757, -0.03351160138845444, 0.0028276341035962105, -0.007198799401521683, 0.011775967665016651, 0.016291601583361626, -0.05284702032804489, 0.021622810512781143, 0.038744401186704636, 0.016845330595970154, 0.011651197448372841, -0.07792376726865768, 0.03732895851135254, -0.010188382118940353, -0.014969472773373127, -0.020807519555091858, 0.009707571007311344, -0.011786595918238163, 0.060596805065870285, 0.021420612931251526, 0.03983014076948166, -0.030552493408322334, -0.0017837489722296596, -0.023747138679027557, 0.06479955464601517, -0.06955717504024506, -0.0026245431508868933, -0.06682849675416946, 0.0008291923440992832, 0.01721176691353321, -0.014893141575157642, -0.004362946376204491, 0.014978285878896713, -0.021926121786236763, -0.04886351525783539, -0.0018581749172881246, 0.03279506415128708, -0.0287617277354002, -0.03710957616567612, -0.038573093712329865, 0.03705528751015663, -0.03736206144094467, 0.03319317847490311, 0.037209201604127884, -0.04382423684000969, 0.06940042227506638, -0.061875902116298676, 0.011768283322453499, -0.012073940597474575, 0.0025436910800635815, 0.013016736134886742, 0.03341954946517944, 0.014325760304927826, -0.002702707890421152, -0.011749508790671825, 0.0088520972058177, 0.01027686707675457, 0.037265319377183914, 0.03552693501114845, 0.0153194610029459, -0.003965208772569895, -0.015592186711728573, -0.033949993550777435, 0.005484211258590221, 0.032265033572912216, -0.006225306075066328, 0.0016976740444079041, 0.011889057233929634, -0.061335790902376175, 0.007905186153948307, 0.009689121507108212, 0.00884796679019928, -0.010447530075907707, 0.006906445603817701, 0.017994137480854988, 0.004260712768882513, 0.021816140040755272, -0.024375759065151215, 0.012995804660022259, 0.010414850898087025, 0.057696014642715454, 0.0053795319981873035, 0.017306936904788017, 0.02305111661553383, 0.06112776696681976, -0.011155721731483936, 0.008287247270345688, -0.04613487049937248, 0.018120821565389633, -0.035034678876399994, 0.029616400599479675, 0.0012371516786515713, -0.058616671711206436, -0.01584748737514019, 0.00961298681795597, -0.060575950890779495, -0.015084824524819851, 0.011337273754179478, -0.04085870832204819, 0.08276797831058502, 0.03307180106639862, -0.04915536940097809, -0.02106122486293316, 0.003327679354697466, 0.005340356379747391, -0.03770415484905243, -0.04382860288023949, 0.004486410412937403, -0.012492191046476364, -0.0024113415274769068, 0.031067991629242897, 0.026267964392900467, 0.0037509046960622072, -0.030400089919567108, 0.012370007112622261, -0.030743807554244995, -0.04870274290442467, 0.048619404435157776, -0.027180973440408707, -0.0037371423095464706, -0.02898290939629078, -0.037761952728033066, -0.027050886303186417, 0.013515787199139595, -0.02159426361322403, 0.011526678688824177, 0.006552659906446934, 0.0027972047682851553, 0.005348637700080872, 0.07977700233459473, 0.003636661684140563, 0.03474361449480057, -0.043862055987119675, -0.04896438866853714, 0.05979509651660919, 0.02464783750474453, -0.005347357131540775, 0.018443891778588295, 0.012459932826459408, 0.0014900099486112595, 0.022916028276085854, 0.026468170806765556, 0.04710227996110916, -0.0019762415904551744, -0.004517021588981152, 0.04349028319120407, 0.04045185446739197, 0.01251500565558672, 0.008151756599545479, -0.03129783645272255, 0.023358313366770744, -0.0036420386750251055, 0.03890552744269371, 0.022286655381321907, 0.021998362615704536, 0.018510598689317703, -0.0017236957792192698, -0.053046807646751404, -0.035527825355529785, 0.019431931897997856, -0.018808837980031967, -0.007438980042934418, -0.0015583729837089777, 0.021908210590481758, 0.001965830335393548, -0.006400403566658497, -0.011357410810887814, -0.03422490879893303, -0.010092342272400856, 0.0033355392515659332, 0.0343676321208477, -0.0021665822714567184, -0.022271964699029922, -0.0024210286792367697, 0.030813582241535187, 0.025165459141135216, 0.057966284453868866, 0.009347336366772652, 0.004147229716181755, 0.04140452295541763, -0.013356408104300499, -0.029751360416412354, -0.02563989907503128, -0.004419658798724413, 0.02229153923690319, 0.03573445975780487, -0.021770812571048737, 0.02387230284512043, -0.06968693435192108, -0.0089274225756526, 0.016921089962124825, -0.00836862251162529, 0.03773711994290352, -0.02755129151046276, 0.03275683894753456, 0.023725314065814018, 0.01748465560376644, -0.01986159197986126, -0.02336004003882408, 0.02327258512377739, -0.03435039892792702, -0.006027610506862402, -0.06614110618829727, -0.03646157681941986, 0.04255937412381172, -0.021604543551802635, 0.017389142885804176, 0.01593588851392269, -0.017671678215265274, 0.011632733978331089, -0.02006523683667183, -0.030861685052514076, -0.025591010227799416, 0.005624096374958754, 0.03068922832608223, 0.013815280050039291, 0.019103817641735077, 0.017547177150845528, -0.0094406483694911, -0.03415988013148308, -0.03240804746747017, 0.006207582075148821, 0.011224930174648762, 0.005491524934768677, 0.03082657977938652, 0.02189161442220211, 0.0027569166850298643, 0.02189929410815239, 0.007537693250924349, -0.014478690922260284, -0.015710320323705673, 0.07751712203025818, 0.013269098475575447, -0.043926894664764404, -0.051006533205509186, 0.04642948508262634, 0.007774995174258947, 0.015916071832180023, -0.033448439091444016, -0.017091762274503708, -0.016971072182059288, 0.010877466760575771, -0.052256807684898376, -0.040218207985162735, 0.008321268483996391, 0.05005786195397377, -0.01332099735736847, -0.014145592227578163, 0.004925309214740992, 0.008309490978717804, -0.16167910397052765, 0.007158481981605291, 0.025491202250123024, -0.017494436353445053, -0.012860262766480446, 0.027591446414589882, -0.009101214818656445, -0.009659418836236, -0.015562565065920353, 0.03831430524587631, -0.0050814347341656685, -0.06027259677648544, -0.02257891744375229, -0.04113064706325531, 0.00917536299675703, 0.020235061645507812, -0.0007978667272254825, 0.0004588562878780067, -0.003065899247303605, -0.009203811176121235, 0.019768565893173218, -0.007628218736499548, 0.021730488166213036, 0.01823955588042736, -0.0014805728569626808, -0.03627563640475273, 0.01579127088189125, 0.028117390349507332, -0.042091771960258484, -0.005385365802794695, 0.016989752650260925, 0.0517076812684536, 0.0025858052540570498, -0.01759444922208786, 0.022151261568069458, 0.013314006850123405, -0.0012704734690487385, 0.0581674687564373, 0.025235934183001518, -0.011148231104016304, 0.026052605360746384, 0.04752906411886215, -0.01853502355515957, 0.05265016108751297, -0.007566253654658794, 0.006034926511347294, -0.022037308663129807, -0.02092304639518261, -0.012128117494285107, -0.01702543906867504, 0.034622229635715485, -0.057881806045770645, -0.007926352322101593, -0.0031836479902267456, -0.04635728895664215, 0.044131089001894, 0.016649527475237846, 0.03215958550572395, -0.012994774617254734, 0.013223114423453808, -0.04817109927535057, -0.008793273940682411, -5.227450401434908e-06, 0.018370455130934715, -0.028177550062537193, -0.0055589573457837105, 0.06500712782144547, 0.00856693834066391, 0.0038149734027683735, -0.020375199615955353, 0.04494856297969818, -0.028160203248262405, 0.001047522877342999, 0.05234227702021599, -0.007693183142691851, 0.02289053611457348, -0.016836553812026978, -0.032501913607120514, -0.010477965697646141, -0.10669723898172379, -0.05362044274806976, -0.019611474126577377, -0.015570883639156818, -0.035975754261016846, -0.03258819133043289, -0.02791665308177471, -0.008485814556479454, 0.03210701420903206, 0.0025155276525765657, 0.2335948646068573, 0.021161740645766258, -0.003610296407714486, 0.06319697946310043, 0.0673951804637909, -0.028644727542996407, -0.028804399073123932, 0.08355837315320969, 0.08193273842334747, -0.005421644076704979, 0.0015063356840983033, -0.02763642556965351, -0.034557029604911804, -0.0017073019407689571, -0.0021398214157670736, -0.008741816505789757, -0.053179461508989334, 0.0182559322565794, 0.02897070161998272, 0.00027177316951565444, 0.0059547703713178635, 0.0028774081729352474, -0.005509920418262482, -0.02677106112241745, -0.049626510590314865, -0.00964684784412384, -0.016567982733249664, 0.011551007628440857, -0.022837741300463676, 0.056005530059337616, -0.001693957019597292, 0.02921903319656849, 0.06358783692121506, -0.06831800192594528, -0.03349785879254341, -0.011102925054728985, 0.019128868356347084, -0.02911851927638054, -0.015082075260579586, 0.034475717693567276, -0.006162635516375303, 0.0033252164721488953, -0.004584148060530424, 0.0075347330421209335, -0.004796125926077366, -0.053328391164541245, 0.008497492410242558, 0.001614624634385109, 0.003641207702457905, -0.09084004163742065, -0.015183178707957268, -0.036344122141599655, -0.018360929563641548, -0.00518978014588356, 0.020401621237397194, -0.020861342549324036, 0.02798514813184738, 0.038764823228120804, -0.0245266854763031, 0.02517331950366497, -0.008041922003030777, 0.00023246098135132343, -0.03415071591734886, 0.029769588261842728, -0.03703555092215538, 0.04633080214262009, -0.025657135993242264, -0.013846198096871376, 0.00392695888876915, 0.03862344101071358, 0.03972393274307251, -0.00047646445455029607, 0.011134841479361057, -0.027674799785017967, -0.00888062920421362, -0.04219105839729309, -0.0026195882819592953, 0.020057259127497673, -0.007356774527579546, 0.01567666232585907, -0.01219804584980011, -0.0006935300189070404, -0.06239691004157066, 0.03890998288989067, 0.020979076623916626, -0.011467678472399712, -0.023927371948957443, 0.06651583313941956, 0.003431847784668207, -0.029115574434399605, -0.023647954687476158, -0.0001109066215576604, -0.007036532275378704, 0.03251291811466217, 0.04457497596740723, 0.004792936146259308, -0.004555010702461004, -0.012325749732553959, 0.012402934022247791, 0.030796613544225693, -0.016164109110832214, -6.294051127042621e-05, -0.01892969198524952, -0.05052800849080086, -0.013732398860156536, -0.013428660109639168, 0.027788376435637474, -2.453675369906705e-05, 0.004871214274317026, 0.0408935509622097, -0.05092133209109306, 0.00891453493386507, 0.01962423324584961, -0.05800566077232361, 0.010793001390993595, 0.021350489929318428, 0.021372955292463303, -0.0030150352977216244, 0.020220980048179626, 0.01485238503664732, -0.045439012348651886, 0.002528443932533264, 0.04141668602824211, 0.0033968607895076275, 0.008971462026238441, -0.07291696965694427, -0.04186337813735008, -0.029405051842331886, -0.005646610166877508, -0.014390102587640285, 0.020427335053682327, -0.02873804047703743, -0.006891978904604912, 0.053543880581855774, 0.016916712746024132, -6.17697078268975e-05, 0.02618037350475788, 0.021922608837485313, 0.03254896402359009, -0.0163730476051569, 0.01266433298587799, 0.056744981557130814, 0.0033529195934534073, 0.006597528699785471, 0.017583897337317467, 0.03570585697889328, -0.023670652881264687, -0.003875916823744774, -0.01744266040623188, 0.012976578436791897, 0.040043070912361145, 0.0407816544175148, -0.0007874552975408733, -0.042306188493967056, -0.0051103089936077595, -0.07102513313293457, -0.019008686766028404, 0.003866911865770817, 0.014170976355671883, -0.0111279571428895, 0.016492381691932678, 0.022608373314142227, 0.007528909482061863, 0.046245284378528595, 0.0007477258332073689, -0.013401524163782597, -0.04683246836066246, 0.03530493378639221, -0.016807345673441887, 0.01169306319206953, 0.014067508280277252, -0.03663235902786255, -0.06435709446668625, 0.027371704578399658, -0.008004089817404747, -0.017109598964452744, -0.02171551063656807, -0.013695571571588516, -0.0006563244969584048, -0.021131053566932678, -0.02392583154141903, -0.0032620809506624937, -0.015968455001711845, 0.020151641219854355, 0.002552005695179105, -0.018145663663744926, -0.01417434960603714, -0.004097847733646631, 0.0039100730791687965, -0.016190750524401665, -0.022350428625941277, 0.10823787748813629, 0.020380627363920212, -0.002311054617166519, 0.006288666743785143, -0.009243147447705269, 0.05967287719249725, 0.0341215655207634, 0.04253273084759712, 0.004425862804055214, -0.036377742886543274, 0.013908891007304192, 0.0017056996002793312, -0.019859736785292625, -0.03126968443393707, 0.009065917693078518, -0.001428120769560337, 0.02532544918358326, -0.050422199070453644, 0.035217467695474625, 0.013034374453127384, -0.0038855811581015587, 0.0015951688401401043, -0.02066206745803356, -0.003946812357753515, -0.03416995704174042, 0.03555811196565628, 0.0272077526897192, -0.03191700577735901, -0.008248665370047092, -0.01677812449634075, 0.02176951989531517, 0.020284689962863922, 0.012167220003902912, 0.007065296173095703, -0.006583543960005045, 0.03823350369930267, -0.006731763947755098, 0.0004915428580716252, 0.010365921072661877, -0.011163987219333649, 0.024783089756965637, 0.01790042407810688, -0.020572960376739502, 0.010912288911640644, -0.023729117587208748, -0.010281260125339031, 0.011923554353415966, 0.014973067678511143, -0.03280436620116234, 0.01913812942802906, 0.024278150871396065, 0.03218589723110199, 0.003365128766745329, 0.021984318271279335, 0.0267363078892231, -0.041677072644233704, 0.013994840905070305, -0.016219645738601685, 0.037010762840509415, -0.010220751166343689, 0.006349335890263319, 0.04086926206946373, 0.0006713569746352732, -0.00026138979592360556, 0.029387641698122025, 0.021971186622977257, 0.01591537892818451, -0.003743378445506096, 0.005475639831274748, 0.03238203376531601, 0.04051535949110985, -0.02446725405752659, 0.005917318630963564, 0.04871577024459839, -0.08043049275875092, 0.013499763794243336, -0.07888340950012207, -0.0413246713578701, -0.012546641752123833, -0.0019363188184797764, -0.0023995409719645977, -0.01033004466444254, 0.0014548583421856165, 0.049284014850854874, 0.021076029166579247, -0.003879921743646264, -0.032157134264707565, 0.031041018664836884, 0.01651090942323208, 2.273350764880888e-05, 0.008358963765203953, 0.008697118610143661, -0.01206675823777914, 0.02395573817193508, 0.008699038997292519, -0.0023648941423743963, 0.03893089294433594, 0.0044628409668803215, -0.07726229727268219, -0.018121838569641113, -0.011194953694939613, -0.04915333911776543, 0.01178074348717928, -0.016266362741589546, -0.02337709628045559, -0.03819590061903, 0.07378681004047394, -0.017171407118439674, -0.001836466370150447, -0.017325980588793755, -0.05081979185342789, -0.014227349311113358, 0.04078280180692673, 0.021347003057599068, 0.0001702953304629773, -0.008778063580393791, 0.0017864996334537864, 0.02064557559788227, 0.0225052610039711, 0.0179885420948267, -0.0727982148528099, -0.013909101486206055, -0.001618676702491939, 0.005739228799939156, -0.011215447448194027, 0.02562372200191021, 0.004705547820776701, 0.029582032933831215, -0.06893947720527649, -0.029304342344403267, -0.02313654124736786, -0.005692059639841318, -0.0263966154307127, -0.00652075931429863, -0.0229716245085001, -0.04436518996953964, -0.0071001662872731686, -0.03589997813105583, -0.030743204057216644, -0.04258084297180176, -0.004785914905369282, -0.006420389749109745, -0.022808978334069252, -0.010819976218044758, 0.015697382390499115, 0.02838376723229885, -0.02658913843333721, 0.024608783423900604, -0.0026646540500223637, -0.0306986253708601, 0.012425517663359642, 0.06847856938838959, -0.06740888953208923, 0.03188503161072731, -0.022314244881272316, -0.0029570511542260647, -0.01495350245386362, -0.013377913273870945, -0.026819897815585136, -0.002291120123118162, 0.0331156924366951, -0.017065728083252907, -0.04126840457320213, 0.006427263841032982, -0.04770836979150772, -0.018231995403766632, 0.028616713359951973, 0.06986349076032639, -0.002411365043371916, -0.017924906685948372, 0.029830237850546837, -0.026672443374991417, -0.023635493591427803, -0.003147793933749199, 0.019680658355355263, 0.003984346054494381, -0.0013382158940657973, 0.006439669989049435, -0.045537568628787994, -0.007925273850560188, 0.004216371104121208, -0.012438388541340828, -0.007769102230668068, -0.008353212848305702, 0.04093833640217781, -0.01183190569281578, 0.005204291548579931, -0.0014790628338232636, -0.018800178542733192, -0.016009125858545303, 0.008257277309894562, -0.02626221254467964, -0.011141963303089142, 0.0014323294162750244, -0.011943742632865906, -0.0333026759326458, -0.01514807716012001, 0.017444925382733345, 0.005193537101149559, -0.0590902715921402, -0.0033249109983444214, -0.008379076607525349, 0.012995116412639618, -0.14759983122348785, 0.015417714603245258, -0.0021760587114840746, 0.010948160663247108, -0.024291129782795906, 0.004903680644929409, -0.03346899524331093, -0.07588931173086166, 0.018579525873064995, -0.015738073736429214, 0.00935565959662199, -0.045414093881845474, 0.03304377943277359, -0.04955632612109184, -0.0028478826861828566, 0.018242288380861282, -0.02409408800303936, 0.010263935662806034, 0.015511289238929749, -0.01817759871482849, -0.019400272518396378, -0.00472940132021904, 0.05825958028435707, -0.017520722001791, -0.03567349165678024, -0.0038367626257240772, 0.01130926888436079, -0.0009195453021675348, -0.030132927000522614, -0.03920462727546692, 0.0030525883194059134, -0.004198521841317415, 0.018362244591116905, 0.029650332406163216, 0.04843468964099884, 0.032509587705135345, 0.0017642492894083261, 0.03293199837207794, -0.03904518112540245, 0.019676217809319496, -0.02315165102481842, 0.030386699363589287, -0.04239238053560257, 0.0006600439082831144, -0.019260084256529808, -0.016698408871889114, -0.023239310830831528, -0.021649591624736786, 0.026337694376707077, -0.024520020931959152, 0.030343251302838326, 0.002039092592895031, -0.0030190011020749807, 0.015681158751249313, -0.0037142240907996893, -0.009430648759007454, -0.03923853859305382, -0.03354368358850479, -0.04998672753572464, 0.02475639060139656, -0.039930302649736404, 0.03523629903793335, -0.03616534546017647, -0.07041805982589722, 0.027815304696559906, 0.03891907259821892, -0.014585406519472599, 0.06184941902756691, 0.025162430480122566, -0.015864800661802292, -0.01877649687230587, -0.005654487758874893, -0.017759114503860474, 0.0035652974620461464, -0.022141441702842712, -0.008771928958594799, 0.04359430819749832, -0.03351118788123131, -0.043097395449876785, 0.0015071708476170897, -0.07518123835325241, 0.02554311603307724, -0.02377229742705822, 0.05320269986987114, 0.018485475331544876, 0.007552175782620907, 0.006985410116612911, 0.025350864976644516, -0.09747619181871414, -0.005062944255769253, -0.059868525713682175, -0.02726023644208908, 0.028236187994480133, 0.06649523973464966, 0.026430677622556686, 0.013506662100553513, -0.033392488956451416, -0.018299445509910583, 0.03075968660414219, -0.029489703476428986, -0.004587065894156694, -0.029184255748987198, 0.0027560023590922356, 0.03424108028411865, -0.017665589228272438, -0.030461348593235016, -0.0011745853116735816, 0.0066226632334291935, -0.005100748967379332, -0.04573865979909897, -0.025261474773287773, -0.005730755627155304, -0.013389172032475471, 0.05400024354457855, -0.08929786831140518, -0.022834572941064835, -0.009060818701982498, 0.0496772900223732, -0.006691500078886747, 0.008373363874852657, 0.05017879605293274, 0.013267179019749165, 0.029476555064320564, -0.039655882865190506, 0.026647385209798813, 0.04183090850710869, 0.05288148298859596, 0.01930128037929535, -0.000283670611679554, 0.01862039975821972, -0.010121863335371017, -0.015254266560077667, 0.034453947097063065, 0.014645273797214031, 0.01725880801677704, 0.008384144864976406, -0.05074385553598404, 0.06192457675933838, -0.040536947548389435, -0.008013446815311909, -0.01269525196403265, -0.007698852568864822, 0.023465491831302643, -0.017611714079976082, -0.013667546212673187, 0.004717621020972729, 0.04060017690062523, -0.0007125696283765137, 0.025908295065164566, -0.011246293783187866, -0.02538294531404972, 0.018978038802742958, -0.007190080359578133, 0.050448279827833176, -0.03177711367607117, -0.0015951045788824558, -0.06492380052804947, -0.02590775117278099, -0.01412885170429945, 0.0363643579185009, -0.02866489626467228, -0.034110959619283676, 0.003346265060827136, -0.03799320012331009, 0.016659630462527275, -0.011256873607635498, 0.005620959680527449, 0.010754759423434734, -0.00434052525088191, 0.03757152333855629, -0.025632750242948532, 0.061205822974443436, -0.03221089392900467, -0.02990545518696308, 0.04938514158129692, -0.010954516939818859, 0.020312843844294548, 0.02331651747226715, 0.0374215729534626, 0.015065716579556465, 0.008360150270164013, 0.02451508492231369, 0.05969169735908508, 0.007510708179324865, 0.023881223052740097, 0.015486977063119411, -0.03660305216908455, 0.03419927507638931, 0.0571649931371212, -0.03038492053747177, -0.0010349329095333815, 0.0027763762045651674, 0.020614460110664368, 0.030636874958872795, 0.04092559963464737, -0.04411541298031807, 0.01625899411737919, 0.026537058874964714, 0.005057233851402998, 0.05744582787156105, -0.03401074931025505, 0.005023228470236063, 0.019119473174214363, -0.020043976604938507, 0.020574381574988365, 0.028395207598805428, -0.01670144312083721, -0.006958396639674902, 0.014693302102386951, 0.013757922686636448, 0.004767392762005329, 0.02672118879854679, 0.014283808879554272, 0.013895885087549686, -0.0006713978946208954, -0.030782075598835945, -0.016329145058989525, 0.03350967913866043, -0.023762833327054977, 0.018073473125696182, 0.026153212413191795, -0.03640519827604294, 0.006357693113386631, -0.013009564951062202, -0.10309024155139923, -0.03460096940398216, -0.006622086279094219, 0.008390622213482857, -0.00036667881067842245, -0.01686721295118332, -0.055229220539331436, -0.022398805245757103, 0.009073506109416485, 0.012765124440193176, -0.028911076486110687, -0.026681499555706978, 0.07231731712818146, 0.0235784649848938, -0.0251227505505085, -0.029064850881695747, -0.0316864475607872, 0.00943042803555727, 0.031171785667538643, -0.019701875746250153]",
15_1_0_docs_01_app_03_api_reference_01_directives_use_cache_mdx_section_6_code_2,code_snippet,15_1_0_docs_01_app_03_api_reference_01_directives_use_cache_mdx_section_6,Caching component output with  - code_2,,"{'programming_language': 'jsx', 'filename': 'app/components/bookings.js', 'switcher': False}",15.1.0,,"export async function Bookings({ type = 'haircut' }) {
  'use cache'
  async function getBookingsData() {
    const data = await fetch(`/api/bookings?type=${encodeURIComponent(type)}`)
    return data
  }
  return //...
}
","[(np.int64(5), np.float64(0.031421881169080734)), (np.int64(7), np.float64(0.06277811527252197)), (np.int64(64), np.float64(0.009153716266155243)), (np.int64(277), np.float64(0.0638960599899292)), (np.int64(425), np.float64(0.2035977691411972)), (np.int64(1647), np.float64(0.1339869648218155)), (np.int64(4027), np.float64(0.156912162899971)), (np.int64(5180), np.float64(0.2628089487552643)), (np.int64(14137), np.float64(0.2597815692424774)), (np.int64(28175), np.float64(0.24972598254680634)), (np.int64(54137), np.float64(0.19945167005062103))]",,"[-0.004287239629775286, -0.013136404566466808, -0.03813451528549194, 0.03258639574050903, -0.0249853003770113, -0.004591347649693489, -0.007501775398850441, 0.03680859133601189, -0.025930432602763176, 0.01563592255115509, 0.0032392132561653852, 0.0385807566344738, -0.008762405253946781, 0.02524316869676113, 0.01556984893977642, 0.014258830808103085, -0.005629242397844791, -0.009173018857836723, -0.004193549510091543, -0.022544274106621742, -0.004874771926552057, 0.038555242121219635, 0.0034906920045614243, -0.002311586169525981, -0.015161622315645218, -0.006013405509293079, 0.009320789948105812, 0.005215107928961515, 3.30101465806365e-06, 0.006260910537093878, 0.026528187096118927, 0.037223342806100845, 0.029179248958826065, -0.0462251715362072, -0.049136146903038025, -0.03940235450863838, -0.0010931992437690496, 0.029755057767033577, -0.04356808587908745, 0.048878274857997894, -0.03768333047628403, 0.039114583283662796, -0.0011818375205621123, -0.04826654866337776, 0.021059419959783554, -0.05422524735331535, 0.017579996958374977, -0.016372017562389374, -0.052323829382658005, 0.002455597510561347, -0.006252555176615715, 0.012029764242470264, 0.003481841878965497, -0.05210951715707779, 0.043097153306007385, 0.04866083711385727, 0.00807340070605278, 0.010970469564199448, -0.07696941494941711, 0.020650822669267654, -0.001407463802024722, -0.01440155878663063, -0.01890808716416359, 0.025329332798719406, -0.015025297179818153, 0.05848187953233719, 0.031093614175915718, 0.043404605239629745, -0.030781220644712448, -0.021583743393421173, -0.02218497544527054, 0.053644731640815735, -0.07046232372522354, -0.005422971211373806, -0.07156429439783096, 0.011703136377036572, 0.034732669591903687, -0.01214239839464426, -0.012753465212881565, -0.01679248921573162, -0.014514620415866375, -0.05116188898682594, 0.014042344875633717, 0.033460646867752075, -0.03922956436872482, -0.03735125809907913, -0.04447765648365021, 0.04601139947772026, -0.03388628363609314, 0.03957119211554527, 0.02920258603990078, -0.05313930660486221, 0.06796455383300781, -0.06062155216932297, 0.01986665651202202, -0.01810632459819317, 0.0023589518386870623, 0.011789989657700062, 0.037852317094802856, 0.020660262554883957, 0.003071933751925826, -0.006477726623415947, 0.00886587891727686, 0.003380174282938242, 0.033819690346717834, 0.023118432611227036, 0.012941736727952957, -0.019119860604405403, -0.022378884255886078, -0.01835147850215435, 0.02425208128988743, 0.033011797815561295, -0.013155621476471424, 0.01777246780693531, 0.010312173515558243, -0.060563161969184875, -0.001256040995940566, -0.0028744973242282867, 0.011781545355916023, -0.005309132859110832, 0.009573054499924183, 0.017273085191845894, 0.008482138626277447, 0.01759093441069126, -0.01338267046958208, 0.0046692718751728535, 0.01574551686644554, 0.044753074645996094, 0.004735617898404598, 0.022491872310638428, 0.02012239769101143, 0.05290373042225838, -0.015176991000771523, -0.0040553840808570385, -0.04155755415558815, 0.030189935117959976, -0.024819621816277504, 0.012779753655195236, 0.00594509718939662, -0.06365076452493668, -0.013463227078318596, 0.01030807662755251, -0.06626715511083603, -0.019318467006087303, 0.014685950241982937, -0.02902972511947155, 0.08313601464033127, 0.03159305453300476, -0.05751000717282295, -0.0020872007589787245, -0.008419616147875786, 0.004740098491311073, -0.04181177541613579, -0.051490407437086105, 0.007121685426682234, -0.018131719902157784, 0.0034793324302881956, 0.02753671258687973, -0.014708532951772213, -0.01990700513124466, -0.012242915108799934, 0.0009423670126125216, -0.03429548814892769, -0.053929395973682404, 0.04358059912919998, -0.024715768173336983, 0.0033220022451132536, -0.021722665056586266, -0.034530483186244965, -0.03470098227262497, 0.013226278126239777, -0.02040877379477024, 0.007093554828315973, 0.01427492219954729, 0.010154174640774727, 0.010699170641601086, 0.08956114947795868, 0.0024917677510529757, 0.025229308754205704, -0.052292969077825546, -0.046845693141222, 0.04116622731089592, 0.0036817165091633797, -0.005144680850207806, 0.019874630495905876, 0.012247221544384956, 0.0037323676515370607, 0.02164618857204914, 0.009486057795584202, 0.028591472655534744, -0.010034367442131042, -0.007180726155638695, 0.045488886535167694, 0.041579168289899826, 0.027744721621274948, 0.02549443580210209, -0.02216964401304722, 0.02526591159403324, 0.01220086682587862, 0.034991584718227386, 0.02694820798933506, 0.027580035850405693, 0.0019476432353258133, -0.002554005477577448, -0.0427958182990551, -0.03470519930124283, 0.027354512363672256, -0.014765920117497444, 0.0027542223688215017, 0.004058812279254198, 0.027342021465301514, -0.0031529066618531942, -0.026419132947921753, -0.03284803405404091, -0.031596314162015915, -0.02283572219312191, 0.015054255723953247, 0.024765854701399803, -0.0021863598376512527, -0.03759879618883133, 0.003517992328852415, 0.029456233605742455, 0.013044239021837711, 0.06325749307870865, 0.0043510813266038895, -0.003166918409988284, 0.031065011397004128, 0.0016014849534258246, -0.020824097096920013, -0.02886922098696232, -0.00425286078825593, 0.019996488466858864, 0.041536156088113785, -0.016839584335684776, 0.037481680512428284, -0.06748176366090775, -0.011900302022695541, 0.011339803226292133, -0.01926228776574135, 0.00950288213789463, -0.012401568703353405, 0.028417618945240974, 0.008719531819224358, 0.011342689394950867, -0.024039877578616142, -0.02427215874195099, 0.02875351719558239, -0.03183901309967041, -0.008603110909461975, -0.06806835532188416, -0.028396589681506157, 0.042862534523010254, -0.013990424573421478, 0.001754654454998672, 0.004698656033724546, -0.024866731837391853, 0.027118735015392303, -0.01605023816227913, -0.03404352813959122, -0.031007729470729828, 0.000600336235947907, 0.023707719519734383, 0.0017815502360463142, 0.0255625918507576, 0.0023794176522642374, -0.02011444792151451, -0.027556128799915314, -0.024363800883293152, 0.004310631658881903, 0.007837006822228432, 0.009268943220376968, 0.04126494377851486, 0.008653952740132809, 0.008951256051659584, 0.019971096888184547, -0.001656647422350943, -0.020824525505304337, -0.020768186077475548, 0.07675144076347351, -0.008644812740385532, -0.047983475029468536, -0.059891607612371445, 0.046090174466371536, -0.005384035408496857, 0.023186564445495605, -0.023068120703101158, -0.018719768151640892, -0.0301896370947361, 0.007412686012685299, -0.04549406096339226, -0.05117281526327133, 0.0196304339915514, 0.06117399409413338, -0.006340344436466694, -0.004770597908645868, 0.024908805266022682, 0.012899870984256268, -0.1690855175256729, -0.009518532082438469, 0.028350386768579483, -0.01905440166592598, -0.02187458798289299, 0.01565420813858509, -0.021425893530249596, 0.014668958261609077, -0.03160521760582924, 0.03025020845234394, -0.018394824117422104, -0.06588997691869736, -0.022268274798989296, -0.03745417669415474, 0.021019713953137398, 0.02551010251045227, -0.007969808764755726, -0.008513424545526505, 0.0071261730045080185, -0.018661798909306526, 0.009391135536134243, -0.013453957624733448, 0.013322151266038418, 0.009457726031541824, -0.00713543314486742, -0.02002447284758091, 0.016048992052674294, 0.02067795768380165, -0.05273563414812088, -0.015095621347427368, 0.0202886164188385, 0.026447057723999023, 0.0022440061438828707, -0.0187370628118515, 0.0212410818785429, 0.008254223503172398, 0.0012832455104216933, 0.04586055874824524, 0.03710400313138962, -0.006215488072484732, 0.03237349912524223, 0.03885972127318382, -0.010684946551918983, 0.053690239787101746, -0.004491765517741442, -0.0015052198432385921, -0.0059510450810194016, -0.01863555982708931, -0.0155221838504076, -0.013116637244820595, 0.028661556541919708, -0.06710565090179443, 0.004026075359433889, -0.0009900869335979223, -0.043276216834783554, 0.052129726856946945, 0.011980371549725533, 0.0330352745950222, 7.584295963170007e-05, 0.024509567767381668, -0.04085404798388481, -0.014238464646041393, -0.0010778132127597928, 0.02142403833568096, -0.026207569986581802, -0.017429161816835403, 0.06093524023890495, 0.0034350126516073942, 0.006522260140627623, -0.030097240582108498, 0.048438120633363724, -0.022258812561631203, 0.010915067978203297, 0.043011683970689774, -0.007186146453022957, 0.01969403401017189, -0.0170498825609684, -0.02579730935394764, 0.003902503289282322, -0.11465966701507568, -0.06331903487443924, -0.019153308123350143, -0.01501853484660387, -0.023866280913352966, -0.022356748580932617, -0.015105883590877056, -0.027804236859083176, 0.030907511711120605, -0.003648902755230665, 0.2431972473859787, 0.01332622580230236, -0.006267595570534468, 0.05216972157359123, 0.06688626110553741, -0.022238340228796005, -0.01637633889913559, 0.06871668249368668, 0.0757412388920784, -0.0064201755449175835, 0.0013602536637336016, -0.023090124130249023, -0.030469244346022606, 0.0033459332771599293, -0.008442863821983337, 0.008991651237010956, -0.0529242567718029, 0.019991423934698105, 0.03761063888669014, 0.0032012539450079203, 0.005766271613538265, -0.015037520788609982, -0.007482124958187342, -0.016612257808446884, -0.05933358520269394, -0.01385583821684122, -0.014110290445387363, 0.005823055747896433, -0.01758737303316593, 0.055728133767843246, -0.009720135480165482, 0.03423847258090973, 0.05879193916916847, -0.06584563106298447, -0.04731600731611252, -0.014917176216840744, 0.02595338225364685, -0.020488310605287552, -0.02560984157025814, 0.01355553325265646, 0.011319078505039215, -0.001680862158536911, -0.011359930969774723, 0.008303268812596798, -0.010122529231011868, -0.05341396853327751, 0.013253568671643734, -0.008974339812994003, 0.0011997736291959882, -0.08611590415239334, -0.020062094554305077, -0.03075968660414219, -0.023352229967713356, -0.011868248693645, 0.0019967223051935434, -0.022465815767645836, 0.017973747104406357, 0.04712482541799545, -0.0171844270080328, 0.01220881287008524, -0.0005403967807069421, -0.0025607587303966284, -0.03247102349996567, 0.03648525848984718, -0.025198444724082947, 0.04305323213338852, -0.030808035284280777, -0.00190304487477988, 0.028981223702430725, 0.037779517471790314, 0.02630351111292839, 0.02233467996120453, 0.010133592411875725, -0.01150340586900711, -0.008384756743907928, -0.034522391855716705, -0.0072212968952953815, 0.0032095664646476507, -0.018847845494747162, 0.02576891891658306, -0.005134350620210171, -0.01071967277675867, -0.06401415169239044, 0.042292457073926926, 0.0217522531747818, -0.004510593134909868, -0.031739696860313416, 0.06580372899770737, 0.0066760145127773285, -0.029035720974206924, -0.01383017934858799, -0.011692548170685768, -0.011537894606590271, 0.03151794523000717, 0.046118393540382385, 0.003394003724679351, -0.0114538399502635, -0.014724839478731155, 0.0016571460291743279, 0.0294637493789196, -0.00936085730791092, 0.003750255797058344, -0.016473064199090004, -0.062419284135103226, 0.0013123719254508615, -0.0007174056372605264, 0.026298610493540764, 0.0015213467413559556, -0.004659812897443771, 0.042421553283929825, -0.032885462045669556, 0.015469472855329514, 0.007166600786149502, -0.03732405975461006, -0.0017618986312299967, 0.01843659020960331, -0.0025145693216472864, 0.010539011098444462, 0.026980960741639137, 0.028300385922193527, -0.06602101773023605, 0.004923268221318722, 0.02927485480904579, 0.004375909920781851, 0.026609446853399277, -0.07030588388442993, -0.044092386960983276, -0.043422892689704895, -0.0041659832932055, -0.001804749364964664, 0.013087030500173569, -0.024963242933154106, -0.004530451260507107, 0.037266459316015244, 0.01886994205415249, -0.0034276284277439117, 0.01320827379822731, 0.03056422621011734, 0.031466856598854065, 0.0031846247147768736, 0.0033593978732824326, 0.06002247333526611, -0.017249923199415207, 0.00830456055700779, 0.013231653720140457, 0.05250290781259537, -0.029653484001755714, 0.023557612672448158, -0.04249763861298561, 0.007041029166430235, 0.03667253628373146, 0.04163869842886925, 0.005126264411956072, -0.04741830378770828, -0.004230896010994911, -0.05733887106180191, -0.026442930102348328, -0.007562955841422081, 0.015446209348738194, -0.018988220021128654, 0.0029065182898193598, 0.008576835505664349, 0.01529220212250948, 0.05520746111869812, 0.002911035902798176, -0.014948786236345768, -0.04265472665429115, 0.04192695766687393, -0.002058294601738453, 0.01150521170347929, 0.017707888036966324, -0.03296597674489021, -0.050370100885629654, 0.026897752657532692, -0.013765170238912106, -0.026765545830130577, -0.03429262712597847, -0.0038609937764704227, 0.004389587324112654, -0.026441296562552452, -0.01421182882040739, 0.0002270460536237806, -0.004494439344853163, -0.0038350278045982122, 0.006085635628551245, -0.01053159311413765, -0.011800077743828297, -0.009460835717618465, 0.0023611511569470167, -0.024704622104763985, -0.0030434492509812117, 0.11353539675474167, 0.03863929957151413, 0.0007493151351809502, 0.01485142856836319, -0.01906786859035492, 0.04714664816856384, 0.046251215040683746, 0.03939010202884674, -0.0016613939078524709, -0.04483240097761154, 0.016990115866065025, 0.013675236143171787, -0.018101612105965614, -0.028397830203175545, 0.008375285193324089, 0.018519021570682526, 0.025410430505871773, -0.03872159868478775, 0.054696064442396164, -0.004454631358385086, -0.011307897977530956, -0.017981890588998795, -0.022863194346427917, 0.002969173016026616, -0.032558489590883255, 0.044482164084911346, 0.02072705328464508, -0.02838083915412426, 0.0014175490941852331, -0.017054041847586632, 0.01500972080975771, 0.020035967230796814, 0.024305501952767372, 0.027470409870147705, -0.004431262146681547, 0.03366817533969879, 0.005640241317451, -0.011530231684446335, 0.02239924483001232, -0.014775734394788742, 0.020335910841822624, 0.009934100322425365, -0.017525648698210716, 0.016372550278902054, -0.02591596730053425, -0.007214260753244162, 0.02470148541033268, 0.028561601415276527, -0.027607301250100136, 0.012244335375726223, 0.01228345837444067, 0.035522907972335815, 0.01623041369020939, 0.01571415178477764, 0.021699050441384315, -0.04446054995059967, 0.005612772889435291, -0.003688502125442028, 0.046479709446430206, -0.011764110065996647, 0.01299324817955494, 0.020397989079356194, -0.0007225595763884485, -0.001939121400937438, 0.025962628424167633, 0.035614263266325, 0.015508313663303852, -0.0076761748641729355, 0.005309095606207848, 0.027891170233488083, 0.03744945302605629, -0.018235117197036743, 0.0035898524802178144, 0.059447407722473145, -0.08651069551706314, 0.005950450897216797, -0.09120640903711319, -0.04563087597489357, 0.013758121058344841, 0.0057270098477602005, -0.0012592608109116554, -0.0005843188846483827, -0.015569563955068588, 0.04810594767332077, 0.03247631713747978, 0.005053089465945959, -0.02867109887301922, -0.0020035705529153347, 0.014685193076729774, -0.007122739218175411, 0.012275475077331066, 0.015990877524018288, 0.0019628058653324842, 0.021612316370010376, 0.003891706233844161, 0.012864666059613228, 0.05546862632036209, 0.010611985810101032, -0.08115081489086151, -0.02820863388478756, 0.006591679062694311, -0.04204852879047394, 0.021549884229898453, -0.04189673811197281, -0.03221976384520531, -0.037688449025154114, 0.053970254957675934, -0.021782690659165382, -0.017931809648871422, -0.02433514967560768, -0.03149251267313957, -0.009359896183013916, 0.040727660059928894, 0.029400618746876717, 0.007781899534165859, -0.012938183732330799, -0.009034767746925354, 0.0030440662521868944, 0.023640954867005348, 0.02237107791006565, -0.03954130783677101, -0.023636547848582268, 0.0026327415835112333, 0.0035728791262954473, -0.0012450433569028974, 0.013608538545668125, 0.0008093396318145096, 0.02600899338722229, -0.06257298588752747, -0.023915110155940056, -0.02188076823949814, 0.0048613944090902805, 0.0019520631758496165, -0.005778742954134941, -0.020137611776590347, -0.03926420956850052, -0.013980085961520672, -0.036718472838401794, -0.024161446839571, -0.027555232867598534, 0.004445407073944807, 0.006426602136343718, -0.020812395960092545, -0.0008005387498997152, 0.03145124390721321, 0.04551849886775017, -0.015410271473228931, 0.022614244371652603, -0.020376158878207207, -0.05329242721199989, 0.010529384016990662, 0.07844527810811996, -0.06587323546409607, 0.03139704465866089, -0.01228251587599516, -0.00082184694474563, -0.025192946195602417, -0.019496075809001923, -0.008371791802346706, -0.012874879874289036, 0.0387183278799057, -0.02156457118690014, -0.028540145605802536, 0.004507036879658699, -0.04761230945587158, -0.02385200560092926, 0.035161685198545456, 0.08079564571380615, 0.019013341516256332, -0.011378324590623379, 0.05807691439986229, -0.02957453764975071, -0.022888770326972008, -0.005053543020039797, 0.025571396574378014, 0.008040819317102432, 0.0013171661412343383, 0.006791264750063419, -0.03796888887882233, -0.006657678168267012, 0.0015897847479209304, -0.02455843798816204, -0.031819671392440796, -0.00827680341899395, 0.04247528314590454, -0.015909560024738312, -0.0014506694860756397, -0.018591972067952156, -0.01770566776394844, -0.01349421963095665, -0.010070945136249065, -0.036313582211732864, -0.01117368508130312, 0.004533297847956419, -0.003098325105383992, -0.026790069416165352, -0.013838796876370907, 0.02707069180905819, 0.0036651415284723043, -0.05237011983990669, -0.008062432520091534, -0.010004080832004547, -0.00513796741142869, -0.14478179812431335, 0.022800598293542862, -0.009995180182158947, 0.014003262855112553, -0.014544401317834854, 0.011966829188168049, -0.06086765602231026, -0.051469478756189346, -0.0007485976093448699, -0.009162204340100288, 0.005615268833935261, -0.03718123584985733, 0.040431909263134, -0.05212946608662605, -0.015260839834809303, -0.0025642479304224253, -0.03158530220389366, -0.0022989283315837383, 0.016093913465738297, 0.000930389913264662, -0.006116953212767839, -0.006177997216582298, 0.05712180957198143, -0.0206992756575346, -0.03731047362089157, 0.002677332144230604, 0.017950957641005516, 0.010627985931932926, -0.026414556428790092, -0.038008593022823334, 0.0017838862258940935, -0.014943881891667843, 0.0126523831859231, 0.009208082221448421, 0.05082928389310837, 0.041517533361911774, 0.004275328014045954, 0.04762417450547218, -0.03354809060692787, 0.005395382642745972, -0.020853638648986816, 0.035730279982089996, -0.03940313681960106, 0.011777801439166069, -0.02414027601480484, -0.006761976983398199, -0.020659692585468292, -0.011909297667443752, 0.029202667996287346, -0.03326926380395889, 0.02853117324411869, 0.0009215226746164262, 0.01185691636055708, 0.010513129644095898, 0.011483904905617237, 0.008180040866136551, -0.025829894468188286, -0.035616930574178696, -0.03691987320780754, 0.02342081069946289, -0.02691744454205036, 0.04264626279473305, -0.037846796214580536, -0.06606923043727875, 0.03141346946358681, 0.027370160445570946, -0.020978054031729698, 0.060928139835596085, 0.037279464304447174, -0.008984552696347237, -0.0029233754612505436, 0.006193867418915033, -0.024054788053035736, 0.013254483230412006, -0.019106818363070488, 9.897486597765237e-05, 0.051514219492673874, -0.026887718588113785, -0.02855064906179905, 0.0026130948681384325, -0.07237558811903, 0.027352117002010345, -0.03610650449991226, 0.036733485758304596, 0.016241909936070442, 0.018169553950428963, 0.007694597821682692, 0.01788739114999771, -0.08632795512676239, -0.012513331137597561, -0.04975978285074234, -0.024427013471722603, 0.03553886339068413, 0.06561341881752014, -0.0013604762498289347, 0.016144046559929848, -0.027988268062472343, -0.004586034454405308, 0.02753940410912037, -0.011261902749538422, 0.005402957089245319, -0.031166374683380127, 0.00408267742022872, 0.03047693893313408, -0.025644861161708832, -0.048463400453329086, 0.00033092708326876163, 0.008490795269608498, -0.013290416449308395, -0.04208177328109741, -0.002631190000101924, 0.00830827560275793, -0.018978970125317574, 0.037262849509716034, -0.08037252724170685, -0.030881047248840332, 0.00031355165992863476, 0.03212776035070419, -0.015823712572455406, 0.004905207082629204, 0.04801253229379654, -0.0013405752833932638, 0.04189904034137726, -0.041323237121105194, 0.024256452918052673, 0.05758402869105339, 0.0584665909409523, 0.015187801793217659, -0.009428567253053188, 0.008805789984762669, 0.0018770932219922543, -0.024812767282128334, 0.02704617753624916, 0.03520643711090088, 0.0271313413977623, -0.005745577160269022, -0.052826620638370514, 0.04996851459145546, -0.040664978325366974, -0.007076576817780733, -0.008455553092062473, -0.0069864727556705475, 0.01133277453482151, -0.0015754649648442864, -0.03251713514328003, -0.002808426972478628, 0.04831737279891968, 0.008414204232394695, 0.02443072758615017, -0.0065669165924191475, -0.02727070078253746, 0.024359628558158875, -0.016819877550005913, 0.04928641393780708, -0.041515711694955826, -0.017617495730519295, -0.06800658255815506, -0.02019914984703064, -0.02578636258840561, 0.01826600916683674, -0.031752053648233414, -0.037488631904125214, 0.009029186330735683, -0.030174553394317627, 0.012215857394039631, -0.0037885101046413183, 0.00012874444655608386, 0.01156030036509037, -0.008008343167603016, 0.04319071024656296, -0.044212717562913895, 0.04957526549696922, -0.036569882184267044, -0.019605234265327454, 0.043557558208703995, -0.005688644479960203, 0.0028103594668209553, 0.024748750030994415, 0.043527357280254364, 0.026570413261651993, 0.009638936258852482, 0.015232096426188946, 0.04058176651597023, 0.003270056564360857, 0.048361681401729584, 0.019069921225309372, -0.030327335000038147, 0.03565411642193794, 0.04750087857246399, -0.040012165904045105, -0.0038922796957194805, 0.006685070693492889, 0.008049780502915382, 0.023838941007852554, 0.044378895312547684, -0.04010317102074623, 0.015523809939622879, 0.03228151053190231, -0.001143643748946488, 0.04594431445002556, -0.031419944018125534, -0.006746729835867882, 0.012235229834914207, -0.016624772921204567, 0.027372723445296288, 0.026472050696611404, -0.013581681065261364, -0.010976244695484638, 0.017273955047130585, 0.02513047121465206, 0.006835618522018194, 0.03569943457841873, 0.007873701862990856, 0.021076088771224022, 0.0034745780285447836, -0.052190497517585754, -0.029252130538225174, 0.013027040287852287, -0.012229472398757935, 0.010151819325983524, 0.026215067133307457, -0.04327792301774025, 0.01082814671099186, -0.021370165050029755, -0.09415113925933838, -0.02588496170938015, -0.006673180963844061, -0.004929287359118462, 0.0016254183137789369, -0.023367630317807198, -0.03206442669034004, -0.012651018798351288, 0.01832118257880211, 0.014747683890163898, -0.034943364560604095, -0.02630685269832611, 0.04643571376800537, 0.0202077254652977, -0.008320584893226624, -0.024931760504841805, -0.03353028744459152, 0.019917385652661324, 0.030975496396422386, -0.016768211498856544]",
15_1_0_docs_01_app_03_api_reference_01_directives_use_cache_mdx_section_7,section,15_1_0_docs_01_app_03_api_reference_01_directives_use_cache_mdx,use cache - Caching function output with ,,{},15.1.0,"Since you can add `` to any asynchronous function, you aren't limited to caching components or routes only. You might want to cache a network request or database query or compute something that is very slow. By adding `` to a function containing this type of work it becomes cacheable, and when reused, will share the same cache entry.
",,"[(np.int64(678), np.float64(0.07676583528518677)), (np.int64(2041), np.float64(0.17258429527282715)), (np.int64(4527), np.float64(0.13009892404079437)), (np.int64(32354), np.float64(0.19170042872428894)), (np.int64(59207), np.float64(0.19341880083084106)), (np.int64(82365), np.float64(0.2658197581768036)), (np.int64(140992), np.float64(0.2616647481918335))]","[0.00520069245249033, -0.002365534193813801, -0.027104638516902924, 0.0732879713177681, -0.01262623630464077, -0.025039952248334885, 0.01972680725157261, 0.05642914026975632, 0.01056866068392992, 0.016280394047498703, 0.015306568704545498, -0.02460075169801712, 0.00793574471026659, 0.005155713297426701, 0.011641022749245167, 0.04698497802019119, -0.032273069024086, -0.0018603956559672952, -0.008070853538811207, 0.01844790391623974, -0.00032987783197313547, -0.03761487081646919, -0.01049062144011259, 0.0012134657008573413, -0.012504651211202145, 0.020081274211406708, 0.001394543913193047, 0.007460407912731171, -0.009438786655664444, 0.01756957545876503, 0.03044896572828293, 0.024972815066576004, 0.03919966518878937, -0.02249595895409584, -0.058473486453294754, -0.03331597149372101, -0.05740920454263687, -0.004495492670685053, 0.006837872788310051, -0.017664680257439613, -0.03260877728462219, 0.01876526139676571, 0.02386666275560856, -0.021682359278202057, -0.003219176782295108, -0.03477949649095535, 6.356067024171352e-05, -0.03632626309990883, -0.015386688522994518, -0.03403191640973091, -0.00476624583825469, -0.014976084232330322, 0.018923014402389526, -0.039948444813489914, 0.006836329586803913, 0.022817140445113182, -0.0683375671505928, -0.04118652269244194, -0.060019634664058685, -0.001327229430899024, -0.0036290062125772238, -0.0023378594778478146, -0.012382707558572292, -0.03177350014448166, -0.0250652264803648, 0.03880138695240021, -0.011367527768015862, 0.02456018514931202, -0.010188878513872623, -0.05797698721289635, 0.027112187817692757, 0.055905528366565704, -0.06151687353849411, -0.017409075051546097, -0.011909933760762215, 0.02671131119132042, 0.0235068928450346, -0.03242279961705208, -0.015705963596701622, -0.014118300750851631, 0.006873674225062132, -0.03250468522310257, 0.007350608240813017, -0.005629410035908222, 0.015221969224512577, 0.002992579946294427, -0.034379832446575165, 0.027129007503390312, -0.01438862457871437, 0.01792421191930771, -0.0010526907863095403, 0.004442897625267506, 0.03631852567195892, -0.014561421237885952, 0.008724598214030266, -0.005241765640676022, -0.00706084817647934, 0.016906552016735077, 0.05284830555319786, 0.004525317344814539, 0.03948969021439552, -0.026169676333665848, -0.04123363643884659, 0.01840982213616371, 0.029878348112106323, -0.012582387775182724, 0.027589207515120506, 0.0041974675841629505, -0.03373749926686287, -0.031689342111349106, 0.04016754776239395, 0.03432998061180115, -0.03498163819313049, 0.04499301314353943, 0.0003134959260933101, -0.05529750511050224, 0.018203850835561752, 0.006677356548607349, 0.005594370886683464, 0.01994088850915432, 0.009919208474457264, 0.023254944011569023, 0.023252364248037338, 0.0166389849036932, -0.024747585877776146, -0.022542336955666542, -0.028808031231164932, -0.010471892543137074, -0.05309360474348068, 0.03278433531522751, -0.0006824409356340766, 0.08554790169000626, 0.00839510653167963, -0.040589433163404465, -0.07977975159883499, 0.02747086063027382, 0.021060146391391754, 0.029353255406022072, 0.02108115516602993, -0.046907562762498856, 0.03431543707847595, -0.030747512355446815, -0.02050374075770378, -0.05460798740386963, 0.06540300697088242, 0.01144413836300373, 0.03935903310775757, 0.01955012045800686, 0.004423149395734072, -0.009060419164597988, 0.00239472440443933, 0.016872746869921684, -0.02171173132956028, -0.018313715234398842, 0.0026168334297835827, -0.007491082418709993, -0.0038186160381883383, 0.035124123096466064, -0.01122895535081625, 0.004648210946470499, 0.0015412353677675128, 0.0024308350402861834, -0.04443882778286934, 0.018114106729626656, 0.03793375939130783, -0.03897931054234505, 0.0094884829595685, 0.010905114002525806, -0.020858878269791603, -0.037423305213451385, -0.009188082069158554, -0.016723331063985825, 0.010870230384171009, 0.026010841131210327, 0.03183234483003616, 0.048307910561561584, 0.0932282954454422, 0.011490876786410809, -0.019085146486759186, -0.03843483701348305, -0.02989448979496956, -0.03602611646056175, 0.025905240327119827, -0.030802862718701363, -0.025578174740076065, 0.03818448632955551, -0.0072587598115205765, -0.02586808055639267, -0.01580154150724411, 0.011520597152411938, -0.0006080572493374348, -0.026227423921227455, 0.03555520996451378, 0.06654325127601624, -0.031798481941223145, -0.05088904872536659, -0.0029228937346488237, 0.01170110423117876, 0.034302644431591034, 0.0010213105706498027, 0.030984194949269295, 0.04275945946574211, 0.006305293180048466, -0.003037158865481615, -0.03818287327885628, 0.0033889487385749817, -0.01448311097919941, -0.06346015632152557, 0.013018458150327206, -0.018356049433350563, 0.03400738909840584, -0.020970940589904785, -0.020067568868398666, 0.0053003220818936825, -0.03552386537194252, 0.005085659679025412, -0.0297692883759737, 0.021697837859392166, 0.003651896957308054, -0.0679469108581543, -0.014715439639985561, 0.019722457975149155, -0.011045469902455807, 0.026779258623719215, 0.008967624977231026, 0.017006071284413338, 0.039118632674217224, 0.0291876383125782, 0.01432477030903101, -0.051421403884887695, -0.005172926466912031, 0.037110332399606705, 0.025352733209729195, -0.019925786182284355, 0.018397405743598938, -0.08063287287950516, -0.044809482991695404, 0.037562042474746704, 0.009256444871425629, -0.028247015550732613, -0.03196622431278229, -0.0009671309380792081, 0.06780850142240524, -0.021469295024871826, 0.027813876047730446, -0.019922735169529915, -0.0404469333589077, 0.013444536365568638, -0.023300834000110626, -0.04430427402257919, 0.025841761380434036, -0.0009436752297915518, -0.013469463214278221, -0.002454215195029974, 0.013652803376317024, -0.025121906772255898, 0.0694379061460495, 0.03615832328796387, -1.446431087970268e-05, 0.006159153766930103, -0.0045985206961631775, 0.00586357805877924, 0.0018869510386139154, 0.019314013421535492, 0.026973646134138107, -0.030280591920018196, -0.009093065746128559, -0.07321453839540482, 0.019103949889540672, 0.019697116687893867, -0.04217126592993736, -0.012611332349479198, 0.0005763034569099545, 0.006808010395616293, 0.009424341842532158, 0.019848912954330444, -0.0643966794013977, -0.015943583101034164, 0.0675463080406189, -0.014963051304221153, 0.015279799699783325, 0.03196122124791145, 0.07325269281864166, 0.006661542225629091, 0.04380133002996445, -0.019030673429369926, 0.004617595113813877, -0.01756899431347847, 0.0022921280469745398, -0.018993748351931572, -0.0014328784309327602, -0.000873836106620729, 0.0509430468082428, -0.028534922748804092, -0.055384561419487, 0.02635282836854458, 0.01897592283785343, -0.15259002149105072, -0.02941441349685192, -0.010729201138019562, 0.003918003290891647, 0.006944578606635332, 0.04916570335626602, -0.03610527515411377, -0.008024864830076694, -0.02597229927778244, 0.05299738794565201, -0.012919590808451176, -0.05128359794616699, 0.0034744436852633953, -7.62079653213732e-05, 0.026795634999871254, -0.009436766617000103, -0.024199647828936577, 0.017088182270526886, 0.029478048905730247, -0.025879690423607826, -0.007819690741598606, -0.03308629244565964, 0.029070155695080757, -0.006718859076499939, -0.0012894872343167663, 0.018145214766263962, 0.04679988697171211, 0.026353728026151657, -0.01744501292705536, -0.01628964953124523, -0.011746153235435486, 0.04865317791700363, 0.0030458634719252586, -0.0011372842127457261, 0.009890583343803883, 0.006620660424232483, -0.0024006764870136976, -0.010456717573106289, 0.0348532572388649, -0.015433833003044128, 0.009469950571656227, 0.015966719016432762, -0.030994029715657234, 0.028646377846598625, -0.0016852892003953457, -0.026513783261179924, 0.016519302502274513, -0.04489065706729889, -0.03425491601228714, 0.007105184718966484, 0.03206181898713112, -0.04251139611005783, -0.01136648841202259, -0.05183865875005722, -0.06532907485961914, 0.003809209680184722, 0.006511671468615532, 0.030891288071870804, -0.002934341784566641, 0.0512002594769001, 0.007543760351836681, 0.0035828135441988707, 0.0272778682410717, -0.015963247045874596, -0.055156245827674866, 0.003599266055971384, 0.02499379776418209, 0.004811751190572977, 0.014351442456245422, -0.056416887789964676, 0.036293353885412216, -0.028911691159009933, -0.017197759822010994, 0.031127911061048508, -0.07661174237728119, 0.0075399307534098625, -0.006164051592350006, 0.016696235164999962, -0.026008950546383858, -0.07618127018213272, -0.010946567170321941, -0.01985008828341961, -0.006274183746427298, 0.02067563124001026, -0.013303511776030064, -0.0410858616232872, 0.004050625953823328, 0.020228248089551926, 0.004497742746025324, 0.24272887408733368, 0.06009542569518089, -0.007187449373304844, -0.004267128184437752, 0.0505974143743515, -0.020767444744706154, -0.025801237672567368, 0.03102182038128376, 0.003999736625701189, -0.014873157255351543, -0.013279927894473076, -0.012256850488483906, -0.03867608308792114, -0.026499953120946884, 0.04127554967999458, 0.03918107971549034, -0.04622483253479004, -0.012640004977583885, 0.05583317577838898, -0.035182803869247437, 0.012858382426202297, -0.04986759275197983, 0.032684482634067535, 0.026173410937190056, -0.02959563210606575, 0.0058784023858606815, -0.01685160957276821, -0.013502545654773712, 0.008195039816200733, 0.022553596645593643, -0.038043729960918427, 0.024429256096482277, 0.012109147384762764, -0.04950588941574097, -0.03168274462223053, -0.019378723576664925, 0.019368091598153114, 0.006613811012357473, -0.042286332696676254, -0.013890084810554981, 0.03359365835785866, -0.005619576666504145, 0.012259126640856266, 0.007053428795188665, -0.04206039756536484, -0.0542043074965477, -0.019164051860570908, -0.0134154437109828, -0.00032987704616971314, -0.027663148939609528, -0.0432279035449028, -0.02110869437456131, -0.016048520803451538, -0.024656828492879868, -0.008180283010005951, -0.036611221730709076, -0.0031922415364533663, 0.04107073321938515, 0.04263583943247795, 0.04171371087431908, 0.027866598218679428, -0.010233632288873196, 0.0012439496349543333, 0.06974843144416809, -0.03385462239384651, -0.003632941748946905, -0.004619536455720663, -0.027225641533732414, 0.021676119416952133, 0.037350695580244064, -0.0006809405749663711, 0.037355370819568634, 0.021398400887846947, -0.03440918028354645, 0.03081238642334938, -0.0037868598010390997, 0.031624168157577515, 0.03197246417403221, -0.052154939621686935, 0.0031201690435409546, -0.024149661883711815, -0.048870816826820374, 0.0007639285759069026, 0.007177339866757393, 0.0019352019298821688, 0.005707473494112492, -0.032991424202919006, 0.08226990699768066, 0.0011335447197780013, -0.029194120317697525, -0.03959181532263756, -0.011202638037502766, -0.03293991833925247, -0.022368036210536957, 0.02192717045545578, 0.00447313766926527, 0.0037785982713103294, -0.0271687563508749, 0.00992627814412117, -0.007906898856163025, -0.004654147196561098, -0.0609293207526207, 0.009044564329087734, 0.005889767315238714, 0.04220791906118393, 0.016762394458055496, -0.004103558138012886, -0.017611509189009666, 0.0020256151910871267, 0.01819648966193199, -0.023590482771396637, 0.01871584914624691, -0.01226759422570467, -0.013788731768727303, -0.011994880624115467, 0.060213517397642136, 0.04878537729382515, 0.0400894358754158, 0.042257122695446014, 0.0510224811732769, -0.056251563131809235, -0.007857265882194042, 0.03256578743457794, -0.011807842180132866, -0.0006459696451202035, -0.026886362582445145, -0.0046836622059345245, -0.029634732753038406, 0.019544249400496483, 0.045556601136922836, 0.04225414991378784, -0.05036298930644989, -0.0003882932069245726, 0.023175684735178947, 0.01425712276250124, -0.00624492671340704, 0.05531788989901543, -0.006705501116812229, 0.025938021019101143, 0.043839048594236374, -0.023784959688782692, -0.002879041014239192, -0.029463356360793114, 0.041530780494213104, 0.006959795020520687, 0.02142738550901413, -0.01914266124367714, 0.04728042334318161, -0.01413638610392809, 0.017207372933626175, 0.038483649492263794, 0.04774778336286545, -0.002100812504068017, -0.026592114940285683, 0.004048557486385107, -0.09247906506061554, -0.04746121168136597, 0.006834559142589569, 0.02427918091416359, -0.007601787336170673, 0.008639901876449585, 0.00040483902557753026, 0.017586007714271545, 0.03352516517043114, 0.0007170809549279511, 0.018544236198067665, 0.019396817311644554, 0.03153643384575844, -0.025200845673680305, -0.01830175146460533, 0.018908871337771416, -0.002260183682665229, -0.019772134721279144, -0.0009192596771754324, -0.012223271653056145, -0.008350015617907047, -0.037691812962293625, 0.0642460361123085, -0.02397659420967102, -0.011581342667341232, 0.020652489736676216, -0.011668246239423752, 0.02381226234138012, -0.03505340963602066, 0.006424721796065569, 0.005415689200162888, -0.0003225407563149929, -0.020959055051207542, -0.0018920486327260733, -0.02238866128027439, 0.0030367046128958464, 0.1325148493051529, -0.011811533011496067, -0.01084107905626297, 0.00928678922355175, 0.01626443676650524, 0.05768599361181259, -0.03152516856789589, -0.004300909582525492, -0.03558918461203575, -0.03899817541241646, -0.013785149902105331, -0.011771026998758316, 0.014620529487729073, -0.033511314541101456, -0.01935744844377041, 0.02131202071905136, -0.010140569880604744, -0.0203719325363636, -0.013625318184494972, -0.025462917983531952, 0.012166445143520832, -0.06523392349481583, 0.0023246384225785732, 0.017234938219189644, -0.03856730833649635, -0.00032100488897413015, 0.030412765219807625, -0.02692251466214657, -0.019571932032704353, -0.020703718066215515, -0.02664673514664173, 0.04036088287830353, -0.010453485883772373, 0.02655351161956787, 0.030268406495451927, 0.00877799279987812, -0.008433598093688488, -0.03155652806162834, -0.03578596189618111, -0.015057647600769997, 0.00578950485214591, -0.0401698499917984, 0.0011687229853123426, -0.006889611016958952, -0.01642606221139431, 0.043523237109184265, 0.0011883270926773548, -0.003740390297025442, -0.04874475672841072, -0.014214430935680866, 0.065823994576931, -0.004710874054580927, 0.07756369560956955, 0.015791507437825203, -0.03194498270750046, -0.05215315893292427, 0.005658048205077648, 0.015488574281334877, 0.04195971414446831, -0.028444040566682816, -0.006840398069471121, -0.013290655799210072, -0.006919397972524166, 0.05527497082948685, 0.034022487699985504, 0.05117708072066307, -0.014933479949831963, -0.02458764798939228, -0.026282887905836105, 0.005034017376601696, -0.02923262119293213, 0.016906030476093292, -0.005089849699288607, -0.0027703256346285343, -0.04510901868343353, 0.034130264073610306, -0.039119236171245575, -0.025562472641468048, -0.052332282066345215, 0.0035809252876788378, -0.006201506592333317, -0.021715570241212845, -0.06158331781625748, 0.03662551939487457, -0.01760026440024376, -0.0012194777373224497, -0.024490326642990112, -0.018684105947613716, 0.03460569679737091, -0.023834986612200737, 0.04373294860124588, 0.029277073219418526, 0.029065167531371117, -0.007676080334931612, 0.029231110587716103, 0.023967083543539047, 0.004444735124707222, 0.03299184888601303, -0.0626666396856308, 0.013673686422407627, -0.002116877818480134, -0.03324815630912781, 0.028378671035170555, -0.04417995363473892, 0.018643880262970924, -0.029455816373229027, 0.03715738654136658, -0.00399143947288394, 0.024649728089571, -0.0010851137340068817, 0.0018943442264571786, -0.017140686511993408, -0.0006874206592328846, 0.01300509087741375, 0.005526249762624502, 0.0009197899489663541, -0.019132165238261223, 0.03684525936841965, -0.007859324105083942, 0.039848316460847855, -0.020587880164384842, 0.00038389337714761496, 0.046655237674713135, -0.010129404254257679, -0.020418807864189148, 0.012140129692852497, -0.00029088687733747065, 0.055907636880874634, -0.025370027869939804, -0.052478134632110596, 0.02482389658689499, -0.023189276456832886, 0.012037957087159157, 0.00736868754029274, 0.029073787853121758, -0.016209552064538002, 0.010123619809746742, -0.018233107402920723, 0.01374437939375639, -0.009686154313385487, -0.01449193712323904, 0.012288948521018028, -0.018903905525803566, 0.04997074976563454, 0.005494989454746246, -0.0006618822226300836, -0.06298375874757767, 0.030202874913811684, -0.007612197194248438, -0.015181614086031914, -0.012754716910421848, 0.06523016095161438, -0.03219892829656601, 0.03639790415763855, -0.044129543006420135, 0.020356060937047005, 0.030367199331521988, 0.016045182943344116, 0.02162894234061241, 0.013445144519209862, -0.0007314337999559939, -0.013780659064650536, -0.0020140043925493956, 0.012444515712559223, -0.10244471579790115, 0.010394375771284103, -0.02465602196753025, 0.03939155861735344, 0.006839854642748833, -0.01942727342247963, 0.0663624182343483, -0.009919674135744572, -0.03696020692586899, 0.004874626640230417, 0.025083933025598526, 0.04081303998827934, -0.029749516397714615, -0.012439197860658169, 0.002563939429819584, -0.022121138870716095, -0.006191785912960768, 0.026587940752506256, -0.009009117260575294, 0.028682485222816467, 0.0003170666750520468, -0.023594753816723824, 0.015319034457206726, 0.005079335067421198, -0.015281842090189457, -0.02536485344171524, -0.07085415720939636, -0.0071371025405824184, 0.009127369150519371, -0.040291327983140945, -0.027321072295308113, -0.02017104998230934, -0.034848880022764206, -0.0011832277523353696, -0.00619682390242815, -0.04916143789887428, 0.012885591015219688, -0.01593858189880848, 0.004851999692618847, -0.14066721498966217, 0.0409533716738224, -0.013872163370251656, 0.03263871371746063, -0.01493267621845007, -0.003031473606824875, -0.03489329665899277, -0.002736828988417983, -0.0032398260664194822, -0.053418006747961044, 0.021010516211390495, -0.02977413684129715, 0.008124010637402534, -0.02974686399102211, -0.05203314498066902, 0.0022716957610100508, -0.008933200500905514, -0.03477901965379715, 0.010565711185336113, 0.002044607885181904, 0.025904333218932152, -0.022959599271416664, 0.018929893150925636, -0.0006767018930986524, -0.02538689598441124, 0.005673013627529144, -0.007911345921456814, -0.00023587828036397696, -0.018537692725658417, -0.009188756346702576, 0.004526857752352953, -0.025691019371151924, 0.03627324849367142, 0.00949140079319477, 0.025859560817480087, 0.033418767154216766, 0.017330441623926163, 0.02229294925928116, 0.026156272739171982, 0.039671387523412704, -0.019875453785061836, 0.017728717997670174, -0.018150808289647102, -0.023751551285386086, -0.015585068613290787, 0.04620453715324402, -0.007964757271111012, -0.02305673062801361, -0.055910222232341766, 0.009655840694904327, 0.0035120972897857428, -0.03717878460884094, 0.0032017508056014776, -0.004328245297074318, -0.021221691742539406, 0.001636669971048832, -0.021411217749118805, -0.004464172292500734, -0.034019503742456436, 0.02799030765891075, -0.043613284826278687, 0.03342051059007645, -0.03225087746977806, -0.01361170969903469, 0.02295648492872715, 0.04657509922981262, -0.013247014954686165, 0.031223848462104797, 0.021241454407572746, 0.02644040249288082, -0.03004985861480236, 0.005139004439115524, -0.014023520052433014, -0.00558090815320611, 0.029593652114272118, 0.04421694949269295, 0.027225615456700325, 0.025175906717777252, 0.0029572234489023685, 0.008801286108791828, -0.003710975870490074, -0.01075977087020874, -0.009048758074641228, -0.007347811944782734, 0.036525484174489975, -0.02487213723361492, -0.03241701051592827, -0.002536812098696828, 0.027380868792533875, -0.05125197768211365, -0.04898838698863983, -0.02859826572239399, 0.01902185194194317, 0.0036022262647747993, -0.022783100605010986, 0.03077751211822033, 0.01647273823618889, 0.044438447803258896, -0.009694335982203484, -0.01977923884987831, 0.0031893099658191204, 0.013270271942019463, 0.015110906213521957, 0.01916513778269291, -0.0354694239795208, 0.0006974185234867036, 0.01805987022817135, -0.006376059725880623, -0.011750293895602226, 0.014745914377272129, 0.03873775526881218, -0.027185294777154922, -0.026590723544359207, -0.016398156061768532, -0.0503489151597023, -0.02565188519656658, 0.06796163320541382, 0.015017210505902767, 0.017703866586089134, 0.033786363899707794, 0.017154118046164513, 0.0009156467276625335, -0.028857313096523285, -0.044953588396310806, 0.028644809499382973, 0.03172438591718674, 0.05630999058485031, -0.01192217506468296, 0.03816353902220726, -0.016849331557750702, 0.026311025023460388, -0.036945633590221405, 0.0013185138814151287, 0.02239423803985119, 0.015655124559998512, -0.041411589831113815, -0.016638970002532005, 0.0503556914627552, -0.07011143118143082, -0.027554750442504883, -0.02200128324329853, 0.010930869728326797, 0.026404032483696938, -0.036570847034454346, -0.004334436729550362, -0.057442307472229004, 0.0034854491241276264, 0.03389155492186546, 0.03483574464917183, -0.021473100408911705, -0.024174373596906662, -0.03069169446825981, -0.004971615504473448, 0.07757256925106049, -0.005513262003660202, 0.035974714905023575, -0.029607724398374557, 0.0024545674677938223, -0.04488111659884453, 0.04948995262384415, 0.01309623010456562, -0.0371088832616806, 0.01380027737468481, -0.025292903184890747, -0.035974208265542984, 0.01860678382217884, -0.018969804048538208, 0.02328978106379509, 0.02405509725213051, 0.019184347242116928, 0.000966428080573678, 0.06030519679188728, 0.0045883432030677795, -0.010732578113675117, 0.020240887999534607, -0.04856230691075325, 0.011263245716691017, 0.04868191108107567, 0.033180978149175644, -0.023008057847619057, 0.042246125638484955, -0.012147363275289536, 0.05763041600584984, -0.015219240449368954, 0.020601075142621994, 0.009011597372591496, -0.043480318039655685, 0.05850459262728691, 0.029291486367583275, -0.03802303597331047, -0.03604299575090408, 0.013819449581205845, 0.019846031442284584, -0.01618734560906887, 0.027172140777111053, 0.02267497405409813, -0.011912839487195015, 0.05049557611346245, 0.022839907556772232, 0.03004451096057892, -0.03567780554294586, 8.731556590646505e-06, 0.01838909089565277, -0.007766382768750191, -0.009293990209698677, 0.00915514212101698, -0.027191655710339546, -0.005193757824599743, -0.04924988001585007, -0.009374752640724182, -0.020104654133319855, 0.0180295892059803, -0.008284593932330608, -0.00802814494818449, -0.00898037850856781, -0.1221436932682991, 0.0022164229303598404, 0.009000548161566257, 0.00989269558340311, 0.012772398069500923, 0.03377750515937805, 0.011363155208528042, -0.017631886526942253, -0.014388173818588257, -0.08302441239356995, 0.0013376822462305427, -0.02998569793999195, -0.004589772783219814, -0.0004809395468328148, 0.020604485645890236, -0.01916605979204178, -0.02599962428212166, -0.0032586571760475636, 0.031592898070812225, -0.0025474559515714645, 0.006470866966992617, -0.02366321161389351, 0.04341772198677063, 0.008264445699751377, 0.01430683396756649, 0.023911047726869583, 0.02568172477185726, -0.0022429763339459896, 0.026666350662708282]",,
15_1_0_docs_01_app_03_api_reference_01_directives_use_cache_mdx_section_7_code_1,code_snippet,15_1_0_docs_01_app_03_api_reference_01_directives_use_cache_mdx_section_7,Caching function output with  - code_1,,"{'programming_language': 'tsx', 'filename': 'app/actions.ts', 'switcher': True}",15.1.0,,"export async function getData() {
  'use cache'

  const data = await fetch('/api/data')
  return data
}
","[(np.int64(5), np.float64(0.08321771025657654)), (np.int64(7), np.float64(0.11056391149759293)), (np.int64(64), np.float64(0.09690067917108536)), (np.int64(425), np.float64(0.23235124349594116)), (np.int64(933), np.float64(0.2571317255496979)), (np.int64(4027), np.float64(0.19847428798675537)), (np.int64(44713), np.float64(0.25812670588493347)), (np.int64(61636), np.float64(0.18555930256843567))]",,"[-0.010255500674247742, -0.02047959715127945, -0.0567903034389019, 0.02166525088250637, -0.026899753138422966, -0.017100093886256218, -0.037360649555921555, 0.045846905559301376, -0.02035229280591011, 0.022069111466407776, -0.014844081364572048, 0.0379348061978817, -0.02411041222512722, 0.051265738904476166, -0.004672790411859751, 0.04819691926240921, -0.020602531731128693, 0.03073156625032425, 0.005807213485240936, 0.009080375544726849, 0.012374314479529858, 0.053112879395484924, 0.01992976851761341, -0.028151487931609154, 0.03445134684443474, 0.004308668896555901, 0.011609754525125027, -0.0011383428936824203, 0.0012294282205402851, 0.01072350237518549, 0.01880587264895439, 0.028075668960809708, -0.009015344083309174, -0.04039853811264038, -0.05268023908138275, 0.017966261133551598, -0.020141789689660072, -0.015330780297517776, -0.05028795450925827, 0.0548994280397892, -0.02765677124261856, -0.0026243587490171194, -0.0006576181040145457, -0.011286649852991104, 0.04075707495212555, -0.025077737867832184, -4.9345242587151006e-05, -0.02189125120639801, -0.06517445296049118, -0.0021361063700169325, -0.023235348984599113, 0.022696329280734062, 0.015148753300309181, -0.009678641334176064, 0.04627707600593567, 0.0372295156121254, 0.0008182970341295004, 0.0067433579824864864, -0.04243410378694534, 0.029371298849582672, 0.0032753387931734324, -0.026171740144491196, -0.013906875625252724, 0.02295222505927086, -0.0060355085879564285, 0.02110767550766468, 0.03162172809243202, 0.03599843382835388, -0.01858554780483246, 0.004303107503801584, -0.004180166404694319, 0.05542176216840744, -0.05007009208202362, -0.031208187341690063, -0.0449410006403923, 0.015242869965732098, 0.0639057531952858, -0.022066591307520866, 0.01583910547196865, -0.0023239892907440662, -0.004703492857515812, -0.024429503828287125, 0.005347603932023048, 0.011228742077946663, -0.004223166964948177, -0.047051019966602325, -0.0892009437084198, 0.029822122305631638, -0.03075495734810829, 0.057927049696445465, -0.0012149791000410914, -0.02993367612361908, 0.050620321184396744, -0.04928811639547348, 0.003339351387694478, -0.030559277161955833, -0.009942545555531979, 0.027618182823061943, 0.07777246087789536, -0.0017968069296330214, 0.044403076171875, -0.002447750885039568, -0.030029073357582092, -0.02881932444870472, 0.07104559242725372, -0.010387883521616459, 0.023033635690808296, -0.017375122755765915, -0.03089921921491623, -0.014931617304682732, 0.027156120166182518, -0.006066704168915749, 0.007345677353441715, 0.03472466766834259, 0.013728786259889603, -0.03859594091773033, 0.0060896193608641624, -0.005066872574388981, 0.027017246931791306, 0.026409806683659554, 0.005448019132018089, 0.017657877877354622, 0.009046647697687149, 0.01651930809020996, -0.012323479168117046, -0.00542388716712594, -0.014785784296691418, 0.04318151995539665, 0.05211914703249931, 0.0661577507853508, -0.0039366367273032665, 0.03889428824186325, 0.002666350919753313, -0.03968317061662674, -0.029805870726704597, 0.01094209123402834, 0.00017514025967102498, 0.023178186267614365, -0.015757236629724503, -0.05370232090353966, -0.004976844415068626, -0.010532713495194912, -0.066947802901268, -0.0035481678787618876, 0.04174516722559929, -0.04328486695885658, 0.06874745339155197, 0.007069520186632872, -0.04466349631547928, 0.033702559769153595, 0.011930717155337334, 0.012979984283447266, 0.007296387571841478, -0.0643378496170044, 0.02087908238172531, 0.0037575378082692623, 0.009661233052611351, 0.02127082832157612, -0.031847674399614334, -0.004397689364850521, 0.0033909950871020555, 0.008761298842728138, -0.02806335687637329, 0.005990126635879278, 0.019758880138397217, -0.050662945955991745, 0.02935171127319336, -0.004630713257938623, -0.028264181688427925, -0.05677029862999916, 0.034481171518564224, -0.007304889615625143, 0.02223525010049343, -0.00869688205420971, 0.006850839126855135, 0.03157401457428932, 0.06474974006414413, 0.013162571005523205, -0.002539403270930052, -0.03297487646341324, -0.04566192254424095, 0.015987906605005264, -0.006749908905476332, -0.07024653255939484, -0.008110678754746914, -0.018434720113873482, -0.005459940060973167, -0.009418660774827003, -0.02670312486588955, 0.022604741156101227, -0.03149605169892311, -0.00972098857164383, 0.06697159260511398, 0.03434860706329346, -0.007426904514431953, 0.014329265803098679, 0.009187051095068455, 0.03053368255496025, 0.017530564218759537, -0.004169238265603781, 0.04529612883925438, 0.03664661571383476, -0.006211318075656891, 0.031083151698112488, 0.019696641713380814, -0.006656486541032791, 0.05127028748393059, -0.045577190816402435, 0.015036651864647865, -0.003970751538872719, 0.016260305419564247, -0.02487359195947647, -0.047536395490169525, -0.026913130655884743, -0.02228914014995098, -0.000751801417209208, 0.022385528311133385, 0.012550150975584984, -0.04047687351703644, -0.02548367530107498, 0.0009290279704146087, 0.06929277628660202, 0.0030416047666221857, 0.05296230688691139, 0.024232560768723488, -0.014985633082687855, 0.01248231716454029, 0.028847062960267067, 0.010945163667201996, -0.03795900195837021, 0.011184489354491234, 0.0009887299966067076, 0.0309445858001709, -0.01104860007762909, 0.06194692850112915, -0.0460253581404686, -0.008562765084207058, -0.001103887683711946, -0.010798467323184013, -0.0021769062150269747, -0.03609094023704529, 0.017339933663606644, -0.007805849425494671, 0.0031713624484837055, -0.0016558420611545444, -0.024718204513192177, 0.01987413875758648, -0.020532958209514618, -0.027995511889457703, -0.056709811091423035, -0.012931199744343758, 0.00400896742939949, -0.04744579643011093, 0.01161839161068201, 0.007725398521870375, -0.036262474954128265, 0.018917106091976166, 0.01803802326321602, 0.009542431682348251, 0.02335554175078869, 0.009146196767687798, 0.019204875454306602, -0.02121189795434475, 0.020013729110360146, -0.03572211414575577, -0.006809598300606012, -0.07652290910482407, -0.03172793239355087, -0.0010049307020381093, -0.003557689720764756, -0.010867086239159107, 0.019189968705177307, -0.012101148255169392, 0.004471666179597378, 0.027757203206419945, 0.03702772781252861, -0.02669050171971321, -0.016098791733384132, 0.07097840309143066, -0.03462056815624237, -0.01202701311558485, -0.023980315774679184, 0.047100991010665894, 0.014975150115787983, 0.04423537105321884, -0.023241307586431503, 0.009870552457869053, -0.005038919392973185, -0.0014139242703095078, -0.003990781959146261, -0.035943999886512756, 0.025708869099617004, 0.05717651546001434, -0.008301757276058197, 0.017998933792114258, 0.041737303137779236, 0.006273356731981039, -0.16720730066299438, 0.014027038589119911, 0.006372471805661917, -0.013339185155928135, -0.018713828176259995, 0.012524774298071861, -0.0008360078791156411, -0.028589142486453056, -0.057279299944639206, 0.04791867733001709, -0.017134344205260277, -0.059791479259729385, -0.042762383818626404, -0.06153354421257973, -0.0038680860307067633, -0.007573192473500967, -0.008629106916487217, -0.015219996683299541, -0.018107092007994652, -0.021950403228402138, 0.010996541939675808, -0.015447499230504036, 0.02588062733411789, -0.017326384782791138, -0.04451408609747887, 0.01599719002842903, 0.0052550965920090675, -0.029442979022860527, -0.06569163501262665, 0.014337295666337013, -0.014513984322547913, -0.006243349984288216, -0.006051491014659405, 0.004110377281904221, 0.01011593732982874, 0.04779558256268501, 0.015644986182451248, 0.03823747858405113, 0.04629239812493324, -0.005194291938096285, 0.01431562565267086, 0.028844380751252174, -0.027188897132873535, 0.04804101213812828, 0.004784171003848314, 0.008747206069529057, 0.0005237386212684214, -0.012890520505607128, -0.006594178266823292, 0.006114515475928783, 0.07872365415096283, -0.06678802520036697, 0.020049095153808594, 0.002855560975149274, -0.038210541009902954, 0.040003422647714615, 0.013486036099493504, 0.04696806147694588, -0.020026039332151413, 0.02400214597582817, 0.0018137063598260283, -0.011721356771886349, -0.0025906842201948166, 0.02187286503612995, -0.03695366159081459, -0.022899631410837173, 0.0873066708445549, 0.03331156075000763, 0.0011024586856365204, -0.03390508145093918, 0.0700228214263916, -0.021335287019610405, -0.004686880856752396, 0.028856199234724045, 0.0032236427068710327, 0.030207185074687004, -0.050816357135772705, -0.003410805482417345, 0.006840802263468504, -0.08243487030267715, -0.0357179120182991, -0.011844786815345287, -0.0011824568500742316, -0.01437309943139553, -0.03413508087396622, -0.01642140932381153, -0.02050655521452427, 0.0449686236679554, 0.017535215243697166, 0.24039572477340698, 0.022399717941880226, -0.003853786736726761, 0.04673263803124428, 0.05294834449887276, -0.0181355532258749, -0.0026248907670378685, 0.015907051041722298, 0.03628445044159889, -0.012622412294149399, -0.03143404796719551, -0.015230456367135048, -0.008357390761375427, -0.03420461341738701, -0.04776579514145851, 0.041021037846803665, -0.035407762974500656, 0.003809106070548296, 0.04012482240796089, -0.006610157899558544, 0.04331769421696663, -0.027683092281222343, -0.021881038323044777, 0.013827485032379627, -0.059286270290613174, -0.03828924894332886, -0.028815345838665962, 0.002936233300715685, 0.003968004137277603, 0.008445966988801956, -0.03117012046277523, 0.03536815568804741, 0.026658736169338226, -0.04348965361714363, -0.03564535081386566, -0.00981505773961544, 0.01066498551517725, -0.007857932709157467, -0.023215705528855324, -0.005442835856229067, 0.010624878108501434, -0.025620805099606514, 0.003104094648733735, -0.03204692527651787, -0.032702136784791946, -0.07535921782255173, -0.035454459488391876, -0.04595515504479408, -0.00863216444849968, -0.07153759151697159, -0.04533681273460388, -0.04349774867296219, -0.004430379252880812, -0.003714960301294923, 0.036042433232069016, -0.023288659751415253, 0.012436230666935444, 0.044568683952093124, -0.0024397578090429306, 0.023447968065738678, 0.018573347479104996, -0.0029933417681604624, -0.02527356706559658, 0.04418543726205826, -0.07505457103252411, 0.013312719762325287, 0.004876915831118822, -0.027505751699209213, 0.0027839927934110165, 0.019366227090358734, -0.0025512692518532276, 0.024663323536515236, 0.003734542289748788, -0.025333719328045845, -0.001423655659891665, -0.031881071627140045, 0.014737892895936966, 0.029750578105449677, -0.01720300503075123, 0.05348220840096474, 0.004949329420924187, -0.0166963879019022, -0.0665612667798996, 0.029704567044973373, 0.0010074618039652705, -0.0037437945138663054, -0.007325705606490374, 0.06485188007354736, -0.0315348319709301, -0.013151891529560089, -0.02565591037273407, -0.016168713569641113, -0.03778786584734917, 0.03760145604610443, 0.021773669868707657, 0.011219913139939308, -0.0074318149127066135, -0.013196970336139202, 0.010182676836848259, -0.001952471910044551, -0.025599859654903412, -0.010023265145719051, -0.012969523668289185, -0.05708540976047516, 0.025298241525888443, 0.010031085461378098, 0.009921248070895672, 0.005394540261477232, -0.0065251910127699375, 0.04822339862585068, 0.002241886220872402, 0.03177270293235779, 0.0019040474435314536, -0.03772436082363129, -0.014515034854412079, 0.04430890828371048, 0.008611084893345833, 0.033975888043642044, 0.02982783503830433, 0.03510521724820137, -0.031569577753543854, -0.013632533140480518, 0.027533939108252525, -0.0004080188227817416, 0.016436686739325523, -0.03496086597442627, 0.009236462414264679, -0.033515170216560364, -0.003506117733195424, 0.035085029900074005, 0.010847528465092182, -0.02057855948805809, 0.009020354598760605, 0.003349923063069582, -0.001204250380396843, -0.0019278449472039938, 0.021358169615268707, 0.032292142510414124, 0.01786712557077408, 0.035019006580114365, -0.011896309442818165, 0.005537439603358507, -0.035762056708335876, 0.038559578359127045, 0.030894901603460312, 0.056937891989946365, 0.006822028663009405, 0.039462242275476456, -0.01524315495043993, 0.03324921429157257, 0.03752567619085312, 0.0254195723682642, 0.047241874039173126, -0.015721851959824562, 0.014231188222765923, -0.08014761656522751, -0.011300330050289631, -0.0031495890580117702, 0.0030037756077945232, 0.015252643264830112, -0.008243737742304802, -0.015424320474267006, 0.02094201184809208, 0.024111181497573853, 0.020264407619833946, 0.026531977578997612, -0.06267238408327103, 0.03771095722913742, 0.017483536154031754, -0.018559705466032028, 0.00716719264164567, 0.00830460898578167, -0.05020872876048088, -0.01628495380282402, -0.04121465981006622, -0.018054654821753502, -0.07058687508106232, 0.0011693405685946345, -0.02219480276107788, -0.04371126741170883, -0.0006786250160075724, -0.010269545949995518, -0.02238173969089985, 0.0010448554530739784, 2.0922947442159057e-05, 0.013329461216926575, -0.0017998878611251712, 0.0010146196000277996, 0.012446350418031216, -0.04004001244902611, -0.014058073051273823, 0.12491706013679504, 0.03038896806538105, -0.013613041490316391, 0.0018913911189883947, 0.01938161812722683, 0.03345639631152153, 0.0378575436770916, 0.01894543133676052, -0.02933098003268242, 0.008985130116343498, 0.003839914221316576, 0.008824748918414116, 0.010583749040961266, -0.044689323753118515, -0.009525429457426071, -0.028395283967256546, -0.004116646479815245, -0.041352979838848114, 0.045479003340005875, -0.008664771914482117, 0.031738437712192535, -0.007096037734299898, -0.03424455597996712, 0.022444915026426315, -0.03583158180117607, 0.054591353982686996, 0.004355478100478649, -0.008053316734731197, -0.02011490799486637, -0.020148899406194687, -0.005104951560497284, 0.010750663466751575, 0.026313338428735733, 0.03459525853395462, 0.032381124794483185, -0.0017803142545744777, -0.028736663982272148, -0.02685355395078659, 0.017995323985815048, -0.0038458791095763445, -0.0001380564644932747, 0.013057095929980278, 0.00048072400386445224, -0.002650826470926404, -0.043601974844932556, 0.018557539209723473, 0.04501449316740036, -0.00024269726418424398, 0.0009315934730693698, 0.0011586061445996165, 0.036833904683589935, 0.0439135879278183, 0.027689244598150253, -0.0009017959819175303, -0.017597494646906853, -0.014065179973840714, 0.010493587702512741, 0.022729678079485893, 0.029581720009446144, -0.011475030332803726, 0.016133572906255722, -0.004976940341293812, 7.84207486503874e-07, 0.026780342683196068, 0.035213153809309006, 0.004366389010101557, 0.020336704328656197, -0.01507742702960968, 0.01614893600344658, 0.015151427127420902, -0.0312117338180542, 0.01743449829518795, 0.0022889275569468737, 0.050264693796634674, -0.03670651093125343, 0.043320395052433014, -0.08007035404443741, -0.021469542756676674, 0.00945771299302578, -0.021413529291749, 0.012108730152249336, -0.012350701726973057, -0.0462011992931366, 0.0456281341612339, -0.01284011546522379, 0.010462809354066849, -0.02487386018037796, -0.0009274106123484671, 0.014948910102248192, 0.01987813413143158, -0.008243500255048275, 0.02161785401403904, 0.0038001586217433214, 0.020933419466018677, 0.009076724760234356, 0.01604178547859192, 0.048324115574359894, -0.004840511828660965, -0.06587409973144531, -0.03288055583834648, -0.009426743723452091, -0.032387956976890564, -0.0034328571055084467, -0.028881767764687538, -0.036428190767765045, -0.02482011914253235, 0.017202027142047882, -0.01034682709723711, -0.011612690053880215, -0.014937330037355423, -0.04184453934431076, -0.03857813775539398, 0.033505138009786606, 0.0063711535185575485, 0.03240396827459335, -0.021105259656906128, -0.02257232926785946, 0.015042788349092007, -0.02736448496580124, 0.054783668369054794, -0.020646551623940468, -0.013153711333870888, 0.041349079459905624, 0.03487598896026611, -0.023328224197030067, 0.011074678041040897, -0.010890332981944084, 0.008013087324798107, -0.02812076546251774, 0.012408435344696045, -0.019704632461071014, 0.004814491607248783, 0.031465236097574234, 0.00509123969823122, -0.01794363372027874, -0.015201064758002758, -0.006672458723187447, -0.017615320160984993, -0.026369519531726837, -0.011207764968276024, 0.0014095266815274954, 0.01977175660431385, -0.00893353670835495, -0.010295547544956207, 0.022428350523114204, 0.032506853342056274, -0.038411594927310944, 0.021955467760562897, -0.010542476549744606, -0.014111040160059929, 0.030245745554566383, 0.08258821815252304, -0.043608590960502625, -0.001280339783988893, -0.02457994408905506, 0.017479507252573967, 0.0020121014676988125, -0.025712843984365463, -0.011522315442562103, -0.02172754518687725, 0.009263590909540653, -0.015881694853305817, -0.02547351084649563, -0.0037885308265686035, -0.030867837369441986, -0.03292602300643921, 0.06274522095918655, 0.09623148292303085, -0.01021434087306261, -0.0024252929724752903, 0.05523340031504631, -0.04333319142460823, -0.022566327825188637, -0.010927963070571423, 0.025454416871070862, 0.014626001939177513, 0.030734272673726082, -0.014369618147611618, 0.007028212305158377, -0.0020743170753121376, 0.02573164366185665, 0.005471209995448589, -0.058121975511312485, -0.007006928324699402, 0.041532889008522034, 0.00448551494628191, -0.000987308332696557, -0.01994250901043415, -0.03479982912540436, 0.00030191612313501537, -0.036409471184015274, -0.06554403156042099, -0.026761222630739212, -0.024735404178500175, -0.016632139682769775, 0.00832866970449686, -0.024795040488243103, 0.027886368334293365, -0.022652488201856613, -0.027264390140771866, -0.04146742448210716, -0.06944679468870163, 0.014920304529368877, -0.12549442052841187, 0.0082668112590909, -0.03378723934292793, 0.000991474254988134, -0.021411214023828506, -0.007973982021212578, -0.03750702366232872, -0.043052248656749725, 0.015074334107339382, -0.025013672187924385, -0.028521278873085976, -0.026822015643119812, 0.009433917701244354, -0.030234046280384064, -0.014605620875954628, -0.0037305692676454782, -0.02508768066763878, -0.012017261236906052, 0.00404940452426672, -0.01227413397282362, -0.0008626416092738509, -0.02892146073281765, 0.032022446393966675, -0.006549790035933256, -0.039001744240522385, 0.014709187671542168, 0.00218823435716331, 0.024585925042629242, -0.006555274594575167, -0.04957372322678566, 0.026813628152012825, -0.0299870315939188, 0.02243965119123459, 0.059133876115083694, 0.04248923063278198, 0.04799729958176613, -0.010131394490599632, 0.054331760853528976, -0.029954206198453903, 0.022118862718343735, -0.0009497996652498841, 0.023366503417491913, -0.007800726220011711, 0.008890633471310139, 0.00929807685315609, -0.0018093811813741922, 0.0036261279601603746, -0.014286789111793041, 0.0025092356372624636, -0.019431866705417633, 0.018499398604035378, 0.0261923149228096, 0.009905565530061722, 0.02935134805738926, 0.014964286237955093, -0.0017274360870942473, -0.014469875954091549, -0.007643334101885557, 0.011079470627009869, 0.013199358247220516, -0.02860717661678791, 0.04850785434246063, -0.012552423402667046, -0.06975537538528442, 0.03344140201807022, 0.014407362788915634, -0.06627508997917175, 0.06325767934322357, 0.00945393554866314, 0.04729880020022392, -0.01581517606973648, 0.020599495619535446, 0.010548938997089863, 0.001431328826583922, -0.02502085268497467, 0.007508774753659964, 0.06034049019217491, -0.00961722619831562, -0.030613303184509277, 0.004476289730519056, -0.05351763218641281, 0.010145681910216808, -0.02396605908870697, 0.03358181565999985, 0.027422843500971794, 0.029799915850162506, -0.016019007191061974, 0.02071685530245304, -0.02888425625860691, -0.025683056563138962, -0.03570607677102089, -0.023759067058563232, 0.043338291347026825, 0.022449562326073647, -0.0213957317173481, 0.03669625148177147, -0.024215808138251305, -0.020341452211141586, 0.00890412088483572, 0.002264677081257105, 0.01176194753497839, -0.053824372589588165, 0.009881683625280857, 0.005939988419413567, -0.0292243342846632, -0.02984723448753357, 0.02860168367624283, 0.01713719591498375, -0.013858141377568245, 0.013847141526639462, -0.0021426836028695107, 0.01981925405561924, -0.05501071363687515, 0.002395187970250845, -0.07099083811044693, -0.050012171268463135, 0.004328645765781403, 0.0027365966234356165, -0.015603465959429741, -0.01544739305973053, 0.013065110892057419, 0.0010796687565743923, 0.04333976283669472, -0.018536701798439026, 0.030016828328371048, 0.061901748180389404, 0.02285367250442505, -0.01577143929898739, -0.012122087180614471, 0.01637393981218338, -0.015383386984467506, -0.031933411955833435, 0.026345601305365562, 0.021979432553052902, 0.05641619488596916, -0.01080237329006195, -0.07848101854324341, 0.052522458136081696, -0.07580047845840454, -0.03078410029411316, 0.0231302622705698, -0.025458350777626038, 0.0408267118036747, -0.03521233797073364, -0.01791682094335556, -0.004050066694617271, 0.042481034994125366, -0.016606971621513367, 0.04597065597772598, -0.006916414014995098, 0.00804360955953598, 0.017058366909623146, -0.016556110233068466, 0.052923280745744705, -0.05140453949570656, -0.007055745925754309, -0.06065819412469864, 0.02184852957725525, -0.02893071435391903, 0.0037139200139790773, -0.03322392702102661, -0.03533824533224106, 0.00800545234233141, -0.011008000001311302, 0.014358509331941605, -0.030372129753232002, -0.030523844063282013, -0.005836032796651125, 0.008092451840639114, 0.028919734060764313, 0.004186654929071665, 0.01648121327161789, -0.02612660638988018, -0.01290391106158495, 0.03052508272230625, -0.025681031867861748, -0.009524621069431305, 0.0014200975419953465, 0.03281305357813835, 0.027193255722522736, 0.015623987652361393, -0.013195649720728397, 0.051645081490278244, 0.012617623433470726, 0.013589327223598957, 0.031229062005877495, -0.0069892448373138905, 0.03641768917441368, -0.011094868183135986, -0.030469069257378578, -0.017745429649949074, -0.012018568813800812, -0.008644201792776585, -0.022810572758316994, 0.05769621208310127, -0.0504891574382782, 0.004519764333963394, 0.02124367095530033, -0.01142892986536026, 0.04717523232102394, -0.020526273176074028, 0.0012492433888837695, -0.050284527242183685, -0.03476478531956673, 0.0034033036790788174, -0.008875304833054543, -0.00756757240742445, 0.03666318207979202, 0.0029852159786969423, 0.04176364466547966, -0.032189056277275085, 0.018718069419264793, -0.025515152141451836, 0.017913881689310074, -0.03797028586268425, -0.045843180269002914, -0.028457216918468475, 0.008080634288489819, -0.005851018708199263, 0.02269853837788105, -0.00020553453941829503, -0.04439260810613632, 0.015492897480726242, -0.034647706896066666, -0.052856676280498505, -0.012584453448653221, 0.00611016945913434, -0.006647153291851282, 0.005603068973869085, -0.02808619849383831, -0.04534255713224411, 0.005611354019492865, 0.01312418282032013, 0.039022017270326614, -0.024266785010695457, 0.0022826443891972303, 0.0327230840921402, 0.012687182053923607, 0.021243277937173843, 0.0029082023538649082, -0.04008203372359276, 0.0395919531583786, -0.018781734630465508, -0.03545931726694107]",
15_1_0_docs_01_app_03_api_reference_01_directives_use_cache_mdx_section_7_code_2,code_snippet,15_1_0_docs_01_app_03_api_reference_01_directives_use_cache_mdx_section_7,Caching function output with  - code_2,,"{'programming_language': 'jsx', 'filename': 'app/actions.js', 'switcher': True}",15.1.0,,"export async function getData() {
  'use cache'

  const data = await fetch('/api/data')
  return data
}
","[(np.int64(5), np.float64(0.06151432543992996)), (np.int64(7), np.float64(0.12167324125766754)), (np.int64(64), np.float64(0.06124535948038101)), (np.int64(425), np.float64(0.22707758843898773)), (np.int64(1647), np.float64(0.13225002586841583)), (np.int64(4027), np.float64(0.19525346159934998)), (np.int64(28175), np.float64(0.23477426171302795)), (np.int64(44713), np.float64(0.2836768627166748))]",,"[-0.010255500674247742, -0.02047959715127945, -0.0567903034389019, 0.02166525088250637, -0.026899753138422966, -0.017100093886256218, -0.037360649555921555, 0.045846905559301376, -0.02035229280591011, 0.022069111466407776, -0.014844081364572048, 0.0379348061978817, -0.02411041222512722, 0.051265738904476166, -0.004672790411859751, 0.04819691926240921, -0.020602531731128693, 0.03073156625032425, 0.005807213485240936, 0.009080375544726849, 0.012374314479529858, 0.053112879395484924, 0.01992976851761341, -0.028151487931609154, 0.03445134684443474, 0.004308668896555901, 0.011609754525125027, -0.0011383428936824203, 0.0012294282205402851, 0.01072350237518549, 0.01880587264895439, 0.028075668960809708, -0.009015344083309174, -0.04039853811264038, -0.05268023908138275, 0.017966261133551598, -0.020141789689660072, -0.015330780297517776, -0.05028795450925827, 0.0548994280397892, -0.02765677124261856, -0.0026243587490171194, -0.0006576181040145457, -0.011286649852991104, 0.04075707495212555, -0.025077737867832184, -4.9345242587151006e-05, -0.02189125120639801, -0.06517445296049118, -0.0021361063700169325, -0.023235348984599113, 0.022696329280734062, 0.015148753300309181, -0.009678641334176064, 0.04627707600593567, 0.0372295156121254, 0.0008182970341295004, 0.0067433579824864864, -0.04243410378694534, 0.029371298849582672, 0.0032753387931734324, -0.026171740144491196, -0.013906875625252724, 0.02295222505927086, -0.0060355085879564285, 0.02110767550766468, 0.03162172809243202, 0.03599843382835388, -0.01858554780483246, 0.004303107503801584, -0.004180166404694319, 0.05542176216840744, -0.05007009208202362, -0.031208187341690063, -0.0449410006403923, 0.015242869965732098, 0.0639057531952858, -0.022066591307520866, 0.01583910547196865, -0.0023239892907440662, -0.004703492857515812, -0.024429503828287125, 0.005347603932023048, 0.011228742077946663, -0.004223166964948177, -0.047051019966602325, -0.0892009437084198, 0.029822122305631638, -0.03075495734810829, 0.057927049696445465, -0.0012149791000410914, -0.02993367612361908, 0.050620321184396744, -0.04928811639547348, 0.003339351387694478, -0.030559277161955833, -0.009942545555531979, 0.027618182823061943, 0.07777246087789536, -0.0017968069296330214, 0.044403076171875, -0.002447750885039568, -0.030029073357582092, -0.02881932444870472, 0.07104559242725372, -0.010387883521616459, 0.023033635690808296, -0.017375122755765915, -0.03089921921491623, -0.014931617304682732, 0.027156120166182518, -0.006066704168915749, 0.007345677353441715, 0.03472466766834259, 0.013728786259889603, -0.03859594091773033, 0.0060896193608641624, -0.005066872574388981, 0.027017246931791306, 0.026409806683659554, 0.005448019132018089, 0.017657877877354622, 0.009046647697687149, 0.01651930809020996, -0.012323479168117046, -0.00542388716712594, -0.014785784296691418, 0.04318151995539665, 0.05211914703249931, 0.0661577507853508, -0.0039366367273032665, 0.03889428824186325, 0.002666350919753313, -0.03968317061662674, -0.029805870726704597, 0.01094209123402834, 0.00017514025967102498, 0.023178186267614365, -0.015757236629724503, -0.05370232090353966, -0.004976844415068626, -0.010532713495194912, -0.066947802901268, -0.0035481678787618876, 0.04174516722559929, -0.04328486695885658, 0.06874745339155197, 0.007069520186632872, -0.04466349631547928, 0.033702559769153595, 0.011930717155337334, 0.012979984283447266, 0.007296387571841478, -0.0643378496170044, 0.02087908238172531, 0.0037575378082692623, 0.009661233052611351, 0.02127082832157612, -0.031847674399614334, -0.004397689364850521, 0.0033909950871020555, 0.008761298842728138, -0.02806335687637329, 0.005990126635879278, 0.019758880138397217, -0.050662945955991745, 0.02935171127319336, -0.004630713257938623, -0.028264181688427925, -0.05677029862999916, 0.034481171518564224, -0.007304889615625143, 0.02223525010049343, -0.00869688205420971, 0.006850839126855135, 0.03157401457428932, 0.06474974006414413, 0.013162571005523205, -0.002539403270930052, -0.03297487646341324, -0.04566192254424095, 0.015987906605005264, -0.006749908905476332, -0.07024653255939484, -0.008110678754746914, -0.018434720113873482, -0.005459940060973167, -0.009418660774827003, -0.02670312486588955, 0.022604741156101227, -0.03149605169892311, -0.00972098857164383, 0.06697159260511398, 0.03434860706329346, -0.007426904514431953, 0.014329265803098679, 0.009187051095068455, 0.03053368255496025, 0.017530564218759537, -0.004169238265603781, 0.04529612883925438, 0.03664661571383476, -0.006211318075656891, 0.031083151698112488, 0.019696641713380814, -0.006656486541032791, 0.05127028748393059, -0.045577190816402435, 0.015036651864647865, -0.003970751538872719, 0.016260305419564247, -0.02487359195947647, -0.047536395490169525, -0.026913130655884743, -0.02228914014995098, -0.000751801417209208, 0.022385528311133385, 0.012550150975584984, -0.04047687351703644, -0.02548367530107498, 0.0009290279704146087, 0.06929277628660202, 0.0030416047666221857, 0.05296230688691139, 0.024232560768723488, -0.014985633082687855, 0.01248231716454029, 0.028847062960267067, 0.010945163667201996, -0.03795900195837021, 0.011184489354491234, 0.0009887299966067076, 0.0309445858001709, -0.01104860007762909, 0.06194692850112915, -0.0460253581404686, -0.008562765084207058, -0.001103887683711946, -0.010798467323184013, -0.0021769062150269747, -0.03609094023704529, 0.017339933663606644, -0.007805849425494671, 0.0031713624484837055, -0.0016558420611545444, -0.024718204513192177, 0.01987413875758648, -0.020532958209514618, -0.027995511889457703, -0.056709811091423035, -0.012931199744343758, 0.00400896742939949, -0.04744579643011093, 0.01161839161068201, 0.007725398521870375, -0.036262474954128265, 0.018917106091976166, 0.01803802326321602, 0.009542431682348251, 0.02335554175078869, 0.009146196767687798, 0.019204875454306602, -0.02121189795434475, 0.020013729110360146, -0.03572211414575577, -0.006809598300606012, -0.07652290910482407, -0.03172793239355087, -0.0010049307020381093, -0.003557689720764756, -0.010867086239159107, 0.019189968705177307, -0.012101148255169392, 0.004471666179597378, 0.027757203206419945, 0.03702772781252861, -0.02669050171971321, -0.016098791733384132, 0.07097840309143066, -0.03462056815624237, -0.01202701311558485, -0.023980315774679184, 0.047100991010665894, 0.014975150115787983, 0.04423537105321884, -0.023241307586431503, 0.009870552457869053, -0.005038919392973185, -0.0014139242703095078, -0.003990781959146261, -0.035943999886512756, 0.025708869099617004, 0.05717651546001434, -0.008301757276058197, 0.017998933792114258, 0.041737303137779236, 0.006273356731981039, -0.16720730066299438, 0.014027038589119911, 0.006372471805661917, -0.013339185155928135, -0.018713828176259995, 0.012524774298071861, -0.0008360078791156411, -0.028589142486453056, -0.057279299944639206, 0.04791867733001709, -0.017134344205260277, -0.059791479259729385, -0.042762383818626404, -0.06153354421257973, -0.0038680860307067633, -0.007573192473500967, -0.008629106916487217, -0.015219996683299541, -0.018107092007994652, -0.021950403228402138, 0.010996541939675808, -0.015447499230504036, 0.02588062733411789, -0.017326384782791138, -0.04451408609747887, 0.01599719002842903, 0.0052550965920090675, -0.029442979022860527, -0.06569163501262665, 0.014337295666337013, -0.014513984322547913, -0.006243349984288216, -0.006051491014659405, 0.004110377281904221, 0.01011593732982874, 0.04779558256268501, 0.015644986182451248, 0.03823747858405113, 0.04629239812493324, -0.005194291938096285, 0.01431562565267086, 0.028844380751252174, -0.027188897132873535, 0.04804101213812828, 0.004784171003848314, 0.008747206069529057, 0.0005237386212684214, -0.012890520505607128, -0.006594178266823292, 0.006114515475928783, 0.07872365415096283, -0.06678802520036697, 0.020049095153808594, 0.002855560975149274, -0.038210541009902954, 0.040003422647714615, 0.013486036099493504, 0.04696806147694588, -0.020026039332151413, 0.02400214597582817, 0.0018137063598260283, -0.011721356771886349, -0.0025906842201948166, 0.02187286503612995, -0.03695366159081459, -0.022899631410837173, 0.0873066708445549, 0.03331156075000763, 0.0011024586856365204, -0.03390508145093918, 0.0700228214263916, -0.021335287019610405, -0.004686880856752396, 0.028856199234724045, 0.0032236427068710327, 0.030207185074687004, -0.050816357135772705, -0.003410805482417345, 0.006840802263468504, -0.08243487030267715, -0.0357179120182991, -0.011844786815345287, -0.0011824568500742316, -0.01437309943139553, -0.03413508087396622, -0.01642140932381153, -0.02050655521452427, 0.0449686236679554, 0.017535215243697166, 0.24039572477340698, 0.022399717941880226, -0.003853786736726761, 0.04673263803124428, 0.05294834449887276, -0.0181355532258749, -0.0026248907670378685, 0.015907051041722298, 0.03628445044159889, -0.012622412294149399, -0.03143404796719551, -0.015230456367135048, -0.008357390761375427, -0.03420461341738701, -0.04776579514145851, 0.041021037846803665, -0.035407762974500656, 0.003809106070548296, 0.04012482240796089, -0.006610157899558544, 0.04331769421696663, -0.027683092281222343, -0.021881038323044777, 0.013827485032379627, -0.059286270290613174, -0.03828924894332886, -0.028815345838665962, 0.002936233300715685, 0.003968004137277603, 0.008445966988801956, -0.03117012046277523, 0.03536815568804741, 0.026658736169338226, -0.04348965361714363, -0.03564535081386566, -0.00981505773961544, 0.01066498551517725, -0.007857932709157467, -0.023215705528855324, -0.005442835856229067, 0.010624878108501434, -0.025620805099606514, 0.003104094648733735, -0.03204692527651787, -0.032702136784791946, -0.07535921782255173, -0.035454459488391876, -0.04595515504479408, -0.00863216444849968, -0.07153759151697159, -0.04533681273460388, -0.04349774867296219, -0.004430379252880812, -0.003714960301294923, 0.036042433232069016, -0.023288659751415253, 0.012436230666935444, 0.044568683952093124, -0.0024397578090429306, 0.023447968065738678, 0.018573347479104996, -0.0029933417681604624, -0.02527356706559658, 0.04418543726205826, -0.07505457103252411, 0.013312719762325287, 0.004876915831118822, -0.027505751699209213, 0.0027839927934110165, 0.019366227090358734, -0.0025512692518532276, 0.024663323536515236, 0.003734542289748788, -0.025333719328045845, -0.001423655659891665, -0.031881071627140045, 0.014737892895936966, 0.029750578105449677, -0.01720300503075123, 0.05348220840096474, 0.004949329420924187, -0.0166963879019022, -0.0665612667798996, 0.029704567044973373, 0.0010074618039652705, -0.0037437945138663054, -0.007325705606490374, 0.06485188007354736, -0.0315348319709301, -0.013151891529560089, -0.02565591037273407, -0.016168713569641113, -0.03778786584734917, 0.03760145604610443, 0.021773669868707657, 0.011219913139939308, -0.0074318149127066135, -0.013196970336139202, 0.010182676836848259, -0.001952471910044551, -0.025599859654903412, -0.010023265145719051, -0.012969523668289185, -0.05708540976047516, 0.025298241525888443, 0.010031085461378098, 0.009921248070895672, 0.005394540261477232, -0.0065251910127699375, 0.04822339862585068, 0.002241886220872402, 0.03177270293235779, 0.0019040474435314536, -0.03772436082363129, -0.014515034854412079, 0.04430890828371048, 0.008611084893345833, 0.033975888043642044, 0.02982783503830433, 0.03510521724820137, -0.031569577753543854, -0.013632533140480518, 0.027533939108252525, -0.0004080188227817416, 0.016436686739325523, -0.03496086597442627, 0.009236462414264679, -0.033515170216560364, -0.003506117733195424, 0.035085029900074005, 0.010847528465092182, -0.02057855948805809, 0.009020354598760605, 0.003349923063069582, -0.001204250380396843, -0.0019278449472039938, 0.021358169615268707, 0.032292142510414124, 0.01786712557077408, 0.035019006580114365, -0.011896309442818165, 0.005537439603358507, -0.035762056708335876, 0.038559578359127045, 0.030894901603460312, 0.056937891989946365, 0.006822028663009405, 0.039462242275476456, -0.01524315495043993, 0.03324921429157257, 0.03752567619085312, 0.0254195723682642, 0.047241874039173126, -0.015721851959824562, 0.014231188222765923, -0.08014761656522751, -0.011300330050289631, -0.0031495890580117702, 0.0030037756077945232, 0.015252643264830112, -0.008243737742304802, -0.015424320474267006, 0.02094201184809208, 0.024111181497573853, 0.020264407619833946, 0.026531977578997612, -0.06267238408327103, 0.03771095722913742, 0.017483536154031754, -0.018559705466032028, 0.00716719264164567, 0.00830460898578167, -0.05020872876048088, -0.01628495380282402, -0.04121465981006622, -0.018054654821753502, -0.07058687508106232, 0.0011693405685946345, -0.02219480276107788, -0.04371126741170883, -0.0006786250160075724, -0.010269545949995518, -0.02238173969089985, 0.0010448554530739784, 2.0922947442159057e-05, 0.013329461216926575, -0.0017998878611251712, 0.0010146196000277996, 0.012446350418031216, -0.04004001244902611, -0.014058073051273823, 0.12491706013679504, 0.03038896806538105, -0.013613041490316391, 0.0018913911189883947, 0.01938161812722683, 0.03345639631152153, 0.0378575436770916, 0.01894543133676052, -0.02933098003268242, 0.008985130116343498, 0.003839914221316576, 0.008824748918414116, 0.010583749040961266, -0.044689323753118515, -0.009525429457426071, -0.028395283967256546, -0.004116646479815245, -0.041352979838848114, 0.045479003340005875, -0.008664771914482117, 0.031738437712192535, -0.007096037734299898, -0.03424455597996712, 0.022444915026426315, -0.03583158180117607, 0.054591353982686996, 0.004355478100478649, -0.008053316734731197, -0.02011490799486637, -0.020148899406194687, -0.005104951560497284, 0.010750663466751575, 0.026313338428735733, 0.03459525853395462, 0.032381124794483185, -0.0017803142545744777, -0.028736663982272148, -0.02685355395078659, 0.017995323985815048, -0.0038458791095763445, -0.0001380564644932747, 0.013057095929980278, 0.00048072400386445224, -0.002650826470926404, -0.043601974844932556, 0.018557539209723473, 0.04501449316740036, -0.00024269726418424398, 0.0009315934730693698, 0.0011586061445996165, 0.036833904683589935, 0.0439135879278183, 0.027689244598150253, -0.0009017959819175303, -0.017597494646906853, -0.014065179973840714, 0.010493587702512741, 0.022729678079485893, 0.029581720009446144, -0.011475030332803726, 0.016133572906255722, -0.004976940341293812, 7.84207486503874e-07, 0.026780342683196068, 0.035213153809309006, 0.004366389010101557, 0.020336704328656197, -0.01507742702960968, 0.01614893600344658, 0.015151427127420902, -0.0312117338180542, 0.01743449829518795, 0.0022889275569468737, 0.050264693796634674, -0.03670651093125343, 0.043320395052433014, -0.08007035404443741, -0.021469542756676674, 0.00945771299302578, -0.021413529291749, 0.012108730152249336, -0.012350701726973057, -0.0462011992931366, 0.0456281341612339, -0.01284011546522379, 0.010462809354066849, -0.02487386018037796, -0.0009274106123484671, 0.014948910102248192, 0.01987813413143158, -0.008243500255048275, 0.02161785401403904, 0.0038001586217433214, 0.020933419466018677, 0.009076724760234356, 0.01604178547859192, 0.048324115574359894, -0.004840511828660965, -0.06587409973144531, -0.03288055583834648, -0.009426743723452091, -0.032387956976890564, -0.0034328571055084467, -0.028881767764687538, -0.036428190767765045, -0.02482011914253235, 0.017202027142047882, -0.01034682709723711, -0.011612690053880215, -0.014937330037355423, -0.04184453934431076, -0.03857813775539398, 0.033505138009786606, 0.0063711535185575485, 0.03240396827459335, -0.021105259656906128, -0.02257232926785946, 0.015042788349092007, -0.02736448496580124, 0.054783668369054794, -0.020646551623940468, -0.013153711333870888, 0.041349079459905624, 0.03487598896026611, -0.023328224197030067, 0.011074678041040897, -0.010890332981944084, 0.008013087324798107, -0.02812076546251774, 0.012408435344696045, -0.019704632461071014, 0.004814491607248783, 0.031465236097574234, 0.00509123969823122, -0.01794363372027874, -0.015201064758002758, -0.006672458723187447, -0.017615320160984993, -0.026369519531726837, -0.011207764968276024, 0.0014095266815274954, 0.01977175660431385, -0.00893353670835495, -0.010295547544956207, 0.022428350523114204, 0.032506853342056274, -0.038411594927310944, 0.021955467760562897, -0.010542476549744606, -0.014111040160059929, 0.030245745554566383, 0.08258821815252304, -0.043608590960502625, -0.001280339783988893, -0.02457994408905506, 0.017479507252573967, 0.0020121014676988125, -0.025712843984365463, -0.011522315442562103, -0.02172754518687725, 0.009263590909540653, -0.015881694853305817, -0.02547351084649563, -0.0037885308265686035, -0.030867837369441986, -0.03292602300643921, 0.06274522095918655, 0.09623148292303085, -0.01021434087306261, -0.0024252929724752903, 0.05523340031504631, -0.04333319142460823, -0.022566327825188637, -0.010927963070571423, 0.025454416871070862, 0.014626001939177513, 0.030734272673726082, -0.014369618147611618, 0.007028212305158377, -0.0020743170753121376, 0.02573164366185665, 0.005471209995448589, -0.058121975511312485, -0.007006928324699402, 0.041532889008522034, 0.00448551494628191, -0.000987308332696557, -0.01994250901043415, -0.03479982912540436, 0.00030191612313501537, -0.036409471184015274, -0.06554403156042099, -0.026761222630739212, -0.024735404178500175, -0.016632139682769775, 0.00832866970449686, -0.024795040488243103, 0.027886368334293365, -0.022652488201856613, -0.027264390140771866, -0.04146742448210716, -0.06944679468870163, 0.014920304529368877, -0.12549442052841187, 0.0082668112590909, -0.03378723934292793, 0.000991474254988134, -0.021411214023828506, -0.007973982021212578, -0.03750702366232872, -0.043052248656749725, 0.015074334107339382, -0.025013672187924385, -0.028521278873085976, -0.026822015643119812, 0.009433917701244354, -0.030234046280384064, -0.014605620875954628, -0.0037305692676454782, -0.02508768066763878, -0.012017261236906052, 0.00404940452426672, -0.01227413397282362, -0.0008626416092738509, -0.02892146073281765, 0.032022446393966675, -0.006549790035933256, -0.039001744240522385, 0.014709187671542168, 0.00218823435716331, 0.024585925042629242, -0.006555274594575167, -0.04957372322678566, 0.026813628152012825, -0.0299870315939188, 0.02243965119123459, 0.059133876115083694, 0.04248923063278198, 0.04799729958176613, -0.010131394490599632, 0.054331760853528976, -0.029954206198453903, 0.022118862718343735, -0.0009497996652498841, 0.023366503417491913, -0.007800726220011711, 0.008890633471310139, 0.00929807685315609, -0.0018093811813741922, 0.0036261279601603746, -0.014286789111793041, 0.0025092356372624636, -0.019431866705417633, 0.018499398604035378, 0.0261923149228096, 0.009905565530061722, 0.02935134805738926, 0.014964286237955093, -0.0017274360870942473, -0.014469875954091549, -0.007643334101885557, 0.011079470627009869, 0.013199358247220516, -0.02860717661678791, 0.04850785434246063, -0.012552423402667046, -0.06975537538528442, 0.03344140201807022, 0.014407362788915634, -0.06627508997917175, 0.06325767934322357, 0.00945393554866314, 0.04729880020022392, -0.01581517606973648, 0.020599495619535446, 0.010548938997089863, 0.001431328826583922, -0.02502085268497467, 0.007508774753659964, 0.06034049019217491, -0.00961722619831562, -0.030613303184509277, 0.004476289730519056, -0.05351763218641281, 0.010145681910216808, -0.02396605908870697, 0.03358181565999985, 0.027422843500971794, 0.029799915850162506, -0.016019007191061974, 0.02071685530245304, -0.02888425625860691, -0.025683056563138962, -0.03570607677102089, -0.023759067058563232, 0.043338291347026825, 0.022449562326073647, -0.0213957317173481, 0.03669625148177147, -0.024215808138251305, -0.020341452211141586, 0.00890412088483572, 0.002264677081257105, 0.01176194753497839, -0.053824372589588165, 0.009881683625280857, 0.005939988419413567, -0.0292243342846632, -0.02984723448753357, 0.02860168367624283, 0.01713719591498375, -0.013858141377568245, 0.013847141526639462, -0.0021426836028695107, 0.01981925405561924, -0.05501071363687515, 0.002395187970250845, -0.07099083811044693, -0.050012171268463135, 0.004328645765781403, 0.0027365966234356165, -0.015603465959429741, -0.01544739305973053, 0.013065110892057419, 0.0010796687565743923, 0.04333976283669472, -0.018536701798439026, 0.030016828328371048, 0.061901748180389404, 0.02285367250442505, -0.01577143929898739, -0.012122087180614471, 0.01637393981218338, -0.015383386984467506, -0.031933411955833435, 0.026345601305365562, 0.021979432553052902, 0.05641619488596916, -0.01080237329006195, -0.07848101854324341, 0.052522458136081696, -0.07580047845840454, -0.03078410029411316, 0.0231302622705698, -0.025458350777626038, 0.0408267118036747, -0.03521233797073364, -0.01791682094335556, -0.004050066694617271, 0.042481034994125366, -0.016606971621513367, 0.04597065597772598, -0.006916414014995098, 0.00804360955953598, 0.017058366909623146, -0.016556110233068466, 0.052923280745744705, -0.05140453949570656, -0.007055745925754309, -0.06065819412469864, 0.02184852957725525, -0.02893071435391903, 0.0037139200139790773, -0.03322392702102661, -0.03533824533224106, 0.00800545234233141, -0.011008000001311302, 0.014358509331941605, -0.030372129753232002, -0.030523844063282013, -0.005836032796651125, 0.008092451840639114, 0.028919734060764313, 0.004186654929071665, 0.01648121327161789, -0.02612660638988018, -0.01290391106158495, 0.03052508272230625, -0.025681031867861748, -0.009524621069431305, 0.0014200975419953465, 0.03281305357813835, 0.027193255722522736, 0.015623987652361393, -0.013195649720728397, 0.051645081490278244, 0.012617623433470726, 0.013589327223598957, 0.031229062005877495, -0.0069892448373138905, 0.03641768917441368, -0.011094868183135986, -0.030469069257378578, -0.017745429649949074, -0.012018568813800812, -0.008644201792776585, -0.022810572758316994, 0.05769621208310127, -0.0504891574382782, 0.004519764333963394, 0.02124367095530033, -0.01142892986536026, 0.04717523232102394, -0.020526273176074028, 0.0012492433888837695, -0.050284527242183685, -0.03476478531956673, 0.0034033036790788174, -0.008875304833054543, -0.00756757240742445, 0.03666318207979202, 0.0029852159786969423, 0.04176364466547966, -0.032189056277275085, 0.018718069419264793, -0.025515152141451836, 0.017913881689310074, -0.03797028586268425, -0.045843180269002914, -0.028457216918468475, 0.008080634288489819, -0.005851018708199263, 0.02269853837788105, -0.00020553453941829503, -0.04439260810613632, 0.015492897480726242, -0.034647706896066666, -0.052856676280498505, -0.012584453448653221, 0.00611016945913434, -0.006647153291851282, 0.005603068973869085, -0.02808619849383831, -0.04534255713224411, 0.005611354019492865, 0.01312418282032013, 0.039022017270326614, -0.024266785010695457, 0.0022826443891972303, 0.0327230840921402, 0.012687182053923607, 0.021243277937173843, 0.0029082023538649082, -0.04008203372359276, 0.0395919531583786, -0.018781734630465508, -0.03545931726694107]",
15_1_0_docs_01_app_03_api_reference_01_directives_use_cache_mdx_section_8,section,15_1_0_docs_01_app_03_api_reference_01_directives_use_cache_mdx,use cache - Revalidating,,{},15.1.0,"By default, Next.js sets a [/docs/app/building-your-application/data-fetching/fetching#revalidating-cached-data](/docs/app/building-your-application/data-fetching/fetching#revalidating-cached-data) of 15 minutes when you use the `` directive. Next.js sets a near-infinite expiration duration, meaning it's suitable for content that doesn't need frequent updates.
While this revalidation period may be useful for content you don't expect to change often, you can use the `` and `` APIs to configure the cache behavior:
[/docs/app/api-reference/functions/cacheLife](/docs/app/api-reference/functions/cacheLife): For time-based revalidation periods.
[/docs/app/api-reference/functions/cacheTag](/docs/app/api-reference/functions/cacheTag): For on-demand revalidation.
Both of these APIs integrate across the client and server caching layers, meaning you can configure your caching semantics in one place and have them apply everywhere.
See the [/docs/app/api-reference/functions/cacheLife](/docs/app/api-reference/functions/cacheLife) and [/docs/app/api-reference/functions/cacheTag](/docs/app/api-reference/functions/cacheTag) docs for more information.
",,"[(np.int64(853), np.float64(0.11113892495632172)), (np.int64(4527), np.float64(0.16674664616584778)), (np.int64(7013), np.float64(0.26852351427078247)), (np.int64(56464), np.float64(0.2617654502391815)), (np.int64(82365), np.float64(0.3116706609725952))]","[-0.030165504664182663, -0.04782329872250557, -0.027993395924568176, 0.05643777921795845, -0.04641730710864067, -0.04869883134961128, 0.001166563481092453, -0.004590742290019989, -0.01047088485211134, 0.022668685764074326, 0.0006047821952961385, -0.014686452224850655, 0.006835843436419964, 0.0397992767393589, -0.023398971185088158, 0.03423510864377022, 0.007152128964662552, -0.008615842089056969, 0.0065993089228868484, 0.011967468075454235, 0.01660590060055256, 0.009336034767329693, 0.0336347371339798, 0.02486605755984783, 0.02707914635539055, 0.045051686465740204, -0.04847627505660057, -0.014608689583837986, 0.021358266472816467, 0.05700923874974251, 0.03803050145506859, 0.018293898552656174, -0.00920953694730997, 0.0238907840102911, 0.024357520043849945, -0.021148962900042534, -0.03971818462014198, -0.019683146849274635, -0.031722232699394226, 0.013618873432278633, 0.051356151700019836, -0.01708338037133217, -0.005429684184491634, 0.007225487381219864, 0.058609142899513245, -0.01620410941541195, -0.0069787525571882725, -0.036249835044145584, -0.0005688640521839261, -0.024036776274442673, -0.0009775051148608327, -0.0009976774454116821, 0.07479158043861389, 0.0015275422483682632, 0.04007755592465401, 0.06748376786708832, 0.03135957941412926, -0.06371337175369263, -0.02606869861483574, 0.012066788040101528, 0.00723129790276289, -0.01464496087282896, -0.03510607033967972, 0.01955791935324669, -0.014932017773389816, 0.0109739163890481, -0.0018484826432541013, -0.04756906256079674, -0.023597558960318565, -0.05602426454424858, 0.01288882177323103, 0.03889397904276848, -0.030712485313415527, -0.033249568194150925, -0.02769206278026104, 0.002170505002140999, 0.04462027922272682, -0.025034461170434952, 0.010224662721157074, -0.037862639874219894, 0.00461700651794672, -0.019394701346755028, 0.05417773872613907, -0.015424925833940506, -0.013287829235196114, 0.017121395096182823, -0.042913321405649185, 0.025152673944830894, 0.059304721653461456, 0.011299284175038338, 0.0214828010648489, 0.005481120198965073, 0.05240873247385025, -0.024037839844822884, -0.006340719759464264, 0.0008254209533333778, -0.03393545001745224, -0.01674092374742031, 0.08481399714946747, 0.0022466666996479034, -0.01113385334610939, -0.06691335141658783, 0.0004831554542761296, 0.0064176409505307674, 0.022608190774917603, 0.003121187211945653, 0.03674357011914253, 0.02016419917345047, 0.008183569647371769, -0.028605345636606216, 0.02216860093176365, 0.004571081139147282, 0.0029250076040625572, 0.017102306708693504, -0.013111562468111515, -0.02817368134856224, -0.019604593515396118, -0.029209984466433525, 0.013469955883920193, 0.01302079763263464, 0.04011252522468567, 0.03631480038166046, 0.02955825999379158, -0.005503862630575895, 0.021480612456798553, 0.04174165055155754, 0.016104308888316154, 0.04007284343242645, -0.010642485693097115, 0.0514632910490036, 0.01475042849779129, 0.010845811106264591, -0.035407837480306625, -0.02471516840159893, -0.06888675689697266, 0.022215645760297775, 0.015098318457603455, 0.03379382565617561, 0.029197728261351585, -0.0843530148267746, 0.049589015543460846, 0.010809392668306828, -0.03414537012577057, -0.03212185204029083, 0.04095233231782913, 0.013032035902142525, 0.06118674576282501, -0.008010492660105228, 0.03501018136739731, -0.01880202814936638, -0.007322098594158888, 0.004480395466089249, 0.03161068260669708, -0.027742166072130203, 0.030525675043463707, -0.0052455416880548, 0.01165371760725975, 0.036883123219013214, 0.015447057783603668, -0.005588768981397152, -0.027519769966602325, -0.022376397624611855, -0.060368627309799194, 0.04352830350399017, 0.03767312318086624, 0.008583743125200272, 0.005442313849925995, -0.012994281947612762, -0.03783860057592392, -0.042303647845983505, -0.005073243752121925, -0.010897716507315636, 0.04489394277334213, 0.027194591239094734, 0.053583402186632156, 0.03776934742927551, 0.05664515867829323, 0.023362012580037117, -0.01105103362351656, -0.021351885050535202, -0.053285107016563416, 0.011314580217003822, 0.015581082552671432, -0.07804269343614578, -0.06633958220481873, 0.04044553264975548, -0.027806907892227173, 0.0050285011529922485, -0.02344420738518238, 0.012531962245702744, -0.04968564584851265, -0.014007567428052425, 0.04142730310559273, 0.03674411028623581, 0.021057678386569023, -0.03128809109330177, 0.02570958063006401, 0.001483758445829153, 0.030384419485926628, -0.03007662668824196, 0.026771465316414833, 0.026634858921170235, 0.018165884539484978, 0.03605253994464874, -0.0248656515032053, -0.04242280125617981, -0.008102569729089737, -0.031708888709545135, 0.04123564064502716, -0.025813933461904526, -0.0107291080057621, -0.011753341183066368, 0.006293611600995064, 0.004323011264204979, -0.07776922732591629, 0.008726326748728752, -0.0006469098152592778, 0.05465271696448326, -0.016282105818390846, -0.005990238860249519, 0.026981869712471962, 0.01315342728048563, -0.002700233366340399, -0.04138091951608658, 0.010983075015246868, -0.010371070355176926, -0.0014131874777376652, 0.02170291170477867, 0.008081754669547081, -0.039364028722047806, 0.01921498030424118, 0.0188479982316494, 0.012433088384568691, -0.026161760091781616, 0.007077081128954887, -0.05725565180182457, 0.024461232125759125, 0.01125506591051817, 0.004069694317877293, -0.03219703584909439, -0.03840222954750061, -0.03726775944232941, 0.011385921388864517, 0.031924422830343246, -0.008079267106950283, -0.03142989054322243, -0.026727182790637016, 0.02442747727036476, -0.027947746217250824, 8.115824311971664e-05, 0.002554123057052493, -0.01685696840286255, -0.05311252549290657, -0.016564125195145607, -0.014598269015550613, -0.03203900530934334, -0.012247218750417233, 0.005274325143545866, 0.004735863301903009, -0.0008780464995652437, 0.002211107173934579, 0.0005688918172381818, -0.0034044317435473204, 0.026976803317666054, -0.000884015578776598, -0.011446361429989338, -0.004154357127845287, -0.041882794350385666, 0.0017994885565713048, 0.029725676402449608, -0.022259453311562538, 0.007043120916932821, 0.0014106446178629994, 0.007686971221119165, -0.04773539677262306, 0.022375592961907387, -0.015194125473499298, -0.011297794058918953, 0.06330712884664536, 0.005792719777673483, -0.03559623658657074, 0.006648647133260965, 0.05592460185289383, 0.01673514023423195, 0.05242032930254936, -0.038792796432971954, -0.006701434496790171, -0.03365574777126312, -0.0024301917292177677, -0.021680885925889015, 0.017801562324166298, 0.017191236838698387, 0.05712812766432762, -0.03743258863687515, -0.04167662560939789, -0.047765474766492844, -0.009945966303348541, -0.14711737632751465, -0.02398955263197422, 0.013728819787502289, 0.01429545134305954, -0.0022304642479866743, 0.019587550312280655, -0.049251049757003784, 0.015770431607961655, -0.020228486508131027, 0.03915299102663994, 0.038060300052165985, -0.05065392330288887, 0.006591204088181257, -0.02821367047727108, 0.021070485934615135, 0.007256228476762772, -0.019804980605840683, -0.01619460992515087, 0.0021805947180837393, -0.032453883439302444, -0.0526086650788784, -0.02503860369324684, 0.021462034434080124, -0.019758064299821854, -0.0228120144456625, 0.029954059049487114, 0.03499086573719978, 0.0072705671191215515, -0.04187067970633507, 0.010571411810815334, -0.021578505635261536, 0.021129153668880463, -0.0030798474326729774, 0.0033211715053766966, 0.02198988012969494, 0.0018962568137794733, 0.03670424222946167, -0.03733992949128151, -0.005227521061897278, -0.015127378515899181, 0.04780342057347298, 0.011146485805511475, -0.026950793340802193, 0.008398848585784435, 0.042408645153045654, -0.023511717095971107, 0.010418192483484745, 0.011470112018287182, -0.0063225398771464825, 0.014089616946876049, 0.02222796529531479, -8.290856203529984e-05, 0.0249706469476223, 0.014541519805788994, -0.04669896513223648, -0.009652697481215, 0.025937439873814583, 0.02919202856719494, -0.016510330140590668, -0.015837665647268295, -0.007487955968827009, -0.02244366891682148, 0.04907473176717758, -0.007187764625996351, -0.022433839738368988, 0.011990063823759556, 0.03554026782512665, -0.01226811297237873, 0.024104850366711617, -0.061711471527814865, 0.05565127730369568, -0.037698473781347275, -0.01463290024548769, 0.002785277320072055, -0.015254076570272446, 0.040067337453365326, 0.020916100591421127, -0.03301813825964928, -0.024455174803733826, -0.10804925858974457, -0.01417518313974142, -0.0032353384885936975, -0.03024529106914997, 0.02414579689502716, -0.04459278658032417, -0.015632713213562965, -0.008068863302469254, -0.012253481894731522, -0.0038423880469053984, 0.23254692554473877, 0.0002516877430025488, 0.026017287746071815, 0.03649846464395523, 0.05810558795928955, 0.006455098744481802, 0.003876075614243746, 0.05857612565159798, 0.011887836270034313, -0.02882341481745243, 0.013340236619114876, -0.013304525054991245, -0.017360728234052658, -0.03417247533798218, -0.007310808170586824, 0.01204441674053669, -0.03380199521780014, 0.04363398253917694, 0.04509863257408142, -0.04481888934969902, 0.0320669524371624, -0.006264174822717905, 0.013713073916733265, 0.04092071205377579, -0.08014631271362305, 0.003984988201409578, 0.005005726590752602, 0.008078024722635746, -0.028294969350099564, 0.026506749913096428, -0.03125757351517677, 0.026659801602363586, 0.03522589057683945, -0.055634405463933945, -0.01286647841334343, -0.044560231268405914, -0.01371547020971775, -0.006202953867614269, -0.017346002161502838, 0.029423817992210388, -0.027277695015072823, 0.011149064637720585, 0.025468800216913223, 0.012999864295125008, -0.007998683489859104, -0.012869296595454216, -0.03791895508766174, -0.03186844289302826, -0.04089675843715668, -0.04549119248986244, -0.024166541174054146, 0.011370657943189144, -0.0028349244967103004, 0.0011588740162551403, 0.02334780991077423, -0.06268894672393799, 0.002624000422656536, 0.04388662055134773, -0.003332424210384488, 0.05277739465236664, 0.022278036922216415, 0.005053490400314331, -0.03445953503251076, 0.05594008415937424, -0.005451833363622427, 0.0017741697374731302, 0.025836855173110962, -0.009563490748405457, 0.030978655442595482, 0.0015778543893247843, -0.026271745562553406, 0.0170047115534544, 0.02952362224459648, -0.028487185016274452, 0.011167110875248909, -0.0087412279099226, 0.018386486917734146, 0.030302904546260834, -0.009502112865447998, 0.050227418541908264, -0.021775510162115097, -0.013409622944891453, -0.020493555814027786, 0.00627540796995163, 0.019426880404353142, -0.02415277250111103, -0.016878444701433182, 0.06338704377412796, -0.04162147641181946, -0.007757687941193581, -0.030893096700310707, 0.022761531174182892, -0.05033304914832115, 0.027577947825193405, 0.0019999700598418713, -0.010482347570359707, 0.04490178823471069, -0.019749553874135017, -0.029477113857865334, 0.03549480810761452, -0.0020123831927776337, 0.03012212924659252, 0.014048327691853046, -0.04712945595383644, 0.051506977528333664, -0.07370909303426743, 0.012254055589437485, 0.008855994790792465, -0.0077758594416081905, 0.0019988592248409986, -0.01163522619754076, -0.013625017367303371, -0.017125623300671577, -0.044420160353183746, -0.02384033240377903, 0.06491787731647491, 0.04111325368285179, 0.006570036057382822, 0.03779451921582222, 0.027642568573355675, 0.013228009454905987, 0.007658285554498434, -0.01984437182545662, -0.04122298210859299, -0.019317422062158585, -0.025268230587244034, -0.02168462984263897, -0.013794724829494953, -0.025330711156129837, -0.0036566818598657846, 0.014942457899451256, -0.020680515095591545, 0.024000270292162895, 0.011961572803556919, 0.00986225064843893, 0.0006021347362548113, 0.06823784857988358, 0.030614633113145828, -0.02482835203409195, 0.026214098557829857, -0.012683059088885784, -0.05368449166417122, -0.016384096816182137, 0.014311715960502625, 0.021843930706381798, 0.02429085597395897, 0.01163773238658905, 0.038640789687633514, 0.036825235933065414, 0.012550375424325466, 0.029745345935225487, 0.03557763993740082, -0.013673147186636925, -0.055796194821596146, -0.027050772681832314, -0.09329020231962204, 0.002248950768262148, 0.025070669129490852, -0.015599616803228855, -0.017744433134794235, -0.0013512247242033482, -0.00999381858855486, -0.0006969378446228802, 0.024135969579219818, 0.05950508639216423, -0.024776827543973923, 0.033594898879528046, 0.04224160313606262, -0.024872638285160065, 0.003363425377756357, -0.024388542398810387, -0.022359713912010193, -0.044322699308395386, -0.001576184295117855, -0.007185597438365221, -0.04941350221633911, -0.07012569159269333, 0.04371551051735878, -0.010620088316500187, -0.03527393937110901, -0.0023180318530648947, 0.029589960351586342, 0.005612887442111969, 0.005603874567896128, 0.015694472938776016, 0.016299676150083542, 0.03335519880056381, -0.020162837579846382, 0.0605071596801281, -0.030691351741552353, -0.02443234995007515, 0.11407588422298431, -0.03457298129796982, -0.006404319312423468, 0.03576735034584999, 0.007387909106910229, 0.051670242100954056, 0.05356163531541824, 0.0037161463405936956, 0.023616159334778786, -0.018777653574943542, -0.008170693181455135, -0.02157607488334179, 0.025225929915905, 0.016072046011686325, -0.018833862617611885, -0.019297804683446884, 0.03060435876250267, -0.029535546898841858, 0.033478859812021255, -0.03330216556787491, -0.0031086995732039213, -0.04669323191046715, -0.0053173815831542015, -0.013733982108533382, -0.04036791995167732, 0.05432603880763054, 0.036002255976200104, 0.06272447854280472, 0.003582456847652793, -0.04236343875527382, 0.005814546253532171, 0.04877146705985069, -0.00527707627043128, 0.02370128594338894, 0.05708513781428337, -0.001084249815903604, -0.020393256098031998, -0.0030936270486563444, 0.00358372088521719, -0.007064173463732004, 0.011815025471150875, 0.010445908643305302, -0.03088724985718727, 0.017649250105023384, -0.020654546096920967, 0.03137093409895897, 0.013427400030195713, -0.0054964590817689896, -0.01719026453793049, -0.02239041216671467, -0.0020558200776576996, 0.02291964180767536, 0.026387391611933708, 0.02189234457910061, 0.022409414872527122, 0.0019127912819385529, -0.0018957945285364985, 0.030556034296751022, 0.01230534166097641, -0.01487516425549984, -0.01606595888733864, 0.025040585547685623, -0.014344600029289722, 0.05053463205695152, 0.003994989674538374, 0.009235778823494911, -0.01744309440255165, -0.04470289871096611, -0.029971078038215637, -0.007196726743131876, 0.0033041746355593204, 0.004184574820101261, -0.002513830317184329, -0.011713373474776745, -0.06300021708011627, 0.031212886795401573, -0.06313906610012054, -0.03003379888832569, -0.05964730307459831, -0.01751743257045746, 0.017483089119195938, -0.014215979725122452, -0.016848554834723473, 0.0305967777967453, -0.015615842305123806, -0.03867938742041588, -0.038505636155605316, -0.01157055888324976, -0.018257714807987213, -0.03616104647517204, 0.04399359971284866, 0.039869457483291626, 0.037835437804460526, -0.02534107118844986, -0.00906515121459961, 0.02369740791618824, 0.0033433325588703156, 0.0021659797057509422, -0.04791610315442085, 0.0007548435823991895, -0.0373031422495842, -0.03249748796224594, 0.005811398848891258, 0.00041625945596024394, -0.005022387020289898, -0.02273804508149624, -0.0066149416379630566, -0.020259730517864227, 0.026690887287259102, -0.010663077235221863, -0.013039112091064453, -0.034120794385671616, -0.007933629676699638, -0.02701592817902565, 0.035515133291482925, -0.004698105622082949, -0.05217063054442406, 0.036418087780475616, -0.006689454894512892, -0.029795024544000626, -0.02668965794146061, 0.003978479187935591, 0.025383343920111656, 0.039167650043964386, 0.01191774569451809, 0.03235459327697754, -0.02092485874891281, 0.02259068749845028, -0.02518693543970585, 0.005025243852287531, 0.012465550564229488, -0.020202303305268288, 0.002787264995276928, 0.0071111819706857204, 0.017321009188890457, 0.0265455674380064, -0.012872535735368729, -0.036713361740112305, 0.019525406882166862, -0.0399310365319252, -0.05338425561785698, -0.007530195638537407, -0.01556735672056675, -0.0069669452495872974, 0.006620560772716999, 0.01624550111591816, -0.029130948707461357, 0.03236626088619232, -0.026857050135731697, -0.018023500218987465, -0.040684424340724945, 0.01673746109008789, -0.03415121138095856, -0.019874462857842445, -0.07186011970043182, 0.02229664847254753, -0.019082272425293922, -0.05685678869485855, 0.0055422489531338215, 0.0030987265054136515, 0.007233673240989447, -0.02108840085566044, -0.042048655450344086, 0.009439676068723202, 0.02958826534450054, -0.02516143210232258, 0.035002291202545166, 0.012875441461801529, 0.03859255090355873, -0.021406114101409912, 0.014339436776936054, -0.02153162471950054, -0.01391321700066328, 0.022150058299303055, 0.006836207117885351, 0.003991501871496439, -0.029385652393102646, 0.002631041221320629, 0.005765754263848066, -0.0037247175350785255, -0.007697125896811485, 0.03394016623497009, -0.02133012004196644, 0.0022762746084481478, 0.017129724845290184, 0.01813114993274212, -0.024809597060084343, 0.03947186470031738, 0.0022178562358021736, -0.0230865441262722, -0.012464129365980625, -0.024626923725008965, -0.034322768449783325, -0.03907217085361481, -0.04998853802680969, -0.0292770117521286, -0.012395167723298073, -0.018557917326688766, 0.05567504093050957, -0.011703161522746086, -0.0127645218744874, -0.04313255101442337, -0.001118500018492341, -0.1524137258529663, 0.03944860398769379, -0.01903526857495308, 0.02996639907360077, -0.014271251857280731, 0.020487690344452858, 0.01694079488515854, -0.02995753288269043, -0.005622433498501778, -0.020151372998952866, -0.038194604218006134, -0.039149004966020584, -0.007166667375713587, -0.03902963921427727, 0.011669911444187164, 0.040059685707092285, -0.041285231709480286, -0.010781149379909039, -0.007568343076854944, -0.01212786789983511, 0.021597543731331825, -0.005934240762144327, -0.014649653807282448, -0.023363523185253143, -0.06907196342945099, 0.0034099326003342867, -0.0013942193472757936, -0.008981114253401756, 0.007544687483459711, -0.017695404589176178, -0.01481754332780838, -0.009074893780052662, 0.009037312120199203, 0.033579446375370026, -0.00543603440746665, 0.04170248284935951, 0.004251587204635143, 0.017669325694441795, -0.04893508926033974, 0.028936872258782387, 0.011568885296583176, 0.01909741573035717, -0.00832809042185545, 0.0038342487532645464, 0.05700044333934784, 0.036647241562604904, -0.029169319197535515, -0.018210401758551598, -0.025754760950803757, -0.003807823406532407, -0.03581527993083, 0.023851197212934494, 0.019012706354260445, 0.001654342864640057, -0.009593699127435684, 0.03362205997109413, -0.0009030107175931334, -0.020392050966620445, -0.02939216047525406, 0.037929240614175797, 0.001441952190361917, 0.058455534279346466, -0.03281370922923088, -0.0024354299530386925, -0.021713973954319954, 0.05765368789434433, -0.03866495564579964, 0.02231721580028534, 0.03788731247186661, 0.027228791266679764, -0.03139374405145645, -0.029164215549826622, -0.04708234220743179, -0.013310530222952366, -0.01674245297908783, 0.02739405259490013, 0.03177105262875557, -0.021389523521065712, -0.0170261450111866, -0.009614556096494198, -0.060313981026411057, -0.017384732142090797, -0.000644344137981534, 0.07023606449365616, 0.10215851664543152, 0.017310429364442825, 0.005128523800522089, -0.013846914283931255, 0.011355854570865631, -0.04632728174328804, -0.04006557911634445, -0.028161125257611275, 0.009650619700551033, 0.014216833747923374, 0.005956563632935286, 0.03571310266852379, -0.017640085890889168, 0.017347687855362892, 0.009846086613833904, -0.02069074660539627, -0.024653155356645584, -0.013821212574839592, 0.014714556746184826, 0.0006581838242709637, -0.03189654275774956, -0.001175332348793745, -0.0003738040686585009, 0.04050980508327484, -0.021757394075393677, 0.002162139629945159, 0.0008759147603996098, -0.03628887981176376, -0.0539436899125576, 0.011733926832675934, -0.08871748298406601, -0.021058011800050735, 0.001979920081794262, 0.014805174432694912, -0.02353968285024166, -0.009305695071816444, 0.017335502430796623, -0.015414903871715069, -0.008466923609375954, -0.05259913206100464, 0.017617370933294296, 0.002583675319328904, 0.04209647327661514, 0.014032277278602123, 0.008220446296036243, -0.02288816124200821, -0.004062887281179428, -0.04540123790502548, -0.06188468262553215, 0.03644516319036484, 0.04373326897621155, -0.03858950361609459, -0.04010629281401634, 0.03753608465194702, -0.019272489473223686, -0.0066602518782019615, -0.036470867693424225, 0.006736632436513901, 0.024212241172790527, -0.037290383130311966, 0.0021404370199888945, -0.04639001935720444, 0.034155409783124924, 0.0003065397322643548, 0.005684860050678253, -0.01836794801056385, 0.006521288771182299, -0.024051483720541, 0.005367586854845285, 0.03855619952082634, -0.02742691896855831, 0.03351122885942459, -0.006985755637288094, 0.06231173872947693, -0.04171310365200043, 0.05336783826351166, 0.0344947949051857, -0.04594549164175987, -0.039664022624492645, -0.028145011514425278, 0.017988182604312897, 0.01015029288828373, 0.001200014492496848, -0.01123663317412138, 0.0035427340772002935, 0.03412098437547684, 0.005585886538028717, 0.10985707491636276, -0.010242298245429993, 0.013542626984417439, 0.03533608093857765, -0.029779845848679543, -0.0038636624813079834, -0.021159695461392403, 0.026010220870375633, 0.005874944385141134, 0.05099428445100784, -0.010418261401355267, 0.004642194602638483, 0.005760555621236563, 0.02379944548010826, -0.01146827731281519, -0.013229903765022755, 0.03400664031505585, 0.006348777562379837, -0.020978456363081932, -0.03670119866728783, -0.01981525495648384, 0.009721381589770317, -0.028949571773409843, 0.03773230314254761, -0.04342802241444588, -0.0010660962434485555, 0.013210133649408817, 0.025448234751820564, 0.05535463988780975, 0.01199627760797739, -0.014869923703372478, 0.0011443301336839795, -0.017138460651040077, -0.029203033074736595, -0.013429773971438408, -0.005014159716665745, 0.02301560714840889, -0.01158734317868948, 0.0496000312268734, -0.020948996767401695, -0.002499096095561981, -0.007657742593437433, -0.004221649840474129, 0.02831319160759449, -0.025455640628933907, 0.033272091299295425, 0.002248017815873027, -0.01316750142723322, -0.017231861129403114, 0.006541380658745766, 0.013858435675501823, -0.01899113692343235, -0.02272513508796692, -0.06880242377519608, -0.01800835318863392, -0.007191842421889305, 0.024176670238375664, 0.005836842115968466, 0.02318440191447735, -0.009084716439247131, 0.027683399617671967, -0.0013725655153393745, 0.06523177027702332, 0.05774785950779915, -0.007040759548544884, -0.020548054948449135, 0.014566885307431221, -0.016851874068379402, 0.027461903169751167, 0.02972388081252575, -0.003781934967264533, 0.01187608577311039, 0.014992865733802319]",,
15_1_0_docs_01_app_03_api_reference_01_directives_use_cache_mdx_section_9,section,15_1_0_docs_01_app_03_api_reference_01_directives_use_cache_mdx,use cache - Interleaving,,{},15.1.0,"If you need to pass non-serializable arguments to a cacheable function, you can pass them as ``. This means the `` reference can change without affecting the cache entry.
You can also pass Server Actions through cached components to Client Components without invoking them inside the cacheable function.
",,"[(np.int64(4527), np.float64(0.18444424867630005)), (np.int64(5337), np.float64(0.22557392716407776)), (np.int64(6496), np.float64(0.20194971561431885)), (np.int64(14507), np.float64(0.24387821555137634)), (np.int64(82365), np.float64(0.31162846088409424))]","[-0.00563321728259325, 0.008440493606030941, -0.03781263530254364, 0.06450313329696655, -0.0071871294640004635, -0.04971674084663391, 0.03815523535013199, 0.04094454273581505, -0.01756027154624462, 0.004749741870909929, 0.03479427471756935, -0.018458576872944832, 0.012517344206571579, 0.0030898340046405792, 0.0022343534510582685, 0.031163586303591728, 0.004054155666381121, -0.03322767838835716, -0.0016446582740172744, 0.023461027070879936, -0.029894361272454262, -0.01703127659857273, -0.046552278101444244, 0.019508805125951767, 0.03719017282128334, -0.011665988713502884, -0.05818742886185646, -0.006608294788748026, 0.002855234080925584, 0.05215543881058693, 0.029853833839297295, -0.005868206266313791, -0.0209297277033329, 0.004537147469818592, -0.01574821025133133, -0.01834641396999359, -0.061588104814291, -0.0018017260590568185, -0.009532167576253414, -0.009010044857859612, 0.0014207211788743734, -0.01733892597258091, 0.011766331270337105, -0.03220023587346077, 0.0020103193819522858, -0.029805030673742294, 0.012071752920746803, -0.032034121453762054, -0.019567042589187622, 0.004719446413218975, -0.015143240801990032, 0.006671507842838764, 0.03504383563995361, -0.04691091552376747, 0.015523437410593033, 0.025049660354852676, -0.02400849014520645, -0.05328301712870598, -0.06931756436824799, 0.011289618909358978, -0.023118585348129272, -0.031911492347717285, -0.018736720085144043, 0.014157458208501339, 0.010320901870727539, 0.03424819931387901, -0.01329298596829176, 0.006162429694086313, -0.0224649328738451, -0.05107896775007248, 0.03763922303915024, 0.051107075065374374, -0.030283112078905106, -0.008904165588319302, -0.04298234358429909, 0.034242961555719376, -0.007322033867239952, -0.031923193484544754, -0.0460849292576313, -0.011245818808674812, -0.0015916981501504779, -0.053621333092451096, 0.019990479573607445, -0.0027155790012329817, -0.001294746994972229, 0.018177766352891922, -0.02435721457004547, 0.056285638362169266, 0.02733432874083519, 0.01389993540942669, 0.010895228013396263, -0.005994476843625307, 0.02901589125394821, -0.02605435624718666, -0.018717201426625252, -0.037240732461214066, -0.001966846641153097, 0.008321953937411308, 0.037365298718214035, 0.005602454766631126, -0.010009015910327435, -0.04133732616901398, -0.007329284679144621, -0.00215218891389668, 0.021048082038760185, 0.02001279406249523, 0.000982292229309678, 0.030872922390699387, -0.007061884738504887, -0.02128341607749462, 0.0047371117398142815, 0.04158550128340721, 0.014467526227235794, 0.05106118693947792, -0.02395612746477127, -0.022572219371795654, -0.0011630590306594968, 0.014444459229707718, -0.009032449685037136, 0.018392108380794525, 0.003404896706342697, -0.015767600387334824, 0.010683921165764332, -0.01994282379746437, -0.023684106767177582, -0.011271311901509762, -0.013225382193922997, 0.029804497957229614, -0.06695284694433212, 0.00631764205172658, -0.013322151266038418, 0.06518064439296722, 0.006476619280874729, -0.0544658899307251, -0.05987243726849556, 0.027713831514120102, 0.035592127591371536, 0.05298905074596405, 0.016388343647122383, -0.03053075447678566, 0.026246579363942146, -0.031521026045084, 0.004336634650826454, -0.021474432200193405, 0.06199534609913826, -0.0037577636539936066, 0.062083158642053604, 0.022692009806632996, 0.021234728395938873, -0.012242134660482407, -0.002232955303043127, -0.0022779188584536314, 0.0010658552637323737, -0.007476192899048328, 0.04701525345444679, -0.025056062266230583, -0.0014038138324394822, 0.012094973586499691, 0.015036717988550663, 0.02120281010866165, 0.014542180113494396, 0.04002649709582329, -0.012948569841682911, 0.02663384936749935, 0.06272928416728973, -0.023055825382471085, 0.005543645471334457, -0.00662396103143692, -0.0021356740035116673, -0.016286931931972504, 0.0022732215002179146, -0.03167770802974701, 0.017742233350872993, -0.010884204879403114, 0.04886072501540184, 0.03941786661744118, 0.07096798717975616, 0.02222020924091339, -0.03187749162316322, -0.03280868008732796, 0.006956488359719515, -0.036706920713186264, -0.012951290234923363, -0.015851711854338646, -0.013514706864953041, -0.00040244695264846087, -0.021993953734636307, -0.026048965752124786, -0.016239462420344353, -5.612461609416641e-05, -0.04563789442181587, -0.02332395873963833, -0.0017495142528787255, 0.07374855130910873, 0.01406148262321949, -0.03964069485664368, 0.025527603924274445, 0.0028278317768126726, 0.015746373683214188, 0.04862798750400543, 0.030318250879645348, 0.04665752127766609, 0.008638015948235989, 0.002479083137586713, -0.019945932552218437, -0.009718470275402069, -0.01813245564699173, -0.040041733533144, 0.008545704185962677, -0.033541709184646606, 0.027886593714356422, -0.04117124527692795, -0.05298175290226936, -0.02755024842917919, -0.009864936582744122, 0.0026879291981458664, -0.03668121621012688, 0.03924297168850899, -0.0034602212253957987, -0.0937030166387558, 0.023216823115944862, 0.019890498369932175, -0.0015220892382785678, 0.057193461805582047, 0.002370819915086031, 0.008649754337966442, 0.04842859506607056, 0.030894655734300613, 0.022248277440667152, -0.019594933837652206, 0.0051187556236982346, 0.05540380999445915, 0.006979044992476702, -0.004580420907586813, 0.01746443472802639, -0.050956662744283676, -0.04068676009774208, 0.03883105516433716, 0.02625119872391224, -0.022709470242261887, -0.011119999922811985, -0.03155685216188431, 0.05597115680575371, -0.018949974328279495, -0.027333106845617294, 0.011500115506350994, -0.02947862446308136, -0.002898015081882477, -0.010125950910151005, -0.04325372725725174, -0.009053025394678116, 0.03694761171936989, 0.00634993240237236, 0.012256946414709091, -0.02038539946079254, -0.021101385354995728, 0.04655081406235695, 0.004422447178512812, -0.008266928605735302, -0.004641891457140446, -0.006140951998531818, 0.03295872360467911, 0.007802118081599474, 0.0042807357385754585, 0.035379886627197266, 0.013413132168352604, 0.003464287146925926, -0.025631779804825783, 0.013380320742726326, 0.039517611265182495, -0.0036072663497179747, 0.0034607138950377703, 0.009839034639298916, 0.008924365974962711, -0.004212910309433937, 0.022293955087661743, -0.03223167732357979, 0.003317314200103283, 0.10600695759057999, 0.014846570789813995, -0.024147314950823784, 0.05304749682545662, 0.05574856325984001, 0.004802307579666376, 0.05418591946363449, -0.028682133182883263, -0.0069466340355575085, 0.008764776401221752, -0.0035511660389602184, -0.04433340206742287, 0.026449639350175858, -0.019442284479737282, 0.06673833727836609, -0.024244196712970734, -0.058236222714185715, -0.011121833696961403, 0.009652659296989441, -0.14580486714839935, -0.06284220516681671, -0.01862240768969059, -0.020846044644713402, 0.019887378439307213, 0.011408497579395771, -0.06001988798379898, -0.03224843740463257, -0.0023586314637213945, 0.010534939356148243, -0.0045561171136796474, -0.0661076232790947, -0.00952436774969101, 0.006082878448069096, -0.0096354391425848, -0.02517341636121273, -0.002284054644405842, 0.02928287163376808, 0.018108898773789406, -0.021261874586343765, 0.01979726366698742, -0.029505716636776924, 0.056156307458877563, -0.0506037101149559, -0.02349916100502014, 0.003265335224568844, 0.025250162929296494, 0.06850065290927887, -0.013413423672318459, -0.022185947746038437, 0.020849009975790977, 0.10133222490549088, 0.009556594304740429, 0.01304297149181366, 0.025766050443053246, 0.02333272248506546, -0.017235808074474335, -0.02055511623620987, 0.028217289596796036, -0.010005272924900055, 0.03368791937828064, 0.0284211877733469, -0.020805740728974342, -0.008685377426445484, 0.00202724221162498, -0.009346953593194485, -0.015749258920550346, -0.022805161774158478, -0.036604661494493484, 0.02621559426188469, 0.02789989858865738, -0.02399713173508644, -0.05007033795118332, 0.03325251489877701, -0.05554468557238579, 0.013982510194182396, 0.027796104550361633, 0.020545044913887978, 0.01933199167251587, 0.008898788131773472, 0.00522678392007947, 0.017694080248475075, -0.013199660927057266, 0.0008369633578695357, -0.058570075780153275, 0.007216271944344044, 0.026572497561573982, -0.024486897513270378, 0.03346550092101097, -0.005236820783466101, -0.004364666994661093, 0.007269318215548992, -0.010621005669236183, 0.004362959414720535, -0.09167496860027313, -0.005149795673787594, 0.006156684830784798, 0.00667229387909174, -0.03814971074461937, -0.07927911728620529, -0.03153245523571968, 0.004818626679480076, -0.03966634348034859, 0.041114434599876404, 0.006632867269217968, -0.020697930827736855, 0.038348667323589325, 0.0186343751847744, 0.024185748770833015, 0.21312959492206573, 0.03164254501461983, 0.0016039410838857293, 0.05939203128218651, 0.027784839272499084, 0.009052434004843235, 0.0018916076514869928, 0.027972768992185593, 0.04144591838121414, -0.026161717250943184, -0.04532281309366226, -0.018959812819957733, -0.017027122899889946, -0.009994224645197392, 0.036047033965587616, 0.01983712427318096, -0.05399855971336365, 0.021721430122852325, 0.0691145807504654, -0.022905321791768074, 0.02609463408589363, -0.008265811949968338, 0.03083769977092743, 0.006054369267076254, -0.04790131747722626, 0.051936231553554535, -0.04289449006319046, -0.01375990267843008, -0.005435468163341284, 0.007289419881999493, -0.018619416281580925, 0.01622384786605835, 0.04246268421411514, -0.01430803257972002, -0.010934319347143173, -0.004810636397451162, 0.020355604588985443, -0.003659413428977132, -0.004126254934817553, 0.000721073942258954, 0.014103418216109276, 0.008531138300895691, 0.018724296241998672, 0.006784865632653236, -0.030661482363939285, -0.01976255141198635, -0.019065964967012405, -0.0025490967091172934, 0.004602702334523201, -0.042841628193855286, -0.05448850616812706, -0.031267691403627396, 0.0009690168080851436, -0.009833380579948425, 0.007519750390201807, -0.07145633548498154, -0.008003043942153454, 0.026781972497701645, 0.047646664083004, 0.04736769571900368, 0.04183463379740715, -0.032272420823574066, -0.005825113505125046, 0.04320096969604492, -0.03242534026503563, -0.0029169078916311264, -0.02588176354765892, -0.044702429324388504, 0.024796340614557266, 0.04074029624462128, -0.008962546475231647, 0.03006049431860447, -0.023561079055070877, -0.018710250034928322, 0.03497069329023361, -0.014185566455125809, 0.007264262530952692, 0.009287414140999317, -0.024109333753585815, 0.03885501250624657, -0.005993740167468786, -0.02585734613239765, -0.01388587336987257, 0.009666690602898598, -0.013963508419692516, 0.0218642745167017, -0.008464518934488297, 0.08199560642242432, -0.013087349012494087, 0.014181678183376789, -0.025043245404958725, 0.0015422010328620672, -0.007446817122399807, 0.013608456589281559, -0.006291422992944717, -0.021629512310028076, 0.024104546755552292, -0.012127302587032318, -0.026704655960202217, 0.017894694581627846, -0.06127818673849106, -0.01158257108181715, 0.03913823515176773, -0.033006612211465836, 0.06474924087524414, -0.005437909159809351, -0.013913641683757305, -0.01053481176495552, -0.007560262456536293, 0.005718590691685677, -0.051999375224113464, 0.013397705741226673, -0.02650468796491623, 0.007995124906301498, 0.024021688848733902, 0.06536532938480377, -0.01775679737329483, 0.035179927945137024, 0.03491095453500748, 0.03571096062660217, -0.04814400151371956, 0.024129679426550865, 0.05208182707428932, 0.02474146895110607, 0.002001955173909664, -0.03197246044874191, -0.02765984833240509, -0.00019168756261933595, -0.02093500830233097, 0.03363683074712753, 0.032770786434412, -0.0221841000020504, 0.00770051684230566, 0.02307269722223282, 0.04980036988854408, -0.0544903427362442, 0.05233646556735039, -0.0005751235876232386, 0.02439078688621521, 0.00880997534841299, -0.0331764779984951, 0.012836568988859653, -0.046762026846408844, 0.00035434370511211455, 0.008891977369785309, 0.00967731885612011, -0.0125404242426157, 0.03256235644221306, -0.0216994471848011, 0.015481402166187763, 0.02946542762219906, 0.023410312831401825, -0.01449157577008009, -0.011354328133165836, -0.03543597832322121, -0.05397561565041542, -0.012456302531063557, 0.0012401137501001358, -0.020709633827209473, -0.01588868908584118, -0.031191468238830566, 0.02600056678056717, 0.024995503947138786, 0.023110903799533844, 0.04396417737007141, 0.007533833384513855, 0.04741485416889191, 0.03198126330971718, -0.018282560631632805, -0.03621843829751015, 0.03569970279932022, -0.02371511608362198, -0.032117996364831924, -0.031209168955683708, -0.050868887454271317, -0.02538572996854782, -0.055768534541130066, 0.002552146092057228, 0.012284968048334122, -0.014581414870917797, 0.022022053599357605, -0.015099034644663334, -0.023375310003757477, -0.024970419704914093, -0.02813563495874405, 0.011108326725661755, 0.003543280530720949, 0.0031269406899809837, 0.024835456162691116, -0.021810421720147133, -0.049636028707027435, 0.12285029143095016, -0.027713729068636894, -0.02520488202571869, 0.014235284179449081, 0.025081144645810127, 0.10087091475725174, 0.013060217723250389, 0.00534436758607626, -0.060525063425302505, 0.0014004081021994352, 0.01024866383522749, 0.008544991724193096, -0.01641826704144478, -0.04398749768733978, 0.028013281524181366, -0.01445830799639225, 0.0292697474360466, -0.02435685507953167, 0.015407511964440346, -0.01630406454205513, -0.019791774451732635, -0.07224886864423752, 0.024164780974388123, -0.0032280476298183203, -0.036599915474653244, 0.056660767644643784, 0.04480742663145065, 0.020685259252786636, -0.032705169171094894, -0.02360665798187256, -0.026973124593496323, 0.03126009181141853, 0.018859105184674263, 0.0009240114013664424, -0.04268565773963928, 0.016964085400104523, -0.00931398943066597, -0.06593289226293564, -0.03698666766285896, -0.012126916088163853, -0.006830367259681225, -0.008062049746513367, 0.015629155561327934, -0.004487981554120779, -0.023014569655060768, 0.025989148765802383, 0.007461449131369591, 0.010093997232615948, -0.059999700635671616, 0.0008478107629343867, 0.015071147121489048, -0.014958927407860756, 0.06327132880687714, -0.002643877873197198, -0.001643584226258099, -0.06088124215602875, -0.016098175197839737, -0.005528199020773172, 0.03824302926659584, -0.05886811763048172, -0.01642472669482231, 0.015806715935468674, -0.019261984154582024, 0.015583956614136696, 0.04231220483779907, 0.024455750361084938, 0.002961123827844858, -0.030495651066303253, -0.0123225012794137, -0.036683544516563416, 0.0016221728874370456, -0.00016636755026411265, -0.01386753749102354, 0.03104301355779171, -0.04341348633170128, 0.03157782927155495, -0.048746850341558456, -0.007096955087035894, -0.06270184367895126, 0.00955970399081707, 0.015339316800236702, -0.022265225648880005, -0.08325764536857605, -0.011920812539756298, -0.05436539649963379, -0.00891893357038498, -0.013045978732407093, -0.04639863967895508, 0.028728116303682327, -0.04215719550848007, -0.006901989225298166, -0.0011585098691284657, 0.057540781795978546, -0.018238749355077744, 0.051638927310705185, 0.0033261410426348448, 0.0177165437489748, 0.030508415773510933, -0.03350049629807472, 0.04514801874756813, 0.01565074548125267, -0.05930040031671524, 0.029675615951418877, -0.012325802817940712, -0.023289460688829422, 0.033015813678503036, 0.06711828708648682, 0.0009421409922651947, 0.040537990629673004, -0.015579275786876678, -0.036987174302339554, -0.04269956424832344, -0.0013704365119338036, -0.0012601916678249836, 0.01945398561656475, 0.009983550757169724, -0.057761579751968384, 0.006418815813958645, 0.0006487105856649578, 0.03975165635347366, -0.04110003635287285, 0.017125416547060013, 0.030161790549755096, 0.02203693427145481, -0.03648432716727257, 0.03968505933880806, 0.023039961233735085, 0.02141990140080452, -0.04922730103135109, -0.06270402669906616, -0.009207276627421379, -0.031577885150909424, -0.02018876187503338, -0.022483687847852707, 0.0014934121863916516, 0.008484947495162487, -0.006957570556551218, -0.025160662829875946, 0.018044115975499153, -0.014951899647712708, -0.017565272748470306, 0.028304198756814003, -0.010839064605534077, 0.030065692961215973, 0.035116877406835556, 0.015171325765550137, -0.007599643897265196, 0.02221905067563057, 0.012076299637556076, -0.010834302753210068, -0.051037028431892395, 0.011219070293009281, -0.028839636594057083, 0.024504000321030617, -0.02040855400264263, -0.003091484308242798, 0.017673587426543236, -0.0364210419356823, -0.009108240716159344, -0.021818755194544792, -0.011111541651189327, -0.0019003968918696046, -0.01879541203379631, 0.014715919271111488, -0.06293702125549316, 0.018516680225729942, 0.00490867905318737, 0.0015235524624586105, 0.015438724309206009, -0.025531074032187462, 0.050587013363838196, -0.02669237181544304, -0.056380681693553925, 0.0048811789602041245, 0.005704508628696203, 0.006473859306424856, -0.010177332907915115, -0.013494865968823433, -0.014759751036763191, -0.030256135389208794, 0.013941861689090729, 0.015405484475195408, 0.014135248027741909, 0.01728443056344986, 0.04033811017870903, -0.02094224840402603, 0.03639860451221466, 0.009999171830713749, -0.014901612885296345, -0.024788741022348404, -0.024427825585007668, -0.005202283151447773, -0.0045722187496721745, -0.025281045585870743, -0.007951333187520504, -0.021922972053289413, -0.03630756959319115, 0.006933531723916531, 0.02936551347374916, 0.02105669677257538, 0.009614893235266209, 0.017665646970272064, -0.022014152258634567, -0.13011786341667175, 0.016837164759635925, 0.005685187876224518, 0.005349515005946159, -0.04714541509747505, 0.00731868389993906, -0.013518674299120903, -0.00819071102887392, -0.001408561016432941, -0.026099493727087975, 0.0028283828869462013, -0.007920651696622372, -0.020352257415652275, -0.04449637606739998, -0.03838439658284187, 0.005538698751479387, 0.025776049122214317, -0.011828497983515263, 0.018450424075126648, 0.02594018541276455, 0.012189622968435287, -0.0005317962495610118, 0.06342920660972595, -0.01721959561109543, 0.022159548476338387, -0.002187601523473859, -0.053447164595127106, 0.05906662344932556, -0.011570497415959835, -0.060685232281684875, 0.017587991431355476, -0.016223210841417313, 0.06033015251159668, 0.011180267669260502, 0.033984579145908356, 0.019896475598216057, -0.0017062484985217452, 0.028247348964214325, 0.012031791731715202, 0.007643557619303465, -0.0011106234742328525, -0.0052889492362737656, -0.02292976900935173, -0.01104345265775919, -0.008641337044537067, 0.019870242103934288, -0.021693270653486252, -0.021463977172970772, -0.029846331104636192, -0.014225482009351254, 0.01249249279499054, -0.005851923953741789, 0.030059386044740677, 0.010283171199262142, 0.010668715462088585, 0.01578427292406559, -0.041410017758607864, 0.029866700991988182, -0.045955903828144073, 0.01985700987279415, -0.02368963696062565, 0.00825837068259716, -0.034533530473709106, -0.06393372267484665, 0.010220427997410297, 0.03212805092334747, -0.0029603983275592327, -0.009627864696085453, 0.0076045324094593525, 0.031509172171354294, 0.00822092592716217, 0.008185697719454765, -0.006201224867254496, -0.004417312331497669, 0.023263536393642426, 0.06783904880285263, -0.028000032529234886, 0.02617873251438141, 0.025698069483041763, 0.017958061769604683, 0.014493715018033981, -0.03438127040863037, -0.04940269887447357, 0.01966250315308571, 0.056600477546453476, -0.014572098851203918, -0.026125401258468628, 0.0226431917399168, 0.017549483105540276, -0.0566069595515728, -0.0632881298661232, -0.032153986394405365, 0.02831876277923584, 0.04261746630072594, -0.02435198798775673, 0.04180436208844185, 0.02594906836748123, 0.011039767414331436, 0.01844308339059353, -0.020869756117463112, 0.017260169610381126, -0.007670181803405285, 0.024867018684744835, 0.04054846987128258, -0.013316028751432896, -0.01694761961698532, 0.037537138909101486, -0.0051253437995910645, -0.015415661036968231, 0.023487044498324394, 0.017473986372351646, -0.006433532107621431, -0.027660829946398735, -0.011259729973971844, 0.0015386156737804413, -0.0035337915178388357, 0.029387395828962326, 0.010053013451397419, 7.707211625529453e-05, -0.018145140260457993, 0.001561615034006536, -0.012558655813336372, -0.047266602516174316, -0.05092448368668556, 0.034296564757823944, 0.04751250520348549, 0.04620480537414551, 0.017649220302700996, 0.028702933341264725, 0.013450970873236656, 0.02335411123931408, -0.021180475130677223, -0.01495120208710432, 0.02622685208916664, 0.04063897952437401, -0.016118496656417847, -0.02529364638030529, 0.03910428285598755, -0.039635587483644485, -0.026538359001278877, -0.010233812034130096, -0.013891690410673618, 0.01255603227764368, -0.05315805599093437, 0.03897752985358238, -0.012458753772079945, -0.02383485808968544, 0.038879308849573135, -0.018000463023781776, -0.032049380242824554, -0.07223538309335709, 0.0045049856416881084, 0.015562400221824646, 0.05863019824028015, -0.032671667635440826, 0.049926433712244034, 0.012288003228604794, 0.0018785912543535233, -0.06196989864110947, -0.013604325242340565, 0.0021090616937726736, -0.06663942337036133, 0.0022354298271238804, -0.009572532959282398, 0.009278318844735622, -0.01568436436355114, -0.023517228662967682, 0.00946810096502304, 0.004233839455991983, -0.009687341749668121, -0.022105669602751732, 0.05336211621761322, 0.002422989346086979, -0.01289438083767891, 0.045044463127851486, -0.06934061646461487, 0.023610642179846764, -0.003399772336706519, 0.021220248192548752, -0.03653858229517937, 0.023277781903743744, -0.018781671300530434, 0.052736181765794754, -0.02575327455997467, 0.05808655545115471, 0.02164086513221264, -0.025904076173901558, 0.05231183394789696, 0.009792807511985302, -0.032549817115068436, -0.016615288332104683, -0.0014023380354046822, 0.013387519866228104, -0.0014620334841310978, 0.05176461115479469, -0.022344956174492836, -0.012001554481685162, -0.005228427238762379, 0.00760298315435648, 0.01161685585975647, 0.013064108788967133, -0.003562431549653411, -0.0035796226002275944, 0.013397831469774246, 0.0053599439561367035, -0.017745276913046837, -0.026921123266220093, 0.023672087118029594, -0.03692566975951195, 0.028745103627443314, -0.03819876164197922, -0.02030276693403721, -0.01725132390856743, 0.018309233710169792, -0.03671741858124733, -0.09293755143880844, 0.008540240116417408, 0.004823167342692614, -0.007345696911215782, -0.015468680299818516, 0.009903065860271454, 0.029391268268227577, -0.007631178013980389, -0.013726931065320969, -0.06243211030960083, -0.02445792779326439, -0.015410486608743668, 0.021897586062550545, -0.025551242753863335, 0.017215095460414886, -0.012558253481984138, -0.053650397807359695, 0.016872387379407883, 0.0327005572617054, -0.019189871847629547, 0.003439177293330431, -0.01514560915529728, 0.02809239737689495, -0.021059812977910042, 0.0021936739794909954, 0.017739949747920036, 0.002440182026475668, 0.012125435285270214, 0.011886706575751305]",,
15_1_0_docs_01_app_03_api_reference_01_directives_use_cache_mdx_section_9_code_1,code_snippet,15_1_0_docs_01_app_03_api_reference_01_directives_use_cache_mdx_section_9,Interleaving - code_1,,"{'programming_language': 'tsx', 'filename': 'app/page.tsx', 'switcher': True}",15.1.0,,"export default async function Page() {
  const uncachedData = await getData()
  return (
    <CacheComponent>
      <DynamicComponent data={uncachedData} />
    </CacheComponent>
  )
}

async function CacheComponent({ children }) {
  'use cache'
  const cachedData = await fetch('/api/cached-data')
  return (
    <div>
      <PrerenderedComponent data={cachedData} />
      {children}
    </div>
  )
}
","[(np.int64(5), np.float64(0.07424977421760559)), (np.int64(64), np.float64(0.1193266212940216)), (np.int64(425), np.float64(0.24585981667041779)), (np.int64(933), np.float64(0.1734156459569931)), (np.int64(4027), np.float64(0.20948359370231628)), (np.int64(22469), np.float64(0.24810877442359924)), (np.int64(61636), np.float64(0.18791207671165466))]",,"[0.011447540484368801, -0.02655520848929882, -0.052299194037914276, 0.01675044372677803, -0.017235539853572845, 0.007251725532114506, 0.020108573138713837, 0.043605539947748184, -0.03856123238801956, 0.013682699762284756, -0.019767040386795998, 0.046692825853824615, -0.03201982006430626, 0.03434613719582558, -0.0009812799980863929, 0.04454401880502701, -0.014860638417303562, 0.03588477522134781, 0.007388363126665354, 0.032073505222797394, -0.001277281902730465, 0.008995539508759975, 0.031959980726242065, 0.0017733514541760087, 0.02470085769891739, 0.007878334261476994, -0.00956538412719965, -0.027642983943223953, -0.02248990535736084, 0.012971264310181141, 0.040729373693466187, 0.0086738932877779, -0.010576550848782063, -0.0411808080971241, -0.043317895382642746, -0.018018651753664017, -0.03197753429412842, -0.0038485643453896046, -0.06195605918765068, 0.040892936289310455, -0.015313428826630116, 0.026581257581710815, 0.0203552283346653, -0.014975803904235363, 0.016986848786473274, -0.046961698681116104, 0.022956576198339462, -0.024968646466732025, -0.023506974801421165, -0.021101027727127075, -0.031140552833676338, -0.01671004854142666, -0.008006729185581207, -0.046398717910051346, -0.008880400098860264, 0.018739035353064537, -0.012542752549052238, -0.008977813646197319, -0.04514896497130394, 0.03330722451210022, -0.003064848016947508, -0.014274859800934792, 0.006318396423012018, 0.02286601811647415, -0.0033101788721978664, 0.004797142930328846, 0.020468922331929207, 0.020613091066479683, -0.03267258033156395, -0.028048699721693993, -0.009904555976390839, 0.05199238285422325, -0.058425284922122955, -0.030728628858923912, -0.049709539860486984, 0.032217007130384445, 0.05708750709891319, -0.01606820523738861, -0.00033966300543397665, -0.00983953196555376, -0.008602278307080269, -0.019542330875992775, 0.013248956762254238, 0.015703685581684113, 0.0060131242498755455, 0.0018663612427189946, -0.07448771595954895, 0.03079700656235218, -0.008896943181753159, -0.0030367260333150625, -0.04546571150422096, -0.04234129935503006, 0.09263569861650467, -0.05579210817813873, 0.004147473257035017, -0.03217237442731857, 0.006499376613646746, 0.036670852452516556, 0.11390133202075958, 0.0411914624273777, 0.03671826049685478, -0.00562020018696785, -0.026886330917477608, -0.02195158414542675, 0.054234445095062256, 0.02277933806180954, 0.007361467462033033, -0.03244803845882416, -0.03660184517502785, -0.024029918015003204, 0.033907342702150345, -0.01137799583375454, -0.004938128404319286, 0.03764848783612251, 0.002545272698625922, -0.016409121453762054, 0.03234162926673889, -0.015704918652772903, -0.006808948237448931, 0.05431540310382843, -0.020385755226016045, 0.01333366334438324, -0.00480350386351347, 0.026334688067436218, 0.023594187572598457, 0.003925414755940437, -0.017523163929581642, 0.041463691741228104, 0.0385473296046257, 0.062568299472332, 0.02264745905995369, 0.04282521829009056, -0.009167540818452835, -0.020954465493559837, -0.04060063883662224, 0.010891648009419441, 0.01866978220641613, 0.01594500243663788, 0.009976394474506378, -0.04618355631828308, 0.029437176883220673, -0.025755899026989937, -0.045733120292425156, -0.0150619400665164, 0.042590249329805374, -0.022845856845378876, 0.061669860035181046, -0.010595333762466908, -0.017195608466863632, -0.009103149175643921, -0.02892543189227581, 0.01083435583859682, 0.009256438352167606, -0.0421057790517807, 0.03580693155527115, -0.02214053086936474, 0.026560809463262558, 0.04269133508205414, 0.010172462090849876, -0.0038618219550698996, -0.01139095053076744, 0.01569739356637001, -0.05045388266444206, -0.015207088552415371, 0.03452019765973091, -0.03147386386990547, 0.027036789804697037, 0.005720794666558504, -0.04199209809303284, -0.04150564596056938, 0.012461557053029537, -0.007632717955857515, 0.029262946918606758, 0.008829516358673573, 0.019410228356719017, 0.017749739810824394, 0.07029101252555847, 0.002497132169082761, -0.007424925919622183, -0.028489507734775543, 0.004934858530759811, 0.013183663599193096, 0.015454969368875027, -0.03312080726027489, -0.013195623643696308, 0.008693665266036987, 0.013050442561507225, 0.006892531644552946, -0.02131136693060398, 0.04876001924276352, -0.04618259146809578, -0.026731915771961212, 0.06895307451486588, 0.03835117071866989, -0.0035780970938503742, -0.008518612943589687, 0.0038876079488545656, 0.033981021493673325, 0.00759841175749898, 0.008228152990341187, 0.05996105447411537, 0.05275031179189682, -0.016857072710990906, 0.029806289821863174, 0.012858248315751553, -0.003608108265325427, 0.02134810760617256, -0.09248058497905731, 0.011364767327904701, 0.022656455636024475, 0.006395646836608648, -0.009033194743096828, -0.0545864962041378, -0.03127908706665039, -0.05244261771440506, -0.003923153970390558, -0.020406091585755348, 0.006934417877346277, -0.011553548276424408, -0.02130158245563507, -0.019290074706077576, 0.03221797198057175, 0.01153029128909111, 0.037033598870038986, 0.016887184232473373, -0.011684058234095573, 0.023055076599121094, 0.001693741767667234, 0.025629084557294846, 0.0050931768491864204, 0.02294968254864216, 0.0031866522040218115, 0.04800567030906677, 0.016894182190299034, 0.056814052164554596, -0.06597133725881577, 0.002063318621367216, 0.005665692966431379, -0.02443988248705864, -0.030938662588596344, -0.013558010570704937, 0.005858968012034893, 0.00015862160944379866, -0.0018586190417408943, 0.012732777744531631, -0.027247704565525055, 0.008472026325762272, -0.026302343234419823, -0.02256774716079235, -0.04546445608139038, -0.011466708965599537, 0.035913147032260895, -0.04292691871523857, 0.020351044833660126, 0.011882113292813301, -0.030738940462470055, 0.0068624066188931465, 0.0019127390114590526, 0.007113527972251177, 0.0311848446726799, 0.009831099770963192, 0.02608291245996952, -0.02103119157254696, 0.021144751459360123, -0.02690175175666809, -0.02688734605908394, -0.06042670086026192, -0.03444761782884598, -0.0006236425251699984, 0.0187239907681942, -0.01585584506392479, 0.031121496111154556, -0.011934209614992142, -0.02974862791597843, 0.01236661896109581, 0.018451372161507607, -0.015903811901807785, -0.0005770520074293017, 0.10224617272615433, -0.028030894696712494, -0.026451030746102333, -0.02742755599319935, 0.05700334534049034, 0.01263204775750637, 0.03633212670683861, -0.042553871870040894, -0.028480056673288345, 0.0078112115152180195, 0.00480645103380084, 0.016183048486709595, -0.032982535660266876, 0.034351419657468796, 0.046957436949014664, 1.0942425433313474e-05, 0.022345783188939095, 0.022593356668949127, 0.019806290045380592, -0.15746884047985077, -0.022056929767131805, 0.00805627927184105, -0.006130182649940252, -0.00032189846388064325, -0.0020916503854095936, 0.013379070907831192, -0.032032981514930725, -0.01882411353290081, 0.05398048460483551, -0.016351368278265, -0.061932966113090515, -0.0617438480257988, -0.061883244663476944, 0.011311437003314495, -0.03000234253704548, 0.011046100407838821, -0.001227384665980935, 0.0013311904622241855, -0.024314604699611664, 0.014673184603452682, -0.02763264812529087, 0.0117470258846879, 0.009024910628795624, -0.04261496663093567, -0.014817309565842152, 0.010770081542432308, -0.008803954347968102, -0.02444925159215927, -0.03332245722413063, 0.009799889288842678, -0.01644085720181465, -6.736824434483424e-05, -0.015956267714500427, 0.005092965438961983, 0.014712176285684109, 0.008729049004614353, 0.015325424261391163, 0.029051287099719048, 0.013322803191840649, 0.01496755052357912, 0.028010757640004158, -0.03465728461742401, 0.0355910025537014, 0.014893914572894573, -0.011787155643105507, -0.007795550394803286, 0.006893227808177471, -0.033772557973861694, -0.003932385239750147, 0.0645570158958435, -0.053268998861312866, 0.008617212064564228, -0.012666182592511177, -0.030377216637134552, 0.03489340841770172, 0.005431070923805237, 0.0289217010140419, 0.005765471141785383, 0.037080828100442886, 0.015889648348093033, -0.018619727343320847, -0.005696252919733524, -0.029185330495238304, -0.013101967982947826, -0.003213988384231925, 0.06813301146030426, 0.018836133182048798, 0.027234582230448723, -0.06460607796907425, 0.04208235815167427, -0.01732257753610611, 0.003948010504245758, -0.005320502445101738, 0.005390882957726717, 0.041535165160894394, -0.0345429889857769, 0.02208131179213524, -0.0019648056477308273, -0.11210500448942184, -0.013567589223384857, -0.008936313912272453, 0.001979840686544776, 0.01015233714133501, -0.02687041647732258, -0.0638527050614357, 0.0073265256360173225, -0.004543466959148645, -0.025897977873682976, 0.2279282659292221, 0.02025219425559044, -0.014981457032263279, 0.05299628525972366, 0.09092894941568375, -0.020827973261475563, -0.021640121936798096, 0.0024562960024923086, -0.0003539624740369618, -0.01982705481350422, -0.02559904381632805, -0.022459108382463455, -0.009666785597801208, -0.019573809579014778, -0.014461465179920197, 0.02199975587427616, -0.015801887959241867, 0.0038476150948554277, 0.06604719161987305, -0.04876573383808136, 0.013273684307932854, -0.02191367745399475, 0.017771176993846893, 0.03780091926455498, -0.05354689806699753, -0.0042241234332323074, -0.013049185276031494, 0.021932337433099747, -0.013357714749872684, 0.00621943362057209, -0.036082033067941666, 0.023972483351826668, 0.023461749777197838, -0.05553106963634491, -0.03892045468091965, -0.021567221730947495, 0.02476547472178936, -0.009920601733028889, -0.020183922722935677, -0.010645025409758091, 0.031883180141448975, -0.0069075110368430614, -0.010375377722084522, 0.01970723085105419, -0.03609781339764595, -0.04244854301214218, -0.012342235073447227, -0.04058132320642471, 0.028072180226445198, -0.056610722094774246, 0.012559334747493267, -0.04696411266922951, -0.01203861553221941, -0.007690726313740015, 0.01989942602813244, -0.023363081738352776, 0.014535927213728428, 0.03677017614245415, 0.0030642396304756403, 0.02422114834189415, 0.020440159365534782, 0.006951888091862202, -0.004024119582027197, 0.024211497977375984, -0.043772291392087936, 0.02509855106472969, -0.017666766420006752, -0.023441826924681664, 0.007406981661915779, 0.014457276090979576, -0.019131824374198914, 0.03098895587027073, 0.00041218960541300476, -0.014765264466404915, -0.008622291497886181, -0.033382754772901535, 0.020241376012563705, 0.004419413860887289, -0.03980495408177376, 0.05552690848708153, -0.01824752800166607, -0.032855693250894547, -0.059905510395765305, 0.04573148488998413, -0.016169708222150803, 0.00805599894374609, -0.0028456745203584433, 0.08061683177947998, -0.02011227235198021, -0.001164417015388608, -0.025300219655036926, -0.015239177271723747, -0.007157457061111927, 0.04722808673977852, -0.0025906283408403397, 0.030082907527685165, -0.026827508583664894, -0.008577613160014153, -0.00016065000090748072, 0.03438390791416168, -0.039642877876758575, -0.0495244562625885, 0.011934677138924599, -0.08219125866889954, 0.010482843965291977, 0.02206655591726303, 0.019492661580443382, -0.002971990965306759, -0.011603728868067265, 0.04246431961655617, -0.046877291053533554, 0.035346925258636475, 0.0010800955351442099, -0.02825147844851017, -0.03843766078352928, 0.024517986923456192, 0.02248530648648739, 0.023992612957954407, 0.049102265387773514, 0.02291964367032051, -0.0559222586452961, 0.0033325671683996916, 0.017899498343467712, 0.011370433494448662, 0.01403210498392582, -0.021231554448604584, -0.03880366310477257, -0.035833001136779785, -0.008901866152882576, 0.0550219789147377, 0.019390640780329704, -0.0265364907681942, -0.007495517376810312, 0.026215270161628723, 0.005664784926921129, -0.04577510803937912, 0.020507823675870895, 0.039589155465364456, 0.043763600289821625, 0.03223014250397682, -0.019133280962705612, -0.015464571304619312, -0.019537724554538727, 0.059140704572200775, 0.040705252438783646, 0.06673266738653183, 0.06074792891740799, 0.057474154978990555, -0.012852438725531101, -0.0026672943495213985, 0.03702496737241745, 0.022704513743519783, -0.0027031039353460073, -0.03308694064617157, -0.007968095131218433, -0.03829355165362358, -0.005171228665858507, -0.015888888388872147, -0.005347368307411671, 0.014743807725608349, -0.007323237601667643, -0.010087764821946621, 0.024640893563628197, 0.031510550528764725, 0.0017866705311462283, 0.043913982808589935, -0.044622212648391724, 0.03181048482656479, -0.012359431013464928, -0.0032623468432575464, 0.024863293394446373, -0.015529636293649673, -0.05538364127278328, 0.027002880349755287, -0.025470564141869545, 0.0100486995652318, -0.06507615745067596, -0.002746639773249626, -0.023908741772174835, -0.013054597191512585, -0.019954204559326172, -0.006437411531805992, -0.011006869375705719, -0.027431538328528404, -0.004985209088772535, -0.0019751684740185738, 0.006754590664058924, -0.01699855364859104, 0.049318283796310425, -0.042636383324861526, -0.0380704402923584, 0.1342141181230545, 0.010561687871813774, -0.0072132074274122715, 0.018424298614263535, -0.026372155174613, 0.02336619794368744, 0.023632345721125603, -0.00517001748085022, 0.006423182785511017, 0.0053520770743489265, 0.008172634989023209, -0.006304815411567688, 0.041580796241760254, -0.06337300688028336, 0.004262469243258238, -0.024120761081576347, -0.004770985804498196, -0.038562290370464325, 0.03526364639401436, -0.021646592766046524, 0.02321615442633629, -0.011616331525146961, -0.01626439392566681, 0.022238552570343018, -0.007644069846719503, 0.05534256249666214, 0.0350416898727417, -0.004114164039492607, -0.034467343240976334, -0.01368516031652689, 0.01767774485051632, 0.005328227765858173, 0.0002629341324791312, 0.020270943641662598, 0.014126673340797424, 0.00927001517266035, -0.03908562660217285, -0.04156477376818657, 0.01837596483528614, -0.009167293086647987, 0.010775847360491753, 0.03720017522573471, -0.025544030591845512, -0.015029839240014553, -0.03935430943965912, 0.018680080771446228, 0.04133379086852074, -0.006427700165659189, -0.018518131226301193, -0.008137708529829979, -0.0007976552587933838, 0.028579553589224815, 0.03974999114871025, -0.0021175628062337637, 0.0015887401532381773, -0.026659898459911346, 0.03449496999382973, -0.010127469897270203, 0.014512245543301105, -0.0053955549374222755, 0.0029684118926525116, -0.020496102049946785, -0.016758959740400314, 0.027391651645302773, 0.02907515875995159, 0.013581604696810246, 0.020927267149090767, -0.012503167614340782, -0.002115334616973996, 0.014470907859504223, -0.0029067315626889467, 0.007882200181484222, 0.020116155967116356, 0.00846379715949297, -0.05229202285408974, 0.06234009563922882, -0.09119097143411636, -0.02242366410791874, -0.014773709699511528, -0.0011610612273216248, 0.0013050016714259982, -0.012196177616715431, -0.010823450982570648, 0.054914653301239014, -0.006431104149669409, 0.00704271299764514, -0.030719710513949394, 0.03314489126205444, 0.01058389525860548, -0.00015175328007899225, -0.022963693365454674, 0.0424036830663681, 0.015046457760035992, 0.037008192390203476, 0.030651109293103218, 0.023951172828674316, 0.02221226692199707, 0.02956453152000904, -0.03943326324224472, -0.022133944556117058, 0.0006780263502150774, -0.058857645839452744, 0.023487413302063942, -0.0025923538487404585, -0.005512020085006952, -0.03791135549545288, 0.038036707788705826, 0.0031871849205344915, 0.00036757803172804415, -0.019360419362783432, -0.04574233666062355, -0.02210192196071148, 0.011137879453599453, -0.001850651460699737, 0.05280306935310364, 0.016488779336214066, -0.006804805714637041, -0.013596748001873493, -0.03403124958276749, 0.006534710060805082, -0.012896329164505005, -0.0004349114024080336, 0.012533183209598064, 0.0380442813038826, -0.01653841882944107, 0.011106268502771854, -0.007378560025244951, 9.377384412800893e-05, -0.003190010553225875, -0.002960034878924489, -0.021747848019003868, 0.002661540172994137, 0.0022744210436940193, 0.0003597511094994843, -0.005794728174805641, 0.016486935317516327, -0.02874017506837845, -0.037451229989528656, -0.022696522995829582, 0.005274361465126276, -0.009844700805842876, 0.006979431491345167, -0.023964598774909973, 0.020231544971466064, 0.03707733750343323, 0.04080408811569214, -0.023064156994223595, 0.03499755263328552, 0.006938806734979153, -0.00687034847214818, -0.008496067486703396, 0.05862126499414444, -0.03487558662891388, -0.009554935619235039, -0.006286622025072575, 0.03576430678367615, 0.0019146527629345655, -0.021927153691649437, -0.005661526694893837, -0.025255316868424416, 0.025618067011237144, -0.01226076204329729, -0.02399900183081627, -0.008016427047550678, -0.05354812741279602, -0.00024086530902422965, 0.04622448608279228, 0.06442753225564957, -0.0118941068649292, 0.005432571284472942, 0.05572257936000824, -0.035223785787820816, -0.060624245554208755, 0.0028915551956743, 0.014748334884643555, 0.01211107149720192, 0.030982105061411858, -0.004610392265021801, 0.01209180522710085, -0.0036832585465162992, 0.006946205627173185, -0.011712618172168732, -0.032617516815662384, -0.004995576571673155, 0.051924847066402435, -0.041766393929719925, 0.0026529536116868258, -0.01420255471020937, -0.04342949017882347, -0.0022637781221419573, -0.04959029704332352, -0.054584335535764694, 0.006124999839812517, -0.009686327539384365, -0.021639689803123474, -0.009942077100276947, -0.03289955109357834, 0.003113720566034317, 0.018926430493593216, -0.03128620237112045, -0.03195017948746681, -0.06133631244301796, -0.03700552135705948, -0.13786455988883972, 0.03157392144203186, -0.018406275659799576, 0.01577635295689106, -0.031093943864107132, -0.015249984338879585, -0.050839442759752274, -0.06251738220453262, 0.03618410974740982, -0.023640446364879608, 0.0035032369196414948, -0.05376037582755089, 0.030883878469467163, -0.025830330327153206, 0.0021831942722201347, 0.007903185673058033, 0.016216609627008438, -0.020317865535616875, 0.022417981177568436, -0.02140665426850319, -0.014061287976801395, -0.0032285084016621113, 0.018826428800821304, -0.018831713125109673, -0.029807085171341896, 0.0268330667167902, 0.02873215824365616, 0.026972753927111626, -0.0005947846220806241, -0.018611885607242584, 0.046896494925022125, -0.025800015777349472, 0.0030531901866197586, 0.023322103545069695, 0.008496634662151337, 0.017138948664069176, -6.548676901729777e-05, 0.03407308831810951, -0.004066569730639458, 0.04855957627296448, -0.018078606575727463, 0.011997191235423088, -0.009517396800220013, -0.0031648490112274885, 0.0003408842603676021, 0.0031153797172009945, -0.03160584717988968, -0.015147494152188301, -0.025673970580101013, 0.01556409802287817, 0.041533686220645905, 0.005712173879146576, 0.019525839015841484, 0.03848182410001755, -0.014542341232299805, -0.0038640324492007494, 0.00968970451503992, -0.0026721516624093056, -0.036111749708652496, 0.003450745716691017, -0.0445859357714653, 0.026313893496990204, 0.0008395648328587413, -0.06404297798871994, 0.016328949481248856, 0.02884357050061226, -0.07180315256118774, 0.041971564292907715, 0.02876073494553566, 0.019006291404366493, -0.02292908914387226, 0.020947303622961044, -0.01831214874982834, -0.016460679471492767, 0.013846684247255325, 0.013319824822247028, 0.05131770297884941, -0.022530047222971916, -0.03047044202685356, 0.015696289017796516, -0.04874270036816597, 0.003456114325672388, -0.03346480056643486, -0.011057659052312374, 0.053953927010297775, 0.007627841550856829, -0.014494448900222778, 0.004629687871783972, -0.04430284723639488, -0.021212268620729446, -0.01932312548160553, -0.012303483672440052, 0.02833249792456627, -0.016013076528906822, 0.0026705064810812473, 0.00562977883964777, 0.005591672845184803, -0.0183359794318676, -0.016439490020275116, -0.02598685771226883, -0.0026704089250415564, -0.046380333602428436, 0.02749151922762394, 0.03727509826421738, -0.024540023878216743, -0.006341048516333103, 0.013687564991414547, 0.007889306172728539, -0.01962546445429325, -0.010446018539369106, 0.004502692725509405, 0.028140028938651085, -0.050359178334474564, -0.0038213892839848995, -0.06852095574140549, -0.013799204491078854, 0.058553971350193024, 0.024515187367796898, -0.007822622545063496, -0.022109877318143845, 0.01801271177828312, -0.032007988542318344, 0.008768278174102306, -0.03394949063658714, 0.0283687524497509, 0.04535423219203949, 0.07829362899065018, 0.038508109748363495, 0.007944169454276562, -0.02328060194849968, -0.00415209773927927, -0.05858740210533142, 0.012551131658256054, 0.03848520293831825, 0.035178232938051224, -0.02665426954627037, -0.023877520114183426, 0.06389780342578888, -0.04993753135204315, -0.024530690163373947, -0.014744601212441921, -0.03064582683146, 0.010379760526120663, -0.02128615602850914, 0.004712682217359543, -0.017728840932250023, 0.08010201901197433, -0.01662888564169407, 0.022898972034454346, 0.03046923689544201, -0.010854142718017101, 0.016441160812973976, -0.045435648411512375, 0.026028016582131386, -0.04974891617894173, -0.011945301666855812, -0.05076108127832413, 0.024442147463560104, -0.05690716207027435, 0.010212773457169533, -0.017567181959748268, -0.04016158729791641, 0.025759689509868622, -0.012907536700367928, 0.007840985432267189, -0.037164974957704544, -0.027649784460663795, -0.004487780854105949, 0.0011236341670155525, 0.024709349498152733, -0.0011287890374660492, 0.058303121477365494, -0.024653475731611252, -0.005243695806711912, 0.031823210418224335, -0.042610060423612595, 0.008217942900955677, -0.019582340493798256, 0.031126877292990685, 0.0055643655359745026, 0.02695872262120247, 0.02126408740878105, 0.026449359953403473, 0.026225348934531212, 0.048309314996004105, 0.048460401594638824, -0.019765840843319893, 0.06097307801246643, 0.009225485846400261, -0.04245162010192871, -0.034425683319568634, -0.030602440237998962, 0.02866191603243351, -0.032039664685726166, 0.03007454238831997, -0.04734264686703682, -0.027480080723762512, -0.017094416543841362, -0.005773861892521381, 0.03106902725994587, -0.03494767099618912, 0.013201270252466202, -0.02631516568362713, -0.006815391592681408, 0.01230635680258274, -0.015081634745001793, -0.0324353352189064, 0.01603376865386963, 0.007151830475777388, 0.0038093437906354666, 0.012880954891443253, -0.010237019509077072, -0.020885111764073372, 0.028487157076597214, -0.04458003118634224, -0.04850867763161659, 0.00619058683514595, 0.0108804265037179, -0.001156595186330378, 0.042996276170015335, 0.021516967564821243, -0.04419049620628357, 0.013630521483719349, -0.029735278338193893, -0.04642307385802269, -0.02467527985572815, -0.0007887999527156353, -0.008818256668746471, 0.023530252277851105, -0.0049522994086146355, -0.05132971704006195, -0.034440845251083374, 0.041147612035274506, 0.004716391675174236, -0.0006610897253267467, -0.011935146525502205, -0.024371443316340446, 0.0004292521916795522, 0.0032013622112572193, 0.0338561087846756, -0.01409082394093275, 0.05970973148941994, -0.021639380604028702, 0.010554137639701366]",
15_1_0_docs_01_app_03_api_reference_01_directives_use_cache_mdx_section_9_code_2,code_snippet,15_1_0_docs_01_app_03_api_reference_01_directives_use_cache_mdx_section_9,Interleaving - code_2,,"{'programming_language': 'tsx', 'filename': 'app/page.tsx', 'switcher': True}",15.1.0,,"import ClientComponent from './ClientComponent';

export default async function Page() {
  const performUpdate = async () => {
    ""use server""
    // Perform some server-side update
    await db.update(...);
  };

  return <CacheComponent performUpdate={performUpdate} />;
}

async function CachedComponent({ performUpdate }) {
  ""use cache""
  // Do not call performUpdate here
  return <ClientComponent action={performUpdate} />;
}
","[(np.int64(5), np.float64(0.07424977421760559)), (np.int64(64), np.float64(0.1193266212940216)), (np.int64(425), np.float64(0.24585981667041779)), (np.int64(933), np.float64(0.1734156459569931)), (np.int64(4027), np.float64(0.20948359370231628)), (np.int64(22469), np.float64(0.24810877442359924)), (np.int64(61636), np.float64(0.18791207671165466))]",,"[-0.011383992619812489, -0.0015264921821653843, -0.02082638256251812, 0.015185044147074223, 0.005965896416455507, -0.03676705062389374, 0.02122318558394909, 0.03114442154765129, -0.022296426817774773, 0.016306323930621147, -0.0055099125020205975, 0.022076934576034546, -0.049966443330049515, 0.03396477922797203, -0.01619710773229599, 0.06687689572572708, -0.004469019826501608, 0.02833896316587925, 0.022421296685934067, 0.000962370540946722, 0.0018713052850216627, 0.01113954372704029, 0.025527067482471466, 0.02077285200357437, 0.02099880576133728, 0.00178186793345958, 0.004826218821108341, -0.02133031003177166, -0.0025604066904634237, 0.03001713566482067, 0.015867263078689575, 0.01539013534784317, -0.021626900881528854, -0.0371536985039711, -0.02866436541080475, -0.03732409328222275, 0.019424213096499443, -0.021943185478448868, -0.05420439690351486, 0.053390707820653915, -0.022434072569012642, 0.0011490744072943926, -0.015934603288769722, -0.030513973906636238, 0.012012315914034843, -0.06607457250356674, 0.032947689294815063, -0.014436808414757252, 0.010674008168280125, -0.009340701624751091, -0.02241571620106697, -0.018035579472780228, -0.0105243269354105, -0.04476428031921387, 0.01904236525297165, 0.03610984981060028, -0.006116752978414297, 0.0008501980337314308, -0.04927285388112068, 0.03161236643791199, -0.011113768443465233, -0.004672992508858442, -0.0025571289006620646, 0.005587815772742033, -0.0026782171335071325, 0.038015447556972504, 0.03539029881358147, 0.018128804862499237, -0.02365339919924736, -0.045686956495046616, -0.004227954428642988, 0.057743754237890244, -0.04853668063879013, -0.00769222155213356, -0.05852770805358887, 0.02642175927758217, 0.08096728473901749, -0.023772822692990303, 0.004304386209696531, -0.020602887496352196, -0.025166276842355728, -0.031369976699352264, 0.02488325908780098, 0.014989028684794903, 0.023987123742699623, 0.00960915070027113, -0.03133061155676842, 0.037916675209999084, -0.017973262816667557, -0.010933549143373966, -0.02262023463845253, -0.04024776071310043, 0.06053078547120094, -0.022277573123574257, -0.019074931740760803, -0.0394471138715744, 0.007718898821622133, 0.014630619436502457, 0.07164691388607025, 0.008004685863852501, 0.037361711263656616, -0.033100031316280365, 0.011604314669966698, -0.015566072426736355, 0.05614935979247093, 0.032310716807842255, -0.013869140297174454, -0.030407626181840897, 0.004937457852065563, -0.01227774191647768, 0.017809199169278145, 0.001565170125104487, 0.011546731926500797, 0.01738622970879078, -0.0033451791387051344, -0.02140214666724205, 0.01781170442700386, -0.01858232170343399, -0.004192237742245197, 0.014564502984285355, -0.02572416514158249, -0.00118197500705719, -0.008061711676418781, 0.01641586422920227, 0.009375009685754776, 0.019416509196162224, -0.008515380322933197, 0.025622978806495667, 0.015347826294600964, 0.052342332899570465, 0.023967916145920753, 0.019938338547945023, 0.017876332625746727, -0.01674667000770569, -0.049826957285404205, -0.0001936054468387738, -0.01477004773914814, 0.014123955741524696, 0.021962106227874756, -0.03782811015844345, 0.02107997052371502, -0.026130402460694313, -0.049900174140930176, -0.00889831967651844, 0.025448139756917953, -0.0271473191678524, 0.057215310633182526, 0.005557244177907705, -0.03501075506210327, -0.0018292908789590001, -0.012307140044867992, 0.0002424752019578591, 0.02525671012699604, -0.0428878553211689, 0.004766249563544989, -0.029846979305148125, 0.002140300115570426, 0.034198690205812454, -0.0072969128377735615, -0.0018622609786689281, -0.01237319502979517, 0.03222397714853287, -0.045228857547044754, 0.03411126509308815, 0.031961746513843536, -0.0364944189786911, 0.015101992525160313, -0.016330989077687263, -0.034904055297374725, -0.03728613629937172, 0.0013724240707233548, -0.003721525426954031, 0.0007765101036056876, 0.01932920701801777, 0.02055048570036888, 0.017345178872346878, 0.06658343970775604, 0.02455718442797661, -0.019232675433158875, -0.014862675219774246, -0.028002949431538582, 0.006476959213614464, 0.0002846326387953013, -0.025413380935788155, -0.01680734008550644, 0.02564242109656334, -0.010614126920700073, -0.005009138956665993, -0.01127386000007391, 0.02296467125415802, -0.013285619206726551, -0.022081416100263596, 0.07172011584043503, 0.024267613887786865, -0.029103241860866547, -0.03653983399271965, 0.00428312411531806, 0.0374239943921566, 0.016211919486522675, 0.04262440651655197, 0.05501456931233406, 0.053456611931324005, 0.022319544106721878, 0.05049097165465355, 0.006160632707178593, 0.0057594673708081245, 0.019776523113250732, -0.06430366635322571, 0.012004743330180645, -0.010090433992445469, -0.04420704022049904, -0.006195936817675829, -0.05096565559506416, -0.012702202424407005, -0.0735916793346405, 0.00814506970345974, -0.014635419473052025, 0.048970840871334076, -0.007016980554908514, -0.04161784425377846, -0.025051744654774666, 0.036216747015714645, 0.0035057365894317627, 0.027519041672348976, 0.005592940840870142, -0.01130599807947874, 0.04498562961816788, 0.012354183942079544, -0.012308724224567413, 0.013093940913677216, 0.0009057545685209334, 0.027280399575829506, 0.008158588781952858, -0.010611483827233315, 0.056627076119184494, -0.07186279445886612, 0.011574450880289078, -0.011969529092311859, -0.017167923972010612, 0.006265508010983467, -0.02953588031232357, -0.004272510763257742, 0.021298235282301903, -0.014530510641634464, -0.024400092661380768, -0.01712440513074398, 0.010139469057321548, 0.0029549915343523026, -0.016161587089300156, -0.036052156239748, -0.06389336287975311, 0.02587718516588211, -0.013346685096621513, 0.006259267218410969, -0.008737378753721714, -0.029506569728255272, 0.0023369162809103727, 0.011071672663092613, 0.0052902065217494965, 0.0086776502430439, 0.0035874664317816496, 0.038970641791820526, -0.010467523708939552, 0.011259704828262329, -0.0051023392006754875, -0.008504034951329231, -0.0385902114212513, 0.0034155866596847773, 0.01748000830411911, 0.031201209872961044, 0.0011351134162396193, 0.001669632038101554, 0.021748218685388565, -0.009337067604064941, -0.0010372062679380178, 0.03514260798692703, -0.00692669628188014, -0.015064369887113571, 0.06607644259929657, 0.037036117166280746, -0.014318178407847881, -0.0012007646728307009, 0.03699851408600807, 0.011242710053920746, 0.022198889404535294, -0.03165363520383835, -0.021353518590331078, 0.02301187999546528, 0.008759560994803905, -0.014792666770517826, -0.05906039848923683, 0.020267728716135025, 0.06380107253789902, 0.004618370905518532, 0.048219285905361176, 0.03168528899550438, 0.022143419831991196, -0.15946784615516663, -0.024850094690918922, -0.006089566275477409, 0.003581058233976364, -0.01211398746818304, 0.00691601075232029, -0.0082251550629735, 0.006359877064824104, -0.017947817221283913, 0.03648489713668823, -0.047673195600509644, -0.07098116725683212, -0.06940892338752747, -0.03455240651965141, 0.018093157559633255, -0.03137728199362755, -0.03652551770210266, 0.0023806120734661818, 0.0037093868013471365, -0.021879907697439194, -0.03115161694586277, -0.016718093305826187, 0.0043219393119215965, 0.0023218123242259026, -0.03069232776761055, -0.0019864486530423164, 0.020298313349485397, 0.013174806721508503, -0.026177994906902313, -0.0528845489025116, -0.00791342556476593, 0.02809727191925049, 0.0020862070377916098, 0.0017591780051589012, 0.018378397449851036, 0.0009416150860488415, 0.02091551199555397, 0.005332876928150654, 0.01392250694334507, -0.010960166342556477, 0.020007720217108727, 0.05247426778078079, -0.004950373433530331, 0.005511370487511158, 0.023824583739042282, -0.013309331610798836, -0.01986214891076088, -0.005906003527343273, -0.04547292739152908, 0.007126504555344582, 0.026297079399228096, -0.048574648797512054, -0.0006258201319724321, 0.009562917985022068, -0.0514768585562706, 0.01800195872783661, 0.009458600543439388, 0.050651781260967255, 0.0033863079734146595, -0.001614575507119298, -0.00666017597541213, 0.0004263236769475043, -0.00448140874505043, -0.010682252235710621, -0.025632867589592934, 0.012346589006483555, 0.040085069835186005, 0.003805347252637148, 0.028179656714200974, -0.05743794143199921, 0.05588247999548912, 0.010362123139202595, 0.002701753983274102, -0.004361014813184738, 0.0006931035895831883, 0.03743487223982811, -0.052367351949214935, 0.013491437770426273, 0.010477437637746334, -0.1010672003030777, -0.021456195041537285, -0.0012231339933350682, -0.028495188802480698, 0.04338127747178078, -0.028634358197450638, -0.04874987527728081, 0.018521958962082863, 0.015193886123597622, 0.03278801590204239, 0.23916853964328766, 0.016433142125606537, -0.05430637672543526, 0.06996943801641464, 0.051120270043611526, -0.03769562020897865, -0.036899134516716, -0.004784582182765007, 0.014165520668029785, -0.018697097897529602, -0.01798323728144169, -0.028760362416505814, -0.009987318888306618, -0.03383052721619606, -0.010508260689675808, 0.023994214832782745, -0.05406857281923294, -0.0030385286081582308, 0.06295229494571686, -0.050384726375341415, 0.013936091214418411, -0.03810235112905502, 0.02438993565738201, 0.022810546681284904, -0.06494618207216263, -0.025762539356946945, -0.026298025622963905, 0.01690703071653843, -0.016251668334007263, 0.010865218937397003, -0.023315131664276123, 0.03776561841368675, 0.03028681129217148, -0.036886706948280334, -0.0626756101846695, -0.017215296626091003, 0.009249560534954071, 0.033993545919656754, -0.024442076683044434, 0.020640000700950623, 0.03950576111674309, -0.022501002997159958, 0.026432253420352936, 0.011509731411933899, -0.011626598425209522, -0.047518983483314514, -0.002632277552038431, 0.0037857703864574432, 4.605575304594822e-05, -0.005673018749803305, 0.011135374195873737, -0.047632548958063126, 9.183560177916661e-05, -0.007476927246898413, 0.02557004988193512, -0.021107664331793785, 0.006753227673470974, -0.004796041175723076, 0.012477720156311989, 0.005589017178863287, 0.025307003408670425, -0.009873928502202034, 0.003504224354401231, 0.013536076061427593, -0.006549963261932135, 0.021444229409098625, -0.006816991604864597, -0.0015114726265892386, -0.02435668557882309, 0.02237688936293125, -0.016934851184487343, -0.0060750567354261875, 0.015509898774325848, -0.03068399243056774, -0.022760994732379913, -0.023977026343345642, 0.05214545875787735, 0.039239633828401566, -0.07650595903396606, 0.05005062371492386, -0.013395196758210659, -0.004998256452381611, -0.05107948184013367, 0.05135459825396538, -0.019223708659410477, 0.015245603397488594, -0.040133651345968246, 0.075886569917202, -0.008094695396721363, -0.009054841473698616, -0.04293936863541603, -0.02139529585838318, -0.016162516549229622, 0.03443702310323715, 0.02063201367855072, 0.04158211871981621, 0.0015998372109606862, -0.00814279168844223, -0.0033806469291448593, 0.006448548287153244, -0.03918501362204552, -0.04992954060435295, -0.008441475220024586, -0.04111337661743164, 0.019838033244013786, -0.025298386812210083, 0.027814436703920364, -0.03409315273165703, -0.021437345072627068, 0.0027008464094251394, -0.06536661088466644, 0.0630486011505127, -0.0007975824410095811, -0.025014128535985947, 0.007363500073552132, 0.011033857241272926, 0.05274125933647156, 0.07693071663379669, 0.05802088975906372, 0.009262415580451488, -0.02994663082063198, 0.021317429840564728, 0.00893471296876669, 0.008389057591557503, 0.016861988231539726, -0.048370249569416046, -0.03957578167319298, -0.040484391152858734, -0.027466220781207085, 0.04763106629252434, 0.03775324672460556, -0.012882482260465622, 0.019550129771232605, 0.026192331686615944, 0.02529757283627987, -0.0399274118244648, -0.017115384340286255, 0.054197877645492554, 0.07339923083782196, 0.010865551419556141, -0.06310044974088669, -0.03749355673789978, -0.040313608944416046, 0.05802186205983162, 0.01684889756143093, 0.044144608080387115, 0.04073050245642662, 0.07335497438907623, -0.01658506877720356, -0.013074079528450966, 0.038176823407411575, 0.0631137564778328, 0.0158794354647398, -0.0188192930072546, -0.017680799588561058, -0.05674469470977783, 0.0035128674935549498, -0.018274473026394844, -0.006626563146710396, 0.006224227137863636, -0.015414089895784855, -0.005735273472964764, 0.028805114328861237, 0.051478900015354156, 0.017140913754701614, 0.014105061069130898, -0.06440389901399612, 0.027232317253947258, -0.011989567428827286, -0.020857369527220726, 0.03795180842280388, -0.014805336482822895, -0.06988673657178879, 0.045060694217681885, -0.04028620943427086, -0.007756642997264862, -0.05818874388933182, 0.014816205017268658, -0.004087344743311405, -0.052569374442100525, -7.348525741690537e-06, 0.012297085486352444, -0.03120133839547634, -0.06521814316511154, 0.02022184431552887, 0.013660313561558723, -0.022358842194080353, -0.02021835371851921, 0.026399144902825356, -0.017010215669870377, -0.05512980744242668, 0.11552464962005615, 0.0018006348982453346, -0.008750923909246922, 0.05447205901145935, 0.013373907655477524, 0.052499137818813324, 0.0048477319069206715, 0.032844606786966324, -0.0004548556753434241, -0.00025311147328466177, 0.012323460541665554, -0.007286018691956997, 0.01346422079950571, -0.020357614383101463, -0.03717369958758354, -0.0031528372783213854, 6.942389154573902e-05, -0.01960495300590992, 0.050955913960933685, -0.0152711421251297, 0.03452301770448685, -0.021405711770057678, -0.015088817104697227, 0.04197712242603302, 0.0014119866536930203, 0.06302019953727722, 0.07756265997886658, 0.00873336661607027, -0.002973841270431876, 0.008178411051630974, 0.015421691350638866, 0.01026095636188984, -0.01471776608377695, 0.017550505697727203, -0.008055074140429497, 0.013713443651795387, -0.05328119546175003, -0.01439959742128849, 0.005563694983720779, -0.013901294209063053, 0.0344838984310627, 0.02154957503080368, -0.023893771693110466, -0.006487108767032623, -0.05318161100149155, -0.006074520759284496, 0.03039676882326603, -0.001820797217078507, -0.024192430078983307, -0.0052791438065469265, 0.0011272504925727844, 0.04994802176952362, 0.05124402791261673, 0.019513113424181938, 0.019379397854208946, -0.04407382011413574, 0.01620912179350853, -0.005363841541111469, 0.013748149387538433, -0.007035426329821348, 0.00674191489815712, 0.051358770579099655, -0.027416542172431946, -0.002015315694734454, 0.0533265583217144, -0.005848688073456287, -0.0035257029812783003, -0.014126215130090714, -0.028128691017627716, -0.010270938277244568, 0.012323667295277119, -0.02014756016433239, -0.014504143968224525, -0.00023852505546528846, -0.05228765681385994, 0.06354723870754242, -0.08105497807264328, -0.0344633124768734, -0.027918118983507156, 0.020334288477897644, 0.004226165357977152, -0.01898142136633396, -0.031878020614385605, 0.04609109088778496, 0.018509209156036377, 0.016174839809536934, -0.025438625365495682, 0.011412226594984531, 0.011285850778222084, -0.05480602756142616, -0.04507837072014809, 0.027197998017072678, -0.025508297607302666, 0.009207711555063725, 0.06079169362783432, 0.0414917916059494, -0.00037493385025300086, 0.02523399516940117, -0.053393807262182236, -0.014720113947987556, -0.001578260213136673, -0.047119155526161194, 0.013265464454889297, 0.0035156914964318275, -0.04225575923919678, -0.01056583970785141, 0.030774110928177834, 0.0062368493527174, 0.03267486020922661, -0.007354013156145811, -0.008761937730014324, -0.035007085651159286, -0.011885140091180801, 0.011722696013748646, 0.025062792003154755, -0.023787762969732285, 0.02729792520403862, 0.005086830351501703, 0.026911692693829536, -0.002523341914638877, -0.03965816646814346, 0.03002350963652134, 0.02418902888894081, 0.024744680151343346, -0.009137425571680069, 0.014642927795648575, 0.0026700878515839577, -0.01910034380853176, -0.0005694815190508962, -0.02254919521510601, -0.011427357792854309, 0.006744652986526489, -0.020503148436546326, -0.02854536473751068, -0.01506649237126112, 0.02289446070790291, -0.02719695493578911, -0.03244559466838837, -0.014288080856204033, -0.0026156108360737562, -0.00816288311034441, -0.0028136468026787043, -0.02868841215968132, -0.02505173720419407, 0.03134382143616676, 0.030425818637013435, -0.05169586092233658, 0.04567645117640495, 0.009160831570625305, -0.02834533527493477, -0.002751643070951104, 0.03387441486120224, -0.033706407994031906, -0.011062882840633392, -0.0015017057303339243, 0.001340982154943049, 0.005512180272489786, -0.013115467503666878, -0.0096598444506526, -0.0185769684612751, -0.00956601183861494, -0.02775425836443901, -0.0485132597386837, -0.0047075687907636166, -0.047384098172187805, 0.00633869506418705, 0.06671039760112762, 0.01917234994471073, -0.017919324338436127, -0.030248846858739853, 0.03910895809531212, -0.0374906063079834, -0.05190825089812279, 0.002366725355386734, 0.02188788168132305, 0.03218208625912666, -0.0191437266767025, 0.006244139280170202, -0.014570306055247784, -0.0034497356973588467, 0.028242649510502815, -0.018252316862344742, 0.028177104890346527, -0.012114251963794231, 0.018027789890766144, -0.05073930323123932, -0.002948276000097394, -0.02852689102292061, -0.006524114869534969, -0.033089347183704376, -0.05725451186299324, -0.08600404113531113, -0.012511233799159527, -0.019880997017025948, -0.0009027742780745029, -0.009789399802684784, -0.03542131930589676, 0.020078042522072792, 0.03444935008883476, -0.022045837715268135, -0.0340474508702755, 0.002231436548754573, -0.02329953759908676, -0.13799035549163818, 0.03791703283786774, -0.010242725722491741, -0.013517082668840885, -0.046275265514850616, -0.01827169768512249, -0.025667062029242516, -0.055695418268442154, 0.04983913525938988, 0.01159112062305212, -0.02669243887066841, -0.05529806762933731, 0.07913298159837723, -0.016654282808303833, 0.014752729795873165, 0.014008150435984135, -0.006607835181057453, 0.002909585600718856, 0.007519495207816362, -0.011723694391548634, -0.01645655184984207, -0.015077094547450542, 0.005522172432392836, -0.003946506418287754, -0.0009269273723475635, 0.01480934489518404, 0.035932376980781555, 0.025799576193094254, -0.018121039494872093, -0.019973695278167725, 0.0022791896481066942, -0.004494012333452702, 0.014450966380536556, 0.009788170456886292, -0.0023210535291582346, 0.0004495948669500649, 0.010833113454282284, 0.017128029838204384, 0.0032676265109330416, 0.01695522852241993, -0.0035004625096917152, 0.013029479421675205, -0.01022100169211626, -0.005874762311577797, 0.013855097815394402, -0.021012721583247185, -0.021707037463784218, -0.027229396626353264, -0.044100843369960785, 0.016999030485749245, 0.035183705389499664, 0.013602333143353462, 0.023660752922296524, 0.020171627402305603, 0.002828539814800024, -0.012258268892765045, -0.003925264813005924, 0.005036254413425922, -0.06646814942359924, 0.04317597672343254, -0.049956660717725754, 0.029672399163246155, -0.02919796109199524, -0.024630462750792503, 0.030303796753287315, 0.025217045098543167, -0.06289597600698471, 0.03165173530578613, 0.006543306168168783, 0.018780773505568504, -0.026429282501339912, 0.0072922310791909695, -0.005012775771319866, -0.018036695197224617, -0.019633250311017036, 0.0015038818819448352, 0.034730248153209686, -0.0019535929895937443, -0.048541780561208725, 0.010068872943520546, -0.04454927518963814, -0.025758730247616768, -0.04692720249295235, 0.04919194057583809, 0.05424610897898674, -0.02906140685081482, -0.014279505237936974, -0.004018820356577635, -0.0350511372089386, -0.0013386427890509367, -0.021229639649391174, -0.038077738136053085, 0.02782396413385868, 0.006222051568329334, 0.01798073574900627, 0.03668832406401634, 0.016143374145030975, -0.018791796639561653, 0.014197463169693947, 0.001571407075971365, 0.006438243668526411, -0.02592201717197895, 0.02216654270887375, 0.04480413347482681, -0.022406086325645447, 0.00039465108420699835, 0.020958809182047844, -0.02687188982963562, -0.0342840850353241, -0.02438272535800934, 0.000445433659479022, 0.03162325546145439, -0.028798505663871765, 0.014415944926440716, -0.08009836822748184, -0.04347633197903633, 0.04020826891064644, 0.010632880963385105, -0.01812245324254036, -0.008934125304222107, 0.04157441109418869, -0.014342308044433594, -0.0241679809987545, -0.03321255370974541, 0.07819414138793945, 0.03208792582154274, 0.04513087123632431, 0.05392122641205788, 0.013944247737526894, 0.029473336413502693, 0.00222550961188972, -0.026714516803622246, 0.009975302964448929, 0.029257651418447495, 0.024661598727107048, -0.007677832618355751, -0.01516563817858696, 0.04359345883131027, -0.004194341599941254, -0.06464464962482452, -0.022256022319197655, -0.04213317483663559, 0.018427086994051933, -0.028895720839500427, -0.005231271032243967, 0.02206519804894924, 0.0586443692445755, -0.03245992958545685, 0.0014809740241616964, -0.008423477411270142, -0.04107578843832016, 0.024600941687822342, 0.010013068094849586, 0.03127676248550415, -0.05551878362894058, 0.02806427702307701, -0.038698773831129074, 0.013999211601912975, -0.06942736357450485, 0.007048103958368301, 0.013576237484812737, -0.02100255899131298, 0.02482699230313301, -0.00818734709173441, -0.00019071127462666482, -0.017739880830049515, -0.028093021363019943, -0.001937930821441114, 0.015414096415042877, 0.0029845440294593573, -0.020461009815335274, 0.051286354660987854, -0.0232771597802639, -0.011078378185629845, 0.05103612691164017, -0.010267115198075771, 0.018578236922621727, -0.035215362906455994, 0.04389838129281998, 0.021872978657484055, 0.016575410962104797, 0.0320393331348896, -0.0015971579123288393, 0.0002926201850641519, 0.056966632604599, 0.030947349965572357, -0.00189442397095263, 0.02567354589700699, -0.00516996206715703, -0.05185871198773384, -0.024399077519774437, 0.0031392299570143223, 0.037252575159072876, -0.018219904974102974, 0.009710950776934624, -0.04279765486717224, -0.026226066052913666, 0.018390223383903503, 0.029815612360835075, 0.052446816116571426, -0.023439591750502586, 0.01221541315317154, 0.013552675023674965, 0.006431193556636572, 0.02352258749306202, -0.001993894577026367, -0.018455373123288155, 0.02072768472135067, 0.007700180169194937, -0.0012301827082410455, 0.0033094496466219425, 0.0076814331114292145, -0.037422653287649155, 0.017600728198885918, -0.014791951514780521, -0.0027939516585320234, -0.027027856558561325, -0.0071421838365495205, -0.011167993769049644, 0.025103366002440453, 0.025100696831941605, -0.014296305365860462, 0.025402817875146866, -0.035378772765398026, -0.016674434766173363, -0.03883514553308487, 0.021767709404230118, -0.01616126485168934, 0.017431018874049187, 0.019598115235567093, -0.05272049456834793, -0.018174760043621063, 0.023719055578112602, 0.011010258458554745, -0.01393025554716587, -0.011578328907489777, 0.01833396591246128, 0.0409412682056427, -0.03277497738599777, 0.005492598749697208, 0.01625419221818447, 0.013338137418031693, -0.023331355303525925, 0.003600986674427986]",
15_1_0_docs_01_app_03_api_reference_01_directives_use_cache_mdx_section_9_code_3,code_snippet,15_1_0_docs_01_app_03_api_reference_01_directives_use_cache_mdx_section_9,Interleaving - code_3,,"{'programming_language': 'jsx', 'filename': 'app/page.js', 'switcher': True}",15.1.0,,"import ClientComponent from './ClientComponent';

export default async function Page() {
  const performUpdate = async () => {
    ""use server""
    // Perform some server-side update
    await db.update(...);
  };

  return <CacheComponent performUpdate={performUpdate} />;
}

async function CachedComponent({ performUpdate }) {
  ""use cache""
  // Do not call performUpdate here
  return <ClientComponent action={performUpdate} />;
}
","[(np.int64(5), np.float64(0.07538703083992004)), (np.int64(7), np.float64(0.07741428911685944)), (np.int64(64), np.float64(0.08436857908964157)), (np.int64(425), np.float64(0.24043267965316772)), (np.int64(1647), np.float64(0.12406497448682785)), (np.int64(4027), np.float64(0.20528654754161835)), (np.int64(22469), np.float64(0.28152281045913696)), (np.int64(28175), np.float64(0.23501528799533844))]",,"[-0.011383992619812489, -0.0015264921821653843, -0.02082638256251812, 0.015185044147074223, 0.005965896416455507, -0.03676705062389374, 0.02122318558394909, 0.03114442154765129, -0.022296426817774773, 0.016306323930621147, -0.0055099125020205975, 0.022076934576034546, -0.049966443330049515, 0.03396477922797203, -0.01619710773229599, 0.06687689572572708, -0.004469019826501608, 0.02833896316587925, 0.022421296685934067, 0.000962370540946722, 0.0018713052850216627, 0.01113954372704029, 0.025527067482471466, 0.02077285200357437, 0.02099880576133728, 0.00178186793345958, 0.004826218821108341, -0.02133031003177166, -0.0025604066904634237, 0.03001713566482067, 0.015867263078689575, 0.01539013534784317, -0.021626900881528854, -0.0371536985039711, -0.02866436541080475, -0.03732409328222275, 0.019424213096499443, -0.021943185478448868, -0.05420439690351486, 0.053390707820653915, -0.022434072569012642, 0.0011490744072943926, -0.015934603288769722, -0.030513973906636238, 0.012012315914034843, -0.06607457250356674, 0.032947689294815063, -0.014436808414757252, 0.010674008168280125, -0.009340701624751091, -0.02241571620106697, -0.018035579472780228, -0.0105243269354105, -0.04476428031921387, 0.01904236525297165, 0.03610984981060028, -0.006116752978414297, 0.0008501980337314308, -0.04927285388112068, 0.03161236643791199, -0.011113768443465233, -0.004672992508858442, -0.0025571289006620646, 0.005587815772742033, -0.0026782171335071325, 0.038015447556972504, 0.03539029881358147, 0.018128804862499237, -0.02365339919924736, -0.045686956495046616, -0.004227954428642988, 0.057743754237890244, -0.04853668063879013, -0.00769222155213356, -0.05852770805358887, 0.02642175927758217, 0.08096728473901749, -0.023772822692990303, 0.004304386209696531, -0.020602887496352196, -0.025166276842355728, -0.031369976699352264, 0.02488325908780098, 0.014989028684794903, 0.023987123742699623, 0.00960915070027113, -0.03133061155676842, 0.037916675209999084, -0.017973262816667557, -0.010933549143373966, -0.02262023463845253, -0.04024776071310043, 0.06053078547120094, -0.022277573123574257, -0.019074931740760803, -0.0394471138715744, 0.007718898821622133, 0.014630619436502457, 0.07164691388607025, 0.008004685863852501, 0.037361711263656616, -0.033100031316280365, 0.011604314669966698, -0.015566072426736355, 0.05614935979247093, 0.032310716807842255, -0.013869140297174454, -0.030407626181840897, 0.004937457852065563, -0.01227774191647768, 0.017809199169278145, 0.001565170125104487, 0.011546731926500797, 0.01738622970879078, -0.0033451791387051344, -0.02140214666724205, 0.01781170442700386, -0.01858232170343399, -0.004192237742245197, 0.014564502984285355, -0.02572416514158249, -0.00118197500705719, -0.008061711676418781, 0.01641586422920227, 0.009375009685754776, 0.019416509196162224, -0.008515380322933197, 0.025622978806495667, 0.015347826294600964, 0.052342332899570465, 0.023967916145920753, 0.019938338547945023, 0.017876332625746727, -0.01674667000770569, -0.049826957285404205, -0.0001936054468387738, -0.01477004773914814, 0.014123955741524696, 0.021962106227874756, -0.03782811015844345, 0.02107997052371502, -0.026130402460694313, -0.049900174140930176, -0.00889831967651844, 0.025448139756917953, -0.0271473191678524, 0.057215310633182526, 0.005557244177907705, -0.03501075506210327, -0.0018292908789590001, -0.012307140044867992, 0.0002424752019578591, 0.02525671012699604, -0.0428878553211689, 0.004766249563544989, -0.029846979305148125, 0.002140300115570426, 0.034198690205812454, -0.0072969128377735615, -0.0018622609786689281, -0.01237319502979517, 0.03222397714853287, -0.045228857547044754, 0.03411126509308815, 0.031961746513843536, -0.0364944189786911, 0.015101992525160313, -0.016330989077687263, -0.034904055297374725, -0.03728613629937172, 0.0013724240707233548, -0.003721525426954031, 0.0007765101036056876, 0.01932920701801777, 0.02055048570036888, 0.017345178872346878, 0.06658343970775604, 0.02455718442797661, -0.019232675433158875, -0.014862675219774246, -0.028002949431538582, 0.006476959213614464, 0.0002846326387953013, -0.025413380935788155, -0.01680734008550644, 0.02564242109656334, -0.010614126920700073, -0.005009138956665993, -0.01127386000007391, 0.02296467125415802, -0.013285619206726551, -0.022081416100263596, 0.07172011584043503, 0.024267613887786865, -0.029103241860866547, -0.03653983399271965, 0.00428312411531806, 0.0374239943921566, 0.016211919486522675, 0.04262440651655197, 0.05501456931233406, 0.053456611931324005, 0.022319544106721878, 0.05049097165465355, 0.006160632707178593, 0.0057594673708081245, 0.019776523113250732, -0.06430366635322571, 0.012004743330180645, -0.010090433992445469, -0.04420704022049904, -0.006195936817675829, -0.05096565559506416, -0.012702202424407005, -0.0735916793346405, 0.00814506970345974, -0.014635419473052025, 0.048970840871334076, -0.007016980554908514, -0.04161784425377846, -0.025051744654774666, 0.036216747015714645, 0.0035057365894317627, 0.027519041672348976, 0.005592940840870142, -0.01130599807947874, 0.04498562961816788, 0.012354183942079544, -0.012308724224567413, 0.013093940913677216, 0.0009057545685209334, 0.027280399575829506, 0.008158588781952858, -0.010611483827233315, 0.056627076119184494, -0.07186279445886612, 0.011574450880289078, -0.011969529092311859, -0.017167923972010612, 0.006265508010983467, -0.02953588031232357, -0.004272510763257742, 0.021298235282301903, -0.014530510641634464, -0.024400092661380768, -0.01712440513074398, 0.010139469057321548, 0.0029549915343523026, -0.016161587089300156, -0.036052156239748, -0.06389336287975311, 0.02587718516588211, -0.013346685096621513, 0.006259267218410969, -0.008737378753721714, -0.029506569728255272, 0.0023369162809103727, 0.011071672663092613, 0.0052902065217494965, 0.0086776502430439, 0.0035874664317816496, 0.038970641791820526, -0.010467523708939552, 0.011259704828262329, -0.0051023392006754875, -0.008504034951329231, -0.0385902114212513, 0.0034155866596847773, 0.01748000830411911, 0.031201209872961044, 0.0011351134162396193, 0.001669632038101554, 0.021748218685388565, -0.009337067604064941, -0.0010372062679380178, 0.03514260798692703, -0.00692669628188014, -0.015064369887113571, 0.06607644259929657, 0.037036117166280746, -0.014318178407847881, -0.0012007646728307009, 0.03699851408600807, 0.011242710053920746, 0.022198889404535294, -0.03165363520383835, -0.021353518590331078, 0.02301187999546528, 0.008759560994803905, -0.014792666770517826, -0.05906039848923683, 0.020267728716135025, 0.06380107253789902, 0.004618370905518532, 0.048219285905361176, 0.03168528899550438, 0.022143419831991196, -0.15946784615516663, -0.024850094690918922, -0.006089566275477409, 0.003581058233976364, -0.01211398746818304, 0.00691601075232029, -0.0082251550629735, 0.006359877064824104, -0.017947817221283913, 0.03648489713668823, -0.047673195600509644, -0.07098116725683212, -0.06940892338752747, -0.03455240651965141, 0.018093157559633255, -0.03137728199362755, -0.03652551770210266, 0.0023806120734661818, 0.0037093868013471365, -0.021879907697439194, -0.03115161694586277, -0.016718093305826187, 0.0043219393119215965, 0.0023218123242259026, -0.03069232776761055, -0.0019864486530423164, 0.020298313349485397, 0.013174806721508503, -0.026177994906902313, -0.0528845489025116, -0.00791342556476593, 0.02809727191925049, 0.0020862070377916098, 0.0017591780051589012, 0.018378397449851036, 0.0009416150860488415, 0.02091551199555397, 0.005332876928150654, 0.01392250694334507, -0.010960166342556477, 0.020007720217108727, 0.05247426778078079, -0.004950373433530331, 0.005511370487511158, 0.023824583739042282, -0.013309331610798836, -0.01986214891076088, -0.005906003527343273, -0.04547292739152908, 0.007126504555344582, 0.026297079399228096, -0.048574648797512054, -0.0006258201319724321, 0.009562917985022068, -0.0514768585562706, 0.01800195872783661, 0.009458600543439388, 0.050651781260967255, 0.0033863079734146595, -0.001614575507119298, -0.00666017597541213, 0.0004263236769475043, -0.00448140874505043, -0.010682252235710621, -0.025632867589592934, 0.012346589006483555, 0.040085069835186005, 0.003805347252637148, 0.028179656714200974, -0.05743794143199921, 0.05588247999548912, 0.010362123139202595, 0.002701753983274102, -0.004361014813184738, 0.0006931035895831883, 0.03743487223982811, -0.052367351949214935, 0.013491437770426273, 0.010477437637746334, -0.1010672003030777, -0.021456195041537285, -0.0012231339933350682, -0.028495188802480698, 0.04338127747178078, -0.028634358197450638, -0.04874987527728081, 0.018521958962082863, 0.015193886123597622, 0.03278801590204239, 0.23916853964328766, 0.016433142125606537, -0.05430637672543526, 0.06996943801641464, 0.051120270043611526, -0.03769562020897865, -0.036899134516716, -0.004784582182765007, 0.014165520668029785, -0.018697097897529602, -0.01798323728144169, -0.028760362416505814, -0.009987318888306618, -0.03383052721619606, -0.010508260689675808, 0.023994214832782745, -0.05406857281923294, -0.0030385286081582308, 0.06295229494571686, -0.050384726375341415, 0.013936091214418411, -0.03810235112905502, 0.02438993565738201, 0.022810546681284904, -0.06494618207216263, -0.025762539356946945, -0.026298025622963905, 0.01690703071653843, -0.016251668334007263, 0.010865218937397003, -0.023315131664276123, 0.03776561841368675, 0.03028681129217148, -0.036886706948280334, -0.0626756101846695, -0.017215296626091003, 0.009249560534954071, 0.033993545919656754, -0.024442076683044434, 0.020640000700950623, 0.03950576111674309, -0.022501002997159958, 0.026432253420352936, 0.011509731411933899, -0.011626598425209522, -0.047518983483314514, -0.002632277552038431, 0.0037857703864574432, 4.605575304594822e-05, -0.005673018749803305, 0.011135374195873737, -0.047632548958063126, 9.183560177916661e-05, -0.007476927246898413, 0.02557004988193512, -0.021107664331793785, 0.006753227673470974, -0.004796041175723076, 0.012477720156311989, 0.005589017178863287, 0.025307003408670425, -0.009873928502202034, 0.003504224354401231, 0.013536076061427593, -0.006549963261932135, 0.021444229409098625, -0.006816991604864597, -0.0015114726265892386, -0.02435668557882309, 0.02237688936293125, -0.016934851184487343, -0.0060750567354261875, 0.015509898774325848, -0.03068399243056774, -0.022760994732379913, -0.023977026343345642, 0.05214545875787735, 0.039239633828401566, -0.07650595903396606, 0.05005062371492386, -0.013395196758210659, -0.004998256452381611, -0.05107948184013367, 0.05135459825396538, -0.019223708659410477, 0.015245603397488594, -0.040133651345968246, 0.075886569917202, -0.008094695396721363, -0.009054841473698616, -0.04293936863541603, -0.02139529585838318, -0.016162516549229622, 0.03443702310323715, 0.02063201367855072, 0.04158211871981621, 0.0015998372109606862, -0.00814279168844223, -0.0033806469291448593, 0.006448548287153244, -0.03918501362204552, -0.04992954060435295, -0.008441475220024586, -0.04111337661743164, 0.019838033244013786, -0.025298386812210083, 0.027814436703920364, -0.03409315273165703, -0.021437345072627068, 0.0027008464094251394, -0.06536661088466644, 0.0630486011505127, -0.0007975824410095811, -0.025014128535985947, 0.007363500073552132, 0.011033857241272926, 0.05274125933647156, 0.07693071663379669, 0.05802088975906372, 0.009262415580451488, -0.02994663082063198, 0.021317429840564728, 0.00893471296876669, 0.008389057591557503, 0.016861988231539726, -0.048370249569416046, -0.03957578167319298, -0.040484391152858734, -0.027466220781207085, 0.04763106629252434, 0.03775324672460556, -0.012882482260465622, 0.019550129771232605, 0.026192331686615944, 0.02529757283627987, -0.0399274118244648, -0.017115384340286255, 0.054197877645492554, 0.07339923083782196, 0.010865551419556141, -0.06310044974088669, -0.03749355673789978, -0.040313608944416046, 0.05802186205983162, 0.01684889756143093, 0.044144608080387115, 0.04073050245642662, 0.07335497438907623, -0.01658506877720356, -0.013074079528450966, 0.038176823407411575, 0.0631137564778328, 0.0158794354647398, -0.0188192930072546, -0.017680799588561058, -0.05674469470977783, 0.0035128674935549498, -0.018274473026394844, -0.006626563146710396, 0.006224227137863636, -0.015414089895784855, -0.005735273472964764, 0.028805114328861237, 0.051478900015354156, 0.017140913754701614, 0.014105061069130898, -0.06440389901399612, 0.027232317253947258, -0.011989567428827286, -0.020857369527220726, 0.03795180842280388, -0.014805336482822895, -0.06988673657178879, 0.045060694217681885, -0.04028620943427086, -0.007756642997264862, -0.05818874388933182, 0.014816205017268658, -0.004087344743311405, -0.052569374442100525, -7.348525741690537e-06, 0.012297085486352444, -0.03120133839547634, -0.06521814316511154, 0.02022184431552887, 0.013660313561558723, -0.022358842194080353, -0.02021835371851921, 0.026399144902825356, -0.017010215669870377, -0.05512980744242668, 0.11552464962005615, 0.0018006348982453346, -0.008750923909246922, 0.05447205901145935, 0.013373907655477524, 0.052499137818813324, 0.0048477319069206715, 0.032844606786966324, -0.0004548556753434241, -0.00025311147328466177, 0.012323460541665554, -0.007286018691956997, 0.01346422079950571, -0.020357614383101463, -0.03717369958758354, -0.0031528372783213854, 6.942389154573902e-05, -0.01960495300590992, 0.050955913960933685, -0.0152711421251297, 0.03452301770448685, -0.021405711770057678, -0.015088817104697227, 0.04197712242603302, 0.0014119866536930203, 0.06302019953727722, 0.07756265997886658, 0.00873336661607027, -0.002973841270431876, 0.008178411051630974, 0.015421691350638866, 0.01026095636188984, -0.01471776608377695, 0.017550505697727203, -0.008055074140429497, 0.013713443651795387, -0.05328119546175003, -0.01439959742128849, 0.005563694983720779, -0.013901294209063053, 0.0344838984310627, 0.02154957503080368, -0.023893771693110466, -0.006487108767032623, -0.05318161100149155, -0.006074520759284496, 0.03039676882326603, -0.001820797217078507, -0.024192430078983307, -0.0052791438065469265, 0.0011272504925727844, 0.04994802176952362, 0.05124402791261673, 0.019513113424181938, 0.019379397854208946, -0.04407382011413574, 0.01620912179350853, -0.005363841541111469, 0.013748149387538433, -0.007035426329821348, 0.00674191489815712, 0.051358770579099655, -0.027416542172431946, -0.002015315694734454, 0.0533265583217144, -0.005848688073456287, -0.0035257029812783003, -0.014126215130090714, -0.028128691017627716, -0.010270938277244568, 0.012323667295277119, -0.02014756016433239, -0.014504143968224525, -0.00023852505546528846, -0.05228765681385994, 0.06354723870754242, -0.08105497807264328, -0.0344633124768734, -0.027918118983507156, 0.020334288477897644, 0.004226165357977152, -0.01898142136633396, -0.031878020614385605, 0.04609109088778496, 0.018509209156036377, 0.016174839809536934, -0.025438625365495682, 0.011412226594984531, 0.011285850778222084, -0.05480602756142616, -0.04507837072014809, 0.027197998017072678, -0.025508297607302666, 0.009207711555063725, 0.06079169362783432, 0.0414917916059494, -0.00037493385025300086, 0.02523399516940117, -0.053393807262182236, -0.014720113947987556, -0.001578260213136673, -0.047119155526161194, 0.013265464454889297, 0.0035156914964318275, -0.04225575923919678, -0.01056583970785141, 0.030774110928177834, 0.0062368493527174, 0.03267486020922661, -0.007354013156145811, -0.008761937730014324, -0.035007085651159286, -0.011885140091180801, 0.011722696013748646, 0.025062792003154755, -0.023787762969732285, 0.02729792520403862, 0.005086830351501703, 0.026911692693829536, -0.002523341914638877, -0.03965816646814346, 0.03002350963652134, 0.02418902888894081, 0.024744680151343346, -0.009137425571680069, 0.014642927795648575, 0.0026700878515839577, -0.01910034380853176, -0.0005694815190508962, -0.02254919521510601, -0.011427357792854309, 0.006744652986526489, -0.020503148436546326, -0.02854536473751068, -0.01506649237126112, 0.02289446070790291, -0.02719695493578911, -0.03244559466838837, -0.014288080856204033, -0.0026156108360737562, -0.00816288311034441, -0.0028136468026787043, -0.02868841215968132, -0.02505173720419407, 0.03134382143616676, 0.030425818637013435, -0.05169586092233658, 0.04567645117640495, 0.009160831570625305, -0.02834533527493477, -0.002751643070951104, 0.03387441486120224, -0.033706407994031906, -0.011062882840633392, -0.0015017057303339243, 0.001340982154943049, 0.005512180272489786, -0.013115467503666878, -0.0096598444506526, -0.0185769684612751, -0.00956601183861494, -0.02775425836443901, -0.0485132597386837, -0.0047075687907636166, -0.047384098172187805, 0.00633869506418705, 0.06671039760112762, 0.01917234994471073, -0.017919324338436127, -0.030248846858739853, 0.03910895809531212, -0.0374906063079834, -0.05190825089812279, 0.002366725355386734, 0.02188788168132305, 0.03218208625912666, -0.0191437266767025, 0.006244139280170202, -0.014570306055247784, -0.0034497356973588467, 0.028242649510502815, -0.018252316862344742, 0.028177104890346527, -0.012114251963794231, 0.018027789890766144, -0.05073930323123932, -0.002948276000097394, -0.02852689102292061, -0.006524114869534969, -0.033089347183704376, -0.05725451186299324, -0.08600404113531113, -0.012511233799159527, -0.019880997017025948, -0.0009027742780745029, -0.009789399802684784, -0.03542131930589676, 0.020078042522072792, 0.03444935008883476, -0.022045837715268135, -0.0340474508702755, 0.002231436548754573, -0.02329953759908676, -0.13799035549163818, 0.03791703283786774, -0.010242725722491741, -0.013517082668840885, -0.046275265514850616, -0.01827169768512249, -0.025667062029242516, -0.055695418268442154, 0.04983913525938988, 0.01159112062305212, -0.02669243887066841, -0.05529806762933731, 0.07913298159837723, -0.016654282808303833, 0.014752729795873165, 0.014008150435984135, -0.006607835181057453, 0.002909585600718856, 0.007519495207816362, -0.011723694391548634, -0.01645655184984207, -0.015077094547450542, 0.005522172432392836, -0.003946506418287754, -0.0009269273723475635, 0.01480934489518404, 0.035932376980781555, 0.025799576193094254, -0.018121039494872093, -0.019973695278167725, 0.0022791896481066942, -0.004494012333452702, 0.014450966380536556, 0.009788170456886292, -0.0023210535291582346, 0.0004495948669500649, 0.010833113454282284, 0.017128029838204384, 0.0032676265109330416, 0.01695522852241993, -0.0035004625096917152, 0.013029479421675205, -0.01022100169211626, -0.005874762311577797, 0.013855097815394402, -0.021012721583247185, -0.021707037463784218, -0.027229396626353264, -0.044100843369960785, 0.016999030485749245, 0.035183705389499664, 0.013602333143353462, 0.023660752922296524, 0.020171627402305603, 0.002828539814800024, -0.012258268892765045, -0.003925264813005924, 0.005036254413425922, -0.06646814942359924, 0.04317597672343254, -0.049956660717725754, 0.029672399163246155, -0.02919796109199524, -0.024630462750792503, 0.030303796753287315, 0.025217045098543167, -0.06289597600698471, 0.03165173530578613, 0.006543306168168783, 0.018780773505568504, -0.026429282501339912, 0.0072922310791909695, -0.005012775771319866, -0.018036695197224617, -0.019633250311017036, 0.0015038818819448352, 0.034730248153209686, -0.0019535929895937443, -0.048541780561208725, 0.010068872943520546, -0.04454927518963814, -0.025758730247616768, -0.04692720249295235, 0.04919194057583809, 0.05424610897898674, -0.02906140685081482, -0.014279505237936974, -0.004018820356577635, -0.0350511372089386, -0.0013386427890509367, -0.021229639649391174, -0.038077738136053085, 0.02782396413385868, 0.006222051568329334, 0.01798073574900627, 0.03668832406401634, 0.016143374145030975, -0.018791796639561653, 0.014197463169693947, 0.001571407075971365, 0.006438243668526411, -0.02592201717197895, 0.02216654270887375, 0.04480413347482681, -0.022406086325645447, 0.00039465108420699835, 0.020958809182047844, -0.02687188982963562, -0.0342840850353241, -0.02438272535800934, 0.000445433659479022, 0.03162325546145439, -0.028798505663871765, 0.014415944926440716, -0.08009836822748184, -0.04347633197903633, 0.04020826891064644, 0.010632880963385105, -0.01812245324254036, -0.008934125304222107, 0.04157441109418869, -0.014342308044433594, -0.0241679809987545, -0.03321255370974541, 0.07819414138793945, 0.03208792582154274, 0.04513087123632431, 0.05392122641205788, 0.013944247737526894, 0.029473336413502693, 0.00222550961188972, -0.026714516803622246, 0.009975302964448929, 0.029257651418447495, 0.024661598727107048, -0.007677832618355751, -0.01516563817858696, 0.04359345883131027, -0.004194341599941254, -0.06464464962482452, -0.022256022319197655, -0.04213317483663559, 0.018427086994051933, -0.028895720839500427, -0.005231271032243967, 0.02206519804894924, 0.0586443692445755, -0.03245992958545685, 0.0014809740241616964, -0.008423477411270142, -0.04107578843832016, 0.024600941687822342, 0.010013068094849586, 0.03127676248550415, -0.05551878362894058, 0.02806427702307701, -0.038698773831129074, 0.013999211601912975, -0.06942736357450485, 0.007048103958368301, 0.013576237484812737, -0.02100255899131298, 0.02482699230313301, -0.00818734709173441, -0.00019071127462666482, -0.017739880830049515, -0.028093021363019943, -0.001937930821441114, 0.015414096415042877, 0.0029845440294593573, -0.020461009815335274, 0.051286354660987854, -0.0232771597802639, -0.011078378185629845, 0.05103612691164017, -0.010267115198075771, 0.018578236922621727, -0.035215362906455994, 0.04389838129281998, 0.021872978657484055, 0.016575410962104797, 0.0320393331348896, -0.0015971579123288393, 0.0002926201850641519, 0.056966632604599, 0.030947349965572357, -0.00189442397095263, 0.02567354589700699, -0.00516996206715703, -0.05185871198773384, -0.024399077519774437, 0.0031392299570143223, 0.037252575159072876, -0.018219904974102974, 0.009710950776934624, -0.04279765486717224, -0.026226066052913666, 0.018390223383903503, 0.029815612360835075, 0.052446816116571426, -0.023439591750502586, 0.01221541315317154, 0.013552675023674965, 0.006431193556636572, 0.02352258749306202, -0.001993894577026367, -0.018455373123288155, 0.02072768472135067, 0.007700180169194937, -0.0012301827082410455, 0.0033094496466219425, 0.0076814331114292145, -0.037422653287649155, 0.017600728198885918, -0.014791951514780521, -0.0027939516585320234, -0.027027856558561325, -0.0071421838365495205, -0.011167993769049644, 0.025103366002440453, 0.025100696831941605, -0.014296305365860462, 0.025402817875146866, -0.035378772765398026, -0.016674434766173363, -0.03883514553308487, 0.021767709404230118, -0.01616126485168934, 0.017431018874049187, 0.019598115235567093, -0.05272049456834793, -0.018174760043621063, 0.023719055578112602, 0.011010258458554745, -0.01393025554716587, -0.011578328907489777, 0.01833396591246128, 0.0409412682056427, -0.03277497738599777, 0.005492598749697208, 0.01625419221818447, 0.013338137418031693, -0.023331355303525925, 0.003600986674427986]",
15_1_0_docs_01_app_03_api_reference_01_directives_use_cache_mdx_section_9_code_4,code_snippet,15_1_0_docs_01_app_03_api_reference_01_directives_use_cache_mdx_section_9,Interleaving - code_4,,"{'programming_language': 'tsx', 'filename': 'app/ClientComponent.tsx', 'switcher': True}",15.1.0,,"'use client'

export default function ClientComponent({ action }) {
  return <button onClick={action}>Update</button>
}
","[(np.int64(5), np.float64(0.08499251306056976)), (np.int64(64), np.float64(0.09885804355144501)), (np.int64(150), np.float64(0.16002118587493896)), (np.int64(425), np.float64(0.26873841881752014)), (np.int64(441), np.float64(0.017045393586158752)), (np.int64(933), np.float64(0.1922961324453354)), (np.int64(2517), np.float64(0.1369571089744568)), (np.int64(4027), np.float64(0.20772580802440643)), (np.int64(10770), np.float64(0.11697763204574585)), (np.int64(54137), np.float64(0.2354954183101654)), (np.int64(61636), np.float64(0.19788682460784912))]",,"[-0.021482324227690697, -0.011792107485234737, -0.026708321645855904, 0.013981322757899761, 0.009157970547676086, -0.03607456013560295, 0.052042264491319656, 0.02210528403520584, -0.01673506200313568, 0.007513333577662706, -0.0007639420800842345, 0.02663690224289894, -0.023720277473330498, 0.015972062945365906, 0.026628414168953896, 0.06398813426494598, -0.0017551062628626823, 0.03228454664349556, 0.010713011957705021, 0.01612291857600212, -0.01920534297823906, 0.02276509627699852, 0.006922115571796894, 0.03729642555117607, -0.013521472923457623, 0.002155173337087035, 0.008100039325654507, -0.05107229948043823, 0.01101541519165039, 0.01946691982448101, 0.045999038964509964, -0.008849231526255608, -0.007067706901580095, -0.017895007506012917, -0.04205697029829025, -0.008265886455774307, 0.034012116491794586, 0.008636681362986565, -0.050781816244125366, 0.0410517156124115, -0.03596724942326546, -0.005275581032037735, -0.011293768882751465, -0.031148506328463554, 0.0062131937593221664, -0.04621441289782524, 0.04365957900881767, -0.021471567451953888, -0.007534896954894066, -0.002879542065784335, -0.03647376596927643, 0.005237258039414883, -0.021817637607455254, -0.0438443161547184, 0.030555902048945427, 0.021771637722849846, -0.018690168857574463, -0.04239713028073311, -0.08272231370210648, -0.001997716724872589, 0.021148033440113068, 0.017426077276468277, -0.009079055860638618, 0.0227520689368248, 0.015209371224045753, 0.035482220351696014, 0.027833333238959312, 0.0012414924567565322, -0.024657675996422768, -0.03923974186182022, -0.03292291611433029, 0.048544991761446, -0.03729924187064171, -0.017401980236172676, -0.043903835117816925, 0.03222164884209633, 0.039723701775074005, -0.025521399453282356, 0.016069751232862473, -0.004752336069941521, -0.03537929058074951, -0.020559819415211678, 0.026924507692456245, 0.019086366519331932, 0.013750786893069744, -0.028179269284009933, -0.005575585179030895, 0.019348645582795143, -0.009867088869214058, -0.011949998326599598, -0.012356908060610294, -0.026891417801380157, 0.07053835690021515, -0.040774181485176086, -0.011191770434379578, -0.04609880596399307, 0.019589483737945557, 0.006237626541405916, 0.04073074087500572, 0.0015965851489454508, 0.03458870202302933, -0.0028159217908978462, -0.0018297148635610938, -0.03603823855519295, 0.022690866142511368, 0.024821272119879723, -0.018350325524806976, -0.022664399817585945, 0.021768152713775635, -0.014385614544153214, -0.010758092626929283, -0.005339478142559528, 0.019449785351753235, 0.0014151947107166052, -0.02713182009756565, -0.0061001041904091835, 0.026911519467830658, -0.0028492051642388105, 0.024945560842752457, 0.011101861484348774, -0.026921052485704422, 0.0007924165693111718, 0.0051188538782298565, 0.03559780865907669, 0.02638060227036476, -0.006875214166939259, 0.01698077656328678, 0.0354032926261425, 0.0020028797443956137, 0.05446556583046913, -0.0010695912642404437, -0.0021568580996245146, -0.008259125053882599, 0.013151591643691063, -0.041416145861148834, -0.014292454347014427, 0.009926747530698776, 0.03964174911379814, -0.0030740229412913322, -0.02885497361421585, 0.011194312013685703, 0.025097748264670372, -0.020364101976156235, -0.010354855097830296, 0.01876603625714779, 0.0011336758034303784, 0.08572173863649368, 0.0015101541066542268, -0.03240210935473442, -0.03089638613164425, 0.004690288100391626, -0.004955865442752838, -0.00573313795030117, -0.048500947654247284, 0.009980624541640282, -0.04892050474882126, 0.04455661028623581, 0.0013937231851741672, 0.05237089470028877, -0.018553029745817184, 0.04447697848081589, 0.05210427567362785, 0.00017343238869216293, -0.004602016881108284, 0.012585778720676899, -0.010774238035082817, 0.020872032269835472, -0.005132310092449188, -0.029911493882536888, -0.0673380047082901, 0.008163858205080032, -0.05163492262363434, 0.005449855234473944, -0.02320600301027298, 0.042156778275966644, 0.006588091608136892, 0.06102822721004486, 0.014226964674890041, 0.019582858309149742, -0.007338332012295723, -0.009870179928839207, 0.00015160319162532687, -0.004272747319191694, -0.01833171211183071, -0.03496095538139343, 0.034729812294244766, 0.020856358110904694, 0.00584560539573431, -0.010757310315966606, 0.043445829302072525, 0.00506467092782259, -0.01148258987814188, 0.019679877907037735, 0.02420698292553425, -0.03874070569872856, -0.04053862392902374, 0.0279076024889946, 0.02120545506477356, 0.01419498585164547, 0.02174660563468933, 0.002904418157413602, 0.018503107130527496, 0.04007059335708618, 0.02854456752538681, -0.0005182528984732926, -0.010941078886389732, 0.013963772915303707, -0.04026961326599121, -0.0077293687500059605, 0.01512184552848339, -0.035595837980508804, 0.00025830522645264864, -0.013091267086565495, -0.05766834318637848, -0.0504295788705349, 0.005232872441411018, -0.0007644659490324557, 0.01447285432368517, -0.02850714698433876, -0.04619267210364342, -0.010073711164295673, 0.04957752302289009, 0.01441413164138794, 0.042409151792526245, -0.02486022375524044, 0.014126603491604328, 0.0655650645494461, -0.00977036077529192, -0.020813308656215668, 0.0029193959198892117, 0.016916517168283463, 0.008983188308775425, 0.016367103904485703, 0.012146706692874432, 0.04381323605775833, -0.03870461881160736, 0.030226513743400574, -0.02748458832502365, -0.004853495396673679, -0.0005972209619358182, -0.02491544745862484, 0.0006531900726258755, -0.010043596848845482, -0.019481483846902847, -0.04225679486989975, 0.010655071586370468, -0.01681181788444519, -0.0008920059190131724, -0.032577428966760635, -0.07830306142568588, -0.04908830672502518, 0.04638681560754776, -0.0017915513599291444, 0.009934600442647934, -0.012611187063157558, -0.0020196905825287104, -0.014875044114887714, 0.028715619817376137, -0.0200178325176239, 0.010823418386280537, -0.0004195470246486366, 0.03638490289449692, -0.03851070627570152, 0.021866563707590103, 0.022848032414913177, 0.043718211352825165, -0.026814494282007217, 0.011257294565439224, 0.0024453934747725725, -0.006011623423546553, 0.008405924774706364, -0.005388871766626835, 0.0053961328230798244, 0.0011478755623102188, 0.02914818748831749, 0.004718142095953226, -0.018905330449342728, -0.014636404812335968, 0.0710069090127945, -0.00795171968638897, -0.05346731096506119, 0.015280965715646744, 0.03610433265566826, 0.003074594307690859, 0.03505947068333626, -0.036223024129867554, -0.0247319545596838, 0.021227803081274033, -0.006800673436373472, -0.01485804095864296, -0.055293966084718704, -0.005952957086265087, 0.06781613081693649, -0.00033778423676267266, 0.010908388532698154, 0.013224945403635502, 0.032960761338472366, -0.1550486981868744, -0.03510520979762077, 0.0016996510094031692, -0.0036972472444176674, -0.0002317865437362343, 0.005006504710763693, -0.025082867592573166, 0.004216640722006559, 0.005044673569500446, 0.03952760621905327, -0.05264134332537651, -0.069386787712574, -0.04474677890539169, -0.03968663513660431, -0.00512221222743392, -0.004915405996143818, -0.023277046158909798, -0.0010202261619269848, 0.0033995492849498987, 0.0006926762871444225, -0.007488379720598459, 0.0017265062779188156, 0.008234505541622639, 0.0007410540711134672, -0.022517947480082512, -0.01656581461429596, 0.0223547350615263, -0.009368006139993668, -0.009088939987123013, 0.013531227596104145, -0.003280936274677515, -0.002720249816775322, 0.00738877709954977, -0.00884836446493864, 0.017665782943367958, 0.0010118774371221662, 0.01959535852074623, -0.008538230322301388, 0.015008224174380302, -0.014438275247812271, 0.049196965992450714, 0.05393547937273979, -0.016246115788817406, 0.03670515492558479, -0.015717441216111183, -0.03788173198699951, -0.025876536965370178, 0.01595054753124714, -0.022727346047759056, -0.013982520438730717, -0.0021127965301275253, -0.06812575459480286, -0.0049128360114991665, 0.014080019667744637, -0.04675465077161789, 0.034665584564208984, -0.006073125172406435, 0.031930819153785706, 0.01862884871661663, 0.019576771184802055, 0.0040116747841238976, 0.016520574688911438, 0.004872641991823912, -0.022763581946492195, -0.053102824836969376, 0.01216086931526661, 0.07046651095151901, -0.029044341295957565, 0.010116621851921082, -0.026220185682177544, 0.03740683197975159, -0.0055663748644292355, 0.00882119033485651, -0.006361018400639296, -0.024772729724645615, 0.04375006631016731, -0.035016391426324844, 0.010308447293937206, 0.003345453180372715, -0.12374333292245865, 0.0037551226560026407, -0.008832339197397232, -0.009814824908971786, 0.06796915829181671, -0.02690945565700531, -0.06735622137784958, 0.027319559827446938, -0.0018367822049185634, 0.05031290650367737, 0.23520800471305847, 0.06286610662937164, -0.01544143445789814, 0.08412531018257141, 0.05038321763277054, -0.02631164714694023, -0.03969307988882065, -0.00903485156595707, -0.008364223875105381, -0.015133010223507881, 0.015848180279135704, 0.028196606785058975, 0.011834179051220417, -0.01318682637065649, 0.009187695570290089, 0.0033603159245103598, -0.05027779936790466, 0.016839858144521713, 0.05597158893942833, -0.035159215331077576, -0.005299864336848259, -0.024906057864427567, 0.0003332752676215023, 0.03499682992696762, -0.06646151840686798, -0.014221870340406895, -0.004997885320335627, 0.006217752117663622, -0.012520644813776016, 0.02465149573981762, -0.0005660558817908168, 0.035346612334251404, 0.05016344413161278, -0.0037422236055135727, -0.025972241535782814, -0.03617183864116669, 0.017065735533833504, -0.021457521244883537, -0.010983513668179512, 0.0677838921546936, 0.002439321018755436, -0.038864411413669586, 0.03519390895962715, 0.028178077191114426, -0.027678344398736954, -0.04845791310071945, -0.02268178015947342, 0.0019078238401561975, -0.002493074396625161, -0.008765836246311665, 0.003205134067684412, -0.04774245247244835, -0.008930341340601444, -0.012654068879783154, 0.02325429767370224, -0.027983691543340683, -0.024938004091382027, 0.012791074812412262, -0.002792180050164461, -0.011879961006343365, 0.0014260715106502175, -0.009193786419928074, 0.015504647046327591, 0.0015678033232688904, -0.0052275159396231174, 0.01947469636797905, -0.004667248111218214, -0.011298048309981823, 0.012316830456256866, 0.04409008100628853, -0.04740043357014656, 0.016023125499486923, 0.005479641258716583, 0.03103131800889969, -0.019251227378845215, -0.01454398687928915, 0.03694954887032509, 0.04163833335042, -0.031761735677719116, 0.02867691032588482, -0.01357944030314684, 0.020269116386771202, -0.04638592526316643, 0.024404851719737053, 0.003133593127131462, -0.017750250175595284, -0.025270596146583557, 0.07870104908943176, -0.0037854721304029226, 0.03657510131597519, -0.02739456482231617, -0.011127959936857224, -0.015755319967865944, 0.02117125131189823, -0.030533544719219208, 0.01986049860715866, 0.007475140038877726, 0.011762889102101326, -0.02531760185956955, 0.01700173132121563, -0.03656585142016411, -0.08034351468086243, -0.0014791734283789992, -0.07503561675548553, 0.02152554877102375, -0.0147746866568923, 0.02901831455528736, 0.00664861872792244, 0.0020023484248667955, -0.004616023972630501, -0.0889177992939949, 0.032115474343299866, -0.014785542152822018, -0.032284632325172424, 0.016633640974760056, 0.017429279163479805, 0.022065045312047005, 0.01621878892183304, 0.04272494837641716, 0.014409538358449936, -0.03486314415931702, -0.020020926371216774, -0.01243933942168951, 0.03539171814918518, -0.008194172754883766, -0.023484673351049423, -0.009439902380108833, 0.006717242766171694, -0.05758015811443329, 0.02740708738565445, 0.035670503973960876, -0.004788435064256191, -0.003236917080357671, 0.026059595867991447, 0.04067341983318329, -0.007002812810242176, -0.0005682938499376178, 0.05114710330963135, 0.03870512917637825, 0.013521089218556881, -0.06890667974948883, -0.023239130154252052, -0.019422467797994614, 0.01304465252906084, 0.013220402412116528, 0.00946903508156538, 0.05707981809973717, 0.03032703511416912, 0.0008954333025030792, 0.0007085599936544895, 0.022671859711408615, 0.04440711438655853, -0.013701662421226501, -0.0205985140055418, 0.0017855805344879627, -0.07908353209495544, 0.0034229671582579613, -0.014323348179459572, -0.021146636456251144, 0.006048513576388359, 0.00501085352152586, 0.00917146261781454, 0.02468389831483364, 0.06067688763141632, 0.0044772508554160595, -0.00559611851349473, -0.0777224600315094, 0.026499068364501, 0.004514350090175867, -0.0178301353007555, 0.04892194643616676, -0.012013664469122887, -0.062404531985521317, 0.003947751130908728, -0.023408036679029465, -0.011127486824989319, -0.06056767329573631, 0.029307270422577858, 0.006629705894738436, -0.05452892556786537, -0.014970648102462292, -0.01587739773094654, -0.03573883697390556, -0.07619781792163849, 0.04731925576925278, -0.007131162565201521, -0.014020150527358055, 0.009523646906018257, 0.031781911849975586, -0.05976380780339241, -0.06773880124092102, 0.11029821634292603, 0.014696993865072727, -0.009655187837779522, 0.04608936235308647, -0.008627092465758324, 0.030192429199814796, 0.01826128177344799, -0.004998727701604366, -0.003243436571210623, 0.01810714229941368, 0.04921149089932442, -0.019077125936746597, 0.019512398168444633, -0.03706296160817146, -0.024932190775871277, -0.022833263501524925, 0.03552555665373802, 0.0022844020277261734, 0.0543472059071064, -0.019853590056300163, 0.03383290395140648, -0.027883397415280342, 0.0014732382260262966, 0.04696449637413025, 0.006078740116208792, 0.11977959424257278, 0.0037286081351339817, 0.015409248881042004, -0.03365106135606766, -0.0024782675318419933, -0.004483615979552269, -0.016611283645033836, -0.03706724941730499, -0.010642100125551224, 0.010329097509384155, 0.04154999554157257, -0.04985114187002182, -0.04273008555173874, 0.02136589214205742, -0.0120367631316185, 0.008972182869911194, 0.029164643958210945, -0.011851726099848747, 0.030337853357195854, -0.03417837619781494, -0.009721677750349045, 0.04896549507975578, 0.012641112320125103, -0.021812230348587036, 0.0014620200963690877, -0.0011360634816810489, 0.057341065257787704, 0.04412880539894104, 0.02520674653351307, 0.020485790446400642, -0.04358849674463272, 0.010550235398113728, -0.009885841980576515, -0.01456623524427414, -0.019434792920947075, 0.0028701447881758213, 0.036691732704639435, -0.03789550065994263, -0.03469482436776161, 0.03973037004470825, 0.01175574492663145, 0.011190475896000862, -0.04430835694074631, -0.010059933178126812, -0.023316917940974236, -0.002356494776904583, -0.00471146684139967, -0.019396813586354256, 0.010525788180530071, -0.05017165094614029, 0.05169129744172096, -0.06447310000658035, -0.03255405277013779, -0.011655407026410103, 0.017340941354632378, 0.007749051321297884, -0.024287281557917595, -0.024616653099656105, 0.06252522766590118, -0.005005494225770235, 0.011292851530015469, -0.018246876075863838, 0.058614954352378845, -0.009502336382865906, -0.03140129894018173, -0.05327228084206581, 0.016437334939837456, -0.00396926561370492, 0.005968654993921518, 0.0031992157455533743, 0.07109130918979645, 0.013080217875540257, 0.030925078317523003, -0.054606977850198746, -0.022255415096879005, 0.016457930207252502, -0.039173319935798645, 0.025098251178860664, -0.003011301625519991, -0.03897750750184059, -0.024224532768130302, 0.04304428771138191, 0.013945145532488823, 0.019611800089478493, -0.018066629767417908, 0.019262444227933884, -0.008474888280034065, -0.034504394978284836, 0.020568065345287323, 0.04460855573415756, -0.0012567242374643683, 0.00415287259966135, 0.03857859969139099, 0.013696222566068172, 0.027838781476020813, -0.04394107684493065, -0.01269342377781868, 0.00365398358553648, 0.04399699345231056, 0.00973097700625658, 0.024482281878590584, 0.01554376445710659, -0.003421719651669264, -0.010659887455403805, -0.008395187556743622, -0.02036621794104576, 0.012119097635149956, -0.02064267173409462, -0.05441799759864807, 0.003308824496343732, 0.01862064190208912, -0.037259798496961594, -0.03475552797317505, -0.01690334640443325, 0.012236155569553375, 0.010705945082008839, -0.024973727762699127, -0.019495781511068344, 0.007604016922414303, 0.006450692191720009, 0.014638183638453484, 0.0016454273136332631, 0.04011962190270424, 0.026210682466626167, -0.014777032658457756, -0.03835926204919815, 0.029061302542686462, -0.015540997497737408, -0.01020829938352108, -0.010822408832609653, -0.004730922635644674, 0.008827772922813892, 0.001470182090997696, -0.017565477639436722, -0.03345287963747978, -0.0034229238517582417, -0.0007876463932916522, -0.05657960847020149, -0.010890007019042969, -0.04754744470119476, 0.019477374851703644, 0.03949617221951485, 0.01092660240828991, -0.002331398893147707, -0.039963409304618835, 0.03423485904932022, -0.018230563029646873, -0.045896198600530624, 0.001675792969763279, 0.040084537118673325, 0.02366754226386547, 0.01575484313070774, 0.00838647410273552, -0.0038154697977006435, -0.005158469546586275, 0.05455036461353302, -0.03287864476442337, 0.013396969065070152, 0.0008257106528617442, 0.0181147251278162, -0.0502474345266819, -0.013402950018644333, -0.00714220991358161, -0.040362611413002014, 0.0004182783013675362, -0.051266323775053024, -0.07734215259552002, -0.02890971675515175, -0.006083339918404818, -0.025601794943213463, 0.009828631766140461, -0.004643713589757681, 0.018336527049541473, 0.02344640903174877, -0.006976849399507046, -0.037427838891744614, -0.007277917116880417, -0.014989214949309826, -0.14982165396213531, -0.003255350049585104, 6.40886282781139e-05, 0.010000034235417843, -0.04839171841740608, 0.0046643768437206745, -0.03066658414900303, -0.036775484681129456, 0.055302031338214874, -0.020581630989909172, -0.04407627880573273, -0.03338852524757385, 0.062038272619247437, -0.01200643740594387, 0.031689517199993134, 0.013058912940323353, 0.016821058467030525, -0.00181699194945395, -0.02368253841996193, 0.006483180448412895, -0.03442378714680672, 0.0024679377675056458, 0.051376502960920334, -0.0474918931722641, -0.0029159996192902327, 0.02675280161201954, -0.020335568115115166, 0.04340533912181854, -0.018006330356001854, -0.022125832736492157, 0.016711119562387466, -0.041558731347322464, 0.0410926528275013, 0.02554299496114254, -0.015529639087617397, 0.02583252266049385, 0.0273636132478714, 0.02648208849132061, -0.036325715482234955, 0.013918295502662659, 0.009880291298031807, -0.0019596675410866737, -0.031910836696624756, -0.02323027141392231, 0.04238426685333252, 0.03163231909275055, -0.022888772189617157, -0.025202037766575813, -0.03412596508860588, 0.013862230814993382, 0.022566301748156548, 0.028591858223080635, 0.020781178027391434, 0.033508386462926865, -0.0012610458070412278, 0.0018866565078496933, 0.016334205865859985, 0.012163739651441574, -0.06385335326194763, 0.03193778544664383, -0.027618996798992157, 0.02617514692246914, -0.052296221256256104, -0.03336379677057266, 0.021835241466760635, -0.009100904688239098, -0.06854025274515152, -0.0020949579775333405, 0.013384810648858547, 0.0045656017027795315, -0.04088020697236061, -0.0006460705772042274, -0.004133520182222128, -0.014833301305770874, 0.00992965791374445, -0.008802162483334541, 0.01663423702120781, -0.006924809888005257, -0.0656462088227272, 0.013228547759354115, -0.04302279278635979, -0.012421092949807644, -0.04906323179602623, 0.02410406433045864, 0.0075767431408166885, 0.015118253417313099, 0.0007892369758337736, 0.010990756563842297, 0.004117613658308983, -0.0016323912423104048, -0.022469092160463333, -0.011273451149463654, 0.021699151024222374, -0.00414950679987669, -0.006519371178001165, -0.002136295661330223, 0.012633448466658592, -0.013407181017100811, 0.019604571163654327, -0.047073520720005035, -0.007855411618947983, -0.05497309938073158, 0.020441746339201927, 0.01868036948144436, -0.04015161842107773, 0.024063292890787125, 0.04095782712101936, -0.0062499381601810455, -0.02059256285429001, -0.006119656842201948, -0.038996390998363495, 0.04027364403009415, -0.051314692944288254, 0.015127632766962051, -0.04597992077469826, -0.028574340045452118, 0.030243225395679474, 0.014694014564156532, -0.04642311483621597, -0.022468259558081627, -0.0026907615829259157, 0.013127055950462818, 0.0343930646777153, -0.03775444254279137, 0.040105875581502914, 0.038889795541763306, 0.05994720011949539, 0.02931460738182068, 0.018252689391374588, 0.019393064081668854, 0.014242256060242653, -0.014376666396856308, -0.009244906716048717, 0.04017212241888046, 0.051818788051605225, 0.006318432278931141, -0.011845282278954983, 0.027791960164904594, -0.014643305912613869, -0.05033155530691147, -0.028946736827492714, -0.060902565717697144, -0.003213422605767846, -0.03688963130116463, -0.029146188870072365, 0.039440520107746124, 0.03760405629873276, -0.007572271395474672, -0.0005241555045358837, -0.03190761059522629, 0.0015651165740564466, 0.037291012704372406, 0.0006244897376745939, 0.027472274377942085, -0.03119182400405407, 0.02609063871204853, -0.06463675200939178, 0.008341849781572819, -0.009533405303955078, -0.0045535992830991745, -0.03163739666342735, -0.009529899805784225, -0.0009252735180780292, -0.017329055815935135, 0.00515782181173563, -0.026051709428429604, -0.02877180278301239, 0.007244481705129147, 0.005238627549260855, 0.020297061651945114, -0.03191658854484558, 0.04532510042190552, -0.011994738131761551, -0.02998201921582222, 0.045769818127155304, -0.0173200536519289, 0.026529580354690552, -0.02926943078637123, 0.0375501848757267, 0.033722128719091415, 0.0451013520359993, -0.002120607066899538, 0.014705212786793709, -0.009965002536773682, 0.05584364011883736, 0.022074652835726738, -0.005124067887663841, 0.014122462831437588, -0.0020361412316560745, -0.03333355858922005, -0.01830371469259262, 0.0005469953757710755, 0.03671975061297417, -0.01875457353889942, 0.017374835908412933, -0.03169259428977966, -0.022132446989417076, 0.010351782664656639, -0.008821685798466206, 0.07014058530330658, -0.031978171318769455, 0.04575696960091591, -0.007343169301748276, -0.022405631840229034, 0.022240277379751205, -0.013517837971448898, -0.059008993208408356, 0.04780803620815277, 0.006055230274796486, -0.009442473761737347, 0.009972433559596539, 0.029699845239520073, -0.03590426966547966, 0.033495258539915085, -0.01321043074131012, -0.008986995555460453, 0.016926445066928864, 0.01450317818671465, 0.0005556418327614665, 0.020153554156422615, 0.026411108672618866, 0.0005874211783520877, 0.021775206550955772, -0.026566172018647194, 0.002026105998083949, -0.03156551718711853, 0.015240229666233063, -0.022200582548975945, 0.004013689234852791, 0.016708850860595703, -0.08648894727230072, -0.02056853286921978, 0.012159500271081924, 0.0327850803732872, -0.04242341220378876, 0.004739625379443169, 0.026517169550061226, 0.013708953745663166, -0.023647291585803032, 0.01751638762652874, -0.0018461603904142976, -0.013852722942829132, -0.020866379141807556, -0.03211509808897972]",
15_1_0_docs_01_app_03_api_reference_01_directives_use_cache_mdx_section_9_code_5,code_snippet,15_1_0_docs_01_app_03_api_reference_01_directives_use_cache_mdx_section_9,Interleaving - code_5,,"{'programming_language': 'jsx', 'filename': 'app/ClientComponent.js', 'switcher': True}",15.1.0,,"'use client'

export default function ClientComponent({ action }) {
  return <button onClick={action}>Update</button>
}
","[(np.int64(5), np.float64(0.06073947995901108)), (np.int64(7), np.float64(0.07316364347934723)), (np.int64(64), np.float64(0.05209588631987572)), (np.int64(150), np.float64(0.19242510199546814)), (np.int64(425), np.float64(0.2367323786020279)), (np.int64(441), np.float64(0.06038256362080574)), (np.int64(1647), np.float64(0.1362614780664444)), (np.int64(2517), np.float64(0.17182612419128418)), (np.int64(4027), np.float64(0.18642722070217133)), (np.int64(10770), np.float64(0.16184817254543304)), (np.int64(28175), np.float64(0.23949481546878815)), (np.int64(54137), np.float64(0.2723373770713806))]",,"[-0.021482324227690697, -0.011792107485234737, -0.026708321645855904, 0.013981322757899761, 0.009157970547676086, -0.03607456013560295, 0.052042264491319656, 0.02210528403520584, -0.01673506200313568, 0.007513333577662706, -0.0007639420800842345, 0.02663690224289894, -0.023720277473330498, 0.015972062945365906, 0.026628414168953896, 0.06398813426494598, -0.0017551062628626823, 0.03228454664349556, 0.010713011957705021, 0.01612291857600212, -0.01920534297823906, 0.02276509627699852, 0.006922115571796894, 0.03729642555117607, -0.013521472923457623, 0.002155173337087035, 0.008100039325654507, -0.05107229948043823, 0.01101541519165039, 0.01946691982448101, 0.045999038964509964, -0.008849231526255608, -0.007067706901580095, -0.017895007506012917, -0.04205697029829025, -0.008265886455774307, 0.034012116491794586, 0.008636681362986565, -0.050781816244125366, 0.0410517156124115, -0.03596724942326546, -0.005275581032037735, -0.011293768882751465, -0.031148506328463554, 0.0062131937593221664, -0.04621441289782524, 0.04365957900881767, -0.021471567451953888, -0.007534896954894066, -0.002879542065784335, -0.03647376596927643, 0.005237258039414883, -0.021817637607455254, -0.0438443161547184, 0.030555902048945427, 0.021771637722849846, -0.018690168857574463, -0.04239713028073311, -0.08272231370210648, -0.001997716724872589, 0.021148033440113068, 0.017426077276468277, -0.009079055860638618, 0.0227520689368248, 0.015209371224045753, 0.035482220351696014, 0.027833333238959312, 0.0012414924567565322, -0.024657675996422768, -0.03923974186182022, -0.03292291611433029, 0.048544991761446, -0.03729924187064171, -0.017401980236172676, -0.043903835117816925, 0.03222164884209633, 0.039723701775074005, -0.025521399453282356, 0.016069751232862473, -0.004752336069941521, -0.03537929058074951, -0.020559819415211678, 0.026924507692456245, 0.019086366519331932, 0.013750786893069744, -0.028179269284009933, -0.005575585179030895, 0.019348645582795143, -0.009867088869214058, -0.011949998326599598, -0.012356908060610294, -0.026891417801380157, 0.07053835690021515, -0.040774181485176086, -0.011191770434379578, -0.04609880596399307, 0.019589483737945557, 0.006237626541405916, 0.04073074087500572, 0.0015965851489454508, 0.03458870202302933, -0.0028159217908978462, -0.0018297148635610938, -0.03603823855519295, 0.022690866142511368, 0.024821272119879723, -0.018350325524806976, -0.022664399817585945, 0.021768152713775635, -0.014385614544153214, -0.010758092626929283, -0.005339478142559528, 0.019449785351753235, 0.0014151947107166052, -0.02713182009756565, -0.0061001041904091835, 0.026911519467830658, -0.0028492051642388105, 0.024945560842752457, 0.011101861484348774, -0.026921052485704422, 0.0007924165693111718, 0.0051188538782298565, 0.03559780865907669, 0.02638060227036476, -0.006875214166939259, 0.01698077656328678, 0.0354032926261425, 0.0020028797443956137, 0.05446556583046913, -0.0010695912642404437, -0.0021568580996245146, -0.008259125053882599, 0.013151591643691063, -0.041416145861148834, -0.014292454347014427, 0.009926747530698776, 0.03964174911379814, -0.0030740229412913322, -0.02885497361421585, 0.011194312013685703, 0.025097748264670372, -0.020364101976156235, -0.010354855097830296, 0.01876603625714779, 0.0011336758034303784, 0.08572173863649368, 0.0015101541066542268, -0.03240210935473442, -0.03089638613164425, 0.004690288100391626, -0.004955865442752838, -0.00573313795030117, -0.048500947654247284, 0.009980624541640282, -0.04892050474882126, 0.04455661028623581, 0.0013937231851741672, 0.05237089470028877, -0.018553029745817184, 0.04447697848081589, 0.05210427567362785, 0.00017343238869216293, -0.004602016881108284, 0.012585778720676899, -0.010774238035082817, 0.020872032269835472, -0.005132310092449188, -0.029911493882536888, -0.0673380047082901, 0.008163858205080032, -0.05163492262363434, 0.005449855234473944, -0.02320600301027298, 0.042156778275966644, 0.006588091608136892, 0.06102822721004486, 0.014226964674890041, 0.019582858309149742, -0.007338332012295723, -0.009870179928839207, 0.00015160319162532687, -0.004272747319191694, -0.01833171211183071, -0.03496095538139343, 0.034729812294244766, 0.020856358110904694, 0.00584560539573431, -0.010757310315966606, 0.043445829302072525, 0.00506467092782259, -0.01148258987814188, 0.019679877907037735, 0.02420698292553425, -0.03874070569872856, -0.04053862392902374, 0.0279076024889946, 0.02120545506477356, 0.01419498585164547, 0.02174660563468933, 0.002904418157413602, 0.018503107130527496, 0.04007059335708618, 0.02854456752538681, -0.0005182528984732926, -0.010941078886389732, 0.013963772915303707, -0.04026961326599121, -0.0077293687500059605, 0.01512184552848339, -0.035595837980508804, 0.00025830522645264864, -0.013091267086565495, -0.05766834318637848, -0.0504295788705349, 0.005232872441411018, -0.0007644659490324557, 0.01447285432368517, -0.02850714698433876, -0.04619267210364342, -0.010073711164295673, 0.04957752302289009, 0.01441413164138794, 0.042409151792526245, -0.02486022375524044, 0.014126603491604328, 0.0655650645494461, -0.00977036077529192, -0.020813308656215668, 0.0029193959198892117, 0.016916517168283463, 0.008983188308775425, 0.016367103904485703, 0.012146706692874432, 0.04381323605775833, -0.03870461881160736, 0.030226513743400574, -0.02748458832502365, -0.004853495396673679, -0.0005972209619358182, -0.02491544745862484, 0.0006531900726258755, -0.010043596848845482, -0.019481483846902847, -0.04225679486989975, 0.010655071586370468, -0.01681181788444519, -0.0008920059190131724, -0.032577428966760635, -0.07830306142568588, -0.04908830672502518, 0.04638681560754776, -0.0017915513599291444, 0.009934600442647934, -0.012611187063157558, -0.0020196905825287104, -0.014875044114887714, 0.028715619817376137, -0.0200178325176239, 0.010823418386280537, -0.0004195470246486366, 0.03638490289449692, -0.03851070627570152, 0.021866563707590103, 0.022848032414913177, 0.043718211352825165, -0.026814494282007217, 0.011257294565439224, 0.0024453934747725725, -0.006011623423546553, 0.008405924774706364, -0.005388871766626835, 0.0053961328230798244, 0.0011478755623102188, 0.02914818748831749, 0.004718142095953226, -0.018905330449342728, -0.014636404812335968, 0.0710069090127945, -0.00795171968638897, -0.05346731096506119, 0.015280965715646744, 0.03610433265566826, 0.003074594307690859, 0.03505947068333626, -0.036223024129867554, -0.0247319545596838, 0.021227803081274033, -0.006800673436373472, -0.01485804095864296, -0.055293966084718704, -0.005952957086265087, 0.06781613081693649, -0.00033778423676267266, 0.010908388532698154, 0.013224945403635502, 0.032960761338472366, -0.1550486981868744, -0.03510520979762077, 0.0016996510094031692, -0.0036972472444176674, -0.0002317865437362343, 0.005006504710763693, -0.025082867592573166, 0.004216640722006559, 0.005044673569500446, 0.03952760621905327, -0.05264134332537651, -0.069386787712574, -0.04474677890539169, -0.03968663513660431, -0.00512221222743392, -0.004915405996143818, -0.023277046158909798, -0.0010202261619269848, 0.0033995492849498987, 0.0006926762871444225, -0.007488379720598459, 0.0017265062779188156, 0.008234505541622639, 0.0007410540711134672, -0.022517947480082512, -0.01656581461429596, 0.0223547350615263, -0.009368006139993668, -0.009088939987123013, 0.013531227596104145, -0.003280936274677515, -0.002720249816775322, 0.00738877709954977, -0.00884836446493864, 0.017665782943367958, 0.0010118774371221662, 0.01959535852074623, -0.008538230322301388, 0.015008224174380302, -0.014438275247812271, 0.049196965992450714, 0.05393547937273979, -0.016246115788817406, 0.03670515492558479, -0.015717441216111183, -0.03788173198699951, -0.025876536965370178, 0.01595054753124714, -0.022727346047759056, -0.013982520438730717, -0.0021127965301275253, -0.06812575459480286, -0.0049128360114991665, 0.014080019667744637, -0.04675465077161789, 0.034665584564208984, -0.006073125172406435, 0.031930819153785706, 0.01862884871661663, 0.019576771184802055, 0.0040116747841238976, 0.016520574688911438, 0.004872641991823912, -0.022763581946492195, -0.053102824836969376, 0.01216086931526661, 0.07046651095151901, -0.029044341295957565, 0.010116621851921082, -0.026220185682177544, 0.03740683197975159, -0.0055663748644292355, 0.00882119033485651, -0.006361018400639296, -0.024772729724645615, 0.04375006631016731, -0.035016391426324844, 0.010308447293937206, 0.003345453180372715, -0.12374333292245865, 0.0037551226560026407, -0.008832339197397232, -0.009814824908971786, 0.06796915829181671, -0.02690945565700531, -0.06735622137784958, 0.027319559827446938, -0.0018367822049185634, 0.05031290650367737, 0.23520800471305847, 0.06286610662937164, -0.01544143445789814, 0.08412531018257141, 0.05038321763277054, -0.02631164714694023, -0.03969307988882065, -0.00903485156595707, -0.008364223875105381, -0.015133010223507881, 0.015848180279135704, 0.028196606785058975, 0.011834179051220417, -0.01318682637065649, 0.009187695570290089, 0.0033603159245103598, -0.05027779936790466, 0.016839858144521713, 0.05597158893942833, -0.035159215331077576, -0.005299864336848259, -0.024906057864427567, 0.0003332752676215023, 0.03499682992696762, -0.06646151840686798, -0.014221870340406895, -0.004997885320335627, 0.006217752117663622, -0.012520644813776016, 0.02465149573981762, -0.0005660558817908168, 0.035346612334251404, 0.05016344413161278, -0.0037422236055135727, -0.025972241535782814, -0.03617183864116669, 0.017065735533833504, -0.021457521244883537, -0.010983513668179512, 0.0677838921546936, 0.002439321018755436, -0.038864411413669586, 0.03519390895962715, 0.028178077191114426, -0.027678344398736954, -0.04845791310071945, -0.02268178015947342, 0.0019078238401561975, -0.002493074396625161, -0.008765836246311665, 0.003205134067684412, -0.04774245247244835, -0.008930341340601444, -0.012654068879783154, 0.02325429767370224, -0.027983691543340683, -0.024938004091382027, 0.012791074812412262, -0.002792180050164461, -0.011879961006343365, 0.0014260715106502175, -0.009193786419928074, 0.015504647046327591, 0.0015678033232688904, -0.0052275159396231174, 0.01947469636797905, -0.004667248111218214, -0.011298048309981823, 0.012316830456256866, 0.04409008100628853, -0.04740043357014656, 0.016023125499486923, 0.005479641258716583, 0.03103131800889969, -0.019251227378845215, -0.01454398687928915, 0.03694954887032509, 0.04163833335042, -0.031761735677719116, 0.02867691032588482, -0.01357944030314684, 0.020269116386771202, -0.04638592526316643, 0.024404851719737053, 0.003133593127131462, -0.017750250175595284, -0.025270596146583557, 0.07870104908943176, -0.0037854721304029226, 0.03657510131597519, -0.02739456482231617, -0.011127959936857224, -0.015755319967865944, 0.02117125131189823, -0.030533544719219208, 0.01986049860715866, 0.007475140038877726, 0.011762889102101326, -0.02531760185956955, 0.01700173132121563, -0.03656585142016411, -0.08034351468086243, -0.0014791734283789992, -0.07503561675548553, 0.02152554877102375, -0.0147746866568923, 0.02901831455528736, 0.00664861872792244, 0.0020023484248667955, -0.004616023972630501, -0.0889177992939949, 0.032115474343299866, -0.014785542152822018, -0.032284632325172424, 0.016633640974760056, 0.017429279163479805, 0.022065045312047005, 0.01621878892183304, 0.04272494837641716, 0.014409538358449936, -0.03486314415931702, -0.020020926371216774, -0.01243933942168951, 0.03539171814918518, -0.008194172754883766, -0.023484673351049423, -0.009439902380108833, 0.006717242766171694, -0.05758015811443329, 0.02740708738565445, 0.035670503973960876, -0.004788435064256191, -0.003236917080357671, 0.026059595867991447, 0.04067341983318329, -0.007002812810242176, -0.0005682938499376178, 0.05114710330963135, 0.03870512917637825, 0.013521089218556881, -0.06890667974948883, -0.023239130154252052, -0.019422467797994614, 0.01304465252906084, 0.013220402412116528, 0.00946903508156538, 0.05707981809973717, 0.03032703511416912, 0.0008954333025030792, 0.0007085599936544895, 0.022671859711408615, 0.04440711438655853, -0.013701662421226501, -0.0205985140055418, 0.0017855805344879627, -0.07908353209495544, 0.0034229671582579613, -0.014323348179459572, -0.021146636456251144, 0.006048513576388359, 0.00501085352152586, 0.00917146261781454, 0.02468389831483364, 0.06067688763141632, 0.0044772508554160595, -0.00559611851349473, -0.0777224600315094, 0.026499068364501, 0.004514350090175867, -0.0178301353007555, 0.04892194643616676, -0.012013664469122887, -0.062404531985521317, 0.003947751130908728, -0.023408036679029465, -0.011127486824989319, -0.06056767329573631, 0.029307270422577858, 0.006629705894738436, -0.05452892556786537, -0.014970648102462292, -0.01587739773094654, -0.03573883697390556, -0.07619781792163849, 0.04731925576925278, -0.007131162565201521, -0.014020150527358055, 0.009523646906018257, 0.031781911849975586, -0.05976380780339241, -0.06773880124092102, 0.11029821634292603, 0.014696993865072727, -0.009655187837779522, 0.04608936235308647, -0.008627092465758324, 0.030192429199814796, 0.01826128177344799, -0.004998727701604366, -0.003243436571210623, 0.01810714229941368, 0.04921149089932442, -0.019077125936746597, 0.019512398168444633, -0.03706296160817146, -0.024932190775871277, -0.022833263501524925, 0.03552555665373802, 0.0022844020277261734, 0.0543472059071064, -0.019853590056300163, 0.03383290395140648, -0.027883397415280342, 0.0014732382260262966, 0.04696449637413025, 0.006078740116208792, 0.11977959424257278, 0.0037286081351339817, 0.015409248881042004, -0.03365106135606766, -0.0024782675318419933, -0.004483615979552269, -0.016611283645033836, -0.03706724941730499, -0.010642100125551224, 0.010329097509384155, 0.04154999554157257, -0.04985114187002182, -0.04273008555173874, 0.02136589214205742, -0.0120367631316185, 0.008972182869911194, 0.029164643958210945, -0.011851726099848747, 0.030337853357195854, -0.03417837619781494, -0.009721677750349045, 0.04896549507975578, 0.012641112320125103, -0.021812230348587036, 0.0014620200963690877, -0.0011360634816810489, 0.057341065257787704, 0.04412880539894104, 0.02520674653351307, 0.020485790446400642, -0.04358849674463272, 0.010550235398113728, -0.009885841980576515, -0.01456623524427414, -0.019434792920947075, 0.0028701447881758213, 0.036691732704639435, -0.03789550065994263, -0.03469482436776161, 0.03973037004470825, 0.01175574492663145, 0.011190475896000862, -0.04430835694074631, -0.010059933178126812, -0.023316917940974236, -0.002356494776904583, -0.00471146684139967, -0.019396813586354256, 0.010525788180530071, -0.05017165094614029, 0.05169129744172096, -0.06447310000658035, -0.03255405277013779, -0.011655407026410103, 0.017340941354632378, 0.007749051321297884, -0.024287281557917595, -0.024616653099656105, 0.06252522766590118, -0.005005494225770235, 0.011292851530015469, -0.018246876075863838, 0.058614954352378845, -0.009502336382865906, -0.03140129894018173, -0.05327228084206581, 0.016437334939837456, -0.00396926561370492, 0.005968654993921518, 0.0031992157455533743, 0.07109130918979645, 0.013080217875540257, 0.030925078317523003, -0.054606977850198746, -0.022255415096879005, 0.016457930207252502, -0.039173319935798645, 0.025098251178860664, -0.003011301625519991, -0.03897750750184059, -0.024224532768130302, 0.04304428771138191, 0.013945145532488823, 0.019611800089478493, -0.018066629767417908, 0.019262444227933884, -0.008474888280034065, -0.034504394978284836, 0.020568065345287323, 0.04460855573415756, -0.0012567242374643683, 0.00415287259966135, 0.03857859969139099, 0.013696222566068172, 0.027838781476020813, -0.04394107684493065, -0.01269342377781868, 0.00365398358553648, 0.04399699345231056, 0.00973097700625658, 0.024482281878590584, 0.01554376445710659, -0.003421719651669264, -0.010659887455403805, -0.008395187556743622, -0.02036621794104576, 0.012119097635149956, -0.02064267173409462, -0.05441799759864807, 0.003308824496343732, 0.01862064190208912, -0.037259798496961594, -0.03475552797317505, -0.01690334640443325, 0.012236155569553375, 0.010705945082008839, -0.024973727762699127, -0.019495781511068344, 0.007604016922414303, 0.006450692191720009, 0.014638183638453484, 0.0016454273136332631, 0.04011962190270424, 0.026210682466626167, -0.014777032658457756, -0.03835926204919815, 0.029061302542686462, -0.015540997497737408, -0.01020829938352108, -0.010822408832609653, -0.004730922635644674, 0.008827772922813892, 0.001470182090997696, -0.017565477639436722, -0.03345287963747978, -0.0034229238517582417, -0.0007876463932916522, -0.05657960847020149, -0.010890007019042969, -0.04754744470119476, 0.019477374851703644, 0.03949617221951485, 0.01092660240828991, -0.002331398893147707, -0.039963409304618835, 0.03423485904932022, -0.018230563029646873, -0.045896198600530624, 0.001675792969763279, 0.040084537118673325, 0.02366754226386547, 0.01575484313070774, 0.00838647410273552, -0.0038154697977006435, -0.005158469546586275, 0.05455036461353302, -0.03287864476442337, 0.013396969065070152, 0.0008257106528617442, 0.0181147251278162, -0.0502474345266819, -0.013402950018644333, -0.00714220991358161, -0.040362611413002014, 0.0004182783013675362, -0.051266323775053024, -0.07734215259552002, -0.02890971675515175, -0.006083339918404818, -0.025601794943213463, 0.009828631766140461, -0.004643713589757681, 0.018336527049541473, 0.02344640903174877, -0.006976849399507046, -0.037427838891744614, -0.007277917116880417, -0.014989214949309826, -0.14982165396213531, -0.003255350049585104, 6.40886282781139e-05, 0.010000034235417843, -0.04839171841740608, 0.0046643768437206745, -0.03066658414900303, -0.036775484681129456, 0.055302031338214874, -0.020581630989909172, -0.04407627880573273, -0.03338852524757385, 0.062038272619247437, -0.01200643740594387, 0.031689517199993134, 0.013058912940323353, 0.016821058467030525, -0.00181699194945395, -0.02368253841996193, 0.006483180448412895, -0.03442378714680672, 0.0024679377675056458, 0.051376502960920334, -0.0474918931722641, -0.0029159996192902327, 0.02675280161201954, -0.020335568115115166, 0.04340533912181854, -0.018006330356001854, -0.022125832736492157, 0.016711119562387466, -0.041558731347322464, 0.0410926528275013, 0.02554299496114254, -0.015529639087617397, 0.02583252266049385, 0.0273636132478714, 0.02648208849132061, -0.036325715482234955, 0.013918295502662659, 0.009880291298031807, -0.0019596675410866737, -0.031910836696624756, -0.02323027141392231, 0.04238426685333252, 0.03163231909275055, -0.022888772189617157, -0.025202037766575813, -0.03412596508860588, 0.013862230814993382, 0.022566301748156548, 0.028591858223080635, 0.020781178027391434, 0.033508386462926865, -0.0012610458070412278, 0.0018866565078496933, 0.016334205865859985, 0.012163739651441574, -0.06385335326194763, 0.03193778544664383, -0.027618996798992157, 0.02617514692246914, -0.052296221256256104, -0.03336379677057266, 0.021835241466760635, -0.009100904688239098, -0.06854025274515152, -0.0020949579775333405, 0.013384810648858547, 0.0045656017027795315, -0.04088020697236061, -0.0006460705772042274, -0.004133520182222128, -0.014833301305770874, 0.00992965791374445, -0.008802162483334541, 0.01663423702120781, -0.006924809888005257, -0.0656462088227272, 0.013228547759354115, -0.04302279278635979, -0.012421092949807644, -0.04906323179602623, 0.02410406433045864, 0.0075767431408166885, 0.015118253417313099, 0.0007892369758337736, 0.010990756563842297, 0.004117613658308983, -0.0016323912423104048, -0.022469092160463333, -0.011273451149463654, 0.021699151024222374, -0.00414950679987669, -0.006519371178001165, -0.002136295661330223, 0.012633448466658592, -0.013407181017100811, 0.019604571163654327, -0.047073520720005035, -0.007855411618947983, -0.05497309938073158, 0.020441746339201927, 0.01868036948144436, -0.04015161842107773, 0.024063292890787125, 0.04095782712101936, -0.0062499381601810455, -0.02059256285429001, -0.006119656842201948, -0.038996390998363495, 0.04027364403009415, -0.051314692944288254, 0.015127632766962051, -0.04597992077469826, -0.028574340045452118, 0.030243225395679474, 0.014694014564156532, -0.04642311483621597, -0.022468259558081627, -0.0026907615829259157, 0.013127055950462818, 0.0343930646777153, -0.03775444254279137, 0.040105875581502914, 0.038889795541763306, 0.05994720011949539, 0.02931460738182068, 0.018252689391374588, 0.019393064081668854, 0.014242256060242653, -0.014376666396856308, -0.009244906716048717, 0.04017212241888046, 0.051818788051605225, 0.006318432278931141, -0.011845282278954983, 0.027791960164904594, -0.014643305912613869, -0.05033155530691147, -0.028946736827492714, -0.060902565717697144, -0.003213422605767846, -0.03688963130116463, -0.029146188870072365, 0.039440520107746124, 0.03760405629873276, -0.007572271395474672, -0.0005241555045358837, -0.03190761059522629, 0.0015651165740564466, 0.037291012704372406, 0.0006244897376745939, 0.027472274377942085, -0.03119182400405407, 0.02609063871204853, -0.06463675200939178, 0.008341849781572819, -0.009533405303955078, -0.0045535992830991745, -0.03163739666342735, -0.009529899805784225, -0.0009252735180780292, -0.017329055815935135, 0.00515782181173563, -0.026051709428429604, -0.02877180278301239, 0.007244481705129147, 0.005238627549260855, 0.020297061651945114, -0.03191658854484558, 0.04532510042190552, -0.011994738131761551, -0.02998201921582222, 0.045769818127155304, -0.0173200536519289, 0.026529580354690552, -0.02926943078637123, 0.0375501848757267, 0.033722128719091415, 0.0451013520359993, -0.002120607066899538, 0.014705212786793709, -0.009965002536773682, 0.05584364011883736, 0.022074652835726738, -0.005124067887663841, 0.014122462831437588, -0.0020361412316560745, -0.03333355858922005, -0.01830371469259262, 0.0005469953757710755, 0.03671975061297417, -0.01875457353889942, 0.017374835908412933, -0.03169259428977966, -0.022132446989417076, 0.010351782664656639, -0.008821685798466206, 0.07014058530330658, -0.031978171318769455, 0.04575696960091591, -0.007343169301748276, -0.022405631840229034, 0.022240277379751205, -0.013517837971448898, -0.059008993208408356, 0.04780803620815277, 0.006055230274796486, -0.009442473761737347, 0.009972433559596539, 0.029699845239520073, -0.03590426966547966, 0.033495258539915085, -0.01321043074131012, -0.008986995555460453, 0.016926445066928864, 0.01450317818671465, 0.0005556418327614665, 0.020153554156422615, 0.026411108672618866, 0.0005874211783520877, 0.021775206550955772, -0.026566172018647194, 0.002026105998083949, -0.03156551718711853, 0.015240229666233063, -0.022200582548975945, 0.004013689234852791, 0.016708850860595703, -0.08648894727230072, -0.02056853286921978, 0.012159500271081924, 0.0327850803732872, -0.04242341220378876, 0.004739625379443169, 0.026517169550061226, 0.013708953745663166, -0.023647291585803032, 0.01751638762652874, -0.0018461603904142976, -0.013852722942829132, -0.020866379141807556, -0.03211509808897972]",
